insee,local
,0.0
01000,0.0
01001,0.46466873980561435
01002,0.2713102005351852
01004,0.033313939716125646
01005,0.3323198121558066
01006,0.21538032861842557
01007,0.10164285052364411
01008,0.16143092353557187
01009,0.08666351192396705
01010,0.04902027732967539
01011,0.304270240414871
01012,0.24685873755067023
01013,0.17963300444777974
01014,0.0967581754401805
01015,0.15964740276671666
01016,0.806950925052939
01017,0.1371117918337655
01019,0.16241529595889279
01021,0.5340210254596206
01022,0.07816172535456127
01023,0.9135074485515308
01024,0.29626158650999773
01025,0.44702092151585304
01026,0.8144423325577956
01027,0.952196449012871
01028,0.6915488003277026
01029,0.29760070596243865
01030,0.8952795836556507
01031,0.22596913671872235
01032,0.9449788731488861
01033,0.032801060217903175
01034,0.030129541170684695
01035,0.265977868395555
01036,0.030768562434159936
01037,0.13052752303775306
01038,0.6143067838623036
01039,0.12622841726997241
01040,0.5849358417707042
01041,0.18815736409109185
01042,0.8625116266249213
01043,0.6271876429159833
01044,0.06863767028086881
01045,0.09704747009419643
01046,0.7078062886822931
01047,0.95909006535597
01049,0.8196204198175127
01050,0.7052898873776047
01051,0.7416929861896374
01052,0.4563067031147329
01053,0.110628719000797
01054,0.9537597051340009
01056,0.2608363775838633
01057,0.8778936489918665
01058,0.3024530098070886
01060,0.1072343004098933
01061,0.2581683756655056
01062,0.9453141281822145
01063,0.2782821594860319
01064,0.05513109083612659
01065,0.3982962399506901
01066,0.12418918264140849
01067,0.8266895976595183
01068,0.41027289826230945
01069,0.7224206687251262
01071,0.09793913046417442
01072,0.7509391254838226
01073,0.08279328429434683
01074,0.09204442788786016
01075,0.6233978631229984
01076,0.280611211852507
01077,0.7204715921199207
01078,0.18031235798175857
01079,0.03880266090899147
01080,0.09083049660188136
01081,0.1554890646773681
01082,0.06985375512619174
01083,0.6653361417322593
01084,0.3923975457662182
01085,0.048234406225795244
01087,0.27551896022419287
01088,0.11718868336813323
01089,0.22043747257363697
01090,0.24373245952446776
01092,0.10907277575963212
01093,0.08813748339174085
01094,0.6350239175531872
01095,0.6728927595800575
01096,0.32301199013925747
01098,0.02578313973759983
01099,0.09049397411911916
01100,0.08446908901330655
01101,0.2848172820339832
01102,0.7904381982379008
01103,0.2126607679605544
01104,0.22768404250581317
01105,0.18577756292315478
01106,0.7584431835404631
01107,0.16976149980517857
01108,0.2010666485759571
01109,0.09206622212424251
01110,0.1962198144587787
01111,0.1775286714047568
01112,0.17039481215665017
01113,0.4818913434379903
01114,0.20091320180586514
01115,0.44151681294331685
01116,0.06560146735542217
01117,0.28119135381001475
01118,0.04757391480502581
01121,0.24918274424959455
01123,0.8998799826642475
01124,0.20706893354497305
01125,0.5652571135912495
01127,0.643032669078935
01128,0.4053412356302738
01129,0.11565925327551711
01130,0.22870777285251223
01133,0.17501651617511818
01134,0.7784179445773745
01135,0.07926252726279823
01136,0.7728981783724779
01138,0.0622387317343686
01139,0.38672322036158163
01140,0.4109628584671797
01141,0.0364110526129556
01142,0.8915699938639728
01143,0.02319508954569346
01145,0.5155874240910377
01146,0.6096322106062537
01147,0.38024811759460136
01148,0.20020984030238678
01149,0.22840831851098486
01150,0.8256578312424114
01151,0.41297389300814324
01152,0.1945145566322458
01153,0.047951544944504036
01154,0.0
01155,0.2407836183397563
01156,0.1401579907176761
01157,0.6413366869860524
01158,0.14180664750368716
01159,0.7733694455581146
01160,0.16926580949601747
01162,0.11963961379048742
01163,0.19378350118567153
01165,0.6201653798872132
01166,0.7551812192247209
01167,0.8059253774449212
01169,0.732795478289334
01170,0.3446931272785947
01171,0.40903441824310727
01173,0.027399972655119575
01174,0.30555097195613656
01175,0.7507591224397154
01177,0.7798760115453427
01179,0.8636793014764239
01180,0.30613949271992535
01181,0.17922484527048313
01183,0.5688551202500779
01184,0.6663787632399656
01185,0.0389989441573488
01187,0.09375709194800674
01188,0.69290517273525
01189,0.04006765727589342
01190,0.16788565850843848
01191,0.22358993801135427
01192,0.18761918390956533
01193,0.4546323073071769
01194,0.7353907152236725
01195,0.7494915511653324
01196,0.2463352093692611
01197,0.8016921349963569
01198,0.1755974909300064
01199,0.27339634642241256
01200,0.6855969092589943
01202,0.03583848694129528
01203,0.7725584898372855
01204,0.16020129822351742
01206,0.19722845119221535
01207,0.37083969235235603
01208,0.14157178885032104
01209,0.18168347011378516
01210,0.14211623947635024
01211,0.479074346832229
01212,0.16890482577385704
01213,0.1263243891789712
01214,0.7315154223925049
01215,0.07233669530697885
01216,0.14863202264535433
01219,0.07028545162051866
01224,0.9642478962436934
01225,0.6829941336758152
01227,0.12245913868729774
01228,0.4366688125466583
01229,0.4074188546676991
01230,0.34096251980995257
01231,0.773916217381805
01232,0.43124649256525016
01233,0.15873442345461578
01234,0.10814505060776691
01235,0.09065544156700028
01236,0.5622944200462445
01237,0.13137627815339145
01238,0.2737479086172091
01239,0.2208164997152955
01240,0.42857044906944114
01241,0.6564643270588485
01242,0.5996819487191792
01243,0.6235125166789917
01244,0.051413841200089946
01245,0.6403633826734365
01246,0.45548586797235924
01247,0.1288066926236292
01248,0.2475214240553247
01249,0.6055752761485371
01250,0.5117097825225729
01252,0.7378475019778912
01254,0.5553013428248711
01255,0.05200216871742584
01257,0.22032274323778303
01258,0.6179303496544706
01259,0.5081317257006195
01260,0.09147732928665668
01261,0.2357844015326304
01262,0.8239166411011689
01263,0.43099646307641537
01264,0.45139864945705127
01265,0.0839117127267358
01266,0.20462585072462403
01267,0.3439488842715106
01268,0.547521934728901
01269,0.15216867856259195
01272,0.3691570423363792
01273,0.48622253385602265
01274,0.2837833747251987
01275,0.6851551900708281
01276,0.9119530630400393
01277,0.20453527135274657
01279,0.2114203839983397
01280,0.07333751504808549
01281,0.23579611410750653
01282,0.09230975471761178
01283,0.1331352184617899
01284,0.8353404323884553
01285,0.2993218727566435
01286,0.29875524337716114
01288,0.08721675971337975
01289,0.27001664730079217
01290,0.9605399317042091
01291,0.65069962382429
01293,0.6452586981497277
01294,0.4776457608398097
01295,0.768540180778226
01296,0.5745659696681354
01297,0.9531853304644768
01298,0.25444268150156346
01299,0.06655118051161898
01301,0.30726548936448583
01302,0.13545219963810207
01303,0.3822963520613212
01304,0.21792890397570613
01305,0.6359549740774444
01306,0.8437678522483836
01307,0.2738038714192309
01308,0.20110779969596024
01309,0.6557361662941527
01310,0.31872140783761715
01311,0.10855463883824246
01313,0.07220925577431651
01314,0.19579290668560398
01317,0.867221586556948
01318,0.3553336923211623
01319,0.5378701223889222
01320,0.6538746790927388
01321,0.714143216173392
01322,0.2258864244616411
01323,0.7780821616311936
01325,0.1051692186808971
01328,0.21942069493596209
01329,0.08110703074808279
01330,0.24757965301170237
01331,0.7034805901616413
01332,0.7987144899801242
01333,0.24676113555608772
01334,0.7145717287088418
01335,0.3613749131533996
01336,0.5482602722159975
01337,0.6484372560788128
01338,0.1787476844202282
01339,0.5224991174391763
01342,0.9260567311145989
01343,0.6150271092723683
01344,0.39169687907963857
01345,0.1895101035283734
01346,0.6132231502696743
01347,0.4958621555737598
01348,0.5982241281346046
01349,0.13354738839906669
01350,0.5262645123746201
01351,0.6453192888312225
01352,0.6336073949785472
01353,0.5588457624931601
01354,0.07789199337022955
01355,0.6874590387947032
01356,0.2861018453102796
01357,0.2738998264055614
01358,0.1064311347520346
01359,0.2659726393894918
01360,0.1416621915859229
01361,0.9562382240969245
01362,0.2992895861914959
01363,0.1836198828525565
01364,0.5507357720855856
01365,0.7845549363295015
01366,0.1111111111111111
01367,0.2675914749783892
01368,0.730100674856785
01369,0.8094961385028698
01370,0.9092902804517519
01371,0.18538715840535164
01372,0.05084377019819942
01373,0.13549128816500067
01374,0.3399156615446004
01375,0.4593062735177326
01376,0.7753843378852378
01378,0.9540678484901046
01379,0.18738476641827403
01380,0.277197264839721
01381,0.22187325141903586
01382,0.47940765687755277
01383,0.371065565758203
01384,0.09679732172005334
01385,0.5164881739138157
01386,0.08192055485154556
01387,0.6758052169570425
01388,0.3158131614367097
01389,0.40947943600848846
01390,0.9611330620870592
01391,0.6945933689278747
01392,0.3493815546709587
01393,0.13737648351125947
01396,0.13089858695955908
01397,0.4290204462222996
01398,0.39465920063963605
01399,0.3518239213201098
01400,0.0747180484481971
01401,0.13512544129373671
01402,0.7326337769056944
01403,0.08753145055872173
01404,0.7448742172876538
01405,0.5383398719662622
01406,0.7584031933217875
01407,0.16472503937788838
01408,0.7224007095670784
01410,0.6322931902416923
01411,0.16346570836630644
01412,0.49135733041388885
01415,0.10545498476742327
01416,0.10762973857094296
01418,0.8648098223890204
01419,0.0711300632141656
01420,0.7756938259917062
01421,0.12450142321839747
01422,0.6734051220800537
01423,0.4245429637799512
01424,0.7559087543725886
01425,0.6897327951729099
01426,0.37981861402711026
01427,0.29526101490030676
01428,0.7902830495797454
01429,0.4443230330546332
01430,0.3384526839296345
01431,0.11600673861745044
01432,0.6693035201441851
01433,0.5416233098989182
01434,0.10916008174849935
01435,0.30130009258201335
01436,0.10149284137989249
01437,0.7838276328140985
01439,0.9553122242294173
01441,0.06797418076810263
01443,0.04484324280023123
01444,0.08260004236974905
01445,0.5650191894666053
01446,0.5460598075297387
01447,0.6896745932244703
01448,0.12058080550187267
01449,0.13954818784033468
01450,0.04271708360288196
01451,0.2085019283297708
01452,0.050753173954092616
01453,0.08447776175237924
01454,0.26913855309169016
01456,0.09444743074085242
01457,0.38340761342062213
01600,0.0
01800,0.0
02001,0.4014347225309157
02002,0.5748284331500492
02003,0.7454937686862071
02004,0.19398275385198424
02005,0.6112499248615235
02006,0.741429036680235
02007,0.6889084042416628
02008,0.8001940924175792
02009,0.9237714874461009
02010,0.7874538645648587
02011,0.13085831378501173
02012,0.8548422593871016
02013,0.27572100939852534
02014,0.3109777427507861
02015,0.03701638125028295
02016,0.2606644158291694
02017,0.7318187490544862
02018,0.46574107312793855
02019,0.8810560603313021
02020,0.18419305803999123
02021,0.3951586338834318
02022,0.7009721246889793
02023,0.48281024695959107
02024,0.8163443331311737
02025,0.9009636677078502
02027,0.5928535942904372
02028,0.6142544171378722
02029,0.9218270187580165
02030,0.8069362688958601
02031,0.16289520484018927
02032,0.8948434295020666
02033,0.7318972696110594
02034,0.792104910922252
02035,0.08986224533002223
02036,0.7975937068451193
02037,0.6033260704819992
02038,0.23961567545914841
02039,0.4966454160366048
02040,0.5748892050717669
02041,0.2925863081407876
02042,0.7491008825520136
02043,0.7461898155422685
02044,0.447233994924694
02046,0.7767813806955554
02047,0.7700197135027453
02048,0.7223069958758053
02049,0.13932234514562356
02050,0.2989735905640278
02051,0.40326993461423877
02052,0.7395763846597979
02053,0.24539615438810963
02054,0.19692760142230933
02055,0.3078786959802069
02056,0.5746714992496559
02057,0.833443438375947
02058,0.3808128228095621
02059,0.3544464953227189
02060,0.940168334515356
02061,0.6570148365269372
02062,0.6124183038860772
02063,0.9237823215050703
02064,0.9326158698064686
02065,0.8755711281834323
02066,0.930732672195225
02067,0.25827026876675396
02068,0.17985233595008474
02069,0.19687195519296405
02070,0.9038319325262395
02071,0.175466975024062
02072,0.6748545641034841
02073,0.7273249156631102
02074,0.44894733872776305
02075,0.9376517201883025
02076,0.5728827976959755
02077,0.33692247024994104
02078,0.6088779011515522
02079,0.3082264172617533
02080,0.7772590617580336
02081,0.5995163297179376
02082,0.7535556929739737
02083,0.30703218748188127
02084,0.570785823672007
02085,0.43302215662012
02086,0.2692953036714381
02087,0.7343260561342385
02088,0.84991972259535
02089,0.8396472189069616
02090,0.09153582902000958
02091,0.3883599097677236
02093,0.3688872050706575
02094,0.4892758625305384
02095,0.5793935485977212
02096,0.4550396760850313
02097,0.14268919584862627
02098,0.6898784622501579
02099,0.4664366343182944
02100,0.8972479147392336
02101,0.14168010823850075
02102,0.7374450944844154
02103,0.0792623164688399
02104,0.8029049717600134
02105,0.6198152522556997
02106,0.5132967379224788
02107,0.627095048660841
02108,0.6810283566427828
02109,0.40507489406946895
02110,0.4607348551599381
02111,0.6958644917714129
02112,0.8671180444495444
02114,0.740421170780861
02115,0.7308984745083572
02116,0.39182544488715026
02117,0.9235029296751319
02118,0.7865049895866187
02119,0.5205329355567154
02120,0.6876365989880436
02121,0.042209344257946445
02122,0.6117142740369016
02123,0.8870914085004291
02124,0.9082855626551074
02125,0.05760313196071217
02126,0.12629780725619089
02127,0.3800451112159742
02128,0.5638963406292424
02129,0.1650513152710304
02130,0.7404618640824377
02131,0.6848421533082587
02132,0.6417963892117599
02133,0.3680561525061136
02134,0.6426622317940021
02135,0.19949138668976252
02136,0.13399824144315386
02137,0.616909919462656
02138,0.36072898956236094
02139,0.5813346504889207
02140,0.5508644083371553
02141,0.39865325570957144
02142,0.9507056747100808
02143,0.8808414274533003
02144,0.939804650852744
02145,0.36724198707826394
02146,0.44478441414763326
02148,0.7650869955031189
02149,0.9440116688862079
02150,0.9289782131126252
02151,0.7657753923503271
02152,0.7890310952234065
02153,0.5024838666458169
02154,0.7782964846100588
02155,0.6522666334821456
02156,0.5402343533992483
02157,0.7533052875178702
02158,0.9246842561109567
02159,0.23244646505765437
02160,0.14672554068907362
02162,0.669988278817533
02163,0.27255662380518364
02164,0.5690822150876557
02165,0.14354096625641133
02166,0.3893360346865026
02167,0.5992894871612526
02168,0.20042200045397496
02169,0.35324490262177816
02170,0.9369738464893925
02171,0.49300678247141266
02172,0.19994496309925383
02173,0.19221742631281163
02174,0.7163467725072531
02175,0.8081015489924523
02176,0.7451742138200098
02177,0.8205923360455222
02178,0.8711350769719718
02179,0.11659556778574369
02180,0.6009042274986315
02181,0.19676623764374654
02182,0.14006007153052938
02183,0.7086473022616195
02184,0.24334155264966523
02185,0.035942435087529354
02186,0.48438560623010346
02187,0.6011841976228671
02188,0.11451861830129328
02189,0.7318614270383508
02190,0.7332284545075974
02191,0.8217098479656764
02192,0.05043410578563175
02193,0.2580381721609242
02194,0.16055265605753852
02195,0.655346590978197
02196,0.7078589318945623
02197,0.554796060316082
02198,0.7533502882546076
02199,0.8852567970835955
02200,0.22644251708746957
02201,0.07135643972142612
02203,0.26013193773112214
02204,0.41825140693547563
02205,0.8204979602645829
02206,0.19136745916910136
02207,0.41841320578515695
02208,0.712928559535005
02209,0.36836556753186395
02210,0.7857837028723214
02211,0.5414266501219013
02212,0.6283836476503398
02213,0.45282629865259943
02214,0.9489030812589304
02215,0.38994464152190556
02216,0.03865158113598774
02217,0.49974330954709445
02218,0.6205336552785973
02219,0.7127042387653735
02220,0.07388086340135606
02221,0.6129737149320046
02222,0.6646232609085498
02223,0.5869310823625523
02224,0.7607302770729899
02225,0.05031147911187132
02226,0.5348367481669767
02227,0.46689063568179184
02228,0.40556327527006253
02229,0.7810008568273171
02230,0.7951532313099922
02231,0.44091158093870964
02232,0.019704579352614684
02233,0.7286626891542864
02234,0.7023416923149676
02235,0.5789254929102955
02236,0.7023277770760964
02237,0.30827351160378325
02238,0.4064445008983063
02239,0.47491098296625733
02240,0.9215989447759716
02241,0.5152525183255591
02242,0.48169412894457514
02243,0.6712879464456949
02244,0.1316893655476593
02245,0.7262786344761201
02246,0.8216148203737613
02248,0.4764565559555061
02249,0.8148103903272749
02250,0.28033074297207455
02251,0.3209570868881077
02252,0.5827247840422072
02253,0.72201028687075
02254,0.13333085034580763
02255,0.82250574165772
02256,0.4265380997595673
02257,0.9499937411554087
02258,0.028018404990834925
02259,0.019652093543532513
02260,0.47082726206363845
02261,0.580856925212817
02262,0.27953543516194057
02263,0.7198377426961964
02264,0.042041467506781074
02265,0.30415853163450124
02266,0.48824833348826185
02267,0.15040162527485496
02268,0.49247807002720984
02269,0.2194695459968764
02270,0.922903530819433
02271,0.20618776938280772
02272,0.7822136097064525
02273,0.9095654517197997
02274,0.4344718953629202
02275,0.5949404329470558
02276,0.4485195110638416
02277,0.6926478805975101
02278,0.829852343044592
02279,0.29613247739031806
02280,0.49078669165765076
02281,0.6441625572103293
02282,0.8147711014122937
02283,0.4447272254913725
02284,0.5388882579855112
02286,0.1512707910842954
02287,0.8972776291680077
02288,0.9325222845699985
02289,0.574204485416071
02290,0.4506853674265207
02291,0.8560082477552364
02292,0.759043558172652
02293,0.8646021770726531
02294,0.7412774213957889
02295,0.3909890575486928
02296,0.8722370557230056
02297,0.7231318642449328
02298,0.06220514596632941
02299,0.23396403104067223
02302,0.029219593289402823
02303,0.9650472594811146
02304,0.3715501926437613
02305,0.1396106761523447
02306,0.47215019426878635
02307,0.019217850233959964
02308,0.19183637816351082
02309,0.7242770576914458
02310,0.9087096577546434
02311,0.7916353381486908
02312,0.38208990803356524
02313,0.146205205429412
02315,0.7816500527711461
02316,0.032117536084996894
02317,0.9279481315783367
02318,0.13542824031178413
02319,0.9196225682705003
02320,0.9460181550030852
02321,0.20746806414143665
02322,0.9245870885423263
02323,0.9253716280464312
02324,0.3522461712903173
02326,0.6978495228693208
02327,0.9055397242380969
02328,0.43092618436841806
02329,0.4915330647399895
02330,0.9648800811890657
02331,0.1531312145974071
02332,0.4878448540899514
02333,0.33430243978358487
02334,0.7599700917559927
02335,0.5288149077195966
02336,0.7742221397901634
02337,0.5334300795934735
02338,0.688903618645021
02339,0.07816264199277995
02340,0.9539036231199711
02341,0.2976455847319654
02342,0.5845507801728949
02343,0.9249308475317933
02345,0.9178729678852284
02346,0.6731660815889928
02347,0.6631840245317314
02349,0.7215131899032112
02350,0.6252379504612918
02351,0.10761828483798862
02352,0.8329175818409271
02353,0.7496777150375934
02354,0.027390966776409426
02355,0.9445671948081973
02356,0.4822224659915386
02357,0.32390705060637487
02358,0.4279284924897708
02359,0.9510582646477689
02360,0.12056452147231582
02361,0.07943392473147322
02362,0.3399436123608353
02363,0.5060884615636946
02364,0.5735045425118493
02366,0.15527321267611002
02367,0.9351183497902746
02368,0.01939534506963803
02369,0.2561308986643052
02370,0.8741426079938749
02371,0.963372802334554
02372,0.20729614433529428
02373,0.040652218700603655
02374,0.9451068788837816
02375,0.05120215153645785
02376,0.9192647728481629
02377,0.3742237417018149
02378,0.6200813997514552
02379,0.1167178084322962
02380,0.9294548237037081
02381,0.07944147182261041
02382,0.9144053798361094
02383,0.8901317996897348
02384,0.19855338187351332
02385,0.14647892580441277
02386,0.24283274755583922
02387,0.9154856355816534
02388,0.28868755165410537
02389,0.42215237877595047
02390,0.8954062975488852
02391,0.4805141260677983
02392,0.891570059590255
02393,0.7642708985565557
02395,0.7407874742255272
02396,0.5503464311351386
02397,0.8208001468900744
02398,0.7585321879681455
02399,0.283681072937488
02400,0.7744297747777648
02401,0.2791716473176164
02402,0.9384003291456344
02403,0.19327924407172903
02404,0.4337008630108748
02405,0.48184329281034466
02406,0.7114322925908562
02407,0.6721009529573786
02408,0.10512398577263563
02409,0.25489369359219144
02410,0.018460379339210506
02411,0.04571641770763152
02412,0.8122256857682857
02413,0.7621408469774749
02414,0.10968292996516885
02415,0.09179859382474796
02416,0.07916432354934395
02417,0.8608945468689844
02418,0.3799630336614427
02419,0.23785436570483529
02420,0.9391692008038635
02421,0.7783530506670091
02422,0.11743977446832245
02423,0.6630649935776032
02424,0.7768269614550795
02425,0.39309222968676766
02426,0.8932606484512093
02427,0.7500529434364639
02428,0.06910158193251029
02429,0.8241216299343339
02430,0.49504104530252363
02431,0.8581948735256006
02432,0.7197674416478668
02433,0.2683115175288712
02435,0.2193768360518134
02438,0.07604744079608022
02439,0.17648187629453999
02440,0.16774386275138625
02441,0.06196583092133846
02442,0.7434315251132303
02443,0.635836096769736
02444,0.17470173969122849
02445,0.6144189568357246
02446,0.9118216062105433
02447,0.8116265442134618
02448,0.7360153338208186
02449,0.02847075138101396
02450,0.5700592172240806
02451,0.9354445867936614
02452,0.9398487689405295
02453,0.2511822629637213
02454,0.1133983248856939
02455,0.14982418569853578
02456,0.538337072067638
02457,0.6954576712752142
02458,0.35376575105062313
02459,0.9388559764525659
02460,0.5765957287565938
02461,0.5361022045965174
02462,0.15575258502324107
02463,0.10842113140256536
02464,0.7953953281568429
02465,0.4631117677158291
02466,0.01929395479940387
02467,0.023947123492317906
02468,0.19189783200998453
02469,0.08412394765235201
02470,0.7092173659956459
02471,0.8333792949876377
02472,0.7037685154576118
02473,0.880273667793591
02474,0.8440322106207587
02476,0.6308563414883754
02477,0.45243300982991785
02478,0.7313771714658439
02480,0.5377198756074808
02481,0.9446955364608025
02482,0.7085717815964945
02483,0.9317622030029613
02484,0.46357297790954827
02485,0.2672045453176467
02486,0.7469061178794764
02487,0.7028239814764408
02488,0.7096792658394809
02489,0.6528096448313838
02490,0.7087907576213252
02491,0.07161975853246688
02492,0.5803129573443313
02493,0.7896832245696476
02494,0.16291039037604144
02495,0.2726249081960073
02496,0.032308862857764686
02497,0.49922564618193827
02498,0.6359324265224061
02499,0.690546785365351
02500,0.9092585267192457
02501,0.8171049930782256
02502,0.38711998825294985
02503,0.8924964529305605
02504,0.846983269992771
02505,0.5247274477780981
02506,0.045750441875054094
02507,0.039940609155790896
02508,0.8031481372108565
02509,0.5503693558195847
02510,0.5365571697276996
02511,0.8615512184389339
02512,0.03322835692030571
02513,0.272165980694191
02514,0.05658686357418207
02515,0.5859276198380223
02516,0.28445237130459555
02517,0.6314926038427126
02518,0.49785473631945304
02519,0.15805581425169257
02520,0.6443045339804596
02521,0.3542649428584118
02522,0.24130006984446792
02523,0.2139344490707695
02524,0.4251428844828845
02525,0.9398322747274293
02526,0.41090316941870086
02527,0.7522424305011911
02528,0.04596848295570283
02529,0.6272690724332807
02530,0.773086732256401
02531,0.6527506234372059
02532,0.892734040192679
02533,0.8249977072018659
02534,0.5710819590377652
02535,0.39794378005325315
02536,0.8298022855046913
02537,0.7858877998179996
02538,0.45344849228896666
02539,0.891731252472924
02540,0.5028377075303335
02541,0.5355799142797004
02542,0.6814610289969917
02543,0.02819200005578313
02544,0.6380828010309609
02545,0.2686348423033637
02546,0.5869005870336019
02547,0.19136208602056257
02548,0.14851292421320086
02549,0.9452095528399889
02550,0.9446007770042243
02551,0.8043028006387567
02552,0.938437258258413
02553,0.11504969183092392
02554,0.6976448617035719
02555,0.3901089258240903
02556,0.17183889849237985
02557,0.021353004515343357
02558,0.12600184140635845
02559,0.670560826427449
02560,0.7674873972939011
02561,0.7823649729009557
02562,0.6009583343955246
02563,0.8460550312280205
02564,0.8652465330254675
02565,0.689514343940633
02566,0.4111299397452512
02567,0.5639918338814155
02568,0.017701748509140715
02569,0.15061895732524802
02570,0.8833027793729773
02571,0.9629648362560509
02572,0.7705253231708525
02573,0.8380336087696278
02574,0.1795275501424944
02575,0.8462259011036577
02576,0.7638821541721452
02577,0.8274146189294936
02578,0.7387327020914766
02579,0.16426953109755668
02580,0.7000241707546075
02581,0.6457629867465988
02582,0.791773397517132
02583,0.8795944809437627
02584,0.5683594725788325
02585,0.16905413742990938
02586,0.21004370538852357
02587,0.8104940969207829
02588,0.6723253089970693
02589,0.7628557515386153
02590,0.5012986689517022
02591,0.4428641258998819
02592,0.6618568883553182
02593,0.7479404207254091
02594,0.0217094881148829
02595,0.4411595804507695
02596,0.6006068658704096
02598,0.24866746497768943
02599,0.2856405907649185
02600,0.661711844915044
02601,0.5941486086276098
02602,0.6293918256432034
02604,0.9114023894509442
02605,0.907534288759823
02606,0.14520902903013552
02607,0.36314721003575
02608,0.5035169621928166
02609,0.8398512719354059
02610,0.7806323070817142
02612,0.5269821998921431
02613,0.11387570470131175
02614,0.9376128269570109
02615,0.923935620946242
02616,0.6572228217209549
02617,0.5167712995325263
02618,0.8275325732276548
02619,0.43552251629719213
02620,0.7414385636344223
02621,0.7572837887124018
02622,0.04339907822234992
02623,0.17251039556038333
02624,0.09236030155446355
02625,0.4542840194824591
02626,0.14939309567067963
02627,0.1142652506718712
02628,0.037477089465201445
02629,0.09707562071675645
02631,0.5882976115810551
02632,0.722017386786319
02633,0.7758461533936585
02634,0.029864444800448055
02635,0.9056697126456514
02636,0.9445414089977386
02637,0.938729935388395
02638,0.608341910724158
02639,0.8825634565863644
02640,0.8858893953870055
02641,0.40822401279611603
02642,0.023879562684398413
02643,0.0956353784679154
02644,0.036379700881237716
02645,0.4958471090039903
02647,0.7433513410372862
02648,0.8350816716519073
02649,0.48782800286863093
02650,0.6557101022420518
02651,0.5450888900675713
02652,0.2343099788567252
02653,0.5995405087885337
02654,0.15318740979289763
02655,0.4252717758541202
02656,0.6901413823703069
02657,0.0761196263148789
02658,0.9409424666456584
02659,0.9452826787976855
02660,0.0349328974950811
02661,0.6870720369421265
02662,0.12643973502611652
02663,0.8650142538791106
02664,0.6000436488716946
02665,0.7410984153765364
02666,0.024557616996656068
02667,0.33233250932768243
02668,0.05011400643946358
02670,0.29666591638278195
02671,0.7709670535927988
02672,0.09023244573775775
02673,0.6863194875331278
02674,0.3894442840759573
02675,0.7527571862150899
02676,0.36576661291048884
02677,0.5696125650698075
02678,0.15323186526244031
02679,0.04503242160922955
02680,0.2557030632680135
02681,0.18205728401225182
02682,0.7327343355192795
02683,0.7670330953257205
02684,0.12516519293467981
02685,0.5638888600716455
02686,0.54958434451768
02687,0.085721717402973
02688,0.13828400603906543
02689,0.18089763022314045
02690,0.7875783601241246
02691,0.3533921873371028
02693,0.10665483022757077
02694,0.8868617807521404
02696,0.7733325236871458
02697,0.8192898218084949
02698,0.8034750620429238
02699,0.1657812951417072
02701,0.535631388611193
02702,0.9425993154593669
02703,0.8410880001569211
02704,0.6253938405031464
02705,0.14355867840665756
02706,0.8767676511992247
02707,0.460892542373584
02708,0.9242675780411794
02709,0.7909119950261448
02710,0.9090686953797593
02711,0.8105271336553971
02712,0.21885722651934403
02713,0.10024932990136756
02714,0.7929523631444448
02715,0.271026694100473
02716,0.2724804528483558
02717,0.9143362705452749
02718,0.01806003799116394
02719,0.17008765475364196
02720,0.09034695970664398
02721,0.9149280618437217
02722,0.20325548712031677
02723,0.16131484187187145
02724,0.05069974745507742
02725,0.6324661342036898
02726,0.8512396767659685
02727,0.0972880506646088
02728,0.4104318715891523
02729,0.052790255074386366
02730,0.8190730040141952
02731,0.10970163176076254
02732,0.9011034558684132
02734,0.021746303789068017
02735,0.7645492654565337
02736,0.7057498011575312
02737,0.13215611944040734
02738,0.1085863985573474
02739,0.7120899168542909
02740,0.2869450235616999
02741,0.9343764775003875
02742,0.3135161377916147
02743,0.16759113924284585
02744,0.6244479725256966
02745,0.7418338963320295
02746,0.6048652688014655
02747,0.938546583610003
02748,0.23397516666781945
02749,0.017560317003714125
02750,0.5579836077254026
02751,0.7874750799210392
02752,0.9193919028686075
02753,0.1913428400637905
02754,0.383351798470327
02755,0.6149181580447135
02756,0.9397111142216694
02757,0.12810949407460812
02758,0.42016670996047434
02759,0.12723668085374112
02760,0.7363136866449327
02761,0.5189023755753183
02762,0.7823088855442698
02763,0.7464341885699892
02764,0.6966883999745765
02765,0.7064088892356571
02766,0.7629051700297633
02767,0.7562618364499172
02768,0.6193770483409445
02769,0.5368275468191595
02770,0.696443917277305
02772,0.9346501818707269
02773,0.7854628642297723
02774,0.92053515305512
02775,0.8491595898659016
02776,0.6832506791241354
02777,0.5891857995528559
02778,0.7934173529078219
02779,0.17113972483760953
02780,0.8500235673599986
02781,0.7141053379615039
02782,0.9245322343639982
02783,0.20469072610732308
02784,0.18766920153285926
02785,0.8678189345815868
02786,0.5722128764147518
02787,0.8169921226836439
02788,0.5017020178927136
02789,0.13942064316715627
02790,0.6053583764459093
02791,0.7755422345438544
02792,0.0949735924026222
02793,0.6917891648854978
02794,0.09641947480866661
02795,0.1339673718163653
02796,0.035244988303367725
02797,0.5329638716898036
02798,0.41301779347916445
02799,0.14946829516308688
02800,0.544468788861923
02801,0.4873519765891105
02802,0.2170774740742728
02803,0.3810375675367156
02804,0.28228039230461294
02805,0.7687824662887262
02806,0.45303279519907447
02807,0.5737041588458095
02808,0.897046028730101
02809,0.13396898272079844
02810,0.01613335366096211
02812,0.09209714442075158
02813,0.8778277883566931
02814,0.23820689995765432
02815,0.9010658677624703
02816,0.38588872162159243
02817,0.446511581284282
02818,0.35534478274916514
02819,0.2897942863758575
02820,0.7489339757674445
02821,0.5989062997073521
02822,0.03714567773490318
02823,0.16306521165963558
02824,0.7924304055681526
02826,0.1772491312877385
02827,0.459943170839535
02828,0.8020481955784485
02829,0.772432474356311
02830,0.4779167532259177
02831,0.5383070527440116
02832,0.12407785275291984
02833,0.642752967476614
02834,0.7108349810725072
02860,0.0
02880,0.0
03001,0.9033606850684749
03002,0.8484789894365927
03003,0.1714449564624272
03004,0.2779253469228073
03005,0.8961491593307441
03006,0.20611094428039534
03007,0.7933705662816724
03008,0.7510813096333977
03009,0.8220610889489681
03010,0.8199961714336077
03011,0.8007500882673115
03012,0.8757543021742474
03013,0.8203620566099712
03014,0.7515928725399392
03015,0.8883249098052681
03016,0.5627718100049535
03017,0.3000591882514755
03018,0.5190712517424679
03019,0.23219394902052354
03020,0.899720983951714
03021,0.46179985100042464
03022,0.46427787977000634
03023,0.29695775657648676
03024,0.2756277390069852
03025,0.8319444746428629
03026,0.8807748501637525
03027,0.8796397853685269
03028,0.6816294056263884
03029,0.5507194109071969
03030,0.45721830846771017
03031,0.8832936896208238
03032,0.975023732477897
03033,0.6988240297585214
03034,0.17312027487683304
03035,0.5179093375711658
03036,0.11457879988428539
03037,0.2537699824812202
03038,0.6131671267351034
03039,0.8587110700008445
03040,0.866349923867949
03041,0.06068240832821457
03042,0.6406700312628804
03043,0.4467200309655234
03044,0.4742954350418992
03045,0.6097471734555009
03046,0.8088458922697194
03047,0.6496439421798248
03048,0.060975435878373355
03049,0.4025284303235082
03050,0.9515593248181232
03051,0.8843138563251339
03052,0.7663822250746092
03053,0.32896005358444297
03054,0.9390041643642725
03055,0.8288053844511833
03056,0.7707839176730537
03057,0.9310216437917719
03058,0.9728416737294394
03059,0.4677386819559133
03060,0.7403383072446436
03061,0.5748643278850337
03062,0.6017177612195559
03063,0.7546521590260092
03064,0.4955096041665312
03065,0.7826769955985842
03066,0.07819967714245661
03067,0.8958129690353059
03068,0.23525317055117115
03069,0.8778565005114524
03070,0.9673413184923807
03071,0.792709492964023
03072,0.7086476041951449
03073,0.9025925974383919
03074,0.8571223190359696
03075,0.7787255190902881
03076,0.9418253902523528
03077,0.8558831694943819
03078,0.6163312576418571
03079,0.13828782542714563
03080,0.5788134079809348
03081,0.8024654915557197
03082,0.44077395665507024
03083,0.38949684677173996
03084,0.25930261162875123
03085,0.8930725760212412
03086,0.89689138130277
03087,0.4850667817151101
03088,0.8160921268340526
03089,0.8515498468404095
03090,0.8571394779415978
03091,0.6716795411025694
03092,0.8317063399343375
03093,0.4654534090657324
03094,0.42134854680322936
03095,0.13107254170290178
03096,0.7837754309513368
03097,0.9473930742222735
03098,0.6908009755386262
03099,0.9585808218590139
03100,0.41793642454715474
03101,0.7095245878301597
03102,0.3770802399697239
03103,0.2428078155151471
03104,0.9425161302410792
03105,0.23274749418480292
03106,0.5998096067860399
03107,0.24460312390172365
03108,0.8205481933514343
03109,0.6001888863007647
03110,0.5409756648340042
03111,0.7719203868341967
03112,0.4509158936605721
03113,0.5538758578323447
03114,0.6178717993592373
03115,0.687480117496033
03116,0.6883218277685036
03117,0.24392120680876025
03118,0.11385799404091257
03119,0.19868809651190486
03120,0.31399810936261313
03121,0.9286716131006468
03122,0.10681833421302891
03124,0.831038032899305
03125,0.9610543242562392
03126,0.7423591307350484
03127,0.45780697370115364
03128,0.5941942589963143
03129,0.7980902618336225
03130,0.12460464473902191
03131,0.7307192873874897
03132,0.6481607198433756
03133,0.5461689522041597
03134,0.771231566944872
03135,0.7225407565154088
03136,0.9088964830287422
03137,0.7282677291884757
03138,0.08803884129342777
03139,0.9711755553902748
03140,0.7691049325833104
03141,0.963286046603111
03142,0.2600151571882099
03143,0.6074768380658309
03144,0.7292139461144672
03145,0.7653893219827314
03146,0.42547679438782016
03147,0.32372375650970475
03148,0.6566171893340963
03149,0.4218742784238472
03150,0.4528673755857418
03151,0.9229301399983035
03152,0.9145149381400576
03154,0.8175292732808387
03155,0.11745588552996289
03156,0.7937893334461942
03157,0.43328455938910276
03158,0.7482187739858748
03159,0.8937747261419487
03160,0.6177099954576148
03161,0.2346547145003601
03162,0.9228145440875964
03163,0.6102857994774722
03164,0.6645887939154175
03165,0.4725289149149953
03166,0.5576782871476854
03167,0.8762905889288838
03168,0.04750717780419135
03169,0.8009392250887141
03170,0.9421125102856035
03171,0.7221460569520741
03172,0.9279190538513563
03173,0.6820544720542894
03174,0.6157401638885878
03175,0.7153033965884275
03176,0.6185978615215496
03177,0.8138337274068888
03178,0.3464663095195711
03179,0.4010466545651937
03180,0.9230598820733658
03181,0.5952475390895772
03182,0.6508571772374707
03183,0.9600686780770974
03184,0.9008583054706819
03185,0.17609597220769974
03186,0.9782047522489691
03187,0.1925006632793538
03188,0.52830149914535
03189,0.8270220145500452
03190,0.2897268428705101
03191,0.9529967525243649
03192,0.8333528525208196
03193,0.8758796728633251
03194,0.445433832604389
03195,0.37436178600758885
03196,0.4171792055189956
03197,0.7750331916383396
03198,0.5351610077627313
03200,0.8681874410544551
03201,0.7594124511444988
03202,0.8354813031849174
03203,0.5460778230390504
03204,0.44030670190099064
03205,0.7421488214968437
03206,0.8367650801892395
03207,0.7203167508557236
03208,0.8075128295834899
03209,0.6407856223126013
03210,0.23907530701701923
03211,0.576880570243703
03212,0.6346852537092643
03213,0.9162962572990443
03214,0.8418455811034697
03215,0.31072014685470756
03216,0.5033477027499409
03217,0.7667749127532497
03218,0.16802638372378342
03219,0.9663005879079264
03220,0.18326262485331035
03221,0.18520640782545175
03222,0.13591122777142808
03223,0.6219081255199972
03224,0.09330264206093947
03225,0.8982334647450021
03226,0.5285518521004146
03227,0.6194957603800996
03228,0.03686649231572514
03229,0.8926334131120337
03230,0.641407855082696
03231,0.24338870780636768
03232,0.664424725956751
03233,0.7409220280297492
03234,0.6232812158461848
03235,0.6523554148128949
03236,0.35525316171367105
03237,0.6505008935393894
03238,0.7384699450529797
03239,0.8124142738644913
03240,0.8481561675880518
03241,0.15047577612006033
03242,0.3633750608425828
03243,0.9955540445241149
03244,0.37489449760041393
03245,0.6873127774839118
03246,0.8861899593546609
03247,0.7968664296864522
03248,0.053053884045524316
03249,0.10271467397319455
03250,0.26147002024922567
03251,0.12248757859665643
03252,0.5143829295342769
03253,0.915659834534384
03254,0.19692937038426844
03255,0.5511400063673992
03256,0.9812694350554837
03257,0.3215483179968374
03258,0.38140788426135547
03259,0.919532668040832
03260,0.9520079248981596
03261,0.8298023385054865
03262,0.7978445761242076
03263,0.8766559517910198
03264,0.5491803950794895
03265,0.7137151344399556
03266,0.7024340902175604
03267,0.49946625209716344
03268,0.7208462658947576
03269,0.9589282289087069
03270,0.9955296556183226
03271,0.5474616907626425
03272,0.3052829519924524
03273,0.6039644920568276
03274,0.4035572197924275
03275,0.6789453059783255
03276,0.5291092159547898
03277,0.9453250949285391
03278,0.7061689519601408
03279,0.8176179130710635
03280,0.825871565223167
03281,0.8526248385773811
03282,0.2954355902118107
03283,0.806595275963136
03284,0.7581835804313977
03285,0.9402656641435853
03286,0.8625656510146943
03287,0.8226979947456401
03288,0.8468603244873467
03289,0.6574027680461134
03290,0.7568526572523561
03291,0.2668489763622429
03292,0.40530883344730523
03293,0.4930539301670747
03294,0.5277595583086194
03295,0.811483781014209
03296,0.18090100344586765
03297,0.2718236336212483
03298,0.16008545347419542
03299,0.2547345833899163
03300,0.6680005509030827
03301,0.8204076456421815
03302,0.8184763946142843
03303,0.9234629197722505
03304,0.3832477124080012
03305,0.8344215048592041
03306,0.7731853515811279
03307,0.5531799609392604
03308,0.9526521224487206
03309,0.5079975380930845
03310,0.304412688039234
03311,0.36352478603199795
03312,0.5802842831674255
03313,0.07584115042263151
03314,0.5521890653909756
03315,0.7768761509684744
03316,0.7906833084156626
03317,0.9320434843491017
03319,0.904101283510692
03320,0.14995569449828564
03321,0.22681329218671364
03400,0.0
04000,0.0
04001,0.42686353782372194
04004,0.25092653916344043
04005,0.6106338804053671
04006,0.2980106732533825
04007,0.9509489155998619
04008,0.4370072036501589
04009,0.8253745488859444
04012,0.26102700853534
04013,0.9240805744405114
04016,0.9493464825038114
04017,0.7412185152863686
04018,0.04475227916120494
04019,0.735960141670941
04020,0.4506847255770301
04021,0.8637852391859066
04022,0.2561949649391634
04023,0.17904336501486848
04024,0.3723582584566943
04025,0.7420603651356603
04026,0.8905248228432951
04027,0.8369657634015893
04028,0.810243260808637
04030,0.9315821850828924
04031,0.5181700029696181
04032,0.8978920574029783
04033,0.18902606508800682
04034,0.37746872639592427
04035,0.2159299865269607
04036,0.25820696831442214
04037,0.8080236749454672
04039,0.4333185617469612
04040,0.9183527598095201
04041,0.17412191680267672
04042,0.9737958658738094
04043,0.8343310023523137
04045,0.09103842784703645
04046,0.7820896595665463
04047,0.787160936210115
04049,0.20959084893407873
04050,0.9298267149930585
04051,0.7292785399288656
04053,0.7851867070865877
04054,0.8631575185678094
04055,0.7403474159816571
04057,0.6220091500799203
04058,0.6430918314916942
04059,0.7058891313851375
04061,0.1178456105213764
04062,0.9357469882965225
04063,0.07008863593170656
04065,0.5411792896061084
04066,0.5124712079063438
04067,0.709345712646038
04068,0.1851837874721688
04069,0.715403412788202
04070,0.07781349868297743
04072,0.793853292416946
04073,0.8511362268341579
04074,0.829937468918843
04075,0.8229890498053238
04076,0.7776472566994037
04077,0.3569113991649649
04079,0.5974244282234265
04081,0.1685645853924663
04084,0.37814470093464086
04085,0.9550768351046893
04086,0.90728572921439
04087,0.1879583365136278
04088,0.1694180867296017
04090,0.8198608537365613
04091,0.44105190551125834
04092,0.9346779678374227
04093,0.8209460473337414
04094,0.05614014878122176
04095,0.14593713119446158
04096,0.15606356751423353
04097,0.7384003452400488
04099,0.25175587828586216
04100,0.0
04101,0.13315846436451412
04102,0.6825853238078823
04104,0.2716027538821507
04106,0.3443429120127778
04107,0.8324907249756053
04108,0.39251703441947433
04109,0.6276508484933471
04110,0.6366550893574516
04111,0.10861724319454785
04112,0.03292636133187669
04113,0.5342249869166421
04115,0.6606832415455012
04116,0.05642612935205507
04118,0.6035892089117294
04120,0.9273977897578622
04121,0.5069849501950578
04122,0.6679919296002077
04123,0.609289003054963
04124,0.10611056507566474
04126,0.3341500058756131
04127,0.7086552130048936
04128,0.17014203856555113
04129,0.16963502801832456
04130,0.46726285115325517
04132,0.25634243434208304
04133,0.2837469890334576
04134,0.3993999898562423
04135,0.31677420972776266
04136,0.3234570397971557
04137,0.9283339039956056
04138,0.26853520610568266
04139,0.8596236116288101
04140,0.09589802544945537
04141,0.1171514863043137
04142,0.09992556288248908
04143,0.03179181380616677
04144,0.5257329841268403
04145,0.7690920772555307
04148,0.6042146947017961
04149,0.07211020631667167
04150,0.8092591867010345
04151,0.23600639571473456
04152,0.034484364063188756
04154,0.5368598024142486
04155,0.6059234229981856
04156,0.6019795503097359
04157,0.07038975626851922
04158,0.08675871201713073
04159,0.07080739958811534
04160,0.06345427718081649
04161,0.8482635229552425
04162,0.18753444600312155
04163,0.07157762696296335
04164,0.5205482556058222
04166,0.06785883543125965
04167,0.6210106855916362
04169,0.23460057488939562
04170,0.9752800251884339
04171,0.9728575606468749
04172,0.0951858144534476
04173,0.08736087831473464
04174,0.6567249289957696
04175,0.22868861314607966
04176,0.5501895165979612
04177,0.8969233917234517
04178,0.15106609881821897
04179,0.8714350263261069
04180,0.9148599369799612
04181,0.6584290941730127
04182,0.3513357610524078
04183,0.953376730167072
04184,0.741305463789835
04186,0.2525423805696731
04187,0.4799224698276127
04188,0.17602978512008063
04189,0.19790321464684751
04190,0.2588457732273796
04191,0.5623763030322941
04192,0.15130902196275475
04193,0.5337316270810273
04194,0.9671040241156633
04195,0.8755771390476697
04197,0.056586600487272876
04199,0.8461466406850913
04200,0.9007623833765018
04201,0.09966941874326143
04202,0.9649027442057458
04203,0.34037886236826925
04204,0.5072837866970447
04205,0.03704297993356804
04206,0.2899086118996156
04207,0.6689415161302528
04208,0.11171051612781785
04209,0.14429127912750928
04210,0.8359941767991275
04211,0.9269528186964255
04214,0.8005956722930202
04216,0.6043465709574972
04217,0.836632902046654
04218,0.2654865325882856
04219,0.3542825117827428
04220,0.9621336530172583
04222,0.8479181579440567
04224,0.9555505727304174
04226,0.18239696093847135
04227,0.14331832743425904
04228,0.9355995958085775
04229,0.8339837251468157
04230,0.05802883170294824
04231,0.9015629569100869
04233,0.9184488136209827
04234,0.7037989583193466
04235,0.4045352131730011
04236,0.9576673687061392
04237,0.5449910943799773
04240,0.574505646233066
04241,0.20736125832879748
04242,0.050052427782055146
04244,0.6683732662754374
04245,0.10252023146336545
04370,0.0
04400,0.0
04401,0.0
04900,0.0
04901,0.0
05000,0.0
05001,0.043740215618259554
05003,0.22844784536118892
05004,0.40665353264063175
05006,0.7868331759215141
05007,0.7334177693846018
05008,0.3364091456016686
05009,0.1789396289888802
05010,0.24237955819053414
05011,0.7899280971661656
05012,0.6035622225609067
05013,0.5530197370411605
05014,0.5102776649190693
05016,0.18784629354259685
05017,0.202126300425944
05018,0.8077042060044093
05019,0.41842022097933895
05021,0.25186143789157966
05022,0.834099862516577
05023,0.620005375078522
05024,0.14770502090618753
05025,0.6468867880789135
05026,0.12219116581338504
05027,0.9899253979240078
05028,0.41182923880422245
05029,0.40538408041621476
05031,0.766370183589475
05032,0.18898826751115938
05033,0.24505527242517824
05035,0.7930237050931612
05036,0.23658735609171358
05037,0.6178493294776145
05038,0.4084625721235831
05039,0.03246835546838556
05040,0.12110934743978458
05044,0.8923221946715376
05045,0.2617128991270933
05046,0.047469590457211795
05047,0.6369806572723375
05048,0.15762918900485887
05049,0.5971617188206124
05050,0.6606795307550536
05051,0.524290809099614
05052,0.22962420010205606
05053,0.48546688533229154
05054,0.5591627559688583
05055,0.29919325929934715
05056,0.6530790099514574
05057,0.7119241122362138
05058,0.24381574928931804
05059,0.6736575818137019
05060,0.77149801340276
05061,0.03249900596285364
05062,0.04185028153981494
05063,0.6258757569680997
05064,0.2702605688100897
05065,0.05704759624484113
05066,0.7596618301176342
05068,0.8290942075110137
05070,0.07978699937721082
05071,0.5355361147461073
05072,0.5994639141241834
05073,0.49670180879021086
05074,0.770957410811865
05075,0.553610304899285
05076,0.5183853674697483
05077,0.1344071194588575
05078,0.6792305166546179
05079,0.977746250888907
05080,0.6824114713479089
05081,0.6377294173732703
05082,0.9360291247413483
05084,0.7268144467756491
05085,0.972697067052921
05086,0.1726661666643691
05087,0.6224294380552192
05089,0.46753434827709345
05090,0.30181697319904044
05091,0.23534237513074072
05092,0.6396062297528645
05093,0.9956775937955972
05094,0.8222150002447812
05095,0.608000714182812
05096,0.09966406753329769
05097,0.5452570679329457
05098,0.8131186137793002
05099,0.5989272270078809
05100,0.5173314967722785
05101,0.9382371100177944
05102,0.5707921632817541
05103,0.6203879553973546
05104,0.5283868284471531
05106,0.436912772821306
05107,0.9919154559180552
05108,0.6417336500809158
05109,0.9879331591379059
05110,0.9866169021477457
05111,0.5814558553174742
05112,0.6810194321758942
05113,0.8940318872973004
05114,0.3257057048400251
05115,0.6744359076178792
05116,0.6386583329589985
05117,0.19586137587647998
05118,0.4104479237726228
05119,0.5857180938846742
05120,0.0
05121,0.7619538535858479
05122,0.4755730157262052
05123,0.3333333333333336
05124,0.7940826910532695
05126,0.07089651312553359
05127,0.7289905161502588
05128,0.6051254771123132
05129,0.09715312275589996
05130,0.3413406710110903
05131,0.8250669563917271
05132,0.1595907232552046
05133,0.9811246196008644
05134,0.8126048572204612
05135,0.3378318799269577
05136,0.5307390283719187
05139,0.0949944482060377
05140,0.792764385680724
05142,0.11442376947820755
05144,0.23927075664426226
05145,0.34863011202193106
05146,0.6666666666666667
05147,0.5594736335091356
05148,0.6559023298018937
05149,0.45085298539001084
05151,0.9611877327657585
05152,0.15247071392405764
05153,0.5640575935563604
05154,0.46918542150942383
05155,0.8109743937960926
05156,0.8209662619801632
05157,0.32037935280401647
05158,0.5943182531119519
05159,0.8130303968704922
05160,0.6688282983185234
05161,0.9988798240942233
05162,0.4098564530056295
05163,0.7104271491276791
05164,0.21803107092664553
05165,0.36837926028059836
05166,0.4023878867973534
05167,0.5290757457672021
05168,0.5285508283969612
05169,0.11873115686183086
05170,0.4063933291360125
05171,0.7426364569905264
05172,0.22265491013014096
05173,0.584081341130268
05174,0.9872941595988718
05176,0.808769607187193
05177,0.34859371292200725
05178,0.49337889233591886
05179,0.08304348722286145
05180,0.9896529678148955
05181,0.9915241829494108
05182,0.4782329156099457
05183,0.9584194959766682
05184,0.5645396762448964
05250,0.0
05260,0.0
06000,0.0
06001,0.49944467325329717
06002,0.9648576691756597
06003,0.25714234755487453
06004,0.3523555420816377
06005,0.9224077369760604
06006,0.9124286266189623
06007,0.4264313448371858
06008,0.9737635905669129
06009,0.8604827432056686
06010,0.48876222790618495
06011,0.9580268807113208
06012,0.8928535878696054
06013,0.16616277119127976
06014,0.9431006958431902
06015,0.9107641217338134
06016,0.9038652648630489
06017,0.9423659277580518
06018,0.6932218811566565
06019,0.9410566300428446
06020,0.1863439975969852
06021,0.8710767225931716
06022,0.937488050291447
06023,0.16731232829786144
06024,0.9782607523616408
06025,0.9236109198568563
06026,0.42816104324557713
06027,0.5876746104906954
06028,0.2357683498014335
06029,0.0789684837020991
06030,0.2582775830145089
06031,0.9453900276159747
06032,0.9419508897911038
06033,0.6877284677654284
06034,0.9245776784796905
06035,0.38638788976081573
06036,0.4768207010430834
06037,0.428496144596733
06038,0.6873336300519323
06039,0.933252269172782
06040,0.9855394583554243
06041,0.46391720265806985
06042,0.4350806792429335
06043,0.9141371294448672
06044,0.7709030922966575
06045,0.9761166428616813
06046,0.9100147820427853
06047,0.7797766306620045
06048,0.8636639319533449
06049,0.7752474286379203
06050,0.8034097245514638
06051,0.9708810691182115
06052,0.5235569424763197
06053,0.9867048489381923
06054,0.925672255546648
06055,0.7614129541626146
06056,0.9669316971337915
06057,0.8993446778889813
06058,0.22853447625019063
06059,0.9438291997121608
06060,0.9382111289434744
06061,0.5169489951146237
06062,0.37938340394753933
06063,0.9463844762128905
06064,0.9016108192970602
06065,0.8710434654851583
06066,0.8623907671257381
06067,0.8728996429600979
06068,0.57764702037137
06069,0.0815155527840185
06070,0.22065972466591033
06071,0.857983063202814
06072,0.9398087653804394
06073,0.2987064704587475
06074,0.3465355637547899
06075,0.7464293380613707
06076,0.9702600056673991
06077,0.3451455291316723
06078,0.35298837380462517
06079,0.12645560252951413
06080,0.9523508565900362
06081,0.810699972523185
06082,0.6555728918241639
06083,0.1236724762145707
06084,0.4001406966420221
06085,0.22085862340157034
06086,0.1987922735225215
06087,0.9508940234553456
06088,0.1596098933230711
06089,0.6630488720097503
06090,0.3763555555707282
06091,0.8742091616581714
06092,0.9512472617493246
06093,0.9491246073716727
06094,0.801904055385625
06095,0.20370424948810253
06096,0.9814997093463652
06097,0.7209832252292436
06098,0.9566872971010433
06099,0.5427025825769138
06100,0.3540888303218686
06101,0.9569134051697119
06102,0.9531384663352912
06103,0.1001150723444111
06104,0.5849535651196909
06105,0.6772364788808356
06106,0.7197117590576939
06107,0.4054801783289929
06108,0.4311433137011747
06109,0.9358217738867296
06110,0.9694124467250538
06111,0.9455486522785352
06112,0.6129114834901511
06113,0.941173475859674
06114,0.9442241980483441
06115,0.9361253616972354
06116,0.8273671127250452
06117,0.9192683595116119
06118,0.16448234701418468
06119,0.9511817080618964
06120,0.24699679281546394
06121,0.9670376909803855
06122,0.8812371689231163
06123,0.8270383995125477
06124,0.9868558919991601
06125,0.9646290145256052
06126,0.8973550813059545
06127,0.10726888694860551
06128,0.8660793695110208
06129,0.6601863735047209
06130,0.2882217462745482
06131,0.9592125806717123
06132,0.38340353298409946
06133,0.9883747897278484
06134,0.3088406719700797
06135,0.6991532652715631
06136,0.13965216678965578
06137,0.4262046489992723
06138,0.5357331916854352
06139,0.9665028714814762
06140,0.30118021540698575
06141,0.6538663662491865
06142,0.9108303323671844
06143,0.7327002677615772
06144,0.4332057834730729
06145,0.79113355394581
06146,0.5308009090014959
06147,0.8928925719830261
06148,0.8021705945158342
06149,0.9147858091415697
06150,0.9371938688221504
06151,0.2475075425127341
06152,0.5212082485866814
06153,0.09679898079401218
06154,0.6044869277963245
06155,0.487256301739923
06156,0.683553418129818
06157,0.6606168809887853
06158,0.6746309977879733
06159,0.9552370746788557
06160,0.9867711811160432
06161,0.6874190304688569
06162,0.15108543888119425
06163,0.03561128246332967
06200,0.0
06210,0.0
06220,0.0
06250,0.0
06270,0.0
06300,0.0
06410,0.0
06510,0.0
06530,0.0
06800,0.0
06900,0.0
07001,0.08822234083972832
07002,0.42647213196693257
07003,0.4157191877407807
07004,0.27680128788415526
07005,0.3354092875310153
07006,0.19381221434095394
07007,0.8692138319010578
07008,0.5492263099953785
07009,0.46666135971669637
07010,0.07938807955511773
07011,0.33650654440691224
07012,0.17752192264633607
07013,0.36278834857154774
07014,0.39652780372407276
07015,0.41001820667621347
07017,0.36057595849661855
07018,0.5254619888560681
07019,0.12965504650033902
07020,0.7526918430840757
07022,0.8984495349155837
07023,0.519252534009769
07024,0.31148935803335587
07025,0.2415644858553076
07026,0.336022302792541
07027,0.8099514703589471
07028,0.40971401179927375
07029,0.4489342303061851
07030,0.11483960737855813
07031,0.4340813975943186
07032,0.8169166907947677
07033,0.5583254065717164
07034,0.33456980329688585
07035,0.8652346599755526
07036,0.6769214249256155
07037,0.22529685161675736
07038,0.7782591928802944
07039,0.32060963743894855
07040,0.9094133687720337
07041,0.33185010449775665
07042,0.11494634656773278
07044,0.4501642338468737
07045,0.10352454813327959
07047,0.7907619686360395
07048,0.08940705392499579
07049,0.34047943591268415
07050,0.3764229148905167
07051,0.6925130552688092
07052,0.90501813040569
07053,0.47204922276334454
07054,0.13526400184006923
07055,0.7755792677008825
07056,0.5027478889910867
07058,0.3421893056049634
07059,0.930190716344363
07060,0.9097552378411208
07061,0.5195998141212177
07062,0.49940095735071244
07063,0.43316060019837677
07064,0.061018089748358
07065,0.36695990789099514
07066,0.46833805806231016
07067,0.6793161000089682
07068,0.8812240667916229
07069,0.7376344409019802
07070,0.9013886499581321
07071,0.08734469657990165
07072,0.6745766544876466
07073,0.8480320030342356
07074,0.22098946809471062
07075,0.551063114152462
07076,0.821426228205345
07077,0.23417237317087958
07078,0.7621028093377339
07079,0.06851711491822408
07080,0.1479542811241381
07081,0.5389095600595231
07082,0.13243738103649383
07083,0.6143403971551764
07084,0.4512016376908179
07085,0.06457025174902054
07086,0.7083566392113646
07087,0.39649656317865006
07088,0.5160292241916385
07089,0.35512834154276174
07090,0.7147756864502097
07091,0.5493697792706913
07092,0.80982027591532
07093,0.46466605518841986
07094,0.8607364017987021
07095,0.878824880305997
07096,0.11201911784099601
07097,0.8990298208583395
07098,0.3549263356145243
07099,0.39662072182810265
07100,0.4090048161098522
07101,0.4211646670345849
07102,0.7628710178648466
07103,0.14741239766458653
07104,0.2937552336018697
07105,0.2545229597104269
07106,0.23059340357524663
07107,0.20757910796047954
07108,0.1305722328102678
07109,0.46694427780230274
07110,0.2637037109174492
07111,0.40000772624230013
07112,0.32706084941165753
07113,0.49582898950760396
07114,0.2035116822967464
07115,0.532421984509404
07116,0.3334876272299755
07117,0.22308798350604805
07118,0.4147283135093065
07119,0.5354241052421258
07120,0.16081383625427623
07121,0.2930836876111754
07122,0.3153411698948128
07123,0.12616063874865327
07124,0.23223184806563035
07126,0.34838155164656565
07127,0.30104652325417325
07128,0.24567113568382712
07129,0.043309221992706495
07130,0.40248517915379417
07131,0.5050253776242113
07132,0.30911788428717557
07133,0.5339580183526461
07134,0.5116599349893663
07136,0.7432846630491576
07137,0.7136939530194536
07138,0.22163032871527721
07139,0.4757959358975804
07140,0.7740919656283308
07141,0.44650803295592534
07142,0.5741592582270899
07143,0.5640039986182414
07144,0.47822239258616506
07145,0.22121192537395631
07146,0.7949178105806165
07147,0.6927159216651584
07148,0.4066335080714962
07149,0.11421949643395597
07150,0.090110720269576
07151,0.1272223817936586
07152,0.8288893367352055
07153,0.46523058703664477
07154,0.5322677749495062
07155,0.27929344968266756
07156,0.4720986461324366
07157,0.7623754237878254
07158,0.2158535424993695
07159,0.24633139786009658
07160,0.3779131967840418
07161,0.24236352992553994
07162,0.4838079012208813
07163,0.5327880890199553
07165,0.04301129833881526
07166,0.16587698070458282
07167,0.10690579104239248
07168,0.29932079712435206
07169,0.5327279400567412
07170,0.10480296411553151
07171,0.36521667496533816
07172,0.3737750465924348
07173,0.21550588835145093
07174,0.7315785525070118
07175,0.6359786244770728
07176,0.6076172388110821
07177,0.8934610766181145
07178,0.4097785785738829
07179,0.2664073050283762
07181,0.6790289474274325
07182,0.3252308866631269
07183,0.5778935328010455
07184,0.14387687342699362
07185,0.25842096163042905
07186,0.18840729888040758
07187,0.429322814366249
07188,0.38497195705868
07189,0.4057214487804161
07190,0.5076239921691507
07191,0.5207627291833357
07192,0.21124070524038022
07193,0.39125408473092915
07194,0.7361507282071089
07195,0.13139307193145072
07196,0.5165232736578017
07197,0.3262883340956603
07198,0.7478101815073529
07199,0.4244836650149808
07200,0.3259979687654922
07201,0.34838072899852734
07202,0.7418065226257453
07203,0.2928435225690186
07204,0.030500212061536237
07205,0.2715777788856881
07206,0.5829292013471665
07207,0.41923387875438367
07208,0.5473975896947606
07209,0.42571764188590283
07210,0.32401421353485504
07211,0.36552224426840546
07212,0.34487046056028087
07213,0.435446993555522
07214,0.034790229160970715
07215,0.16474182756453487
07216,0.9316427222039202
07217,0.8514563874734001
07218,0.09657528813825274
07219,0.840056956789247
07220,0.22091651246257057
07221,0.8569011665428315
07222,0.09046437829459805
07223,0.47858775842442053
07224,0.5668190823399512
07225,0.49816505858680493
07226,0.12680537549372742
07227,0.5718562857787807
07228,0.5737580498817633
07229,0.6589453358560278
07230,0.2660909657189896
07231,0.409907724358971
07232,0.4747047618665585
07233,0.14017293218378812
07234,0.6523672788668139
07235,0.34362382408308406
07236,0.06091500665164953
07237,0.8658508686385715
07238,0.5617225101582979
07239,0.09082244878536877
07240,0.7167047613167764
07241,0.44992879160512017
07242,0.28417567876435407
07243,0.5512865758639078
07244,0.053743070482340255
07245,0.6061992121895137
07247,0.28470191032542724
07248,0.1149471573946976
07249,0.20678411354248322
07250,0.44550647125928616
07251,0.43515556364408975
07253,0.3019882140953462
07254,0.31016241077524315
07255,0.6131383649492337
07257,0.8455482852320197
07258,0.40458958065880696
07259,0.3338558010954345
07260,0.8320557572213204
07261,0.8104627517580475
07262,0.901356729482705
07263,0.30785900629529994
07264,0.200726795863623
07265,0.42076311396978405
07266,0.7346000383720461
07267,0.16294526039123208
07268,0.2867292788061569
07269,0.0886591121329735
07270,0.8247124223718665
07272,0.5019408066412526
07273,0.46638186763417616
07274,0.11283648282962784
07275,0.5093699947924532
07276,0.11402318632276869
07277,0.3385200120501711
07278,0.19326349238249524
07279,0.2443882434775433
07280,0.21782003001064465
07281,0.5449580959394069
07282,0.3636320924934256
07283,0.8315849414175094
07284,0.5253983316919972
07285,0.17248799348839405
07286,0.09819506151238862
07287,0.6934165252611737
07288,0.16224090675972286
07289,0.44844192694829643
07290,0.0739492054963814
07291,0.25108263182632656
07292,0.28972863902543095
07293,0.8894773841013173
07294,0.34374447260509233
07295,0.05464982401276328
07296,0.3675284018353014
07297,0.9037044490983233
07298,0.7851710771412888
07299,0.49814013451492695
07300,0.4063305217817686
07301,0.39651509169153526
07302,0.7903371236668439
07303,0.8522014161474314
07304,0.5928891955251036
07305,0.4341199669342913
07306,0.6888355011912863
07307,0.5183520737130354
07308,0.3589159024909528
07309,0.25756654685313396
07310,0.46410772106482046
07311,0.7998857058497013
07312,0.40923845240752804
07313,0.7102892982994712
07314,0.1457970880558421
07315,0.35727540717714307
07316,0.8655430915815555
07317,0.5069582811641632
07318,0.5216705822666496
07319,0.25873954898777585
07321,0.6287385642848732
07322,0.2807803954919736
07323,0.8323060276240652
07324,0.4308210326972705
07325,0.23093618600001992
07326,0.38218984510353987
07327,0.5175932184779889
07328,0.4302318476070056
07329,0.27184486411930353
07330,0.35368846589329744
07331,0.1023270728100218
07332,0.44682600132836553
07333,0.209794034792346
07334,0.1764893313852555
07335,0.39617463693023647
07336,0.6698742790649906
07337,0.41182905675382864
07338,0.8069936103926889
07339,0.15543143102917156
07340,0.14608786476448957
07341,0.14889698204670204
07342,0.4313529350322802
07343,0.24964052720056776
07344,0.46701305810271515
07345,0.7058883683468288
07346,0.24657120588163173
07347,0.400009477163055
07348,0.3578591173441407
07349,0.687616325022947
08001,0.2573898773018672
08003,0.3388216436575061
08004,0.16285315524835686
08005,0.10908780891153534
08006,0.3058020872716465
08008,0.15886054242959285
08010,0.30784361051912457
08011,0.1422508996777646
08013,0.6057731226790876
08014,0.1926193669317028
08015,0.13026800373220424
08016,0.0
08017,0.5202782453982684
08018,0.059112862703127475
08019,0.5005267471369966
08020,0.07304672323182267
08021,0.5635302408625695
08022,0.4089823889445255
08023,0.4572399648426884
08024,0.05995067150120635
08025,0.06993825791104775
08026,0.06780956970838634
08027,0.4017319652271107
08028,0.15008514221661431
08029,0.2586337944424964
08030,0.2009723365785651
08031,0.06138613660740867
08032,0.065804859456686
08033,0.07517683278039422
08034,0.44667438385281166
08035,0.147172341476957
08036,0.1411396330670451
08037,0.025144229330798892
08038,0.11782477483991932
08039,0.08742654686337321
08040,0.8299600032584213
08041,0.5505712791329384
08043,0.7195210090753946
08044,0.3316583396105837
08045,0.1270555820617925
08046,0.3002457535017329
08047,0.5710109302741374
08048,0.4203101489315633
08049,0.2706326299352874
08052,0.27936797397574725
08053,0.13298974750119463
08055,0.30758557851181645
08056,0.1444400973958011
08057,0.08198752248734746
08058,0.48211799948446804
08059,0.2646543886012977
08060,0.08054869134020547
08061,0.6270460596105418
08062,0.6118869298734587
08063,0.592322129514633
08064,0.3143168690462221
08065,0.23579288441094604
08066,0.12879489332745095
08067,0.30841893147914756
08069,0.1489795014071599
08070,0.16951547361418343
08071,0.1393364251355553
08073,0.23511728628371456
08074,0.0700917131220845
08075,0.09880490983894438
08076,0.5965380822482831
08077,0.1001758212850543
08078,0.10934095950222696
08080,0.7413867837284637
08081,0.12742084282015248
08082,0.10358712071235007
08083,0.4455599478707312
08084,0.3343916585971442
08085,0.08005354666770495
08086,0.18578550052315618
08087,0.26980481971036974
08088,0.7832995468065606
08089,0.09351786103740396
08090,0.33404517235853637
08092,0.11936942369680155
08094,0.030851065653264093
08095,0.63045521641204
08096,0.6897523591681938
08097,0.0426943360387079
08098,0.11949852576304329
08099,0.6954268423681338
08100,0.07824375457997863
08101,0.5527915098042849
08102,0.3626130841923726
08103,0.22148021544757243
08104,0.23927584226278892
08105,0.07125385772108418
08106,0.46990053760512723
08107,0.28398787610434717
08109,0.02859662710699573
08110,0.28600325133065346
08111,0.04468549089067994
08113,0.1235290839501327
08115,0.6616426180735541
08116,0.023098245959706887
08117,0.24157766154840113
08119,0.6796572732381967
08120,0.15989122826870483
08121,0.08136226369381624
08122,0.11051914830831978
08123,0.2565836540643037
08124,0.5067248462343852
08125,0.44434979727258
08126,0.2496254983780331
08128,0.5300023106088144
08130,0.07562746976372123
08131,0.02373255262781249
08132,0.4080084866357542
08133,0.29222920729299406
08134,0.22319275825915572
08135,0.16154790868575694
08136,0.6504812563885456
08137,0.3802415703065849
08138,0.3178872806542697
08139,0.3256650652063058
08140,0.5572931202628232
08141,0.5241908406387122
08142,0.3932100234307844
08143,0.48755101310067334
08144,0.5194215265084571
08145,0.15526200894198855
08146,0.35932452558869
08147,0.1435135879369826
08148,0.26713581530905556
08149,0.29778452193422034
08150,0.5491393784364562
08151,0.1546726643767453
08153,0.4584638052758988
08154,0.019836946331693413
08155,0.034564920941926286
08156,0.02280184724042737
08158,0.6874496632141387
08159,0.6444270211853484
08160,0.7736285018733442
08161,0.043088050978627813
08162,0.5842828423913708
08163,0.3693581422834645
08164,0.09908165438383588
08165,0.3297717440213634
08166,0.21358788800677053
08167,0.0
08168,0.16805863069659688
08169,0.022378039548342964
08170,0.5690927302202785
08171,0.03186115870168905
08172,0.15071228194316386
08173,0.3868846776383847
08174,0.48346275927247523
08175,0.31693642381025583
08176,0.11573868374819757
08178,0.11161103615315741
08179,0.4119112399704262
08180,0.7514852437016544
08182,0.02662362040859515
08183,0.12489471184604731
08184,0.21649050291080865
08185,0.037282205070531454
08186,0.12177742584550484
08187,0.6112812401820107
08188,0.5108227729213288
08189,0.02105701550993165
08190,0.056370370130613065
08191,0.3995353649385271
08192,0.2657524501302695
08193,0.21124198079673687
08194,0.5370597159110806
08195,0.30776661597497024
08196,0.3593731525548282
08197,0.11214269506365683
08198,0.03899853115919332
08199,0.46742802049105325
08200,0.17510624029442778
08201,0.626856130449639
08202,0.04320192747460434
08203,0.5880853225632588
08204,0.2324443685262157
08205,0.8244710361823502
08206,0.42691163224151163
08207,0.5806138613020976
08208,0.21137407623380278
08209,0.6113022619359197
08210,0.455485927215297
08211,0.6247299124742626
08212,0.31361164515599976
08214,0.12821745480310517
08215,0.27160224692115237
08216,0.4611500213822055
08217,0.4669856992711264
08218,0.057471521105112854
08219,0.484433833766998
08220,0.028167146021104834
08222,0.03323977724438083
08223,0.16966353460480224
08225,0.23621868623585152
08226,0.3336474689325091
08228,0.576464713354657
08229,0.24841797110447944
08230,0.35288982330986257
08232,0.6465978468579826
08233,0.04380744367526321
08234,0.581459313899547
08235,0.5878945386990292
08236,0.4249718549444138
08237,0.3655678486483396
08238,0.6728233726716297
08239,0.03668880886959226
08240,0.48773993303539476
08242,0.31150835952497025
08243,0.2563616467800978
08244,0.08168171833827637
08245,0.3571315340420709
08246,0.286438955198278
08247,0.284766241056976
08248,0.47669078561503286
08249,0.25887307508364776
08250,0.038337270610980266
08251,0.39651234439150773
08252,0.25659436417747394
08254,0.016078269377189956
08255,0.47395395020541253
08256,0.057046818747671965
08257,0.019088446007020265
08259,0.10258722900587088
08260,0.2796680731791681
08262,0.18047896313993864
08263,0.6622070181677664
08264,0.026134002930293075
08268,0.52308006732813
08269,0.47269893786326384
08271,0.07567449634093587
08272,0.0259673702339932
08273,0.026241330402663538
08274,0.13917754611749977
08275,0.18342182939064547
08276,0.12651711373065544
08277,0.03475904944690282
08278,0.07274444352456387
08279,0.19726048570052546
08280,0.06469696605459091
08281,0.13136845283760037
08282,0.02129762058290899
08283,0.5977645254366659
08284,0.10620682311518513
08286,0.2246745282545625
08287,0.08200124939598949
08288,0.42732920912141725
08289,0.36574299139738453
08291,0.05830011817400938
08293,0.16288028305641636
08294,0.7746577561387913
08295,0.6385976297621261
08296,0.08479605763668718
08297,0.3959837854899444
08298,0.36770661601339905
08300,0.47176671285318533
08301,0.09406546288986421
08302,0.17358371600197603
08303,0.02912790579093286
08304,0.1886158640283625
08305,0.5532144015108257
08306,0.3510562384186534
08307,0.039126314559510836
08308,0.11911488015058891
08309,0.1995645818207601
08310,0.05957559918185844
08311,0.1127230995069936
08312,0.35235609226232645
08313,0.37475195315754506
08314,0.033684384765443005
08315,0.5202962192419941
08316,0.45858081353989644
08317,0.6094970230414318
08318,0.5523329441421454
08319,0.04594189244964624
08320,0.04360894315072032
08321,0.06611764530235831
08322,0.5528523842959024
08323,0.33194604687676127
08324,0.7982118708661162
08325,0.10593737364043959
08326,0.1591958905894288
08327,0.5448295691880254
08328,0.18022457942285455
08329,0.3026226145139088
08330,0.16763774941826187
08331,0.7558058783362483
08332,0.05746097492438933
08333,0.0857938388035889
08334,0.6790954127767572
08335,0.8279063162537141
08336,0.601977999674087
08338,0.17476152223406932
08339,0.1612919886329677
08340,0.35610944643101605
08341,0.2982033269213739
08342,0.5440093600635525
08343,0.2836680002167694
08344,0.020477828741361996
08346,0.6406555218540166
08347,0.0969184142669878
08348,0.47299552794218064
08349,0.6160723948783522
08350,0.04103702536184987
08351,0.2632227321940303
08352,0.5348289056614901
08353,0.20051912745548214
08354,0.29695358805258154
08355,0.023757295413986013
08356,0.3228805523954975
08357,0.5382732298082014
08358,0.45409737534517514
08360,0.13997298099302816
08361,0.1623744669355663
08362,0.12828266287716822
08363,0.03208032021845071
08364,0.28716353315172327
08365,0.18508548657072127
08366,0.022073616206751964
08367,0.026546073646238472
08368,0.31513780466686486
08369,0.31967417561594075
08370,0.3243150461808415
08372,0.04783718118215902
08373,0.10039013328160343
08374,0.05307755612278834
08375,0.4921661471621648
08376,0.37677293898881575
08377,0.706358111872966
08378,0.03554720309297492
08379,0.038514679841369866
08380,0.22783749866127448
08381,0.16266492264061203
08382,0.0
08383,0.0325508301757653
08384,0.24791454170557467
08385,0.6348595702987945
08386,0.08399148351948749
08387,0.4414428344698435
08388,0.7608482767144857
08389,0.4883141244800015
08390,0.37487552609144215
08391,0.5330059584307155
08392,0.09128673956267647
08393,0.0520743334848739
08394,0.06468025735784816
08395,0.7248131543610299
08396,0.29962505818195206
08397,0.3407928412320955
08398,0.2746303203325875
08399,0.21348124720228862
08400,0.5844948499065568
08401,0.26884766964538864
08402,0.20434811498399957
08403,0.10075485986552193
08404,0.4425660082373628
08405,0.2452183480095085
08406,0.08016239285967276
08407,0.06088303182524616
08408,0.2992871865155413
08409,0.5309000860441908
08410,0.03441387163044627
08411,0.08374492175594125
08412,0.07743649977034983
08413,0.18792931665277185
08415,0.3435017547893311
08416,0.313321192690064
08417,0.03491418838907121
08418,0.16820355174874504
08419,0.02074410071206644
08420,0.04906732232396842
08421,0.2528898678270241
08422,0.6788574032534137
08424,0.1044818098533817
08425,0.04648621714449734
08426,0.440642259422462
08427,0.6330629082070421
08428,0.3104193689926085
08429,0.32748051548116575
08430,0.5508536891286933
08431,0.18969680901576297
08432,0.5351791203181713
08433,0.23795870424249657
08434,0.04119373700001135
08435,0.05574627629400206
08436,0.03488557378330951
08437,0.24923875652602578
08438,0.3347683100306875
08439,0.0638861362277992
08440,0.12963600348803125
08444,0.6486639305990483
08445,0.7539437445532614
08446,0.1702798037769664
08448,0.23414354933996628
08449,0.4789437210716958
08450,0.5761754963659167
08451,0.15066001573749355
08452,0.3105205476812569
08453,0.13285256155696906
08454,0.6284902074367241
08455,0.1357078262882198
08456,0.3876819755866139
08457,0.3225081315435134
08458,0.13983810267408497
08459,0.06327800708538489
08460,0.28446682144103785
08461,0.11984371041302035
08462,0.2569185822710146
08463,0.15073471542603872
08464,0.08483980257811295
08465,0.05455772806821246
08466,0.6619613444618736
08467,0.2721197148266743
08468,0.4881629810984177
08469,0.5451888661536918
08470,0.0981443053426921
08471,0.08094397415721538
08472,0.37151424062094346
08473,0.20356416435111369
08476,0.15080401718081385
08477,0.5564673052685866
08478,0.6631837992539702
08479,0.7469733232861016
08480,0.8041487764253853
08481,0.692618218160476
08482,0.6661883708252725
08483,0.6601731762461411
08484,0.16234458859251988
08485,0.2192738383734417
08486,0.08005670894644887
08487,0.03738694238436613
08488,0.4756572603698325
08489,0.07578810863219648
08490,0.03960159555640697
08491,0.2852280403686981
08492,0.6667131631275242
08494,0.695461397407498
08496,0.2461541894210966
08497,0.3836574410983759
08498,0.6763751933288684
08499,0.33882562268270117
08500,0.5045540176220421
08501,0.1321132764218941
08502,0.5709578827214461
08503,0.6540595672729046
09000,0.0
09001,0.6476043092139216
09002,0.1725785112943506
09003,0.2467081557524837
09004,0.890346194879676
09005,0.41134471637510905
09006,0.6554974577172876
09007,0.4273103301244858
09008,0.40165070214784554
09009,0.6270936224686415
09011,0.13342032963712705
09012,0.8646122918050877
09013,0.6684942854347662
09014,0.33873583662329254
09015,0.35200803002331027
09016,0.6198141175769716
09017,0.3066760584898769
09018,0.22739947114305897
09019,0.2591592193413707
09020,0.9817857258417754
09021,0.6183060866705723
09022,0.475387447832663
09023,0.9911125136171621
09024,0.7901640341708932
09025,0.3314507537123204
09026,0.35847058864882697
09027,0.06347750943778152
09029,0.8947469528737779
09030,0.04063158812868324
09031,0.9174608496127773
09032,0.707696703092713
09033,0.32014089646693994
09034,0.4776165519682665
09035,0.41178036613178237
09037,0.40889425307295724
09038,0.12369535403010647
09039,0.3120302411781674
09040,0.3764758592979371
09041,0.5190601438494337
09042,0.3826132092874924
09043,0.21533044218484462
09044,0.5665719296849983
09045,0.5994824695820664
09046,0.3135107092802013
09047,0.2807768741889873
09048,0.18972295581715948
09049,0.5014362421334317
09050,0.6113965018146584
09051,0.5811121640321573
09052,0.39761366775515655
09053,0.9286486979182621
09054,0.13900500076545966
09055,0.2824644725595342
09056,0.3662507724885726
09057,0.3296401954188389
09058,0.6397956293707173
09059,0.034503057587101746
09060,0.3404088522805517
09061,0.2522725229947175
09062,0.10765931323642375
09063,0.5227567072031333
09064,0.7812673740915066
09065,0.5355328460913982
09066,0.2837091101571535
09067,0.27442348466595073
09068,0.5572733110622783
09069,0.3181653154405727
09070,0.7176457154596275
09071,0.5957166122172328
09072,0.5628054616052015
09073,0.33458967478227974
09074,0.15056494564616615
09075,0.17358087767349883
09076,0.2887591203702836
09077,0.4426044929673912
09078,0.9885134694438479
09079,0.09076657428020368
09080,0.5660904826267524
09081,0.4535994401290381
09082,0.5799043795199726
09083,0.4239761107256209
09084,0.11857798580723988
09085,0.20612788720416503
09086,0.4185778336449134
09087,0.9679159237867605
09088,0.8255817920549282
09089,0.2226131943484699
09090,0.5999241307068642
09091,0.31066511825055165
09092,0.7641397643408991
09093,0.42145644345836264
09094,0.24431790150730665
09095,0.38102662476785226
09096,0.8567062117880707
09097,0.5429718764555949
09098,0.4002689320372764
09099,0.5355320660169691
09100,0.606785520953907
09101,0.5236545733122192
09102,0.4529766466555232
09103,0.3096743573615271
09104,0.39143689887931293
09105,0.19198512302724427
09106,0.3315712636869054
09107,0.3828047338921145
09108,0.5025435607168368
09109,0.3258613255705219
09110,0.4029581738647483
09111,0.21743086137250608
09113,0.18800874702727738
09114,0.44015052626005585
09115,0.5259496833606379
09116,0.4917992900985939
09117,0.3545113763054382
09118,0.4451641408369173
09119,0.20585091582439166
09120,0.15296440037345277
09121,0.5995606885302183
09122,0.09036854732652995
09123,0.23379442255030225
09124,0.15805131883318044
09125,0.5593595905289831
09126,0.5223182841825881
09127,0.6150728104537915
09128,0.34748415079956446
09129,0.33442342417954235
09130,0.44026048115315697
09131,0.935810405694967
09132,0.3638188707486417
09133,0.6953772143818855
09134,0.5652845395271197
09136,0.5997759493908267
09137,0.5769332118155699
09138,0.5484495974587579
09139,0.9162064193281472
09140,0.9878935620625793
09141,0.4031123670668578
09142,0.4824529930625286
09143,0.7712855889231529
09145,0.37118147687626507
09146,0.3602275971138637
09147,0.24721154814566068
09148,0.3652684386188964
09149,0.3589521085220742
09150,0.17670811861134744
09151,0.5016913387639007
09152,0.5894030122263605
09153,0.3166819703560223
09154,0.5806721932746999
09155,0.8782121951567771
09156,0.7882225592211476
09157,0.20385710247797284
09158,0.2518172729210432
09159,0.95208220870231
09160,0.13527096640455422
09161,0.09674323159833446
09162,0.7514443346026304
09163,0.508979725795832
09164,0.24987139042089096
09165,0.3310634403122514
09166,0.6055727217636215
09167,0.14055124644665326
09168,0.5331837550933151
09169,0.4343486354869079
09170,0.1740027013911501
09171,0.9205150457653205
09172,0.15365882209832277
09173,0.5741679577004191
09174,0.4560645297565257
09175,0.4769219059588337
09176,0.8578797970566716
09177,0.44444648048910534
09178,0.27285978013277074
09179,0.5472358630430606
09180,0.373245713436241
09181,0.4616362136618028
09182,0.20349513661577656
09183,0.4488898808302986
09184,0.2907309841364705
09185,0.07010094570982298
09186,0.1613280099305393
09187,0.22896548073311376
09188,0.3555358120908303
09189,0.8941434788721151
09190,0.2412362542752542
09192,0.5285537032741227
09193,0.9883128581806389
09194,0.07907762265977332
09195,0.5858560256283413
09196,0.4343686111835796
09197,0.9263670013156472
09198,0.2509973004926502
09199,0.31768500135048405
09200,0.2186151940445995
09201,0.52804056119155
09202,0.5387705284833137
09203,0.6562036259873865
09204,0.39679397269640204
09205,0.3491508668915992
09206,0.462872672543705
09207,0.34771999972340806
09208,0.4037534086945319
09209,0.1439628541326197
09210,0.4362148377972394
09211,0.7961566641793741
09212,0.5422436292927134
09213,0.1384225321492467
09214,0.09870055404641435
09215,0.490267682253433
09216,0.6325823592508757
09217,0.5568956329249718
09218,0.9843840302971315
09219,0.40956715390502735
09220,0.9325606280802458
09221,0.7872386676822306
09222,0.7630617665151238
09223,0.32313130755258096
09224,0.5672272667677604
09225,0.07499320621564186
09226,0.9230197973428108
09227,0.5128990909815042
09228,0.9454817559006624
09229,0.10084152342870603
09230,0.9810834963434187
09231,0.6574729223526904
09232,0.8788923743644028
09233,0.48003980182792827
09234,0.6383126280487107
09235,0.34742551818975814
09236,0.39337217844794065
09237,0.9851627127129745
09238,0.3064157476258318
09239,0.9859670268937339
09240,0.6320622660942692
09241,0.4068334687394113
09242,0.49500460749820574
09243,0.300580473757098
09244,0.2714745275969777
09245,0.37834313897513655
09246,0.43298262502152346
09247,0.2892070634346438
09249,0.5234669831403964
09250,0.595739224706988
09251,0.14542348616856063
09252,0.9879880093668542
09253,0.43326125200341536
09254,0.4339412943514264
09255,0.49821830250934473
09256,0.6699071462126445
09257,0.18295346423907416
09258,0.5240272587289131
09259,0.41004067493437385
09260,0.7214981831843249
09261,0.038142772736589406
09262,0.2704439355135341
09263,0.35741002985055176
09264,0.30528535328164913
09265,0.4876292367231324
09266,0.4619839532530465
09267,0.0876439560205648
09268,0.8629053791472203
09269,0.5089593185531547
09270,0.3776020235556382
09271,0.5317873470600617
09272,0.1399563412088742
09273,0.38563885886156485
09274,0.18367404255190742
09275,0.14323067472853454
09276,0.5651954943305842
09277,0.115421658229459
09279,0.36542010537610975
09280,0.3233996131974259
09281,0.4503854685439108
09282,0.09645618404617091
09283,0.9042075070924689
09284,0.5824942855311459
09285,0.027632318081064602
09287,0.8258573792068314
09289,0.28718823832731827
09290,0.11361520871497506
09291,0.34989481376089326
09292,0.5381304781295434
09293,0.3926927137063115
09294,0.23826991605916387
09295,0.42732211506641665
09296,0.7024057500565786
09297,0.45382309502963747
09298,0.9633243360197581
09299,0.23843010209131818
09300,0.48187516408089603
09301,0.36029984010277394
09303,0.5018278089845452
09304,0.6599727192590876
09305,0.4334675073247379
09306,0.5044760106884034
09307,0.3079016245083222
09308,0.4021327998729677
09309,0.43392699679483454
09310,0.1704300025260381
09311,0.9624390938698213
09312,0.19428854583884406
09313,0.2316474386291016
09314,0.357583051777124
09315,0.40930274813952316
09316,0.20420568873025924
09318,0.9593705410269938
09319,0.38160074014047884
09320,0.9065209985975491
09321,0.6181350178991388
09322,0.09576636529155352
09323,0.48654658034315895
09324,0.2160753204341453
09325,0.9914177638647486
09326,0.9380210684657262
09327,0.5499931106488103
09328,0.7604893424975548
09329,0.49006338847094677
09330,0.9202685970768029
09331,0.2804125436562335
09332,0.36836252603842073
09334,0.14801446160938847
09335,0.38415949670528066
09336,0.3323739040176619
09338,0.27349176188425484
09339,0.3194771490306386
09340,0.4641222961277705
09341,0.522014757944097
09342,0.16416313190293666
10000,0.0
10002,0.9010458163145662
10003,0.06579067117660574
10004,0.6429321749880961
10005,0.9752351853074636
10006,0.18588532203337693
10007,0.39979511705680076
10008,0.9871960238007861
10009,0.965674791144152
10010,0.341604571086287
10011,0.800482723055887
10012,0.9659822407408684
10013,0.7602357569945632
10014,0.815270148244051
10015,0.7714511085606901
10017,0.2409586532004233
10018,0.6220964056954026
10019,0.16219823657855076
10020,0.4769210589141791
10021,0.8410831464354201
10022,0.9484176442121975
10023,0.7265180892455468
10024,0.4539176297886383
10025,0.13044631352978026
10026,0.13745000569347485
10027,0.18703610690361192
10028,0.3970585245968388
10029,0.9444683669776032
10030,0.7215856812272397
10031,0.6926192717095343
10032,0.4350863700833742
10033,0.4942220716254536
10034,0.8918897859844701
10035,0.7705958020772572
10037,0.5348083346341743
10038,0.632749072026326
10039,0.9804591246507985
10040,0.9141313126505074
10041,0.9949633202590716
10042,0.5842798163787511
10043,0.32231431535095423
10044,0.37979687038192145
10045,0.9963820832060496
10046,0.6385755019056021
10047,0.34715247428479856
10048,0.9861504946224382
10049,0.7120393934704314
10050,0.9625218836004383
10051,0.6444674668168825
10052,0.4976320081157149
10053,0.8379362345480468
10054,0.6809434802228359
10055,0.9809465045384349
10056,0.8398237102022952
10057,0.690334528722851
10058,0.0924525524302812
10059,0.26110914449259215
10060,0.638467741659551
10061,0.8934744806917276
10062,0.9836643013258115
10063,0.6025469614498212
10064,0.18171441947917547
10065,0.35234969301520647
10066,0.608656340278147
10067,0.6703578889382978
10068,0.9617595358957206
10069,0.9959979264902862
10070,0.8167859075912284
10071,0.9882701803259073
10072,0.690852518349308
10073,0.17226215497518113
10074,0.6303728755570746
10075,0.7600582791315426
10076,0.969756819384608
10077,0.4491122768189661
10078,0.9904985210816772
10079,0.21578862953061775
10080,0.5674253414705585
10081,0.6093666722001024
10082,0.7917652914034594
10083,0.8995951159467475
10084,0.6073850018822169
10085,0.811248482636563
10086,0.5658876658096614
10087,0.9151518106141576
10089,0.4462092865309345
10090,0.7786288458885503
10091,0.26615470221909254
10092,0.9714037251158444
10093,0.7062574678267851
10094,0.07321479040701073
10095,0.6735556933021547
10096,0.4526946204175998
10097,0.995687831526124
10098,0.6074996302794712
10099,0.7155615865133117
10100,0.793080048354422
10101,0.25653103112965214
10102,0.6407151173123943
10103,0.508381365999312
10104,0.7646320054809483
10105,0.40025495700822056
10106,0.7220644355266855
10107,0.606563853277112
10108,0.8273887330977029
10109,0.9685190163396322
10110,0.8679020178682768
10111,0.9595727100899046
10112,0.9057088850944074
10113,0.9687525874464155
10114,0.4397688756223838
10115,0.6698912715426608
10116,0.7701793071296144
10117,0.6116312210883333
10118,0.8588362397280467
10119,0.2783354390563441
10120,0.7463661611882937
10121,0.11416069918821223
10122,0.8328753902024922
10123,0.8762496577919135
10124,0.6428124427611518
10125,0.5792599248513752
10126,0.983154629647718
10127,0.46899962130488787
10128,0.18960843462408192
10129,0.8867160468832422
10130,0.7976187763106326
10131,0.6355508645560363
10132,0.5495995110543235
10133,0.6040800992511175
10134,0.7000177276940618
10135,0.7884216373936833
10136,0.9899555034398336
10137,0.8400571937713862
10138,0.6178760451552929
10139,0.6660241447301612
10140,0.3493353783429565
10141,0.880581747358657
10142,0.3764985991694792
10143,0.8174115701209598
10144,0.5808473099804587
10145,0.5895532421666982
10146,0.7817692475734486
10147,0.7065860209618415
10148,0.5219183258521876
10149,0.7671952598094799
10150,0.7223074063424172
10151,0.5098927104061937
10153,0.4709106675236894
10154,0.7040812187161668
10155,0.93887336800287
10156,0.6728740609505668
10157,0.6390669952951278
10158,0.9391289043794632
10159,0.9937382400474184
10160,0.9839939898432746
10161,0.7889625531334284
10162,0.9363392496050253
10163,0.788286538990974
10164,0.5374820617356064
10165,0.9083115369712715
10166,0.5995173895871596
10167,0.9230911924348005
10168,0.49342640893623557
10169,0.6732141641187536
10170,0.8318642372866986
10171,0.2621514237064347
10172,0.8168370768570624
10173,0.7622019345006916
10174,0.2322888403306905
10175,0.35523205408149305
10176,0.9821151463363242
10177,0.7786802522867033
10178,0.9729145143730714
10179,0.5590278983960898
10180,0.10513721292195628
10181,0.9641793810992156
10182,0.9429744266117819
10183,0.9798109819353945
10184,0.366604404962539
10185,0.5206944578245423
10186,0.6983377230253038
10187,0.9526604945378018
10188,0.39964160021348893
10189,0.5076311025075856
10190,0.7535309071344065
10191,0.7969746226405842
10192,0.20757357599180648
10193,0.10319363094920041
10194,0.7392500829660449
10195,0.7818051812717938
10196,0.8320632553260298
10197,0.6718308454529417
10198,0.7814048600473087
10199,0.9662868958322568
10200,0.9791065650664366
10201,0.553955908605625
10202,0.501075370419535
10203,0.8297916814135841
10204,0.779466897077278
10205,0.9951698880821374
10206,0.8833322779742546
10207,0.5514568591649404
10208,0.6643828887937954
10209,0.7300068964923113
10210,0.7823320919291482
10211,0.5422135873388577
10212,0.7699559147302847
10213,0.9982342424592882
10214,0.3137742914747551
10215,0.9848387138573815
10216,0.8368727717391539
10217,0.9899798357540591
10218,0.33014780026978635
10219,0.8190565599335713
10220,0.5113115966625678
10221,0.5215198294684864
10222,0.3253376609520051
10223,0.27741306444966457
10224,0.06762304604605386
10225,0.7618204130534757
10226,0.9839304975954462
10227,0.7763559885419878
10228,0.9598536153063919
10229,0.787741024905004
10230,0.7407571619592113
10231,0.5091185629477827
10232,0.9729899075303913
10233,0.2369746061360904
10234,0.5245855335288556
10235,0.40668347390087406
10236,0.435619941291174
10237,0.47720322246179864
10238,0.9582792714749442
10239,0.8103414548715195
10240,0.6739398644876553
10241,0.6834701013630541
10242,0.9813649238317615
10243,0.1566207572476555
10245,0.8335294379084065
10246,0.7331173055227458
10247,0.7116986009979039
10248,0.7379298299923024
10249,0.9423526727806902
10250,0.892349215248481
10251,0.46753143970575334
10252,0.9926983600441903
10253,0.23537522950467918
10254,0.6047473525297118
10255,0.9331722160719285
10256,0.7037929554822396
10257,0.424139626321818
10258,0.5886327225405172
10259,0.680632276172484
10260,0.7375948314871064
10261,0.2678965308286143
10262,0.9379936605606092
10263,0.34155429744517635
10264,0.9822239654710205
10265,0.8093041159420338
10266,0.45957330067399177
10267,0.250770479407986
10268,0.2677148705907911
10269,0.5476898279011827
10270,0.691342543854313
10271,0.6456891041726803
10272,0.5839438544894185
10273,0.3458691237433105
10274,0.677162625330867
10275,0.5782744613504445
10276,0.5675568726869347
10278,0.34456540160140553
10279,0.20241400784743996
10280,0.7135497515668074
10281,0.744534946940441
10282,0.5267878988183643
10283,0.40937585825950834
10284,0.6705552675595862
10285,0.5892961233679571
10286,0.5759992982580554
10287,0.8676819092152457
10288,0.525563467824755
10289,0.19648751399419848
10290,0.7807776148292871
10291,0.5501788527471403
10293,0.9467221525121277
10294,0.9885876031160379
10295,0.9533737887668857
10296,0.9497539481981568
10297,0.7074367750497778
10298,0.5234868868684076
10299,0.23356493424122618
10300,0.13196321119149718
10301,0.8058629224449957
10302,0.3813156740439864
10303,0.3901850264315429
10304,0.3036550369243034
10305,0.6484211023856942
10306,0.9752667056254323
10307,0.713192358147565
10308,0.4749199310498095
10309,0.8750027689610388
10310,0.9943703208272011
10312,0.6957940799728041
10313,0.9529703095150893
10314,0.19900390988795852
10315,0.4204692469435879
10316,0.47522976460616584
10317,0.04681690235513916
10318,0.6204066626217738
10319,0.8375874595748684
10320,0.6751219533767813
10321,0.5590886654930671
10323,0.20519653645348188
10324,0.7728328250696438
10325,0.5144475232425465
10326,0.2893661669442872
10327,0.8057296637501165
10328,0.7986272045472551
10329,0.8515981398796578
10330,0.5568727120153466
10331,0.8812458725024203
10332,0.8401937139464758
10333,0.6056050827895889
10334,0.5787738113084555
10335,0.8378053990603727
10336,0.7701211275024231
10337,0.452460346578359
10338,0.5246771549057099
10339,0.32875316922402364
10340,0.5829039508539956
10341,0.3044381057601857
10342,0.7303923933497427
10343,0.6224241629618207
10344,0.7216801486794967
10345,0.45966922719071374
10346,0.20434078897990354
10347,0.6430845092653263
10348,0.6255616897869077
10349,0.530690022249707
10350,0.34713885213675144
10351,0.5477892033284666
10352,0.6800379841639493
10353,0.44869698267236396
10354,0.3355085872203679
10355,0.7447908627975942
10356,0.4311203781477564
10357,0.9637993460623638
10358,0.8357518123095578
10359,0.536554203121074
10360,0.6399083998577534
10361,0.7035796036655568
10362,0.4476953420435635
10363,0.7608305436975753
10364,0.9838873333410838
10365,0.5258481425592954
10366,0.7663056040977252
10367,0.7121979873620357
10368,0.6626938999736924
10369,0.719505121309243
10370,0.7410029023583901
10371,0.7300190270313652
10372,0.3588307583362279
10373,0.720412113534971
10374,0.9886097981456592
10375,0.8621539605799688
10376,0.9970281485563821
10377,0.5922432817349875
10378,0.6321990994206453
10379,0.305657148193532
10380,0.530728295505547
10381,0.6299647498542398
10382,0.5709949962047774
10383,0.7325809860097253
10384,0.9720195026319638
10386,0.8758113751791112
10387,0.14300236912985678
10388,0.7929958582664276
10389,0.9852539786953268
10390,0.9539257575314332
10391,0.8014207823302033
10392,0.4473829632566419
10393,0.46912436242829403
10394,0.8105451473669029
10395,0.7478834839272412
10396,0.7317470433889911
10397,0.988314157026561
10398,0.5045311400113469
10399,0.8574548177980097
10400,0.3774339481920706
10401,0.9351786320854141
10402,0.6963000461934284
10403,0.8335428550786865
10404,0.9826764328160311
10405,0.2818271585802615
10406,0.6003342115418571
10408,0.26711859490544543
10409,0.6885603915700924
10410,0.6732488294970201
10411,0.7038520621051987
10412,0.8190953690602015
10414,0.6909269193322247
10416,0.7504279693066035
10417,0.4512223226231968
10418,0.9698509724952821
10419,0.9056167296589762
10420,0.18184643560942226
10421,0.6180107912438678
10422,0.5086863186711997
10423,0.9774261680674773
10424,0.26501332940041555
10425,0.7221630904533997
10426,0.6417122445996132
10427,0.9872960754561916
10428,0.7867064528861054
10429,0.16734517721449818
10430,0.8268380444330402
10431,0.6989244328750324
10432,0.9640498304076696
10433,0.9958155454343298
10434,0.8065107493397803
10435,0.7616594592949476
10436,0.23458673104785804
10437,0.9421120705772263
10438,0.9826438854924536
10439,0.9894116132687931
10440,0.8085211364120787
10441,0.35283449436018804
10442,0.5795259089939433
10443,0.9527026152760487
10444,0.9192180509351355
10445,0.19397394368657908
10500,0.0
10510,0.0
11000,0.0
11001,0.8990956366914892
11002,0.7718328624355573
11003,0.9215687989659842
11004,0.8403925265522698
11005,0.9190223668207034
11006,0.4212606378982762
11007,0.7827793459757677
11008,0.9250703934272951
11009,0.898692980286623
11010,0.9340024112237265
11011,0.8955968415766331
11012,0.3883812552860119
11013,0.7721179233950997
11014,0.7677035147953716
11015,0.938388718344083
11016,0.9462532478377121
11017,0.9402379203273108
11018,0.9486888062843509
11019,0.9671263571301947
11020,0.8620210091843961
11021,0.7953980347036944
11022,0.6068829697943608
11023,0.9164792808927364
11024,0.9010869753472386
11025,0.9408841543460784
11026,0.8808444039548335
11027,0.9401169590691381
11028,0.7981963713850247
11029,0.9436612499331715
11030,0.8485785461066903
11031,0.939602173989071
11032,0.8020486818444316
11033,0.5068797358578762
11034,0.7815755434978421
11035,0.9760741692474428
11036,0.93417704433777
11037,0.9627754022188567
11038,0.9676471194899776
11039,0.9171465159811695
11040,0.6389440501055981
11041,0.16642084188961656
11042,0.9340453326670084
11043,0.9406343495127456
11044,0.9214764252647428
11045,0.9359479223980495
11046,0.9424996073727789
11047,0.9763705354121884
11048,0.7234171379003799
11049,0.5932505306722754
11051,0.9510005205116328
11052,0.8668468927682778
11053,0.9356274840560602
11054,0.6962886360057986
11055,0.9598125766510197
11056,0.8631841905060496
11057,0.8793869351175336
11058,0.8558599751683218
11059,0.9261257832875708
11060,0.9519895705568449
11061,0.8843560472599107
11062,0.9833239174105647
11063,0.9138432034770554
11064,0.7293892026899166
11065,0.94119844521077
11066,0.9352928690803274
11067,0.4400891902872482
11068,0.9529043029858391
11069,0.2391492497083217
11070,0.9091459039899137
11071,0.936926740515955
11072,0.8981242682778808
11073,0.9566215388018818
11074,0.5286628149079919
11075,0.7657875264323355
11076,0.34746814143180127
11077,0.643130914860616
11078,0.9203927890354354
11079,0.8399227752440295
11080,0.750168630266326
11081,0.6798935563556271
11082,0.9539243561159595
11083,0.8857423827105791
11084,0.9523770616914162
11085,0.9261223366186765
11086,0.9544173171017318
11087,0.8784576825319956
11088,0.9186309774825303
11089,0.9167904239011786
11090,0.9568025526253783
11091,0.7076646177271825
11092,0.706258142222828
11093,0.9688787551405637
11094,0.9314211057301965
11095,0.9624024691122216
11096,0.8342111153105249
11098,0.6176460830670035
11099,0.8454384738491149
11100,0.841494752694038
11101,0.959693946288707
11102,0.9485261722534393
11103,0.8207374932457041
11104,0.9657369349327704
11105,0.8374621340294676
11106,0.5747260458690383
11107,0.8927572172994584
11108,0.9449898114581169
11109,0.9548770929749935
11110,0.7033787494404482
11111,0.7288925277192055
11112,0.7877327505534633
11113,0.7111963461350518
11114,0.8668768325457883
11115,0.6487800748076624
11116,0.46162394979144206
11117,0.7304545671043726
11118,0.8249641425586894
11119,0.9282967883661083
11120,0.9515736223303751
11121,0.9234098084549931
11122,0.8511867373844981
11123,0.9314557821719528
11124,0.8604660205209567
11125,0.9581686048498878
11126,0.6730943762725278
11127,0.9649190328571248
11128,0.7645716331906839
11129,0.7904202690888923
11130,0.7114422909223317
11131,0.9346508060114356
11132,0.4498186836752643
11133,0.9456089516963722
11134,0.6876767748620941
11135,0.9819036756157449
11136,0.9016639553699786
11137,0.7896234877159203
11138,0.931893459806949
11139,0.9539530834258844
11140,0.5573445724767221
11141,0.9385528117484733
11142,0.9047578150451044
11143,0.9568884206113015
11144,0.8643691788869997
11145,0.7239597936174903
11146,0.9282424538605897
11147,0.9658817033810801
11148,0.6126859048050793
11149,0.9415828489592528
11150,0.8393555962345546
11151,0.9401611523797468
11152,0.8927381387159065
11153,0.945243603626229
11154,0.9397165743450502
11155,0.8948618116444709
11156,0.899898256551909
11157,0.9227215844926332
11158,0.9538793896350176
11159,0.874076903387107
11160,0.9581155631796141
11161,0.9558792997526294
11162,0.935557859827835
11163,0.9104142439773432
11164,0.4660211402665864
11165,0.958225751074033
11166,0.8819238959587851
11167,0.9278355448028658
11168,0.9488592592775195
11169,0.9485726291748721
11170,0.6852877009677452
11172,0.9266527936866255
11173,0.9260002109856669
11174,0.9191334898199319
11175,0.7674546713175793
11176,0.7205704008971152
11177,0.9280684086248899
11178,0.6760821045656108
11179,0.8872586094460674
11180,0.8395620103205474
11181,0.7753978461687512
11182,0.5627351867215534
11183,0.948420389360321
11184,0.7868540292823205
11185,0.6727390123437137
11186,0.8172580970270447
11187,0.8057411942273703
11188,0.8032972894763137
11189,0.6201784912134837
11190,0.7445434352857104
11191,0.6202620406334416
11192,0.8502601285637738
11193,0.9543312381625001
11194,0.9417907319063215
11195,0.8994699731563492
11196,0.9335997972967629
11197,0.9074477706776349
11198,0.892594043618147
11199,0.9003757163813257
11200,0.7860806480578792
11201,0.9123336917205819
11202,0.32741172242919575
11203,0.3406087671130053
11204,0.81960461521748
11205,0.9429546029073487
11206,0.3645038366442243
11207,0.9147871453057514
11208,0.7559928127590061
11209,0.9425289771944818
11210,0.7716197269341736
11211,0.9113373968932583
11212,0.43543733853715433
11213,0.7467187469889693
11214,0.9589389594095671
11215,0.8890715705711111
11216,0.942946717934877
11217,0.695329373894079
11218,0.601847465129812
11219,0.9604488675735868
11220,0.9025471210888673
11221,0.5355807930618668
11222,0.8073865995671534
11223,0.9549419424746369
11224,0.9133529247551369
11225,0.7671588653503523
11226,0.878439801945835
11227,0.9261189265817633
11228,0.8770571482329572
11229,0.9704837301689199
11230,0.969361591111588
11231,0.7754374561801058
11232,0.904551802709626
11233,0.5263059235440134
11234,0.9568971499449684
11235,0.8999211971887864
11236,0.558735243431734
11238,0.8468893983750645
11239,0.8959040502842298
11240,0.9252054847288363
11241,0.6964973716503174
11242,0.9533954345957997
11243,0.7045692760085428
11244,0.8784635742909525
11245,0.6034842435568853
11246,0.8867940681244395
11247,0.8401051879648012
11248,0.9527145133537095
11249,0.9121971038508676
11250,0.40159513561798943
11251,0.9181296178088599
11252,0.6144402863715982
11253,0.8848766229632068
11254,0.8607400550723401
11255,0.6754593361360266
11256,0.7331888045417942
11257,0.9444822402058299
11258,0.6683531136250613
11259,0.8951945998243569
11260,0.9531954878032853
11261,0.6982024326275436
11262,0.04787965443680675
11263,0.7466280374625709
11264,0.6423591163224136
11265,0.9734396022323184
11266,0.8105935840581322
11267,0.7245433282209922
11268,0.8190533180489867
11269,0.39744905438671685
11270,0.4077035548876525
11271,0.7411853925624403
11272,0.7863034600359886
11273,0.49838641662867833
11274,0.9269846543170294
11275,0.8925928599034996
11276,0.9475265865657705
11277,0.831549798427806
11278,0.8671043651773295
11279,0.8757774485878714
11280,0.5468560988824047
11281,0.7366327790366517
11282,0.8103741082757062
11283,0.8396760225272077
11284,0.8088282251473626
11285,0.8553403566521872
11286,0.9145373056718954
11287,0.9572406509551645
11288,0.8747863907819243
11289,0.9447261852179276
11290,0.6478898560711533
11291,0.7799867105220749
11292,0.769251621611324
11293,0.9025058381398429
11294,0.8243343789593004
11295,0.8796301680634624
11296,0.6390932647900908
11297,0.7573929937219196
11299,0.9331500932502221
11300,0.8328085566567607
11301,0.6892691668741154
11302,0.881549497568235
11303,0.3868416083767404
11304,0.6531268060055644
11305,0.7670447723711773
11306,0.9801166533071172
11307,0.7430399322269949
11308,0.9278033604413565
11309,0.9654190792361024
11310,0.9534019891949698
11311,0.812800162658667
11312,0.8401878092836622
11313,0.8220436041673415
11314,0.9364587414709177
11315,0.7837208526551274
11316,0.37453185511802484
11317,0.8640841434707305
11318,0.8027344774153278
11319,0.8517802339254092
11320,0.6501414715068944
11321,0.8057706158848188
11322,0.8972277741376241
11323,0.906448481135995
11324,0.6591848069117806
11325,0.92971183065296
11326,0.7806537740408445
11327,0.9364762053873552
11328,0.9340316297515892
11330,0.9178662203898214
11331,0.9196032909312898
11332,0.6936476137377142
11333,0.9051164195049398
11334,0.8274469529842406
11335,0.9604485328926975
11336,0.29243809984012226
11337,0.7947320235124349
11338,0.9277801970691494
11339,0.7428050462711933
11340,0.9457547568987709
11341,0.9569225219530465
11342,0.9074464741164416
11343,0.7460792761382814
11344,0.9454438882781951
11345,0.9258682552250848
11346,0.9379529606391483
11347,0.9668355090494235
11348,0.838445466193491
11350,0.9113611273783832
11351,0.4537455261596023
11352,0.9310764806146227
11353,0.5467926855844124
11354,0.9233965036131709
11355,0.950381207099314
11356,0.8294712770194917
11357,0.9203393763326396
11358,0.9715791545977721
11359,0.6414471710141102
11360,0.5041939541407938
11361,0.7561273010506938
11362,0.7216717483682007
11363,0.707064648333453
11364,0.8185282725992329
11365,0.8339753284053689
11366,0.6125992192122552
11367,0.7075538360779855
11368,0.9481058937333123
11369,0.4094473425626623
11370,0.6799887044158417
11371,0.6550787452828589
11372,0.918150397553094
11373,0.9404870333411098
11374,0.8096364440709035
11375,0.16276962664653621
11376,0.9517805163469395
11377,0.9515306050456975
11378,0.8884027078297558
11379,0.7979042176845732
11380,0.8281850255233096
11381,0.8954556524452844
11382,0.8440450849181484
11383,0.8163251990285021
11384,0.8918952670075753
11385,0.7779246178471695
11386,0.850959301425459
11387,0.963529903766573
11388,0.9617546224861205
11389,0.9429255092050921
11390,0.8981542345794928
11391,0.9024218001318511
11392,0.794901301702013
11393,0.6991513719527309
11394,0.9408541072784415
11395,0.9377492315586469
11396,0.7933742726276471
11397,0.7314990975886296
11398,0.9373635159046068
11399,0.8064826292779681
11400,0.20352352233457222
11401,0.23157390277962636
11402,0.9478748310046433
11404,0.8827082485400224
11405,0.6222272791945053
11406,0.9418908745266878
11407,0.7450600381575961
11408,0.9454218778051766
11409,0.911936478097925
11410,0.9462315842624055
11411,0.9422342137304379
11412,0.9093077096116927
11413,0.8936811702451578
11414,0.9590046739403608
11415,0.9583368039687062
11416,0.9158808206158232
11417,0.9551875119493063
11418,0.6861197186076736
11419,0.8569898827844813
11420,0.9287642602400401
11421,0.7177691763181517
11422,0.9547483338548919
11423,0.9484177474465191
11424,0.9222495972421384
11425,0.9087696245166635
11426,0.8552421147356591
11427,0.7101699132776627
11428,0.8213253976644803
11429,0.8197322919359139
11430,0.8119320437418113
11431,0.9224968036879911
11432,0.9095798805073235
11433,0.8625405256479165
11434,0.8676770789340191
11435,0.5691799509928117
11436,0.9629473173171508
11437,0.9436652394389713
11438,0.9230168852318974
11439,0.8350495453827352
11440,0.9071068870966802
11441,0.694855146423403
11600,0.0
12001,0.3813617350596173
12002,0.4513180398898831
12003,0.8070281772445659
12004,0.637981217042005
12006,0.7259974537883518
12007,0.8613866128029454
12008,0.5189491760434571
12009,0.8326037618021659
12010,0.7116382867930754
12011,0.5329094395570171
12012,0.7523776945348926
12013,0.27116548849095573
12015,0.5286312327734494
12016,0.3962722061587546
12017,0.9763936281732325
12018,0.8877027514843963
12019,0.9586180970372329
12021,0.8340811916022416
12022,0.933303725319267
12023,0.9469270177305573
12024,0.3773899117298723
12025,0.2970091115750043
12026,0.41865007620984723
12027,0.5083963668638195
12028,0.8363813452023923
12029,0.8850695390526735
12030,0.8456888424267389
12031,0.7673915878280753
12032,0.3267781601732792
12033,0.10362640377997083
12034,0.9268380266953505
12035,0.8947640234786631
12036,0.4313997936732745
12037,0.7851755255880347
12038,0.7494655626084846
12039,0.9468593819020079
12041,0.6813904514139212
12042,0.9630890695405586
12043,0.15577061196519104
12044,0.3795485041560718
12045,0.3083071573289284
12046,0.46430766607032065
12047,0.8806004436116727
12048,0.6761377110950545
12049,0.5375477886957507
12050,0.26182275161016294
12051,0.611112754169608
12052,0.32601923261596344
12053,0.8913176370009865
12054,0.8793154375179685
12055,0.9038894139352887
12056,0.17758645078052526
12057,0.15489110452078367
12058,0.5919524906073667
12059,0.4142666409127998
12060,0.7709869369708051
12061,0.2566334984824371
12062,0.9262511530964571
12063,0.5222800907493748
12064,0.5036562215565485
12065,0.39925459282176207
12066,0.22244079847339315
12067,0.9430417487103142
12068,0.27653575842209316
12069,0.8890962209686193
12070,0.5330544909853469
12071,0.8482199475060029
12072,0.8983579950231643
12073,0.3054499545647736
12074,0.7828293799002335
12075,0.8343488307865023
12076,0.10938996336589207
12077,0.803496106686308
12078,0.9782491178660179
12079,0.2899062815578611
12080,0.9008771529231177
12082,0.9364647869130177
12083,0.6440027284312841
12084,0.5568207450086397
12085,0.6587048319776897
12086,0.5490622572727126
12088,0.6971372099623334
12089,0.29591724219102455
12090,0.103057948383588
12091,0.8688850516905852
12092,0.48639478853690293
12093,0.5985899684318872
12094,0.14873978062643148
12095,0.40314979345927404
12096,0.17736691655458683
12097,0.43281854216110016
12098,0.3876186851949299
12099,0.8942695218745772
12100,0.2357298804435822
12101,0.6063448057658667
12102,0.1984964498869844
12103,0.45565193954243555
12104,0.8585960757520577
12105,0.6211491393782034
12106,0.6043100127225384
12107,0.6280130443204953
12108,0.7317500580672145
12109,0.9622883695019323
12110,0.42238899274126196
12111,0.4573850493233425
12113,0.35945465315287733
12114,0.0
12115,0.8369235033495938
12116,0.8369067260173695
12118,0.3227500312811557
12119,0.1802686696011365
12120,0.19112119553135615
12121,0.8379870191610845
12122,0.9079211235945774
12124,0.38778904781480283
12125,0.8020130894173958
12127,0.4378938558803939
12128,0.9103833162151521
12129,0.9299277470687751
12130,0.6076854172579588
12131,0.3153554366915037
12133,0.07143048140960948
12134,0.8044967531392335
12135,0.9016613843134159
12136,0.7190813361939585
12137,0.32880458823845987
12138,0.40448494212737274
12139,0.9814396805379603
12140,0.746735188364785
12141,0.7741314790062453
12142,0.24810758030045854
12143,0.7882312971465244
12144,0.6441326280809744
12145,0.022582583746529803
12146,0.22112308552069554
12147,0.9474768524148324
12148,0.38993562577725427
12149,0.7687973061735971
12150,0.7935875765266422
12151,0.47189769523033903
12152,0.8488101834976851
12153,0.9061006203897884
12154,0.8920554289030549
12155,0.9561481706630948
12156,0.5036330201230872
12157,0.2085079993507153
12158,0.8573416933217838
12159,0.9363924379785343
12160,0.5460687120382574
12161,0.43943727985461273
12162,0.34820424258224236
12163,0.8568860352880485
12164,0.3523947756896643
12165,0.41036456388028814
12166,0.7859277321463297
12167,0.6792565629012282
12168,0.2957434129579486
12169,0.2926635362952859
12170,0.8213542621216793
12171,0.40606463612733357
12172,0.4283769718361631
12174,0.13860660917158368
12175,0.9178503497790452
12176,0.04912839279295311
12177,0.10960515238800918
12178,0.555439345960882
12179,0.9139684545482732
12180,0.7198711035061229
12181,0.8595746792136297
12182,0.5998105363960187
12183,0.8533696137718816
12184,0.7218079262943237
12185,0.23520867051535202
12186,0.8750612342883226
12187,0.5036429382931578
12188,0.3557780144654296
12189,0.42435715187828843
12190,0.8262101345501855
12191,0.7306439769794119
12192,0.7220255838337925
12193,0.6059332390356581
12194,0.4021163881795044
12195,0.8915553354685689
12197,0.15687807811599908
12198,0.5413165396973071
12199,0.11994202023346151
12200,0.3135066513684634
12201,0.2135441853395899
12202,0.06257024286859196
12203,0.7064538550777885
12204,0.5585567012907018
12205,0.7945777663475267
12206,0.347929118903396
12207,0.51894028419674
12208,0.2337119800313144
12209,0.2318542774795022
12210,0.5214572591839707
12211,0.441263874258254
12212,0.9429697013093296
12213,0.7407039078852735
12214,0.33706846083863823
12215,0.26114008805674344
12216,0.2370562407288196
12217,0.7849074033722617
12218,0.0
12219,0.727460279455248
12220,0.9002268782138088
12221,0.38578062597683727
12222,0.9732862852808508
12223,0.12314874833898809
12224,0.03954405967192698
12225,0.6709501757627432
12226,0.23724141216944608
12227,0.9046550657659955
12228,0.8562186265280426
12229,0.962455426157814
12230,0.5046205459079859
12231,0.6359008040232634
12232,0.969343028839948
12233,0.9156899697365897
12234,0.24395838253441043
12235,0.5186419000886091
12236,0.7795047530483521
12237,0.6596360029399471
12238,0.5933632578949342
12239,0.7740901319574109
12240,0.7600811323530124
12241,0.24627770185686304
12242,0.9511837785472346
12243,0.9011783924453919
12244,0.9725812757698254
12245,0.0
12246,0.7321124654842778
12247,0.9037928995681702
12248,0.7854352917707562
12249,0.7447330373193097
12250,0.7134195645155906
12251,0.963945392447367
12252,0.8335127356023628
12253,0.7596820992544981
12254,0.1328505710039635
12255,0.33365866632644037
12256,0.8520027632156766
12257,0.7986507181770053
12258,0.5671463727696806
12259,0.8890131572529474
12260,0.914583618733837
12261,0.9256873871653349
12262,0.4174634042223449
12263,0.9130837046263773
12264,0.210572802889638
12265,0.5421881546957525
12266,0.7001908062023776
12267,0.19745759191120654
12268,0.5466648220035073
12269,0.8037909788515292
12270,0.3666739836445329
12272,0.7934577301946611
12273,0.6263007816791072
12274,0.8844899348725784
12275,0.8945381107956091
12276,0.5864641705940742
12277,0.6680526717325693
12278,0.7057194651729347
12280,0.365547299161886
12281,0.9704363315982353
12282,0.9096341527576225
12283,0.4787397700617237
12284,0.9309118453538742
12285,0.0
12286,0.5070065535373243
12287,0.6893723708803683
12288,0.17816720662327504
12289,0.7517269293993124
12290,0.7631374579966077
12291,0.7563533145610385
12292,0.8406147174127272
12293,0.33526838849113916
12294,0.7566556983268364
12295,0.9541046890313566
12296,0.9670435231190606
12297,0.4221438348259653
12298,0.5634506881021785
12299,0.8523246053095991
12300,0.6350609923530638
12301,0.4959567314453496
12303,0.8015549094304978
12305,0.5046916539074205
12307,0.7326075471339888
12430,0.0
12600,0.0
13001,0.027195144447902796
13002,0.175473802514939
13003,0.33630748276994693
13004,0.01825448207615718
13005,0.09971114417781347
13006,0.350160776139423
13007,0.056839372348496814
13008,0.6153460396864875
13009,0.34526512554960787
13010,0.5578206509709854
13011,0.46011006135711263
13012,0.5353000491070528
13013,0.21439123561972623
13014,0.32956163547801
13015,0.338656477711376
13016,0.1424458025623689
13017,0.6137538949188733
13018,0.4119561055613783
13019,0.4668548395054658
13020,0.4959645886744513
13021,0.47246034736482256
13022,0.34807263405235217
13023,0.09101862938410094
13024,0.22003200580238086
13025,0.31622549344388223
13026,0.29299204139572255
13027,0.24458554107217437
13028,0.04192596384188093
13029,0.517381244547422
13030,0.09085468512081428
13031,0.1984581500012163
13032,0.12731667774955882
13033,0.5113018492568975
13034,0.21002520510929448
13035,0.13297014391199885
13036,0.36076426309970305
13037,0.312614382143398
13038,0.21983998998863238
13039,0.045897806244679054
13040,0.14713939288155814
13041,0.23655896892209324
13042,0.057370712562226665
13043,0.6184740569350096
13044,0.3523907808953073
13045,0.3734040675031844
13046,0.31189035677926646
13047,0.04074637508839441
13048,0.060139941748221286
13049,0.43485387699471284
13050,0.056983303682791274
13051,0.2088160635141331
13052,0.46204559171275805
13053,0.13749990954813687
13054,0.36471411850868474
13055,0.022878766347010044
13056,0.03825546724042014
13057,0.5271702551873446
13058,0.12244359688207984
13059,0.22113263930925364
13060,0.27790440317151505
13061,0.7033512541269804
13062,0.4389455446177159
13063,0.1555061674337501
13064,0.2242221093939488
13065,0.13238085483472933
13066,0.3033017906953122
13067,0.1309899533269568
13068,0.17168578407483484
13069,0.1367289416592767
13070,0.4196823766104126
13071,0.3587120938879284
13072,0.26750158823589437
13073,0.36771460821562313
13074,0.17883360974843612
13075,0.40946863581939746
13076,0.17917603036946658
13077,0.18255827233990324
13078,0.05314293507402526
13079,0.25143563913522066
13080,0.10833777719946011
13081,0.3716408003208834
13082,0.09615577589647953
13083,0.7064555268987178
13084,0.14076169886838508
13085,0.08936775366512302
13086,0.21197826464374572
13087,0.2032209459425642
13088,0.6304045810954598
13089,0.3161260726171304
13090,0.47840932844113904
13091,0.17457589078274383
13092,0.2784649011048497
13093,0.0859142633591204
13094,0.10316086959003606
13095,0.34750433891459703
13096,0.018291825902962786
13097,0.043018781701131485
13098,0.27935504262203886
13099,0.03129303614135846
13100,0.08032882590594782
13101,0.44457750083085995
13102,0.6999657796085722
13103,0.07188539380558713
13104,0.1488388791685448
13105,0.5748614327300942
13106,0.626762077260932
13107,0.5346251506737258
13108,0.1224759072557173
13109,0.41311838203747675
13110,0.04055754682610459
13111,0.37716099887062754
13112,0.29571062700536266
13113,0.1204037685152701
13114,0.22623268370842686
13115,0.2643886452419168
13116,0.5289409353784852
13117,0.2954009860393614
13118,0.4067642748828671
13119,0.2908640442229487
13127,0.0
13200,0.0
13220,0.0
13290,0.0
13400,0.0
13500,0.0
13540,0.0
13590,0.0
13700,0.0
13710,0.0
13928,0.0
13960,0.0
14001,0.7595004524919466
14003,0.7532475499347744
14005,0.7088620299924934
14006,0.8449535896784951
14007,0.3710995698978933
14009,0.816459036714302
14011,0.28763409523321315
14012,0.7644325248020171
14014,0.8034405928246896
14015,0.8473827797375394
14016,0.765785410535331
14019,0.7830442326138536
14020,0.6648000769786508
14021,0.9000338921071114
14022,0.8538328641473008
14023,0.6933572811558883
14024,0.7271605928743915
14025,0.9306619981831296
14026,0.8430831499355325
14027,0.04778195383632346
14030,0.9434580647044525
14032,0.7760224343720178
14033,0.7578123533076889
14034,0.8717188047697748
14035,0.40535078052049456
14036,0.8789674080250044
14037,0.794979599141011
14038,0.8493579104712601
14039,0.7721583715202559
14040,0.8271606028291199
14041,0.8270552935645041
14042,0.8380675292820071
14043,0.581621802081674
14044,0.8312008743986243
14045,0.8332519571673378
14046,0.8038911503150878
14047,0.5740870187782598
14049,0.9027262604333347
14050,0.7375596456599683
14053,0.7058712388510424
14054,0.8216777915620764
14055,0.7871503444136185
14057,0.8487254295898952
14059,0.8053813972422703
14060,0.7761312654133415
14061,0.05103453067929489
14062,0.8601903622611271
14063,0.8238401370266559
14064,0.514360389113459
14066,0.7706956284909718
14068,0.611543161048663
14069,0.593099100957164
14070,0.7055478413572339
14076,0.7764706432389055
14077,0.6525090416374006
14078,0.7212590709221793
14079,0.6466543408114581
14080,0.6240525374474584
14082,0.6561267774593316
14083,0.6697069550193088
14084,0.2494460109114958
14085,0.5834227648952678
14086,0.8276811405618348
14087,0.7140357596532236
14088,0.41172586052941096
14089,0.8819249047825751
14090,0.8682599551444778
14091,0.7795026159695583
14092,0.8152318504317972
14093,0.753685944949579
14096,0.6268974097530713
14097,0.8005070609859236
14098,0.7011262809107368
14100,0.8038511691994193
14101,0.8873195381007292
14102,0.593478080799189
14103,0.7532507402855833
14104,0.6341531295308676
14106,0.8462343450501588
14107,0.7002194960933057
14110,0.8675877004630906
14111,0.8142778634962384
14116,0.760280386527974
14117,0.7995095366736575
14118,0.2642249192374903
14119,0.886807156862963
14120,0.2627208769200767
14121,0.6365165021580416
14122,0.8577604728470946
14123,0.8560813079343186
14124,0.7412740262708287
14125,0.8624373803385696
14126,0.3534224791879724
14127,0.7980532568608266
14130,0.760150081835773
14131,0.7659106867625919
14132,0.6139560316640379
14134,0.8088265671551773
14135,0.8800834428930557
14136,0.7356867574747002
14137,0.9458603038722739
14138,0.6051670751706875
14140,0.5942123839046677
14141,0.5863671247320055
14143,0.20908093013876183
14145,0.8097647529559925
14146,0.41155052219382876
14147,0.46396054384219987
14149,0.8464151742177783
14150,0.45375060951237944
14159,0.850780057373
14160,0.8938880770089883
14161,0.6665636724877682
14162,0.3409663434386177
14163,0.8226491646714278
14165,0.839988413910091
14166,0.7139918639604838
14167,0.7901142665860726
14168,0.6348997563041315
14169,0.8831722670594405
14171,0.3855991626273285
14172,0.8288387655476107
14173,0.6334914255730368
14174,0.04961979647481062
14175,0.9073458086354103
14177,0.6353702429444711
14179,0.7059075549454229
14180,0.6398691404447291
14181,0.8630490243465322
14182,0.619852579286974
14183,0.5524256624141193
14184,0.7803523135575984
14190,0.6073453274616034
14191,0.7646284037785723
14193,0.510461616437662
14194,0.6195327334989941
14195,0.42456861474350854
14196,0.8272065437083703
14197,0.8141524592781876
14198,0.6657637003688414
14200,0.7763074458805188
14201,0.0
14202,0.8229100393863028
14203,0.7327725474408396
14204,0.49875115563680295
14205,0.9052205079842893
14206,0.585419610491666
14207,0.6212534108398299
14209,0.622823446636989
14211,0.3394094552949039
14214,0.8407630151051146
14215,0.8574743621530043
14216,0.6205875451578591
14218,0.7579483541160859
14220,0.65367641970417
14221,0.8561524560198573
14223,0.5742622141926916
14224,0.6849928156898385
14225,0.6726093288859856
14226,0.3343678154226111
14227,0.761939091799149
14228,0.5918318538070189
14229,0.6269675607232302
14230,0.7554700232662906
14231,0.6854358442453214
14232,0.9060547812470958
14236,0.8845096976021491
14237,0.8706054463284983
14238,0.8184871680620656
14239,0.5803121835189065
14240,0.5181753165992006
14241,0.7512986934556152
14242,0.9093506646686211
14243,0.7445438273890431
14244,0.588925190678227
14245,0.3254389182015048
14246,0.8447026940410322
14248,0.7693622481420013
14249,0.8444142540650028
14250,0.8944006190952107
14251,0.3147976438395865
14252,0.7022911099208997
14254,0.8962874643437553
14256,0.7602011513371674
14257,0.7693110400536364
14258,0.2571886431993223
14260,0.7367255440887983
14261,0.6072705670394861
14266,0.8575931723539737
14269,0.7755520546183772
14270,0.6893283435479814
14271,0.8962017808780849
14272,0.7048668027469625
14273,0.1873692786843861
14274,0.8217336300811778
14275,0.8715721364522586
14276,0.663285950314011
14277,0.8287048706544928
14278,0.8717276925577404
14280,0.6814892480755604
14281,0.7545792243100022
14282,0.7497991455142917
14283,0.6476914045563963
14284,0.5931265334469364
14285,0.742415626731838
14286,0.8024240060629279
14287,0.862674123331759
14288,0.8761413256045487
14289,0.535431499045305
14290,0.8571092838616663
14291,0.8834496554244391
14293,0.7296110167840772
14297,0.8631492340464693
14298,0.6703898221198191
14299,0.7318174414209734
14300,0.7371202849599736
14301,0.7159225140407348
14302,0.7901223110089385
14303,0.04170366482087853
14304,0.7639554420490756
14305,0.6458058121429456
14306,0.8154129498107628
14308,0.7903477896004633
14309,0.8265420030904077
14310,0.7857545132842565
14311,0.8712099173392357
14312,0.14108673172451983
14316,0.7310988552693748
14318,0.8668673341717108
14319,0.9031806204339495
14320,0.8869970124801172
14322,0.933919932230463
14325,0.6732064267902756
14326,0.6782596850352854
14327,0.7045988898194828
14328,0.8430279171119004
14329,0.7677426462527079
14332,0.4982279426280388
14333,0.6787280221366218
14334,0.733211517210803
14335,0.8428319757256295
14336,0.8356898194244425
14337,0.545959491657135
14338,0.5740617835589501
14341,0.890739081180975
14342,0.15118007801042802
14343,0.5079074930769352
14344,0.8514190062802198
14345,0.531005712253954
14346,0.8622414476212642
14347,0.3942729056422263
14348,0.9145406288530573
14349,0.798611038599586
14352,0.7656490847909435
14353,0.8552193092306714
14354,0.7801247939741003
14355,0.8403637636587578
14357,0.38693870377523454
14358,0.72427096205278
14360,0.47606174694983705
14362,0.5487837818738079
14364,0.8543326649582206
14365,0.7636176829361674
14366,0.2425339074973129
14367,0.59708392079292
14368,0.20998505598251047
14369,0.6417584824154737
14370,0.4152633676045622
14371,0.044361694971017274
14374,0.5218114580045369
14375,0.650503728238262
14377,0.7614379625476358
14378,0.6331300548625295
14379,0.34665687885573787
14380,0.9057824292862451
14381,0.5725525362949669
14383,0.8983270678807774
14384,0.7320533510974816
14385,0.8262670520205985
14389,0.39834293433469337
14390,0.8927087918370623
14391,0.8268663897492865
14393,0.8873721978568544
14394,0.6395134389231437
14396,0.8904304173147815
14397,0.777379022912899
14398,0.5798558843268266
14399,0.7868578810063246
14400,0.8970438550388476
14401,0.8035620258998663
14402,0.6456838429897811
14403,0.6335891602073664
14404,0.3872493347344466
14405,0.555459803179054
14406,0.8591117717053387
14407,0.7431490280929366
14408,0.8646243436751613
14409,0.7273946960722177
14410,0.6632815192014984
14411,0.2742662088444604
14412,0.594619607831557
14419,0.5969235295296615
14421,0.4502512788334898
14424,0.8398922942006407
14425,0.4866226643353525
14426,0.7414922190291349
14427,0.5024859239535526
14430,0.8865218848824632
14431,0.031382113569155254
14435,0.5780641584331696
14436,0.9116752120197005
14437,0.7837318058050753
14438,0.8943854533733903
14439,0.6396289508847544
14445,0.7414632454566896
14446,0.8965387916217895
14448,0.7036341405001624
14449,0.8227594296858199
14452,0.49825280748392015
14453,0.7586842914820776
14454,0.8481056924686803
14455,0.7874067991717845
14456,0.6546334875106341
14457,0.45730404857211027
14458,0.8758988735341833
14460,0.5628181358084018
14461,0.8874387045869302
14465,0.8656551080973758
14466,0.6626499277787564
14467,0.6836170778165743
14468,0.7449073919474181
14469,0.5072681461738668
14473,0.503406515184524
14474,0.8345235355732343
14475,0.7177711547942611
14476,0.38098467076247816
14478,0.48548196895854545
14480,0.7854391632183755
14482,0.6780188907122016
14483,0.8614493989585785
14484,0.7081592586971349
14486,0.547548723771439
14487,0.7596234257043782
14488,0.5857343657722351
14491,0.8699963999704192
14492,0.8024533780830844
14494,0.822683515924142
14495,0.8180773555446502
14496,0.49993417658224154
14497,0.4830204228053843
14498,0.685832544533651
14499,0.8018034831663957
14500,0.799451069188551
14501,0.5594372805029573
14502,0.581910594941484
14504,0.5808238922853273
14506,0.6876170869580117
14509,0.845906875379309
14510,0.6110336426300503
14511,0.7955808368633503
14512,0.36882211267410014
14514,0.6222905354255956
14515,0.6347746123065281
14516,0.2752488681188473
14519,0.8844567056130339
14520,0.5645429483578643
14522,0.45574071657418463
14524,0.7305248232864515
14527,0.36846272107921246
14528,0.7914787388309837
14529,0.7773647283947086
14530,0.7885356163466867
14531,0.6231847964764294
14533,0.7282834149386448
14534,0.696023114268155
14535,0.8588270120319864
14536,0.8773468003336938
14538,0.8485191642511181
14540,0.7703559845063592
14541,0.6745960712804119
14542,0.9256340950355447
14543,0.832456620634628
14546,0.6568093359514721
14547,0.8108890890768765
14550,0.7476369269919269
14552,0.8461128454905433
14554,0.7875448243126253
14555,0.7737395998186416
14556,0.8777260937803139
14557,0.7345735226316866
14558,0.8266195096149513
14559,0.8370063619809669
14562,0.7828855768171391
14563,0.7735101611732244
14565,0.8735140162353972
14566,0.8567563123672758
14569,0.8662026720663831
14570,0.20510134019089446
14571,0.5487731508280765
14572,0.4476342901210914
14574,0.46891446909814755
14575,0.791871524793328
14576,0.1832570245555889
14578,0.7038342289868136
14579,0.1476629016705654
14582,0.5622462914629666
14586,0.6147877335582028
14587,0.9444865487925914
14588,0.3462295627068321
14589,0.7495028322684663
14590,0.7380217871267668
14591,0.6833805944861786
14592,0.8290471913272429
14593,0.6145551256513447
14595,0.5517427557742336
14598,0.6791065437638345
14600,0.0
14601,0.8360936377406047
14602,0.44783499034680097
14603,0.8888286492808533
14605,0.7384871662223668
14606,0.6756537212899693
14607,0.8959082710865108
14609,0.8497050616864632
14610,0.8810481157758044
14613,0.6425362456283342
14614,0.39984288929451267
14619,0.788940214433912
14620,0.818429061267792
14621,0.4825376732228854
14622,0.772485221256478
14623,0.867750787821366
14625,0.5369025078333325
14626,0.46023143796078214
14627,0.5953438034645789
14630,0.8839906918311405
14635,0.5923369095310874
14637,0.8144070457201121
14639,0.566949478881821
14640,0.8887426979989527
14643,0.5606890723705051
14644,0.5868126180033864
14645,0.7693105957836541
14646,0.7446120408995928
14648,0.5048783004096474
14649,0.6584521211799444
14650,0.4671542915647566
14651,0.8277189076578985
14652,0.6821865765995653
14654,0.03384946560728721
14656,0.38264912650738264
14657,0.8238148787155539
14658,0.3308066728331633
14659,0.7298795558551953
14660,0.7603009839814034
14661,0.8459084361839624
14663,0.8589490314130125
14664,0.5810951807306651
14665,0.8602948845464193
14666,0.8518411231527587
14667,0.7531691588888324
14668,0.7559189725680096
14669,0.3722322703080432
14672,0.3624557743387391
14674,0.8610275028617812
14675,0.8620997060764466
14676,0.8465724320645145
14677,0.6456393513335649
14678,0.4674841423963398
14679,0.7361409819635668
14680,0.8512190371049745
14681,0.8268619405480362
14682,0.829856538863926
14684,0.910308104171564
14685,0.8353645247041516
14687,0.8111433434079031
14689,0.07004544267087714
14692,0.7751382276307102
14694,0.5966458856165481
14698,0.8746165741519035
14699,0.6899036012789168
14700,0.7162796554259968
14701,0.7518211081121243
14705,0.7829843573178442
14706,0.6946474831706914
14707,0.8754485161728359
14708,0.3339982393200937
14709,0.7343390572181993
14710,0.5525403898020733
14711,0.7176629421432258
14712,0.7972958106383838
14713,0.8632219846598395
14714,0.6341674679772145
14715,0.729221377590243
14716,0.8840421568130813
14719,0.7957526331501926
14720,0.29273797529574536
14721,0.860634263323276
14723,0.7362622967657387
14724,0.7856223294385842
14726,0.07972815983620543
14728,0.8057941596082377
14731,0.8175214512885086
14732,0.8637389551254262
14733,0.9009239029880408
14734,0.8988038083793597
14735,0.2863259649154304
14737,0.6433059198608378
14738,0.8678295428639056
14739,0.7278025486985578
14740,0.45311455651436006
14741,0.6422173612087863
14742,0.54272867684106
14743,0.6452683282907701
14744,0.9021555003193826
14745,0.605788548753492
14747,0.8790523599930159
14748,0.8154181898671098
14751,0.7984664506357918
14752,0.7099288459033152
14753,0.5404694237750565
14754,0.4652842522154506
14755,0.8170884930284392
14756,0.46522413703049587
14758,0.8816245932877378
14759,0.6287798491456875
14760,0.8528659540237438
14761,0.8622547193410265
14762,0.029992428998517007
14764,0.5756353487185899
14800,0.0
15001,0.8387597117999707
15002,0.969073224181412
15003,0.08387341489938371
15004,0.8327839036781304
15005,0.9657070565576011
15006,0.1797131303450316
15007,0.9730571675629117
15008,0.4313011625044122
15009,0.8424118274805877
15010,0.37697021906921535
15011,0.15139918007789427
15012,0.10307100205683051
15013,0.969995381728013
15014,0.18695800972334892
15015,0.6617506492480629
15016,0.35409644460934436
15017,0.738076962038484
15018,0.25812157969224986
15019,0.3936036272452779
15020,0.9686929412515878
15021,0.3700313604393035
15022,0.9745228258316003
15024,0.1750047596239149
15025,0.8579912433389044
15026,0.5863661738513722
15027,0.14114470832163417
15028,0.5076800142450472
15029,0.3953881499968084
15030,0.6283492307075904
15032,0.9455302615722688
15033,0.6523146767077614
15034,0.9696824830531042
15036,0.07215568506322621
15037,0.1341607613504775
15038,0.12424425464371334
15040,0.7596741038586682
15041,0.8657747600440326
15042,0.8890494294637596
15043,0.9681280778979465
15045,0.3612054374356264
15046,0.20918777011800524
15048,0.8920527855404797
15049,0.7273520211731705
15050,0.7128729852797939
15051,0.9629484270675076
15052,0.27659082481749814
15053,0.8613797384308798
15054,0.15295749648647758
15055,0.6763393371482331
15056,0.24095937675268214
15057,0.3547591736260479
15058,0.745921833727446
15059,0.8633750169853991
15060,0.8684105249158482
15061,0.9185398254294476
15063,0.12394141519433885
15064,0.2202695302148955
15065,0.2950547128591047
15066,0.7713288496900181
15067,0.5013934618397453
15069,0.8948680441712493
15070,0.34765706734566365
15072,0.5111503781196525
15073,0.969616852332717
15074,0.5135143874605335
15075,0.5901892107292817
15076,0.2703418149213073
15077,0.8920630064022732
15078,0.6532391768881178
15079,0.24608528791074583
15080,0.8866349060882439
15081,0.645109842980054
15082,0.5336986110429469
15083,0.22352710535634018
15084,0.7254039337862132
15085,0.62387406631048
15086,0.511095004861097
15087,0.5710102557327811
15088,0.34394008933030573
15089,0.5499716221222045
15090,0.45645742952144835
15091,0.9174346436319567
15092,0.10066388228205507
15093,0.7347203742922664
15094,0.7451403496006079
15095,0.48660110773499654
15096,0.5506617418808587
15097,0.9602069419142945
15098,0.9688654279263476
15100,0.9607516613330584
15101,0.22819404795592801
15102,0.7990638561389344
15103,0.6972389988736785
15104,0.5625774959241947
15105,0.9212546775146109
15106,0.7866484606726218
15107,0.985016828195614
15108,0.9447929153712136
15110,0.35549065870176105
15111,0.6858985658075613
15112,0.6706358359104602
15113,0.3722758433236864
15114,0.10326846538444685
15116,0.4156909854281203
15117,0.36496311352056177
15118,0.3388259548595694
15119,0.7304945142942219
15120,0.030430894947547943
15121,0.9782939051368518
15122,0.47445884510034325
15123,0.4027455154913598
15124,0.38937036229682437
15125,0.9623460158068209
15126,0.9727240136151092
15127,0.9514849516118664
15128,0.5555555555555556
15129,0.7508266108143471
15130,0.9167127117070963
15131,0.3714042479064423
15132,0.7462650268951692
15133,0.7901019550623071
15134,0.566814886821118
15135,0.5290966003514765
15137,0.395404596994354
15138,0.42926615824660735
15139,0.6144628818908345
15140,0.36135600757389286
15141,0.21735408776108436
15142,0.2221016138246965
15143,0.6017430823076994
15144,0.5159069667895972
15146,0.5881172364621945
15147,0.2171041684505532
15148,0.8572446562646052
15149,0.6739150158798872
15150,0.0
15151,0.9647918336731865
15152,0.7602641859872877
15153,0.04298752013236448
15154,0.5880732761235905
15155,0.9282840688215074
15156,0.42756038126571944
15157,0.3821464492721811
15158,0.9452850838602835
15159,0.548715872990392
15160,0.34449228888780487
15161,0.9608270797571268
15162,0.34257530182866164
15163,0.3698945494853528
15164,0.8814284513666307
15165,0.23475057170023797
15166,0.2758817827703303
15167,0.4542929031274781
15168,0.8830691838153439
15169,0.5632294174034274
15170,0.6611481758672949
15172,0.6332044707710807
15173,0.7752422692887616
15174,0.5360268964523033
15175,0.2672814615251983
15176,0.350519283799994
15178,0.5809933610342257
15179,0.26958877427631767
15180,0.709217221593425
15181,0.7082777404848462
15182,0.5364433469827325
15183,0.6855475023851555
15184,0.475871394685699
15185,0.589020360346409
15186,0.12717224588617151
15187,0.35315805793215377
15188,0.9412035874472245
15189,0.46716842536115033
15190,0.9089626689674827
15191,0.40736409723026923
15192,0.2653495543642552
15194,0.32772645402203016
15196,0.2879816398982103
15198,0.33683545953526184
15199,0.983830333880856
15200,0.20434952179886526
15201,0.6204764749744551
15202,0.0487341617693217
15203,0.9288612678343325
15204,0.15039653068669298
15205,0.615471607741133
15206,0.6550489275809318
15207,0.9128913328986443
15208,0.2892637993286369
15209,0.8623861704577711
15211,0.5174032485475754
15212,0.8169261516126641
15213,0.9082452286145695
15214,0.5099826561478918
15215,0.3721046670999495
15216,0.38540705580313783
15217,0.5827444302660196
15218,0.454399554929851
15219,0.9464410606680576
15220,0.33318870232059
15221,0.22983696061827696
15222,0.6329935548503592
15223,0.535926592177963
15224,0.5562609049893229
15225,0.8354479900785848
15226,0.49332390128512477
15228,0.14116236016816008
15229,0.9520666564181534
15230,0.3952475934555076
15231,0.8021166608904554
15232,0.9524472964918945
15233,0.4101450798095793
15234,0.5171651961707363
15235,0.737533172543216
15236,0.48820201716346184
15237,0.9424906941561549
15238,0.5863922381244364
15240,0.4278862717731891
15241,0.8861664089804706
15242,0.8567859311923026
15243,0.5292541669996893
15244,0.7756618334225586
15245,0.9300187056354253
15246,0.6687735433473493
15247,0.9175798655572959
15248,0.8287073558190059
15249,0.5619840706107448
15250,0.5452111388173739
15251,0.9205031576895054
15252,0.4685083701284876
15253,0.8456502246792976
15254,0.43483698654280706
15255,0.4295732230419016
15256,0.7859559439291137
15257,0.7485361732620517
15258,0.2842108192607049
15259,0.927208144694602
15260,0.7729746382839576
15261,0.06771447422301641
15262,0.8514326712299276
15263,0.9469207373319458
15264,0.5461772804420889
15265,0.3021288167365114
15266,0.4925131974403953
15267,0.0847272245884486
15268,0.275914784975799
15269,0.0984993170345493
16000,0.0
16001,0.7029544217637079
16002,0.9205309268617751
16003,0.7218678308885398
16005,0.521911420269703
16007,0.34249800587766177
16008,0.2697355118200094
16009,0.4071214602038566
16011,0.6346780536847619
16012,0.3794756237785786
16013,0.35016638705515996
16014,0.17785182344385655
16015,0.17061374896977047
16016,0.5176584739009074
16018,0.6353030110322118
16019,0.49459741350594044
16020,0.13030267196632384
16023,0.5411940570908206
16024,0.6715027063722557
16025,0.11500531726652169
16026,0.6409467401886615
16027,0.3463078716706229
16028,0.31434616290619916
16029,0.15560226618692166
16030,0.12998932158994042
16031,0.9509134482458087
16032,0.3980065193066458
16034,0.23729738119455365
16035,0.7167661668394235
16036,0.44115725850778464
16037,0.09885586311718855
16038,0.5064272483687333
16039,0.9644281274968793
16040,0.1787185125276338
16041,0.21292249147798673
16042,0.9231049679789196
16044,0.8794270941922618
16045,0.2490058316726249
16046,0.06365871614071954
16047,0.3019548033469689
16048,0.1932007870360748
16049,0.05535536703009774
16050,0.3410302729587421
16052,0.07521696316836789
16053,0.28470045922918724
16054,0.894904794402276
16055,0.5672169172185219
16056,0.31984058421595646
16057,0.33089192737579004
16058,0.4610255018791726
16059,0.9281806559746807
16060,0.4068707007467388
16061,0.3115964346555046
16062,0.17861075096483373
16063,0.26076655916180297
16064,0.41049382970554144
16065,0.6575868343606103
16066,0.37296488784224696
16067,0.6974749885226111
16068,0.4288037537017751
16069,0.7226157114801609
16070,0.2811361918728248
16071,0.47585001127340665
16072,0.45143196536849606
16073,0.09148225789054025
16074,0.259922622431
16075,0.4814085767524425
16076,0.6017163955342302
16077,0.5244789873230208
16078,0.1524607884602568
16079,0.27290583978323435
16081,0.5636097200271392
16082,0.27429981654744345
16083,0.8533491362678092
16084,0.2508685005752118
16085,0.5395177236280636
16086,0.4049128977404743
16087,0.8143454398892886
16088,0.32801366312987473
16089,0.38790466899118786
16090,0.1249662191066064
16091,0.2724048803667071
16093,0.5393478115033755
16095,0.8199300691997944
16096,0.35322443278395327
16097,0.17830862845981438
16098,0.9433054101259051
16099,0.2520674885886628
16100,0.36305144912017856
16101,0.4848714610541496
16102,0.13276778359631156
16103,0.15691703144858846
16104,0.9507487122367481
16105,0.148472275394497
16106,0.2631184087059004
16107,0.6639940286759964
16108,0.6770292900507799
16109,0.30041797939378906
16110,0.8839840188765489
16111,0.06505444130775068
16112,0.13191945995164994
16113,0.268722957152524
16114,0.6384043066148674
16116,0.5467435254198229
16117,0.11712282395071628
16118,0.21422114254794392
16119,0.4443987074300506
16120,0.598869257464907
16121,0.5968758381657142
16122,0.8969517831185371
16123,0.4626629609218342
16124,0.48549201161896577
16125,0.3454439320629248
16127,0.9369772919153356
16128,0.7269051146079878
16130,0.127512664760228
16131,0.6819381067033095
16132,0.5301339780037923
16133,0.2963862400030531
16134,0.32445248380500824
16135,0.25314862667358884
16136,0.9441543042734818
16137,0.27800384709636056
16138,0.30226489146606383
16139,0.244058884005866
16140,0.4594469630162709
16141,0.6836362316319516
16142,0.9127018817419025
16143,0.6745799220331787
16144,0.7199606945112396
16145,0.2817277751158122
16146,0.49168713949918835
16147,0.444650895391588
16148,0.4791698154572
16150,0.37257474383911976
16151,0.3881934820651247
16152,0.6452558971456797
16153,0.31492425570863586
16154,0.7102542257160683
16155,0.3916881077099862
16157,0.30877864610697486
16158,0.3579251782924413
16160,0.17425969830765833
16161,0.42957861526753005
16162,0.07167184776607902
16163,0.4798508678183542
16164,0.6231174557736071
16165,0.3713367972051942
16166,0.6176418678770677
16167,0.45287044379878716
16168,0.613650415536972
16169,0.5862013382277327
16170,0.05498558067026635
16171,0.35985880224518535
16173,0.7949943060877452
16174,0.5004382849798169
16175,0.1072080144750112
16176,0.36423452563963254
16177,0.14619252559292323
16178,0.29417496642667573
16180,0.09468016635734619
16181,0.6733484532580603
16182,0.7962720392290893
16183,0.15695739025553093
16184,0.7047309063370563
16185,0.6932435180330233
16186,0.35381426328067256
16187,0.5007188759819332
16188,0.5398429909440104
16189,0.9453924385496407
16190,0.8817855602027576
16191,0.8992274366069443
16192,0.060717851742638614
16193,0.3662753243120386
16194,0.27396724478565454
16195,0.6876228858617319
16196,0.5703030834737262
16197,0.9402651782850496
16198,0.5283484149627374
16199,0.6429517066113306
16200,0.7334115280894845
16203,0.22220654324877653
16204,0.07075243905771302
16205,0.5767070042968283
16206,0.32051056847426423
16207,0.24578966521082565
16208,0.399790584076522
16209,0.4134741625788831
16210,0.6248559170170679
16211,0.37897269529149274
16212,0.12222755845746208
16213,0.3869440013346521
16215,0.21385513432770084
16216,0.4534846189259849
16217,0.5682409845873164
16218,0.3820143608854779
16220,0.4115753266242551
16221,0.22681900719876508
16222,0.06490785309885659
16223,0.11707939285017895
16224,0.19786376881678627
16225,0.4855337028842806
16226,0.6559980045786097
16227,0.06334575513331922
16229,0.9548592588478485
16230,0.02326007211335098
16231,0.7528851127367938
16232,0.4778807338313531
16233,0.4328019092831543
16234,0.4085690998422775
16236,0.3474278080558093
16237,0.5887029195461536
16238,0.7661935937257647
16239,0.5364357189321097
16240,0.09132459550455747
16241,0.7240553671715891
16242,0.3754084990354037
16243,0.3892817147714571
16244,0.4083426702235768
16245,0.33332513063562086
16246,0.15719169295419072
16248,0.2977964143919988
16249,0.6614857681172448
16250,0.3797711915434668
16251,0.3618406518863563
16252,0.10342820261135038
16253,0.8591953881303622
16254,0.11868777179364708
16255,0.5316601466758153
16256,0.3439176500613501
16258,0.1076279560186143
16260,0.04254672373940964
16261,0.4491729074623898
16263,0.4600065129116604
16264,0.7779378234604318
16267,0.2396268126960119
16268,0.8731110970546795
16269,0.5939188740592272
16270,0.4713978778912212
16271,0.47332973586801164
16272,0.7215744471778756
16273,0.9606079161269103
16275,0.11328304565690855
16276,0.22005709428746723
16277,0.44489050559352583
16279,0.13546262633091288
16280,0.6180878523603658
16281,0.45000497464804073
16282,0.6663856595952762
16283,0.09372057879022264
16284,0.11663875920657324
16285,0.5051886652683119
16286,0.03692365432467674
16287,0.15179885764780596
16289,0.40137202200435024
16290,0.20847744744725755
16291,0.43338958020869794
16292,0.828770431430856
16293,0.49348161845319016
16295,0.6047885210968483
16297,0.3168380797109523
16298,0.5736988260543975
16300,0.3629254941644349
16301,0.1711359824523853
16302,0.22522105591377223
16303,0.258628152925421
16304,0.5122856682163359
16306,0.8183939221771648
16307,0.6429114227135919
16308,0.34037065447439835
16310,0.4180495990492129
16312,0.44221235373566004
16315,0.14076422506848438
16316,0.43735865836079635
16317,0.7996065215597616
16318,0.7152894895928074
16320,0.5753777241261326
16321,0.8854279437261109
16323,0.6978099215092899
16325,0.7422480799159571
16326,0.5396479736656982
16329,0.2211677895297306
16330,0.6138294280860391
16331,0.16281765881606589
16334,0.1485189231904878
16335,0.9566721133445355
16336,0.30955004111154577
16337,0.5440471975829012
16338,0.2854574102840423
16339,0.1031211820257873
16340,0.3565053799100572
16341,0.6405729041302952
16342,0.5201405599316806
16343,0.3648363819407456
16345,0.4787752012324915
16346,0.18072215252762158
16347,0.08307160083059732
16348,0.3919964702291533
16349,0.42036560291918046
16350,0.05322859633661113
16352,0.40111031913307366
16353,0.34301164389293487
16354,0.25188851029823744
16355,0.5058778249044487
16356,0.6613778518932469
16357,0.2812319566580682
16358,0.33831035236211804
16359,0.4406616073591398
16360,0.3940579965813177
16361,0.9307173073994306
16362,0.06012475314183134
16363,0.7410790771660675
16364,0.24752564292866597
16365,0.2518099039446798
16366,0.1737540884332099
16368,0.576133962328318
16369,0.34354815876301015
16370,0.4157992183264177
16372,0.1612900119008182
16373,0.9058095835179641
16374,0.8022239965870364
16375,0.5933146730544405
16377,0.653280197542666
16378,0.7877764092676686
16379,0.3805065377497028
16380,0.225608191071965
16381,0.905312921390541
16382,0.6464909912254904
16383,0.631971984166159
16384,0.16236321149716235
16385,0.6771808374984061
16387,0.33359458133565034
16388,0.42851910972677426
16389,0.74041963769014
16390,0.7520657314543527
16392,0.733630955353486
16393,0.4128755096767852
16394,0.0889817224139181
16395,0.3304441031328995
16396,0.854925552178634
16397,0.2208603430968295
16398,0.16767795320847784
16399,0.36528012852047453
16400,0.9334219381188095
16401,0.671358876787768
16402,0.5895495305540487
16403,0.5632264838253251
16404,0.8628384509196633
16405,0.15911448289488248
16406,0.6473320198705258
16408,0.27353455092579015
16409,0.8742261480333057
16412,0.6902017464580879
16413,0.9423532752124497
16414,0.3352101272356132
16415,0.6308576097320637
16416,0.4400112470742924
16418,0.5451103193161398
16419,0.6581867222686996
16420,0.47866396472282813
16421,0.46698019723386885
16422,0.5825423679243363
16423,0.6387124832536238
16424,0.1488355304214485
16425,0.33678879587093546
16430,0.0
16700,0.0
17002,0.3397952841032206
17003,0.23337508657396544
17004,0.7132883614919161
17005,0.37927393229451045
17006,0.1920387756204834
17007,0.5724963498522939
17008,0.5156631597150544
17009,0.32954873229279186
17010,0.633707120234931
17011,0.7775226641497215
17012,0.636293278446355
17013,0.6951572624173956
17015,0.24370983294813656
17016,0.41214591930798394
17017,0.26910840230303434
17018,0.2779228955789209
17019,0.1252454413129052
17020,0.13960739961704005
17021,0.2041131209614839
17022,0.6173896923158098
17023,0.5674033557215099
17024,0.3726864089987728
17025,0.1505566880378117
17026,0.4968150337764767
17027,0.8692358575491648
17028,0.34671452605899994
17029,0.21882629843567813
17030,0.5069147763219414
17031,0.5260086448135145
17032,0.39212900534828865
17033,0.8447088939054969
17034,0.3290248272845719
17035,0.08073028909495276
17036,0.21304392759683932
17037,0.14697065344296997
17038,0.5671324848125375
17039,0.9129254781232822
17041,0.20565654268594094
17042,0.7073492544247284
17043,0.7105612027676993
17044,0.9016519695469438
17045,0.610227012156551
17046,0.8396016284942647
17047,0.8722104956936798
17048,0.17070874748532144
17049,0.6393911299675836
17050,0.8569546274339461
17051,0.2265424365418686
17052,0.5268627340203753
17053,0.44035833796622126
17054,0.3135311378340871
17055,0.8117365286889419
17056,0.8462462178355932
17057,0.33874505642284
17058,0.248566353279602
17059,0.4347673121802356
17060,0.7714320784794075
17061,0.2664329814262555
17062,0.12189252059911769
17063,0.6497663690035228
17064,0.07838104695220387
17065,0.10990181773329367
17066,0.17066167174968006
17067,0.5195930465258972
17068,0.8603147957227663
17069,0.8464831114256839
17070,0.6538894909318091
17071,0.319854123204838
17072,0.6152353383437108
17073,0.7371601933058595
17074,0.2622307408223324
17075,0.11842608668534407
17076,0.7263096422406777
17077,0.40361442813608006
17078,0.7902938549081784
17079,0.21747229741381546
17080,0.38543596216185777
17081,0.4313627872047792
17082,0.22403262761123802
17083,0.1839191229794315
17084,0.8951057806889695
17085,0.2944135096248477
17086,0.4913532981010776
17087,0.7029875253082305
17089,0.7807185155587346
17091,0.43672755917195183
17092,0.4523364730848281
17093,0.06984354767694746
17094,0.19405614432646656
17095,0.30163113188787616
17096,0.2080300534865765
17097,0.18829803432014455
17098,0.5938839525853379
17099,0.39763358546973293
17100,0.7202756792891707
17101,0.3567036809730519
17102,0.8002419865429663
17104,0.07075333949113763
17105,0.3918887501090115
17106,0.46036888184518066
17107,0.24241854915319894
17108,0.7790300769358957
17109,0.461403609532408
17110,0.4100027970890609
17111,0.6831118864400327
17112,0.775365765089453
17113,0.7694487264292609
17114,0.5245435079981573
17115,0.9449994118373455
17116,0.4590174429160048
17117,0.3176104176043649
17118,0.4162135042994112
17119,0.22566311702945413
17120,0.5153428614865346
17121,0.2270289400057297
17122,0.8218273283697728
17124,0.8392159784091735
17125,0.7887836524046494
17126,0.526061777136584
17127,0.1543116015541771
17128,0.844472656612617
17129,0.5064391414496349
17130,0.3876464527614061
17131,0.2975497509514364
17132,0.3986823329433498
17133,0.8129261124317625
17134,0.6719470444801027
17135,0.10965338408362814
17136,0.4448011387927456
17137,0.6582921868200906
17138,0.5421893492283999
17139,0.75099207475444
17140,0.06712728746994254
17141,0.8047973790634776
17142,0.28068552661597973
17143,0.721613507966661
17145,0.7960930946545745
17146,0.08511387835634865
17147,0.5059179409068204
17148,0.8203911982543418
17149,0.4225900325169087
17150,0.4939083873143685
17151,0.27617548736402714
17152,0.6105825862833781
17153,0.4245292876462425
17154,0.5990266355606219
17155,0.14734949652061388
17156,0.46845941977508126
17157,0.8945874586529591
17158,0.19279898224338318
17159,0.874010618272611
17160,0.6996871764309065
17161,0.343284742107553
17162,0.14549910741515554
17163,0.16796963551376515
17164,0.6217190482299404
17165,0.46974975507264016
17166,0.4248703363333622
17167,0.717725005320205
17168,0.08552293297192148
17171,0.5394663825912007
17172,0.45904997994539803
17173,0.2986145019255805
17174,0.4575908095687841
17175,0.3644384004981635
17176,0.35890413303034846
17177,0.24902701709706973
17178,0.9525333398038855
17179,0.6762184870765713
17180,0.07574439650641197
17181,0.8388854808341263
17182,0.49798026351212216
17183,0.4112897587075662
17184,0.3026680689367122
17185,0.19214522306806736
17186,0.4800156217378708
17187,0.6090251389524465
17188,0.06688271068387797
17190,0.5122792622795274
17191,0.9128892762236652
17192,0.5957241420847803
17193,0.5209212910151982
17194,0.29388955868884054
17195,0.6197805748444635
17196,0.9719741880899355
17197,0.23706662722621122
17198,0.7561112529065716
17199,0.4578648665180676
17200,0.3452657863931672
17201,0.3712554765087443
17202,0.6737426067153822
17203,0.32713297709082345
17204,0.2187561062994436
17205,0.3948406419720276
17206,0.3487289241867524
17207,0.338379511535718
17208,0.32960763191918785
17209,0.7698819283324235
17210,0.790242940855365
17211,0.6444784398301331
17212,0.5011994300937458
17213,0.8887884872692225
17214,0.7915162109344177
17215,0.8328139008702659
17216,0.25710523162210075
17217,0.41323014798901475
17218,0.14516425695365917
17219,0.10522716158745464
17220,0.8017669914906925
17221,0.6278298400716993
17222,0.3770475085558384
17223,0.0769566331689802
17224,0.20149985376022253
17225,0.20837510395919923
17226,0.5995048146837235
17227,0.949224643757172
17228,0.21686941351600528
17229,0.2981328640296953
17230,0.09059540771234739
17231,0.3277166416326106
17232,0.5721275218481139
17233,0.19598111918869698
17234,0.7290917736309228
17235,0.43597690595181854
17236,0.19109148328438538
17237,0.3506343737300339
17239,0.41383680852128685
17240,0.053502960228339586
17241,0.633239514355134
17242,0.8628856491391765
17243,0.1846784850220895
17244,0.8061366904755084
17245,0.5024874731770302
17246,0.36034211585131093
17247,0.2335035792943223
17248,0.5166866968122573
17249,0.2110946240061507
17250,0.8325193914227048
17252,0.6605768281667649
17253,0.22487416011383957
17254,0.7931648564993041
17255,0.4484884234600711
17256,0.7488413780577635
17257,0.1792136434172398
17258,0.7325560412321617
17259,0.7973011373898276
17260,0.32577092602952773
17261,0.36776114122353704
17262,0.7222597050505759
17263,0.35921564504066444
17264,0.3279641877799604
17265,0.24492975441716433
17266,0.3167016039623137
17267,0.3766016744608414
17268,0.565103448151506
17269,0.18633171736208257
17270,0.17407954011512397
17271,0.5527885919531428
17273,0.6790133576919489
17274,0.2563051706273786
17275,0.8745828924675784
17276,0.26836190204190735
17277,0.6098673430715177
17278,0.7573948481030136
17279,0.7895530467176333
17280,0.6148297808405028
17281,0.41650628127825207
17282,0.35096036301554795
17283,0.6437771701253957
17284,0.32623826771358183
17285,0.6817462996553201
17286,0.12612443104962628
17287,0.29105432351325566
17288,0.6802501177166541
17289,0.8985665744396449
17290,0.45021280089875076
17291,0.4304179426118863
17292,0.4380751830641519
17293,0.33094544853180413
17294,0.7762716705462294
17295,0.1786298324778471
17296,0.8024341408801485
17297,0.3872437171780887
17298,0.8358451000221487
17299,0.04727750348685604
17300,0.04554683249230704
17301,0.5523613527958422
17302,0.5559144515331683
17303,0.1739232287503237
17304,0.8296450907345169
17305,0.34952685545644613
17306,0.04821778350939532
17307,0.33871068798106063
17308,0.12746970148626532
17309,0.4414044539563362
17310,0.6350691964893037
17311,0.2554327911456424
17312,0.3877716695785939
17313,0.728011901363101
17314,0.7962934232414233
17315,0.31168887222934494
17316,0.1504325224671583
17317,0.8118952859819927
17318,0.07797346909256096
17319,0.36424010984851807
17320,0.3817568753767249
17321,0.6094292405448675
17322,0.32944437351111766
17323,0.4929212271528191
17324,0.4961270853608406
17325,0.2336281370157874
17326,0.15674340673552298
17327,0.7463720328318525
17328,0.5724301661139587
17329,0.2811388111736526
17330,0.40335874954472223
17331,0.7370082991136798
17332,0.8127886008986638
17333,0.09534797553027827
17334,0.5878660541363453
17335,0.33460285436755227
17336,0.5422340784151661
17337,0.03496175035445054
17338,0.4932432605271179
17339,0.16986544864768255
17340,0.37678003883746797
17341,0.18602433347343084
17342,0.8802471359364072
17343,0.854655816859057
17344,0.6204840302686232
17345,0.3178726948753802
17346,0.20322589484686876
17347,0.16314504677782984
17348,0.2845943855307133
17349,0.05178114921921689
17350,0.48415018226555145
17351,0.25192429108151865
17353,0.11811531169425218
17354,0.9783221274124586
17355,0.344545574135762
17356,0.6927065076657383
17357,0.1196193832360494
17358,0.5404828562350392
17359,0.7006763543511354
17360,0.27046530686025333
17361,0.6003198254919886
17362,0.5400883918461339
17363,0.33778919162048865
17364,0.6890566632784357
17365,0.5010340583839313
17366,0.6509256529976194
17367,0.40328806708915343
17369,0.403510892379583
17372,0.2724302408259105
17373,0.3193767949465153
17374,0.4235726424651123
17375,0.32379468888306695
17376,0.3610217530618106
17377,0.13011591530654987
17378,0.175297817560161
17379,0.9504487440825747
17380,0.06588301210595052
17381,0.7510122305928033
17382,0.6015159351343653
17383,0.503239725862542
17384,0.6662751262532449
17385,0.08815732464366047
17386,0.7658559866921764
17387,0.4320304261704846
17388,0.9522257531457786
17389,0.4030806815378412
17390,0.5030970484136231
17391,0.49258854801633917
17393,0.3202994373765301
17394,0.6983831511709172
17395,0.7981339104692143
17396,0.3864642878447146
17397,0.47446897332167415
17398,0.926694570672645
17400,0.8280744554649412
17401,0.5911120386324874
17402,0.8331564176295593
17403,0.2342541130742984
17404,0.9011044972975265
17405,0.8198660409611997
17406,0.28893504538753123
17407,0.19724586969819785
17408,0.5607922893585445
17409,0.08326336212838116
17410,0.14632757833079552
17411,0.33158500535283575
17412,0.7553469339152818
17413,0.4234891813507542
17414,0.3020255565339341
17415,0.28231661300630523
17416,0.5690510123346224
17417,0.5499317186576993
17418,0.5891167235094126
17420,0.4119879115812799
17421,0.08695032182535138
17422,0.16243189663354454
17423,0.5853228912852394
17424,0.27948898577477665
17425,0.1759675127882545
17426,0.4373628559257358
17427,0.2647224058051134
17428,0.41339579235700663
17429,0.15478160376416752
17430,0.5903358127306941
17431,0.5658355061079623
17432,0.39109587023160725
17433,0.3573631204099278
17434,0.653945427742366
17435,0.8625756355200169
17436,0.7105201339152912
17437,0.48400961410547466
17438,0.9489799722326933
17439,0.21897100573623798
17440,0.6779678635003493
17441,0.9017115512456333
17442,0.7895995847346962
17443,0.3261973600823211
17444,0.7486389922945099
17445,0.7933583410011548
17446,0.3256388335858717
17447,0.33953902534919655
17448,0.4372104132641929
17449,0.044640810704675044
17450,0.6135926641668508
17451,0.09310317774502291
17452,0.058904555689820476
17453,0.14059614113018343
17454,0.375993276914881
17455,0.20571540362421764
17457,0.4602244448163809
17458,0.21380646577045426
17459,0.3904254542392468
17460,0.7933453213112969
17461,0.11407511797497914
17462,0.6928114980802553
17463,0.27117694758227445
17464,0.8024381651294429
17465,0.578229422112003
17466,0.28464424092450225
17467,0.5916488072873735
17468,0.3241706846485927
17469,0.9700185248971698
17470,0.7748660527884463
17471,0.6970427134048527
17472,0.3906778658884926
17473,0.5789973008004972
17474,0.5864058958193018
17476,0.1782048023865462
17477,0.4056609977007208
17478,0.4968142166011581
17479,0.828689763584538
17480,0.42133034750027426
17481,0.5286431787243736
17482,0.5733215173481704
17483,0.3710600942305208
17484,0.17771820878507336
17485,0.24190031747043853
17486,0.6683970739512857
17640,0.0
17740,0.0
18000,0.0
18001,0.06341556575876718
18002,0.5782954538457842
18003,0.11174763461471406
18004,0.7908312645901721
18005,0.941295142944361
18006,0.7895244013102518
18007,0.6534927492785749
18008,0.9103843389010777
18009,0.6867351557013367
18010,0.6841468971927255
18011,0.04262663972780363
18012,0.37126663081318545
18013,0.6631346800441218
18014,0.2512830747202394
18015,0.034739902010419856
18016,0.5196879660143595
18017,0.6136290304160477
18018,0.05183314265311746
18019,0.027901586869147392
18020,0.2819519561292017
18021,0.32731022507708296
18022,0.07693776069542554
18023,0.02338753125216972
18024,0.15395607026196806
18025,0.5306578139765403
18026,0.05041660842640133
18027,0.04061212220588935
18028,0.9030424939334571
18029,0.16400532249702648
18030,0.27837203650915504
18031,0.07193876791340705
18032,0.09037725947656129
18033,0.05588282774182156
18034,0.7423014285100239
18035,0.17541393567011848
18036,0.9671434472446584
18037,0.18065369040989432
18038,0.7907363308144306
18039,0.12460748332110193
18040,0.23345024870646952
18041,0.37616088419088894
18042,0.8700756433947322
18043,0.4799679795722635
18044,0.9759599966108911
18045,0.11362737074646982
18046,0.8275886918648971
18047,0.04175969938448775
18048,0.68280294933379
18049,0.2126502686148328
18050,0.8799729568087314
18051,0.04406488159003248
18052,0.43231246975492893
18053,0.07617554833095928
18054,0.16063821200596828
18055,0.9540193955701759
18056,0.034275302241020905
18057,0.09558665425008626
18058,0.15543442161170157
18059,0.4639957889891442
18060,0.36916294128218674
18061,0.09791709126886605
18062,0.5935827192687696
18063,0.521700166188159
18064,0.9809150397378654
18065,0.3499114622959319
18066,0.9477441451837887
18067,0.02785370917380755
18068,0.6038709288581049
18069,0.5483070326376213
18070,0.03455716259141504
18071,0.7225593862602265
18072,0.1194438854792805
18073,0.8774121080540496
18074,0.48945014939557085
18075,0.3759038026206176
18076,0.3886656646237719
18077,0.07157727870698219
18078,0.7298462498367794
18079,0.10981873671499448
18080,0.12313203504965614
18081,0.6096019125604529
18082,0.37788378969522823
18083,0.017745021596712603
18084,0.03578598371478162
18085,0.9520428783084466
18086,0.5368142962755279
18087,0.3799011524453041
18088,0.12490425104665592
18089,0.10626592684500809
18090,0.021995039044010428
18091,0.9787780335412081
18092,0.12430580253774495
18093,0.6413708741341008
18094,0.48688353991497463
18095,0.1662297303300624
18096,0.9074596920735976
18097,0.7357042670433654
18098,0.2600778599384962
18099,0.28789106314625384
18100,0.945753350266702
18101,0.3646236652253642
18102,0.16327436296720096
18103,0.6001178539151565
18104,0.16084946186025129
18105,0.03518806169319355
18106,0.7264810119702774
18107,0.6681301320304929
18108,0.11921497411229075
18109,0.024603480702824025
18110,0.19257163967261326
18111,0.02903520671597565
18112,0.44693153694661336
18113,0.29758033400034334
18114,0.45289653689368975
18115,0.024727342046824845
18116,0.09840082377197565
18117,0.09595018979933273
18118,0.29333916162036844
18119,0.21532313640608636
18120,0.20420143339558575
18121,0.13101372102503167
18122,0.917205926391503
18124,0.9655232130466425
18125,0.08208261657413085
18126,0.5626460181469763
18127,0.07114363754543707
18128,0.984647071169418
18129,0.8993767716777968
18130,0.44287736791755766
18131,0.12850598181160078
18132,0.20868779460045117
18133,0.8956098216859903
18134,0.9700528023200292
18135,0.5278148222532568
18136,0.5975424991175453
18137,0.4349880032764455
18138,0.9664218315776406
18139,0.5241693925256672
18140,0.878571560158975
18141,0.8327156448689128
18142,0.49562808811080805
18143,0.5622977818424836
18144,0.13042355099860242
18145,0.09524181189336287
18146,0.4748033187818357
18147,0.15315466504980324
18148,0.894421967790108
18149,0.025182456830527875
18150,0.9475428182622877
18151,0.031109012361934092
18152,0.3964529647834543
18153,0.8293170486276839
18154,0.2409336101659876
18155,0.2199358051519021
18156,0.021658261386023447
18157,0.9526146808515719
18158,0.554363948078464
18159,0.8469255813486756
18160,0.02447623743031643
18161,0.1725391343612633
18162,0.02385919530165989
18163,0.039082349642445176
18164,0.7135922471047416
18165,0.7647903258219086
18166,0.6439442413680684
18167,0.9171805101531844
18168,0.1680428660693769
18169,0.9349671691402384
18170,0.0415126292412433
18171,0.8529933518045624
18172,0.555548926697651
18173,0.08537154167032009
18174,0.6890588962128257
18175,0.08202871536959572
18176,0.506719266973946
18177,0.7045067950731192
18178,0.5069047718385064
18179,0.7766189831665297
18180,0.5688670375913238
18181,0.9403656773116119
18182,0.9777695151003774
18183,0.6085245629515159
18184,0.3327355609973895
18185,0.049240508886440104
18186,0.9749849594075768
18187,0.07831151472467143
18188,0.9342720728902247
18189,0.36439712916769285
18190,0.9593586406537601
18191,0.060416683805545116
18192,0.37234683349084513
18193,0.17937626437194762
18194,0.16802144782613568
18195,0.1697556008406432
18196,0.35666025666579687
18197,0.06981850024531241
18198,0.9462793086258278
18199,0.8102432534015127
18200,0.2834586874623994
18201,0.8885585315515958
18202,0.053829178118817385
18203,0.4671339195496445
18204,0.7408584562147782
18205,0.17399812570139161
18206,0.776698920073091
18207,0.6840711867267764
18208,0.1850213504555859
18209,0.5720181189323136
18210,0.9464581174907201
18211,0.7793266937426055
18212,0.6731204352924799
18213,0.43727311029348376
18214,0.9677530330266044
18215,0.3591600825734115
18216,0.16717523507087273
18217,0.11059453870531337
18218,0.6495350668471173
18219,0.9509190059349029
18220,0.5399153575041978
18221,0.7023144135900583
18223,0.5439929387819126
18224,0.2168045430168034
18225,0.0262693866088043
18226,0.80398861061184
18227,0.0695097310498769
18228,0.22263654224043944
18229,0.25529718077014385
18230,0.6883692544270505
18231,0.23325888817100254
18232,0.35941994879058736
18233,0.1539283641484109
18234,0.06408360968664355
18235,0.5655874487477388
18236,0.6824210605558936
18237,0.9792974186008516
18238,0.9118396681217854
18240,0.06287417894395197
18241,0.0709917443069478
18242,0.16791410155137212
18243,0.1542763371607914
18244,0.9850131190886687
18245,0.4488473767058371
18246,0.060114260450439445
18247,0.5880017210488557
18248,0.7529912643203849
18249,0.12202463319240973
18250,0.9245982263656874
18251,0.09991678011002197
18252,0.06642234259512776
18253,0.6487324735830969
18254,0.7069647465513913
18255,0.887938860212048
18256,0.24272170332323917
18257,0.07320848985079188
18258,0.17062335932086034
18259,0.1752385160376305
18260,0.089979452281539
18261,0.3223230957030969
18262,0.3343058632482061
18263,0.9262909520716811
18264,0.38900724841266593
18265,0.4394104065464213
18266,0.4485519488321985
18267,0.6815099947491802
18268,0.593381232424759
18269,0.04100703801392843
18270,0.7460687580748827
18271,0.7061901199120325
18272,0.11450516430812324
18273,0.08387046927970868
18274,0.17919742535966426
18275,0.3782541534610315
18276,0.5792166541164679
18277,0.7755956007715626
18278,0.021709605137271926
18279,0.7804199853474477
18280,0.7615960289878116
18281,0.8630511307710168
18282,0.2838356155704708
18283,0.3774220776321211
18284,0.030241166940346273
18285,0.9523902980844905
18286,0.03716136639117232
18287,0.20308451665325877
18288,0.7359408435593066
18289,0.19341687913270753
18290,0.9723161825761284
18300,0.0
18390,0.0
18400,0.0
18500,0.0
19001,0.1346052416141041
19002,0.9917502091572659
19003,0.7167306746550438
19004,0.139866220184125
19005,0.3076238942643264
19006,0.958801088206765
19007,0.22071019273965475
19008,0.19866984415151384
19009,0.6440214587535423
19010,0.037597500404320416
19011,0.11067985492678113
19012,0.7670079348210592
19013,0.5630147246960812
19014,0.20580982891664623
19015,0.6446596823754909
19016,0.7045954074334551
19017,0.5114069875620153
19018,0.13237810143300166
19019,0.2871078075674581
19020,0.6794814254492431
19021,0.9850753772865951
19022,0.60540200238555
19023,0.3691861414578506
19024,0.20776584521252559
19025,0.32326458497883426
19026,0.7052733307530125
19027,0.5338920998930089
19028,0.27530871933418644
19029,0.47964318280611146
19030,0.7905468370815456
19031,0.04277913953677538
19033,0.06688357434099798
19034,0.5563806190619724
19035,0.6443848604831569
19036,0.04709261675175598
19037,0.32212370027721615
19038,0.279131700646859
19039,0.7419439699516124
19040,0.5312705723328925
19041,0.5483796053547223
19042,0.5200876773800267
19043,0.7046067643672673
19044,0.6718250292489456
19045,0.3505064332308416
19046,0.7926951091260954
19047,0.8055248129436335
19048,0.533954528636981
19049,0.7188940616970886
19050,0.5689005298672983
19051,0.7587444079723566
19052,0.4756455628938809
19053,0.9457246496574164
19054,0.34814665826204166
19055,0.510060581195051
19056,0.659128421050747
19057,0.7253842639072301
19058,0.30980742641419645
19059,0.22049388235248157
19060,0.1777020734278042
19061,0.4229673778116743
19062,0.5427512796654819
19063,0.4337799879802054
19064,0.9939846433287908
19065,0.9932310338020405
19066,0.602885200822278
19067,0.5905817910913737
19068,0.638518680808925
19069,0.26849691469113984
19070,0.5112263566938807
19071,0.554555688330131
19072,0.42669770625291054
19073,0.06003256205955284
19074,0.33867754558709623
19075,0.3761567605206086
19076,0.2284744152220046
19077,0.8621746426373379
19078,0.6760025984362935
19079,0.31411140197525383
19080,0.9846849835845605
19081,0.8154028391141889
19082,0.35032903971289026
19083,0.9967738618206458
19084,0.3367573613551556
19085,0.5379085336782172
19086,0.2088441565269404
19087,0.1706827652975313
19088,0.8494985834992723
19089,0.629820502201567
19090,0.6499115640834421
19091,0.19710292990807554
19093,0.6781630536260171
19094,0.06782399700618569
19095,0.1602838302174609
19096,0.45097268626230747
19097,0.8293474270186562
19098,0.13788914649141037
19099,0.7511733024383231
19100,0.1417377570996449
19101,0.4061509196357981
19102,0.6894303542843074
19103,0.9954953026318314
19104,0.42424226144561655
19105,0.6417834160947166
19106,0.6617560976611228
19107,0.735058600088883
19108,0.9956508917742344
19109,0.25388226925917984
19110,0.17761452459545263
19111,0.6964304989099067
19112,0.13678107515499358
19113,0.15659396941314385
19114,0.9770998289147198
19115,0.7900893377212282
19116,0.7860842507843759
19117,0.8103682123061766
19118,0.10425174144922623
19119,0.44611722240144264
19120,0.8977602601751464
19121,0.15903241523045802
19122,0.6538778799183267
19123,0.19609231965810608
19124,0.7626494504075533
19125,0.17615276201067265
19126,0.6228689695866535
19128,0.937672512358452
19129,0.7030198787811262
19130,0.5473857499617447
19131,0.18095092132913013
19132,0.3325345006646587
19133,0.619689012839004
19134,0.9995513145841705
19135,0.9059143712040508
19136,0.03868657181050467
19137,0.8184583625899439
19138,0.5115542326100583
19139,0.10982923664540596
19140,0.15742055468813232
19141,0.9849039526388834
19142,0.9849300559936033
19143,0.4739167336584965
19144,0.4237904865403877
19145,0.41616284254809555
19146,0.17337381158449774
19147,0.8054013421081399
19148,0.11548981272888781
19149,0.30585660493201
19150,0.7372573615280616
19151,0.7017501758146527
19152,0.3297040160330269
19153,0.4440956380297248
19154,0.566820527308022
19155,0.67788042728931
19156,0.6109410571301938
19157,0.2825833181344901
19158,0.49959060771120933
19159,0.8435528952758449
19160,0.11416949228896772
19161,0.7262198158287235
19162,0.37536261140889643
19163,0.5324892052996067
19164,0.03601459921181002
19165,0.39981748207592394
19166,0.5041759841839488
19167,0.9900929184154116
19168,0.7094001426129188
19169,0.583507133495062
19170,0.6059747169446135
19171,0.5455567388853659
19172,0.3291749325732235
19173,0.11476758241334484
19174,0.5073953629120946
19175,0.3664250124003796
19176,0.5211734905406636
19177,0.7202861400624587
19178,0.549691460555145
19179,0.7731620631627908
19180,0.27109345180483174
19181,0.3626869594563833
19182,0.7537991055700741
19184,0.535043738311263
19186,0.2351468375644644
19187,0.8488767623520858
19188,0.719073641670242
19189,0.35272249291316904
19190,0.9796061434571018
19191,0.7397315638641442
19192,0.14508289668942057
19193,0.239369701289912
19194,0.15842356176069766
19195,0.780498715684324
19196,0.7347900010619492
19198,0.3856253468647243
19199,0.9933793374601797
19200,0.436440259484204
19201,0.8451621654481324
19202,0.41935400874868456
19203,0.20594241820739692
19204,0.9814175146480106
19205,0.37180386195061665
19206,0.9799430746405602
19207,0.47911083179107455
19208,0.6499330282463176
19209,0.1106196705707031
19210,0.39439588983865187
19211,0.5702065874541672
19212,0.3597722684776751
19213,0.3036384206971471
19214,0.3316020599985304
19215,0.3898237142056999
19216,0.40902636145559407
19217,0.5797690350067096
19219,0.46879716444883823
19220,0.5291609845336317
19221,0.13715261025571776
19222,0.10012091221642835
19223,0.5376046192801529
19225,0.5750786849629181
19226,0.13932525456054443
19227,0.17713791764142336
19228,0.2006118866833263
19229,0.6760610092912296
19230,0.5230468289720394
19231,0.7136684746574044
19232,0.9875742806793849
19233,0.9512838801570107
19234,0.6935062558759887
19235,0.5438277388536744
19236,0.5669418939478184
19237,0.08339622311513656
19238,0.9783558323413856
19239,0.789951519899066
19240,0.584945789681373
19241,0.05236596738916003
19242,0.8454572003655368
19243,0.12144233925928656
19244,0.4253655739037499
19245,0.3703656445296065
19246,0.7074362633561034
19247,0.9329962579528288
19248,0.2597351988093343
19249,0.6859701313660499
19250,0.5715610407774615
19251,0.8716713754046971
19252,0.19808123567962863
19253,0.5901535107035316
19254,0.1865178920072365
19255,0.24291714058156738
19256,0.36637210055371494
19257,0.44185757352199106
19258,0.08527668239636522
19259,0.24864226888091226
19260,0.6031475460177584
19261,0.14101310759061764
19262,0.34396205154767195
19263,0.5518974525593651
19264,0.07285953826394488
19265,0.10270284735435184
19266,0.9789898689135502
19268,0.36107367847613175
19269,0.0339506869537756
19270,0.29158231263177936
19271,0.4658977466034464
19272,0.05215676209291921
19273,0.7617873020913802
19274,0.40462248069862927
19275,0.20755652757708337
19276,0.3934856973472032
19277,0.6531200480652198
19278,0.740127915322807
19279,0.7857326882206205
19280,0.7533206544064617
19281,0.8045784974527713
19283,0.9680591280623839
19284,0.28039220251120434
19285,0.13501645026666123
19286,0.6988930239350616
19287,0.9700995832330893
19288,0.6005823396162817
19289,0.7356049006192009
19500,0.0
21001,0.9388829293562676
21002,0.7607477509768579
21003,0.9104363646075011
21004,0.02236017708656114
21005,0.6988044985526146
21006,0.24242054585206785
21007,0.7735673909245993
21008,0.3625721843105905
21009,0.9040432657749771
21010,0.9449735505049387
21011,0.1282704143089577
21012,0.10221125977407998
21013,0.9165210963165604
21014,0.894973181553546
21015,0.6447642727008096
21016,0.9032938987062231
21017,0.7362208409217562
21018,0.9177883988315589
21020,0.8558965590081535
21021,0.8474705833246302
21022,0.8316747258847423
21023,0.818427223901409
21024,0.8923621326371532
21025,0.11832061076003858
21026,0.12391960613102498
21027,0.9289510717535655
21028,0.21955728420433582
21029,0.7336543372151568
21030,0.945321348231399
21031,0.505171616948809
21032,0.892473852032885
21033,0.7472774121393967
21034,0.5690836646157089
21035,0.6411143912283439
21036,0.9421399091775371
21037,0.86725095049555
21038,0.06473993628608705
21039,0.0925490926221335
21040,0.8140475822430548
21041,0.055172358968438216
21042,0.8548083792031741
21043,0.7123153970920999
21044,0.20004071769262893
21045,0.5810514099720948
21046,0.7822676937780428
21047,0.9175207676313691
21048,0.8978802126074579
21049,0.09693284408060769
21050,0.8741911122114233
21051,0.8843498274142251
21052,0.16073035452254916
21053,0.8582019717884567
21054,0.4059720218380537
21055,0.03510174175612723
21056,0.9152969734826955
21057,0.8617260294906522
21058,0.5188742795981716
21059,0.954212206393531
21060,0.8171478966113557
21061,0.096221401362635
21062,0.9346693950490217
21063,0.01983338052483369
21064,0.32775762317643625
21065,0.9384455996104403
21066,0.8965841367953792
21067,0.7759039429355976
21068,0.9462267920053438
21069,0.9689056263745615
21070,0.926675406466675
21071,0.6435392905797372
21072,0.7710010079895163
21074,0.3798073074999033
21075,0.08009166309622794
21076,0.8961007903760325
21077,0.18539088113261187
21078,0.37907094933840685
21079,0.8195585935980727
21080,0.29531118609759327
21081,0.11711347867671855
21082,0.9889916702000648
21083,0.9161973642153829
21084,0.26061587161983085
21085,0.12608905827896022
21086,0.9161754535944172
21087,0.8655585935497978
21088,0.9188606092060488
21089,0.4664696644626572
21090,0.9851759791956053
21091,0.733863256363533
21092,0.9050929983988324
21093,0.33595852475853544
21094,0.6873001050832186
21095,0.5421670901713807
21096,0.19884534966192408
21097,0.9689727614948519
21098,0.3088460659530682
21099,0.9239700897729219
21100,0.780974639222338
21101,0.7860479359395586
21102,0.6036246609289073
21103,0.2735904855883914
21104,0.39165413121695736
21105,0.9075926931698046
21106,0.8972630259914494
21107,0.9166144227029652
21108,0.8812295656756178
21109,0.24631437078975918
21110,0.9148788790367605
21111,0.9553896234609299
21112,0.4498552383566437
21113,0.9167186001785482
21114,0.10818830659356526
21115,0.25682948143268736
21116,0.021285545304843115
21117,0.4232398815621814
21118,0.14382458870544085
21119,0.13991656258518126
21120,0.5915214331372932
21121,0.5592513752736621
21122,0.15181537302032774
21123,0.9347012500264272
21124,0.8972563097525208
21125,0.5866250064658581
21126,0.9058267390056168
21127,0.9149078763767852
21128,0.9506328217611466
21129,0.13638170282649462
21130,0.9179431194960299
21131,0.5285782736773285
21132,0.8986402841020791
21133,0.8764359202357075
21134,0.2746390498937214
21135,0.6582660218983329
21136,0.20870114237429502
21137,0.30360646893566273
21138,0.268263871060905
21139,0.8686297830468774
21140,0.7482900015030897
21141,0.7593384672317888
21142,0.05552494219645205
21143,0.5018007446275036
21144,0.7356485263189249
21145,0.809107121212939
21146,0.7220900578442102
21147,0.9725700303964021
21148,0.43039939450324904
21149,0.4057342316459451
21150,0.8206322100438881
21151,0.785820121871614
21152,0.8135063357793315
21153,0.8998233950635589
21154,0.0730833747341925
21155,0.9028976800967464
21156,0.8578630600519002
21157,0.027398717900563013
21158,0.13711427637426502
21159,0.5537952681971408
21160,0.12763242123004456
21161,0.45308411720260366
21162,0.8955560838514427
21163,0.802608391287144
21164,0.9088211374137098
21165,0.34898319752574963
21166,0.7408832891380209
21167,0.7778599606073644
21168,0.827190905460166
21169,0.8675929512777615
21170,0.8281273810781772
21171,0.710835124734662
21172,0.6870976398902545
21173,0.939505950650315
21175,0.8733053013742129
21176,0.8531585605010019
21177,0.917302918930231
21178,0.9240604096239133
21179,0.9258503251474322
21180,0.2614881300931966
21181,0.8992873290104244
21182,0.9286746001888497
21183,0.4306974261649906
21184,0.919880484480205
21185,0.8873239748442967
21186,0.8723298830367375
21187,0.8217446899276215
21189,0.8170215029457792
21190,0.9263658287842712
21191,0.8166566739238085
21192,0.9039412880041694
21193,0.8586248784150787
21194,0.8201694474068854
21195,0.8964333794118966
21196,0.8689413156438537
21197,0.4216321554641421
21198,0.8857556377296503
21199,0.8844910092498705
21200,0.913199217802747
21201,0.139404274561868
21202,0.10822222333157938
21203,0.9209315640416728
21204,0.3130407056890368
21205,0.5477558347513903
21207,0.08241319482032118
21208,0.03386673161033966
21209,0.9043285493211622
21210,0.6399413942891246
21211,0.6392135248408769
21212,0.2393404643963221
21214,0.8812008084545055
21215,0.932048529104806
21216,0.8924458435163343
21217,0.9252202371506658
21218,0.895148708107766
21219,0.9352906143634625
21220,0.11151220620083806
21221,0.9461025139450036
21222,0.8676293129582995
21223,0.8641844919538954
21224,0.867033420463353
21225,0.7512594771971137
21226,0.11876691318507661
21227,0.906135753226532
21228,0.8810925477362956
21229,0.913503841161862
21230,0.8616387987998825
21231,0.32348778935588257
21232,0.9177975189758949
21233,0.6998636535989212
21234,0.5599938046398094
21235,0.06374107114643518
21236,0.9217612132351648
21237,0.03498662455610119
21238,0.6716727658796746
21239,0.36510538724695824
21240,0.5561689385648838
21241,0.8934874270124985
21242,0.8321622071602646
21243,0.9442255505165051
21244,0.9944502986671504
21245,0.9204388206051392
21246,0.8748593960328123
21247,0.9413557367889696
21248,0.3494044258610404
21249,0.39853747958525115
21250,0.0
21251,0.8892922055023891
21252,0.13748609292553735
21253,0.026518150782371356
21254,0.8704962943311348
21255,0.9100369276764455
21256,0.8730453976604753
21257,0.2650205051606084
21258,0.6923878044944929
21259,0.12550234276502495
21260,0.881707645573484
21261,0.8946628713371102
21262,0.09972536825821325
21263,0.894775933935779
21264,0.9121391559786007
21265,0.9095227219343252
21266,0.9476494529776607
21267,0.8818231689012324
21268,0.4163191978387973
21269,0.25022643576023607
21270,0.9203614528714308
21271,0.327541560875108
21272,0.6746740706956572
21273,0.8089776743926079
21274,0.5513779180974706
21275,0.2628940345667069
21276,0.13074826530813882
21277,0.4121149512656276
21278,0.8272413502381905
21279,0.40115296522403004
21280,0.9653476823677879
21281,0.729748043629434
21282,0.9386316605135689
21283,0.1645962543855317
21284,0.8921933383975674
21285,0.3767564197206963
21286,0.029189826673883517
21287,0.2091066145387336
21288,0.17421039249335926
21289,0.9108365223070671
21290,0.8668813594618169
21291,0.4447293458877951
21292,0.7633484387318517
21293,0.8275471698212367
21294,0.890954510632197
21295,0.8360619261643174
21296,0.961112642626761
21297,0.859544895542926
21298,0.9950503855390996
21299,0.3306135019971389
21300,0.8561183080618193
21301,0.8353209659882471
21302,0.5945893196596885
21303,0.261310064921657
21304,0.041265532430473095
21305,0.36945759178737425
21306,0.6091859217853304
21307,0.40989214155242154
21308,0.34275300720285373
21309,0.5518692745038419
21310,0.8281524619221066
21311,0.5175937745839095
21312,0.16244124082357084
21313,0.07548717878204562
21314,0.3586407371756862
21315,0.8799462740312368
21316,0.14540201583393111
21317,0.3824093488083723
21319,0.8100592472446491
21320,0.9015828860667238
21321,0.7764236412996417
21322,0.4647791412996154
21323,0.6146138598516971
21324,0.6653414043930156
21325,0.8553517594530299
21326,0.1254661005713383
21327,0.935942349831907
21328,0.9406825878249336
21329,0.46866841290248235
21330,0.9008029554858171
21331,0.41680862679028785
21332,0.8239249595535144
21333,0.5619153929305584
21334,0.4333611262563502
21335,0.839796331755575
21336,0.06714596607540341
21337,0.23925730325756345
21338,0.02716633704865896
21339,0.9140250702282333
21340,0.2841490361040133
21341,0.33405340816948254
21342,0.36612909346831346
21343,0.4460818687450074
21344,0.5135319577415404
21345,0.030301876181274452
21346,0.02672476722166802
21347,0.9430534371029627
21348,0.7062620802034111
21349,0.829001094883338
21350,0.9898014808051473
21351,0.7323846249386841
21352,0.848444734894428
21353,0.8528837896808382
21354,0.9198914479304368
21355,0.8663035723297341
21356,0.22520145261810323
21357,0.39895865762127314
21358,0.19155327155658175
21359,0.1424563855273444
21360,0.9437303795611147
21361,0.9520463471821362
21362,0.9342471124933548
21363,0.654375013453192
21364,0.09997746793951685
21365,0.7410448012847504
21366,0.531815758438534
21367,0.4286966026067848
21368,0.9079243228537601
21369,0.9225937798814259
21370,0.8911095689495144
21371,0.3742040886221146
21372,0.4519577224380365
21373,0.8172237181522991
21374,0.5913557173849575
21375,0.790006917078039
21376,0.7181018422483473
21377,0.8933893378566974
21378,0.3345633717765984
21379,0.5791692555121308
21380,0.9366593968536446
21381,0.9069021996321414
21382,0.9633029595809904
21383,0.7826380769874731
21384,0.8770042309191515
21385,0.19084671440543818
21386,0.4936033515064505
21387,0.8967118607252585
21388,0.8768735813730151
21389,0.11268781548688635
21390,0.8579903423204489
21391,0.9205605813649587
21392,0.9736823522043794
21393,0.59516469603793
21394,0.2705510051222981
21395,0.9274850071205528
21396,0.13449397910117938
21397,0.9343672203172938
21398,0.5501814834356519
21399,0.904702094090113
21400,0.06066121126090805
21401,0.8984374907883353
21402,0.025956147514756094
21403,0.8714244006611346
21404,0.2233111274949914
21405,0.940843338725924
21406,0.19825647973277136
21407,0.911621284985371
21408,0.8312886017029772
21409,0.8718389147917898
21410,0.044872904850295256
21411,0.8345190423698112
21412,0.6867564455824888
21413,0.21615109514762798
21414,0.7600582712991599
21415,0.022363113338467366
21416,0.5415560485785391
21417,0.9702180583771912
21418,0.026083058232463232
21419,0.35697034531418387
21420,0.7619751698267803
21421,0.03365885014985493
21422,0.8595158622820168
21423,0.9434426690067095
21424,0.433836147750515
21425,0.022723457494724725
21426,0.9264617589884027
21427,0.9402063425650009
21428,0.9232938729891784
21429,0.24506445775750682
21430,0.8506323746381144
21431,0.8219386610549767
21432,0.789766311297202
21433,0.1053660782582947
21434,0.9417111526672889
21435,0.8195974161986412
21436,0.9020266509352083
21437,0.6919283733907137
21438,0.03573446156070374
21439,0.8023007780689859
21440,0.5539353792437024
21441,0.9449124313633013
21442,0.898395404812917
21444,0.6789157671016554
21445,0.9729027161295266
21446,0.8109616049223978
21447,0.9182638692185833
21448,0.44681603777222484
21449,0.9069359460630531
21450,0.9319784265488731
21451,0.32126044408347204
21452,0.8878886022997995
21454,0.1698081082378582
21455,0.2177166608326629
21456,0.37070204089150505
21457,0.9629704949029605
21458,0.8568792591214327
21459,0.7709891999986741
21460,0.5665297531396472
21461,0.7426193424286835
21462,0.917763897137802
21463,0.9523360147677954
21464,0.4842709917985529
21465,0.6510541562818946
21466,0.06601770878563591
21467,0.7960973407263381
21468,0.1101106427363396
21469,0.9456627937248854
21470,0.24869488673288032
21471,0.412209179339507
21472,0.5786320241076647
21473,0.9261573445234165
21474,0.4424447360058271
21475,0.38681615434512123
21476,0.69728205427923
21477,0.8813009753898161
21478,0.9177248924256111
21479,0.05925642291786437
21480,0.9213339976874563
21481,0.9251206543271444
21482,0.17294049899931063
21483,0.9361035756506059
21484,0.12460942963455969
21485,0.8897713105546147
21487,0.5450152137881035
21488,0.5227966301505486
21489,0.043780922607974726
21490,0.11567790801268521
21491,0.055221636301127364
21492,0.9396485995044647
21493,0.30820255452021145
21494,0.13877056624554568
21495,0.5967322150422798
21496,0.2106445679600775
21497,0.4048406554879992
21498,0.9349753654186608
21499,0.3315958674219075
21500,0.249904804314606
21501,0.5837731545257214
21502,0.6296007149343437
21503,0.1411598942897136
21504,0.7232322619468111
21505,0.7221948630948114
21506,0.8855806894272354
21508,0.8998959726916963
21510,0.5827126965566368
21511,0.13810960891332602
21512,0.8365986063797513
21514,0.052282926737634954
21515,0.8257964495027482
21516,0.340087757411331
21517,0.9010994791577424
21518,0.6652063362117893
21519,0.020658386540922998
21520,0.3444377457683542
21521,0.8875914321392524
21522,0.6251231852305158
21523,0.8647447570805327
21524,0.38087663519281023
21525,0.8179709895378384
21526,0.2981109467526483
21527,0.8370275910920211
21528,0.8319943510024854
21529,0.8864250175486359
21530,0.14225230624642526
21531,0.9553078662903104
21532,0.8502595128934006
21533,0.8994118102015315
21534,0.867349697166427
21535,0.9468068369823716
21536,0.1026648186178722
21537,0.8841292213299187
21538,0.9836520240700252
21539,0.8226432929433211
21540,0.8403630439678814
21541,0.8782014538750251
21542,0.8499089862905058
21543,0.02123951439193603
21544,0.8834454456980289
21545,0.4634634295113427
21546,0.9476258864716645
21547,0.7325731985655696
21548,0.9718018143642145
21549,0.24046672564597324
21550,0.33728362049209276
21552,0.7321080466453791
21553,0.8370603705659321
21554,0.4911626490220618
21555,0.8988612879235751
21556,0.661356956514051
21557,0.039093917077516735
21558,0.8714136484772346
21559,0.6696596233630937
21560,0.760017380100837
21561,0.660663249601658
21562,0.06319290347558064
21563,0.599487291334347
21564,0.8288346107995721
21565,0.9207511324138596
21566,0.4070215439704996
21567,0.6924605156330661
21568,0.17254807992741802
21569,0.8829654062168484
21570,0.8622898719415999
21571,0.7328902356401684
21572,0.37119617282658396
21573,0.4587923868617402
21574,0.1611626688198034
21575,0.41828119244555373
21576,0.9446442133876292
21577,0.7607147109792605
21578,0.4972090274949205
21579,0.02089604244478931
21580,0.22051612942978122
21581,0.44628415502501706
21582,0.7824320788513793
21583,0.9256371680959965
21584,0.9697825553348887
21585,0.8947972464086982
21586,0.9197100798225188
21587,0.2754423826239429
21588,0.9367965184666948
21589,0.9317321568552983
21590,0.7701546472296545
21591,0.9025783207244829
21592,0.42989572079605065
21593,0.8839862734964479
21594,0.06669960469487653
21595,0.9125093789221171
21596,0.9007859920908323
21597,0.9166280678793252
21598,0.35459587703365303
21599,0.10336119316017361
21600,0.9018377284781214
21601,0.862777440515199
21602,0.30092794965193914
21603,0.061741441615259754
21604,0.7191083827279995
21605,0.9168776842269224
21606,0.6769132491807749
21607,0.500416653012245
21608,0.9662797275425441
21609,0.49501840858708906
21610,0.18642237395185235
21611,0.07428872571089742
21612,0.29998567428777717
21613,0.9736478799416565
21614,0.9402259660381495
21615,0.9045038866019018
21616,0.9426602901145651
21617,0.8185316415247174
21618,0.12167704511894537
21619,0.9606025423586698
21620,0.9288893161781826
21622,0.8489640632502606
21623,0.7309411945631775
21624,0.8980729148529825
21625,0.9093346962942994
21626,0.019581523712221736
21627,0.21845193498778032
21628,0.5218168897780123
21629,0.9507887150089619
21630,0.8863219825817753
21631,0.9205633672640129
21632,0.8268111992858986
21633,0.9660472740955249
21634,0.8972113558834065
21635,0.9069378074062566
21636,0.42127071326543525
21637,0.3839563228733953
21638,0.662979890310061
21639,0.5212275627868392
21640,0.749226133068379
21641,0.03921168010272679
21642,0.9802230380932652
21643,0.4984161875564875
21644,0.9450611454665712
21645,0.2948335525384093
21646,0.0987485126926091
21647,0.44008681281375617
21648,0.46256510759317804
21649,0.9529056267804423
21650,0.9295367258020909
21651,0.9189361056809996
21652,0.7873241785163961
21653,0.6307116672337958
21655,0.0910921968880343
21656,0.8799651946772075
21657,0.9006884302438787
21659,0.07284971826752688
21660,0.712166501462446
21661,0.8559894212089751
21662,0.9008671116727027
21663,0.07161070669666836
21664,0.09579139098207701
21665,0.88453505195742
21666,0.8912371719842712
21667,0.5706287493411237
21669,0.6511849933634898
21670,0.5828355009344292
21671,0.4419043589331443
21672,0.9521979720564127
21673,0.7492375150396233
21674,0.9771423878072019
21675,0.8479954424902848
21676,0.40161291775843155
21677,0.9474982537838919
21678,0.9005252128557889
21679,0.5191359579911122
21680,0.1809699560207367
21681,0.9598869614281839
21682,0.9179219628129361
21683,0.481282842260704
21684,0.9053081021419732
21685,0.06622698620193383
21686,0.2678457334914223
21687,0.9785954889803529
21688,0.9112772358387461
21689,0.25853561532051844
21690,0.9045648806528646
21691,0.9226439040028627
21692,0.8686785553166371
21693,0.5003040625895108
21694,0.90572437715557
21695,0.23909871923184098
21696,0.7673719807518611
21698,0.8553598813216714
21699,0.23690881763293933
21700,0.5705690201262799
21701,0.4413938346712954
21702,0.4587766094054484
21703,0.8547608509809875
21704,0.31940782776636045
21705,0.22205062798507044
21706,0.4035322467785118
21707,0.8003431660716162
21708,0.865442548557772
21709,0.595366641064056
21710,0.9507651267810925
21711,0.7153167275916389
21712,0.9160034796829274
21713,0.3630725879529888
21714,0.8708326808654497
21715,0.520827003047711
21716,0.8497168446886664
21717,0.3999103973081086
22000,0.0
22001,0.4406031714511603
22002,0.8138440000437748
22003,0.4226335406763231
22004,0.4064821881400651
22005,0.7597424775495945
22006,0.6887598370828044
22008,0.407263985697038
22009,0.4890879573680406
22011,0.8888888888888888
22012,0.4248621510114399
22013,0.7388756824040634
22014,0.44499590304913494
22015,0.7909113239778446
22016,0.4398188559766091
22018,0.8202935756453832
22019,0.8608621921687554
22020,0.32157318606991836
22021,0.48087960594896395
22023,0.8750449289974916
22024,0.9150180293339323
22025,0.3240303260444989
22026,0.46572416616969686
22027,0.3871272770012221
22028,0.438021604791888
22029,0.6744743397445664
22030,0.540294286375253
22031,0.48184390710010294
22032,0.280983521754091
22033,0.3848434262260027
22034,0.3736652326264933
22035,0.36118969235872744
22036,0.47906517185486036
22037,0.8519989143717562
22039,0.38555395732683423
22040,0.867644324489368
22041,0.7349675243059862
22042,0.5418571612749328
22043,0.5602713669529814
22044,0.8630971519379138
22045,0.922062062499177
22046,0.059040776507419825
22047,0.20846575587147453
22048,0.5063555985702743
22049,0.6605662484257723
22050,0.12962654779388408
22052,0.8605319135785753
22053,0.7674101950369457
22054,0.08853902847970428
22055,0.43054453862237874
22056,0.2863141535860366
22057,0.6702656727286089
22059,0.828951608728195
22060,0.47141090078477693
22061,0.22730288650149072
22062,0.252036501699203
22063,0.6450805927692121
22064,0.7031378745254965
22065,0.42764089683044443
22067,0.788688301854374
22068,0.5142429179426365
22069,0.5191548762345154
22070,0.943396624891388
22071,0.4718533752478189
22072,0.8988052403679233
22073,0.24610250733277858
22074,0.25959072656387405
22075,0.6453522148444739
22076,0.3552817724589177
22077,0.3643642847958225
22079,0.8181194545097574
22081,0.7797752157171517
22082,0.36029438470589853
22083,0.2712457978437046
22084,0.32526755188293505
22085,0.361731838900016
22086,0.3625622194405185
22087,0.7791746497688234
22088,0.9156836723974806
22090,0.4691555036250737
22091,0.7857849230096644
22092,0.7370218505528741
22093,0.17041365790084717
22094,0.6471857174506357
22095,0.760540640288229
22096,0.4505771154152333
22097,0.4995082293197816
22098,0.7787700775657251
22099,0.7710922016394861
22101,0.43918606158903944
22103,0.7042253614463254
22104,0.47753044347210805
22105,0.6362581272990243
22106,0.8761779815675824
22107,0.2020300224575529
22108,0.6653638904003017
22109,0.42810613214994087
22110,0.5487460790537735
22111,0.20680503310941478
22112,0.6121428545418794
22113,0.10087013502363891
22114,0.544280499477394
22115,0.8998956330021761
22116,0.4874254183037928
22117,0.7758633554484468
22118,0.35934611095257013
22119,0.44629482598297954
22121,0.5309734941553361
22122,0.3600399768742314
22124,0.5942002097342954
22126,0.9251292650262478
22127,0.17308888127673094
22128,0.7036702316497562
22129,0.9202840985849091
22131,0.5961675893921231
22132,0.9099114950010572
22133,0.2755165485753143
22134,0.18999131615671558
22135,0.518169513494367
22136,0.09941591412388127
22137,0.3739431188323782
22138,0.830780600191903
22139,0.892922133082393
22140,0.7478929395734882
22141,0.6178073076601802
22143,0.3630948569908816
22144,0.9142797292095932
22145,0.7101524005479948
22146,0.5212299533109848
22147,0.23184409624126281
22148,0.6644570246525174
22149,0.4626934779349218
22150,0.7186041037794174
22152,0.35235976883842357
22153,0.8725569003860087
22155,0.2881691477501197
22156,0.8427087908842134
22157,0.5240026032256374
22158,0.15108148221247705
22160,0.8187746289744067
22161,0.6769400939936332
22162,0.1142722696493662
22163,0.6467039710702939
22164,0.5840738773977147
22165,0.6770961507940956
22166,0.14749063826420283
22168,0.07942651102892595
22169,0.8486682834080448
22170,0.8619455849158153
22171,0.7020034988144284
22172,0.3436270798032066
22174,0.4268287543881591
22175,0.39331965156816273
22176,0.7957858114032292
22177,0.8009536882521979
22178,0.4824760511097267
22179,0.10399309042712301
22180,0.23722193089695282
22181,0.37785025373522324
22182,0.7264597019597664
22183,0.18643508182377838
22184,0.6419394567863376
22185,0.2837580903233359
22186,0.4416732767022709
22187,0.719885277886446
22188,0.8689225604115929
22189,0.7027146552134262
22190,0.46280134479499724
22193,0.43944037288912036
22194,0.290820606565646
22195,0.12688418204163854
22196,0.26373296293107273
22197,0.44953818665001455
22198,0.18933045799186304
22199,0.21392247393640088
22200,0.4458080989204211
22201,0.40787303644551354
22202,0.5059800456576672
22203,0.5019992046721802
22204,0.47102848015264326
22205,0.5303754478998344
22206,0.7318833762759772
22207,0.3468737073137263
22208,0.19825695888641864
22209,0.4957737523877326
22210,0.07616206187079738
22211,0.22933442828920464
22212,0.6454170908499494
22213,0.5620903851727084
22214,0.08657942320300976
22215,0.5517514584606912
22216,0.8498884148859066
22217,0.6543819415624154
22218,0.2246087696429673
22219,0.15713146177732715
22220,0.3445353194123737
22221,0.3907886237896188
22222,0.0989259675851887
22223,0.6653265555332825
22224,0.4815273696854819
22225,0.2129467188987161
22226,0.34204125550856596
22227,0.4809644248774366
22228,0.9530135015066912
22229,0.6874175709908136
22231,0.7458161104343035
22232,0.7366848652164559
22233,0.19701372180461024
22234,0.9017704687779843
22235,0.6038411537928635
22236,0.5419846091122404
22237,0.3558581722950558
22238,0.5736631899626162
22239,0.36781983488690695
22240,0.37996876764251103
22241,0.5769936964255669
22242,0.21728081836318794
22243,0.7400532405638581
22244,0.42997703618464755
22245,0.6524951713345617
22246,0.8268275786289846
22248,0.5881305208322384
22249,0.8745063746326085
22250,0.6531621762068801
22251,0.5833795697271091
22254,0.6153289759816101
22255,0.4395157792790377
22256,0.5100951233123033
22257,0.48666045588922363
22258,0.7753069536774505
22259,0.3843618252642329
22260,0.4436079060582786
22261,0.6709780747889814
22262,0.8136986546656205
22263,0.3924052861946775
22264,0.2592643486983305
22265,0.354033622026835
22266,0.3700742065317432
22267,0.5974126584508846
22268,0.4348843757024717
22269,0.6816452081589381
22271,0.8347653533003621
22272,0.5531535081615299
22273,0.7069753753184259
22274,0.37855948876368006
22275,0.2839892410385165
22276,0.4926887183493093
22277,0.766618484074015
22278,0.7365140870200577
22279,0.7483471759387298
22280,0.3974929203516114
22281,0.8750445339893053
22282,0.27322938255414736
22283,0.6545831172447791
22284,0.7768529428388569
22285,0.624655991066644
22286,0.4761926120422305
22287,0.8710483946522206
22288,0.45189690485046313
22289,0.7176068354033317
22291,0.7943576112161833
22293,0.708139447949747
22294,0.6967089362097348
22295,0.3239808789358604
22296,0.6013885832648175
22299,0.500137799971343
22300,0.5295741929692886
22302,0.6557113403490648
22304,0.6197213249422324
22305,0.7058541045045827
22306,0.28975656053689075
22307,0.8553117251134205
22308,0.3916064463388124
22309,0.7344147079693741
22310,0.7686558034042457
22311,0.6959356754831865
22312,0.475006626488944
22313,0.34331902248593815
22314,0.5071761560476363
22315,0.5437419762207586
22316,0.20931963567365422
22317,0.592241606872376
22318,0.48534072141681056
22319,0.5335490618914484
22320,0.8942950064227333
22321,0.33421710386471715
22322,0.7626548472478457
22323,0.4785869955223809
22324,0.49279302660598073
22325,0.6165931113641621
22326,0.7276153167180274
22327,0.5575383201766697
22328,0.8466613498838359
22330,0.3987356403659883
22331,0.7992079454915648
22332,0.8094578806772127
22333,0.36182732150421015
22334,0.6579512346627007
22335,0.7117584735642112
22337,0.5505449257449487
22338,0.6934706578180094
22339,0.3544435520183721
22340,0.47143011481285557
22341,0.49993510610306807
22342,0.5272001179178903
22343,0.23236314189619459
22344,0.47157266838501355
22345,0.5194926508652297
22346,0.6475861378607629
22347,0.3223916405070951
22348,0.6863292988627523
22349,0.34931045689917506
22350,0.5434981762219339
22351,0.6934280111151112
22352,0.4474466339315219
22353,0.3953094948188524
22354,0.7680259816470486
22356,0.886824808624096
22358,0.8389678372095244
22359,0.8291196570107819
22360,0.781872832094722
22361,0.8562187728467737
22362,0.3522140325476233
22363,0.38178234353079876
22364,0.312561595471677
22365,0.877232860377323
22366,0.6192908960378993
22368,0.7449244099636306
22369,0.5825550352639782
22370,0.6109573495371868
22371,0.19542747060312368
22372,0.9141003864821664
22373,0.6362017365119125
22375,0.8345679380715172
22376,0.2463786827773527
22377,0.7414332750407077
22378,0.6156275603080716
22379,0.27229595780531846
22380,0.3820620860502409
22381,0.5781992428145303
22383,0.4949275031660979
22384,0.37705197498023557
22385,0.6701258278897858
22386,0.299915386810401
22387,0.5792342951991555
22388,0.3945676896164933
22389,0.7733137544250182
22390,0.4003315934471099
22391,0.5619986688297277
22500,0.0
22780,0.0
22970,0.0
23001,0.4248063716224672
23002,0.5229551642351239
23003,0.7071898964199921
23004,0.5652637815534324
23005,0.5168777950859226
23006,0.5867594296149805
23007,0.2749650983646201
23008,0.23819296734041717
23009,0.8645262082147711
23010,0.5911713916624438
23011,0.5128991519991231
23012,0.19103479362181014
23013,0.4226988316751279
23014,0.6323025698705127
23015,0.6699014559006978
23016,0.6287400745126928
23017,0.3870661644217312
23018,0.8993888512802444
23019,0.2743831419584084
23020,0.8075302652945352
23021,0.6819560910556456
23022,0.35224951157188833
23023,0.8788888746562143
23024,0.28547461510323285
23025,0.48447896237077154
23026,0.763301894975115
23027,0.3283936243671004
23028,0.6597266937769604
23029,0.6704184392837573
23030,0.3034275002961918
23031,0.8064233069340885
23032,0.3689908861523021
23033,0.3688497989468939
23034,0.504401240116647
23035,0.8189795979081393
23036,0.27395627327557304
23037,0.5726760757258677
23038,0.20430196096306494
23039,0.29989848196715346
23040,0.9740610029411407
23041,0.37611610745751994
23042,0.261190573883446
23043,0.8428894045078402
23044,0.4014112538689356
23045,0.5395118931756612
23046,0.6533049163383268
23047,0.6762559142609014
23048,0.22181813541208278
23049,0.6525661606684287
23050,0.8585171691421296
23051,0.6695509671848506
23052,0.5095013191403759
23053,0.2588896214984331
23054,0.15225545219112926
23055,0.30775514817756633
23056,0.26033616910212287
23057,0.635024595883226
23058,0.8366267696638585
23059,0.38808326294438084
23060,0.42506522360566396
23061,0.9218217819156099
23062,0.5907064028298074
23063,0.14166767404293715
23064,0.5226887608933071
23065,0.7585091252928233
23066,0.3049384211514965
23067,0.05364843658358832
23068,0.7301150503175088
23069,0.5819799452763086
23070,0.8175432955032255
23071,0.18690549164151815
23072,0.8104094588076903
23073,0.1281119507299969
23074,0.6615673131222384
23075,0.3784038293898137
23076,0.40996289940265646
23077,0.09110558213397751
23078,0.7764720928331997
23079,0.23952275560473837
23080,0.1913219148253733
23081,0.9663290721332076
23082,0.5174532489990767
23083,0.581408796850096
23084,0.6118608812596532
23086,0.6112335660339772
23087,0.07870412830531015
23088,0.6168398998882219
23089,0.5141955363563746
23090,0.17408282876042627
23091,0.5616787828235785
23092,0.4709991756187714
23093,0.4317048911906453
23095,0.5273747133637142
23096,0.08435266682974182
23097,0.6395648203912079
23098,0.8648990655790492
23099,0.5128822468529147
23100,0.6376260664233927
23101,0.5982585681442057
23102,0.6330445623612896
23103,0.7288271631917046
23104,0.7564019682633897
23105,0.5906579401131266
23106,0.45122921673376154
23107,0.5942915619026458
23108,0.5609569294203225
23109,0.5709165609957788
23110,0.5029436292470755
23111,0.8909884473340446
23112,0.18366209784208457
23113,0.2886693970399152
23114,0.931904999885096
23115,0.12493387819401292
23116,0.6544660284373013
23117,0.7251253755234375
23118,0.6868510500875485
23119,0.9937826980185802
23120,0.8395594153110467
23122,0.6809939837189274
23123,0.49952126218686316
23124,0.321889599678039
23125,0.17859264900107183
23127,0.20323227566392368
23128,0.6890954755751699
23129,0.46920215624334966
23130,0.5252575906385414
23131,0.6340352137196291
23132,0.3523510860432024
23133,0.276284525024942
23134,0.5143679283638243
23136,0.41354076486142033
23137,0.39077265213821566
23138,0.7911762044915106
23139,0.3880628101903176
23140,0.29632412628877647
23141,0.7083062473510108
23142,0.34829982352067423
23143,0.7682337002427031
23144,0.17569983889625096
23145,0.9001599352609037
23146,0.4155644881503579
23147,0.5649325593557172
23148,0.5020150822703836
23149,0.7915943718439394
23150,0.6893418446338598
23151,0.3339996497371543
23152,0.8516572939222427
23154,0.5192046312514864
23155,0.6601742363594225
23156,0.35750059220160224
23157,0.6770770371991237
23158,0.5759493110491141
23159,0.7247213165653846
23160,0.5321122216845443
23162,0.6812322381648689
23164,0.3585273233102185
23165,0.6761244122222367
23166,0.7772466459292068
23167,0.3623020395150556
23168,0.3604821871000463
23169,0.633576580799074
23170,0.6084702197621664
23171,0.5902658231628963
23172,0.8579938223355152
23173,0.7304432580801946
23174,0.8579061417089098
23175,0.5880770400252214
23176,0.4901970003708333
23177,0.7627369319330868
23178,0.3951251924881253
23179,0.40219933517976586
23180,0.4949673425239084
23181,0.2562649216484017
23182,0.6533057268511646
23183,0.633366073857691
23184,0.7161603294593943
23185,0.7443912124876295
23186,0.6055996449958233
23187,0.8973632683693566
23188,0.715039334499616
23189,0.06731548554486955
23190,0.7200205568911067
23191,0.42136801101037524
23192,0.5083497891729976
23193,0.16093452956859663
23194,0.2521725435434356
23195,0.40278230968844203
23196,0.35434104248033427
23197,0.27971918936020584
23198,0.6172192804633586
23199,0.8868584791268089
23200,0.4711498256952281
23201,0.7207767515263003
23202,0.204910950176976
23203,0.5490449070208255
23204,0.7182251861151656
23205,0.18635841319796903
23206,0.49985177486056565
23207,0.87949575126592
23208,0.46151946447451997
23209,0.7528527490221454
23210,0.4787500577956613
23211,0.35905747008946337
23212,0.5212138141750998
23213,0.2222222222222222
23214,0.6432170446527385
23215,0.9749773690016321
23216,0.24133485654296485
23217,0.126475367663274
23218,0.7169417719944097
23219,0.5687525697329675
23220,0.3447931243579686
23221,0.9873998887207033
23222,0.5423605660835243
23223,0.1963539128380192
23224,0.9884807549498975
23225,0.8488077612027468
23226,0.7468316282291508
23227,0.5891495943669129
23228,0.4623138650697319
23229,0.5478355772110215
23230,0.3301721981439763
23232,0.40579558494563567
23233,0.3999080010057131
23234,0.8816472459415681
23235,0.900635816405896
23236,0.7269040145793573
23237,0.2575139918342099
23238,0.4095248192701716
23239,0.7811904357223174
23240,0.7514132438090261
23241,0.2939141928685026
23242,0.45251707855881373
23243,0.8741625863512964
23244,0.5287293871846492
23245,0.29211901941392787
23246,0.3273772299178173
23247,0.2589305094963074
23248,0.4624472350242188
23249,0.5477601445246102
23250,0.5535619765298434
23251,0.9183335565171157
23252,0.46947200738929845
23253,0.5154751519271176
23254,0.8614495475029783
23255,0.7750447897432982
23257,0.7158476351054271
23258,0.942235417048615
23259,0.5956082653524505
23260,0.3677484540413113
23261,0.8903599554740058
23262,0.8486838972080175
23263,0.608233206601094
23264,0.64020605557108
23265,0.7531747836798899
23266,0.563592381895627
24001,0.08375554980287701
24002,0.3430339032944945
24004,0.23903245885958369
24005,0.5401141859525468
24006,0.7791488685595406
24007,0.04632825522504616
24008,0.1814308777658926
24009,0.13363334112290737
24010,0.37055475115004777
24011,0.43909398916047826
24012,0.690807070468696
24014,0.3865923837120902
24015,0.7789313551525292
24016,0.15121195000404275
24018,0.31432830355107666
24019,0.13610225682299545
24020,0.19165202727710728
24021,0.2134216947227827
24022,0.36403562331778316
24023,0.12699158956539305
24024,0.1710068025958909
24025,0.24838876902644136
24026,0.07306692682348717
24027,0.08895446021964476
24028,0.032294634837711785
24029,0.21161417728771134
24030,0.6831362469006576
24031,0.08211340231736941
24032,0.09937940208198418
24034,0.21474418491407138
24035,0.1814567703905292
24036,0.7857714017047539
24037,0.03208442661623328
24038,0.04361715071330339
24039,0.8064880512455754
24040,0.8050595239005642
24042,0.40819063035798153
24043,0.18188362507817513
24045,0.11061869635983376
24046,0.26925260840572224
24048,0.365478178311816
24050,0.7325791448519897
24051,0.30492870637648756
24052,0.5127128473386683
24053,0.07042770340934106
24054,0.21885491793873857
24055,0.20056763952164988
24056,0.33830172236973477
24057,0.10249186129387518
24058,0.08654621889806799
24059,0.08176308912109774
24060,0.2800672297929286
24061,0.39358729779629464
24062,0.0765606137226007
24063,0.8040683459965574
24064,0.18041471480962773
24066,0.4337940178694469
24067,0.2668386591108082
24068,0.08021768022533007
24069,0.524770047956674
24070,0.13345391823548422
24071,0.12511738695841948
24073,0.4671550093801814
24074,0.7109637227001668
24075,0.5525531115968276
24076,0.7951304264680455
24077,0.24296571218869248
24080,0.09511009211703382
24081,0.6359925644370399
24082,0.6070382260184124
24083,0.4895667920780951
24084,0.8376246673696887
24085,0.7812500328556464
24086,0.6244229566489278
24087,0.533699330305592
24088,0.2005883925020076
24090,0.09591537186548496
24091,0.47763128062449584
24094,0.4526529194760364
24095,0.3129345119571431
24096,0.25338059351107
24097,0.06732609696928518
24098,0.22107247662732682
24100,0.12254571893164337
24101,0.23983824458943265
24102,0.337305511078703
24104,0.1528076514006242
24105,0.10085114410657604
24106,0.6636914772896463
24107,0.3427267939026996
24108,0.35680243036768916
24109,0.07279844876681699
24110,0.1691800912590859
24111,0.41147347367783077
24113,0.2850479589314295
24114,0.09548598377392613
24115,0.2586591785613869
24116,0.6269301626641854
24117,0.8098642721908529
24119,0.06738731982086642
24120,0.09914826557615274
24121,0.17640733124913535
24122,0.759325855891565
24123,0.13682124529077105
24124,0.17690698574560562
24126,0.29290803965827505
24128,0.0773616852419133
24129,0.4736603916471849
24130,0.5707043237176879
24131,0.2926797267384735
24132,0.23362240468242346
24133,0.1110841966584944
24134,0.2866379835053064
24135,0.4943133306185357
24136,0.8561531005647082
24137,0.12170368524281432
24138,0.14783318529093276
24139,0.1727413386136295
24140,0.11786769864713918
24141,0.0760802372291972
24142,0.282459565265767
24143,0.12410326598643241
24144,0.28752932329243497
24145,0.08654886458891363
24146,0.45574679714507565
24147,0.19286549428617392
24148,0.35995341337065606
24150,0.6418958434665022
24151,0.6129293129953277
24152,0.663723258322648
24153,0.8287559504456123
24154,0.1771672023772472
24155,0.04976518772945233
24156,0.31500538114044013
24157,0.04941546189309233
24158,0.14568928287508848
24159,0.09282235115229434
24160,0.3710155945728148
24161,0.2382755500858145
24162,0.5737512035479206
24163,0.2637782816354766
24164,0.13299319160327025
24165,0.6124770526308451
24167,0.06536419778972574
24168,0.1739450163339331
24171,0.301194834616902
24172,0.7679509168728244
24174,0.47523140415321224
24175,0.4267016858954843
24176,0.1280680026301237
24177,0.13208828158967229
24179,0.8131303090952146
24180,0.1790833626565374
24182,0.18864217333633904
24183,0.6618711340010113
24184,0.8925159334737126
24186,0.26774216537515455
24188,0.43057901833910633
24189,0.2823207889262963
24190,0.07720284617834103
24191,0.3172011554870568
24192,0.2685499184145358
24193,0.24563510409272132
24194,0.18130324535112635
24195,0.2385455523092755
24196,0.06839272352173352
24197,0.2507386230815652
24199,0.07116534236912486
24200,0.23946742744677163
24202,0.31999368888560215
24205,0.25842416397924545
24206,0.749651366817683
24207,0.7449638530023603
24208,0.5211099654210706
24209,0.21517076258693177
24210,0.04850665988106712
24211,0.10617763309641493
24212,0.21124602393591282
24213,0.2817999566089387
24214,0.13963850227070548
24215,0.8274133875214779
24216,0.2667113451540393
24217,0.5607449677295672
24218,0.08093770542864887
24220,0.3946260477254441
24221,0.27989297537091484
24222,0.0925185839729624
24223,0.03321907269880049
24224,0.13411233803282235
24225,0.15556649896329913
24226,0.33400615722104027
24227,0.07375676969406353
24228,0.13602951280389544
24229,0.6268457475494175
24230,0.4494372791003684
24231,0.2630813993072863
24232,0.6273705991686238
24234,0.14237189861321983
24236,0.36452824943334505
24237,0.11669529074386245
24238,0.6932629259129114
24240,0.6932789899871866
24241,0.37633092114707895
24242,0.19782214011052762
24243,0.30215000743462717
24244,0.24329094986834665
24245,0.6182578229839754
24246,0.2495822006872013
24247,0.11509214836108277
24248,0.3266945587927243
24251,0.3531929889040128
24252,0.4735860990677352
24253,0.029978786885519308
24254,0.781282101368339
24255,0.595072775112059
24256,0.24814488632200868
24257,0.1012227784563026
24259,0.07215912076658929
24260,0.16944379121428083
24261,0.5431236196912738
24262,0.4871452405117795
24263,0.27628963719585764
24264,0.4998630474757749
24266,0.265541350779529
24267,0.38692297463825415
24268,0.624493967616804
24269,0.17805022093151388
24271,0.1742875396925222
24272,0.6560974989755552
24273,0.14413132227085074
24274,0.20033226595264333
24276,0.21973916547431913
24277,0.359783777531923
24278,0.27508010242610303
24279,0.2782485090676079
24280,0.3651862983112732
24281,0.17280679945456337
24282,0.29639345794009
24284,0.409268251600048
24285,0.1836700268764709
24286,0.2032847861949496
24287,0.2826074064258963
24288,0.30330699259855826
24289,0.20420428719264175
24290,0.44503941237653544
24291,0.27163823822137745
24292,0.38920294604713385
24293,0.7766904722610035
24294,0.05113726379620334
24295,0.3386853949771883
24296,0.122232469109801
24297,0.8312322344768633
24299,0.038262223681659185
24300,0.8687090037852576
24301,0.7824029342835143
24302,0.19559390176592317
24303,0.05826823007088864
24304,0.22049788564824496
24305,0.3825741342445415
24306,0.42981201694576
24307,0.06988408232638268
24308,0.36433548164982793
24309,0.05255205599625446
24311,0.06491882748462716
24312,0.07425544614580351
24313,0.4762646325417866
24316,0.09837893917035016
24317,0.6467562328843468
24318,0.6136201829270537
24319,0.2729422126976956
24320,0.17501287579916067
24321,0.7980103371288318
24322,0.06188371419651428
24323,0.07187079211068767
24324,0.5921302593330849
24325,0.768083767268532
24326,0.8266228872923407
24327,0.4832997819905664
24328,0.06839167184468567
24329,0.6248274767309442
24330,0.19606434274098733
24331,0.26859999069094154
24334,0.17207428073065809
24335,0.10337968848500935
24336,0.7233095623966995
24337,0.4786137588515136
24338,0.08678436659690425
24339,0.15674156889162472
24340,0.10857636281370142
24341,0.36318911491320055
24345,0.16507658981944165
24346,0.32153710563343346
24347,0.23377359106706697
24348,0.2796185656179144
24349,0.34593266030295644
24350,0.30269300888268064
24351,0.2667412945361225
24352,0.04961936022806636
24353,0.04369369523939988
24354,0.19557706115411455
24355,0.7763233297628435
24356,0.1453028986053447
24357,0.38476032631418555
24359,0.3396892837677449
24360,0.7820275324651135
24361,0.16522067845680075
24362,0.06384649907724306
24364,0.5639085168694774
24365,0.14006768544912954
24366,0.6752670721610287
24367,0.11755904923534856
24370,0.19066703740454147
24371,0.3052085725118507
24372,0.13207416264973085
24373,0.19657465124381493
24374,0.21469225692110383
24375,0.8782304692230356
24376,0.04392730071461072
24377,0.6830374482702545
24378,0.45671607861878843
24379,0.2513294554857945
24380,0.2583957591916052
24381,0.30823945499931105
24382,0.1646668537208846
24383,0.2605857815762485
24384,0.2875187617690393
24385,0.2630228942835569
24386,0.6730947653800563
24388,0.6005296520545188
24390,0.38215822930743054
24392,0.6757499898151696
24393,0.24812274930930187
24394,0.11745117046602235
24395,0.6823474156462488
24396,0.4836641401779173
24397,0.23069245057589632
24398,0.18334229738582516
24399,0.1833556872045377
24401,0.14358940102663048
24403,0.3886337993050316
24404,0.4277025184943817
24405,0.1481824924196053
24406,0.45990205869183987
24407,0.22486197355700074
24408,0.6126059687215859
24409,0.09403251930359025
24410,0.3621919154710729
24411,0.17559267304010687
24412,0.34744759991965546
24413,0.32323586557002043
24414,0.18912018682107248
24415,0.2572771884960807
24416,0.7067635046764276
24417,0.23380694064437582
24418,0.12384068551981232
24419,0.12294407607602789
24420,0.24947904257586298
24421,0.6047488954937641
24422,0.11285934154876816
24423,0.23365851213441047
24424,0.11032044775872517
24425,0.3767844103134751
24426,0.1186998457518484
24428,0.20514346865344327
24429,0.23954470998303698
24430,0.0
24432,0.6102543830323526
24434,0.08676470235563845
24436,0.06820581230512478
24437,0.5321938016255138
24438,0.6280674754672875
24441,0.06732835293344344
24442,0.15765291231005843
24443,0.6980338657633269
24444,0.12436550643720486
24445,0.11017061509252417
24446,0.4311089325104316
24448,0.18961713971544172
24449,0.20209217011561165
24450,0.6785862549216032
24451,0.18829314044541362
24452,0.059386694914695434
24453,0.28247665100083935
24454,0.35100141038238447
24455,0.05595830120467522
24456,0.16250385605951176
24457,0.15210948857835835
24458,0.32697483566875274
24459,0.2607286040341413
24460,0.06375853848576722
24461,0.19173097654053634
24462,0.04157915376518599
24463,0.08826946473722186
24464,0.25075098110044897
24465,0.09534585495690097
24466,0.540675553265736
24468,0.2602624824385242
24470,0.7825291779557995
24471,0.5485680849061703
24472,0.1422671877757657
24473,0.1291275538721431
24474,0.37404493088478596
24476,0.33177978930908375
24477,0.27638230596981683
24478,0.576506551910018
24479,0.13409433129021356
24480,0.40010330808053146
24481,0.1142737458071246
24482,0.08270972409263376
24483,0.30649191652009056
24484,0.33797767294178016
24485,0.2416930814639136
24486,0.08210598684969021
24487,0.18203322786562956
24488,0.8301087698088805
24489,0.19129814527378303
24490,0.02907765738133888
24491,0.22595903404715784
24492,0.13945663139765602
24493,0.21181357438973136
24494,0.23378082612919351
24495,0.2740771388602041
24496,0.48578059041042704
24498,0.11494960855503843
24499,0.1396182738624335
24500,0.2730833906689457
24501,0.3549857292726053
24502,0.08191046364728814
24504,0.1434620986128912
24505,0.18708448859180365
24507,0.17140669517111382
24508,0.18394170323013578
24509,0.0627893658379532
24510,0.6914191657156189
24511,0.09977728863211735
24512,0.8334612621747888
24513,0.5765855378941555
24514,0.46424546474813916
24515,0.1392521789585826
24516,0.5129047775955096
24517,0.3328660789889339
24518,0.4963446361845156
24519,0.2307424392789974
24520,0.13356244693176708
24521,0.49353416152922924
24522,0.1845693892882228
24523,0.2511662665271672
24524,0.687121226276206
24525,0.39040118248466626
24526,0.10428721026824199
24527,0.29219751511020287
24528,0.4303769577360786
24529,0.31012649994096897
24531,0.6677845758550258
24532,0.32103891469473383
24533,0.4358812124595832
24534,0.19135490580021774
24535,0.749165283360583
24536,0.4100979434127818
24537,0.09125441361992481
24538,0.5386055272016226
24540,0.23411054171579526
24541,0.17344067820304312
24542,0.36575535524175423
24543,0.03406692540879517
24544,0.6694853258264803
24545,0.27552123641049314
24546,0.18041193058744356
24547,0.32878250894134214
24548,0.2107396527888513
24549,0.24324726860767085
24550,0.10690275651683032
24551,0.13132332313073353
24552,0.6091258932525945
24553,0.0970280818925314
24554,0.06372632993124706
24555,0.22147853911883394
24557,0.07577080623165579
24558,0.46344268020183754
24559,0.7652775900389895
24560,0.6179405636754457
24562,0.243943870048105
24563,0.7486364746816102
24564,0.06264063356408085
24565,0.3695891554355038
24566,0.16295873551398646
24567,0.3067002002611144
24568,0.19862186673205318
24569,0.07405086769221773
24570,0.23676272881013682
24571,0.3392137826779503
24572,0.2731810924039342
24573,0.054022050058795
24574,0.7873735037286376
24575,0.7099196783177698
24576,0.3224476972275249
24577,0.6721421611110383
24580,0.9082637430177534
24581,0.06862800977854588
24582,0.3452855129630898
24584,0.5605478651394437
24585,0.555924728890032
24586,0.08646574798796808
24587,0.7553211751056604
24700,0.0
24750,0.0
24800,0.0
25000,0.0
25001,0.6591819923627839
25002,0.6369386748262471
25003,0.23845634398620214
25004,0.23045292924131724
25005,0.13610660264297247
25006,0.734952476407184
25007,0.5677052876180074
25008,0.4564491265493875
25009,0.6916910539229508
25011,0.3868438536811302
25012,0.1126668150076509
25013,0.42509026118577564
25014,0.7025471961181124
25015,0.25372530068424604
25016,0.3531305925172269
25017,0.8367458579288136
25018,0.037706955404829844
25019,0.5353872654668264
25020,0.6016522238581612
25021,0.1559510782286702
25022,0.2330446891283773
25024,0.06995968127483806
25025,0.15883300861775432
25026,0.13266832122902006
25029,0.22672739433856845
25030,0.6823968493547364
25031,0.1896993066970589
25032,0.27982458197108495
25033,0.2394368747026987
25035,0.46379273567653867
25036,0.7682883776217564
25038,0.53621831286089
25039,0.12619670383479023
25040,0.3932517094923086
25041,0.1989338834065469
25042,0.03039566433995307
25043,0.3447549558388789
25044,0.47040990514987496
25045,0.6206599349368825
25046,0.03542739072082222
25047,0.14015293278811072
25048,0.21703958999530096
25049,0.026311049652301213
25050,0.034094709272992935
25051,0.07957624816850008
25052,0.560720251696015
25053,0.1603000642169265
25054,0.32118063690576915
25055,0.5772919782672562
25056,0.03729196639804207
25057,0.38041857709827137
25058,0.7083515064455562
25059,0.21973305400208837
25060,0.05162203830937544
25061,0.13543991890261114
25062,0.04006556261250523
25063,0.19690942010869833
25065,0.5994749657073075
25066,0.2811276400323167
25067,0.4185166060935728
25070,0.15866152553498156
25071,0.31909892275139556
25072,0.5353081308434362
25073,0.6540773693790684
25074,0.024960147175495828
25075,0.13491264209797332
25077,0.04915749852018839
25078,0.5453574649744282
25079,0.18075279606452171
25082,0.23888820397401211
25083,0.1792804240312336
25084,0.5516311915255224
25085,0.1472531185601563
25086,0.705700369770834
25087,0.3390398237283692
25088,0.6367712831531128
25089,0.5653631068043944
25090,0.6828566708994585
25091,0.03124589586940661
25092,0.5936026903886334
25093,0.22292871748337154
25094,0.6841333494206303
25095,0.03997469368762204
25096,0.2821084260663627
25097,0.306725736379386
25098,0.2615911052634241
25099,0.1619022775266033
25100,0.11005462916690997
25101,0.5940650167546564
25102,0.1369081404456095
25103,0.6463904741645995
25104,0.27050809071583154
25105,0.6470550975113049
25106,0.5910105961435381
25107,0.5828053697728119
25108,0.029081587404857702
25109,0.6041742435788674
25110,0.12094045740962822
25111,0.6546893947573087
25112,0.6665306463887597
25113,0.05904515220723213
25114,0.18205171821874677
25115,0.7501957216247389
25116,0.6310578860476451
25117,0.8445645807721549
25119,0.7474734151853079
25120,0.23476538149214368
25121,0.22419936302803334
25122,0.12446715152481372
25124,0.022182119752090012
25125,0.03383406452133073
25126,0.5952136926700762
25127,0.017231615220146684
25129,0.8018463636183504
25130,0.43090903164095223
25131,0.12575707544885537
25132,0.7348289711319935
25133,0.3982554055882946
25136,0.6363344522118644
25138,0.11207380439171681
25139,0.1295130656448893
25141,0.6608863200196667
25142,0.06084492611887511
25143,0.2577189820004361
25145,0.2049042825150445
25147,0.5906491906580955
25148,0.03163255864520671
25149,0.6326432768842505
25150,0.6389139544913599
25151,0.6764937223978862
25152,0.6659116122035292
25153,0.6475069164353685
25154,0.6568306334627436
25155,0.4065511524892821
25156,0.07919999113637181
25157,0.06930333880621718
25159,0.188179654721241
25160,0.06415909281729258
25161,0.0513508613139978
25162,0.6544751592692081
25163,0.622126525403756
25164,0.6797206466817158
25166,0.6897402937711336
25170,0.47838089744034024
25171,0.6196977834568008
25172,0.7861529213136771
25173,0.05361787847152885
25174,0.07475289568545719
25175,0.4581510056294203
25176,0.19071173731865948
25177,0.251876564099054
25178,0.3406529625685437
25179,0.11403970230088606
25180,0.1628254578423127
25181,0.3858937315694742
25182,0.263664472105624
25183,0.29489160112220286
25184,0.4763979247430411
25185,0.7991257969049527
25186,0.5587928680269545
25187,0.1928996679383327
25188,0.4161117628592905
25189,0.7135540083605217
25190,0.30326080088118973
25191,0.314229450712747
25192,0.37631758505517415
25193,0.01900946646071807
25194,0.26457630686496947
25195,0.5778201547813934
25196,0.36528883217952607
25197,0.6696228931087679
25198,0.34970598102062417
25199,0.11505656781806799
25200,0.5511963808608131
25201,0.26649888753359585
25202,0.16258154699859992
25203,0.25834543751511396
25204,0.05988237692061738
25207,0.38758139685966303
25208,0.33927620664729946
25209,0.6226090576452807
25210,0.34877833940098607
25211,0.3810275134276219
25212,0.6643968281060394
25213,0.021246902069036306
25214,0.2031867886776776
25215,0.6221479322812655
25216,0.2810359974098487
25217,0.6350198210528452
25218,0.5394539861519241
25219,0.41778940606423004
25220,0.6362424604236123
25221,0.6494011361563103
25222,0.33455461253835167
25223,0.11536284601600619
25224,0.2786959945323131
25225,0.707013511081594
25226,0.32168794602596157
25227,0.7603568363278013
25228,0.2505962576861328
25229,0.2170720084249708
25230,0.32700459247636404
25231,0.40884860550466856
25232,0.2513764122391584
25233,0.719376965100222
25234,0.02563067344162218
25235,0.6257967982451891
25236,0.4316332856657986
25237,0.33890294930609705
25238,0.025407649658877433
25239,0.19665521044368703
25240,0.03192713750100183
25241,0.0961069396467645
25242,0.48266945805415545
25243,0.12518530230586114
25244,0.0841059028570776
25245,0.6230595556170279
25246,0.20607599351029166
25247,0.3998330222546461
25248,0.030022059902750975
25249,0.607082830794906
25251,0.5676913278201584
25252,0.20166398198540117
25253,0.5986077115035994
25254,0.07442466013898791
25255,0.021257654605347096
25256,0.02453047964341097
25257,0.6352190121489336
25258,0.6927229655993682
25259,0.04487490798228879
25261,0.06581007508440538
25262,0.09392129967615022
25263,0.08192406688107477
25264,0.37071791450135694
25265,0.5061868003486981
25266,0.4736044029012004
25267,0.6333686046610287
25268,0.31624698107548666
25269,0.5857388088850928
25270,0.13080453699141031
25271,0.041121955651846044
25273,0.7199716822615876
25274,0.2468174280567055
25275,0.1530723056151544
25276,0.27751005134164386
25277,0.5393170792031662
25278,0.6359184089857607
25279,0.4205751852230463
25280,0.02252776449910765
25281,0.2649328895710376
25282,0.12108093833247897
25283,0.8166922828790327
25284,0.3260500129240346
25285,0.025560015674872334
25286,0.0325477510725644
25287,0.599908422123243
25288,0.08707146402256495
25289,0.3142045453969867
25290,0.06808980590032482
25293,0.17332536552706584
25295,0.1776635224145249
25296,0.06062818076296824
25297,0.6785357311097312
25298,0.6423770625771844
25299,0.5678080092855948
25300,0.32258136622808203
25301,0.05522720428689094
25303,0.08100057983364814
25304,0.18441575759780132
25305,0.5006691871839876
25306,0.36267794055028796
25307,0.07602135651792824
25308,0.1292218909594515
25309,0.2306818009632493
25310,0.5133762256473762
25311,0.364015640731251
25312,0.4043239448659702
25313,0.4206798809015733
25314,0.048253735115531535
25315,0.19274142496165486
25316,0.4300987166480435
25317,0.5831844496242476
25318,0.04480293802919848
25320,0.05590976281786702
25321,0.02018292510923715
25322,0.428389680081141
25323,0.617166245351154
25324,0.45217359389967404
25325,0.42680389537810287
25326,0.576665967195375
25327,0.4154530631648015
25328,0.6951021437487327
25329,0.04892363404498323
25330,0.7173964946729098
25331,0.3277352243587894
25332,0.6059889114601096
25333,0.053340479062988125
25334,0.0813300977012291
25335,0.344152117503024
25336,0.4723970842761336
25338,0.6941825215552628
25339,0.30144601289740314
25340,0.5952520831985134
25341,0.24925105260433114
25342,0.38323344308688717
25343,0.13181922499167728
25344,0.05145452682328865
25345,0.19898933936447216
25346,0.28380856083103817
25347,0.09346951929153192
25348,0.08796715607993476
25349,0.18313861990225228
25350,0.1615286605144853
25351,0.03771283013267501
25354,0.6725956452734398
25355,0.6280959613426544
25356,0.020141861347994564
25357,0.09767122498771114
25359,0.3326938809699742
25360,0.7037500259104643
25361,0.23275930819944513
25362,0.18858822654343094
25364,0.45966268588167214
25365,0.12985584260001623
25366,0.0356400023754742
25367,0.19909693653998553
25368,0.8356956375331029
25369,0.3338756551893166
25370,0.22515314277478196
25371,0.6890137855426977
25372,0.3079058152855086
25373,0.044951741058777715
25374,0.6554126057282319
25375,0.5862307224898584
25376,0.6923929519288035
25377,0.468271419949307
25378,0.24162893422767295
25379,0.6988936521663577
25380,0.05607231652055039
25381,0.6020329908135663
25382,0.6549703843917685
25383,0.6566539184417367
25384,0.5418149443217151
25385,0.22206362535695204
25386,0.18967065974749248
25387,0.05816000620804656
25388,0.19923450331801956
25389,0.04108384723941428
25390,0.07758809087624081
25391,0.04077281379825644
25392,0.031391844193764847
25393,0.16078364432300327
25394,0.1797936548017132
25395,0.5074592058482177
25397,0.5641878661983437
25398,0.2176937791601277
25400,0.2742122517445691
25401,0.5810992267638719
25402,0.2315436978526186
25403,0.025022557759416045
25404,0.12682942982425546
25405,0.07533316553728371
25406,0.6145231571806303
25408,0.6369587364650546
25410,0.6131930488518071
25411,0.02590993497810493
25413,0.03808796039370942
25414,0.668931193314788
25415,0.2943224882164987
25416,0.2968570546395196
25417,0.4407015491175505
25418,0.5758422051055573
25419,0.3503375976865515
25420,0.13807670696538588
25421,0.037427571364290986
25422,0.23377398629891755
25424,0.11556224117001661
25425,0.03689571604607497
25426,0.18994621051192204
25427,0.6332832454696431
25428,0.3634860518945327
25429,0.63836283803187
25430,0.5454286685304037
25431,0.2107891776594276
25432,0.037643407767136594
25433,0.041915480562463144
25434,0.14923770562252328
25435,0.48480505838092464
25436,0.24650887085563042
25437,0.6179362872034454
25438,0.566865937034599
25439,0.6859419346469467
25440,0.23417084625220025
25441,0.4393276110920832
25442,0.1797602811078689
25443,0.5691865952074644
25444,0.6827533901828696
25445,0.28333943363033715
25446,0.5231885744128353
25447,0.20339880235455854
25448,0.6204141499225282
25449,0.11005524636719684
25450,0.6816184166703666
25451,0.13827500938976767
25452,0.1988147094836549
25453,0.06831750187614283
25454,0.6022235525145809
25455,0.6648135252460116
25456,0.03439529577150381
25457,0.18652015619387963
25458,0.06255709913662647
25459,0.14138457467276622
25460,0.5894740515479195
25461,0.17943513571304376
25462,0.021801611512000198
25463,0.17600703986712307
25464,0.22052008622016142
25465,0.6179879378111383
25466,0.6806863751537137
25467,0.5900115585365948
25468,0.5635576917507743
25469,0.34123461421079504
25470,0.31409208365818236
25471,0.09853990851880398
25472,0.6774576259581492
25473,0.656510036091141
25474,0.5658121033228776
25475,0.44624122214856893
25476,0.29588234196186397
25477,0.75095452070198
25478,0.26480728814736737
25479,0.11478362335364592
25481,0.39742579874868794
25482,0.5761239292670748
25483,0.1617388657466355
25485,0.23075731592439194
25486,0.08796025184512309
25487,0.33171618878750503
25488,0.3228299272661099
25489,0.18042826696994557
25490,0.5089813948111886
25491,0.48275728474367136
25492,0.5635490068971168
25493,0.11300295279559379
25494,0.04540441091777994
25495,0.4880582829011904
25496,0.3646125759443759
25497,0.2302410653735382
25498,0.6758342889780039
25499,0.48213251393103196
25500,0.5192100527793135
25501,0.15752484692146443
25502,0.5905622628335331
25503,0.0752366592861461
25504,0.03730956096236039
25505,0.12731795563880477
25506,0.6222878063444929
25507,0.5700735519844257
25508,0.44460629991131
25510,0.6370195352478819
25511,0.5684362213940194
25512,0.021620010699115445
25513,0.1859319521468472
25514,0.18402716799410546
25515,0.15354944888459374
25516,0.18376107502164316
25517,0.1930871168659142
25518,0.47401010536587257
25519,0.13910357583143862
25520,0.6117469063779108
25521,0.3551539242221936
25522,0.03586015458435975
25523,0.2886345542427326
25524,0.20220770876103444
25525,0.29443499144517404
25526,0.4477657309986646
25527,0.3712790854312326
25528,0.5828686381740774
25529,0.1270295434832129
25532,0.3464374826371522
25533,0.2050089986856671
25534,0.10478239415688502
25535,0.32282078987414625
25536,0.6706654663994807
25537,0.5828953268979125
25538,0.5994915285466841
25539,0.19479002112900423
25540,0.3593184540429713
25541,0.15254482037802494
25542,0.7060065884099503
25544,0.1908281096762072
25545,0.2731171591352084
25546,0.7345890892944492
25547,0.03267850192972943
25548,0.36668349416291
25549,0.18415084064054085
25550,0.20577242210270394
25551,0.3152520658753523
25552,0.2515472607318101
25553,0.2041291280328773
25554,0.09540918550269074
25555,0.35920109483806556
25556,0.559474446609103
25557,0.6196339174642046
25558,0.5147302403355836
25559,0.032494604543359444
25560,0.4723661449359385
25561,0.7202204970530651
25562,0.2977920500870302
25563,0.6233461975107708
25564,0.5977204094270762
25565,0.19644557481637928
25566,0.5928404613113729
25567,0.6221904394986
25569,0.6161596135292187
25570,0.4368896356173065
25571,0.030832600328274184
25572,0.7317277352290174
25573,0.027513781284211246
25574,0.316780537620405
25575,0.6385764010082812
25578,0.1846555043580508
25579,0.5588530297788216
25580,0.23364405860920065
25582,0.5888656606480648
25583,0.12120869596603957
25584,0.05872245393929861
25586,0.31732793864891046
25588,0.0415227514126843
25589,0.048446196238585405
25590,0.5141249946075926
25591,0.39656766739122923
25592,0.08051077846246865
25594,0.65407905197129
25595,0.17552672962473553
25596,0.49696407518053837
25597,0.22067044484643905
25598,0.7731664907214016
25599,0.5656408645655768
25600,0.13201238372048912
25601,0.13825891367418863
25602,0.5839207353104069
25604,0.7133345279915526
25605,0.5006108160809617
25607,0.10276520748078125
25608,0.4190686020838144
25609,0.07242970793042437
25611,0.6186925143020513
25612,0.7240990477055901
25613,0.4237907829050998
25614,0.2237112134404301
25615,0.2122470346144168
25616,0.6837445537620306
25617,0.21467937784681015
25618,0.24706373143995106
25619,0.07555707464533892
25620,0.06199064911705146
25621,0.07130394498647215
25622,0.6672557395627192
25623,0.4342616687965731
25624,0.6645613002413034
25625,0.46998027847738355
25626,0.3599876189740794
25627,0.06502552313619589
25629,0.3386467549525786
25630,0.42982095903990225
25631,0.6379317550456605
25632,0.26227852456570905
25633,0.2865510847494512
25634,0.1274005013133028
25635,0.11652307920326695
26001,0.8531823554182697
26002,0.29863607290156047
26003,0.5319042892437281
26004,0.7397560748376367
26005,0.42604562003514485
26006,0.5496737630937233
26007,0.8616780666070245
26008,0.6983351941806462
26009,0.5322550727968287
26010,0.24702688884895235
26011,0.0797610941971098
26012,0.8023062835302779
26013,0.4631526042686615
26014,0.42373216912396255
26015,0.8259258847884824
26016,0.22363284252054222
26017,0.9621662771121654
26018,0.3278555751503827
26019,0.9349731297911489
26020,0.8415259601617907
26021,0.8434528278938523
26022,0.2886090585666106
26023,0.4505620088691593
26024,0.8371176458221442
26025,0.9281727648556005
26026,0.25503031814508276
26027,0.9760919221802354
26028,0.2626968432124154
26030,0.739790880487502
26031,0.6480136752775755
26032,0.8492458948201494
26033,0.3670357863203305
26034,0.7219341906569468
26035,0.6107811977269592
26036,0.7276939172691698
26037,0.6037354896112592
26038,0.8391752891431344
26039,0.45158417730361494
26040,0.4223736709376059
26041,0.2286295492109678
26042,0.7951686571219093
26043,0.41014429507854056
26045,0.5071304230625195
26046,0.37848502838080517
26047,0.6721891799694555
26048,0.38755879061355814
26049,0.7426396078143505
26050,0.3640555720386764
26051,0.8880272626061477
26052,0.7527043546489116
26054,0.2585104160358551
26055,0.165107038613229
26056,0.5656406205016855
26057,0.49442745200660176
26058,0.8286928663630795
26059,0.28426759587046846
26060,0.48992325819252835
26061,0.4353610018977603
26062,0.9702132615762717
26063,0.21376389939449641
26064,0.45224079110205817
26065,0.6961011937887618
26066,0.5675600641002376
26067,0.8119135931270267
26068,0.4872595545331537
26069,0.9448802540145234
26070,0.6053497377550885
26071,0.791732553166116
26072,0.7094356666953854
26073,0.5513323480968725
26074,0.23237246707955322
26075,0.5201735677935981
26076,0.3310937070510279
26077,0.5121782101706911
26078,0.6447180714042401
26079,0.77213816348025
26080,0.9385493910976078
26081,0.8203061363052065
26082,0.3620485188405281
26083,0.2908159307475955
26084,0.6868409610510474
26085,0.5346568523296347
26086,0.2767604896601399
26087,0.34717833072614124
26088,0.30773889708581253
26089,0.6517623247467748
26090,0.9528017942253763
26091,0.40612159531297326
26092,0.7659473929983504
26093,0.5505730766651111
26094,0.3794993450199861
26095,0.7411418401854717
26096,0.7119063309373781
26097,0.8822608560786923
26098,0.3115559202842058
26099,0.4412635240192449
26100,0.7904076825753736
26101,0.29730164484193844
26102,0.9380191189490503
26103,0.2290106559337548
26104,0.5959034851786257
26105,0.7182168645153879
26106,0.9436414508759007
26107,0.2322778746341307
26108,0.24398719093368892
26110,0.7902170466497025
26111,0.30061359809054966
26112,0.3965578510908867
26113,0.27195379887425736
26114,0.04007452482351784
26115,0.7802087566196241
26116,0.10681379474126494
26117,0.32943737820558844
26118,0.29222183264609286
26119,0.6766889245848378
26120,0.0
26121,0.693146869895068
26122,0.9663953587075208
26123,0.834383691096859
26124,0.5468745729688549
26125,0.519035330296725
26126,0.2521612211781407
26127,0.27755767501370626
26128,0.8838543993067561
26129,0.5960649796514592
26130,0.7196582160326772
26131,0.36436000205707914
26133,0.5503778913905806
26134,0.09142624728023924
26135,0.4938834503394848
26136,0.1163193684258034
26137,0.2984926580441343
26138,0.37069509122335154
26139,0.3024317770230805
26140,0.36321946685120826
26141,0.5251445325770594
26142,0.7028190972308777
26143,0.07069684334405318
26144,0.6541792286890826
26145,0.47103261522053447
26146,0.31421834030621887
26147,0.853255653453651
26148,0.10658528872144488
26149,0.5149868048558134
26150,0.3265550900355637
26152,0.7964435834938675
26153,0.2773184699705358
26154,0.2232498534170325
26155,0.25769164839510966
26156,0.7364686539588272
26157,0.8158727574346964
26159,0.9384931182767058
26160,0.34973508937020015
26161,0.3246872643927063
26162,0.3510111686394074
26163,0.6542246044864282
26164,0.24194555462181483
26165,0.5999530913470534
26166,0.5180713046344062
26167,0.15670401506336656
26168,0.21025175853455866
26169,0.3013368497859787
26170,0.741649574855712
26171,0.7353275433559325
26172,0.3646261431326421
26173,0.7691614423093422
26174,0.34580295748240236
26175,0.9268568613535121
26176,0.7796678768115805
26177,0.7280918978432329
26178,0.17370306194953405
26179,0.6496268716308594
26180,0.41269038801385444
26181,0.3458383123151919
26182,0.11626802753452967
26183,0.35717892159191816
26185,0.9338162715941877
26186,0.29904973491390274
26188,0.10616022971266063
26189,0.08517084293865872
26190,0.39463446315336714
26191,0.49183317433379486
26192,0.29162367875689543
26193,0.12975420530488394
26194,0.27967684342470533
26195,0.8493357028325262
26196,0.7198656674582365
26197,0.5994948500507133
26198,0.04331090870331062
26199,0.5350806065993975
26200,0.08279036967380163
26201,0.19851323198490348
26202,0.21503453363690672
26203,0.5270264022339266
26204,0.8636265681165026
26205,0.8766329741782126
26206,0.5702322214766036
26207,0.21677681037659438
26208,0.7218088381988165
26209,0.44023571406754614
26210,0.1327036191919325
26211,0.39643423124754884
26212,0.7755272620549681
26213,0.40396237824406445
26214,0.6536455129905573
26215,0.4102877053816533
26216,0.3933521063798272
26217,0.44886040863559185
26218,0.4519615186606639
26220,0.06808534408313947
26221,0.448996968208236
26222,0.3496775750569102
26223,0.31191998858466824
26224,0.6804022813034939
26225,0.45203850137575174
26226,0.18988971325012766
26227,0.45423814779969945
26228,0.9745651949382361
26229,0.2554783097121013
26231,0.2916759030692218
26232,0.7757778958887538
26233,0.2837838224021416
26234,0.35564753491882367
26235,0.09169129517841461
26236,0.26701084711684114
26238,0.3350514243134589
26239,0.1714807741882138
26240,0.43665383904680505
26241,0.5812409230503491
26242,0.3852005629064651
26243,0.12457541165435838
26244,0.2769679817562207
26245,0.44894271689946846
26246,0.9812592068835515
26247,0.4248666315023428
26248,0.987343132886798
26249,0.7552740644236556
26250,0.8989586532832651
26251,0.6817946230368552
26252,0.6736761269495035
26253,0.4991840532766617
26254,0.9802435924709395
26255,0.669191700053013
26256,0.3253386150648439
26257,0.7324821523814327
26258,0.6127657459592758
26259,0.3714847607885282
26261,0.5441663261340034
26262,0.855240686632603
26263,0.35019924048284967
26264,0.44370816889429626
26266,0.9761563464019347
26267,0.31829565515661506
26268,0.1159340345334518
26269,0.40623059896511754
26270,0.44249766834787807
26271,0.8474027650811917
26272,0.7297789981908667
26273,0.5251497026997944
26274,0.9890573422926362
26275,0.3840889180658701
26276,0.15187560853237572
26277,0.8746770392982178
26278,0.15546711584613063
26279,0.36482859098587034
26281,0.08908228613200234
26282,0.8871847561344901
26283,0.7374238146358408
26284,0.5342134297771709
26285,0.3281957710522646
26286,0.3433859272378821
26287,0.7851804234361823
26288,0.3913204763380336
26289,0.6136280636780143
26290,0.19304587649425417
26291,0.932672205319154
26292,0.08691612500039375
26293,0.3020510465458604
26294,0.7632755775582754
26295,0.4222160837310346
26296,0.974767536584799
26297,0.0
26298,0.21091284116965078
26299,0.9753228823934393
26300,0.2701130537410888
26301,0.29208964600935733
26302,0.2001446458309925
26303,0.5337736087229504
26304,0.6636766291360606
26305,0.673247938263414
26306,0.17732729483335274
26307,0.10259298585629527
26308,0.7271584285877423
26309,0.20204073290102292
26310,0.3143450340004375
26311,0.09072390675047912
26312,0.6837107471934072
26313,0.759688255544374
26314,0.29752957983713757
26315,0.2685456951189529
26316,0.471314340562415
26317,0.19433522923402047
26318,0.5514004128932498
26319,0.2738026191351456
26320,0.4804610457333156
26321,0.9792675248655422
26322,0.3371221726498589
26323,0.3426875609087296
26324,0.13422278345997413
26325,0.36019151890101947
26326,0.30566879729887586
26327,0.8798941977566757
26328,0.8863971778203215
26329,0.22056618343722992
26330,0.22456815215231024
26331,0.3300035443550148
26332,0.4364728158926222
26333,0.3328979880573178
26334,0.7966861419453701
26335,0.4429373588546918
26336,0.4247680367349846
26337,0.9288538118536817
26338,0.540711099982312
26339,0.6444511117738907
26340,0.10100190580372162
26341,0.3485585144882694
26342,0.5657602843022476
26343,0.5372495971473752
26344,0.8726546524604678
26345,0.2215438529452722
26346,0.3762581343444933
26347,0.5468716837657165
26348,0.2172177814731438
26349,0.1881205084543644
26350,0.4432378962486305
26351,0.9533768519615217
26352,0.7832672190063381
26353,0.9854114683968571
26355,0.441517330931061
26356,0.18831979036275256
26357,0.3159102111294806
26358,0.6291442241735571
26359,0.962194669471449
26360,0.4341569503545985
26361,0.16940824235574953
26362,0.13254200437228408
26363,0.4982459467842185
26364,0.23938590554385636
26365,0.44767183175958736
26367,0.20871623795191324
26368,0.9783521988737216
26369,0.25795687230300673
26370,0.20679844391601326
26371,0.9895637783547788
26372,0.2155772726822217
26373,0.3119457726416894
26374,0.42420695815439213
26375,0.39978738405219477
26376,0.33462576652997283
26377,0.19390093136558287
26378,0.7174742650821186
26379,0.8207525537316182
26380,0.7478015935261755
26381,0.4679747039970629
26382,0.8014115139817206
26540,0.0
26800,0.0
26901,0.0
27000,0.0
27001,0.7586510730743479
27002,0.3723492226080847
27003,0.7652221253405428
27004,0.9963241573362387
27005,0.9830935019353951
27006,0.20878013141833093
27007,0.0
27008,0.5800692780317804
27009,0.7375997823955354
27010,0.39983005821406314
27011,0.658596434153381
27012,0.5485852630998619
27013,0.7727384856712771
27014,0.8176622206820396
27015,0.8040690054184397
27016,0.5660769578571782
27017,0.7702169733604067
27018,0.10518511691126474
27019,0.9558240571528533
27020,0.743530102325133
27021,0.7135581833648434
27022,0.9755482620051441
27023,0.808189109465937
27025,0.9892573113782951
27026,0.8858441593687703
27027,0.7329237765234428
27028,0.748291317358646
27031,0.8717437095898387
27032,0.5687424908999649
27033,0.8821715766920174
27034,0.6016461307999597
27035,0.7475395489235718
27036,0.7949571277722703
27037,0.680730882505958
27038,0.9878547775655537
27039,0.668728327139002
27040,0.7910543914898415
27041,0.0
27042,0.812125123795151
27043,0.5604249932933775
27044,0.7468906676323044
27045,0.17176553839812053
27046,0.8603750843707106
27047,0.1711986355887536
27048,0.2374756987813872
27049,0.06415736206234512
27050,0.7714440781241791
27051,0.4077763528709702
27052,0.6457174620284652
27053,0.7664450783469963
27054,0.6809297894333708
27055,0.8891771250523144
27056,0.38412653920406986
27057,0.8463701929775856
27058,0.0
27059,0.28677307001353075
27061,0.769198534448191
27062,0.42490802170934217
27063,0.5907888192077493
27064,0.6187390244334071
27065,0.27389385449648274
27066,0.3951068430608028
27067,0.10851738085840926
27068,0.4629932565077313
27069,0.7464555600382448
27070,0.38675448189851547
27071,0.6738063278314702
27072,0.9943991159727507
27073,0.2706982180754052
27074,0.8915447253350537
27075,0.3486370617849794
27076,0.9916767545144516
27077,0.5565465825612385
27078,0.9927978499163399
27079,0.9116570209228262
27081,0.9930431266853809
27082,0.7466463289698376
27083,0.5404243606952414
27085,0.3204057772509845
27089,0.4854669784191293
27090,0.4901977247827647
27091,0.724013836589027
27094,0.39639328267041246
27095,0.5547632308760267
27096,0.28807453926917287
27097,0.9917083983277126
27098,0.4924686891133984
27099,0.9841345449055093
27100,0.35716735518543324
27101,0.25958031562401496
27102,0.32473990712626827
27103,0.4656560565912403
27104,0.4356200579582376
27105,0.36304022196530156
27106,0.783173812123726
27107,0.14337372033425363
27108,0.8468393954994167
27109,0.8406981048447906
27110,0.13412153256668669
27111,0.9900290658001121
27112,0.2631057027441638
27113,0.5423094560623787
27114,0.9902324757902126
27115,0.4703836890973692
27116,0.3531966748755897
27117,0.645461139928676
27118,0.8346056381535099
27119,0.9864384673889653
27120,0.849194119766779
27123,0.9931075463344059
27124,0.9872868767401158
27125,0.638148883232956
27126,0.1506436978751545
27127,0.840271457841741
27129,0.7561122037387006
27130,0.713634755112316
27131,0.0
27132,0.7800646725582312
27133,0.5517414105722801
27134,0.2070387455552074
27135,0.8592602392660784
27136,0.9964825984042802
27137,0.9349608794675521
27138,0.6636992424551115
27139,0.35303149683783697
27140,0.9951601073286972
27141,0.7907131819495297
27142,0.994205646356184
27144,0.654474230595733
27146,0.5651667929633515
27147,0.9781952029402546
27148,0.6823408790742937
27149,0.7511980843449745
27151,0.24568852562829466
27152,0.8861419827732888
27153,0.34448673383326184
27154,0.5682618613240967
27155,0.946817462118153
27156,0.8289032231368484
27157,0.08090224034118718
27158,0.9869163678547468
27161,0.77188705816905
27162,0.6211218131918783
27163,0.21251080925020804
27164,0.8035826414055814
27165,0.2701737892521742
27166,0.0
27167,0.1964175829482394
27168,0.7088665562064
27169,0.6005908557253681
27170,0.5415615111510674
27171,0.9898459774194676
27173,0.9128905423690828
27174,0.08245647692364369
27176,0.2107855905127132
27177,0.6104963747271165
27179,0.9046186550247252
27180,0.984976768845154
27181,0.44555702373058637
27182,0.743110078675935
27183,0.9627384179246715
27184,0.8055905662872016
27185,0.7509649631160005
27187,0.8174217759254299
27188,0.6158794917808896
27189,0.831202991388286
27190,0.9946967359393653
27191,0.9793700979885995
27192,0.9821692495738857
27193,0.3236441922163669
27194,0.6094161502402579
27196,0.592143399441254
27198,0.030862193110057255
27199,0.2120011066020971
27200,0.9880782070909289
27201,0.8193548274866762
27202,0.7385803654612706
27203,0.9990775801354621
27204,0.24429514856007334
27205,0.5535848722450549
27206,0.3081574377302031
27207,0.6902060477465226
27208,0.8278064867799495
27209,0.23028358561208037
27210,0.8424862037979803
27212,0.9304926519328517
27213,0.9589219790788681
27214,0.6978595195752253
27215,0.8323024408469635
27216,0.8872432305934825
27217,0.8054415140728618
27218,0.2751348338771106
27219,0.8422947001879186
27220,0.9925866703838758
27222,0.6716076643904082
27224,0.901786559689268
27226,0.1131308663041739
27227,0.18014532624771748
27228,0.2341012956947912
27229,0.1143056584252162
27230,0.2775047912000084
27231,0.9951193897768567
27232,0.21458454146646008
27233,0.6966915374013223
27234,0.9852795739710066
27235,0.881537932611272
27237,0.7850744517756677
27238,0.743148476696896
27239,0.6864212785804005
27240,0.5062402335082645
27241,0.8944576277120516
27242,0.04950256448678073
27243,0.7128104733390969
27245,0.28799772398131857
27246,0.6176339641087965
27247,0.5738962110246905
27248,0.8467629798976942
27249,0.9824707602958291
27251,0.822579837366493
27252,0.730540667911885
27254,0.9892941597024593
27256,0.7067443998915636
27258,0.5364899224681242
27259,0.9893498376414166
27260,0.4288878892319994
27261,0.7442312286062718
27263,0.10520670678660679
27265,0.0
27266,0.7883831216696365
27267,0.40721576673181376
27269,0.7098019708108716
27271,0.988541577505685
27273,0.994558075652228
27275,0.981257566581472
27276,0.36680010455117007
27277,0.9845795749402723
27278,0.970051866398381
27279,0.9854286529077584
27280,0.9882795092295357
27281,0.778390850020554
27282,0.8418646930010372
27284,0.07242930687778662
27285,0.9956886084984925
27286,0.7099875425507702
27287,0.7936085019219392
27288,0.33921623642794807
27289,0.1438027757458728
27290,0.660307802354956
27291,0.9509352955691976
27294,0.43312356918229244
27295,0.7285425480319854
27298,0.8812106014982379
27299,0.9747466732559792
27300,0.7662884170196893
27301,0.583143648972083
27302,0.6269988444093488
27304,0.3529507939391135
27306,0.5846848094383594
27307,0.9940502373731803
27309,0.408779046384609
27310,0.35582760017456194
27311,0.6809557167567786
27312,0.9940468416499941
27313,0.7517604574828689
27315,0.8966451854402826
27316,0.20320492436482449
27317,0.2313027129255333
27318,0.7347510577773038
27319,0.2709128169009199
27320,0.7009841788318389
27321,0.8038206659368088
27322,0.7134431998930112
27323,0.47679350298795525
27324,0.26821774464992
27325,0.8421561275497469
27326,0.9958551189815185
27327,0.822873753970801
27329,0.9940609025789748
27330,0.7874246760274006
27331,0.9945161376814962
27332,0.8983064867324151
27333,0.2954148491747343
27334,0.7291553364679887
27335,0.9794978483694153
27336,0.9992585174628567
27337,0.5633042690618367
27338,0.26017834364850817
27339,0.8018859010938807
27340,0.7580772618112983
27341,0.6399920842639029
27342,0.8800808059806317
27343,0.9954803668116328
27345,0.8087525911618109
27346,0.6282457317698272
27347,0.9869301260541329
27348,0.5997591679366916
27349,0.19530881400717054
27350,0.29955836497319344
27351,0.7038907359391792
27353,0.9852954972854103
27354,0.9048921595206206
27355,0.9644260947330691
27358,0.991155847751511
27359,0.8376301782120903
27360,0.7377748421508686
27361,0.702933948716827
27363,0.7945625801906857
27364,0.8439161292136981
27365,0.5769890847862806
27366,0.4099976851040261
27367,0.4413928469345981
27368,0.41606749681444233
27369,0.42943490773109066
27370,0.24872869229326816
27371,0.5504902206311775
27372,0.24314496468441296
27373,0.23285559819527651
27374,0.7104159822778049
27375,0.3023484745258255
27376,0.5326835811746947
27377,0.09140025354801028
27378,0.4090384729642066
27379,0.28547755794689655
27380,0.6846293969560828
27381,0.8713836925241011
27382,0.7672179057603976
27383,0.9363071359740355
27384,0.6386959585280619
27385,0.1750019211940575
27386,0.6183751103051174
27388,0.3756605204884735
27389,0.9188656997499822
27390,0.20603789327672536
27391,0.2723175808131037
27392,0.3674384392234121
27393,0.6645564096145721
27394,0.6791056837680425
27395,0.39983703140359594
27396,0.4237435913200698
27397,0.9957118273506338
27398,0.9101824107692872
27399,0.9984500208385513
27400,0.9929012585191109
27401,0.9123460957816539
27403,0.8510052289422627
27404,0.44044550153532663
27405,0.40724017517216415
27406,0.5132052545996962
27407,0.2731611544030356
27408,0.9934232901108329
27410,0.9886079059378191
27411,0.5551377866540843
27412,0.7297400476093813
27413,0.2588838163217022
27414,0.09347464393277954
27415,0.6802755509871041
27417,0.27546127364274314
27418,0.7937920155302973
27419,0.9820215957972454
27420,0.9235534231114672
27421,0.9859806199126909
27422,0.8517845114703513
27423,0.5491768564874268
27424,0.4544032024731905
27425,0.4693373539409139
27426,0.12738435844111887
27427,0.5990812721258976
27428,0.8256648183060661
27429,0.9910072638594577
27430,0.23422920474655565
27431,0.39328707264231927
27432,0.7883251561967276
27433,0.5970311794194142
27434,0.6923266071495296
27435,0.46584087365425964
27436,0.7440234570099227
27437,0.22845360543959256
27438,0.3586087221569714
27439,0.967547822281453
27440,0.9950076521978095
27441,0.6943940638635265
27442,0.33424580720777086
27444,0.8315355822426366
27445,0.32720763395190816
27446,0.8669180793606618
27447,0.7086720360290998
27448,0.9893502508220993
27451,0.8674232265251521
27453,0.19921378319740307
27454,0.28944532323156985
27455,0.7251090525254182
27456,0.8321296763069851
27457,0.7664287610831395
27458,0.6217389966429697
27459,0.7721927069851239
27460,0.7906633182963708
27462,0.7665246674164313
27463,0.8004325409400767
27464,0.6783413339611383
27465,0.9938561371966033
27466,0.8098761431643857
27467,0.07281495085605973
27468,0.6479498223870718
27469,0.5184717919956022
27470,0.5380353884181381
27471,0.7286536870731487
27472,0.8780552621544242
27473,0.9906746580223014
27474,0.5971296034209186
27475,0.5506623724929135
27476,0.317035135586485
27477,0.9961241881320455
27478,0.9756922138277629
27480,0.1469766785583012
27481,0.972004774417707
27482,0.8269769977063905
27483,0.795247159081614
27485,0.22317859994206854
27486,0.8349182280601999
27487,0.46941674517695126
27488,0.4185084024212256
27489,0.9878693772178733
27490,0.9303986315280763
27492,0.8064901242130091
27493,0.49489376767372706
27495,0.640980537930583
27496,0.437729969482756
27497,0.15510409975600584
27498,0.8020518097867322
27500,0.173299065346865
27501,0.995848574737623
27502,0.41126299725801
27504,0.799511228625768
27505,0.5574134899677767
27507,0.480707202459972
27508,0.7720476372421212
27511,0.9028468026565213
27512,0.7281385821567489
27514,0.5589203897147982
27516,0.567045170815247
27517,0.9827709771152816
27518,0.16868692884671424
27520,0.49878463342319296
27521,0.9665588201780148
27522,0.25462926864848084
27524,0.8394223956734533
27525,0.9955640199399219
27527,0.8174026349098175
27528,0.5242978444267675
27529,0.8038859037129327
27530,0.14681828778978653
27531,0.6271855331519549
27533,0.1336685441872926
27534,0.8018422094383756
27535,0.8464547558308175
27536,0.6551149569048116
27537,0.7538745258899555
27538,0.3123984827434576
27539,0.9962214761529748
27540,0.9937016876822975
27541,0.6162919533619945
27542,0.3278328330686809
27543,0.4925262064913701
27544,0.9909938782570763
27545,0.7836351023598777
27546,0.9275480014327749
27547,0.7210311211018403
27548,0.4377723266585695
27550,0.42186637900191243
27552,0.635339643901336
27553,0.9893441394501796
27554,0.9930567888191597
27555,0.4321635913981603
27556,0.23417695303913436
27557,0.9060153063793472
27558,0.46143429108381623
27560,0.9844940419475804
27561,0.33638848250188974
27562,0.9958630883291986
27563,0.24130572796162914
27564,0.7763942043397514
27565,0.09663240446461674
27567,0.29304698650034383
27568,0.23239654795821652
27569,0.8092124984638097
27570,0.8960495115818156
27571,0.20725945126836423
27572,0.7144797857055986
27576,0.7917603543769061
27577,0.17552164417541094
27578,0.6489783706282387
27579,0.7578379342164872
27580,0.4325782132940212
27582,0.5686261698451184
27584,0.7868167481575017
27586,0.6900644294249537
27587,0.3164434756200082
27589,0.9951920131384678
27590,0.20569779254824208
27591,0.5304564259941044
27592,0.7448346051997318
27593,0.6547635884192607
27594,0.4659704363155686
27595,0.6252293569188072
27597,0.6519701605180036
27598,0.9076726376750774
27599,0.9938108307325465
27600,0.0
27601,0.48187948724353014
27602,0.563621025970614
27603,0.21422714403851814
27604,0.38611921893483586
27605,0.567196973345818
27606,0.39871121589475866
27608,0.7094112896636331
27609,0.5752305951600752
27610,0.9696662065670949
27611,0.9910434384184328
27612,0.9982353300987649
27613,0.7085071466567618
27614,0.40224371493329736
27615,0.9890446213208489
27616,0.6238861487122155
27617,0.16925151259505894
27618,0.06994313913923733
27620,0.23898063616273865
27621,0.9903809658703079
27622,0.7803955964778757
27623,0.7795211131025412
27624,0.7950225039177691
27625,0.9364839369133444
27627,0.8222607120891067
27629,0.5655567643631674
27630,0.8116044157000568
27631,0.6224639204610352
27632,0.19150094001084278
27633,0.9112145524969407
27635,0.8755900534114808
27636,0.0
27638,0.45059693822598307
27640,0.6292786028913382
27641,0.8930200315078757
27643,0.19930537170556226
27644,0.995599968168658
27645,0.22918338326473445
27646,0.47103700732903914
27649,0.40265111671217657
27650,0.8606530801121943
27652,0.8869670114245417
27653,0.0
27654,0.5340578629380657
27655,0.13310208957180855
27656,0.2607543840678908
27658,0.947141620193306
27659,0.9864062010211643
27660,0.6647895227693541
27661,0.6543829357588439
27662,0.4382237276683863
27663,0.8224417095973313
27664,0.061489699321529444
27665,0.11818800147488133
27666,0.8402431230368931
27667,0.9383008665058584
27668,0.9867170027273816
27669,0.18642600344181945
27670,0.26771899044630926
27671,0.529523523810872
27672,0.48414940561865233
27673,0.7178573919230841
27674,0.995170827049385
27677,0.8449386825601272
27678,0.6741915821765299
27679,0.1902293795904885
27680,0.09733633750480261
27681,0.9802309868436249
27682,0.3358474577181774
27683,0.9917633081487967
27684,0.9769798173156168
27685,0.16688438953274887
27686,0.22327401080613726
27689,0.9953958340851655
27690,0.8975436748816842
27691,0.9874934908331477
27692,0.876968161128591
27693,0.5104874155147574
27694,0.9956447047778975
27695,0.8634498334765666
27696,0.9903080977013247
27697,0.9589467887756635
27698,0.9142041950065745
27699,0.4742955259670538
27700,0.7257687258507797
27701,0.3283516496607367
27950,0.0
28001,0.2760951913247037
28003,0.6359770970344085
28004,0.99226089054802
28005,0.5727555627523021
28006,0.9916393357760503
28007,0.2681686984731167
28008,0.02609480961652263
28009,0.5686723455416857
28010,0.7004140565975945
28012,0.47907178250924404
28013,0.21466653151192444
28014,0.3914710008439234
28015,0.11156486593195623
28016,0.8551967079519589
28018,0.308892403173608
28019,0.9502390137633624
28021,0.9865456366756205
28022,0.9861781488241373
28023,0.9639047331804748
28024,0.9976393798293998
28025,0.623311862516644
28026,0.5893791840455578
28027,0.1424418205032897
28028,0.1795287929747667
28029,0.7867490769515117
28030,0.7754798594647007
28031,0.5991963522553493
28032,0.99291829125982
28033,0.02562099943611298
28034,0.9811896571823684
28035,0.9897000321541026
28036,0.4473261902635387
28037,0.5468796556503228
28038,0.6229186689500784
28039,0.9714599750785154
28040,0.2032568881851529
28041,0.9933974352547231
28045,0.5609093672575897
28046,0.8910491775456165
28047,0.9879698565770568
28048,0.9933097276781941
28049,0.9935258809760488
28050,0.5181708215791945
28051,0.2113463427835846
28052,0.9713653143036379
28053,0.40903024583574327
28054,0.305340257863793
28055,0.21104257220104186
28056,0.13569251472626348
28057,0.9930168290391619
28058,0.2260531472832641
28059,0.2710639438359203
28060,0.9887428517351455
28061,0.49540014628959234
28062,0.2679027750276945
28064,0.3123576024514673
28065,0.8102490263405665
28067,0.9935157636256051
28068,0.9847702555505169
28070,0.9826095065096538
28071,0.2238395129978948
28072,0.49093245244030975
28073,0.9827093650738407
28074,0.631347383631962
28075,0.8826269643342741
28076,0.36770377978317687
28077,0.9139654507824421
28078,0.7542738681722159
28079,0.6840887473514871
28080,0.6641928212046688
28081,0.9924732930050889
28082,0.4475704072176595
28084,0.9784426729394111
28085,0.9317342687238798
28086,0.8562088302831407
28087,0.5356385343362874
28088,0.4831208679938795
28089,0.13971186404635616
28090,0.8026803407996186
28091,0.49639264223221624
28092,0.5416137801001529
28094,0.13265643592048254
28095,0.993601839026534
28096,0.9653689248888048
28098,0.28636674894243763
28099,0.11865776076155315
28100,0.9930310760050926
28102,0.9819959797799935
28103,0.12764737416186722
28104,0.9829195884652128
28105,0.4940777212440481
28106,0.643447478006843
28107,0.9952654941180881
28108,0.7386602004869358
28109,0.36576809671879545
28110,0.9909385695064891
28111,0.23445566590362074
28113,0.1432584734779174
28114,0.5155134714399312
28116,0.9749353954564632
28117,0.4978658645681287
28118,0.29605702948091395
28119,0.8735622991615054
28120,0.29825280469222654
28121,0.9749110539962352
28122,0.9900560160793384
28123,0.950914014947924
28124,0.42516031215169986
28126,0.6526883598892005
28127,0.5774237527168202
28128,0.9874505075468183
28129,0.21945623786021348
28130,0.02336871478010812
28132,0.8386032935606609
28134,0.29107074300316776
28135,0.1579185189901555
28136,0.5853592342918338
28137,0.4056916333198434
28139,0.9940085740828979
28140,0.2193397426196471
28141,0.9936377672833697
28142,0.9951419563088675
28143,0.5052589179380721
28144,0.5181899283499076
28146,0.1980903908966961
28147,0.03704048564735923
28148,0.022713771362891533
28149,0.7426425502958173
28151,0.6417066660119181
28153,0.8816937736167543
28154,0.9760388785310782
28155,0.4808382904371443
28156,0.028639756727797443
28157,0.8495009932846692
28158,0.9875279000233655
28159,0.4515267813791353
28160,0.9860948794922991
28161,0.9609269996600748
28162,0.9937166810174605
28163,0.9890714305757609
28164,0.7322879594810189
28166,0.023806332545524136
28167,0.9885913071831519
28168,0.7592146837718073
28169,0.5518955099767812
28170,0.5457372267715477
28171,0.4156714772187229
28172,0.798784919170238
28173,0.9860812438504569
28175,0.4577242847855232
28176,0.9892372205330371
28177,0.9891967896963387
28178,0.4245238699047825
28180,0.9798456734630798
28182,0.8647177455174718
28183,0.5070221960036044
28184,0.5191809773971096
28185,0.2505446398717685
28187,0.98501489456975
28188,0.8678455209688883
28189,0.8726718878858422
28190,0.5181953905480531
28191,0.17968646203638852
28192,0.5975220620436962
28193,0.4148285125571375
28194,0.98659908374305
28195,0.8355243188485397
28196,0.1260270435624153
28197,0.6185369853642335
28198,0.8330947867130511
28199,0.2035310169879429
28200,0.023533783935159
28201,0.9755344569727089
28202,0.859094229845561
28203,0.03637615450573273
28206,0.5010959398285003
28207,0.6496100948299663
28208,0.7333352589789175
28209,0.9740045641953771
28210,0.5380109270328349
28211,0.8450791200501947
28212,0.8709698192525651
28213,0.19817963400666547
28214,0.06405548348284815
28215,0.40236731759803696
28216,0.6203770860037225
28217,0.08928751546570671
28218,0.9893541373997333
28219,0.865873545175795
28220,0.9921855544538709
28221,0.940774531596354
28222,0.9937325656037588
28223,0.5324665740859772
28225,0.9923394313539878
28226,0.2660440087553907
28227,0.6440531850134816
28229,0.9819763480481994
28230,0.31895281206005566
28231,0.729499570169742
28232,0.02066626067852579
28233,0.7233631126857821
28234,0.9879693012198165
28235,0.4100842735817641
28236,0.12585121848039188
28237,0.5116448813426692
28239,0.38040977068738435
28240,0.04458091142021492
28242,0.6536033560181957
28243,0.5648885159927456
28245,0.994022757228681
28246,0.9911428483787722
28247,0.5242129950949991
28248,0.04048609799634777
28249,0.9713944943155632
28251,0.3793420048408197
28252,0.8736468735233407
28253,0.9865457922202988
28254,0.9857352414636045
28255,0.9915495618515487
28256,0.8345663071158153
28257,0.4223803042588168
28259,0.694669462402206
28260,0.8779682633608836
28261,0.6508050814636017
28263,0.8115963774946577
28264,0.2855001290395873
28265,0.2045739343809097
28267,0.595812885945513
28268,0.5337570158931507
28269,0.9944833820244098
28270,0.797077011452627
28271,0.8051854763973157
28272,0.8883233632599548
28273,0.8349455731869502
28274,0.5419164625895434
28275,0.870661226134304
28276,0.9048957601772382
28277,0.547840604126552
28278,0.956354733270636
28279,0.06986101288604446
28280,0.033777011654278856
28281,0.9930208603220143
28282,0.40772929318319406
28283,0.7670898612251247
28284,0.723119190498263
28285,0.981463241474728
28286,0.9912991593879887
28287,0.49406563011369586
28289,0.5751138334616325
28290,0.9917323175340418
28291,0.5501402543959777
28292,0.2590816817672512
28293,0.467133480230294
28294,0.4838106024499514
28296,0.08207719446231124
28298,0.653253202555722
28299,0.2758372891764713
28300,0.8691941677863902
28301,0.9882490748395137
28302,0.021679746735039133
28303,0.9722309824558475
28304,0.24191205058496146
28305,0.8114595527791109
28306,0.3996428101613571
28308,0.5123848855995771
28309,0.9879217378205324
28310,0.709859798525679
28312,0.40445331009807506
28313,0.7427301710946989
28314,0.763034199965424
28315,0.7417629960773251
28316,0.9553583538463774
28317,0.8595458182651847
28319,0.4267855318306125
28321,0.36752403770613007
28322,0.8543116816465984
28323,0.37485405334467486
28324,0.9860851107686059
28325,0.9870887107121371
28326,0.5826370106389821
28327,0.6665472323603401
28329,0.8848213629812743
28330,0.47158325667161605
28331,0.16213569569456732
28332,0.5415703433445228
28333,0.32931002735104464
28334,0.6247985508446295
28335,0.026113611870236104
28336,0.436883257396687
28337,0.986491001102783
28339,0.9888964918896104
28341,0.3521467254227366
28342,0.44333199982969823
28343,0.25143882203503476
28344,0.9129113188419113
28346,0.7249569995294532
28347,0.278368860310656
28348,0.24638063119144418
28349,0.19557765489662388
28350,0.9876667599405903
28351,0.0570770530498871
28352,0.19172884907187215
28353,0.6771309002473201
28354,0.024129536440907727
28355,0.5764587364685518
28357,0.9666211025544383
28358,0.9809225616812464
28359,0.2635059463873442
28360,0.18015406445375307
28362,0.04306923050399291
28363,0.2703365819237172
28364,0.682463193946022
28365,0.9933171141683603
28366,0.9238701958294454
28367,0.923418437747205
28368,0.6271705969934626
28369,0.3414267254988122
28370,0.5258513903174565
28371,0.35846169749406054
28372,0.16895350809562518
28373,0.01784974689166759
28374,0.8873843827328934
28375,0.5196919905844575
28377,0.23893506498918105
28378,0.4524137270650406
28379,0.9829862757240542
28380,0.9856659450525536
28382,0.7010703389176013
28383,0.989962254181416
28385,0.150867337962096
28386,0.2064408897460599
28387,0.41169194773824785
28388,0.9956219189789458
28389,0.8514150742085228
28390,0.8276722717730347
28391,0.16373324625804023
28392,0.8093202439798612
28393,0.7531185554638469
28394,0.35426571011435537
28395,0.3848675755569588
28396,0.817834791075351
28397,0.9842782693164149
28398,0.5107899648522166
28400,0.7336263592555176
28401,0.06085495324851695
28403,0.9951679642292748
28404,0.1636571863330819
28405,0.5823240146461269
28406,0.16810501624623483
28407,0.5788831397127419
28408,0.8265256212660239
28409,0.6213666392699674
28410,0.6371017843979329
28411,0.43055227247635497
28414,0.9934646833467726
28415,0.14946765664841807
28417,0.22697512993869032
28418,0.7372391198423147
28419,0.9931942660550142
28421,0.9894641405516752
28422,0.946921764072796
28423,0.9682251452050123
28424,0.5500903086929345
28425,0.8489349476701951
28426,0.5091405353081508
28500,0.0
28600,0.0
29000,0.0
29001,0.443805876758578
29002,0.38979394116072164
29003,0.14267197968572898
29004,0.12186731750072238
29005,0.4530216452599095
29006,0.08811554596525782
29007,0.09126298932549791
29008,0.47879317844524205
29010,0.3574288616590508
29011,0.5133021232317854
29012,0.6919604597978986
29013,0.418282582429287
29014,0.6694430632357639
29015,0.3647489742811133
29016,0.31695079887756245
29017,0.4412006250474579
29018,0.13397040202757093
29019,0.038267213085137385
29020,0.09710463459588092
29021,0.03277832984978789
29022,0.35011872893087587
29023,0.1319653476409145
29024,0.10953273871760576
29025,0.3095638512529342
29026,0.16423430858100097
29027,0.20828994658121758
29028,0.37394939867163596
29029,0.10252027791375501
29030,0.07250117393899033
29031,0.08938009069616105
29032,0.13950537033846475
29033,0.5513649986752026
29034,0.4979867598086361
29035,0.46758651572587373
29036,0.5361553057330671
29037,0.08752375763809328
29038,0.25622068243411117
29039,0.07660822576441499
29040,0.053234978343165595
29041,0.1418755779709814
29042,0.2306755020218159
29043,0.29996072098389187
29044,0.34000392963146975
29045,0.38763268040913823
29046,0.10522488381657034
29047,0.35381121043273833
29048,0.19428173006942612
29049,0.15133450216401373
29051,0.057799399960808705
29053,0.23235732517271337
29054,0.085981924496435
29055,0.14807289567947177
29056,0.37980302872655675
29057,0.1276535357895484
29058,0.0387972976127604
29059,0.5743953068521487
29060,0.12912654992713274
29061,0.4753521379680331
29062,0.5167426696084844
29063,0.6350737540525597
29064,0.166570548176921
29065,0.344730866359726
29066,0.23703993478625734
29067,0.41838979416726557
29068,0.34320553323413144
29069,0.3649062594996959
29070,0.5788212994130755
29071,0.49060634906044287
29072,0.13444877169979258
29073,0.451950060649816
29074,0.6243995029913689
29075,0.04592285451711004
29076,0.32298117083035066
29077,0.0323990326011274
29078,0.16230493907057594
29079,0.4416387967713628
29080,0.1978799367671376
29081,0.1378508349434266
29082,0.4212568476838776
29083,0.7025516071021944
29084,0.04462576215377471
29085,0.27840764613159924
29086,0.2485620103888677
29087,0.40262896904039186
29089,0.2790570496803849
29090,0.4974000119221129
29091,0.03183510740687106
29093,0.2634280832026946
29094,0.10638146300948491
29095,0.38899608685041975
29097,0.4466434030185929
29098,0.13571569572779368
29099,0.3903110065131695
29100,0.33628436808903756
29101,0.06012851835913689
29102,0.22037317513642188
29103,0.12606654274566106
29104,0.35629481610232566
29105,0.4407304348638155
29106,0.26529653136783843
29107,0.3301850942435899
29108,0.2759782189077208
29109,0.043139793883691054
29110,0.309280674032006
29111,0.26346482544235267
29112,0.12356314764495573
29113,0.7758466912832167
29114,0.6267250873784909
29115,0.7094467212199397
29116,0.37698017514209337
29117,0.10147148013657903
29119,0.43393082840251
29120,0.6206913741988358
29122,0.381820282232466
29123,0.5210781657373037
29124,0.03338810968390576
29125,0.22036654116526067
29126,0.42544816421645115
29128,0.4729966268512002
29130,0.11502307787620922
29131,0.4345969630161492
29132,0.577319930640865
29133,0.26617631681261006
29134,0.49953551633174204
29135,0.04593425280325942
29136,0.48666732410847086
29137,0.3084727935373252
29139,0.34502485141723405
29140,0.3162823798317373
29141,0.4213106530998081
29142,0.7179386681254109
29143,0.4434439266181678
29144,0.2387244781848923
29145,0.5093986103934686
29146,0.19641319220152528
29147,0.15926547715232137
29148,0.4618311293446906
29150,0.0522470379619027
29151,0.17889100270316666
29152,0.45150500839274044
29153,0.12581113154122942
29155,0.08705388722851186
29156,0.364489861026352
29158,0.02996372430344266
29159,0.25886724559705604
29160,0.18929152840840155
29161,0.13236139196982155
29162,0.2916676836528606
29163,0.2324065170482121
29165,0.05955874242529222
29166,0.6116906377950444
29167,0.213951742366917
29168,0.1027050968571883
29169,0.2092084855439761
29170,0.10582152711360925
29171,0.09549939665903345
29172,0.19145016524706487
29173,0.22354522199636426
29174,0.05273305982959074
29175,0.15901549031846926
29176,0.3448666226531712
29177,0.10637285696175625
29178,0.09145052166318042
29179,0.18793556176869303
29180,0.29080470338479947
29181,0.4448725086948423
29182,0.5704569599983784
29183,0.6457829487417959
29184,0.3533648290517774
29185,0.05661992844940923
29186,0.35807751424321016
29187,0.34612383211739517
29188,0.17394135223429313
29189,0.10049959931950277
29190,0.039226785462010395
29191,0.17580504935879399
29192,0.3143074015370769
29193,0.5211130699415305
29195,0.04149518351725042
29196,0.33594510700661406
29197,0.07216279294990265
29198,0.079957980341756
29199,0.15305141312343606
29200,0.0
29201,0.2720590311374552
29202,0.41916578213428657
29204,0.1739211115717372
29205,0.31064932685216234
29206,0.1364286639677798
29207,0.14854852290427306
29208,0.33142028840483584
29209,0.22397933079798313
29210,0.2028305998717744
29211,0.18927880556120766
29212,0.17420585527634325
29213,0.3199270175797653
29214,0.2512034016285765
29215,0.08683135197759445
29216,0.10830174111165145
29217,0.13410689121209302
29218,0.3635009404334649
29220,0.08089576502913605
29221,0.052966227414023744
29222,0.7357855666159654
29224,0.4641778579343335
29225,0.18403375845721573
29226,0.37709292930323474
29227,0.12987957276165754
29228,0.3772945272726502
29229,0.39167349675698887
29230,0.1940848123251762
29232,0.026024765991469086
29233,0.10696064060815136
29234,0.24914671239045746
29235,0.21942678013246672
29236,0.17127491876007592
29237,0.2211840346577735
29238,0.5387862969324136
29239,0.11241265834037308
29240,0.19251545832345843
29241,0.06787441298904597
29243,0.6447140374509969
29244,0.2540669700698636
29245,0.3894727857984626
29246,0.5400901308385526
29247,0.1530461797153481
29248,0.08511561092528132
29249,0.33005734813092
29250,0.223387801637515
29251,0.4898453055187119
29252,0.16803801849748115
29253,0.0
29254,0.7730712304152346
29255,0.15938993213750227
29256,0.4793901889339172
29257,0.18999300695294064
29259,0.34191000522128634
29260,0.1763885073346529
29261,0.6052921494696406
29262,0.5634416428814296
29263,0.5249087415916618
29264,0.26659659002071334
29265,0.6795294703967402
29266,0.19053872848609793
29267,0.4190558016434623
29268,0.3663144154090232
29269,0.3230258087123942
29270,0.36442459389319537
29271,0.28600705053166836
29272,0.24023971445049083
29273,0.2808185603552115
29274,0.04038990533044488
29275,0.26529667773616916
29276,0.4241127207681677
29277,0.17147782816851487
29278,0.13759721646979045
29279,0.4871597041048413
29280,0.2512897384282131
29281,0.6175541586183677
29282,0.19795058949052138
29284,0.06935584899956083
29285,0.429263743562458
29286,0.3216894998117073
29287,0.14679598384925818
29288,0.3839382915575004
29289,0.7369456555984626
29290,0.4028358652983037
29291,0.6141070936684953
29292,0.14980105115891718
29293,0.054896828874898815
29294,0.3254591146458578
29295,0.5210001861264874
29296,0.15122097371050014
29297,0.39333725219628785
29298,0.15478949631565211
29299,0.5067680667016855
29300,0.35882311715481613
29301,0.46857338894911077
29302,0.0628104607349042
29350,0.0
29360,0.0
29390,0.0
29400,0.0
29460,0.0
29470,0.0
29490,0.0
29500,0.0
29520,0.0
29530,0.0
29540,0.0
29560,0.0
29600,0.0
29710,0.0
29900,0.0
2A001,0.5889757437315088
2A004,0.030853630254397687
2A006,0.46832523395780634
2A008,0.4698766354254813
2A011,0.0654241701816366
2A014,0.8511919133533127
2A017,0.591117958161527
2A018,0.21769278688923738
2A019,0.8736876329152068
2A021,0.03509752745003634
2A022,0.838947057848465
2A024,0.02162266014743815
2A026,0.06934781142684446
2A027,0.0281594077105619
2A028,0.026898075600291782
2A031,0.01710554688833239
2A032,0.6163715355195905
2A035,0.11479855523649551
2A038,0.33061444130411033
2A040,0.01976017965356216
2A041,0.029976146374364358
2A048,0.6868760038352008
2A056,0.8120778650060946
2A060,0.8521673140526937
2A061,0.23339942852779744
2A062,0.8984644940804589
2A064,0.8954752517850165
2A065,0.017708207501268523
2A066,0.15263672871449183
2A070,0.7738643034869672
2A071,0.13367328296549447
2A085,0.5346061608877103
2A089,0.020724223350552035
2A090,0.3804892867106639
2A091,0.9541186710584141
2A092,0.05994543466612172
2A094,0.017895192600547637
2A098,0.30350299869634134
2A099,0.022989370672901965
2A100,0.035785964683654484
2A103,0.5660809651745119
2A104,0.5399098797254178
2A108,0.0473557736339669
2A114,0.029696683977659018
2A115,0.1384212955586643
2A117,0.03066065391729053
2A118,0.18900659172585912
2A119,0.0193665418191129
2A127,0.23837808568937202
2A128,0.2988233131564711
2A129,0.43254053000661863
2A130,0.17869971181271951
2A131,0.18566038749287497
2A132,0.9483210382251921
2A133,0.01759313475750921
2A139,0.11912178027471046
2A141,0.028968716926716362
2A142,0.14625107410668675
2A144,0.9340226330458942
2A146,0.1331117875108075
2A154,0.05089785214605823
2A158,0.15249417617693276
2A160,0.05469490822126145
2A163,0.11225465238527939
2A174,0.026125793746180338
2A181,0.7259018110107993
2A186,0.019376440768618382
2A189,0.04571644902200207
2A191,0.2309533596483969
2A196,0.05451654032791249
2A197,0.42769629038651374
2A198,0.020269537381164084
2A200,0.04106194525654989
2A203,0.03710092333655411
2A204,0.021595864920681104
2A209,0.4128237605570417
2A211,0.058073434217018854
2A212,0.018326047411807087
2A215,0.0880998594646975
2A228,0.33461723392610954
2A232,0.8634854666812798
2A240,0.0294337172046892
2A247,0.022503957276272194
2A249,0.031411178846510006
2A253,0.8512959247501423
2A254,0.03451520552151069
2A258,0.07227977920229126
2A259,0.024748594947495605
2A262,0.8896886167761524
2A266,0.8228548398263161
2A268,0.018052118427770446
2A269,0.023418066395971215
2A270,0.8406111989199138
2A271,0.28390478146153464
2A272,0.028255248635815296
2A276,0.08651220606600055
2A278,0.04444995065138015
2A279,0.03342028245269167
2A282,0.019947525108879295
2A284,0.271238589446918
2A285,0.13269179150049945
2A288,0.07882725958426151
2A295,0.8435629483460447
2A300,0.10976239674275103
2A308,0.09491883401089665
2A310,0.24892781063768857
2A312,0.7290175958066197
2A322,0.018041426396944435
2A323,0.7600783691342702
2A324,0.019539437091223286
2A326,0.9349175032055979
2A330,0.8271167307657762
2A331,0.8814047652389202
2A336,0.7768777801207943
2A345,0.8044426865887121
2A348,0.02021256060425841
2A349,0.1074805760552089
2A351,0.6408204299406904
2A357,0.1784358811981907
2A358,0.019074195689866843
2A359,0.022130463237234343
2A360,0.1841813140389934
2A362,0.02272993627636404
2A363,0.14340171379018904
2B002,0.07484987741848553
2B003,0.33779174921230537
2B005,0.30323100001850206
2B007,0.10545249814795846
2B009,0.02767437423628134
2B010,0.3715089747893065
2B012,0.39642321609279096
2B013,0.26776305684800294
2B015,0.4526900046409757
2B016,0.0532993620384659
2B020,0.25471199075752193
2B023,0.4257509166662431
2B025,0.308361701780884
2B029,0.7999646638728326
2B030,0.022567262494281447
2B033,0.36929647831702367
2B034,0.06361927587952466
2B036,0.14376233678234604
2B037,0.16624340362204343
2B039,0.026973698587059548
2B042,0.04994418488048149
2B043,0.7264993423643603
2B045,0.22801845430532436
2B046,0.9560764222602142
2B047,0.2580367267357614
2B049,0.02836963518218657
2B050,0.033563200466847846
2B051,0.22130366504225835
2B052,0.12518370045429436
2B053,0.08568031532259936
2B054,0.028501979321799382
2B055,0.1302046752099883
2B057,0.1657922572094232
2B058,0.8874366310993766
2B059,0.2405037031813712
2B063,0.1594566264420813
2B067,0.1433558516333492
2B068,0.27112263754531235
2B069,0.023380101595764494
2B072,0.023529502669877446
2B073,0.23493185921283508
2B074,0.3287335394697356
2B075,0.15602733680268152
2B077,0.022849969980036442
2B078,0.6629069278502726
2B079,0.022940521172024428
2B080,0.17923916325104855
2B081,0.6208831797635623
2B082,0.20292772773009865
2B083,0.5199489993557214
2B084,0.30219726345994874
2B086,0.11004743667391152
2B087,0.02392247034318941
2B088,0.08520250261400479
2B093,0.15253802095298588
2B095,0.5581274689517528
2B096,0.020418568580834774
2B097,0.49008114577018186
2B101,0.024999495685408196
2B102,0.025643252074394544
2B105,0.4307441755981728
2B106,0.46695186104268
2B107,0.05736300254972967
2B109,0.9493653963323346
2B110,0.5581393720648683
2B111,0.056037921481983145
2B112,0.2864725284643477
2B113,0.023895355578701354
2B116,0.34048104462499196
2B120,0.5465720403822795
2B121,0.11416811097280916
2B122,0.32349875358723046
2B123,0.018966091986222476
2B124,0.031226925865776856
2B125,0.02439361443705188
2B126,0.1769417686805091
2B133,0.0
2B134,0.04987077070185674
2B135,0.04408641831574744
2B136,0.09142978931627015
2B137,0.5187152296028326
2B138,0.35874019208626695
2B140,0.027672645621649783
2B143,0.07439872179124674
2B145,0.023841754065042704
2B147,0.3232856849130145
2B148,0.018422769347740342
2B149,0.10289612437973994
2B150,0.052525927376327934
2B152,0.020283399028531948
2B153,0.11227044916209722
2B155,0.2902035816644621
2B156,0.40009793046016534
2B157,0.34130951602249904
2B159,0.035167793262793214
2B161,0.13986042805892027
2B162,0.1588061851712825
2B164,0.02486726635736936
2B165,0.17495580252208912
2B166,0.024308513504763225
2B167,0.16851477995332184
2B168,0.03751720327235392
2B169,0.038583040457194406
2B170,0.024764952775722902
2B171,0.6034871649838256
2B172,0.3649264861769421
2B173,0.2603483844257918
2B175,0.4356125425903606
2B176,0.02220822605446521
2B177,0.42132399212962723
2B178,0.9645992930083331
2B179,0.08181027043675299
2B180,0.2746699282349639
2B182,0.24586146437912484
2B183,0.9628650158792063
2B184,0.9631010500755564
2B185,0.5324001342260609
2B187,0.9595079410898685
2B188,0.5330519956396376
2B190,0.32597751356883564
2B192,0.06619440169591924
2B193,0.07685518430069704
2B194,0.09742435001502893
2B195,0.024441632531515656
2B199,0.14598223108837666
2B201,0.05308651626860791
2B202,0.018832341231047746
2B205,0.9187320026879988
2B206,0.0251698165772317
2B207,0.02124589730298842
2B208,0.19874978260709006
2B210,0.02349683694044775
2B213,0.2758434043282958
2B214,0.023238753444700617
2B216,0.06625129999722262
2B217,0.024715165304641053
2B218,0.5745095026121566
2B219,0.02098481426902782
2B220,0.22902924709134376
2B221,0.22099838340885064
2B222,0.1461819456375777
2B223,0.039935456421744946
2B224,0.9128986459000258
2B225,0.08208131690282106
2B226,0.4532918189453334
2B227,0.19841965287966193
2B229,0.03366996384809628
2B230,0.514136666279177
2B231,0.37200342814342613
2B233,0.02421782445079327
2B234,0.18503031866931927
2B235,0.3221178943331009
2B236,0.07938797496103149
2B238,0.6627631721389525
2B239,0.7157855484129497
2B241,0.024310052261561552
2B242,0.023550572810378385
2B243,0.024800566016497858
2B244,0.6730118037609533
2B245,0.024254407153232477
2B246,0.02403392795060875
2B248,0.5659782202999041
2B250,0.06543920747315543
2B251,0.019413743361158305
2B252,0.023457162799367087
2B255,0.024268187848351858
2B256,0.01956884889811389
2B257,0.5794117797489166
2B260,0.48123920126483094
2B261,0.022378676715759882
2B263,0.47284184845714056
2B264,0.4448208160308819
2B265,0.3577708928474558
2B267,0.3483432827592857
2B273,0.023521526637284625
2B274,0.2680198061223429
2B275,0.5747357218701994
2B277,0.038935751134804866
2B280,0.024437921817170898
2B281,0.8248619411941812
2B283,0.022190340392689537
2B286,0.022686383226175062
2B287,0.21305401884935038
2B289,0.8077872263894227
2B290,0.33330309223275745
2B291,0.020257080634740722
2B292,0.38980305871703314
2B293,0.061475939150735424
2B296,0.32173296670328555
2B297,0.024079836180003773
2B298,0.7296590216231219
2B299,0.024205864814844713
2B301,0.17556151106481654
2B302,0.02498058807249857
2B303,0.06331985197070074
2B304,0.12560320320725146
2B305,0.8508157368674861
2B306,0.5411600977885281
2B307,0.02327768727894491
2B309,0.8324934034286343
2B311,0.027106214228794945
2B313,0.01908966167673201
2B314,0.82855285076196
2B315,0.17984215067496917
2B316,0.1422326663829759
2B317,0.054863855485290366
2B318,0.02379377002226992
2B319,0.023253436804959646
2B320,0.08667425282539667
2B321,0.06387684859035968
2B327,0.051483267628913504
2B328,0.02429783365748003
2B329,0.4430296337249429
2B332,0.08123068062895496
2B333,0.5108847100559661
2B334,0.06162085939647747
2B335,0.04421189134829677
2B337,0.02439558613538948
2B338,0.052983640688189886
2B339,0.41596698172072183
2B340,0.023893034054114227
2B341,0.0625465094282551
2B342,0.021209855495371858
2B343,0.03981084071225194
2B344,0.024398506498480778
2B346,0.03127365287881044
2B347,0.0722791959542061
2B350,0.18592893707164015
2B352,0.3588448260986084
2B353,0.8087847950175481
2B354,0.23402635805451397
2B355,0.0937671902246655
2B356,0.2958246179404457
2B361,0.1543071693082012
2B364,0.4332395962239198
2B365,0.05495645780333132
2B366,0.0953674598160822
30000,0.0
30001,0.28496985721515294
30002,0.18775679494186207
30003,0.1118027332727553
30004,0.7170832224552788
30005,0.4331456750443022
30006,0.3261932786039446
30007,0.044363499673784106
30008,0.21746378053078672
30009,0.8769054545215913
30010,0.26226186363657783
30011,0.45366019889321213
30012,0.5171197804376307
30013,0.789729223841469
30014,0.7607006551468082
30015,0.4323088360697937
30016,0.6958461208196753
30017,0.8530825846991175
30018,0.6260492746340249
30019,0.5202105472886829
30020,0.8275325021150781
30021,0.7321525532601614
30022,0.5645065675453507
30023,0.693667256831844
30024,0.47057134286613594
30025,0.6281833595044631
30026,0.2312282288512932
30027,0.20879505386460212
30028,0.059323172667290404
30029,0.23157304322311872
30030,0.3013396445498563
30031,0.2894171088940024
30032,0.331951993779546
30033,0.5191972488583836
30034,0.628252045399679
30035,0.17370727349949405
30036,0.795054066297897
30037,0.12996211008383216
30038,0.33903973299905266
30039,0.8703829853606136
30040,0.7527107802176546
30041,0.8629891830161304
30042,0.1491288333086075
30043,0.7802989546874416
30044,0.5704247909795197
30045,0.18040404762500972
30046,0.2306556287513969
30047,0.8328142518018666
30048,0.3407497680994882
30049,0.9108805200066948
30050,0.10211564055422453
30051,0.2975603612702463
30052,0.15311383079592764
30053,0.16291309118559694
30054,0.06621029880719805
30055,0.24238902416262578
30056,0.1951935341217423
30057,0.8678063335218684
30058,0.23872788642264364
30059,0.5438902262083973
30060,0.8908426701321113
30061,0.8128931319419758
30062,0.4418995707927779
30064,0.7939291005256182
30065,0.2345165505553939
30066,0.08957879451623298
30067,0.27065479007295606
30068,0.19187405040612637
30069,0.4906597593520572
30070,0.33877363523383364
30071,0.24862825645704145
30072,0.2831643902464259
30073,0.5359942421891851
30074,0.5555344316533274
30075,0.7383824870053797
30076,0.3038232930036758
30077,0.320458849031862
30079,0.2902787998898935
30080,0.2833730697099332
30081,0.44102344667105114
30082,0.6646659961040229
30083,0.6720199375573322
30084,0.6459125558110844
30085,0.8623156177304075
30086,0.14806037185084528
30087,0.2788312601548457
30088,0.48179643957670104
30089,0.8074787133552476
30090,0.6446954542944467
30091,0.6713107439154232
30092,0.2465394289868411
30093,0.12209995009203574
30094,0.4882080177926222
30095,0.16285054864151244
30096,0.23967930906552498
30097,0.284225373287876
30098,0.10527970217208071
30099,0.17435473459634585
30100,0.21785544635601464
30101,0.2964967072161493
30102,0.878031385153391
30103,0.6234359992232937
30104,0.21839798490269602
30105,0.6329352702555359
30106,0.20167581359929293
30107,0.7335751618482002
30108,0.3872993431324253
30109,0.24821215461963236
30110,0.5224753806223595
30111,0.3034796004652096
30112,0.6824855393843946
30113,0.23559851844940083
30114,0.38074975657450233
30115,0.20960347927675435
30116,0.5966144028410111
30117,0.8143242138587193
30119,0.2835508526545352
30120,0.16480706727745498
30121,0.1180737396478984
30122,0.8402350835826844
30123,0.6631656204268963
30124,0.26552448540758156
30125,0.7946286531821172
30126,0.7802362115902112
30127,0.2891736647163538
30128,0.7124951653558832
30129,0.3563068657951044
30130,0.4748721838279411
30131,0.0849516760920845
30132,0.24969951688185002
30133,0.058008909476994316
30134,0.18025701452886922
30135,0.787174256310313
30136,0.6283871171107668
30137,0.4433055970576938
30138,0.7913914433341808
30139,0.871730154050106
30140,0.2698463117233778
30141,0.1221179440666168
30142,0.29201256683893045
30143,0.4702510192195861
30144,0.22020054249622184
30145,0.8404260568758691
30146,0.17393009129414094
30147,0.18133267242353118
30148,0.08605588473418163
30149,0.6994116897538595
30150,0.20946067017131645
30151,0.1082848356440363
30152,0.1535192604641094
30153,0.6131517752792746
30154,0.32666383246771175
30155,0.7126141410405928
30156,0.8785756549278446
30158,0.2640083188978555
30159,0.47013666164305923
30160,0.3617325514977399
30161,0.29067901658998635
30162,0.2724184373213328
30163,0.1637866683572597
30164,0.11061409776525592
30165,0.29918232170912273
30166,0.7567136148350124
30167,0.29209793879276785
30168,0.33156030138034315
30169,0.8468616716552485
30170,0.1813598691932157
30171,0.31210734736773493
30172,0.16225974738930818
30173,0.1585610771359018
30174,0.1790674809126244
30175,0.3479925871868503
30176,0.3660059153072235
30177,0.2906058344992434
30178,0.7410962332731014
30179,0.7575977213408939
30180,0.8002643180639124
30181,0.07768066047163646
30182,0.7591125832389629
30183,0.08516720594482101
30184,0.690479616342028
30185,0.7311716652435263
30186,0.7131211223733755
30187,0.338699466357235
30188,0.21033788381310517
30189,0.11764558616970525
30191,0.45773523450990167
30192,0.06333452573643462
30193,0.8465965519142161
30194,0.20522813016986147
30195,0.5177785006002342
30196,0.261961677412325
30197,0.3191569384593234
30198,0.5613624921553303
30199,0.4604483702959747
30200,0.08692786444936458
30201,0.38760604400482074
30202,0.10934477167498118
30203,0.38893699104340046
30204,0.3305004590731221
30205,0.2603296040657979
30206,0.7128945997546225
30207,0.18631355190244867
30208,0.27775707478043576
30209,0.554733524730933
30210,0.03273494805573907
30211,0.8099421747754395
30212,0.7990593352381886
30213,0.7514331624958613
30214,0.1692596061977693
30215,0.30225167006124815
30216,0.31676426712036554
30217,0.23697921429391441
30218,0.3036911749863852
30219,0.6264115893897406
30220,0.4615047562256185
30221,0.5706816273856833
30222,0.2780399052634884
30223,0.07053333001034034
30224,0.8610081566440663
30225,0.18738956601900147
30226,0.3464681997521377
30227,0.35355112117820553
30228,0.8672619369706037
30229,0.22754202563419262
30230,0.14504261184440362
30231,0.5578026572429288
30232,0.27106080595858306
30233,0.7722146079030258
30234,0.26316267948371735
30235,0.8565135344932489
30236,0.576735747489505
30237,0.218070005190614
30238,0.44544420629373466
30239,0.38758360012449805
30240,0.2948107834695258
30241,0.7789974069832694
30242,0.5079711953636943
30243,0.1862646731539626
30244,0.3335402217841244
30245,0.8168642428961604
30246,0.4567118009861528
30247,0.33019218916289006
30248,0.7262290820040023
30249,0.8171298661007991
30250,0.3064671182787123
30251,0.7262152153148371
30252,0.3222059618274998
30253,0.3104482622206475
30254,0.6795999863826012
30255,0.6932566906018752
30256,0.31643071617264446
30257,0.9218716585383158
30258,0.2972077044384189
30259,0.1812445721839733
30260,0.5389836303207968
30261,0.3043253013196036
30262,0.5189182476697058
30263,0.044071453245088585
30264,0.3297863815573775
30265,0.24906461186320256
30266,0.15143509486908077
30267,0.21138603096663441
30268,0.32029291047773356
30269,0.2353622672294292
30270,0.27686708542363236
30271,0.24774418546820773
30272,0.3007743000634674
30273,0.2112145648673032
30274,0.10045920530207188
30275,0.3251205565978677
30276,0.185865450006618
30277,0.25286798159410784
30278,0.4645720967640406
30279,0.12701344803675854
30280,0.23487875926231022
30281,0.7107017361597311
30282,0.10953937187311436
30283,0.5161928598413632
30284,0.1655483238984252
30285,0.24508089195945412
30286,0.8146294045556758
30287,0.283857080429682
30288,0.36786308601134254
30289,0.2590162831662782
30290,0.20390831138911247
30291,0.3995878075167621
30292,0.28919775124371055
30293,0.3278205748030938
30294,0.1286551060328165
30295,0.08539310589736791
30296,0.3701159890484625
30297,0.5296810617333714
30298,0.3872458923458531
30299,0.3598366678943525
30300,0.17739252813861603
30301,0.5041180046493776
30302,0.44841579176150453
30303,0.4114919286099908
30304,0.45655843310695693
30305,0.13513073107272766
30306,0.6134816529765996
30307,0.3303326038645664
30308,0.8808056158313032
30309,0.08756527657642028
30310,0.6211948854383207
30311,0.06594922734533129
30312,0.7774210206753782
30313,0.7416901244832059
30314,0.23823507534223565
30315,0.6121962346722106
30316,0.30828257562438555
30317,0.7843489471286497
30318,0.30765651634021723
30319,0.230709438229353
30320,0.3721638318356289
30321,0.4216849787037653
30322,0.2878576853292933
30323,0.44130947750581856
30324,0.7376956901675613
30325,0.11994352993283003
30326,0.6003745993060888
30327,0.3296126491093834
30328,0.6086036048353577
30329,0.39208916727060694
30330,0.23125155741996248
30331,0.2581949563355917
30332,0.8263025825246373
30333,0.6950438772518981
30334,0.14759844374716174
30335,0.36401597207833786
30336,0.6582319359803483
30337,0.26110249179783235
30338,0.26879912675802325
30339,0.5297315513176863
30340,0.5981538073965618
30341,0.041138706473693484
30342,0.4875091061750467
30343,0.13033348544449833
30344,0.5240785997312895
30345,0.19935319320400405
30346,0.6515009475878663
30347,0.7829824705633938
30348,0.20286717500299362
30349,0.1654480658519337
30350,0.09331764622471204
30351,0.34930938851778026
30352,0.547927732483648
30353,0.9405452151808577
30354,0.24659164781204054
30355,0.40540437356892245
30356,0.9309931978382562
30500,0.0
30540,0.0
30670,0.0
30800,0.0
30980,0.0
31001,0.0573877379114428
31002,0.3276114684650051
31003,0.808034820484839
31004,0.5489402173946494
31005,0.5060044516038883
31006,0.07112991453677724
31007,0.07742053674849189
31008,0.04019929756663468
31009,0.8660557853978195
31010,0.9688249296021297
31011,0.7410354062219302
31012,0.8502258421782997
31013,0.8490674522736894
31014,0.8968264807600274
31015,0.7007806778043002
31017,0.850852994493382
31018,0.5787235983190281
31019,0.9529155359753366
31020,0.6035999129846451
31021,0.8853404793788154
31022,0.730517747821093
31023,0.7486769522093252
31024,0.7144635368590475
31025,0.7766426199789401
31026,0.08434911956904557
31027,0.15856786800678324
31028,0.2729118919621989
31029,0.8046052651920741
31030,0.29129496317230896
31031,0.8877659629963401
31032,0.6144629545757198
31033,0.1001003541964041
31034,0.5148610637139084
31035,0.8489271108341966
31036,0.8320324254946257
31037,0.4293741685949173
31038,0.3146769471174131
31039,0.14926405029718942
31040,0.8934738034098765
31041,0.851757049155373
31042,0.06328370669862887
31043,0.7855509103612851
31044,0.3857523323192726
31045,0.857386292515214
31046,0.9174670820981933
31047,0.10864455219780161
31048,0.56751231923032
31049,0.7415719884718684
31050,0.5643023683372722
31051,0.04929153371548458
31052,0.14852267560815333
31053,0.7937883939662652
31054,0.6183737710906353
31055,0.29146950061571525
31056,0.7126884982980161
31057,0.8567700519118008
31058,0.8343057662491391
31059,0.23270992806528623
31060,0.5455536265770313
31061,0.08156881812447256
31062,0.03862155077456306
31063,0.11414005736489893
31064,0.973521550763485
31065,0.03359321986288032
31066,0.1288463614747246
31067,0.7298732790974316
31068,0.9661027298496699
31069,0.40314933314853296
31070,0.6341329998867661
31071,0.0790368876818984
31072,0.04900967420730016
31073,0.23414880577227715
31074,0.7713973730766255
31075,0.10483882205806373
31076,0.8440977118411844
31077,0.4944286784621669
31078,0.6507578738574349
31079,0.39061211965562054
31080,0.02933541237017248
31081,0.9619753810050218
31082,0.6770776594958693
31083,0.4864201263603752
31084,0.37935579416712795
31085,0.4573503112574492
31086,0.6067876841171455
31087,0.035914946053301165
31088,0.5174111921020926
31089,0.3880602785404002
31090,0.03725569781662541
31091,0.6407996728426741
31092,0.872935165456934
31093,0.1915127227269815
31094,0.23222155914764558
31095,0.8294745791097422
31096,0.03148679805719168
31097,0.1351580395216875
31098,0.03807237892266656
31099,0.3356000760831466
31100,0.07868345650661661
31101,0.1371333276122282
31102,0.29053985294392987
31103,0.1638715998498415
31104,0.3276932214666819
31105,0.7242832447147604
31106,0.26465305019381763
31107,0.028703196880322322
31108,0.7508092601430683
31109,0.46203115589427396
31110,0.4211570263986364
31111,0.15023564848596993
31112,0.5540559914537956
31113,0.714537315743585
31114,0.666891544181417
31115,0.10315764802487361
31116,0.6523806143115618
31117,0.6931928307175427
31118,0.43366184665518775
31119,0.0952862096373611
31120,0.19288615986398702
31121,0.605606415319334
31122,0.06322294301952962
31123,0.9282027738932467
31124,0.5980806039071537
31125,0.9682224789554268
31126,0.03848931924538287
31127,0.9659857779608663
31128,0.1092391394672333
31129,0.9931339373639421
31130,0.7923747088240379
31131,0.846515294572133
31132,0.8977776578993889
31133,0.8800595646529134
31134,0.6597418589647929
31135,0.026126164880951788
31136,0.6935738346616722
31137,0.525201702930802
31138,0.7130104570088932
31139,0.7748017486756635
31140,0.6495391673886906
31141,0.7144281516171251
31142,0.8521886911239107
31143,0.8880706117392926
31144,0.5275663425221888
31145,0.08871480080834225
31146,0.9642208796049228
31147,0.9635752828214661
31148,0.7706499230335827
31149,0.3702678489744953
31150,0.6313193615565396
31151,0.8078662407797624
31152,0.09831571190962456
31153,0.10009732066166706
31155,0.7674947090779571
31156,0.03434431303028566
31157,0.4947497030199689
31158,0.82360593475087
31159,0.8890995906732064
31160,0.6099855831265778
31161,0.8505385059927245
31162,0.8526052711484499
31163,0.7606378643653314
31164,0.043915249782461606
31165,0.3200015477595836
31166,0.07212033350297442
31167,0.7099508539259731
31168,0.062482061166582
31169,0.7708458751338139
31170,0.5539953972083737
31171,0.7928767124003561
31172,0.5497357772466529
31173,0.12881137180906058
31174,0.5254410158426158
31175,0.7921524594924728
31176,0.885807069329831
31177,0.6610465115480058
31178,0.08741864267584633
31179,0.05862389790470211
31180,0.1998813752767363
31181,0.09540678173885939
31182,0.6824852778171936
31183,0.538279291954022
31184,0.7985009322537406
31185,0.5743639382008686
31186,0.7896287575514592
31187,0.22359274372511853
31188,0.13310098119893748
31189,0.06948306215047058
31190,0.3463419815382366
31191,0.33837804614552075
31192,0.7899870572315396
31193,0.03954828235005138
31194,0.3929018029167251
31195,0.23269755972527137
31196,0.08729673570248445
31197,0.782530667832375
31198,0.5287646266997599
31199,0.8253380447712837
31200,0.9250805330422452
31201,0.05703834715836097
31202,0.2305414825805509
31203,0.5421247798546678
31204,0.07253346222199514
31205,0.7226133296908767
31206,0.09141808545737143
31207,0.8514166187296808
31208,0.7870977790106589
31209,0.07035058106230324
31210,0.38979260274811317
31211,0.6814281513620842
31212,0.6785252505416663
31213,0.9632941797712116
31215,0.8198374281500785
31216,0.7559243625568889
31217,0.8645044962068952
31218,0.38378338704522547
31219,0.07517636944677927
31220,0.26884421197178454
31221,0.9800127202698614
31222,0.9495111963065539
31223,0.04666440818489374
31224,0.7869989101189735
31225,0.12660801452898274
31226,0.16240231923245121
31227,0.7593907688393704
31228,0.6776462442589973
31229,0.05258441521704334
31230,0.6732030753770071
31231,0.0809252064465054
31232,0.30607094943451785
31233,0.7012971414578661
31234,0.04313013123615897
31235,0.8838951257735312
31236,0.8261438710127741
31237,0.6053950777919939
31238,0.8975802504380459
31239,0.034001996251758065
31240,0.7833851360831171
31241,0.829500017270583
31242,0.9576710185104597
31243,0.24285337943135554
31244,0.9064198415108509
31245,0.7432987193525179
31246,0.6170290013407859
31247,0.6848880250157255
31248,0.6240757096127253
31249,0.6260336546942361
31250,0.04784360191859039
31251,0.07611010256354626
31252,0.7191058362359672
31253,0.1643711821764276
31254,0.7109670078355242
31255,0.826916291970396
31256,0.7400044420111075
31258,0.10569370592680717
31259,0.7541378925117427
31260,0.5064883926015873
31261,0.051111798030409036
31262,0.44208639215404194
31263,0.5119344409850071
31264,0.17330447395565488
31265,0.035438302853779295
31266,0.05929516487314722
31267,0.22206443929523786
31268,0.7909717142137384
31269,0.2523129651271932
31270,0.8331366189911443
31271,0.67373001459253
31272,0.15256417470069425
31273,0.6869000136100899
31274,0.8266998487188392
31275,0.07086046604457402
31276,0.725146627401067
31277,0.3639142318078049
31278,0.7962117929047474
31279,0.12458522772573938
31280,0.09722425588332376
31281,0.2719902069411463
31282,0.7697507295791574
31283,0.0659730710450735
31284,0.8098485165645078
31285,0.8148820998400969
31286,0.0609972050397483
31287,0.046627296391358056
31288,0.2232232809633131
31289,0.6071886093323362
31290,0.8858932601548296
31291,0.31019551470607987
31292,0.12109298963918229
31293,0.6864896717489798
31294,0.8831921657998719
31295,0.7741580993323682
31296,0.5690467812310919
31297,0.2865934035306614
31299,0.058856908111110266
31300,0.8894920093026157
31301,0.5265451232226196
31302,0.7574034143717948
31303,0.04131408550464383
31304,0.050901760232672705
31305,0.859025251835942
31306,0.8490966439844506
31308,0.8583536605077531
31309,0.08036459132363716
31310,0.3352072261946463
31311,0.23351249240565725
31312,0.0951081599710251
31313,0.8632937137751784
31314,0.38737750777992724
31315,0.19324721208765833
31316,0.6498048407987359
31317,0.05478721180479218
31318,0.5089439004214412
31319,0.26618829731302024
31320,0.12019041934674757
31321,0.516505083305472
31322,0.05182805431329206
31323,0.848256748727734
31324,0.2929205410937296
31325,0.5292115763938771
31326,0.19024637496033708
31327,0.3278160642498288
31328,0.6979748076500722
31329,0.18611462069220203
31330,0.11074085909983819
31331,0.7209202296369337
31332,0.42735841310845596
31333,0.051676219530716244
31334,0.09359652235901737
31335,0.9337760871711197
31336,0.4823513433389394
31337,0.44313508263746004
31338,0.3528238938903272
31339,0.3805432340169733
31340,0.8406361277022331
31341,0.5548865425140498
31342,0.7387547613233684
31343,0.06722575673828354
31344,0.8966522330801111
31345,0.21886414254946682
31346,0.1590395027191305
31347,0.04250666764244371
31348,0.8334990115337343
31349,0.06940121545526426
31350,0.24852307037945764
31351,0.6036154089837023
31352,0.8290629054329584
31353,0.06035372871960038
31354,0.4597208003908308
31355,0.7872116909117692
31356,0.5492459351366998
31357,0.5772010488618324
31358,0.5294683779990365
31359,0.09528792251978732
31360,0.8904999741829117
31361,0.12594558429504513
31362,0.16557562617956412
31363,0.019979930238346526
31364,0.7038754160729404
31365,0.11566271561296627
31366,0.7889725352727629
31367,0.2656013165928113
31368,0.4346604906078492
31369,0.8783574765840299
31370,0.06409301995479731
31371,0.4374485789828107
31372,0.5486587787242815
31373,0.04247160391624046
31374,0.5135125333989937
31375,0.03519135001723837
31376,0.6672114711782056
31377,0.3880988499048684
31378,0.7087717097955178
31379,0.12759612552829663
31380,0.345916368163993
31381,0.7120727871786887
31382,0.06039102039603697
31383,0.5367722040693612
31384,0.8079788952945147
31385,0.8037578196924318
31386,0.31179479376539393
31387,0.0653153658848939
31388,0.8284540966779466
31389,0.787029676192764
31390,0.7836863576881697
31391,0.4496842597367506
31392,0.8003007592226122
31393,0.5291349832710528
31394,0.9874145751305566
31395,0.09256009896208363
31396,0.12218497726261118
31397,0.04825417680962079
31398,0.829406283327569
31399,0.06262128130264875
31400,0.2511152658333124
31401,0.7858801687628404
31402,0.8424899968885348
31403,0.6279226064859316
31404,0.9713218057743297
31405,0.9078519496261614
31406,0.07589100437191844
31407,0.7517179427749751
31408,0.8486328822592767
31409,0.8157862697378544
31410,0.6764752298858971
31411,0.8358235863732878
31412,0.03693256945546121
31413,0.07017855612758464
31414,0.07518432290718849
31415,0.6436517674091771
31416,0.0649907011157637
31417,0.4247530005677507
31418,0.8221486054530376
31419,0.0664417273479079
31420,0.7749266612607654
31421,0.6966406397441196
31422,0.23617859295049318
31423,0.05211049852950412
31424,0.28914374440524987
31425,0.18941671952888198
31426,0.8551238448164491
31427,0.7265217065422223
31428,0.07582588475136501
31429,0.8266210540953819
31430,0.921433311306599
31431,0.3889317068649007
31432,0.9752838665776159
31433,0.7628797988484898
31434,0.9446615239952076
31435,0.06764742933562462
31436,0.07240246146938836
31437,0.672632029733335
31439,0.788952788151904
31440,0.6169860193213396
31441,0.6811443822810954
31442,0.16999787247155854
31443,0.025315068432476936
31444,0.04666403870049546
31445,0.7352755700004447
31446,0.8266090488664304
31447,0.8069822359924417
31448,0.8206485793897949
31449,0.8719562084976678
31450,0.38060587695650594
31451,0.04258517152268205
31452,0.9116647449783578
31453,0.5944041868390857
31454,0.038243028772841574
31455,0.039919717991661254
31456,0.09290384309578265
31457,0.2772549537950028
31458,0.6540270980628724
31459,0.38580298558663956
31460,0.7143470926896645
31461,0.6001390945033468
31462,0.7422921692660889
31463,0.4548363180314379
31464,0.044232433970087866
31465,0.9769545584805319
31466,0.12768363315251968
31467,0.6796764288347042
31468,0.3964819310707468
31469,0.0718923698092021
31470,0.9090296572926216
31471,0.42189850513766797
31472,0.8102693819515118
31473,0.32568922406904627
31474,0.13188338245057235
31475,0.17971059895482133
31476,0.06104021656032254
31477,0.6766952226663818
31478,0.2917950967353557
31479,0.03189538112793713
31480,0.7747633484952164
31481,0.06335792491634881
31482,0.06318848859838253
31483,0.1853243635294312
31484,0.7772492078913638
31485,0.5489781812181808
31486,0.08605060431541457
31487,0.7651290361506123
31488,0.6717126601157232
31489,0.725930880876333
31490,0.5143853689933392
31491,0.1888475282746355
31492,0.06804922727569285
31493,0.787610291221363
31494,0.032826664638057175
31495,0.6359967644117849
31496,0.1334133550110984
31497,0.7477987957388339
31498,0.45756986343542344
31499,0.19670551524205054
31500,0.6307721067210723
31501,0.8007802799088573
31502,0.6867766686129938
31503,0.3344498656312588
31504,0.7686996799836563
31505,0.14849230516316658
31506,0.7114313050424015
31507,0.5617684566774023
31508,0.9672715468209852
31509,0.8302789732510084
31510,0.5911240919230063
31511,0.7932899092879765
31512,0.8035626493630481
31513,0.7874416142185269
31514,0.6069827753407396
31515,0.6840095789018626
31516,0.6196230311708869
31517,0.05647768020020002
31518,0.05033042618741108
31519,0.33633505937073876
31520,0.08527505556131093
31521,0.6533581682788812
31522,0.046218623344145914
31523,0.5550272825165634
31524,0.971992242171225
31525,0.07091444461225115
31526,0.4913135224358997
31527,0.09857640434542193
31528,0.7131040863557748
31529,0.12325050888322796
31530,0.13239181690350993
31531,0.7821114052943197
31532,0.8015935012972087
31533,0.6915470833119028
31534,0.7089504090826272
31535,0.6518180468228928
31536,0.7791099387074342
31537,0.8800364121361195
31538,0.058497541790343895
31539,0.8624340563672295
31540,0.4554986269338506
31541,0.6928021335344261
31542,0.889558757059726
31543,0.05701817435900181
31544,0.6179323546342824
31545,0.7135467181511955
31546,0.4330360705679863
31547,0.4343938208846489
31548,0.7439228098834193
31549,0.954417154250984
31550,0.7873874991103189
31551,0.7538099417313533
31552,0.13468716175388865
31553,0.1425580708894886
31554,0.557638146601224
31555,0.07322440918583871
31556,0.8077651312010294
31557,0.3501049775453407
31558,0.387349235645675
31559,0.9867931110256877
31560,0.4533531545088414
31561,0.7039673159647184
31562,0.3633581674065002
31563,0.5220570667436444
31564,0.8822890112943652
31565,0.7633752143578743
31566,0.26826823386114107
31567,0.8122571952690599
31568,0.771526641979756
31569,0.601708022090481
31570,0.2249554414048491
31571,0.05775366893750376
31572,0.6059410308304487
31573,0.6223683273373152
31574,0.519772731665753
31575,0.7970826618166286
31576,0.5563903333572104
31577,0.042480412919812034
31578,0.803858773454714
31579,0.7049910577149363
31580,0.7232215284185778
31581,0.3899968660249379
31582,0.15551340675459946
31583,0.27655780658513784
31584,0.17322872686251659
31585,0.4227548599269707
31586,0.5290810560661594
31587,0.590149644855428
31588,0.6199397044031971
31589,0.6285547756480507
31590,0.8011893463262209
31591,0.2390102818897335
31592,0.3456757152698892
31593,0.06035961976901905
31709,0.0
31800,0.0
31830,0.0
31840,0.0
32001,0.06178825606508729
32002,0.37756452412357416
32003,0.498975539988606
32004,0.809054259604322
32005,0.45609214505026346
32007,0.041424973807203266
32008,0.15910557081975807
32009,0.08901981473554414
32010,0.0893577594763199
32012,0.11970128416713764
32013,0.034777361577858004
32014,0.2606427979172134
32015,0.09606548494033311
32016,0.06165607254357324
32017,0.7369643176916978
32018,0.06050074113673685
32019,0.344194197960953
32020,0.0671871989841816
32021,0.08226488330016746
32022,0.14547980849445075
32023,0.15425956178721842
32024,0.24812334536227307
32025,0.17361633219261685
32026,0.12802661876915192
32027,0.4795627744441329
32028,0.069853384952759
32029,0.25783842852940625
32030,0.03981447535385472
32031,0.09173295094328528
32032,0.036835027618310465
32033,0.031498265881730096
32034,0.054076594112447945
32035,0.13896624940882177
32036,0.041512032338718474
32037,0.36802619518074625
32038,0.03748720073968359
32039,0.1284305872295964
32040,0.23353180037647048
32041,0.03558302064579371
32042,0.055222290526071964
32043,0.03642790977299297
32044,0.3441211799162593
32045,0.03983574529505558
32046,0.7995785096384219
32047,0.5450928134086529
32048,0.05116185961814346
32049,0.1969006833283072
32050,0.09886730350995274
32051,0.03341223215832216
32052,0.1820463483705725
32053,0.036938261022424174
32054,0.22338830298979478
32055,0.1562565601319103
32056,0.31956803096047925
32057,0.26126016020449716
32058,0.11121503273611563
32059,0.1738386455647853
32060,0.3325368659748921
32061,0.2696329184869563
32062,0.16029228741468465
32063,0.132539105020607
32064,0.10680516936081703
32065,0.3896147421189756
32066,0.11306175767024931
32067,0.0836073242869421
32068,0.12229007433660631
32069,0.05871990711807821
32070,0.21809048938353612
32071,0.028980766205105694
32072,0.04993260635262948
32073,0.12473819657085712
32075,0.35907945164327654
32076,0.2549026631633737
32077,0.042059392800017394
32078,0.18267761154575646
32079,0.026272616699777315
32080,0.2955687333234073
32081,0.07840476446476999
32082,0.10514695541379117
32083,0.12577073806258823
32084,0.47411714974945285
32085,0.10264835092504378
32086,0.06976783257325841
32087,0.7849419874096348
32088,0.03998320693077744
32089,0.431458833673913
32090,0.056230727145715746
32091,0.43819430238077933
32092,0.03796772004135676
32093,0.761501812395172
32094,0.4678369342299353
32095,0.17346682997127452
32096,0.03764332847696818
32097,0.04178434899366193
32098,0.05416557057583285
32099,0.12913519478479463
32100,0.17815534358835078
32101,0.4655156598608699
32102,0.4180422709600177
32103,0.1154553293208583
32104,0.14898106669919423
32105,0.04459722824965829
32106,0.03003792758276416
32107,0.03871185680094545
32108,0.7650106254722308
32109,0.07979321906621929
32110,0.14009262662180247
32111,0.0814058783058479
32112,0.4057483014452582
32113,0.3139294905239957
32114,0.06125832402367973
32115,0.03311492630447796
32116,0.12314788016965719
32117,0.3392293430463136
32118,0.3497802300646307
32119,0.04468303919679461
32120,0.027423228294446534
32121,0.04145595606906661
32122,0.041921599592686196
32123,0.030718881784608645
32124,0.06455491206149137
32125,0.11502776114520742
32126,0.06990263293612937
32127,0.07658496968697909
32128,0.07870282220890282
32129,0.10672007119046212
32130,0.286564859980185
32131,0.4944230303820235
32132,0.03282611998370269
32133,0.4596690264099611
32134,0.039763914388488815
32135,0.27143305644094606
32136,0.29668019435944376
32138,0.055618063985175006
32139,0.10547648633333331
32140,0.047881555641610646
32141,0.04342906420751451
32142,0.5254490773516619
32143,0.1264316913770585
32144,0.05270970327038966
32145,0.7933972391506674
32146,0.5396266106891089
32147,0.021102563833908898
32148,0.04289045536535388
32149,0.06030169101093312
32150,0.39985794687851356
32151,0.2909087848738654
32152,0.10529966736621514
32153,0.364369499624569
32154,0.08821889233862075
32155,0.4702577473002896
32156,0.14661050290751226
32157,0.2994914259716228
32158,0.1873558807991363
32159,0.1869605128447719
32160,0.030130333881902317
32161,0.22448540297931194
32162,0.16126197281765414
32163,0.11601176512994564
32164,0.11677022414178362
32165,0.3166864308096635
32166,0.18085230860660007
32167,0.042885334376347374
32169,0.1708048236630493
32170,0.6533970999302415
32171,0.06297295900958103
32172,0.3126276026856146
32173,0.04788055774810076
32174,0.19761374048073593
32175,0.16104137656021933
32176,0.1631755355857725
32177,0.05297183964137079
32178,0.28907033233657076
32180,0.08197427123681618
32181,0.0803723992850581
32182,0.03943574211560307
32183,0.577851626163154
32184,0.4182802384630077
32185,0.07814064803779495
32186,0.42536006335356363
32187,0.4199330021828981
32188,0.24393941096416202
32189,0.7793108778681972
32190,0.06852678997473036
32191,0.6930830145771039
32192,0.6776163093133799
32193,0.15774719444083957
32194,0.37874801919225964
32195,0.21498809044086375
32196,0.2444672585841704
32197,0.2810029510169365
32198,0.29158442446436084
32199,0.15451184124454823
32200,0.3964084054377288
32201,0.3384539147149028
32202,0.5391390564581783
32203,0.1897871516850013
32204,0.3721519451398437
32205,0.09961217469480484
32206,0.06091937513319152
32207,0.5948546412708471
32208,0.06826486362682256
32209,0.7609220096297595
32210,0.09540510225193567
32211,0.2042779470179537
32212,0.6960013088141535
32213,0.037837901210502504
32214,0.16118877659274022
32215,0.3113178725067701
32216,0.16979012087818413
32217,0.06764613810878796
32218,0.17776885151916877
32219,0.03879352458899808
32220,0.804783327277876
32221,0.3370690890987474
32222,0.5387479715039052
32223,0.24857653666387466
32224,0.1576611897663138
32225,0.11411135700005538
32226,0.11074894675895247
32227,0.05373800785917442
32228,0.07147738995351571
32229,0.3368287733110245
32230,0.31539676537094347
32231,0.12466602762292964
32232,0.28469118745824856
32233,0.07086855280197732
32234,0.055870795374274716
32235,0.11761794642087102
32236,0.19923043660459624
32237,0.30601367253230566
32238,0.053236776703710575
32239,0.13112288238072395
32240,0.08460647569435818
32241,0.22961332290655495
32242,0.02896274726206508
32243,0.13692632812338068
32244,0.6762525356448654
32245,0.5668473271127523
32246,0.6335697850063505
32247,0.0367102306850818
32248,0.10046418715007725
32249,0.021651893549973794
32250,0.03289822490244201
32251,0.5350958293099719
32252,0.04390148816196468
32253,0.19019086715685282
32254,0.24556216852059007
32255,0.4324420321906786
32256,0.033101366164831385
32257,0.4330212435826635
32258,0.4724013018867806
32260,0.07223924395795005
32261,0.05424054629649794
32262,0.030067272986582773
32263,0.042263553797881284
32264,0.27983908329272694
32265,0.05154591876539729
32266,0.026377391653714208
32267,0.38765952511975327
32268,0.03276800730668656
32269,0.04671763913777934
32270,0.04390737634640749
32271,0.6155612274590953
32272,0.10110299132850076
32273,0.10315699036298454
32274,0.702463309718947
32275,0.1253483419148517
32276,0.081413720422667
32277,0.04438723296633245
32278,0.06139430546821253
32279,0.33139496232377763
32280,0.13221889544087964
32281,0.07949325961593148
32282,0.5188231987059571
32283,0.3706733797259207
32284,0.07057425177568893
32285,0.10730832987836274
32286,0.8412302769127683
32287,0.04256072453978439
32288,0.054727970948038655
32289,0.036406462555041125
32290,0.12700566271153152
32291,0.7669245400932069
32292,0.2984989415901165
32293,0.3574259845782422
32294,0.29810020371611723
32295,0.0804312538559687
32296,0.634590364267452
32297,0.04769743072094622
32298,0.28802694542265234
32299,0.100931722723173
32300,0.29016945719819603
32301,0.14130755260661432
32302,0.3570825174688424
32303,0.06378970314379165
32304,0.05530370477232107
32305,0.5657552842181701
32306,0.09692664390527851
32307,0.21934144181283033
32308,0.052187224425385766
32309,0.04327154606270691
32310,0.7133454098353806
32311,0.6425850246795977
32312,0.3741255903148689
32313,0.049500892745399344
32314,0.6163357645283715
32315,0.05228453981683954
32316,0.5505507891357955
32317,0.034484812962795895
32318,0.4006639734179354
32319,0.05814659851045111
32320,0.18214405548853008
32321,0.02845931942732088
32322,0.0586381001837873
32323,0.05262644318131563
32324,0.11521671340896118
32325,0.2565036140909723
32326,0.0469581832781198
32327,0.16431923448307612
32328,0.7575224475667102
32329,0.4544308351437927
32330,0.3066602258639568
32331,0.19348135743821315
32332,0.047261392493799584
32333,0.645224524694622
32334,0.3162972290045049
32335,0.27756285157361993
32336,0.08866869895611326
32337,0.47082654887778796
32338,0.06706715154877621
32339,0.03272616164280845
32340,0.12312123628039581
32341,0.3272668717051225
32342,0.10759992243064906
32343,0.09301445661027548
32344,0.3038738117832071
32345,0.0928855516956877
32346,0.0325776502161982
32347,0.4340440878190583
32348,0.30732570851454283
32349,0.037900108193146875
32350,0.38720764594728474
32351,0.24630546000673215
32352,0.16856412231262952
32353,0.04491358690159358
32354,0.14015950556473594
32355,0.07946142592867171
32356,0.042967341307119926
32357,0.053953960842912485
32358,0.4543637215424771
32359,0.2642592599764727
32360,0.09257200239806902
32361,0.04271991253188568
32362,0.14351462713639768
32363,0.06288521858578307
32364,0.13373079995345943
32365,0.06692780891562389
32366,0.5340057126450266
32367,0.06538916356911195
32368,0.4806955428291449
32369,0.1490832164661391
32370,0.054175959969052404
32371,0.3657034145190908
32372,0.02961976108607145
32373,0.04770640713949936
32374,0.033755343688677546
32375,0.055463764189782515
32376,0.35454921522171995
32377,0.03925593680397185
32378,0.5255529837029407
32379,0.03213342062193944
32380,0.6733276165099525
32381,0.3733035697269576
32382,0.20221467678094857
32383,0.1153464755052555
32384,0.3352850089581653
32385,0.14103490901805524
32386,0.04326469924987675
32387,0.0649024966956741
32388,0.03676532631516256
32389,0.05222884179167885
32390,0.6528384495528203
32391,0.37857214694543107
32392,0.04437768015522159
32393,0.048978880347616036
32394,0.08233810466098199
32395,0.3257182639224936
32396,0.7169328933279403
32397,0.03273924602068929
32398,0.6388540931014522
32399,0.05249172582754448
32400,0.32639999456711416
32401,0.07190173070037681
32402,0.13351877921443603
32403,0.07508300137003998
32404,0.15292401894012922
32405,0.46620727410690904
32406,0.1380892343662068
32407,0.04965100308784262
32408,0.2577825540985047
32409,0.09396057297016798
32410,0.03458897761946475
32411,0.39424751174636224
32412,0.1386693812877589
32413,0.04927750778956865
32414,0.6056607815327708
32415,0.09698284486229453
32416,0.07713043516457467
32417,0.17681481620127965
32418,0.0350131766229604
32419,0.04379618781718681
32420,0.1058324788252501
32421,0.05781829125675319
32422,0.1251553212796198
32423,0.13938367823359302
32424,0.5828952068436661
32425,0.20453524561445965
32426,0.11386454243494787
32427,0.1544011438005028
32428,0.27466341293308205
32429,0.566459945433266
32430,0.044074382552252656
32431,0.16194959926952224
32432,0.04535494817527996
32433,0.028503573377507366
32434,0.23384791325109208
32435,0.041369321408560235
32436,0.04503116539613841
32437,0.16311568361895137
32438,0.1391630834446357
32439,0.7367937779719178
32440,0.15467633184117063
32441,0.3899638826969072
32442,0.21452178485546383
32443,0.14011892870547307
32444,0.033133139489953056
32445,0.20092696019942344
32446,0.05508937994854074
32447,0.20906677814293168
32448,0.032130433248041504
32449,0.5607738051737983
32450,0.1058467046307901
32451,0.03771643201727881
32452,0.08957467936407161
32453,0.5354450326073587
32454,0.42825835421903924
32455,0.07200768680152428
32456,0.03690999002266791
32457,0.1991850476077465
32458,0.6822776523085061
32459,0.08295620573712863
32460,0.7439107710473535
32461,0.5766109968337946
32462,0.03418679338842422
32463,0.5011575529963577
32464,0.06604133344095145
32465,0.04632811124798143
32466,0.07990275010406532
32467,0.3094160324338738
32468,0.05101063032077955
33001,0.6714704993765775
33002,0.5246519368267607
33003,0.9386257348625988
33004,0.8988297795014512
33005,0.10453151132684646
33006,0.6013863848768227
33007,0.7655713797423351
33008,0.3731006317147811
33009,0.5596637707278856
33010,0.19991867350569445
33011,0.08861293610110059
33012,0.8471104864585431
33013,0.970283997063707
33014,0.6329617740039395
33015,0.4192156940151104
33016,0.9767601520048119
33017,0.84648846482262
33018,0.24156844978391373
33019,0.20888537482663003
33020,0.21272466416046956
33021,0.6640764432033163
33022,0.3783615031358086
33023,0.9805987025606423
33024,0.5707681990468617
33025,0.13838734809788594
33026,0.4732086713828654
33027,0.6199873365255986
33028,0.9727081159907913
33029,0.0771168905755852
33030,0.33411919559213715
33031,0.7194510346685473
33032,0.9672852716791158
33033,0.9829905919557267
33034,0.7231587680010159
33035,0.5735060501740941
33036,0.31287313446883036
33037,0.9765083142365332
33038,0.5758420347723476
33039,0.9858825116187275
33040,0.4205268907003098
33042,0.14760465269675316
33043,0.20226244380314948
33044,0.30151749722644355
33045,0.6059232143941999
33046,0.16611320644454186
33047,0.2256300093425709
33048,0.7635384844125678
33049,0.9627911226853785
33050,0.7008919303277114
33051,0.3567884613848515
33052,0.6414208742934833
33053,0.8021365054480193
33054,0.617084755071589
33055,0.8258124538109515
33056,0.9346767104892739
33057,0.16563583216110145
33058,0.19529533734645993
33059,0.3377110612210884
33060,0.5911789789048703
33061,0.9812683133437142
33062,0.5663300358584159
33063,0.721276526831383
33064,0.2621997464734914
33065,0.9878871023561878
33066,0.5740184164961304
33067,0.6734590773316828
33068,0.04196963504604194
33069,0.9520321276906386
33070,0.03033783124246352
33071,0.3592464390094119
33072,0.744808267457232
33073,0.3103251557533259
33074,0.7408790511242107
33075,0.9329125512586419
33076,0.397890439406899
33077,0.036884182267127405
33078,0.37230934440798347
33079,0.748542236017565
33080,0.9725768976629635
33081,0.326120514091313
33082,0.8106829471666074
33083,0.9790724589914062
33084,0.9808613466931589
33085,0.9761741984108666
33086,0.8226790580078217
33087,0.47717000884056765
33088,0.8550556409342825
33089,0.5829762499427621
33090,0.9456433905586592
33093,0.7669877847804395
33094,0.15474997444943428
33095,0.02893658757303048
33096,0.9712091782151597
33097,0.02533803811771989
33098,0.31485011489072057
33099,0.980734101700556
33100,0.49829657662330623
33101,0.3666075048222191
33102,0.6434086088005235
33103,0.13278155842577713
33104,0.1005581012019909
33105,0.5265596253355491
33106,0.4017835043551629
33108,0.4022189880464839
33109,0.9816971806282887
33111,0.5280307114902411
33112,0.10734524377894453
33113,0.78420030273477
33114,0.24155295594832185
33115,0.08976472464270692
33116,0.7548598070645863
33117,0.08738838624021251
33118,0.9783113956191188
33119,0.982622635334034
33120,0.2203559432706751
33121,0.2345565794696411
33122,0.819613706770634
33123,0.23419836454339735
33124,0.7686476195235781
33125,0.3300500788763899
33126,0.315474833125066
33127,0.519987854784336
33128,0.7441600189563371
33129,0.11661907936541574
33130,0.7753468818109299
33131,0.5238109178319027
33132,0.36024137159592184
33133,0.2450089453713365
33134,0.8042393731662939
33135,0.26106261706829975
33136,0.36004611195385366
33137,0.8278692274286178
33138,0.5282892885708074
33139,0.22014108428645907
33140,0.9757250727855544
33141,0.9805755658114315
33142,0.2567844029194193
33143,0.9695289152217557
33144,0.47694350978935046
33145,0.9855239442871498
33146,0.1778067234932638
33147,0.2918042901107728
33148,0.31230324532728765
33149,0.18319007425091582
33150,0.15188544054324257
33151,0.5306350835718129
33152,0.5194879627851414
33153,0.20324118389821114
33154,0.6670462261543244
33155,0.6675187097008972
33156,0.40609693381610124
33157,0.2718480689905337
33158,0.6836907973870181
33159,0.362894341268897
33160,0.16702703192243806
33161,0.5619627200117583
33162,0.9437262715195242
33163,0.21739434837766258
33164,0.7226076208187362
33165,0.9754945328308277
33166,0.8808776324855611
33167,0.9875641894755209
33168,0.2679109103369506
33169,0.7268915253444279
33170,0.5445516185176386
33171,0.3399684298554071
33172,0.585272230325343
33173,0.8117341359080659
33174,0.643935246738568
33175,0.18680605371322934
33176,0.5713795226067582
33177,0.24132707861748054
33178,0.7227298705763987
33179,0.292773041364856
33180,0.7166405153021064
33181,0.7216374524043909
33182,0.3640884933656989
33183,0.34554270571084283
33184,0.4511428615117463
33185,0.32104133547938324
33186,0.11949351356058625
33187,0.4785818886261872
33188,0.6858652503885941
33189,0.4720562455551177
33190,0.8657066589447464
33191,0.9336585654767312
33192,0.9457729110271963
33193,0.20397968951651493
33194,0.25471194291264
33195,0.41681874365146326
33196,0.30848488159036896
33197,0.05997948006598514
33198,0.700875230136258
33199,0.16522855044365103
33200,0.9560255729992532
33201,0.9809198377769885
33202,0.03367951590495976
33203,0.031369359802695444
33204,0.5714701301988553
33205,0.25602175175475966
33206,0.9847470717502059
33207,0.9275937139180875
33208,0.42234901911961575
33209,0.28711471175423153
33210,0.3269672005635201
33211,0.8966361757502664
33212,0.8625332531122523
33213,0.957213507488438
33214,0.020060987380246212
33215,0.24115878067548935
33216,0.7234333057310031
33218,0.7806350721676115
33219,0.6622463098242554
33220,0.1992040915262735
33221,0.24834741502379723
33222,0.7138139575841269
33223,0.1275185593390241
33224,0.1117498644371502
33225,0.11230120162604168
33226,0.968640807225938
33227,0.6398543871085122
33228,0.34579734812051804
33229,0.08017613544867544
33230,0.626783744396914
33231,0.4073864790156324
33232,0.9396465004149229
33233,0.20669800158750243
33234,0.9833195225431889
33235,0.8191817703166243
33236,0.1627508572783971
33237,0.581413816590206
33238,0.9427206468253907
33239,0.42187338257980744
33240,0.413973715068534
33241,0.9402931704357544
33242,0.12760291635845467
33243,0.12176627936459944
33244,0.769912889662628
33245,0.9815362293298441
33246,0.3785020263659674
33247,0.2180758250954233
33248,0.05506515186631546
33249,0.9716332263759314
33250,0.22332825086417607
33251,0.03323812240971235
33252,0.9803591136676642
33253,0.3958856433613606
33254,0.4774876846580948
33255,0.37650716401555734
33256,0.9557155584276021
33257,0.3350848322404776
33258,0.25252164851982273
33259,0.8501411468570738
33260,0.631144833634519
33261,0.6574872623326199
33262,0.9023560440042154
33263,0.984821658641808
33264,0.592235952782987
33266,0.4411915420302355
33268,0.25125348433417544
33269,0.36467860913860545
33270,0.8104149632741504
33271,0.8463042054833139
33272,0.37602688511532356
33273,0.9303868740983533
33274,0.9636653876967507
33275,0.3054227003323125
33276,0.8881638941085305
33277,0.20824543058880762
33278,0.19318138925238576
33279,0.8743578144548306
33280,0.4745176588538764
33281,0.840308582870109
33282,0.2541531709245892
33283,0.16791582511435513
33284,0.20685624700984168
33285,0.25615015356085985
33287,0.29272454982421536
33288,0.5516989013731016
33289,0.15227628676019173
33290,0.5235108338169923
33291,0.3749841945610921
33292,0.2392532661103007
33293,0.9699795558943992
33294,0.5351802371405694
33295,0.5233325638299566
33296,0.34737946474332654
33297,0.08050793581515267
33298,0.31336584945454804
33299,0.5794455629368379
33300,0.10191353375700443
33301,0.31021764654396383
33302,0.6974913446019109
33303,0.7362363944804721
33304,0.20874475095972658
33305,0.8415773931993282
33306,0.661319967667709
33307,0.38814035438115513
33308,0.4224851391752774
33309,0.8336079547793853
33310,0.03813942724360525
33311,0.457493634860697
33312,0.952820284489029
33314,0.580026442502341
33315,0.845812842546663
33316,0.07740311199615267
33317,0.4144022098636026
33318,0.7001695207077132
33319,0.18050207534538057
33320,0.7848521371814343
33321,0.2728735974350571
33322,0.943962407247332
33323,0.6115004717184657
33324,0.1453643107712639
33325,0.28488916754922344
33326,0.6489772208228322
33327,0.2236046148271955
33328,0.6868981712510858
33329,0.8040192890931008
33330,0.9702437997892956
33331,0.678604771725318
33332,0.8285155616420498
33333,0.053827499315371445
33334,0.9631944328025204
33335,0.9816602579889784
33336,0.6544372855679643
33337,0.4400672195739306
33339,0.5514182158538949
33341,0.2133834005307725
33342,0.62950734860023
33343,0.3548610272745926
33344,0.19868570705493624
33345,0.20980620687284512
33346,0.6189255061507517
33347,0.8578168427156377
33348,0.46206592442665984
33349,0.979659593855364
33350,0.23092608422750135
33351,0.5483733915730946
33352,0.36008696185686523
33353,0.08870457038693398
33354,0.12787350903422
33355,0.2925828558504117
33356,0.5878082627876046
33357,0.6699079616046361
33358,0.2382066484342478
33359,0.25557217075662986
33360,0.39830759190106213
33361,0.10129616263223815
33362,0.7381276792911748
33363,0.9664300266019725
33364,0.6260942523762104
33365,0.656660629370597
33366,0.3968714316003321
33367,0.6217629353422228
33369,0.21496826022419493
33370,0.6205356579539058
33372,0.2601097188023937
33373,0.7278967598728302
33374,0.5226180916214888
33375,0.32733028549710586
33376,0.9020501836942844
33377,0.21057684481135955
33378,0.22483245312702307
33379,0.37288214218277704
33380,0.24382439343089735
33381,0.9746800643671243
33382,0.284040823806628
33383,0.7218815068586325
33384,0.6709894268407237
33385,0.8202110699777249
33386,0.8259647554778029
33387,0.41767694161908664
33388,0.29318703030879273
33389,0.21354129493512908
33390,0.7558541577952719
33391,0.8860094655127672
33392,0.5482198195562726
33393,0.3193405484485741
33394,0.32560666167348123
33395,0.4851318712049495
33396,0.7293052043530016
33397,0.9694439617326773
33398,0.5402265678317312
33399,0.4819075843735441
33400,0.0871381693744979
33401,0.47892339977936826
33402,0.6414131078713168
33403,0.6680041219281553
33404,0.2529996125780373
33405,0.5021469671799926
33406,0.7810881277229588
33407,0.4121870123730662
33408,0.9814440468588165
33409,0.3031431943402292
33411,0.6832082950423831
33412,0.601145644801994
33413,0.9707601511690853
33414,0.7835945042018105
33415,0.5973747560674946
33416,0.41038878966805425
33417,0.021285098903361038
33418,0.24323327758820898
33419,0.36485210576188093
33420,0.6815875093916336
33421,0.4581419557292597
33422,0.6184702018456512
33423,0.5625994338835854
33424,0.06249675080206023
33425,0.38700652771982785
33426,0.6542789396973019
33427,0.5258389302070697
33428,0.6026078727038069
33429,0.7087067329170403
33431,0.286876826842751
33432,0.7821397352290747
33433,0.9427046503823351
33434,0.9747001064318986
33435,0.7649358448379241
33436,0.07304257706026422
33437,0.2587668114008249
33438,0.581014031064749
33439,0.31484438428855965
33440,0.611715107529025
33441,0.4471060615523183
33442,0.6686662445107562
33443,0.10185643241225431
33444,0.6539130496160686
33445,0.5153485497770834
33446,0.07570924503693972
33447,0.6448199349160266
33448,0.96928313858379
33449,0.6647165338199088
33450,0.9270354390962738
33451,0.5641365839777223
33452,0.2832376870314396
33453,0.3255108822267672
33454,0.7289430720375558
33456,0.6114759914050492
33457,0.7141995280723281
33458,0.3993747689486096
33459,0.5396883646470612
33460,0.30572177472590223
33461,0.7818066953131946
33462,0.35389517148721983
33463,0.5567545770743354
33464,0.49607610280797765
33465,0.80318382068649
33466,0.5944323826296926
33467,0.15709337271474555
33468,0.20878537443645034
33470,0.9755000867250246
33471,0.6298051321950516
33472,0.8265464892743173
33473,0.14606432892634114
33474,0.8613327845357739
33475,0.40615670501923484
33476,0.7566732519681882
33477,0.49991631955932303
33478,0.7802810188837029
33479,0.5831864434762911
33480,0.35280520462910814
33481,0.28651116803671683
33482,0.30740519530072785
33483,0.9520900597390201
33484,0.02089113632059394
33485,0.26725838274049796
33486,0.3643942712874558
33487,0.9755609562343496
33488,0.43967485197191675
33489,0.3676226485007764
33490,0.3568505475381419
33491,0.3215911083700237
33492,0.28907938647179304
33493,0.7701328165140275
33494,0.6637227689604995
33496,0.9724155139507101
33498,0.08251463616153912
33499,0.7467173648665101
33500,0.3366283684869629
33501,0.8272609209358928
33502,0.8917926423416476
33503,0.043009818920565414
33504,0.6161248598427982
33505,0.7498202473165329
33506,0.04952420297711296
33507,0.7531184343091933
33508,0.6471077108481468
33509,0.6284507524804939
33510,0.6480921460952821
33511,0.7936808921108861
33512,0.7142707350913109
33513,0.8347197460075423
33514,0.5290011238651344
33515,0.20596653520093683
33516,0.19102520853623892
33517,0.3078734255728523
33518,0.9803398334378216
33519,0.9521197771681548
33520,0.318668065484001
33521,0.5988772751170285
33522,0.9831909045436279
33523,0.09835964989851537
33524,0.7770330600533362
33525,0.3916886316960811
33526,0.8459394398952499
33527,0.30957237844984226
33528,0.056630502388362515
33529,0.03698695437410902
33530,0.3029095007374862
33531,0.3113995577414318
33532,0.5765662140204514
33533,0.6892973253376861
33534,0.9825231390241166
33535,0.9749665310067775
33536,0.06346086502537301
33537,0.7481576257720417
33538,0.5456714092927342
33539,0.916618085622996
33540,0.05948533965439833
33541,0.32929117370980565
33542,0.45044760629458175
33543,0.6345360687079782
33544,0.504179045121052
33545,0.5376588718197491
33546,0.41678050801747313
33547,0.40989591819907223
33548,0.4543199832206317
33549,0.37767995665383214
33550,0.9440122170449537
33551,0.3282440768257787
33552,0.46555857469646594
33553,0.5648780021478638
33554,0.9757749487282087
33555,0.30820019343886024
33650,0.0
33700,0.0
33720,0.0
34000,0.0
34001,0.5914411935786814
34002,0.1897547819958071
34003,0.12552125181673623
34004,0.30261060925516037
34005,0.20718537779132462
34006,0.3778548500999584
34007,0.2518671442626262
34008,0.3749284854016864
34009,0.592448265541509
34010,0.08257951452675634
34011,0.4616318098997399
34012,0.4223147295745419
34013,0.2512496496674622
34014,0.769107521238548
34015,0.3995413265053996
34016,0.6579077595100359
34017,0.6145252231596853
34018,0.49731892422726115
34019,0.7384921422630996
34020,0.42489405747845355
34021,0.15966831754698532
34022,0.7565201750124153
34023,0.7467525060386695
34024,0.9518367416642669
34025,0.7331389710410864
34026,0.44496392785478855
34027,0.7726132465745534
34028,0.13997565624145625
34029,0.3608651220719193
34030,0.24968520635401895
34031,0.5836549821561471
34032,0.13377239306803185
34033,0.5123479572613295
34034,0.5933827601587826
34035,0.3494860851852698
34036,0.5660568879861351
34037,0.742975550300218
34038,0.45044531922316017
34039,0.7811891991373644
34040,0.7160413383928059
34041,0.28963094821288754
34042,0.10223107929715729
34043,0.7878904123025248
34044,0.3124068339952101
34045,0.38512567722092045
34046,0.8105248168201762
34047,0.4117389303019122
34048,0.6655044296101776
34049,0.8417005197084083
34050,0.8358551535685979
34051,0.0954312080204177
34052,0.5874772365246193
34053,0.641883576995384
34054,0.7806033246034223
34055,0.704871967070901
34056,0.7490197982085701
34057,0.45268665154541393
34058,0.7229285091309846
34059,0.3817662902199703
34060,0.08799046050932362
34061,0.5824250578373276
34062,0.3393094937260637
34063,0.25549998675452834
34064,0.9962645464704121
34065,0.40708709813240984
34066,0.6657957813889331
34067,0.1063802369634745
34068,0.43389472198956847
34069,0.4460432019503667
34070,0.32341383424286346
34071,0.7907775770566667
34072,0.8639018893670162
34073,0.883782953810814
34074,0.15074356299497907
34075,0.4518756212229736
34076,0.19652861432665372
34077,0.8033027370923097
34078,0.03345164899226339
34079,0.04396484081217546
34080,0.2625315055871164
34081,0.6408403001034658
34082,0.7131897719637442
34083,0.3577246407223435
34084,0.7336346824096808
34085,0.770631219654595
34086,0.2519587895222981
34087,0.698641210938596
34088,0.5635538321876102
34089,0.2771099278302548
34090,0.7933921008855429
34091,0.9473956276415184
34092,0.24844217281482617
34093,0.7215750962182543
34094,0.7624778947008393
34095,0.6528465114810027
34096,0.3211877454571051
34097,0.520130950997913
34098,0.7059395497090848
34099,0.07461179356994926
34100,0.25080773176501725
34101,0.4609297053122056
34102,0.6218990340302922
34103,0.27074707626492595
34104,0.5344182083159824
34105,0.7557141443486322
34106,0.8095577189011782
34107,0.7394835822155592
34108,0.18976983001626604
34109,0.5867493143706115
34110,0.6552067097084235
34111,0.06260395513232649
34112,0.6794774596629117
34113,0.6706783210314973
34114,0.045493755127568494
34115,0.37001580898693104
34116,0.6203367242705762
34117,0.6128412985053373
34118,0.8156666099136529
34119,0.30341407501546436
34120,0.7705071325898085
34121,0.913733391843366
34122,0.23355524741487607
34123,0.573199446075474
34124,0.4275899043987658
34125,0.32386532786494676
34126,0.540737461771179
34127,0.7606145526913034
34128,0.1553393208342349
34129,0.5336079332742099
34130,0.20843516889056227
34131,0.18659939517409677
34132,0.8340956515352067
34133,0.8445039669857918
34134,0.8646128417192394
34135,0.8162048021341853
34136,0.2383240851974392
34137,0.5438697653094804
34138,0.3707373587076343
34139,0.7217683156508682
34140,0.6012303539989536
34141,0.5932033429591151
34142,0.1512911626256011
34143,0.6983509906773393
34144,0.7605552824674471
34145,0.36889352729658625
34146,0.7151951956421616
34147,0.37678651484782827
34148,0.5532609266244195
34149,0.6734399948096672
34150,0.2288990368542319
34151,0.6733395058696638
34152,0.2768460575307321
34153,0.6968489082003648
34154,0.45940182640993055
34155,0.6112708336503376
34156,0.6466096255457822
34157,0.16243361738068848
34158,0.6226604869878924
34159,0.7979652194139378
34160,0.47284840565557273
34161,0.594207323814364
34162,0.2767118669334015
34163,0.47422493404493526
34164,0.7736472857051687
34165,0.5731263806544331
34166,0.7680856015315464
34167,0.7929047410179152
34168,0.5489443518988363
34169,0.743052890493277
34170,0.5249937940891485
34171,0.11486108085803387
34172,0.11058919717024157
34173,0.13085198319823646
34174,0.07861698711196892
34175,0.6357693455328906
34176,0.8131000750331459
34177,0.7939901040007393
34178,0.5552460169371742
34179,0.7701862570638668
34180,0.18306480976542294
34181,0.2924735220445542
34182,0.6966039818372322
34183,0.6181486196520486
34184,0.26215738898126684
34185,0.05266807087071013
34186,0.6199259366408262
34187,0.22984232802676022
34188,0.8475462321244609
34189,0.5114967626659288
34190,0.4955965182000186
34191,0.7478740320980272
34192,0.8116046931292317
34193,0.2285086655844362
34194,0.11070790384238435
34195,0.24475489497247913
34196,0.9598772848277168
34197,0.23899976486964697
34198,0.7021869403153697
34199,0.3552668053028761
34200,0.48749740159772803
34201,0.19296199665849798
34202,0.6497197229473551
34203,0.5310992733858414
34204,0.21226142158095251
34205,0.700163719476252
34206,0.8035478760437467
34207,0.5449398171614215
34208,0.20258466762119676
34209,0.7781221980200457
34210,0.11545606583467398
34211,0.388103239811624
34212,0.8481701198525767
34213,0.4584534837680584
34214,0.6686085195929207
34215,0.1629027055287855
34216,0.2896663913234852
34217,0.6306638589343231
34218,0.1394695293344882
34219,0.4127490389668443
34220,0.909406790877368
34221,0.06758792172877243
34222,0.3612100884887246
34223,0.6758276942695703
34224,0.6666155507464478
34225,0.5111749075741244
34226,0.3087546134221144
34227,0.6922177431011604
34228,0.6003071007132487
34229,0.435526563040701
34230,0.949991561869149
34231,0.9377251424206404
34232,0.21021498377685668
34233,0.9168461968204048
34234,0.4789737795512797
34235,0.3659477774693756
34236,0.3302664137596168
34237,0.5641352783102592
34238,0.24759244006099615
34239,0.08268094988756476
34240,0.891054077669226
34241,0.2723231539688459
34242,0.625360109512168
34243,0.05302208957265296
34244,0.8268382253826668
34245,0.0759321973589981
34246,0.795818036257539
34247,0.568567399999536
34248,0.6938711365462465
34249,0.6800869468551385
34250,0.7405201029618215
34251,0.6261694304406894
34252,0.45313032848425283
34253,0.9860415371001022
34254,0.18882444854049807
34255,0.34606832027401363
34256,0.7845596247515314
34257,0.6568883059627506
34258,0.6076925754312145
34259,0.7096432159459556
34260,0.2296102010349581
34261,0.44407550356780834
34262,0.4032225142921582
34263,0.7643196646300685
34264,0.26736347466946186
34265,0.7716871621884916
34266,0.7614899170474562
34267,0.1909914016035274
34268,0.44188654591121457
34269,0.2691020471183506
34270,0.6737916840812194
34271,0.4339398811563633
34272,0.8084514049962295
34273,0.38526478875149983
34274,0.033119151487988746
34276,0.4297528467396411
34277,0.6606060630423934
34278,0.9417399247877659
34279,0.3124363848355024
34280,0.887149962491441
34281,0.2832158009389576
34282,0.6802842818401635
34283,0.810348780180636
34284,0.12668474902098645
34285,0.47226932995331283
34286,0.6320289575724576
34287,0.4551193529040303
34288,0.5915475530943916
34289,0.6219854298905112
34290,0.7783743633062672
34291,0.5019170840521519
34292,0.4661806451097795
34293,0.25239766408302666
34294,0.706207607888285
34295,0.8455333156914882
34296,0.6154244686545054
34297,0.21491615076143014
34298,0.7423917148864455
34299,0.5646092099659986
34300,0.5148247713876554
34301,0.04975734613606915
34302,0.5407944688064393
34303,0.9171359964261496
34304,0.6127024285226974
34305,0.6132807878846435
34306,0.8954529799000764
34307,0.7565095933747487
34308,0.3888424446871748
34309,0.7402882366195982
34310,0.5137974279478401
34311,0.6342380987651708
34312,0.2822216349488507
34313,0.19048590510021615
34314,0.7757417455357432
34315,0.40680605209924986
34316,0.6735488587519637
34317,0.6602438120747485
34318,0.11451598828398943
34319,0.459888132228904
34320,0.6351488713784742
34321,0.809659216845805
34322,0.539471606548454
34323,0.5716421974228049
34324,0.7904971563367639
34325,0.7475507387733445
34326,0.35065410847215883
34327,0.8465909179818581
34328,0.3004839309159311
34329,0.7072269606936283
34331,0.5797032827554618
34332,0.6583461927862637
34333,0.7993869299861177
34334,0.3270083428854917
34335,0.3958691202181292
34336,0.7727354754624491
34337,0.7333106838878158
34338,0.4436005529601733
34339,0.18776455024304894
34340,0.6406480159068577
34341,0.3845741727552092
34342,0.5090639855494099
34343,0.27636806394052066
34344,0.6210941380175438
34403,0.0
34725,0.0
34820,0.0
34923,0.0
34926,0.0
34980,0.0
35000,0.0
35001,0.7961653868871752
35002,0.8859817643612274
35003,0.1886817510633485
35004,0.8363405265880379
35005,0.168834581621531
35006,0.04878255522317564
35007,0.2922587579601984
35008,0.20954005257973068
35009,0.3406024775782406
35010,0.9519734568887188
35012,0.40253354673012426
35013,0.09455685516032589
35014,0.08440318043114689
35015,0.170586344122632
35016,0.1595050630529492
35017,0.175224690050224
35018,0.3604096863800837
35019,0.9500138314529253
35021,0.5324168062821023
35022,0.48800503516871185
35023,0.2364846388904048
35024,0.7376588815753109
35025,0.2859514222972475
35026,0.3672974934715645
35027,0.10568166131863513
35028,0.1367583982341185
35029,0.19849960472157402
35030,0.7364134009020691
35031,0.7309938613678589
35032,0.7841944427527036
35033,0.39631852198648904
35034,0.9751663908023647
35035,0.16446961588612174
35037,0.8070893019135541
35038,0.2654074335901229
35039,0.8651725780248195
35040,0.8712246873842063
35041,0.9337435967483377
35042,0.0826610991613507
35044,0.9815042199489645
35045,0.2543630143047397
35046,0.3437901153788318
35047,0.46718157361541096
35049,0.23096499635096787
35050,0.18651664824612524
35051,0.5716308939587325
35052,0.18573752011451103
35054,0.9112633212080777
35055,0.9183224309351877
35056,0.1832511245123057
35057,0.33310982265894223
35058,0.21671652524984836
35059,0.8692044763953172
35060,0.24166890385142492
35061,0.0890722178564863
35062,0.19677494428303624
35063,0.35988088699539805
35064,0.34549518085011843
35065,0.9154863567987718
35066,0.8954871095609077
35067,0.8818860955107313
35068,0.14865087988218764
35069,0.5592526325739275
35070,0.7573243592565782
35071,0.3486391188062644
35072,0.191712037073462
35075,0.15059984717754754
35076,0.8934124372653127
35077,0.17486126683084569
35078,0.9623065489080296
35079,0.8753028530029485
35080,0.9079595315699062
35081,0.9158885272325108
35082,0.3268696035499918
35084,0.26481900003090153
35085,0.06698146538189059
35086,0.16180094823519667
35087,0.15796783403492545
35088,0.89392133468577
35089,0.5236883280455038
35090,0.8794145122141268
35091,0.4053873393906818
35092,0.33573479790638555
35093,0.6539599098203158
35094,0.06690251547354825
35095,0.7182197544586535
35096,0.43486311972679714
35097,0.08776602493832389
35098,0.7638565638775752
35099,0.8852857125268065
35101,0.2602582106816244
35102,0.24015538582332646
35103,0.17516342637216134
35104,0.9269085379062377
35105,0.10499078182225398
35106,0.6877862167489623
35107,0.6065889059757115
35108,0.12011243879477368
35109,0.07092074443866551
35110,0.15497966594419438
35111,0.557617250094579
35112,0.3663523132449728
35114,0.2512500891080882
35115,0.10301210250191481
35116,0.6054039079538789
35117,0.2338192052221001
35118,0.21391583673748255
35119,0.11546879258043545
35120,0.771563973807362
35121,0.21742058246973212
35122,0.6209945921498827
35123,0.8398028417759329
35124,0.3444033167655492
35125,0.1458823417640898
35126,0.6895836786568044
35127,0.23293029304356758
35128,0.4490358906199222
35130,0.1321953633885847
35131,0.8982677062915609
35132,0.687895199230921
35133,0.07113607154259245
35134,0.28474223263898785
35135,0.21781288604117746
35136,0.15907797785434277
35137,0.23923644313443654
35138,0.3789540403725246
35139,0.8277477016615182
35140,0.6877598286589798
35141,0.15193224718648204
35142,0.2832322768717306
35143,0.15570443618054
35144,0.8913272101727736
35145,0.4756414666145588
35146,0.8942849190604816
35148,0.20521465038637152
35149,0.6726952117310924
35150,0.15006710694156247
35151,0.6290097981974667
35152,0.7294098996623148
35153,0.7626497701963897
35154,0.1619500911543028
35155,0.6173745888062434
35156,0.25143030062215593
35157,0.3999850445432963
35159,0.40410032208711505
35160,0.297536385128622
35161,0.12211468192942894
35162,0.13324272832890122
35163,0.22831340525780253
35164,0.13668130255840039
35165,0.12228346139117584
35166,0.23259272880705936
35167,0.058444829691836
35168,0.05770111242891442
35169,0.1398831125623509
35170,0.26895206338162336
35171,0.13468395477045877
35172,0.13862789573912393
35173,0.7150903659119721
35174,0.3784948856912494
35175,0.1145867625023825
35176,0.5117174832595474
35177,0.7690500543105483
35178,0.14330140671181077
35179,0.3994310611292173
35180,0.23538554054695726
35181,0.7926422449159819
35183,0.21211056005353104
35184,0.03577211721630112
35185,0.29159782159795183
35186,0.942434743414928
35187,0.22225436344909413
35188,0.13622342334681584
35189,0.9264221882205
35190,0.4055189802074787
35191,0.21221825710068412
35192,0.27593809435401867
35193,0.8926278291509391
35194,0.09625842455726985
35195,0.24248119384318334
35196,0.8424750676420216
35197,0.8908071803437024
35198,0.11145099552910716
35199,0.2698908189989096
35200,0.13362051566708058
35201,0.2696468897118821
35202,0.8705886394649472
35203,0.4411058009863515
35204,0.8734790173722001
35205,0.38407095081182097
35206,0.9142931795386189
35207,0.7606369619868418
35208,0.8355331919374465
35210,0.7273989469510694
35211,0.10388115547352549
35212,0.8605320977200278
35214,0.3508521607608461
35215,0.24621645348172863
35216,0.8909466103978517
35217,0.12891057089731514
35218,0.8246200970251297
35219,0.3456556078314928
35220,0.31863516130816955
35221,0.690519988858319
35222,0.9907267113337938
35223,0.08540351964339431
35224,0.5110779326922402
35225,0.25385181733279477
35226,0.17339154135491666
35227,0.8180898348241248
35228,0.5453248757100817
35229,0.08027143620758308
35230,0.32532103576060967
35231,0.7396081777466609
35232,0.37551687127177213
35233,0.05990025762078433
35234,0.3123343237248269
35235,0.1791718951436485
35236,0.07182183469057672
35237,0.37213467379533444
35238,0.8219794724282619
35239,0.030616173481260278
35240,0.876499568949158
35241,0.7936695856045797
35242,0.30250582737269016
35243,0.1773548643360666
35244,0.331097884469635
35245,0.6703527224266693
35246,0.6656192309544325
35247,0.9951766670474478
35248,0.9946558558051616
35249,0.7983386503722927
35250,0.9097419594656959
35251,0.8057668573535173
35252,0.11226333431713126
35253,0.15077413020130118
35255,0.7801013424706214
35256,0.59897545835552
35257,0.0713249541299981
35258,0.1967011620666622
35259,0.9883594382062424
35260,0.2721633740317362
35261,0.3085842932789887
35262,0.4808502038669422
35263,0.5824919336050024
35264,0.30333951605380893
35265,0.08437827548451807
35266,0.9115154230287723
35267,0.0
35268,0.8833855969983772
35270,0.9972667479862484
35271,0.4624629186608328
35272,0.08413490699962729
35273,0.2833926168920327
35274,0.9143167099703827
35275,0.8185168640920781
35276,0.5153082682438154
35277,0.258603776253885
35278,0.6474917730179716
35279,0.738975299591339
35280,0.3194606540483987
35281,0.8289705944448277
35282,0.10614392461191166
35283,0.20609306665599106
35284,0.8270702157482739
35285,0.2468592095852337
35286,0.1718543656910008
35287,0.691943127605204
35288,0.10253761764526734
35289,0.6992346863569171
35290,0.2484352589429595
35291,0.9936936700077078
35292,0.19011746163384877
35294,0.17656520586985222
35295,0.30152887631696784
35296,0.8981422732014338
35297,0.2071456490258298
35299,0.591399427864209
35300,0.08896968984529156
35302,0.31318321151515544
35304,0.4594442891305339
35305,0.27640593070887126
35306,0.6444844608573287
35307,0.22279124332607797
35308,0.11541306342022327
35309,0.22248929362290287
35310,0.2544688285866812
35311,0.23922146255265483
35312,0.3995848173373981
35314,0.8284368563598279
35315,0.9000297558894139
35316,0.8668113490471857
35317,0.32403206457538697
35318,0.13935654726657742
35319,0.3349300271290255
35320,0.3207088509654675
35321,0.6883060078284479
35322,0.6673468445531718
35324,0.42813763106110514
35325,0.2544498958304579
35326,0.08718400212459942
35327,0.7852647126835959
35328,0.1406673790595682
35329,0.9949954636947947
35330,0.13657327479463574
35331,0.8889426573374414
35332,0.7252588419718813
35333,0.06104407833376047
35334,0.807518962630789
35335,0.6607259182935465
35336,0.43554414534930647
35337,0.05531670064461623
35338,0.06653986835565971
35339,0.9860719874671284
35340,0.1389863233095947
35342,0.3990053565953921
35343,0.5626090477982764
35345,0.2322769778160941
35346,0.23148572925859487
35347,0.1674947979770291
35350,0.15503817274443557
35351,0.9024113331387141
35352,0.8155279843787033
35353,0.9340385416121046
35354,0.9929945960488981
35355,0.10587712051034384
35356,0.8404857229712182
35357,0.4309454614582663
35358,0.7637838163272973
35359,0.16836110638764026
35360,0.023300125882515815
35361,0.6153728914555178
35362,0.41048707474344204
35363,0.8885134378853026
35375,0.0
35376,0.0
35508,0.0
35510,0.0
36000,0.0
36001,0.19801472558305108
36002,0.22220931799916832
36003,0.670370798526922
36004,0.5330761558678295
36005,0.4727436103538753
36006,0.65113562375492
36007,0.10637172183382333
36008,0.6056736913704401
36009,0.8009466520167594
36010,0.2582107064354734
36011,0.728289574339053
36012,0.7960263722588672
36013,0.031236132704811202
36014,0.8456208428753696
36015,0.5499378953660441
36016,0.15257756260121552
36017,0.12414736626771043
36018,0.08328126840957292
36019,0.5039727133830937
36020,0.6437945268800364
36021,0.8602541718247266
36022,0.7888531007006666
36023,0.7598071432139286
36024,0.966934505101895
36025,0.3242889741924582
36026,0.950438394901064
36027,0.9149419612886811
36028,0.4667614465579546
36029,0.16698381330075324
36030,0.8882035925590571
36031,0.030480516646808543
36032,0.5271900110150131
36033,0.8729437522863343
36034,0.177591431897875
36035,0.1034738226892956
36036,0.5333541992618552
36037,0.9487411117514915
36038,0.29821040834372153
36040,0.9512357184767882
36041,0.8457080351451531
36042,0.8988337507093553
36043,0.3180117780502215
36044,0.2654798515475657
36045,0.4939909733508946
36046,0.10722202647429437
36047,0.4108609987255922
36048,0.6899362284540466
36049,0.7741591089541836
36050,0.9482718947241785
36051,0.7491050342375062
36052,0.9350385274634602
36053,0.6399359365634506
36054,0.4314862391983435
36055,0.3031899749130003
36056,0.29026595460041704
36057,0.9592096174691364
36058,0.8049222317105099
36059,0.8858803711620642
36060,0.11588831506653276
36061,0.45309416613360026
36062,0.5312510926402796
36063,0.8923513461988722
36064,0.9144065818990559
36065,0.9674957871927092
36066,0.8013001918350899
36067,0.15834149198350775
36068,0.615228381931453
36069,0.258552059962916
36070,0.2799192269555363
36071,0.8925527642067322
36073,0.4004388245490279
36074,0.32504597483426895
36075,0.38621912450332824
36076,0.8579680395504115
36077,0.4690101603812492
36078,0.38222576044315304
36079,0.9581275847928835
36080,0.23296619811532052
36081,0.6374079713611912
36082,0.062065014331576795
36083,0.881808659436954
36084,0.5822430178027899
36085,0.11502911088413048
36086,0.19272620644009997
36087,0.8568206706229637
36088,0.5627290926953384
36089,0.8117694031103058
36090,0.10879206856763042
36091,0.13271937597780106
36092,0.16449150828427772
36093,0.5065751042067533
36094,0.1726282143960773
36095,0.33822372303466924
36096,0.8847595040927086
36097,0.9498553778280562
36098,0.8983960171125389
36099,0.738975572472955
36100,0.47424125461805605
36101,0.7440790281817498
36102,0.8875440815757252
36103,0.23020442446476547
36104,0.9328904198719767
36105,0.879862186389369
36106,0.7704119890138664
36107,0.3057436932827391
36108,0.7444090636811769
36109,0.251871493574851
36110,0.7126153642344788
36111,0.7066678044890943
36112,0.8871189109787259
36113,0.4527792862813109
36114,0.8324312991982848
36115,0.6788768473769962
36116,0.8925731187709283
36117,0.7325442498450914
36118,0.847193793726213
36119,0.9251610830434691
36120,0.11020232457204897
36121,0.8714319914047618
36122,0.856566504879328
36123,0.038534433090767525
36124,0.5726672390543908
36125,0.9704806183620086
36126,0.3032282951874033
36127,0.10426079608635673
36128,0.8849908659764436
36129,0.11795784031714879
36130,0.4446792479888197
36131,0.8561427431323354
36132,0.4563142158482301
36133,0.387371930306166
36134,0.6940832860841105
36135,0.25683422110912757
36136,0.5469292310785848
36137,0.8681263517942708
36138,0.2653494957658013
36139,0.9089255730168209
36140,0.8869917144693004
36141,0.08164070162500475
36142,0.8341213963219628
36143,0.17053352492068602
36144,0.6330842004669696
36145,0.3062123931336798
36146,0.5674148024085011
36147,0.23907799969615343
36148,0.7223187803099504
36149,0.2152382534930449
36150,0.6876647743682535
36152,0.8158214295251327
36153,0.4952299093416234
36154,0.3880726076414581
36155,0.10770814655127199
36156,0.3593028164524684
36157,0.8764711956931087
36158,0.49976330821415677
36159,0.33215864339059054
36160,0.804465785462202
36161,0.7442935917859639
36162,0.06347401993431095
36163,0.13419168247237157
36164,0.4955415642792095
36165,0.8639036241704996
36166,0.38144953677781224
36167,0.9197863817609648
36168,0.7271206823170899
36169,0.05090270600636382
36170,0.2936672823762582
36171,0.8941589162191288
36172,0.6129085669136274
36173,0.2641915453491384
36174,0.8735933675829868
36175,0.2671158159664394
36176,0.5182000395091062
36177,0.6819551008830547
36178,0.8320844901623778
36179,0.9514342651766238
36180,0.09304964328729157
36181,0.9063206601360015
36182,0.7806976956993285
36184,0.1473278381804079
36185,0.6162056533591799
36186,0.28375700601227094
36187,0.7795731103908081
36188,0.7291792209720069
36189,0.19373488474835276
36190,0.9500238372694036
36191,0.14172387266368622
36192,0.2462336064290723
36193,0.45962136053773106
36194,0.1240153981427385
36195,0.9589815955119858
36196,0.8471647002942466
36197,0.7487681438590829
36198,0.9467615388465832
36199,0.6260419318751103
36200,0.8168789371210434
36202,0.5861323259879098
36203,0.6001108538300765
36204,0.7636465125832373
36205,0.9498940860243078
36207,0.5944959161482433
36208,0.1081713968846967
36209,0.935861857148372
36210,0.3980599260241657
36211,0.8664761773061098
36212,0.32340671745966565
36213,0.9130842094580879
36214,0.3186018992866759
36215,0.6991099433825491
36216,0.17134974390457466
36217,0.667348065111095
36218,0.11034704352639955
36219,0.7362231206699087
36220,0.6353755775600455
36221,0.2808023282620367
36222,0.9625824475907273
36223,0.6355043194768939
36224,0.4464629415429714
36225,0.4711910708183608
36226,0.17415404249245253
36227,0.16821799050597758
36228,0.11504469136517864
36229,0.27520844849475334
36230,0.29114560068328393
36231,0.9070787620229628
36232,0.04700806009692375
36233,0.457974150085253
36234,0.24558163076273762
36235,0.24058590563745266
36236,0.14881931275197294
36237,0.05501246607084636
36238,0.6536568992794666
36239,0.782963804564357
36240,0.5400971466901409
36241,0.704467062593744
36242,0.9573939688795113
36243,0.3390390460857094
36244,0.6286459012694343
36246,0.7191247629933729
36247,0.9307381138301484
36248,0.9059046274584263
36300,0.0
37001,0.40530362923901364
37002,0.762333337828524
37003,0.10339782054483151
37004,0.14688753349700995
37005,0.8323461949440071
37006,0.8667052992983219
37007,0.3737656733820357
37008,0.967191531772708
37009,0.42404335644105173
37010,0.3388198399743216
37011,0.09304148308828016
37012,0.34456397464195815
37013,0.17478619295939668
37014,0.687600397952174
37015,0.9098980591211953
37016,0.8524171710075144
37018,0.7725324402827838
37019,0.7317332542292931
37020,0.1916645592446555
37021,0.07983165100445626
37022,0.07141996121821415
37023,0.4547254091173363
37024,0.08924208600823483
37025,0.9250878581442432
37026,0.07795702684556306
37027,0.38804206955926657
37028,0.33258061239595277
37029,0.04297108509710692
37030,0.22481245810534056
37031,0.05620846217509825
37032,0.04838903029712359
37033,0.48872709132264414
37034,0.3215186124542281
37035,0.6127193092929595
37036,0.22016160982910485
37037,0.08579958532275973
37038,0.31141959087919663
37039,0.3474707289343764
37040,0.10464092050942517
37041,0.2557984034767259
37042,0.7422650309716937
37043,0.15994021165614705
37044,0.24020504517250407
37045,0.08833497980484069
37046,0.08808797860960327
37047,0.7770570890127799
37048,0.6938100248879457
37049,0.6715314489907721
37050,0.9545175041390375
37051,0.17394328181403265
37052,0.934301472045063
37053,0.9193495022440344
37054,0.8438374094993971
37055,0.033155966748746615
37056,0.4511552856935176
37057,0.06213086613288092
37058,0.12745073096347184
37059,0.8888222318785155
37060,0.39298256509872154
37061,0.22712393951301021
37062,0.03333574946384129
37063,0.3875339056014281
37064,0.32144115038453697
37065,0.44749519034362856
37066,0.794237950394375
37067,0.16687322941845956
37068,0.08203317423765073
37069,0.38826127547986533
37070,0.7320275168957864
37071,0.3733992365512308
37072,0.03916222893377863
37073,0.644785377300633
37074,0.34377425137971646
37075,0.9649191518248945
37076,0.4456401155937485
37077,0.761188657100471
37078,0.051089340939776316
37079,0.4924505363037142
37080,0.05093501955112347
37081,0.05288749122226369
37082,0.08081156477385988
37083,0.9519025623611742
37084,0.08085878204000801
37085,0.9433709279244828
37086,0.020291537929145377
37087,0.3085182858762037
37088,0.7899809341474078
37089,0.13273335388804644
37090,0.5841862078315085
37091,0.4204541081225775
37092,0.862331013808827
37093,0.1815152973436433
37094,0.03638477170630159
37095,0.23513323272113715
37096,0.9377263245807002
37097,0.7547927135845611
37098,0.1222823220949888
37099,0.9323398504563185
37100,0.810684281832592
37101,0.24624802084541178
37103,0.10649028896191226
37104,0.8508421108997116
37105,0.671841843134255
37106,0.16256227880571478
37107,0.0571569590197208
37108,0.16324661016500042
37109,0.5967376570091095
37110,0.5238112485225668
37111,0.04320632168951565
37112,0.13557665417778586
37113,0.047964225119605686
37114,0.8870022714940216
37115,0.032133169752039135
37116,0.08149778223708624
37117,0.02560404500764289
37118,0.07945099724393236
37119,0.07196133935497916
37121,0.877353339943237
37122,0.5637790634856951
37123,0.04703986447716353
37124,0.9268932915796233
37125,0.12945864860055922
37126,0.7394744272643591
37127,0.8706075148028053
37128,0.24665157011432845
37129,0.13847890421564532
37130,0.03722758799362737
37131,0.12587933674090585
37132,0.03503751266731332
37133,0.22962756473919546
37134,0.9380799730144848
37136,0.9620235155931692
37137,0.08009260398092821
37138,0.9506700386147477
37139,0.7620106027607753
37140,0.2228899976813765
37141,0.7841112563109206
37142,0.2644456968136933
37143,0.47285491960264153
37144,0.5661823583079418
37145,0.21111723658870277
37146,0.07751950126701691
37147,0.23688806347397878
37148,0.5224191660105382
37149,0.06688781784296106
37150,0.8232125221819248
37151,0.838313881665876
37152,0.8784590361171876
37153,0.6096418149490874
37154,0.9207037602120309
37155,0.22404223868374132
37156,0.7400634285402674
37157,0.45012676249438144
37158,0.37224264487069475
37159,0.7771195070306073
37160,0.3839975622078445
37161,0.14834076977990068
37162,0.07078933481984447
37163,0.5195912367999838
37165,0.22311621874901796
37166,0.4426311955515871
37167,0.08404917059560107
37168,0.022739180918817374
37169,0.33387518360106816
37170,0.03912685095628722
37171,0.9354468447582115
37172,0.8304582893164385
37173,0.2888888004141276
37174,0.1497362022861505
37175,0.7909176024286071
37176,0.12021146325924464
37177,0.29564078877870775
37178,0.2707178478106265
37179,0.8384515229054983
37180,0.11533485190377898
37181,0.029749691333516265
37182,0.7374779972216471
37183,0.30511818501575416
37184,0.08873720610272878
37185,0.564365183143002
37186,0.9126247629756534
37187,0.5264644756439738
37188,0.12812689395634708
37189,0.08476510745778988
37190,0.6739482057330825
37191,0.7078555673567998
37192,0.9177040210041256
37193,0.0686007075296695
37194,0.7452794958969575
37195,0.9302619591270712
37196,0.22312978146815732
37197,0.318639913138313
37198,0.0789778556124302
37199,0.1778824094444355
37200,0.23122158378637733
37201,0.2808766117792364
37202,0.2856702238607705
37203,0.8764599101668638
37204,0.7681435248130019
37205,0.8493105386295519
37206,0.7121833555451562
37207,0.33141008570872166
37208,0.7817466498785521
37210,0.25765964836986893
37211,0.9257586215166298
37212,0.9162762347321591
37213,0.29900118639287576
37214,0.5916628001982035
37216,0.3208803702036727
37217,0.8915940085635063
37218,0.1606174662253428
37219,0.928998640084012
37220,0.6962082245899447
37221,0.1917321891775814
37222,0.1928777805491285
37223,0.03197034753997188
37224,0.34566840856191783
37225,0.9111141205798606
37226,0.027412397306090932
37228,0.23816008805995434
37229,0.324313861139924
37230,0.17320605261682104
37231,0.03972684720355977
37232,0.10121348454612611
37233,0.9247763728077076
37234,0.8367012061420745
37236,0.7189559581193239
37237,0.8815915970365751
37238,0.19824345619576628
37240,0.42709310269393413
37241,0.019779661588562793
37242,0.28405233094535726
37243,0.826676580193371
37244,0.19631068549838943
37245,0.7194382736319994
37246,0.3311936748615373
37247,0.031727436910999086
37248,0.619637582873358
37249,0.08487958011223826
37250,0.8937100704157721
37251,0.024417975273714147
37252,0.7377248347477102
37253,0.9047337123116803
37254,0.8580208645318614
37255,0.14519611923681375
37256,0.16942898056148775
37257,0.9263271916672187
37258,0.5482172753176855
37259,0.8232539533079563
37260,0.18619377431855125
37261,0.5575364606404812
37262,0.12573877584141244
37263,0.9468688250051824
37264,0.9192301549064386
37265,0.10812143584551952
37266,0.8932117758510758
37267,0.8973791949029328
37268,0.3432503671599177
37269,0.45174536935671095
37270,0.888271283998326
37271,0.3851698486768262
37272,0.9188774655280462
37273,0.90998881927698
37274,0.31229199322875256
37275,0.4031315389333503
37276,0.4014676009874065
37277,0.36871661611813994
37278,0.8938244903475763
37279,0.14381272898261332
37280,0.08818555565514638
37281,0.8618795565332333
37282,0.28597950642576964
37300,0.0
37540,0.0
38001,0.15595878130018223
38002,0.25958469027967573
38003,0.5066736472438543
38004,0.37300505905881187
38005,0.18242461863272294
38006,0.11213073183168455
38008,0.32419518355436044
38009,0.3998945486314396
38010,0.979139041073325
38011,0.9753951638905841
38012,0.31188766372374355
38013,0.1308202550333857
38015,0.41311079253033633
38017,0.21250998131106624
38018,0.36751388780553473
38019,0.3128220344425854
38020,0.9380598711066864
38021,0.0
38022,0.09283962586468562
38023,0.07562083107831896
38026,0.11263707664801621
38027,0.4605021443432678
38029,0.2191064122740233
38030,0.25806570796766065
38031,0.22651051042818218
38032,0.09881251812009881
38033,0.12612982467778197
38034,0.13972707754102945
38035,0.34349815968227965
38036,0.24082544998629055
38037,0.2260738087166628
38038,0.43365487391310253
38039,0.6263063491236178
38040,0.9493142282578748
38041,0.1902811422526404
38042,0.22038417963484294
38043,0.1842037415215132
38044,0.30909767680701106
38045,0.8031278576491849
38046,0.33813751177216117
38047,0.3987127205221353
38048,0.9656191183853796
38049,0.0735673144748669
38050,0.2568211344723715
38051,0.43994268338790915
38052,0.10401759629770428
38053,0.19793972724515208
38054,0.045524163392779995
38055,0.19603828598849973
38056,0.15052514877500192
38057,0.9281560820336233
38058,0.089050066061713
38059,0.8618297925617182
38060,0.18993457297603522
38061,0.7094818515460244
38062,0.46652988364461817
38063,0.3005869856889849
38064,0.30232133391770105
38065,0.13124253508222083
38066,0.31223305585380007
38067,0.9807280212590735
38068,0.8750851025720937
38069,0.4414113867854123
38070,0.7804109829881068
38071,0.8085705195220146
38072,0.5212361366699885
38073,0.6287522574022176
38074,0.3360086898383042
38075,0.4099657776829255
38076,0.2540653587415436
38077,0.257363564882263
38078,0.41188729451683326
38080,0.30293834767351346
38081,0.3593224490820267
38082,0.17970400945447998
38083,0.140748170553221
38084,0.28943331111355863
38085,0.9656552267584053
38086,0.13397703334084682
38087,0.4914624429254241
38089,0.33486938245440095
38090,0.09201940309666481
38091,0.503855618045721
38092,0.2625360591970131
38093,0.08777513560866688
38094,0.4065752755852017
38095,0.06260517040356946
38097,0.9648999323222855
38098,0.2830342939994502
38099,0.08870754062573832
38100,0.1293429336273967
38101,0.3485331224394491
38102,0.644985865580359
38103,0.1465870877565562
38104,0.35830268276618055
38105,0.18763294902790617
38106,0.8116562822207636
38107,0.21777080510781954
38108,0.2504371582785439
38109,0.9809877505980868
38110,0.38716159668823374
38111,0.6771932843595888
38112,0.9322532449989658
38113,0.5274382661090796
38114,0.30343085629278593
38115,0.2962404904316544
38116,0.16195256928723667
38117,0.19199081237957277
38118,0.28877105870964387
38120,0.8725195897393184
38124,0.3006316470976998
38126,0.8708214122291753
38127,0.3420903890774719
38128,0.08131471687372378
38129,0.07195190696126344
38130,0.05229458355138095
38131,0.18407378991487314
38132,0.12737951466420966
38133,0.30032305943463095
38134,0.11348262381673599
38135,0.27700497117641437
38136,0.609622257734827
38137,0.332081352536636
38138,0.9649969238248574
38139,0.056823555366758205
38140,0.4100827633815677
38141,0.523381482637045
38144,0.952195788291078
38146,0.9799358543599649
38147,0.36914437054934895
38148,0.17451090652578205
38149,0.8031837355692188
38150,0.7955580718266351
38151,0.7853334222619275
38152,0.4538394314172397
38153,0.9234804057509639
38154,0.35982622309445
38155,0.1313279304343317
38156,0.5499667649501689
38157,0.12637754878818097
38158,0.8917264038925434
38159,0.3387708859789092
38160,0.05762616791961349
38161,0.05039854893256464
38162,0.23988913970384618
38163,0.25212948740122165
38166,0.5271850852820769
38167,0.4720132625840533
38169,0.8705164306101603
38170,0.8957006808995229
38171,0.3054483499480859
38172,0.9629777043063522
38173,0.8887449684077063
38174,0.18134142171919299
38175,0.7556623584234757
38176,0.9633919086259923
38177,0.9039994251658521
38179,0.9119376154888206
38180,0.10588601059832896
38181,0.08469771418744533
38182,0.2223228168451549
38183,0.5276639436110345
38184,0.969516950763858
38185,0.6976534882379749
38186,0.14993606422995245
38187,0.2448858054910706
38188,0.9074376171474268
38189,0.9490249213011653
38190,0.9772486981531685
38191,0.3256234227076174
38192,0.29474564477280535
38193,0.8839818680446511
38194,0.18462276439955153
38195,0.09447124082517597
38197,0.985427457263521
38198,0.24852445854495456
38199,0.18315616303791332
38200,0.8267923167084396
38203,0.922000711275627
38204,0.5035367514107388
38205,0.8187955160528572
38206,0.5529146391234186
38207,0.24331018158761009
38208,0.13352842432693413
38209,0.07671824763454795
38210,0.9751533321879075
38211,0.5173215694239811
38212,0.9182296773303776
38213,0.24339105319398976
38214,0.6601822526913756
38215,0.9074893134718258
38216,0.4671729266845931
38217,0.13959101167901045
38218,0.05922087289255111
38219,0.08038125596352166
38220,0.0
38221,0.09001876237065895
38222,0.2650309769338606
38223,0.5935891757628371
38224,0.1665382520615158
38225,0.8529665606095816
38226,0.08906367646697551
38228,0.3079813976033765
38229,0.5675150052799597
38230,0.5715441098692916
38231,0.5230187921025584
38232,0.10256235928358408
38235,0.07623474747896007
38236,0.2011291110907183
38237,0.9284519038587998
38238,0.2148308297404558
38239,0.40943251377941225
38240,0.25576325466187594
38241,0.22054463134339672
38242,0.055631801813319136
38243,0.6087385094866197
38244,0.23725993345148386
38245,0.3486577668769549
38246,0.2750484361177643
38247,0.1734712545442384
38248,0.9013899557894709
38249,0.641761260191053
38250,0.4557656317634791
38252,0.910787560700742
38253,0.2260497250027651
38254,0.30395539229350405
38255,0.08817622381060579
38256,0.18265657799253068
38257,0.3595174383983598
38258,0.910839966093294
38259,0.17970859655324647
38260,0.9775386375354783
38261,0.15629193639148214
38263,0.3258826805626914
38264,0.8651247648413953
38265,0.0623115382631616
38266,0.09253077175286235
38267,0.37255472728127365
38268,0.5740312843132158
38269,0.040963937205400085
38270,0.27091253832125756
38271,0.9122196175482228
38272,0.09528965210801617
38273,0.09167615233042636
38275,0.20906897702756133
38276,0.45088947088321046
38277,0.7573984846503076
38278,0.36211551278586684
38279,0.8754994233545347
38280,0.41831805037621195
38281,0.8598623104737442
38282,0.3370437816637935
38283,0.1769989276930286
38284,0.09650488302564422
38285,0.40623596886797475
38286,0.5591100769914884
38287,0.26065877706467455
38288,0.945610825689452
38289,0.6170094336189225
38290,0.28113834881285316
38291,0.06853097348350916
38292,0.1440004990483739
38294,0.9774593278351829
38295,0.12190816456448945
38296,0.24304404112397646
38297,0.2186073783109951
38298,0.343045975363836
38299,0.1961444570053145
38300,0.09453792036192715
38301,0.6808616982678943
38303,0.6437300981538977
38304,0.06657268063724783
38307,0.0667630829501186
38308,0.31582341434878264
38309,0.9398367053476608
38310,0.5449943160258579
38311,0.07163712298654823
38313,0.08200907955740387
38314,0.16971397118085477
38315,0.37210295132261834
38316,0.9708538059046022
38317,0.8337228471844614
38318,0.14408876766864986
38319,0.30048366852021696
38320,0.09918132202091297
38321,0.2236219391897402
38322,0.20685381868453734
38323,0.29425455726024713
38324,0.14619635718988924
38325,0.8989146845786206
38326,0.12238132880404577
38328,0.9082773027116554
38329,0.2728467218010316
38330,0.3516333958099888
38331,0.3062230936821771
38332,0.269363103349544
38333,0.36743658768309656
38334,0.8427520973044135
38335,0.20460032692790137
38336,0.23135393187769154
38337,0.2108750880639892
38338,0.9081606029433001
38339,0.9623830489860066
38340,0.271456395308256
38341,0.34451430522043974
38342,0.07849764739585012
38343,0.37191107279032176
38344,0.16353593341458983
38345,0.732911193325153
38346,0.42379860746221326
38347,0.11428905306390696
38348,0.19757324189190154
38349,0.7122057183497973
38350,0.8794131079865106
38351,0.531298098622927
38352,0.9570635010046135
38353,0.42087626246429716
38354,0.5682323531593468
38355,0.1123175097301248
38356,0.28214975256913444
38357,0.13962136866697805
38358,0.47774845679178096
38359,0.11796766261479597
38360,0.153705272713656
38361,0.17391907884471078
38362,0.3095072173232738
38363,0.13550027248406019
38364,0.9312528347770698
38365,0.09412208314498308
38366,0.33316566872851877
38368,0.277256309977549
38369,0.3568837940158082
38370,0.33455551603390266
38372,0.24973642236349164
38373,0.3911976015672134
38374,0.1934624167133441
38375,0.8454917054806862
38376,0.2939282953790663
38377,0.17265961184687925
38378,0.1962037328079956
38379,0.07596622283556619
38380,0.4536597103367358
38381,0.21731272970222074
38382,0.7764493027320813
38383,0.2114397702438002
38384,0.14525654868680699
38386,0.1904354850438195
38387,0.27819837494195304
38388,0.8078172828252473
38389,0.9422323393463545
38390,0.8974916654137036
38391,0.10835401176208644
38392,0.9735556367228912
38393,0.06426206660562762
38394,0.2996109281931981
38395,0.47225796123413355
38396,0.07571650608114042
38397,0.4408307389078866
38398,0.34342441944370694
38399,0.34380642279169293
38400,0.6357345187502453
38401,0.24501319488314927
38402,0.9061896586136939
38403,0.3295332862802053
38404,0.8842710112665363
38405,0.7088733124200888
38406,0.08291260670985307
38407,0.8558520413249623
38408,0.9280860684186845
38409,0.22276834132214934
38410,0.5392212456262231
38412,0.16610223412126715
38413,0.11919459245568115
38414,0.25168128521965993
38415,0.9651152625803113
38416,0.0643265344546824
38417,0.23227925535611166
38418,0.4914620725331859
38419,0.43975240764889567
38420,0.487877475799763
38421,0.9198190522100983
38422,0.6423624180123242
38423,0.9342792143874469
38424,0.37241232692309306
38425,0.12001833555662662
38426,0.5413614923037776
38427,0.29625364576035396
38428,0.17636134741251377
38429,0.1580049769252979
38430,0.8940028718635241
38431,0.7133220168646042
38432,0.37647235658888184
38433,0.9045901542218798
38434,0.3407887741999256
38436,0.7939717404926192
38437,0.3558100774962739
38438,0.09237220755488351
38439,0.09917218512205973
38440,0.09512299352621742
38442,0.8494597027462014
38443,0.16092509848532172
38444,0.2267899723081634
38445,0.8911610337944602
38446,0.16730973808368285
38448,0.26363606550561414
38449,0.9190228674660962
38450,0.8702173537866411
38451,0.9651721218043534
38452,0.3049038556073775
38453,0.09496849673478687
38454,0.07187442771194123
38455,0.2288496920612144
38456,0.07985558504897851
38457,0.05237993436021022
38458,0.40101941764061877
38459,0.26133471787793544
38460,0.28842442119169487
38462,0.42768269186721475
38463,0.05882663516949445
38464,0.35722710078951175
38465,0.14046236566662976
38466,0.10926027002824625
38467,0.35451661608693535
38468,0.8440599038720703
38469,0.38617692049059243
38470,0.32537759115063936
38471,0.8700821898142371
38472,0.9049203807965498
38473,0.10311130972498457
38474,0.8062102726500561
38475,0.9817597534799223
38476,0.3349557787150267
38478,0.8908358006179861
38479,0.23114048674319107
38480,0.2691625943862294
38481,0.45223647250941823
38483,0.32898593634622375
38484,0.37495591712825727
38485,0.8391994978811755
38486,0.8578325335389216
38487,0.37159450747208667
38488,0.9795786225139153
38489,0.15666649776234132
38490,0.17600404418465215
38492,0.05817785680719434
38494,0.36635135291370075
38495,0.26236329486629373
38496,0.2753784545393412
38497,0.15173908339535636
38498,0.45572068178300024
38499,0.13009350081413354
38500,0.12698428265734354
38501,0.1587749851116106
38503,0.09369162346650697
38504,0.06741904016893105
38505,0.06865198910855339
38507,0.9526378671843659
38508,0.3901127671763579
38509,0.1913597630600858
38510,0.0
38511,0.07367885097949241
38512,0.4847805676037137
38513,0.0887459090360134
38514,0.09434097735332607
38515,0.9006559481494694
38516,0.9463996787345711
38517,0.08462626661327784
38518,0.1041480399835819
38519,0.9414600964915432
38520,0.2626509182542122
38521,0.17329713318830473
38522,0.7882232151003855
38523,0.08638080767996693
38524,0.7136134669770826
38525,0.4530599051539261
38526,0.3505774716283354
38527,0.4558540073628141
38528,0.8798330433214513
38529,0.77936828647591
38530,0.9481963207697666
38531,0.3409818655691083
38532,0.9689549832832217
38533,0.9229466171267584
38535,0.9829484711840417
38536,0.21054792777399697
38537,0.9525840739890252
38538,0.7696639647840812
38539,0.10727351339344367
38540,0.8599401590567319
38542,0.9818413758917445
38543,0.3137367468349773
38544,0.05034404657300222
38545,0.5637152491380921
38546,0.37129004963467876
38547,0.6851189697075317
38548,0.22218117952151195
38549,0.8485638293580768
38550,0.8444031928041283
38551,0.6842345551162246
38552,0.10194121805540213
38553,0.9006752558746005
38554,0.9720177487426392
38555,0.3668028041769942
38556,0.3742139620985467
38557,0.9486533755489748
38558,0.8164674030769691
38559,0.04858056627860813
38560,0.24316992035711443
38561,0.06114931795478043
38562,0.7860149569603703
38563,0.08058255164300059
38564,0.5259728937657124
38565,0.6103325544465971
38566,0.27474759069152566
38567,0.8997449357801085
38590,0.0
38670,0.0
39000,0.0
39001,0.327921607002628
39002,0.7387282530831539
39003,0.8392889518129283
39004,0.32313168872847453
39006,0.319447697063096
39007,0.3799848125633718
39008,0.5828679794493106
39009,0.12965864397504376
39010,0.5074788530390514
39011,0.37479067215295925
39013,0.13069181256733983
39014,0.49182670451650695
39015,0.09699712966598631
39016,0.18720939015652036
39017,0.7074405157526872
39018,0.5261079559766041
39019,0.4268399720388037
39020,0.12030521762795471
39021,0.4266561879515781
39022,0.11717781166253176
39024,0.8051920753525711
39025,0.542459046528048
39026,0.3725845615381039
39027,0.5037335300881202
39028,0.33845093581269403
39029,0.41312511264579777
39030,0.41749068817657486
39031,0.3992896026829523
39032,0.08004387210682425
39034,0.16801754697785556
39035,0.7300927566700735
39037,0.2418625144178958
39038,0.23999635556962787
39039,0.30208607095365814
39040,0.37160606038590926
39041,0.5681892136308506
39042,0.3249381741447552
39043,0.35464649089977207
39045,0.5487943944720641
39046,0.1760917507987704
39047,0.066165454698117
39048,0.34846409325914607
39049,0.4487895995775498
39050,0.15128923573587852
39051,0.32532562606097093
39052,0.11143300397728814
39053,0.1929998468949352
39054,0.46137711415585886
39055,0.045661744913667104
39056,0.288455600473631
39057,0.6038006563349335
39058,0.36456428248277045
39059,0.033011045886487796
39060,0.663327790785184
39061,0.39862273671519005
39062,0.6118420719923191
39063,0.06579112356133676
39065,0.45474210645590263
39066,0.5739732920976288
39068,0.217255863807812
39070,0.06242905259685622
39072,0.625251043798968
39073,0.4234978447647137
39074,0.3740755693733974
39076,0.397565342450254
39077,0.4299729406221873
39078,0.2998285799145078
39079,0.641621941857704
39080,0.5783065822204423
39081,0.4983207005986653
39083,0.044161524645178155
39084,0.22122253348978768
39085,0.10859261306564731
39086,0.26120046172164246
39088,0.5348576360552544
39090,0.3522559573055817
39091,0.09738831168562553
39092,0.11507369854197805
39093,0.29397209409362624
39094,0.3172491365759286
39095,0.415114026863253
39096,0.27460232059470197
39097,0.020974659893256902
39099,0.34047184375262607
39100,0.4755594595928115
39101,0.27441589282259365
39102,0.33557211921594315
39103,0.3654428221490226
39104,0.3995354539517955
39105,0.07916088652881736
39106,0.05664300377244576
39107,0.3308103516507849
39108,0.05304150922226122
39109,0.29684771314178904
39110,0.564317384716134
39111,0.29323081201459517
39112,0.3573562634160185
39114,0.5054075504142576
39116,0.3532854887803568
39117,0.4625059511129186
39118,0.13313388697008052
39119,0.4627591809013102
39120,0.08403301010442599
39121,0.4822454824148167
39122,0.40416497106641425
39124,0.3773019441302583
39126,0.06859156161017217
39127,0.18825404768727194
39128,0.1222195961825323
39129,0.07009854167161442
39130,0.05503853664754998
39131,0.04203940446817413
39132,0.6652667536485007
39133,0.37692673144218675
39134,0.4958696500329208
39136,0.5927841682608097
39137,0.24643365009951723
39138,0.2709343634138184
39139,0.438743702010048
39140,0.46711531694792763
39141,0.40594866768219195
39142,0.7442096855994773
39143,0.08612523339424494
39145,0.7791193661231174
39146,0.32434595691867474
39147,0.37941991619409476
39149,0.25850386925228525
39150,0.7149753920616644
39151,0.28770757778320777
39153,0.027752412212671287
39154,0.11449793296165246
39155,0.31393081902937553
39156,0.3784297688643483
39157,0.24802380544579083
39159,0.4118673144280991
39160,0.42843183054363565
39162,0.5352701889276458
39163,0.39368238737333194
39164,0.5042232722478838
39165,0.050486415571331864
39166,0.2794628753122361
39167,0.5397673021605934
39168,0.5360150831883425
39169,0.4767829766541064
39170,0.3652965773519384
39171,0.2560111070180933
39172,0.6341910129314534
39173,0.31335729780709254
39174,0.2652863565162807
39175,0.16854757688758548
39176,0.23744840898633202
39177,0.3354315048118529
39178,0.09341889572247643
39179,0.052742256575117434
39180,0.5826139095317528
39182,0.46687757096670063
39183,0.04646409275907102
39184,0.09823677902464352
39185,0.5298902865602302
39187,0.051953643681324435
39188,0.3767150014785701
39189,0.28492619691035315
39190,0.4034271698221238
39191,0.6263885921454199
39192,0.32807409711501856
39193,0.18416534333294243
39194,0.741542236085488
39196,0.45979543708800175
39197,0.5690288201037077
39198,0.027556324393346585
39199,0.38646533417354184
39200,0.3337878043244676
39201,0.2626027272083839
39202,0.3151730494757704
39203,0.04433890157825128
39204,0.6289987360151489
39205,0.3963345633006384
39206,0.2611359592368603
39207,0.20211308516455917
39208,0.12315371096578158
39209,0.3508140223973949
39210,0.0426174615893592
39211,0.2930552600664192
39214,0.0492948139077105
39216,0.04793093424229702
39217,0.4554445452493378
39218,0.22849329842772687
39219,0.4794470230642201
39220,0.2481913297494385
39221,0.05555463649932243
39222,0.4904498116690752
39223,0.27156601870303365
39225,0.3914867875349855
39227,0.10047397692784381
39228,0.05607566914345513
39229,0.4839836532359976
39230,0.23229957544596772
39232,0.06972810300724155
39233,0.31786343055059213
39234,0.4233582301910402
39235,0.49809741462111473
39236,0.6706786258669902
39237,0.09435371854180422
39238,0.3754005684778516
39239,0.12402477137936897
39240,0.09128618957078069
39241,0.39633294163566446
39244,0.5974906419682945
39245,0.26199436061364784
39246,0.3166082197650164
39247,0.3409401022370462
39248,0.35499912161337716
39249,0.4630202454065721
39250,0.5141240204608598
39251,0.41852961045076253
39252,0.49225193199920014
39253,0.4504420919675954
39254,0.05694928890953984
39255,0.5776588318439382
39258,0.04934654436860126
39259,0.32793006850689477
39261,0.6626775913125036
39262,0.48951555538049746
39263,0.5767887899748606
39265,0.18913925954012498
39266,0.3727975447821661
39267,0.4625286170315639
39268,0.4287739250917403
39269,0.295732804408535
39270,0.4198687676071762
39271,0.08297430288290357
39272,0.5087925444988249
39273,0.5245689369779803
39274,0.11876006733609215
39275,0.07649110765401189
39277,0.15088822122033815
39278,0.3392786690931885
39279,0.4601167139377326
39280,0.22726043716840025
39281,0.07935602872149047
39282,0.062334697379715816
39283,0.22623355775221818
39284,0.6847582805624718
39285,0.4777143653544216
39286,0.0922476194595347
39288,0.614348298219159
39289,0.21202391387967973
39290,0.19471317832280383
39291,0.22646739845056546
39292,0.062003665162139815
39293,0.08569604065144143
39295,0.5718178877049087
39296,0.8723972913443653
39297,0.060005066378216836
39298,0.07393244532575582
39299,0.29622226145037905
39300,0.1104773965932333
39301,0.04257591064560972
39302,0.6347959527078816
39304,0.5670553436271183
39305,0.28096958015427403
39306,0.4073434265280567
39307,0.04674913631918928
39308,0.3976168565225532
39310,0.6767479009419861
39312,0.3912672532368811
39313,0.23919413433036218
39314,0.4050383204976547
39315,0.6123067175509985
39317,0.4439072365956701
39318,0.2843650959414304
39319,0.5264422929271348
39320,0.5669640633372356
39321,0.5859222992737732
39322,0.07937447137339933
39323,0.3970348807925689
39324,0.4159832338341607
39325,0.3536274686091663
39326,0.3520523617773243
39327,0.36447367862234864
39328,0.04925207001562382
39329,0.07245715838988279
39330,0.5814145943870054
39331,0.042162333074754726
39333,0.03409756453389378
39334,0.6197026070514997
39335,0.39278493060111036
39336,0.21885482284928792
39337,0.31000360312555797
39338,0.40940381873550796
39339,0.10210944078459837
39342,0.6235346956597121
39343,0.555055580840689
39344,0.1323366458971324
39345,0.4625051858019984
39346,0.733494226546229
39348,0.6387486370122153
39349,0.47255879691893504
39350,0.4063366233614222
39351,0.3285841273151653
39352,0.4805246763779724
39353,0.7023733878317675
39354,0.4368884624789076
39355,0.5671631980137795
39356,0.2598671007131413
39359,0.23335008396523313
39360,0.3777832618304267
39361,0.423878318057234
39362,0.14461831001433376
39363,0.5125603220741988
39364,0.07525133278516061
39365,0.11409410037216966
39366,0.03936070983601434
39367,0.038773138258800285
39368,0.03897633889123944
39370,0.1484138163941096
39372,0.05990978768846541
39373,0.19866367356848794
39375,0.5229783879249083
39376,0.08424022495104924
39377,0.4402924771449563
39378,0.25664668923883394
39379,0.48280616550134875
39380,0.5269908851851971
39381,0.043937757540971914
39385,0.11868395184935385
39386,0.47694633565976957
39387,0.35890992211859046
39388,0.5213219310856002
39389,0.028244534035451713
39390,0.33018183135061774
39391,0.03971931255404173
39392,0.43183571367209467
39393,0.06237492862970979
39394,0.1490624881322005
39396,0.25748557413766154
39397,0.09449485657264066
39398,0.3325283961390671
39399,0.48469555685091653
39400,0.3647727608054932
39401,0.31334055873995775
39402,0.5287484679237487
39403,0.35267356861151256
39404,0.6563944049177506
39405,0.2963115060656016
39406,0.092640377222302
39407,0.47171547986675866
39408,0.3472120219884149
39409,0.41761686299163375
39411,0.3886666832633962
39412,0.3236073559392326
39413,0.20749787527285965
39415,0.158798663480978
39418,0.46657688030156597
39419,0.04789485465600043
39420,0.4902125908809251
39421,0.6418242886316182
39422,0.5641642108139141
39423,0.4067993836741878
39424,0.08797812092156818
39425,0.4153527441412445
39426,0.5191537905473764
39427,0.04817514484461495
39428,0.06664917400386657
39429,0.27836791290798657
39430,0.29369857456175635
39431,0.3550164853945242
39432,0.33268810178989705
39434,0.047085700070558505
39435,0.22850076066807037
39436,0.27218415468820617
39437,0.2233670589485419
39439,0.22861366008400258
39441,0.06007128010038501
39443,0.4223728369839053
39444,0.6229807410470124
39445,0.5507219508801969
39446,0.42038388329191945
39447,0.672716785569495
39448,0.22275958338178994
39449,0.37674220055667995
39451,0.386767086577208
39452,0.37626079450323674
39453,0.09298389303769358
39454,0.7068159921249443
39455,0.4238958700102166
39456,0.663050234656117
39457,0.5045260766445339
39458,0.5977553927886937
39460,0.07679978154316473
39461,0.07037228055460291
39462,0.3366221528809652
39463,0.2414268035232749
39464,0.5626502450807467
39465,0.7111560104235223
39466,0.6309714359307621
39467,0.49928809228961407
39468,0.5265364465661078
39469,0.6306534742784269
39470,0.02452373783412689
39471,0.567966756577839
39472,0.3707425264525431
39473,0.07559776597411526
39474,0.5357229873607227
39475,0.1460670900122596
39476,0.18003950214217185
39477,0.2971885241355064
39478,0.026527445182693926
39479,0.36011565492236364
39480,0.5575440438569039
39481,0.04928239440659508
39485,0.14238850120706484
39486,0.6370313082267098
39487,0.06883804474860641
39489,0.47560477782830124
39490,0.3145943932674054
39491,0.07015168545703929
39492,0.5165201010372092
39493,0.05933224356176018
39494,0.04724522520991736
39495,0.47270971783562593
39497,0.31730630593392917
39498,0.6440763564428454
39499,0.2573536251718593
39500,0.06279678057973932
39501,0.2892950647175226
39502,0.4347302621451053
39503,0.05341617838621781
39504,0.06643427318894025
39505,0.08243726425806798
39507,0.3909452842087599
39508,0.5589077762151425
39510,0.10172741220832271
39511,0.529280756665151
39512,0.49059359072892994
39513,0.3142040498105882
39514,0.3898743220857499
39517,0.05381510097466672
39518,0.198204403706275
39519,0.06986818871039108
39520,0.26861764223384244
39522,0.07276509056003543
39523,0.05811414199661311
39525,0.2885800756688261
39526,0.09257668614866255
39527,0.5267700489721857
39528,0.28457080000816015
39529,0.40113908983276936
39530,0.27238049900238515
39531,0.08471666461253675
39532,0.5551379346521673
39533,0.5199189231747885
39534,0.2691026437521884
39535,0.4008278457584708
39537,0.46811813512677086
39538,0.39030496393636194
39539,0.5900017458439145
39540,0.15414034430050233
39543,0.08028518683905765
39545,0.05635947586533575
39546,0.19710674953616578
39547,0.30526196002532735
39548,0.18855105489161292
39550,0.5269892195163425
39551,0.7024154273030828
39552,0.5437911543985552
39553,0.5587427334209313
39554,0.11898341116956526
39555,0.6873712230565151
39556,0.35872844717279856
39557,0.3824892849771978
39558,0.4841682078314384
39559,0.417379773289288
39560,0.16274226386843413
39561,0.23117863042322015
39565,0.4974786505913027
39567,0.7760323697241198
39568,0.6881696850397676
39569,0.19121461027755846
39570,0.3878273411863422
39571,0.28374111789220496
39572,0.7003656947195156
39573,0.36954145387506654
39574,0.5613005285565207
39575,0.567619883476536
39576,0.3648666603437224
39577,0.6610629125513607
39579,0.14745783553531758
39581,0.3320631384574337
39582,0.4494275353890911
39583,0.3202336948799177
39584,0.4795567807902522
39585,0.3648467894399684
39586,0.387716714085198
40000,0.0
40001,0.15840783918381013
40002,0.39638350882971674
40003,0.954426088024182
40004,0.3000793934276011
40005,0.5438270377167724
40006,0.10508148179054595
40007,0.7586927390100385
40008,0.960894500979984
40011,0.5364967920734458
40012,0.49004541963665305
40013,0.7257605528781264
40014,0.17006422653555428
40015,0.23337724185487702
40016,0.43248160282596504
40017,0.3011837333880018
40018,0.9156699411661654
40019,0.8822093960143325
40020,0.19568247749577686
40021,0.6336628272816314
40022,0.6337211554747695
40023,0.25388004385644664
40024,0.4019798100354999
40025,0.31732579776761716
40026,0.27868108446392637
40027,0.6726712460243967
40028,0.5199246828825909
40029,0.545458906429496
40030,0.08725348572537546
40031,0.7913470303264059
40032,0.9691107688992894
40033,0.5029886456553572
40034,0.9493296487957186
40035,0.9487319822837419
40036,0.4184330103045795
40037,0.11690659451588514
40038,0.36100457436528816
40039,0.33171166689770204
40040,0.30947196408728145
40041,0.69285133731262
40042,0.783511660408482
40043,0.6087073315424261
40044,0.6741473557999643
40046,0.024555560003103355
40047,0.7415057498820141
40049,0.5644269814338408
40050,0.38978441566716365
40051,0.2733536711976213
40052,0.7129186031573668
40053,0.050772815502472333
40054,0.6358542214569236
40055,0.19843570086696463
40056,0.20334685540083872
40057,0.6378474209748579
40058,0.33062560079122094
40059,0.9334191858179626
40060,0.07956697011080577
40061,0.11004294191223139
40062,0.2331459748655939
40063,0.9635698679595237
40064,0.3905158329764747
40065,0.1969884213073922
40066,0.08147943405149054
40067,0.13103481453666121
40068,0.9280523926574115
40069,0.6947261052188868
40070,0.45523045814278296
40071,0.9251419742871896
40072,0.6677210307470367
40073,0.668485271506942
40074,0.43098658516999916
40075,0.8441652604878558
40076,0.25061417353027876
40077,0.9417774147677075
40078,0.1786350182029361
40079,0.7792478953062413
40080,0.7375170883398271
40081,0.2855994657685465
40082,0.6195501189828452
40083,0.6330231841718705
40084,0.9111013191335744
40085,0.9779482728090818
40086,0.417684104069593
40087,0.061350384114760126
40088,0.6484782872367467
40089,0.35994257371014965
40090,0.5491086912439198
40091,0.7441237459451738
40092,0.33465217845786693
40093,0.07507774717769734
40094,0.7710996569575469
40095,0.9187479630584897
40096,0.13110695984077964
40097,0.47569560636473823
40098,0.38707999927268916
40099,0.5439483357181087
40100,0.23261528250835597
40101,0.9596600856320895
40102,0.059473225767658275
40103,0.340330756586092
40104,0.8603207324880933
40105,0.02338890512552179
40106,0.9500839369171484
40108,0.30770328961927673
40109,0.4159623825158162
40110,0.3967397936189213
40111,0.105549415545922
40112,0.9441550182169751
40113,0.946059947360249
40114,0.9740045045361146
40115,0.9492242850411491
40116,0.15560869321103632
40117,0.2026907070162651
40118,0.7286544984010717
40119,0.13451995398588631
40120,0.9521471185132081
40121,0.25870649754015645
40122,0.139159372588347
40123,0.916973946447182
40124,0.26670227387825757
40125,0.9167482467093271
40126,0.9174770947071214
40127,0.5397630645204774
40128,0.26358484868725784
40129,0.8472321852223984
40130,0.7865824406448719
40131,0.06851711449348899
40132,0.8175242138640217
40133,0.48333198162579305
40134,0.918190250468843
40135,0.019737739015104783
40136,0.5187591296759066
40137,0.4244997442066531
40138,0.5028972722993728
40139,0.3454267889617994
40140,0.198534720313138
40141,0.2931334011411609
40142,0.958253095458977
40143,0.30222588288117996
40144,0.2617604608129708
40145,0.4920246386282312
40146,0.6751608362568794
40147,0.23047207199480424
40148,0.41619175961967686
40149,0.039448246959547704
40150,0.4705229758045585
40151,0.9706648520486973
40152,0.989220537146381
40153,0.2593457418553358
40154,0.9852838626446555
40155,0.7268548388984574
40156,0.9629140717876862
40157,0.32485644740715097
40158,0.03706796661999217
40159,0.9433528548761354
40160,0.9036632161046732
40161,0.2740047697599983
40162,0.3228738365996251
40163,0.946808085729497
40164,0.12377193327057204
40165,0.05355477404483713
40166,0.8683714659262847
40167,0.023784492004500585
40168,0.720791231962559
40169,0.5734112986550969
40170,0.30603299417772073
40171,0.9190689771711612
40172,0.26891781167987067
40173,0.7321107421087786
40174,0.6643366628975204
40175,0.45227429705840366
40176,0.1280730726640128
40177,0.20116484909027574
40178,0.37979544176217156
40179,0.8775677344141085
40180,0.09709843894510292
40181,0.557152397850456
40182,0.8962935998661302
40183,0.9217275661941141
40184,0.12280287330505978
40185,0.5198906769870844
40186,0.9043563787846424
40187,0.3894412550547977
40188,0.7603508060755895
40189,0.39052896652066654
40190,0.37369390737323704
40191,0.1509339550623797
40192,0.04218960389119672
40193,0.6801801808915232
40194,0.9069699106971426
40195,0.46684474031666034
40196,0.37663817205874994
40197,0.4930673927887571
40198,0.4722951408661544
40199,0.8038183084264513
40200,0.9559945733826707
40201,0.11943879880452715
40202,0.9253372021584793
40203,0.6921358461999252
40204,0.2880488683415642
40205,0.9421780392209166
40206,0.9127489633280006
40207,0.9462913167655504
40208,0.9535552463515565
40209,0.5286554508295231
40210,0.8337659180325864
40211,0.8975865925993177
40212,0.8437660849562687
40213,0.7071191189015348
40214,0.5483592654861749
40215,0.17015276663240214
40216,0.945799503351371
40217,0.11530078314188096
40218,0.11445808975645239
40219,0.7052188352225243
40220,0.6418363798491591
40221,0.6662391801107512
40222,0.8657683897925443
40223,0.4226481314210419
40224,0.7950172296089117
40225,0.16762870562690566
40226,0.2582655839187454
40227,0.8921842856186213
40228,0.3620269507385511
40229,0.3417608726680066
40230,0.8279209873912281
40231,0.7463487292773351
40232,0.7376278606395787
40233,0.7070914826876459
40234,0.2483571831401882
40235,0.8947632326012517
40236,0.9113710996332258
40237,0.9458996957766336
40238,0.41449931742308843
40239,0.5067643382453327
40240,0.5010112339279474
40242,0.04903376105877315
40243,0.6965053434731784
40244,0.8755610744922298
40245,0.10057788325157578
40246,0.26509473220473784
40247,0.5976112729560101
40248,0.7305927886944188
40249,0.22903321051340308
40250,0.15824165808441237
40251,0.8121106783888905
40252,0.2499587021041307
40253,0.3721954247539646
40254,0.7652833996651357
40255,0.2943196796920661
40256,0.9007918181157314
40257,0.33921376292829886
40258,0.43836185805708283
40259,0.5339451384320056
40260,0.9443769973145236
40261,0.747112931391196
40262,0.049749646886472966
40263,0.9546151695440308
40264,0.5508972253315366
40265,0.19578164815938792
40266,0.17031523799524279
40267,0.10843614661957635
40268,0.7205168876340329
40269,0.8911518722439695
40270,0.466370450157726
40271,0.783734742640823
40272,0.6316003683874757
40273,0.5456482533235599
40274,0.1233233253455531
40275,0.3958256965755951
40276,0.9456651652060559
40277,0.9518624857952678
40278,0.7857308007176721
40279,0.7129434963797258
40280,0.1271094369896697
40281,0.03843934566567108
40282,0.10705304767946573
40283,0.8546611070830472
40284,0.26141768357645706
40285,0.07162208736589405
40286,0.21811302649398895
40287,0.1633623795312697
40288,0.1273762191873082
40289,0.5358225150961289
40290,0.6347516790543897
40291,0.3426177917272334
40292,0.6353647163017925
40293,0.874363868948057
40294,0.9112127371044204
40295,0.9173579897659326
40296,0.08667218596282064
40297,0.02612692746140936
40298,0.21634188161156995
40299,0.6346799964557689
40300,0.9580863566080745
40301,0.9519649933423505
40303,0.8562087019271073
40304,0.06714075473330293
40305,0.6253063701393847
40306,0.8052658694746059
40307,0.3175821205748593
40308,0.9382969791099017
40309,0.06418475462860698
40310,0.5573256283290193
40311,0.9851828614946772
40312,0.6282038638909473
40313,0.04821184586883972
40314,0.9208649364398241
40315,0.9618236475424093
40316,0.578959296192502
40317,0.27706830245723335
40318,0.31499061569096376
40319,0.9934977672796066
40320,0.2516555360875367
40321,0.5874607854230661
40322,0.981675697509675
40323,0.024327967331523866
40324,0.9506721806554403
40325,0.42760522365052883
40326,0.39824128191271535
40327,0.14139291484148817
40328,0.4710982978928977
40329,0.7086938070186906
40330,0.3135558209955218
40331,0.17311948214583572
40332,0.6826673302379774
40333,0.06270902192272718
40334,0.9893544396570085
40600,0.0
40800,0.0
40990,0.0
41000,0.0
41001,0.659060139626615
41002,0.1584090784922719
41003,0.5133742718493527
41004,0.13993845695021162
41006,0.22963279467111924
41007,0.2812411494056536
41008,0.8686361038652413
41009,0.9214448947137067
41010,0.29057943914798556
41012,0.2625214679255358
41013,0.23361565502691878
41014,0.43352299798498023
41016,0.4493753662513951
41017,0.6781451643791618
41018,0.09684197469577634
41019,0.9604582897915809
41020,0.3170173511306218
41022,0.860853611682687
41024,0.7380421222351119
41025,0.64036146782085
41026,0.7496462816323085
41027,0.8710878055997032
41028,0.12313652919394379
41029,0.731132452369577
41030,0.5672226084751882
41031,0.6140076439475246
41032,0.7080539431714787
41034,0.914599124192043
41035,0.8950000541389307
41036,0.9592620929238598
41037,0.18035019799354784
41038,0.47165525130029273
41039,0.9098246538591284
41040,0.8855114178625546
41041,0.4319842604323755
41042,0.7976970807917833
41043,0.2902640504514209
41044,0.8977481624402271
41045,0.2684380919801683
41046,0.9898266359998554
41047,0.9704173273256829
41048,0.39440354218758505
41049,0.45517892903276214
41050,0.6511510678392618
41051,0.6254808680797433
41052,0.7325736564304994
41053,0.2793964031219629
41054,0.22122666111570646
41055,0.5077601506231862
41057,0.929621794352902
41058,0.8435194577363241
41059,0.030921635654626717
41060,0.0902047598312302
41061,0.7029949637177416
41062,0.25743165905022286
41063,0.38829116854120316
41065,0.33501634405894604
41066,0.942602931545195
41067,0.5104726503149692
41068,0.3039883634063867
41069,0.9571903814812641
41070,0.26400524864586555
41071,0.5612717185709689
41072,0.37379491399395476
41073,0.2948015462322183
41074,0.03197756719547668
41075,0.7547284520838143
41077,0.23372117574026405
41078,0.19654220382700424
41079,0.14128933401962385
41080,0.053653464236299596
41081,0.17366087478297013
41083,0.9619810487448395
41084,0.8622078377031203
41085,0.6727086247659162
41086,0.18274705304829814
41087,0.3390869515823759
41088,0.8387747642175641
41089,0.1255248473466006
41090,0.4679952110816013
41091,0.9300628050026675
41093,0.9001082120334892
41094,0.23060223529685603
41095,0.05785925392339232
41096,0.5504334578998124
41097,0.24318507736274456
41098,0.49154964774653104
41099,0.5775320236501469
41100,0.19256993345704213
41101,0.8316371824424847
41102,0.3410369396102815
41103,0.4051650382554351
41104,0.7771307154358795
41105,0.7200933381188027
41106,0.7702943837200937
41107,0.4418662634180514
41108,0.9152457482541262
41109,0.8667097578770632
41110,0.810788609918729
41112,0.7157376097944728
41113,0.5339090626449873
41114,0.8519468802708109
41115,0.1591230475241211
41116,0.33854021671419493
41118,0.8141347186435757
41119,0.8277499077818787
41120,0.12676635564991504
41121,0.9664196762898585
41122,0.9424093518483416
41123,0.4294201666126896
41124,0.43092255543100383
41125,0.7722989390295104
41126,0.38632602594874704
41127,0.9402351235814191
41128,0.8834897795005136
41129,0.8894666881910548
41130,0.9176105785470171
41131,0.3022813111866922
41132,0.31708448468617956
41134,0.9510822926633823
41135,0.8638658065826424
41136,0.5173486123180326
41137,0.1791038987767892
41138,0.43840129948394396
41139,0.1220438095683458
41140,0.40542572180783315
41141,0.6224369435974794
41142,0.6249762817298825
41143,0.24342266700244206
41144,0.10009084423363693
41145,0.7518096421583086
41146,0.09339825803673558
41147,0.6199986791313641
41148,0.9062628060860206
41149,0.10846011128467312
41150,0.5482385234195335
41151,0.04167912838690968
41152,0.5855249486518058
41153,0.25923274405358887
41154,0.37515243810214444
41155,0.8334998945530337
41156,0.9461131279971075
41157,0.22522351736519328
41158,0.2413477716661095
41159,0.7827542732394123
41160,0.9054252231426959
41161,0.8824999306689919
41163,0.4282651064504349
41164,0.16286502898682878
41166,0.2826081410246678
41167,0.35080131152158717
41168,0.9714205822156164
41171,0.07777798181163491
41172,0.789048894915196
41173,0.10021232051636075
41174,0.5101607736426638
41175,0.10334683102521376
41176,0.892255058853817
41177,0.3754049476312539
41178,0.8815505975642031
41179,0.8676381753544685
41180,0.07990428845521706
41181,0.23361174300073895
41182,0.9017063152825486
41184,0.41432453337597924
41185,0.33470082920586797
41186,0.3238181684622555
41187,0.15757635604138712
41188,0.9327633382619401
41189,0.08687477181552687
41190,0.350339313549726
41191,0.8612894835219811
41192,0.5412550104681436
41193,0.5303714844174418
41194,0.051503056553433055
41195,0.643321977851764
41196,0.8846382433891913
41198,0.6316836816228784
41199,0.2717285390288434
41200,0.32571446048276953
41201,0.3538058274709619
41203,0.9135098580327282
41204,0.9078186165253841
41205,0.422138608652395
41206,0.9696452011003392
41207,0.8243517242095402
41208,0.4050896182562259
41209,0.2000610388226307
41211,0.34134438215482044
41212,0.8176015303480353
41213,0.4618611551782746
41214,0.37412237993110653
41215,0.5126322616407162
41216,0.5182589398532943
41217,0.10685467460725917
41218,0.5217391695255079
41219,0.7771682243751266
41220,0.11222676954655439
41221,0.35319694911302424
41222,0.8574693602752456
41223,0.8602076628833564
41224,0.4533058041987199
41225,0.25100516932349687
41226,0.13177246700804943
41228,0.5481514040907883
41229,0.1688054276025321
41230,0.8621492107314981
41231,0.8282302362294285
41232,0.3588574165940679
41233,0.15995468123420287
41234,0.8617579238533186
41235,0.23513963768715954
41236,0.44823807474092353
41237,0.1969015338496997
41238,0.11569247794820167
41239,0.7391901142171892
41241,0.8556626679194599
41242,0.10195538853363101
41243,0.9384672188952928
41245,0.9384143106429514
41246,0.8219624382488232
41247,0.10046948027575622
41248,0.044749471258620645
41249,0.6103727382867246
41250,0.17300973935731925
41251,0.8243339019705611
41252,0.8566898623524494
41253,0.959573126410331
41254,0.39750713901826135
41255,0.2658898507743654
41256,0.9319467513892356
41258,0.1803522134842852
41259,0.2772662293969135
41260,0.820595437510148
41261,0.9280256718542844
41262,0.6944159128097692
41265,0.49229621701508536
41266,0.8468919865444579
41267,0.0930904131377475
41268,0.671775197334142
41269,0.07904175883225191
41271,0.21055869795213053
41273,0.03572430525837984
41274,0.6799287645188176
41275,0.13073859078278485
41276,0.9662532199563867
41277,0.8342639068055185
41278,0.492779683415541
41279,0.24607032733857867
41280,0.4841366929930098
41281,0.9047461386408522
41282,0.8114034352054252
41283,0.9116383846491883
41284,0.9627369216694407
41285,0.8652214589834626
41286,0.5676861650806225
41287,0.32386777748649237
41288,0.9532667431029278
41289,0.7643732055225134
41290,0.8860363499668373
41291,0.16452869732459477
41292,0.9598265090396767
41293,0.44891204790923994
41294,0.20345041994774024
41295,0.6662760752586865
41296,0.9491281360581523
41297,0.9429605324615045
41400,0.0
41800,0.0
42001,0.26265933790487483
42002,0.976576429392691
42003,0.18953077737773566
42005,0.6420046702116697
42006,0.046902815522560995
42007,0.326870300436106
42008,0.8578148135156797
42009,0.3273416351476311
42010,0.9116642960234751
42011,0.20245726550264467
42012,0.06999238019366628
42013,0.1895905605850774
42014,0.25807218319749714
42015,0.08766023774794776
42016,0.45353298530451236
42017,0.9662121817443724
42018,0.4573813715176476
42019,0.4573311460975479
42020,0.2173568089577286
42021,0.2384329080894944
42022,0.835924616990308
42023,0.9622430939587145
42025,0.49657777909264667
42026,0.30885715833535443
42027,0.7744657174066102
42028,0.2746955705102039
42029,0.42260381393283214
42030,0.858501318970357
42031,0.933817855887278
42032,0.9212596509688074
42033,0.23075189744347757
42034,0.9962417929494952
42035,0.9664424661584805
42036,0.9336185289574722
42037,0.1522090344727794
42038,0.24218196154469404
42039,0.9667722660044843
42040,0.9894402073835156
42041,0.3727803725299252
42042,0.9056670249423165
42043,0.8521450569502824
42044,0.8612662725058177
42045,0.9836806755050277
42046,0.08835657933853149
42047,0.9969982894466884
42048,0.2891526535742647
42049,0.4032652817716233
42050,0.10174295389979734
42051,0.4539696040794759
42052,0.14976392476594544
42053,0.874997953988354
42054,0.11743184966246628
42055,0.9425614306704391
42056,0.31516896687303836
42058,0.07951860234736989
42059,0.17233304505712094
42060,0.1499517838349088
42061,0.8085755134791961
42062,0.9169599881298027
42063,0.454967819374689
42064,0.43712109175303726
42065,0.31550745953397097
42066,0.4574558185576463
42067,0.959623003313704
42068,0.3435057221789469
42069,0.28064441992033107
42070,0.29336184765137546
42071,0.2818909214574308
42072,0.9935244901719923
42073,0.425428876995628
42074,0.3674810200765565
42075,0.30093843048512214
42076,0.9005227132824327
42077,0.5048502834919654
42078,0.41197152352344507
42079,0.3769932354755011
42081,0.2605445526630285
42083,0.32409725242358817
42084,0.9368685801988909
42085,0.9548893991811387
42086,0.11664020332593023
42087,0.08057779316819773
42088,0.4922688749611052
42089,0.06700559724843934
42090,0.4296947127173082
42091,0.06814111109000875
42092,0.9453747715873928
42093,0.915942848888564
42094,0.30720073945526005
42095,0.8478680115681619
42096,0.9498237081077998
42097,0.855748105725364
42098,0.3924279492738255
42099,0.889160627836126
42100,0.9482796595499361
42101,0.9670259472776667
42102,0.9386311389408704
42103,0.9042247949623192
42104,0.2879325056213586
42105,0.22932246421634483
42106,0.9555953254306088
42107,0.10191731632067086
42108,0.22334854636003248
42109,0.969949887086868
42110,0.9279445659852394
42112,0.4267841266762124
42113,0.46818396111471866
42115,0.9542644759485315
42116,0.9633347777368498
42117,0.14456885577328377
42118,0.44342693016572626
42119,0.8785666517992081
42120,0.5102042533334696
42121,0.14177653604051893
42122,0.06553381729981114
42123,0.8809394543056037
42124,0.4911270380708905
42125,0.9547135592413656
42126,0.14665053863743635
42127,0.2717129083933106
42128,0.40692852772386245
42129,0.3566709176433779
42130,0.4005747858300501
42131,0.3372947441403028
42132,0.4318412778214461
42133,0.9401212455377539
42134,0.16760224046779196
42135,0.3262835434545354
42136,0.27724579853485937
42137,0.14329270098751437
42138,0.20833421894664889
42139,0.9524793872274042
42140,0.07028731875980533
42141,0.31612026613794075
42142,0.059106522676329605
42143,0.37374079290971346
42145,0.35359168119022444
42146,0.09853571022139648
42147,0.03641000295134286
42148,0.40381997949924886
42149,0.11678282038652278
42150,0.20374007488721543
42151,0.34336181057600834
42152,0.4453291031465712
42153,0.4576652868393671
42154,0.6795722655538875
42155,0.23922659088637596
42156,0.236778568556084
42157,0.36947957721391583
42158,0.383510387846396
42159,0.94232843781365
42160,0.9502762392078118
42161,0.48450294525264376
42162,0.3193323065745426
42163,0.3293875518811843
42164,0.9132616352824557
42165,0.19035047424658244
42166,0.4277136447488368
42167,0.9271347635417444
42168,0.8051798325032891
42169,0.39901699405917046
42170,0.31958402319787416
42171,0.44584502504602025
42172,0.9695334278879055
42173,0.33380784204801306
42174,0.24758258498190458
42175,0.3955488512183461
42176,0.24556125991552266
42177,0.25021218341288004
42178,0.39497089741253505
42179,0.14710939767787748
42180,0.19750382500923064
42181,0.3096040176666927
42182,0.10652161704306694
42183,0.9275125428325562
42184,0.12009733931225254
42185,0.40951503204371575
42186,0.7337795253300161
42187,0.19126190804603535
42188,0.1401945966006455
42189,0.887634390117828
42190,0.0
42191,0.9265751700547632
42192,0.14186552305253317
42193,0.28650998474681755
42194,0.2999400215651231
42195,0.7902824861656299
42196,0.5644078841096949
42197,0.25487204379603007
42198,0.5970028827052702
42199,0.17956250381725247
42200,0.21163718064508072
42201,0.4162326207865411
42202,0.2515852422106998
42203,0.3738267289852319
42204,0.2803971856006774
42205,0.1433976934479383
42206,0.8686809312286482
42207,0.7624783362371467
42208,0.9426426210457761
42209,0.5558082360585881
42210,0.9437839553522792
42211,0.8235666162096399
42212,0.3442751628344626
42213,0.5631654628746073
42214,0.21970995072556512
42215,0.2537540464544849
42216,0.9297236709299748
42217,0.9927696585502039
42218,0.3521307291293271
42219,0.22833316112008148
42220,0.41665205863669574
42221,0.38543833811835304
42222,0.5587916311958249
42223,0.9275772410613997
42224,0.9371989374102768
42225,0.8431924534383619
42226,0.3751719488064048
42227,0.9032721013576613
42228,0.09335217963569628
42229,0.20010617550575308
42230,0.6325581005496952
42231,0.3565813448324761
42232,0.3538930830860144
42233,0.2599389775354542
42234,0.9210203443526858
42235,0.22018081911081447
42236,0.4463784141027431
42237,0.9798720681157931
42238,0.9867659416311559
42239,0.6407707409817439
42240,0.056057927870760735
42241,0.39651355884664374
42242,0.8052139869803655
42243,0.88319640452005
42245,0.9953789728705588
42246,0.5393928802165793
42247,0.973858585764857
42248,0.9209495294374277
42249,0.4666519614940164
42251,0.4832529095908435
42252,0.9791927139314757
42253,0.3743853047583864
42254,0.3683466913630977
42255,0.9869124229956228
42256,0.20359529181404046
42257,0.121242146732278
42259,0.7767451425353338
42260,0.961179735134118
42261,0.2687677491704149
42262,0.8966461220884752
42264,0.9094060649606589
42265,0.3942443589634131
42266,0.14012635198007434
42267,0.26365911710653184
42268,0.7219481799937021
42269,0.25758989532436305
42270,0.8948728918203829
42271,0.8884138473089075
42272,0.3331448542865411
42273,0.45001253556868215
42274,0.8557086180190746
42275,0.9338645490709835
42276,0.9727773952258408
42277,0.4554166778375459
42278,0.9957846776059578
42279,0.4373213967763463
42280,0.9731314270804642
42281,0.4784162766118944
42282,0.995834744812423
42283,0.920200748989462
42284,0.3617452398904738
42285,0.11114401662813583
42286,0.9593856042016777
42287,0.5254946102670603
42288,0.9251217942637271
42289,0.31297993274816843
42290,0.16252053247386988
42292,0.0
42293,0.3708276088568386
42294,0.4462419577212338
42295,0.9973424709931942
42296,0.4259657646727138
42297,0.4975807159809076
42298,0.21945445000404612
42299,0.07200654194346134
42300,0.33478875995395285
42301,0.10548990229121097
42302,0.9236421114323173
42303,0.8720729920056806
42304,0.16099566087095077
42305,0.9562043181943081
42306,0.9692240122457035
42307,0.3161713209232878
42308,0.9527449807496992
42310,0.9695432772097837
42311,0.9670418110274185
42312,0.18615612231784062
42313,0.3821804322401631
42314,0.9529354442378454
42315,0.2977369214137221
42316,0.8271140097543872
42317,0.37619262315387725
42318,0.04266704878084843
42319,0.36246709824442963
42320,0.9465484506979731
42321,0.9831015806238043
42322,0.9689088675411667
42323,0.5932376277363923
42324,0.8791823701528553
42325,0.42149674837492984
42326,0.9491918856017241
42327,0.4084274521663098
42328,0.0640199619219828
42329,0.972955745598138
42330,0.9421910096462369
42331,0.6350108896832706
42332,0.11353432903575296
42333,0.39723517122961
42334,0.4198306211851986
42335,0.2736874617608626
42336,0.24320596214718246
42337,0.5315238617663277
42338,0.4031847384657386
42339,0.9870178451015903
42350,0.0
42800,0.0
43001,0.8151210219213091
43002,0.418731951889762
43003,0.04006861609057009
43004,0.28339866048896567
43005,0.048964272780024416
43006,0.7779851089706059
43007,0.1029150328405842
43008,0.1670052076387248
43009,0.310720620893259
43010,0.1319838295921625
43011,0.42044165914870646
43012,0.7655194400410283
43013,0.08882099473347795
43014,0.923637940115437
43015,0.9545863522614074
43016,0.6375043837862137
43017,0.7933980265967107
43018,0.07526944268051637
43019,0.16394138008777287
43020,0.036900673992088434
43021,0.12893782350067332
43022,0.8949425553238216
43023,0.04177856374258685
43024,0.13015309024461433
43025,0.03988137117103813
43026,0.16066692661425447
43027,0.6819009125153868
43028,0.2980717773860107
43029,0.9695837635344617
43030,0.16365512616877742
43031,0.763853756188845
43032,0.12408463996740292
43033,0.9046796735625313
43034,0.07909581274487323
43035,0.12007087091831217
43036,0.13525838698934986
43037,0.15440979917069214
43038,0.7561187620761329
43039,0.11591205724880566
43040,0.4110120537235228
43041,0.13868996658666718
43042,0.1339920307191465
43043,0.24086240152304828
43044,0.5982630618325038
43045,0.19937731637721776
43046,0.3354196550560403
43047,0.1822771940620207
43048,0.17515355695193333
43049,0.14393344723125434
43050,0.8809586631604108
43051,0.04025610250798004
43052,0.8272064013884491
43053,0.23626314579853339
43054,0.9526516207266256
43055,0.8577009796702889
43056,0.15746874842486241
43057,0.1710436918787283
43058,0.27532933673175736
43059,0.1774473439686943
43060,0.1813077890176441
43061,0.15921862613073245
43062,0.07399254170177576
43063,0.6258158950806286
43064,0.769926986279138
43065,0.5986602652109555
43066,0.17318023898058574
43067,0.1794264145381532
43068,0.2629391125348178
43069,0.13423482515541654
43070,0.60058561651339
43071,0.039661878480458664
43072,0.7972770839129777
43073,0.7274482527966655
43074,0.6765725520564421
43075,0.7797827548371349
43076,0.1806610411915275
43077,0.3263881188360438
43078,0.06586904423372686
43079,0.48210439229098206
43080,0.04954660345592479
43082,0.6817660267607395
43083,0.16629178008356196
43084,0.07628973937029761
43085,0.22747565905599496
43086,0.6414521876384965
43087,0.263149372353494
43088,0.9107868484581694
43089,0.10727032483841323
43090,0.1557396362538736
43091,0.22048304950780329
43092,0.2385806719524729
43093,0.042453347185599725
43094,0.22377603490188092
43095,0.09427975685135648
43096,0.6828610228076923
43097,0.20958718099224383
43098,0.2921702982461791
43099,0.7216339102234416
43100,0.7195378861249868
43101,0.29320117454096717
43102,0.07201560668746403
43103,0.957015760727828
43104,0.962827054061514
43105,0.7845049423111684
43106,0.1001764965284599
43107,0.20215860699992028
43108,0.06600795848892398
43109,0.34312179217774086
43110,0.6640359260288425
43111,0.08003962632061512
43112,0.025151988783533637
43113,0.1622821633609713
43114,0.044267901605804925
43115,0.13189765161544484
43116,0.677585962822881
43117,0.8437197045941514
43118,0.7349802203595536
43119,0.1686472502729984
43120,0.7657835249608503
43121,0.8954780267816507
43122,0.14880393987351345
43123,0.9205085334980253
43124,0.09241792742862037
43125,0.9478444391525447
43126,0.18953178768230577
43127,0.10751168625025101
43128,0.07561468750169763
43129,0.19444679724023867
43130,0.04411759718345517
43131,0.4519257903711327
43132,0.06829571105336596
43133,0.9372590943594595
43134,0.2098891631029305
43135,0.1435555140904234
43136,0.03396960735495012
43137,0.032737887597461296
43138,0.07339436416360007
43139,0.7803507705933587
43140,0.30563185254428593
43141,0.06090593565214421
43142,0.09029519682977852
43143,0.2901403186474572
43144,0.27097647509850237
43145,0.1345608340923394
43147,0.8820711732602667
43148,0.2730211111673206
43149,0.2545694696509705
43150,0.17972599200427028
43151,0.5077240696544183
43152,0.06458295576330607
43153,0.9158083175943984
43154,0.4724201121934012
43155,0.09812019474493971
43156,0.0935232927110493
43157,0.03387066046323838
43158,0.18564530261447243
43159,0.09292863917787839
43160,0.11128794045559341
43162,0.06120551720916311
43163,0.14361423424646133
43164,0.09948412615289427
43165,0.09544130689486159
43166,0.16066583828488687
43167,0.1774797268273978
43168,0.20472384775101718
43169,0.44026582487415933
43170,0.857506887248231
43171,0.1143189743354353
43172,0.5288259895809228
43173,0.2162198601788745
43174,0.13040074625309436
43175,0.6367335481850968
43177,0.8982366734965695
43178,0.541714613235675
43180,0.4448737759192948
43181,0.19162792721840824
43182,0.946359438411494
43183,0.13262210818762413
43184,0.9043030782636388
43185,0.23978189392240296
43186,0.22282142280454695
43187,0.17782231743100985
43188,0.4828799408228898
43189,0.041771019507088815
43190,0.03687719130761456
43191,0.9638754696919101
43192,0.1338222290540857
43193,0.6163379418809564
43194,0.1175991296104335
43195,0.8957557950441324
43196,0.10496014548599752
43197,0.1738491903788819
43198,0.16299248458468085
43199,0.0888263698389079
43200,0.08023856276741152
43201,0.0975943504707486
43202,0.1547878710621852
43203,0.21372615825805505
43204,0.16722872420368784
43205,0.8981106343550931
43206,0.8473189735673773
43207,0.8617902170600379
43208,0.7228639910727385
43210,0.2883158380160826
43211,0.03654586761259145
43212,0.037670117014299384
43213,0.07282248006724594
43214,0.13885865963958433
43215,0.33620610034016685
43216,0.0432239766622568
43217,0.04408730411251946
43218,0.08502617672721904
43219,0.7501968246713019
43220,0.4311318829777402
43221,0.15638712220546966
43222,0.6447596078672259
43223,0.2497739568178623
43224,0.05182460181391187
43225,0.2572671359687804
43226,0.5942425412199784
43227,0.9525910878488413
43228,0.04807533799426312
43229,0.11131820501420596
43230,0.10886606217312078
43231,0.13702943283660707
43232,0.5995866696429499
43233,0.09685224920803782
43234,0.03424494353178915
43236,0.2182217984811141
43237,0.14682932673677435
43238,0.18135137339910778
43239,0.04021772864824859
43240,0.1001323536191056
43241,0.0862937245578505
43242,0.11180857118271692
43244,0.030900338068381578
43245,0.5095322340990244
43246,0.08698094309364025
43247,0.9145588234479162
43249,0.060262732249484
43250,0.7074718740762393
43251,0.14114587146891147
43252,0.15805617397928448
43253,0.0929375753914908
43254,0.21672141612365037
43256,0.11471069055805504
43257,0.14205767293020521
43258,0.5642683638664514
43259,0.14270029777999094
43260,0.25603855653289354
43261,0.5608985417284011
43262,0.46944192602409834
43263,0.34915113504201534
43264,0.8380663474146337
43265,0.1063022549032372
43267,0.13674260810225528
43268,0.04545119945375486
43580,0.0
43700,0.0
43750,0.0
44001,0.09927271200550708
44002,0.5482398534050382
44003,0.12846666925353556
44005,0.030838109697395928
44006,0.40493519794983485
44007,0.24156072840291007
44009,0.4662893717826128
44010,0.5970875733627236
44012,0.045808759292555325
44013,0.294451431467543
44014,0.5573849666171131
44015,0.13981950441559993
44016,0.3573318553248865
44018,0.433648072318935
44019,0.153056994854049
44020,0.344757812612816
44021,0.03588981644224268
44022,0.2904753491753155
44023,0.12882823617719963
44024,0.605497545246369
44025,0.15864854613909643
44026,0.13101995707915062
44027,0.37137103765914353
44028,0.3233060736271548
44029,0.31593710361362026
44030,0.3864681891786797
44031,0.5362718668063104
44032,0.5003435169654141
44033,0.21653130296184558
44035,0.23293531540002932
44036,0.05465306185868997
44037,0.5902543996871809
44038,0.046911529596287395
44039,0.41053254660476196
44041,0.32550643628926734
44043,0.46024794020785414
44044,0.3248023937641482
44045,0.14221488175567995
44046,0.39204914609893043
44047,0.1713766812632868
44048,0.19158131906636772
44049,0.3304267654576387
44050,0.4245440024018409
44051,0.04855992837247983
44052,0.220851350101791
44053,0.30735193324622595
44054,0.11249151361405493
44055,0.1152253789023934
44056,0.08598369604601568
44057,0.23352872149857384
44058,0.26756069780485575
44061,0.14736327788686204
44062,0.22482534421003508
44063,0.17255038356981342
44064,0.27724245368663086
44065,0.22216014090447528
44066,0.3075718813849747
44067,0.2623876166360928
44068,0.1245909541989296
44069,0.111608338321396
44070,0.47782023345759916
44071,0.40400717814954906
44072,0.75807698736513
44073,0.15204217821638302
44074,0.6917438557174704
44075,0.26042243925856884
44076,0.28280094676503803
44077,0.053708070222208
44078,0.4173123634450225
44079,0.40567652484932754
44080,0.3114185844075005
44081,0.19505867138830296
44082,0.10494559504277451
44083,0.1207438515484079
44084,0.3028104827611283
44085,0.3878921280894663
44086,0.18406621781481924
44087,0.06417702140319302
44088,0.5688383774643455
44089,0.047054061697662644
44090,0.0617139834698314
44091,0.23906480511431893
44092,0.4382796323423464
44094,0.5168127352536709
44095,0.1518272035713775
44096,0.1672718725385537
44097,0.23452100445404184
44098,0.13547149444090498
44099,0.315880417036106
44100,0.5096233846573421
44101,0.6002712086564482
44102,0.44927549649198667
44103,0.5055671423645566
44104,0.33672076583236465
44105,0.7903331271966972
44106,0.06737516185017882
44107,0.0983927003176247
44108,0.3451950733963049
44109,0.050377692138787705
44110,0.047122657417076726
44111,0.4125581822853454
44112,0.36532835813178244
44113,0.06655724545683372
44114,0.09260608564523991
44115,0.11696373983405242
44116,0.4679811649500061
44117,0.49656643726185856
44118,0.19200305611177745
44119,0.13364016159860637
44120,0.21075905707649434
44121,0.3433345515539732
44122,0.26976190420336177
44123,0.23746622253504227
44124,0.10781197853582522
44125,0.24613909228334344
44126,0.15309597424695473
44127,0.3602478768369879
44128,0.04356977311101145
44129,0.14024091630750737
44130,0.5123390914721169
44131,0.019521740534135038
44132,0.1540430905284052
44133,0.4473886983109681
44134,0.2930493454260991
44135,0.6873060176939818
44136,0.28387765865384196
44137,0.23120575679005548
44138,0.13764263461512513
44139,0.2529515012526696
44140,0.23208849631624937
44141,0.28186035322683745
44142,0.4033256271210032
44143,0.45525675546254846
44144,0.1211244646711666
44145,0.1418571141279961
44146,0.14301005473148276
44148,0.8576717416427059
44149,0.06281566436691895
44150,0.5187942689727716
44151,0.23121903787358855
44152,0.11179713700017792
44153,0.26755861121636826
44154,0.14262471544774977
44155,0.40443625784267195
44156,0.06733517403875648
44157,0.10684515942446439
44158,0.23924604290950519
44159,0.6524252685199098
44160,0.0
44161,0.09580596376161425
44162,0.2805513354480834
44163,0.09759319626450436
44164,0.06369753493433854
44165,0.3533121266548764
44166,0.5480441933030553
44168,0.6011221654142156
44169,0.4060090282609346
44170,0.27657265782949586
44171,0.6314897113601219
44172,0.45163080642237513
44173,0.5425406527279254
44174,0.21495758749725652
44175,0.3079771475465005
44176,0.5975569959812354
44178,0.27830724315199634
44179,0.35786615390603255
44180,0.038327563730173514
44182,0.1406248842262064
44183,0.4377832058452105
44184,0.05004881775624623
44185,0.2768025748524196
44186,0.035947191808544304
44187,0.18082781321941485
44188,0.24792363688315744
44189,0.49230275277808605
44190,0.5294570663120436
44192,0.2110427114195128
44193,0.41024662028333925
44194,0.35335706377838644
44195,0.04006476985758487
44196,0.2151591918007531
44197,0.5552037183802369
44198,0.4630934141719382
44199,0.18524082351132262
44200,0.7292075932820733
44201,0.26762108707085247
44202,0.21188797405658688
44203,0.40295033608757724
44204,0.363434683531014
44205,0.08533394744941682
44206,0.16566123679855402
44207,0.15878421481246338
44208,0.18358063676099115
44209,0.2591915215892761
44210,0.56486489068827
44211,0.20967403063453174
44212,0.07747783687173208
44213,0.04952903278740298
44214,0.23731450127977907
44215,0.17897832639081757
44216,0.1964379507215809
44217,0.2500224598352751
44218,0.25596973939826556
44220,0.08635247806085272
44221,0.17639854854829654
44222,0.25893422630993124
44223,0.45278528065141904
44224,0.22444041091642167
44260,0.0
44300,0.0
44350,0.0
44400,0.0
44500,0.0
44522,0.0
44720,0.0
44800,0.0
45001,0.6627786493820268
45002,0.25923210090620824
45004,0.04772877088313995
45005,0.36710750826206023
45006,0.43362980281470676
45008,0.9361130623850361
45009,0.5588193291870561
45010,0.35812592300125623
45011,0.11673007744131092
45012,0.5005660815266371
45013,0.7749933071833246
45014,0.4022343403852465
45015,0.4050527008514468
45016,0.37694267203533155
45017,0.4696007901445697
45018,0.6289712971200567
45019,0.6491011386410245
45020,0.8501338144209719
45021,0.5648236337125616
45022,0.3752321387413039
45023,0.22299530399529877
45024,0.9134444246955435
45025,0.2707288193356526
45026,0.12506090781937362
45027,0.07466811570587999
45028,0.32535808996170396
45029,0.08068082070691458
45030,0.41141427583272266
45031,0.05602140320118061
45032,0.20514629628686332
45033,0.6503788009857013
45034,0.35459512844451957
45035,0.16717841584508578
45036,0.23047448741962528
45037,0.4528022940645544
45038,0.6779582735791191
45039,0.07909019345835923
45040,0.09528739583489097
45041,0.599254002153988
45042,0.045087535625439955
45043,0.3887073212502347
45044,0.5292873316600702
45045,0.4458100477370009
45046,0.5963993720219813
45047,0.32103914329974853
45049,0.02428069503459822
45050,0.27382093387653805
45051,0.022573342524437223
45052,0.6537582032266738
45053,0.1257110738268197
45054,0.5755548124869999
45055,0.582394339667687
45056,0.755489617647838
45058,0.7638378273437326
45059,0.5999088902154575
45060,0.5706683884834411
45061,0.23383121282368463
45062,0.6298787370330837
45063,0.21405537740806788
45064,0.46457745958743735
45065,0.37008339668024953
45066,0.24082818609696166
45067,0.2762784638393762
45068,0.09590028981710232
45069,0.12609540560861138
45070,0.6590682184505686
45072,0.48055901534605294
45073,0.32263001259052987
45074,0.6892330067690302
45075,0.2307069920336609
45076,0.46800308935064155
45077,0.3804252877852183
45078,0.5422563469898058
45079,0.3869395328582704
45080,0.38576169035801744
45081,0.5238306701600528
45082,0.022308122947185954
45083,0.23944849756909597
45084,0.04365781938714746
45085,0.09628603017493843
45086,0.5695684788206322
45087,0.10590199406157229
45088,0.6585050014887739
45089,0.28095093040959734
45091,0.4537609624302942
45092,0.26088433524881505
45093,0.5056788274331128
45094,0.2507640673390438
45095,0.05475649059136856
45096,0.4666803488187223
45097,0.2586537109140557
45098,0.40488379566088695
45099,0.7408172858881543
45100,0.3768985607005074
45101,0.051760348424572514
45102,0.6197265480292613
45103,0.4210359732424555
45104,0.17522129176421333
45105,0.6236647002707704
45107,0.09902620068242468
45108,0.17700930086753006
45109,0.713130311938492
45110,0.45739063999678453
45111,0.08750818861338874
45112,0.3354784660975936
45113,0.35932999069903204
45114,0.6190104558796168
45115,0.05030345177976698
45116,0.8199423012377713
45118,0.4764242848630572
45119,0.48333377714860454
45120,0.6881320870041504
45121,0.4239532222743301
45122,0.13965295891249124
45123,0.2640527715181007
45124,0.7539440707430066
45125,0.781458226467003
45126,0.21572281870872317
45127,0.2652215480051649
45129,0.07586966948456865
45130,0.5307676016561707
45131,0.6122128338162475
45132,0.7518042766060292
45133,0.32157272235587187
45134,0.40147659507314504
45135,0.4876361256095485
45136,0.11133284942962118
45137,0.15134744190784963
45138,0.777208209710276
45139,0.3848218419189996
45141,0.2840979558471302
45142,0.07255226042360446
45143,0.8262024166146191
45144,0.16421275869080473
45145,0.1679991368823632
45146,0.3311837580266288
45147,0.18852370081303751
45148,0.2449268115919711
45149,0.2726507859816762
45150,0.27330212234594947
45151,0.6809400923051602
45152,0.6561100870315337
45153,0.05297903219974983
45154,0.46808281021699105
45155,0.09239871711339334
45156,0.39792769440647424
45157,0.48223442926597226
45158,0.4879417365362564
45159,0.6150947485869181
45160,0.23901981072052997
45161,0.2970265804818618
45162,0.27121499847627834
45164,0.02846905874889541
45165,0.3983976768471028
45166,0.7105346993246274
45167,0.4773739083631899
45168,0.1444317529821246
45169,0.2164713996991092
45170,0.36028273912074715
45171,0.04472709597436274
45173,0.0994662637378406
45174,0.20725064788981168
45175,0.5070957924248607
45176,0.5767457306378557
45177,0.4920067171329422
45178,0.29489208444783277
45179,0.4428073709491491
45180,0.7954444938485745
45181,0.3751915440565371
45182,0.7451885078399413
45183,0.9234568098922549
45184,0.5638579163929275
45185,0.5393805453355712
45186,0.5120115915352688
45187,0.02818816298831394
45188,0.21599445730315955
45189,0.3650882750255255
45191,0.04194441233947884
45193,0.35178666062452923
45194,0.3522717469129732
45195,0.1312595630268563
45196,0.46701739929199876
45197,0.4232828958097459
45198,0.5133961667290562
45199,0.5072953018231225
45200,0.5765414660200566
45201,0.3344897053921683
45202,0.9085541489649742
45203,0.41616584156775455
45204,0.5620752344335401
45205,0.5652164768884717
45206,0.5787914958750756
45207,0.5381864082637037
45208,0.30744217154674475
45209,0.5072393706728514
45210,0.44538009692055097
45212,0.314215552592533
45213,0.2665052484702065
45214,0.4015949602259718
45215,0.22022078535768508
45216,0.7767770984302831
45217,0.2934835159305422
45218,0.5873654815109013
45219,0.525825097337981
45220,0.23426440194240167
45222,0.3336541004302438
45223,0.10701468862264914
45224,0.18413018059717787
45225,0.5477455888774084
45226,0.02463677626414187
45227,0.4258542606547068
45228,0.06862465135487156
45229,0.3449328225204509
45230,0.28970109910141306
45231,0.7322658800375716
45232,0.0700714152828079
45233,0.5420847265196995
45234,0.0378436877991036
45235,0.2969987143603399
45237,0.8266392321946622
45238,0.5564892085062318
45239,0.44940784939798384
45240,0.36351216148245175
45241,0.1432917772179357
45242,0.5817756605351766
45243,0.44858936214499606
45244,0.03470416989102129
45245,0.43008678481240126
45246,0.47753092424439975
45247,0.27483817228255336
45248,0.5180774769618204
45249,0.2956613642937808
45250,0.14612520583085484
45251,0.07433089483047323
45252,0.14207556265880802
45253,0.17776484260286526
45254,0.28608968344113644
45255,0.547586656074274
45256,0.5097805470221815
45257,0.460925110961835
45258,0.4236771874589454
45259,0.04738408296694268
45260,0.38489474038881455
45261,0.38930425394955226
45262,0.8162875654676394
45263,0.3572892581747729
45264,0.6125115120329006
45265,0.11355173497691826
45266,0.8948184445569497
45268,0.27195694330839537
45269,0.29102192879023114
45270,0.02603135171623247
45271,0.4147197194977859
45272,0.2767634393075608
45273,0.07277359217865924
45274,0.13945928176219702
45275,0.40839991948378124
45276,0.4999587167970083
45277,0.409209077994024
45278,0.7031903491818094
45279,0.25003694577055924
45280,0.45155363399829995
45281,0.14327892651188906
45282,0.3093607805160381
45283,0.5949842818398252
45284,0.11846287733298402
45285,0.35027374078518614
45286,0.1607706742747041
45288,0.5792055219767702
45289,0.5355087833646109
45290,0.021282030686332616
45291,0.5118320901043671
45292,0.1445761624202236
45293,0.3982410384316142
45294,0.45113015049671984
45296,0.6440616248279962
45297,0.06598198242289255
45298,0.2988581408049248
45299,0.8305021608531616
45300,0.17158537334006163
45301,0.09825029586576807
45302,0.32833278138730637
45303,0.6334040477257527
45305,0.12342073454450221
45306,0.3258518020771579
45307,0.1930387899641056
45308,0.35493215944816925
45309,0.7080581935610339
45310,0.18769702007819167
45311,0.07142402620255399
45312,0.6053909490415481
45313,0.8411574928699618
45314,0.09934697775886037
45315,0.02170833327492256
45316,0.04318000919046752
45317,0.7623267560395818
45320,0.3032899979981272
45321,0.39231626119610985
45322,0.39950505818681437
45323,0.3789835412135609
45324,0.03472466412226711
45325,0.8036938145603687
45326,0.3127649408188226
45327,0.18079174409225163
45328,0.47883378575121105
45329,0.32786435110889856
45330,0.832239597828145
45331,0.027919332535338615
45332,0.3745321361272306
45333,0.34133445724081785
45334,0.02899086517320614
45335,0.16861262807013455
45336,0.026387357387994647
45337,0.5991216822506324
45338,0.2775036591385592
45339,0.47306272441262803
45340,0.0343302152872729
45341,0.6010477416517841
45342,0.7354557936070545
45343,0.5582627688792193
45344,0.7382716715515992
45345,0.4757657765339646
45346,0.045627084291773694
45347,0.16673963246582943
45348,0.4450954610043779
45380,0.0
45430,0.0
46001,0.8477226065067073
46002,0.8020144869330272
46003,0.6423627016535335
46004,0.8139127924370331
46005,0.9115724889300629
46006,0.9193468520157136
46007,0.6281198692720127
46008,0.8686634131445912
46009,0.6778156848229269
46010,0.7039478420150542
46011,0.779480076454534
46012,0.8267041849217995
46013,0.6785049353147329
46015,0.5844882949952234
46016,0.6952074239267154
46017,0.7767114170569076
46018,0.8733334076769883
46020,0.6902958709238304
46021,0.610976838431017
46022,0.827624427643302
46023,0.40729429060713335
46024,0.6926780192177481
46026,0.6895129891265237
46027,0.780127895320369
46028,0.5845633902091348
46029,0.29262986687058573
46030,0.6902052674662326
46031,0.9185993026344667
46032,0.8689141380369755
46033,0.536152493417184
46034,0.7870289289152237
46035,0.7712414556708643
46036,0.8187160532115674
46037,0.8818594397130767
46038,0.85624869898937
46039,0.7927397611612419
46040,0.8263224260620216
46041,0.8981592883132371
46042,0.2649824278192204
46043,0.5188443234062721
46044,0.8352438681096835
46045,0.4578277568922528
46046,0.9007775059065111
46047,0.9149002890012352
46049,0.6806082058814653
46050,0.8515651500693939
46051,0.8059675177563489
46052,0.8531209584448245
46053,0.7833151841175363
46054,0.8228042326038995
46055,0.9723846236741416
46056,0.8018870541484291
46057,0.758814530999799
46058,0.7577639202280776
46059,0.9384146182541611
46060,0.8202660634808658
46061,0.8079887161598663
46062,0.9079482311990238
46063,0.238897782735105
46064,0.9438501134978402
46065,0.6991727021057746
46066,0.8798802167242522
46068,0.6854516167001898
46069,0.7372267330765611
46070,0.6190349642228617
46072,0.9170965252062558
46073,0.852327403635781
46074,0.7223043999769945
46075,0.6583840961183774
46076,0.5034570317883119
46078,0.9716009541633633
46079,0.9023866809603693
46080,0.8089271864850034
46081,0.7790675932177283
46082,0.7276097193215729
46083,0.7461048606901767
46084,0.8328213235580473
46085,0.8403893477875057
46086,0.5395961110765386
46087,0.8919669659661611
46088,0.905479151993824
46089,0.8969452010596952
46090,0.8829996570235347
46091,0.8028477528746025
46092,0.8588887228857797
46093,0.8178175169111823
46094,0.6557183319035991
46095,0.8595439633574302
46096,0.8402184673097712
46097,0.6376844178695009
46098,0.7943305407271408
46100,0.68907131880286
46101,0.771794151421598
46102,0.475722710813345
46103,0.34824021625377116
46104,0.8091741614230593
46105,0.6190919212826147
46106,0.8911719923263453
46107,0.8082761976580861
46108,0.7793967442819009
46109,0.48729782739985855
46111,0.8407997865762369
46112,0.8459440676911277
46113,0.8698944321449249
46114,0.6549691433024337
46115,0.6762758467643116
46116,0.800768926007525
46117,0.4926191187428233
46118,0.673533932541376
46119,0.929445234825994
46120,0.8361970969619613
46121,0.9499592017424558
46122,0.7298527064307312
46123,0.8235053715488809
46124,0.7163734925881114
46125,0.5188868920106974
46126,0.8481692285337177
46127,0.9179377873169438
46128,0.21633586984889844
46129,0.6508913464658277
46130,0.8948041298027622
46131,0.7059020499832435
46132,0.7656113999050721
46133,0.7178501274516872
46134,0.8995581844101632
46135,0.543654745322276
46136,0.8658261666379845
46137,0.4526355693916905
46138,0.9126148088157864
46139,0.7888298168727845
46140,0.6214451078083162
46142,0.8025439053647063
46143,0.5844563832953453
46144,0.9235632420805908
46145,0.6128333578497284
46146,0.6774814248990544
46147,0.9542932610922099
46148,0.47540291931929807
46149,0.7741043136593057
46151,0.9286480216922586
46152,0.8295987292032003
46153,0.8785516603264143
46154,0.9159333883482108
46155,0.6491212604586348
46156,0.6119735676732092
46157,0.9109813279707563
46159,0.5004899211749222
46160,0.8627200631643132
46161,0.6626848675882105
46162,0.9041772948352782
46163,0.6719770726912351
46164,0.9509404061460706
46165,0.8219055314104499
46167,0.7392270422625112
46168,0.896957615470217
46169,0.9122999662408661
46170,0.890889627499746
46171,0.9291753394105943
46172,0.6174776206407819
46173,0.69110285666377
46174,0.8797900242398708
46175,0.6455025641704136
46176,0.7755167830234074
46177,0.651442408995322
46178,0.8875499269076254
46179,0.6928782633099649
46180,0.8211218859939888
46181,0.8333954152070069
46182,0.6386188959778559
46183,0.5651650839577589
46184,0.8292384356135513
46185,0.8440348993105207
46186,0.8353961839425769
46187,0.39400971067183177
46188,0.7764529736191723
46189,0.9506524669436411
46190,0.905784098221683
46191,0.9758650455249234
46192,0.8267245341087255
46193,0.7005159572453504
46194,0.8917147744576764
46195,0.6782041497925124
46196,0.9339441902431692
46197,0.36147869336062477
46198,0.9247617331326425
46199,0.7986855507738845
46200,0.7916623874032053
46201,0.13075151511012084
46202,0.5360396507410417
46203,0.8729954009686978
46204,0.9217679671355402
46205,0.8823521710043966
46206,0.1270092678066898
46207,0.7846525108162195
46208,0.7950532045092568
46209,0.8657193835309726
46210,0.9127623834367418
46211,0.8951979909881932
46212,0.8272557210021144
46213,0.7416113066764923
46214,0.8763446237416477
46215,0.7382814736449601
46216,0.7970939839609184
46217,0.4743919125923112
46218,0.9566088522187094
46219,0.9115040980133374
46220,0.7897370174268701
46221,0.8003738353550387
46222,0.9095716231842169
46223,0.9239793136504075
46224,0.6632079232174656
46225,0.6729337025661841
46226,0.8926641061153741
46227,0.8621426605842178
46228,0.8668641404681438
46229,0.5554859001783928
46230,0.917833417175647
46231,0.8084801984280278
46232,0.5572241191738315
46233,0.8671673561479304
46234,0.945925079287992
46235,0.891385369437786
46236,0.9286696899808784
46237,0.7619490515447522
46238,0.8832061875648606
46239,0.9153083243400917
46240,0.8164401349839288
46241,0.9101649098056628
46242,0.6509138859651837
46243,0.7591333167443645
46244,0.8709981952368433
46245,0.856275020784892
46246,0.8073337755549903
46247,0.44524626465036427
46249,0.8387587664019264
46250,0.8508227118751385
46251,0.2038591175118299
46252,0.8972801685375047
46253,0.9045285756821239
46254,0.7629184136108504
46255,0.6811269999018225
46256,0.833337180326173
46257,0.8478921198160847
46258,0.9249801187001937
46259,0.937810630330704
46260,0.8260632898730692
46262,0.0738349881918365
46263,0.6112472418050761
46264,0.8905727530259099
46265,0.8668743946079216
46266,0.7539150313512022
46267,0.7859616272356574
46268,0.7551678685420413
46269,0.5004804941788566
46270,0.8114478560563443
46271,0.6950952710103906
46272,0.8086014703689407
46273,0.31491143230091484
46276,0.5501655504596671
46277,0.7715206211412247
46279,0.7223052871569642
46280,0.878165071789684
46281,0.7867809897341552
46282,0.8109979850557852
46283,0.7807445052821261
46284,0.6418830314203229
46286,0.649700735821915
46288,0.8404654274276429
46289,0.8318742905465941
46290,0.8935230089131909
46292,0.814259355632198
46293,0.7776471866433284
46294,0.8046669811655329
46295,0.6531151870768578
46296,0.7924094137504473
46297,0.606010358369554
46299,0.833154795645996
46301,0.8033161505878309
46302,0.6494614990596652
46303,0.5838725953983629
46304,0.9263898333455985
46305,0.7211944296592361
46306,0.83126057310501
46307,0.5777337009842372
46308,0.9294578324737571
46309,0.490690403102932
46310,0.8676613625372541
46311,0.1850613584057591
46312,0.8053004532868864
46313,0.7823855276857753
46314,0.7587461580929554
46315,0.6940274719062938
46316,0.9369593668979906
46317,0.7714242478670013
46318,0.6423251640469688
46319,0.6968676864113831
46320,0.510950591469493
46321,0.8047542501288496
46322,0.6895590381642256
46323,0.9338934076976896
46324,0.9341960533009506
46328,0.5121903637752133
46329,0.5618646262567416
46330,0.49852794655748567
46332,0.8509405864243992
46333,0.9104989991503083
46334,0.684708180535407
46335,0.7859589180029148
46336,0.8175354207917327
46337,0.8387704478390773
46338,0.6114481545966912
46339,0.7954638891341764
46340,0.8887888919371242
47001,0.17399916828548873
47002,0.6362745739995842
47003,0.17346593870972024
47004,0.12436561244731212
47005,0.269223487850547
47006,0.18091341906998934
47007,0.798087882828135
47008,0.6080327547241852
47009,0.1578383892439639
47010,0.8547530770748899
47011,0.2005354634015827
47012,0.8542351089423155
47013,0.8208006619349393
47014,0.3351448962427531
47015,0.40440551572746103
47016,0.4703026431748027
47017,0.13987372801209216
47018,0.3186179321647837
47019,0.36521694560545204
47020,0.36518878129154686
47021,0.06403925602901016
47022,0.6249945998718366
47023,0.2983505476069402
47024,0.40435311072924246
47025,0.22225966898747504
47026,0.9629966269055849
47027,0.14338636598872587
47028,0.42428676283673494
47029,0.2711207274509341
47030,0.21639088518899582
47031,0.21301939654409177
47032,0.1510601236710057
47033,0.28596377807957474
47034,0.7689225741582715
47035,0.19750165727137703
47036,0.39164945993448513
47037,0.12685672157260797
47038,0.3026976741860246
47039,0.929185483325249
47040,0.5706281481021752
47041,0.552830886138634
47042,0.39678275792859036
47043,0.4542249741453195
47044,0.12642856179574624
47045,0.5841883203386047
47046,0.7545284094174015
47047,0.45390981050738827
47048,0.14215851989819903
47049,0.13967492029146225
47050,0.43402059688104105
47051,0.29460495351124855
47052,0.8404292377118974
47053,0.48270631104236267
47054,0.13923761171360935
47055,0.2920041866733451
47056,0.20761930269560872
47057,0.04815615804463657
47058,0.6425717085473451
47059,0.45039270532810843
47060,0.3465055756932288
47061,0.7569498989411416
47062,0.4377770219941933
47063,0.0782074376652699
47064,0.3715923640631472
47065,0.19606987874609177
47066,0.6083549847667875
47067,0.6074818930850941
47068,0.5795772801616239
47069,0.320998920879813
47070,0.31268843489470455
47071,0.37781021655585834
47072,0.6419802898639697
47073,0.5810526240483317
47074,0.6278526450441694
47075,0.2776641156118093
47076,0.49838780355606926
47077,0.31890811304256117
47078,0.5945522851382535
47079,0.23821940354125887
47080,0.2263787275282841
47081,0.425012717099397
47082,0.47702602901661556
47083,0.20287177628131148
47084,0.13963562490634035
47085,0.5917571705466401
47086,0.1418299934546373
47087,0.2318090578590883
47088,0.3457877237284644
47089,0.11640434094869596
47090,0.5883138413302087
47091,0.44789959126419027
47092,0.536718469393411
47093,0.7177340940879706
47094,0.3966409907996703
47095,0.5338604361234804
47096,0.09270375287893887
47097,0.32424740670296914
47098,0.6404144036469271
47099,0.1920108268375223
47100,0.1546192570117926
47101,0.6197611816645591
47102,0.4534236649787349
47103,0.46529117149930144
47104,0.6294598360466457
47105,0.22003661939884916
47106,0.13382447366598424
47107,0.5166090393934001
47108,0.837604000359206
47109,0.12710966776969895
47110,0.3339584743624534
47111,0.36101291070280445
47112,0.3478389234945199
47113,0.49692471214426925
47114,0.8698572337631909
47115,0.7628669152481219
47117,0.14730781248337801
47118,0.572572536874406
47119,0.83890411194881
47120,0.5373207485603203
47121,0.9071074008267652
47122,0.4734273891389486
47123,0.11135382954636003
47124,0.335212560179323
47125,0.6539191292136848
47126,0.568592334499022
47127,0.2255643562319269
47128,0.5808999884127383
47129,0.48996300614154054
47130,0.7740649185596563
47131,0.3570224925648775
47132,0.10203537859008262
47133,0.6129559116654192
47134,0.23897497099439136
47135,0.20900048608457666
47136,0.2951984235669291
47137,0.4834909829530912
47138,0.29040914442632426
47139,0.533302271076388
47140,0.5041654582007685
47141,0.2014479126175107
47142,0.04815623484338925
47143,0.24706097555159373
47144,0.20912743715676277
47145,0.26658375562597875
47146,0.13369881268015846
47147,0.20090841612450544
47148,0.8722290380578088
47150,0.6730468825588195
47151,0.23338002415033818
47152,0.08004563924938107
47154,0.5969443985669733
47155,0.4835018572420299
47156,0.5609025363701321
47157,0.06795483015024209
47158,0.6286052064227873
47159,0.7078134969838579
47160,0.7285664895236643
47161,0.13640519528915812
47162,0.23796976892220745
47163,0.41300768139260213
47164,0.27271969866199847
47165,0.2964030734665245
47167,0.1503286053951006
47168,0.32800966266951875
47169,0.5023670915882303
47170,0.13920429690801003
47171,0.40156486908585026
47172,0.5966821111143131
47173,0.1865896282724269
47174,0.08658413359768889
47175,0.09041256198378546
47176,0.5517280411101743
47177,0.7050806029965502
47178,0.20922919366918732
47179,0.1973990851932751
47180,0.6098525060027963
47181,0.23989134846337162
47182,0.2733909466377
47183,0.22083645291340526
47184,0.13750100049697264
47185,0.09278509351521749
47186,0.6342784099928352
47187,0.33280628662783296
47188,0.18921074216619016
47189,0.44369406426788033
47190,0.49416332136969743
47191,0.652209409974838
47192,0.2589222701413583
47193,0.3272202036061078
47194,0.3362189026706086
47195,0.056719083624076856
47196,0.5293144871959353
47197,0.6736834389081113
47198,0.30155223100829115
47199,0.17281755227848264
47200,0.22449057550830934
47201,0.32099494000629747
47202,0.236214447168015
47203,0.06675452419382169
47204,0.5278858676317723
47205,0.9365796141632576
47206,0.19292641628811247
47207,0.6750617240545232
47208,0.9417346427408325
47209,0.18765271441719106
47210,0.2767288432524375
47211,0.3092192439701217
47212,0.8926561354341286
47213,0.5245285534787494
47214,0.6447770119254704
47215,0.08801381683747575
47216,0.36286172847534565
47217,0.40504124119385465
47218,0.4987543038702368
47219,0.15399256456311347
47220,0.7917663326726313
47221,0.04443000221794494
47222,0.8335347005333682
47223,0.4208363688499793
47224,0.7850824099417271
47225,0.6023712167204889
47226,0.32510978567319304
47227,0.9017838084977902
47228,0.33948022753616386
47229,0.29574579915559523
47230,0.2660933858124471
47231,0.4551664337721569
47232,0.3293926322149658
47233,0.22795928951283861
47234,0.3822325233097943
47235,0.12035694761983999
47236,0.16320853676757416
47237,0.3759086238982402
47238,0.5995040874755087
47239,0.1272408306707629
47240,0.2777892651400283
47241,0.21557374996484155
47242,0.5318566283378058
47244,0.8789371169570228
47245,0.38788714418573605
47246,0.5046692763671485
47247,0.23521903646449244
47248,0.5391718072077587
47249,0.6872949543060123
47250,0.7585079188617451
47251,0.6443411731920633
47252,0.04318268737669338
47253,0.7274001078703595
47254,0.8931006611341943
47255,0.5074319536687119
47256,0.20180279444536647
47257,0.31610155731158535
47258,0.186299606461992
47259,0.2399047438344764
47260,0.18804288839133512
47262,0.4666930098724638
47263,0.6519138115106008
47264,0.4372037548068183
47265,0.2584799937168953
47266,0.09079080049066653
47267,0.6839971365690442
47269,0.4486332577482475
47271,0.24492994125549958
47272,0.09474156261732765
47273,0.4790550870947884
47274,0.42554492620849155
47275,0.666278973159593
47276,0.49469686523065654
47277,0.589340967818628
47278,0.12623457069903363
47279,0.48157671745430214
47280,0.08115037640703374
47281,0.5815764591311705
47282,0.678295629619057
47283,0.24933522550807732
47284,0.30525521597562655
47285,0.813431912624652
47286,0.9708567492747995
47287,0.6415376964418221
47288,0.4789602873937334
47289,0.4430357668997693
47290,0.20647386797758996
47291,0.23399872606661132
47292,0.6536725754490432
47293,0.6521719314521264
47294,0.14813842523445014
47295,0.2293603664721748
47296,0.21017696797276278
47297,0.5357273629057673
47298,0.8043571596885409
47299,0.1772461677203337
47300,0.7458962699661387
47301,0.32565111018974113
47302,0.03737242027079101
47303,0.3355592369217105
47304,0.794801645418353
47305,0.4682186687752039
47306,0.29651773526777947
47307,0.613605965983423
47308,0.550733659969753
47309,0.34092037209970816
47310,0.07513479561656676
47311,0.2532347301907849
47312,0.36653273203564785
47313,0.31943585394633156
47314,0.2792627786189289
47315,0.17427317945557588
47316,0.5305177352186412
47317,0.36249352111707683
47318,0.28870536440847444
47319,0.36862493615064673
47320,0.7341461661847815
47321,0.29544096003677567
47323,0.027559334191244404
47324,0.10250471051535888
47325,0.7710415356681247
47326,0.30393652577833297
47327,0.5047159818575956
47328,0.2477520423327655
48001,0.9687037614313376
48002,0.9885389305549468
48003,0.6212681997548265
48004,0.9291524672539059
48005,0.16009711776128807
48007,0.9861833767771987
48008,0.3413211547227674
48009,0.21310346453107293
48010,0.43060809228770497
48012,0.9901686205967696
48013,0.45015370881110384
48014,0.0
48015,0.5265940288026282
48016,0.233217386823626
48017,0.2400860528035317
48018,0.17487487193066023
48019,0.4754465270688879
48020,0.9154851458513708
48021,0.4980013575191363
48025,0.9374888262015992
48026,0.9950652974694342
48027,0.20396481778394762
48028,0.7065948991045556
48029,0.3646591803184708
48030,0.3193407217283245
48031,0.9694135004070973
48032,0.2911689897057445
48034,0.1152828475938838
48036,0.9368896163892527
48037,0.5244983488178498
48038,0.34979175332050644
48039,0.12785190458182236
48041,0.35856856731450387
48042,0.13502972119093726
48043,0.6390410253907342
48044,0.9787365370084873
48045,0.5787418318016762
48046,0.9817766743800352
48048,0.8128419352368049
48050,0.6362974236158757
48051,0.19674350702789506
48053,0.6137318727742662
48054,0.941945377926991
48055,0.39374228049981796
48056,0.426348415616586
48058,0.9765810216653653
48059,0.946352671905391
48061,0.058889405898234964
48063,0.86640153544148
48064,0.951665622512104
48065,0.9061203927584027
48067,0.8577507370211146
48068,0.3245078891312201
48069,0.9367977920230219
48070,0.17417068986124584
48071,0.8786388698447851
48072,0.28791626620562133
48073,0.5577465926705506
48074,0.5839125880240723
48075,0.18385855819534755
48077,0.9818635186264713
48079,0.9460951433603524
48080,0.03679497076747104
48081,0.2625733961897463
48082,0.4687796790546821
48083,0.1495067941715075
48085,0.7678926632576659
48086,0.46430950433933127
48087,0.18110711686230066
48088,0.9444102295776897
48089,0.8225664021490562
48090,0.8804823089108467
48091,0.3549029795796033
48092,0.06488526002851132
48094,0.46418329213511966
48095,0.02900331295042724
48096,0.33703062045675514
48097,0.6367937334796001
48098,0.7386228076709203
48099,0.03652659603709527
48100,0.49270544622123674
48103,0.09613451646599967
48104,0.15659649877358253
48105,0.09352166843413927
48106,0.9841420852440139
48107,0.36325632039073813
48108,0.2812340100530406
48110,0.9643091788482534
48111,0.4537252985523514
48112,0.1188462681372951
48115,0.9347121316989031
48116,0.6796777017205607
48117,0.8400388897385491
48119,0.8444128761145662
48121,0.9508384959515391
48123,0.6690730435589554
48124,0.4778378803277329
48126,0.3082024236110761
48127,0.11311003556634731
48128,0.7825988312270765
48129,0.27690029965078294
48130,0.8779183129497388
48131,0.7336640678823853
48132,0.2449436316509791
48135,0.7317881016332006
48136,0.6246768995928588
48137,0.45207276919792816
48138,0.4249773909506243
48139,0.2352139882149242
48140,0.38034284702175536
48141,0.6013542446995552
48144,0.34432151170742054
48145,0.3861660598013555
48146,0.16401148803878868
48147,0.45627108598070054
48148,0.2211326143142659
48149,0.599196451832351
48150,0.5644496322007303
48151,0.6683498042957864
48152,0.4782232474690952
48153,0.4307917470753454
48155,0.8958214505563383
48156,0.6564835168531404
48157,0.3887977136593284
48158,0.6200205371821644
48160,0.2563752714924304
48161,0.9853100163531106
48163,0.4471807174093129
48165,0.26740689141911145
48166,0.47679414806816683
48167,0.9813526632887415
48168,0.3003728339241344
48169,0.9894261875148167
48170,0.4939812570327765
48171,0.7471324705202034
48173,0.4884036329232434
48174,0.5139765819085546
48175,0.830262955019214
48176,0.7494653584618162
48177,0.974703557714877
48178,0.4656828976171192
48179,0.9671236364306199
48181,0.8717951533581286
48182,0.5471628042557857
48185,0.33155930657100086
48187,0.5462180781562836
48188,0.19107512311026809
48190,0.9667250866154686
48191,0.95900683949522
48192,0.4755221051756588
48193,0.8277379229521308
48194,0.5522069079106114
48198,0.5115481480357479
48210,0.0
49000,0.0
49002,0.3130564661246963
49003,0.166427290243496
49004,0.0
49006,0.0
49007,0.07896322322615586
49008,0.1270764614934404
49009,0.8569756501751511
49010,0.17445964095749672
49011,0.7946838660588744
49012,0.2467626830400919
49014,0.0
49015,0.31132176703897996
49017,0.27748814138959077
49018,0.06465484312064369
49020,0.5189410280845789
49021,0.2122498137428404
49022,0.5617458541885351
49023,0.04079771742570995
49026,0.4215439403234385
49027,0.5639657378264763
49028,0.7310513098370294
49029,0.48101782598559256
49030,0.6538792145393948
49035,0.36396967439372496
49036,0.11844765227423111
49038,0.2534758488800297
49041,0.371709782966347
49045,0.5616002854082133
49048,0.396371672060149
49050,0.08225900644245192
49053,0.7266250514522401
49054,0.23020381352362185
49055,0.5505334427765348
49056,0.38036200206847787
49057,0.23886459459632065
49058,0.2116752273952248
49060,0.4019138226667429
49061,0.17580612762775497
49063,0.07809271276122659
49064,0.7501495265203818
49065,0.0
49067,0.6198638706269771
49068,0.34687522891407047
49069,0.037619174832363926
49070,0.546978460998532
49072,0.0
49076,0.1672571729317013
49080,0.054736862221915476
49082,0.5388637577878034
49083,0.0
49086,0.04770522641444899
49089,0.10859408832322431
49090,0.5949533699232924
49092,0.02584775057768712
49094,0.0
49099,0.03899570694735309
49100,0.7820589222469
49102,0.17830153544694757
49103,0.0
49106,0.0
49107,0.4892495876945205
49109,0.44339253021413444
49110,0.4051858308686686
49112,0.6853119726444462
49113,0.7952000303376471
49114,0.4387156918666253
49117,0.0
49120,0.6202230316874355
49121,0.5326215325073019
49123,0.6415323484324009
49125,0.03419490204741138
49126,0.0
49127,0.517413677085824
49129,0.3815425887514314
49130,0.6631427014480161
49131,0.8757742463815628
49132,0.17447693523474977
49135,0.5291325286858564
49137,0.0
49138,0.13253393437397828
49140,0.6963552997604415
49145,0.0
49149,0.0
49151,0.0
49153,0.0
49155,0.4701893520657969
49160,0.09744293414716221
49161,0.7628266550629281
49162,0.0
49163,0.08739469287077792
49167,0.29486544815182497
49170,0.3572210172457059
49171,0.6834605631940005
49172,0.0
49174,0.46065176634594135
49176,0.04388056534848561
49177,0.0
49178,0.13927786636828177
49179,0.0
49180,0.1522752308027337
49182,0.31173038519920127
49183,0.03248651608705099
49188,0.1940995171062066
49191,0.0
49192,0.3406502777015534
49193,0.5115801657718526
49194,0.11424069031734936
49195,0.5786715413778402
49196,0.0
49200,0.3022564940995347
49201,0.2362341035924039
49205,0.6731026608470637
49206,0.0
49209,0.6615508191912723
49211,0.11611397525029989
49212,0.0
49214,0.3244254638819832
49215,0.456171657257886
49216,0.42244379889258254
49217,0.5004449126936842
49218,0.03837552556926968
49219,0.731326345568818
49220,0.10962968013009636
49221,0.24944917813175474
49222,0.510982277515206
49223,0.42909373152416697
49224,0.5840591765966944
49228,0.035731388430823276
49229,0.0
49230,0.0
49231,0.5455664933575568
49235,0.7044664828477533
49236,0.4246601780914462
49237,0.23260540721746373
49238,0.0
49240,0.35007430544512963
49241,0.5031226356403238
49242,0.0
49244,0.02188751274942516
49246,0.35614051682784603
49247,0.5019510304829782
49248,0.021911197436719727
49249,0.0
49250,0.0
49253,0.5057778348114803
49257,0.7054302602743684
49259,0.5144907909584712
49260,0.46408352330032865
49261,0.07855034046318586
49262,0.7279455927136906
49264,0.0
49266,0.5219503252096154
49267,0.37542409831643925
49269,0.47368358561116136
49271,0.5331173361428477
49272,0.5103294842016391
49276,0.0
49278,0.5678463755218267
49282,0.0
49283,0.5120323925644413
49284,0.5924984709910956
49287,0.0
49288,0.736183864336355
49289,0.0
49290,0.0
49291,0.7975392551158865
49292,0.26427861677689723
49294,0.5049122275030459
49295,0.0
49296,0.0
49298,0.4064612555824566
49299,0.5099016362144339
49301,0.030668720844260384
49302,0.4186350598714231
49306,0.5824197447360268
49307,0.08013374123611683
49308,0.4767685656617692
49310,0.16714509592692045
49311,0.6560411998778727
49313,0.0
49320,0.0
49321,0.2969702268767998
49323,0.30454139494348237
49326,0.6030768823073503
49328,0.08218445843937164
49329,0.6842745582597425
49330,0.5136513471058692
49331,0.042773790505943855
49332,0.2614869834049301
49333,0.14475377809020587
49334,0.25925484452781633
49336,0.19944339027380836
49337,0.0
49338,0.5567448771212422
49339,0.5370535745317563
49341,0.730595214071647
49343,0.31074041746157954
49344,0.42098745841457713
49345,0.039024677197253596
49347,0.1453201507326627
49349,0.0
49350,0.0
49352,0.5236249229475821
49353,0.3241784765761699
49355,0.6150391316265515
49358,0.6780411939134648
49359,0.5681388794493759
49360,0.0
49361,0.5495650691459951
49362,0.6781960663907292
49363,0.0
49364,0.739932136622744
49367,0.07853595334093533
49368,0.3920133063407317
49369,0.1955856131070421
49370,0.17781521262856043
49371,0.3934419009161875
49373,0.021749128196492617
49374,0.6735385331080451
49375,0.0
49376,0.0
49377,0.22752612880961798
49378,0.50021015694939
49381,0.37553123715364944
49400,0.0
49540,0.0
49800,0.0
50000,0.0
50002,0.46810549056607154
50003,0.04019291870828434
50004,0.5168505618017132
50006,0.5785580741167793
50008,0.6466618612627484
50013,0.36055810157747237
50015,0.4115357022479385
50016,0.4872093657290623
50019,0.9951589113829706
50021,0.7637014686535833
50022,0.27604910729935417
50023,0.2879959419957866
50024,0.5084405564940964
50025,0.5208844683542567
50026,0.4482333399058274
50027,0.9620889909001723
50028,0.5641098793770858
50029,0.18516144294898018
50030,0.7412068748391931
50031,0.08002785009651033
50032,0.39800433589816836
50033,0.18801124809169134
50034,0.6332769112860158
50036,0.46017888953152053
50038,0.46841711256685314
50039,0.7256100737032103
50040,0.5953334681296799
50041,0.033767599222211224
50042,0.9990909754080274
50044,0.4252808798217718
50045,0.38752024347624325
50046,0.4784124872858482
50048,0.8222921759798487
50049,0.19733384168388743
50050,0.6815818534703584
50052,0.5266159951015807
50054,0.5940344219743379
50055,0.24717676156058999
50058,0.09850758653158485
50059,0.6814268648160445
50060,0.7870345866580386
50062,0.7969187538662356
50064,0.3482456626530819
50066,0.7269485659813656
50069,0.6252369975644171
50070,0.7479081108822404
50072,0.34337846234192654
50074,0.3250376016875991
50076,0.1444978870272367
50077,0.7691793553228021
50078,0.16126899611761314
50079,0.5523376972437741
50081,0.334567942096091
50082,0.06288479116567425
50083,0.4337034778922818
50084,0.35123148918205266
50085,0.26123041938302555
50086,0.7638315033627895
50087,0.4322952714283165
50088,0.5243486904933908
50090,0.23842085128514534
50092,0.36951078763876083
50093,0.4699439418191126
50094,0.4564518697243639
50095,0.362521642748678
50096,0.7928151131000382
50097,0.1985245861922411
50098,0.4732777447587599
50099,0.029861702879378664
50100,0.0
50101,0.8299322624056693
50102,0.946730225333432
50105,0.35967195718095324
50106,0.5842192547772597
50108,0.9863203316623996
50109,0.3680244799097528
50110,0.5379707047707845
50111,0.33899566927486185
50112,0.5566142692451467
50115,0.9444754337490103
50117,0.9660711580184044
50118,0.5223381505973005
50120,0.41973147615442774
50121,0.6905824815660913
50124,0.43554540687344984
50126,0.965250287760729
50129,0.07370309131280875
50130,0.698654095185924
50135,0.7553646871202476
50137,0.7266710814590182
50138,0.21307576400979394
50139,0.1348878545048074
50142,0.7352459211608132
50143,0.3593509452502421
50144,0.6511008291492811
50145,0.3777543364886041
50146,0.9952549317224513
50147,0.13032368716783738
50148,0.5591962706067143
50149,0.4340675330492756
50150,0.2928327717901857
50151,0.48352489594951586
50152,0.7081566730289498
50155,0.991439548849628
50156,0.41620605804856137
50158,0.4296673403628859
50159,0.44548000383038167
50161,0.48867369015386747
50162,0.7353172481614438
50164,0.41302650400579694
50165,0.34100980830339667
50166,0.3578949090948788
50167,0.9687198998703075
50168,0.8479485248612665
50169,0.39731905012064633
50172,0.35010588917977076
50174,0.47534005865446993
50175,0.2264793747439069
50176,0.5342070229203485
50177,0.35191904414824454
50178,0.6880055629352966
50181,0.3551775393808047
50182,0.2527398261867578
50183,0.15308591585833245
50184,0.09541999199139944
50185,0.7042528290017095
50186,0.3350226068021679
50188,0.3615187068764706
50190,0.3603462209143949
50192,0.7667883441436735
50193,0.4880935913112798
50194,0.3443644615515487
50195,0.6693744985820306
50196,0.4939331692316645
50197,0.22345807815100593
50198,0.24496509072129727
50199,0.9880091972546112
50200,0.15994946675940044
50205,0.9542758812764663
50207,0.2664335133921275
50208,0.2725463643622139
50209,0.7025766926548637
50210,0.2442274378017275
50214,0.7899744779279263
50215,0.0385951436722278
50216,0.3685218220452434
50217,0.3460438238647504
50218,0.16804832858225013
50219,0.29179793148188815
50221,0.5194675606638182
50222,0.37149639881763846
50224,0.0
50225,0.7139999606870481
50227,0.3031023869759871
50228,0.3967891250833298
50229,0.548713383164488
50230,0.5766887405973986
50231,0.3591431159861635
50232,0.3893334161619318
50233,0.23076366815352103
50234,0.6354860722296627
50235,0.14816679520465698
50236,0.03298172007733603
50237,0.42800819549030106
50238,0.5389226318628808
50239,0.31981321518965283
50240,0.4591375947343211
50241,0.32682444391318466
50243,0.23488797061153885
50246,0.734099985435312
50247,0.5398387468607255
50251,0.6035877876895248
50252,0.3187516698790021
50253,0.996448040704738
50256,0.07986540047370945
50258,0.31294094638754033
50259,0.9850804652606896
50260,0.12288754298987276
50261,0.6228021893315665
50262,0.6869256887402772
50263,0.2776560687501168
50265,0.27989181051737844
50266,0.46706902433670244
50267,0.13944178234602828
50268,0.22112476192851152
50269,0.539103624371442
50270,0.5704594126724162
50271,0.7462703989775031
50272,0.1972900411598574
50273,0.18919666517617706
50274,0.16468431197645447
50275,0.7059753034088192
50276,0.9581182712809339
50277,0.4444444444444444
50278,0.512356653797556
50279,0.39959845368025726
50281,0.4340742644092252
50282,0.5634814108496863
50283,0.645249829898596
50285,0.1957212026623369
50288,0.9502033013848804
50289,0.40387034487255974
50290,0.9609346405681614
50291,0.9111202124529496
50292,0.12406694953849508
50294,0.5725062897255316
50295,0.6721147225318364
50296,0.8269433096877837
50297,0.4918230338644639
50298,0.23522054075594767
50299,0.1761005192377906
50300,0.35290899239378487
50302,0.6206388728729175
50304,0.47869094937951756
50305,0.7983624418783403
50310,0.5359653165626035
50311,0.6541596544076537
50312,0.5596783115985057
50315,0.3744778588424552
50317,0.4091627280866662
50321,0.5958621800805732
50324,0.5453627628668528
50326,0.6216906924465977
50327,0.5503722169484727
50328,0.3408098836655421
50332,0.37168338735425144
50334,0.646478000318495
50335,0.7403174614491184
50336,0.583255003759171
50338,0.8120503110383165
50340,0.4077326440904642
50341,0.10774869170694837
50342,0.4843102444614323
50345,0.27163783149802767
50347,0.9839967484757517
50349,0.18321808092786337
50350,0.4591843620032643
50351,0.6364812808974519
50352,0.5112929263307402
50353,0.9990620248781629
50356,0.5041159120422215
50357,0.8640129585137024
50359,0.0285437754667658
50360,0.638776071820828
50361,0.6045181289651798
50362,0.3272047057031252
50363,0.4003920700622303
50364,0.19672630221757206
50365,0.3442841720748656
50368,0.378809421631599
50369,0.5742038936933477
50370,0.17291424718466755
50371,0.18670867891583673
50372,0.4233418657212331
50373,0.6560581887920435
50374,0.3374914883674716
50376,0.37602269919286585
50378,0.5301189279281341
50379,0.662457859267243
50382,0.6580882603129136
50384,0.903923767533371
50387,0.27010695662641326
50388,0.14195861829257497
50389,0.26384116010754916
50390,0.25925034593359914
50391,0.08739426664136145
50393,0.17432803491370522
50394,0.17838413995153574
50395,0.32323640567738254
50397,0.695186398332291
50398,0.6287790493072383
50399,0.5855800939058872
50400,0.06429846710113712
50401,0.07410701158347466
50402,0.027344005537548132
50403,0.11915568197159385
50405,0.24399751581813592
50407,0.9479579286534203
50408,0.9819092484562334
50409,0.22988407900412527
50410,0.9750537029245603
50411,0.9434315357018423
50412,0.04333284951739277
50413,0.9865135258436657
50417,0.1101495667802707
50419,0.11455447236384869
50420,0.48684108387945624
50421,0.2039426138337698
50422,0.361840445558331
50423,0.660753901393675
50425,0.45665557668012985
50426,0.30543778392556065
50428,0.5101950838899063
50429,0.20247696782948477
50430,0.35392934596855635
50431,0.33202995259791224
50433,0.11555628660033085
50435,0.5791183908529975
50436,0.12401776090388243
50437,0.27857664787200137
50442,0.0637263794358976
50443,0.9922892317181125
50444,0.35772024180420625
50445,0.4855138518082541
50446,0.5481464673695339
50447,0.36208493649174284
50448,0.9775381973666251
50450,0.3758906653393475
50451,0.9600398884370431
50452,0.15124544567372245
50453,0.8092312491886333
50454,0.5198735995455979
50455,0.4567416662308024
50456,0.22287669171114333
50457,0.27921693430790356
50461,0.24857610924598975
50462,0.23384918558878112
50463,0.41292097622547347
50464,0.26717047790611387
50467,0.21490922552340697
50468,0.47739668550384184
50469,0.4622924222420297
50470,0.0
50471,0.18457482978590353
50472,0.620581368762279
50473,0.5647313528878899
50474,0.37280680044056735
50475,0.6320078081617125
50476,0.5748770263020989
50478,0.6828773347847761
50479,0.9296909905364594
50480,0.06997207920266574
50481,0.07310909369723637
50482,0.29672698682165993
50483,0.5637622253534573
50484,0.05972104489838741
50485,0.0
50486,0.08622933174422472
50487,0.9043993596104112
50488,0.5221201106133587
50489,0.9549334270440417
50490,0.16674394546377364
50491,0.5534486046016973
50492,0.2937131091927173
50493,0.25965742274511866
50495,0.7292634946458247
50496,0.9734751603787559
50498,0.6430321305167861
50499,0.5055087351780858
50500,0.9713282226697257
50502,0.0755127737372661
50504,0.6436674542707044
50505,0.9430446619097669
50506,0.22429172201806052
50507,0.28249601373753414
50509,0.38981374758143045
50510,0.35232714560010414
50511,0.8565359039308269
50512,0.47216725815243255
50513,0.5558068033629261
50514,0.5130745842860431
50517,0.77688637458979
50518,0.6824976498716274
50519,0.5923844430336248
50521,0.8549247959926195
50522,0.1667245069012511
50523,0.24774531689661322
50525,0.7209171093406959
50528,0.2586560882974887
50529,0.6813955731708066
50531,0.42386780527217266
50532,0.10237600991542885
50533,0.2775132260513355
50535,0.40041468414012343
50536,0.16360031992577034
50537,0.5942551745316136
50538,0.5654457274624004
50539,0.5866504964167665
50540,0.9246962043877884
50541,0.32221188110900056
50542,0.655215135243887
50543,0.9326596582333883
50546,0.15906127987280533
50548,0.26254091204547586
50549,0.4828630785130203
50550,0.05785393713569852
50551,0.18064179885782375
50552,0.3716899934123483
50553,0.9866819894057981
50554,0.8705217414937961
50556,0.4901862768309449
50562,0.1380309313781671
50563,0.7771100649592242
50564,0.1921844290790873
50565,0.8433620865787386
50567,0.6907802511876537
50568,0.26113561512407096
50569,0.3732535689448831
50570,0.24561923624137108
50571,0.8168224529297526
50572,0.18372554587542964
50574,0.9950985255738082
50575,0.569373282506589
50576,0.24180097075477636
50577,0.20399067915348965
50578,0.33263225104847693
50579,0.40968220295991925
50580,0.43535534324787295
50582,0.1325534067456467
50584,0.9595463256658386
50585,0.050191170616432
50587,0.3213272562777677
50588,0.6210422362068699
50589,0.9962535344617128
50590,0.5642615475030094
50591,0.10109179157580976
50592,0.30804621321570713
50593,0.729689248500874
50594,0.3742870748611241
50596,0.7874326421800427
50597,0.3698872717337749
50598,0.9327238972981529
50599,0.5609267131004981
50601,0.19418907933218965
50603,0.1522161809070075
50604,0.34014351408203997
50606,0.4002553975427262
50607,0.5557753087222858
50609,0.748411284422539
50610,0.27744634015475217
50612,0.9811052919209375
50613,0.8540960275045074
50615,0.1893790861737278
50616,0.9325734281206409
50617,0.3640930652756827
50618,0.7511730823300038
50619,0.7788839821703397
50621,0.36786487138035384
50624,0.3344494465774603
50626,0.4546334680345232
50628,0.6059654722711284
50629,0.20169815307795444
50633,0.889681018929642
50634,0.7748271847498384
50637,0.6353825468019678
50639,0.2774465216928301
50641,0.4628043438602987
50643,0.4311549668527698
50647,0.6358329960858755
50648,0.4313444556267604
50880,0.0
51000,0.0
51001,0.736588300592811
51002,0.7090759392164367
51003,0.8865452998379328
51004,0.5218850057892619
51005,0.020228442010013607
51006,0.3456396024323072
51007,0.8962837892409988
51008,0.5670997203578221
51009,0.34101951406537817
51010,0.034215262253198826
51012,0.5199629353394314
51013,0.5139953636833032
51014,0.17184660385519654
51015,0.6947271101062302
51016,0.2912944571371407
51017,0.29131790166366783
51018,0.8196649709252433
51019,0.23250847786938184
51020,0.8414726844953134
51022,0.8088571338767805
51023,0.9399207732971805
51025,0.6351258439688066
51027,0.06151988064900742
51028,0.8247350887792985
51029,0.44592907988419067
51030,0.5614733315139542
51031,0.36500224194060776
51032,0.4752136556114834
51033,0.8436902189427595
51034,0.04953079680268703
51035,0.030755424752859414
51036,0.17224676676386177
51037,0.4179529386732806
51038,0.8196459774920701
51039,0.23684684350574245
51040,0.27612550479307896
51041,0.6437936390108313
51042,0.029066877757918365
51043,0.5141938171890946
51044,0.8223750912419779
51045,0.7788628122099985
51046,0.7272768314938046
51047,0.3357257295253238
51048,0.8283570525898245
51049,0.46942945283777054
51050,0.08520372057053391
51051,0.7985119201990313
51052,0.8229521592659891
51053,0.548009836365083
51054,0.021887563952641898
51055,0.5568618472096103
51056,0.3002701645627241
51057,0.0389090657096783
51058,0.6597479284366762
51059,0.44387117117375685
51060,0.6357402677429329
51061,0.9647957738666972
51062,0.3273832060218317
51063,0.7562818768983127
51065,0.26204467060352726
51066,0.5662497731777594
51068,0.5934432252340516
51069,0.8868872015972366
51070,0.060126029650029715
51071,0.5635184079736044
51072,0.8784755330114938
51073,0.8107507827309008
51074,0.564352470171413
51075,0.6269015209303018
51076,0.7800681403185843
51077,0.7711344431532152
51078,0.8594225814148986
51079,0.7735798237051716
51080,0.4086052002597645
51081,0.8082775048770569
51082,0.7298784021243002
51083,0.634360957141481
51084,0.2647165377309668
51085,0.1223286125575174
51086,0.750556920637634
51087,0.9446285342303573
51088,0.7918744969084842
51089,0.7981254631201693
51090,0.021440787188177386
51091,0.02516978129776884
51092,0.022363095907522102
51093,0.8032891245763997
51094,0.3616489690305331
51095,0.5999986188526389
51097,0.9068145238178867
51098,0.023878299346478463
51099,0.8954723325749717
51100,0.7287668012936024
51101,0.7311886131813272
51102,0.7771891493322314
51103,0.6184250213640642
51104,0.16270053210145577
51105,0.8039733914677608
51106,0.9319687731252027
51107,0.8370923063174848
51108,0.19113796737974031
51109,0.8318388660178638
51110,0.8667098153885082
51111,0.8797135160215618
51112,0.8596995669493098
51113,0.03748417474710145
51115,0.9390083022255716
51116,0.12465068440868153
51117,0.9216906787185855
51118,0.8555560676701869
51119,0.8913994150652129
51120,0.8421662543268003
51121,0.19439404849396014
51122,0.35663598760916204
51124,0.5403147724023144
51125,0.4864541896313157
51126,0.47043537304632344
51127,0.46023345372316554
51128,0.07308142592321847
51129,0.035622977818296805
51130,0.022999229390266974
51132,0.34383260000040683
51133,0.25044439006136404
51134,0.3719857527589041
51135,0.12588367877261744
51136,0.6194883708618402
51137,0.04176211253146295
51138,0.7356278436157728
51139,0.8089471506807472
51140,0.875175471426268
51141,0.487625149536992
51142,0.8870131037200628
51143,0.5112130928061898
51144,0.4523957347226756
51145,0.8162579422622159
51146,0.9316310683831035
51147,0.918852500799531
51148,0.8657164565999113
51149,0.9044225095894753
51150,0.9157323955618468
51151,0.2524255051210754
51152,0.876202352622398
51153,0.7595077383840324
51154,0.34445583730895085
51155,0.6040475079239677
51156,0.24015493299707857
51157,0.029117241820076474
51158,0.02714447554465748
51160,0.9182309779277209
51161,0.8247272758045783
51162,0.5236177164155866
51163,0.578985265766153
51164,0.7748459903759259
51165,0.02006803670996066
51166,0.0345204249381039
51167,0.5007554149989412
51168,0.93473350013863
51169,0.13756457483590673
51170,0.0679871378586406
51171,0.2977033853585171
51172,0.9709937311419431
51173,0.883401567867492
51174,0.8465472599307213
51175,0.07290865895824654
51176,0.08947284915795965
51177,0.8559389254280054
51178,0.944861880247226
51179,0.6843451806825774
51181,0.752296469731807
51182,0.40777131938873157
51183,0.7684218685612697
51184,0.359109634647315
51185,0.29317767116731275
51186,0.029030797592726067
51187,0.5338649940814086
51188,0.8743504709708333
51190,0.8975682425961433
51191,0.5188151041580951
51192,0.3010937080254761
51193,0.6276584431683655
51194,0.41542745845675855
51195,0.3768908096716113
51196,0.7723580823777572
51197,0.20450965982690997
51198,0.44084694142785386
51199,0.8734597311400077
51200,0.9234533000265492
51201,0.8179334739155691
51202,0.9169475179803667
51203,0.9057873645555379
51204,0.7621897672617816
51205,0.9312160937445352
51206,0.3655343577233494
51208,0.7599219778335854
51210,0.8882100688627224
51211,0.7625070639847282
51212,0.641257095266625
51213,0.6628395200181887
51214,0.17807185393048056
51215,0.4819198770654595
51216,0.19635279190101265
51217,0.08429236702741545
51218,0.3006036247849371
51219,0.22075191517821305
51220,0.2745552052014645
51222,0.3296315478520203
51223,0.5879782444048469
51224,0.3532709994380539
51225,0.8641649444615931
51226,0.44074340852271626
51227,0.917675438880448
51228,0.8261445891517495
51229,0.282203079033037
51230,0.3693447935870951
51231,0.8664024325992599
51232,0.8222127293782878
51233,0.2805757789600365
51234,0.4489156544042784
51235,0.029118208724157643
51236,0.07505779745248943
51237,0.021703310751990074
51238,0.7116173757243769
51239,0.7850899058496219
51240,0.6180871964940746
51241,0.7473333891701784
51242,0.8653316716680798
51243,0.0985959953527158
51244,0.8607571419405277
51245,0.6772316937049644
51246,0.5500409297653331
51247,0.4730325351167566
51248,0.08454903412084476
51249,0.732090872247987
51250,0.25523289620114686
51251,0.8227600491338554
51252,0.9188923376717808
51253,0.8022848472843758
51254,0.404196219175842
51255,0.08571645546380247
51256,0.8624997304995451
51258,0.19806788173443848
51259,0.8985887238262419
51260,0.39001197455558917
51262,0.41550611039844104
51263,0.03796706203869933
51264,0.043397191727371054
51265,0.0845247791012314
51266,0.8683579697489399
51267,0.8160463203542894
51268,0.9147148097110647
51269,0.26691945525200134
51270,0.2552277657107642
51272,0.08628292568322465
51273,0.8595053845641121
51274,0.7275489089775783
51275,0.3801233160086517
51276,0.7180345036112709
51277,0.33320125406397805
51278,0.8548594863749542
51279,0.5653107083953601
51280,0.07579881992308199
51281,0.792049288708398
51282,0.6404433711148823
51283,0.6520601451727128
51284,0.3589350101270606
51285,0.9320697808225564
51286,0.6178122152895116
51287,0.886996630024023
51288,0.4689926682973876
51289,0.4837592004548539
51290,0.30580276779012544
51291,0.660984742307216
51292,0.22864504405359262
51293,0.6280951854372231
51294,0.8425681068427088
51295,0.45663031761792444
51296,0.8424821114992901
51298,0.7760240409476036
51299,0.5773601526580456
51300,0.3468104119635861
51301,0.8987251384656098
51302,0.9112908151402398
51303,0.8733283437804108
51304,0.07512548155261416
51305,0.8114296040659501
51306,0.33043316602766953
51307,0.7793584909137248
51308,0.7097059912592004
51309,0.8418485598112556
51310,0.852886779399849
51311,0.29017351409573766
51312,0.8581396430010261
51313,0.0274785529297987
51314,0.540356725473165
51315,0.4904859882522838
51316,0.5424754043233835
51317,0.1767660177510275
51318,0.7171250503733863
51319,0.8317575277532357
51320,0.7421833393548223
51321,0.7864165719270653
51322,0.37606106340839207
51323,0.02157879590036066
51324,0.022172684112913652
51325,0.2611872588184399
51326,0.7668266202240013
51327,0.8672745503299537
51328,0.23386903776963885
51329,0.6931171121453534
51333,0.8609121781723195
51334,0.38187732855716194
51336,0.8206876233868798
51337,0.573162066096814
51338,0.8689798210705535
51339,0.8837373901135035
51340,0.39760129445590214
51341,0.6722339140119427
51342,0.8990107440109812
51343,0.6115607788401269
51344,0.8528750210845025
51345,0.7857803380594451
51346,0.5484517877661084
51348,0.8879556474939372
51349,0.2718866545751014
51350,0.1223962637531799
51351,0.28533454357379306
51352,0.5756916698845613
51353,0.5405514237897723
51354,0.9158157349089017
51355,0.458206413103865
51356,0.3244025536003248
51357,0.904025622628932
51358,0.3866159951996361
51359,0.27369964257968704
51360,0.032772793932819816
51361,0.7094627670669148
51362,0.826878409976601
51363,0.4574713682222533
51364,0.8401606263872914
51365,0.8477987664071408
51367,0.4448479460583601
51368,0.4820027497037947
51369,0.0331832568561912
51370,0.8067300245680237
51371,0.026310172314924208
51372,0.9159619309640273
51373,0.37629080434725154
51374,0.04047338749648324
51375,0.9351522046109912
51376,0.42978126466318034
51377,0.8964116049092591
51378,0.9222808300886212
51379,0.5110397550427666
51380,0.05703185827325236
51381,0.6423971352455757
51382,0.18094630807100853
51384,0.8293251529498489
51386,0.2763676032787163
51387,0.8111244213785549
51388,0.15417634250826323
51389,0.7969996272076832
51390,0.9259713691810763
51391,0.6960809588056115
51392,0.8785612990580416
51393,0.8802206153964273
51395,0.39442313742447216
51396,0.7718186514496213
51397,0.3992272242411598
51398,0.8269386335081305
51399,0.44438271232046006
51402,0.11804366214799898
51403,0.8443281755397664
51404,0.25769419200660004
51406,0.5249782625019795
51407,0.028560840930131497
51409,0.9312032606299192
51410,0.6952683714605786
51412,0.02630206546782916
51413,0.7935969296435145
51414,0.8272481610428531
51415,0.8374005958671431
51416,0.07381297750221663
51417,0.4934718575048305
51418,0.8572731082035173
51419,0.20790810727917253
51420,0.43899447201715824
51421,0.031488873022035464
51422,0.8496578128759511
51423,0.24660447131873722
51424,0.30827554788673656
51425,0.04342799195182109
51426,0.02296948121061003
51428,0.9265298716610761
51429,0.8025571402148239
51430,0.16166364884887244
51431,0.9736896840951161
51432,0.020072293632307052
51433,0.46643024033633956
51434,0.7777420780083039
51435,0.9212836010024167
51436,0.6999215304398717
51437,0.8137032687868558
51438,0.7032746654333323
51439,0.7331917257215358
51440,0.32591517207563775
51441,0.4295440321540435
51442,0.024568947476175374
51443,0.5703769572101861
51444,0.7772259138540561
51445,0.8772984732398521
51446,0.5748627268744515
51447,0.6598016474907381
51448,0.7894862777325294
51449,0.8187085493072426
51450,0.890206575748114
51451,0.4006271380890664
51452,0.7073867558277035
51453,0.9389324414342617
51454,0.05250853624068851
51455,0.4158751263588413
51456,0.4338570792148256
51457,0.6565950538290458
51458,0.03324154855314862
51459,0.6246793110702955
51460,0.4283608886726128
51461,0.8538444941188916
51463,0.43375459000493793
51464,0.6417271926173556
51465,0.853248822275328
51466,0.759758639076757
51468,0.7654385961505629
51469,0.8993895161872504
51470,0.06099696609102467
51471,0.883650967969208
51472,0.14464035020540975
51473,0.4587852420770599
51474,0.7378411447179977
51475,0.4297001865828221
51476,0.8822490213705326
51477,0.7565628294725505
51478,0.5062494335496439
51479,0.8479148733477551
51480,0.09182145720551158
51482,0.853195177915364
51483,0.9555275929267242
51484,0.22250299681514227
51485,0.9250184126037775
51486,0.2672774394443152
51487,0.13432885688954277
51488,0.8895964571493921
51489,0.036575523681357046
51490,0.8507667023347034
51491,0.28149157706218836
51492,0.41428671955507584
51493,0.9205857500680327
51495,0.02253155336986674
51496,0.30996849403644056
51497,0.5676678110482559
51498,0.4174211583724277
51499,0.9116612484101636
51500,0.22538161303903337
51501,0.019067043696078527
51502,0.6786363876120326
51503,0.26914029065824335
51504,0.9322087507540271
51505,0.6413058689529143
51506,0.766249864930639
51507,0.1790570115832284
51508,0.7718981744608583
51509,0.9077609544919181
51510,0.47295352883553976
51511,0.515342979566179
51512,0.9368640719014969
51513,0.17667886772840616
51514,0.02356333874989015
51515,0.8215241995457905
51516,0.5286389009270336
51517,0.018784979021667685
51518,0.8170806451603165
51519,0.7090347897606266
51520,0.10510501630430327
51521,0.5484805745307122
51522,0.5712060550688989
51523,0.8408063097635061
51524,0.4666138666124003
51525,0.8898897398222255
51526,0.05777710172884293
51527,0.76932929933623
51528,0.6223615081402986
51529,0.6729889894572557
51530,0.8237617659137926
51531,0.1699912647200492
51532,0.8763279500232249
51533,0.5641750174012856
51534,0.8048536691994985
51535,0.0182065274959466
51536,0.7746793632418926
51537,0.5937572400642376
51538,0.9509989773204648
51539,0.22798327688107198
51542,0.035104866891686924
51543,0.5410705083421348
51544,0.021572861200390255
51545,0.9893196676714598
51546,0.021708665580906363
51547,0.259109829430986
51548,0.9010262282324408
51549,0.030398589118420895
51550,0.5635260053102815
51551,0.26986012590569813
51552,0.7933382541578062
51553,0.01831018734415586
51555,0.8913946423791439
51556,0.9454076176201767
51557,0.21240442345303026
51558,0.8519631682272812
51559,0.021107814263385743
51560,0.7697780436672609
51562,0.895823449447063
51563,0.03824358063854199
51564,0.8386447229294938
51565,0.3698840299971605
51566,0.8763152880773459
51567,0.40995026781873595
51568,0.8121282977256897
51569,0.8445619992623387
51570,0.06650226622377306
51571,0.7518791573792579
51572,0.28859732908150104
51573,0.6899953666784269
51574,0.9167707227300596
51576,0.8223079021315415
51577,0.7916173063836622
51578,0.43665930225049326
51579,0.2796448520409929
51580,0.893209918825535
51581,0.8030752056983984
51582,0.7758124665544657
51583,0.48057269973847744
51584,0.9548696851823526
51585,0.6106498612604238
51586,0.5649499713310713
51587,0.909072827565939
51588,0.4984323195719869
51589,0.19533836365641236
51590,0.16228610924344106
51591,0.6274259558193707
51592,0.6196522422809811
51594,0.9022892549105808
51595,0.9475151184641225
51596,0.044047196489830354
51597,0.8891136665722684
51598,0.30289335491491987
51599,0.9361374627077943
51600,0.281901884055055
51601,0.2705767534631711
51602,0.2604475972677465
51603,0.8568683341650363
51604,0.7543514170349173
51605,0.7578916087839537
51607,0.36251484585293736
51608,0.035343566517099925
51609,0.03937029117691761
51610,0.712976142316141
51611,0.5092384945697245
51612,0.1993524614831368
51613,0.8378810014385639
51614,0.8102826780289102
51616,0.9089412172416904
51617,0.8379442608949667
51618,0.558759996835949
51619,0.3161763608712442
51620,0.7218057718011084
51621,0.1529395863401263
51622,0.8573268099616503
51623,0.8924606445659492
51624,0.7217241923028828
51625,0.407175525941564
51626,0.038651758284970375
51627,0.7279053300365005
51628,0.3400581096406374
51629,0.865836251748462
51630,0.7712858617675047
51631,0.9150236384760171
51632,0.5684662511719855
51633,0.8082644362821444
51634,0.9188995425677471
51635,0.03332944801597836
51636,0.8443440363226876
51637,0.7775451639079098
51638,0.7569034959624662
51639,0.12784477821612586
51640,0.4035927296824827
51641,0.03144174589475596
51642,0.6030344773387663
51643,0.8740076306116327
51644,0.2855457930207217
51645,0.037837391256778444
51646,0.5590946490813727
51647,0.503018109862155
51648,0.8644103120571057
51649,0.37391738999528007
51650,0.6720136335317581
51652,0.6260433373678232
51654,0.5703853981530231
51655,0.8929435814260538
51656,0.85210973913261
51657,0.8730740532021682
51658,0.045029250173349425
51659,0.06920376341566205
51660,0.35781894639240586
51662,0.5135482230572093
51663,0.9647304775644742
51700,0.0
52000,0.0
52001,0.8257872850759513
52002,0.9823300962172773
52003,0.3760277136993933
52004,0.7040779535414481
52005,0.9694200991719839
52006,0.5408934668216331
52007,0.44796932519318805
52008,0.12598800110173514
52009,0.9865729221138655
52011,0.8068478729583076
52012,0.61374535015142
52013,0.9757870079988318
52014,0.9903436759178131
52015,0.9541762149956493
52016,0.9792591174495956
52017,0.6425655820030366
52019,0.132109485373963
52021,0.5721910944759071
52022,0.9679375986856253
52023,0.9429010983549463
52025,0.9709940891254251
52027,0.986641331889465
52028,0.9884554227266767
52029,0.8484119957058851
52030,0.7925619298326553
52031,0.9512817372161552
52033,0.9951354837385838
52034,0.3103009746561308
52035,0.9795212797033285
52037,0.9594118879817013
52038,0.9876752341645029
52039,0.3946426737473068
52040,0.98932648705191
52042,0.9653198791834271
52043,0.07904676574855281
52044,0.1276240145939019
52045,0.7417431828949198
52047,0.6968362196975076
52050,0.11953994417166869
52051,0.9747028120527487
52053,0.9103264135790334
52055,0.4096549461338439
52056,0.9742276002489498
52057,0.419559994987681
52058,0.1286831664914972
52059,0.9919997464338884
52060,0.7258428712458663
52061,0.386367361360944
52062,0.9660339144196594
52063,0.11891973813085274
52064,0.4664874817729032
52065,0.106767687390962
52066,0.38083838215199495
52067,0.16464579476948527
52069,0.9685045170794688
52070,0.9776089028939441
52072,0.728106466338111
52074,0.8977010249145386
52075,0.2181349371791721
52076,0.962903106011223
52079,0.5161933888454406
52082,0.954815178332642
52083,0.2705007285895149
52084,0.5488930706663081
52085,0.9779827414438405
52087,0.9295235452136537
52088,0.08102308936139485
52089,0.9830355331294227
52090,0.9643393419328914
52091,0.41020890984775527
52092,0.9085973049088699
52093,0.6644307404739803
52094,0.9550948596318357
52095,0.1397783757510522
52097,0.10882681729400911
52099,0.5048777116690221
52100,0.0
52101,0.9753477408516426
52102,0.9307668715123274
52103,0.9655181637607689
52104,0.57122317460509
52105,0.9599646364738411
52106,0.9722110818479812
52107,0.2943374512363356
52108,0.9722872056118873
52109,0.4022766784436799
52110,0.31277620790789956
52113,0.951858133755575
52114,0.9522224444617347
52115,0.9622583535759212
52116,0.9766750644976436
52118,0.7142908730885607
52119,0.8897032071211047
52120,0.9889040515722689
52121,0.044716534509420564
52122,0.911849493602908
52123,0.35896952174974417
52124,0.9692412344129705
52125,0.44105183499355777
52126,0.7986605731347354
52127,0.9872477917299142
52128,0.34578067366354504
52129,0.3342657028981642
52130,0.9830642034859599
52131,0.40553021651511834
52132,0.8810644644492609
52133,0.10069567546108178
52134,0.9607755480491581
52135,0.980572872333257
52136,0.9655641022790432
52137,0.030494487519187662
52138,0.9871588475817119
52140,0.13978418212057453
52141,0.8217780898509741
52142,0.31971171545313987
52145,0.4990986770751157
52146,0.9827842633626978
52147,0.9946833178570563
52149,0.2543749487572606
52151,0.9644266717816486
52155,0.9552434705279146
52156,0.6348221508621805
52157,0.40224664574308694
52158,0.06752344489282189
52159,0.9677273684202099
52160,0.4977723043724668
52161,0.9876793719302959
52162,0.9931075718528115
52163,0.9633276315214764
52164,0.9714257958022271
52165,0.9754136856150128
52167,0.3900833905728721
52168,0.9823892207109708
52169,0.35002385517762996
52170,0.9400753564997381
52171,0.27201559134051756
52172,0.25540293964350425
52173,0.6184391013920287
52174,0.966355931618543
52175,0.27528960623278964
52177,0.09871191746741413
52178,0.13739684137432276
52179,0.335019221063478
52181,0.30795872101339133
52182,0.12003433415344116
52183,0.12580113277205893
52184,0.6491705472321629
52185,0.3953243494594932
52187,0.40874559045385167
52189,0.9553264389775841
52190,0.6941041573511033
52193,0.7947586587588003
52194,0.29772171949703047
52195,0.07000071275879115
52196,0.8930419389352284
52197,0.08417047361654925
52198,0.5415686860236403
52199,0.6774929731130012
52200,0.9950310315070624
52201,0.3387984458960513
52203,0.6198254706303901
52204,0.4141776698035696
52205,0.5294994695112597
52206,0.4755313134797611
52207,0.9870178533310539
52208,0.39500998628830936
52211,0.18728765936870467
52212,0.6551841442154233
52213,0.07567949562714701
52214,0.46274324628274066
52216,0.9938342947608654
52217,0.9698056386130703
52218,0.5205206235770785
52219,0.5938507818356243
52220,0.9863852016625272
52221,0.9080652738674543
52222,0.5809240155338085
52223,0.05757219352893991
52227,0.5705789263628637
52228,0.9370807562097586
52229,0.5838449732632763
52230,0.2394126061131586
52231,0.5743416350796654
52232,0.03392850630168318
52233,0.2604815198337377
52234,0.9160759162099759
52235,0.6640662134365394
52237,0.7622541164504655
52240,0.9602709718097001
52242,0.8793856406575434
52243,0.8777677907801983
52244,0.490500109271756
52245,0.14519890206143155
52246,0.9531350540694876
52247,0.08408792822572415
52248,0.9580016104480581
52249,0.23282425070589072
52250,0.29099281797613524
52251,0.6899741634286071
52253,0.7937447944581054
52254,0.8985350597389655
52256,0.4326850748967577
52257,0.18733057283174784
52258,0.9515844730281467
52260,0.2972030699364901
52264,0.9869156264062614
52265,0.39244118735373645
52266,0.21237159146307036
52267,0.5513325889574884
52269,0.4356401106531182
52271,0.8613491484943727
52272,0.9699571102437028
52273,0.9765472201006149
52274,0.9200135543860971
52275,0.9796465043039354
52276,0.4244420749493843
52277,0.993080599673405
52278,0.9366894466007816
52280,0.9671115986466485
52282,0.9088950841234497
52284,0.49179839582149704
52285,0.9789982215795789
52286,0.09136373608783062
52287,0.9673933777009192
52288,0.627592190292038
52289,0.4566178842577384
52290,0.6204836804037712
52291,0.9662863153049537
52292,0.9219776458478743
52294,0.2768107524568715
52295,0.8231993318096665
52297,0.6529190215321774
52298,0.9553404218981892
52300,0.6011974176389817
52301,0.9654687309337859
52302,0.6773261523054672
52303,0.9520846256219413
52304,0.9380628663999063
52305,0.7403691063574804
52306,0.06055151941232223
52307,0.8861841786898063
52308,0.9466038880261621
52310,0.5225327612991992
52311,0.9629510702360046
52312,0.9758771405024259
52313,0.38039022930694066
52315,0.34902158153036766
52316,0.4622943460472304
52318,0.1655271967632923
52319,0.9501090393833275
52320,0.9884502633104681
52321,0.20977510187972612
52322,0.8658008614206204
52325,0.9507842797586015
52326,0.5316230410924322
52327,0.45238708843240605
52328,0.9670219016856657
52330,0.9328131709109889
52331,0.03254781453605135
52332,0.9420465424190708
52335,0.032014158506734856
52336,0.5966232426620055
52337,0.7010590570314674
52341,0.5069340317628162
52342,0.08084955042436251
52344,0.9654428970781316
52346,0.4816809988868291
52347,0.5652186199082896
52348,0.9490046826153824
52349,0.6943219763538269
52350,0.2503731908531456
52352,0.9723767297326853
52353,0.36258660695462075
52354,0.9375858830797653
52355,0.9924573998079358
52356,0.6243095499973446
52357,0.6577510296934304
52358,0.9879878302947034
52359,0.3916437488547212
52360,0.12540131045144795
52362,0.9706574488202613
52363,0.962678915215285
52364,0.987811608552687
52365,0.9833071253711714
52366,0.9716378861766003
52367,0.4267015221727908
52369,0.07601879555689597
52370,0.4324462052044804
52371,0.38257074314702433
52372,0.7075427889065539
52373,0.11518378255628543
52374,0.925952452709359
52375,0.9474582902104534
52376,0.4819453230127547
52377,0.9814582398771899
52378,0.5352561096514018
52380,0.9459742886414789
52383,0.9783341418325191
52384,0.996959055212183
52385,0.9674873775848957
52386,0.5827878866903384
52388,0.2326678889702363
52390,0.10829413845546405
52391,0.3902200632919792
52392,0.9688829639893983
52393,0.9820530387487192
52394,0.12627584617523666
52395,0.019923675564181058
52396,0.9695555276817346
52397,0.9815621962217275
52398,0.6441381508545876
52399,0.9889301495314542
52400,0.9853705447465246
52401,0.534457683708432
52403,0.9762688620980018
52405,0.6517818323777023
52406,0.1737662565304525
52407,0.40214702043922684
52411,0.029125238848525213
52413,0.334130624542837
52414,0.572010184112734
52415,0.981306443772751
52416,0.99108841737408
52419,0.971721547034166
52420,0.06914234932795121
52421,0.4339648491227085
52422,0.8810861504698604
52423,0.028029843932775397
52424,0.9453780380524849
52425,0.8478965878890833
52426,0.5756528632688286
52428,0.33143879804391824
52429,0.5795429155228753
52431,0.9674878189594942
52432,0.7831011576220107
52433,0.06568876532018707
52436,0.3077006227885476
52437,0.9891569027384711
52438,0.864953037688779
52439,0.9907097149281312
52440,0.17250644763569503
52442,0.7070734071841593
52443,0.6572212036077598
52444,0.08181674931600677
52445,0.9511340579572727
52446,0.951965964971775
52447,0.9664147420135781
52448,0.08007829355923445
52449,0.678520816710683
52450,0.957963740162663
52452,0.948438090812629
52453,0.9629809836219098
52455,0.15829920672490488
52456,0.32298002458274955
52457,0.956536269621652
52459,0.851846752073877
52461,0.972352029483263
52463,0.5520341893901566
52464,0.13221066875589804
52465,0.9907310730962349
52467,0.10190746582988443
52468,0.09685885472004796
52469,0.8260771490506359
52470,0.7929021314539727
52472,0.8647961544712934
52473,0.2923865971595643
52474,0.9748014975434538
52475,0.6957683761439749
52476,0.8081572301225606
52479,0.03337417180913833
52480,0.30220036679558854
52482,0.6530957245508502
52483,0.9657838922673629
52484,0.9003741489817333
52486,0.979241412284478
52487,0.1773139300406897
52488,0.904401551948012
52489,0.9600079666140547
52490,0.6927820999655283
52491,0.6992704520277174
52492,0.9568398105486128
52493,0.0673931840329813
52494,0.4658076404741651
52495,0.6461657031398109
52497,0.650478983825605
52499,0.9739985442271536
52500,0.4724717552479295
52502,0.6174898765350344
52503,0.06597133422835286
52504,0.9558896435485849
52505,0.8068249182038997
52506,0.9520682674868527
52507,0.9845985649474259
52510,0.5434922010379064
52511,0.6451676688116126
52512,0.8744337294061664
52513,0.25033725400472817
52514,0.640874282388692
52515,0.9618263767132295
52516,0.979703680801234
52517,0.23381823986349534
52518,0.8626794776712696
52519,0.9524862793333432
52520,0.9814052019147476
52522,0.16574703392803647
52523,0.03757673410581749
52524,0.44852140385171535
52525,0.9708299980208276
52526,0.9838228474183732
52528,0.22965600965004898
52529,0.768765278023025
52534,0.43964745647451137
52535,0.7467329898538858
52536,0.9880533771262082
52538,0.8030481250426074
52539,0.943968781507967
52540,0.9892814643283531
52541,0.9209472682327916
52542,0.9699183077462133
52543,0.32731437789474305
52544,0.207482181124247
52545,0.9854990382248027
52546,0.09612959286770112
52547,0.2729936199584344
52548,0.3315930775890336
52549,0.9659266648074857
52550,0.23383267506487881
52800,0.0
53000,0.0
53001,0.27486669570188976
53002,0.4043891841739663
53003,0.03396292345069875
53005,0.23551972497658444
53007,0.2715600177385551
53008,0.05905941909210008
53009,0.7037698459555922
53010,0.33345051188544883
53011,0.5724530116249273
53012,0.7705791566054842
53013,0.07921148443986818
53014,0.0
53015,0.27620367907068294
53016,0.1683811081504007
53017,0.3847833635112648
53018,0.09598580606326362
53019,0.8419608697187116
53021,0.09226514513939377
53022,0.3298147119773733
53023,0.3433896708114868
53025,0.3542269207061352
53026,0.22069405645855084
53027,0.3859051034863271
53028,0.11879678912374524
53029,0.6348310639000194
53030,0.8301042303873815
53031,0.3877210219482395
53033,0.18874076551920319
53034,0.1274989185971341
53035,0.17708609034139744
53036,0.7898878904333834
53037,0.5212369672201836
53038,0.8855604376943083
53039,0.23404367137734114
53040,0.11427881859574243
53041,0.1398850683387344
53042,0.1388554026843682
53043,0.39199981396414785
53045,0.31219967766177387
53046,0.8346017277682807
53047,0.313564300459066
53048,0.29846552313044233
53049,0.4074228797544724
53051,0.08200242320195492
53052,0.8291571120797057
53053,0.14385768126234313
53054,0.06942951710059983
53055,0.15047597291937534
53056,0.4470012516952482
53057,0.17674477666812058
53058,0.7627670915538852
53059,0.43187724730828225
53061,0.7145998917660857
53062,0.6892113246052884
53063,0.8958815361131527
53064,0.0852178323908017
53066,0.8403299225715802
53067,0.37931409769957514
53068,0.8292129404605043
53069,0.8647621021684867
53071,0.17322045925915605
53072,0.14206783284877889
53073,0.05999537181838596
53074,0.22230809863012088
53075,0.7322362607161819
53076,0.6138999478329605
53077,0.08535016260018134
53078,0.9124631299569136
53079,0.15116125125339033
53080,0.9106063055444444
53082,0.3596434864052095
53083,0.07101167876267142
53084,0.21226918364580394
53085,0.12987218483996998
53086,0.2741965031050086
53087,0.22518680496214832
53088,0.11681106826671787
53089,0.8596203836175877
53090,0.8081518138171948
53091,0.16618879046626217
53093,0.5997246736836247
53094,0.39206048816843886
53096,0.09844111598762521
53097,0.03970011882205057
53098,0.18169519695594152
53099,0.3746868416385417
53100,0.15366329099106787
53101,0.93937028056472
53102,0.2497980061259536
53103,0.2861554702692552
53104,0.8028179776858297
53105,0.49658445411796487
53106,0.7056479565677393
53107,0.0759582828857413
53108,0.23017748834326068
53109,0.11075265077516087
53110,0.8292585637991307
53111,0.11270808999415642
53112,0.09864219842969939
53113,0.117363866013307
53114,0.14756557638865686
53115,0.2885040279159723
53116,0.11993847219487913
53117,0.7942551325859303
53118,0.7798524398885339
53119,0.14548508646436026
53120,0.0720602157224753
53121,0.6257195961689741
53122,0.1693507537452237
53123,0.19913653142359586
53124,0.82458822469064
53125,0.17928535311314137
53126,0.4700359846186093
53127,0.39441859949272734
53128,0.1762599434198194
53129,0.32154617429305904
53130,0.035536017396585545
53131,0.27367513342879607
53132,0.2930727215104583
53133,0.7561866006043861
53134,0.4651794763238162
53135,0.0708706699138073
53136,0.8634261989040313
53137,0.18706805847855598
53139,0.11825957763757217
53140,0.25133317288032536
53141,0.3268420664209753
53142,0.9079028491755508
53143,0.6467387563153203
53144,0.07027038775822898
53145,0.8813179967554408
53146,0.24255111432232165
53147,0.027558645350582937
53148,0.8579340337366554
53150,0.8652321172863696
53151,0.11018065562232945
53152,0.36147397902457445
53153,0.09584601341888713
53154,0.40557420066089833
53155,0.1364512079981412
53156,0.4665729951415805
53157,0.3035063287629789
53158,0.29813826451725023
53160,0.12167565545915524
53161,0.090114443576174
53162,0.1984476594357811
53163,0.3367437665176937
53164,0.9006837168821973
53165,0.13088582607958943
53168,0.520302624868939
53169,0.4056772437279187
53170,0.05890587343134341
53172,0.6598566434598426
53173,0.9237830783720369
53174,0.05764830633244145
53175,0.2884262495881478
53176,0.12312680544541385
53177,0.4187228099280728
53178,0.8270913483216975
53179,0.2719683957289588
53180,0.7121824980495054
53181,0.5418843731007736
53182,0.25407820066530806
53184,0.4677192471969502
53185,0.4567803522667661
53186,0.5203912022307113
53187,0.8514229616775235
53188,0.05306510642475912
53189,0.8789280023731902
53190,0.2783311920339281
53191,0.16825611805575894
53192,0.1107496185257225
53193,0.8921673800895561
53195,0.47120315226737847
53196,0.8884523523880193
53197,0.06880694216429198
53198,0.0709709007520636
53199,0.25781343894834546
53200,0.11511446390939668
53201,0.0758093103286062
53202,0.5013419370369802
53203,0.8036393460316608
53204,0.8473926718734806
53206,0.86405058631696
53208,0.7729604631233137
53209,0.295678062276979
53210,0.5595162758413981
53211,0.2467363099261552
53212,0.37541637462769933
53213,0.38933324113972834
53214,0.28665186168299367
53216,0.08221611810013421
53218,0.12763372770158188
53219,0.05677597726311963
53220,0.3565758767768399
53221,0.32432612782593473
53222,0.45934438054670873
53223,0.03823292371666959
53224,0.3737191301567776
53225,0.4421507226446689
53226,0.34827079931616983
53228,0.7030094566806104
53229,0.31216545192533734
53230,0.8882125319248975
53232,0.4208136746630923
53233,0.3758200120698515
53234,0.13591023151662304
53235,0.8611591158902614
53236,0.05316792458050256
53237,0.13729122666225507
53238,0.38960760299340524
53240,0.12751403346184345
53242,0.1526712160675033
53243,0.2209840555812527
53245,0.2751765402700689
53246,0.7349589159434934
53247,0.1439768916420834
53248,0.645989517666824
53249,0.038206237089230134
53250,0.1576797428710715
53251,0.7456045020959288
53253,0.1731030648431471
53255,0.2598273992897582
53256,0.18819935292729564
53257,0.6222513004945079
53258,0.08258588914565862
53259,0.2785953009880934
53260,0.7299547480202694
53261,0.177438256909274
53262,0.34015024213307044
53263,0.8941698890560892
53264,0.8777259901933948
53265,0.6442619157020406
53266,0.1161567776023159
53267,0.27640367423342793
53269,0.14348954795020963
53270,0.37268275729014433
53271,0.07757182850422924
53272,0.17918654656694558
53273,0.7897720583193405
53276,0.37183644775766456
53410,0.0
54001,0.7199646951132783
54002,0.7805101768645886
54003,0.45703327217249
54004,0.7280846731367604
54005,0.3867611956664681
54006,0.8258747572470042
54007,0.8330920978179857
54008,0.6277861622418933
54009,0.7786427608705967
54010,0.472041869969455
54011,0.5390576049578804
54012,0.7936215555927764
54013,0.7756222725676957
54014,0.7746060502348513
54015,0.6757687411367831
54016,0.8772420338101647
54017,0.7894062582337499
54018,0.7649956319944291
54019,0.7027121492357737
54020,0.7517040884186353
54021,0.770795465759364
54022,0.9257174609862956
54023,0.43118661921570217
54024,0.7834352409925905
54025,0.7055055453225015
54026,0.4609771970624145
54027,0.7229812579092131
54028,0.9169649212762345
54029,0.3863841071125464
54030,0.741008041416595
54031,0.8261460260551676
54032,0.7091654341509445
54033,0.5482196428874059
54034,0.8302505323755537
54035,0.9442040169167226
54036,0.7190411109195977
54037,0.7991063179020808
54038,0.5670836650864395
54039,0.18110695154692744
54040,0.5279805863150515
54041,0.6521178541744177
54042,0.26072392997552307
54043,0.7919298173245416
54044,0.8244045429101133
54045,0.6753067218545256
54046,0.598152492500348
54047,0.64277706786311
54048,0.7925572490382948
54049,0.48286317186381356
54050,0.4759699736337631
54051,0.921258289385658
54052,0.12221264980522108
54053,0.5177063098971303
54054,0.29085902421100734
54055,0.9328658508418114
54056,0.5375756730590067
54057,0.10603261922540234
54058,0.7972240126656112
54059,0.7466818961257974
54060,0.78600868730759
54061,0.5052920282988975
54062,0.6255083679641562
54063,0.5081748183944116
54064,0.9464379309892419
54065,0.3479802776925992
54066,0.715521526843719
54067,0.5377196409513351
54068,0.5645447066486085
54069,0.7054072952288051
54070,0.7775125998925889
54071,0.4973181799497557
54072,0.8612477287971045
54073,0.6792556903594669
54074,0.5881634161154298
54075,0.6964524695100046
54076,0.2848304384441574
54077,0.6778210402815215
54078,0.80122520546466
54079,0.6500662203983951
54080,0.45309479646253875
54081,0.45842075409772187
54082,0.8946272626209131
54083,0.5521683300313532
54084,0.579359805293566
54085,0.484441151508914
54086,0.4439860045912359
54087,0.6030735395226915
54088,0.8446195195352681
54089,0.7306267240654395
54090,0.904024462064423
54091,0.8953909629453135
54092,0.21574306283048006
54093,0.7827029873853678
54094,0.1757003817850729
54095,0.8457825686158476
54096,0.3681586304253014
54097,0.822457620315758
54098,0.5657499440064089
54099,0.6387317628618242
54100,0.7555105499745552
54101,0.7492823991162482
54102,0.5180785515092361
54103,0.9284706394101877
54104,0.788658626406137
54105,0.47210971692361947
54106,0.632210278566447
54107,0.6999887334072783
54108,0.8054228722333567
54109,0.6393302635264803
54110,0.7696721578646157
54111,0.7520641018085932
54112,0.9074427755882497
54113,0.6561979249448312
54114,0.9141678794604381
54115,0.8174221798783899
54116,0.4794685406212071
54117,0.17782831648884653
54118,0.27479747888159045
54119,0.7615728304187286
54120,0.6985666236833228
54121,0.6394067657302454
54122,0.9039200931956376
54123,0.8164680184829117
54124,0.8556642459543707
54125,0.5181696830629424
54126,0.7913247083268103
54127,0.45084648031568886
54128,0.6805156455717191
54129,0.9150889977426082
54130,0.5586955508931505
54131,0.7227178281463509
54132,0.6673430871092538
54133,0.6636640211591485
54134,0.6155023467544913
54135,0.25860303712398064
54136,0.8813705377613645
54137,0.5988867410591541
54138,0.36670301702634445
54139,0.7734379745577702
54140,0.4628834639171465
54141,0.7256354100730189
54142,0.6066298068898281
54143,0.6763024138336245
54144,0.7115599406472332
54145,0.7024400219322846
54146,0.5276965889667409
54147,0.610226231659798
54148,0.6338874015759709
54149,0.3926125621081756
54150,0.7893408631820464
54151,0.4792253365477014
54152,0.4555265166587875
54153,0.5407319125426396
54154,0.45403377602923145
54155,0.5298582111617981
54156,0.1323745053820072
54157,0.6131142911680406
54158,0.2011277862489498
54159,0.40861205545179213
54160,0.848038529536347
54161,0.659374630360833
54162,0.4750205316659632
54163,0.36074248043030877
54164,0.23370804801490397
54165,0.7947704846237221
54166,0.8537393266857202
54167,0.9284094708625091
54168,0.8043915231562435
54169,0.5344579834175268
54170,0.6930631670989613
54171,0.9255308847675798
54172,0.6153789783501102
54173,0.6814627993706005
54174,0.34624177115912036
54175,0.4686263433363057
54176,0.43008362045687637
54177,0.6002519386978437
54178,0.26324249950053286
54179,0.7424961754209427
54180,0.8348878153912545
54181,0.5539624734544035
54182,0.4285645467920718
54183,0.5389300197620013
54184,0.6706703863512811
54185,0.17520291595334767
54186,0.8108305644271743
54187,0.6413433625363633
54188,0.8264510387449173
54189,0.12237726155059925
54190,0.3195756045652116
54191,0.7422222671226836
54192,0.6945228445762937
54193,0.6003411840266097
54194,0.4293819743093999
54195,0.7408288556368745
54196,0.7561513730411635
54197,0.7988929749759905
54198,0.7415804753209729
54199,0.6513548068573779
54200,0.5848839074064853
54201,0.5887624869354663
54202,0.8200847325772184
54203,0.3932402306097123
54204,0.17331850816610514
54205,0.4176809155379843
54206,0.6379065780112576
54207,0.4669256230264777
54208,0.8439993734262539
54209,0.7290183225183738
54210,0.5377486093537408
54211,0.9620846524969838
54212,0.6018404977390084
54213,0.8020408318093695
54214,0.7734869915443995
54215,0.879499559433819
54216,0.4909136388273745
54217,0.6325326754331142
54218,0.15789508939696378
54219,0.8111979680157875
54220,0.6418714604851378
54221,0.6609405111007309
54222,0.39867123590784725
54223,0.7883688649792823
54224,0.20552845875321246
54225,0.8878297538049152
54226,0.6697818012249703
54227,0.927143063217552
54228,0.5205443867049763
54229,0.601986639137885
54230,0.9591758027315369
54231,0.6566277716847779
54232,0.5792216021097978
54233,0.819812264533989
54234,0.27696532971512583
54235,0.714658927472102
54236,0.24266553346910924
54237,0.41778256118715634
54238,0.1927450419702583
54239,0.8560178844681783
54240,0.7464128711611419
54241,0.27929517385515157
54242,0.8003861412088719
54243,0.6266309310767618
54244,0.780761226747644
54245,0.5600583273374148
54246,0.8795311267385645
54247,0.6698166443787341
54248,0.7131655610811862
54249,0.8228584266268961
54250,0.7722731390911559
54251,0.9198214293747149
54252,0.645347633011584
54253,0.700880445026308
54254,0.3903096014314515
54255,0.6427960318123503
54256,0.6978538809206681
54257,0.7254022250901562
54258,0.6129388911990769
54259,0.7201926377452488
54260,0.6948086499650321
54261,0.7779637133695568
54262,0.5709911395965322
54263,0.8820609205017076
54264,0.7049258676653053
54265,0.865811964650215
54266,0.6309734186884167
54268,0.22922590924659467
54269,0.748881414856007
54270,0.2533068556915931
54271,0.9494693606059031
54272,0.8106163408104405
54273,0.3896829573962535
54274,0.7468235483903374
54275,0.7356763679019076
54276,0.803950062541524
54277,0.8100018740578341
54278,0.18840937044473913
54279,0.7822133077425482
54280,0.8882501469464946
54281,0.5865030482525246
54282,0.6335975886306209
54283,0.9436415638025243
54284,0.6564365032590229
54285,0.5432612445787643
54286,0.6714178932923242
54287,0.5226654734347709
54288,0.5460765514365086
54289,0.7826828913977851
54290,0.5977072809457401
54291,0.072255494958896
54292,0.5695502211172867
54293,0.5735553495310537
54294,0.8270908649066885
54295,0.543026840746038
54296,0.7673435095716379
54297,0.5308658302528881
54298,0.6676667225425951
54299,0.5632215387803935
54300,0.5962558938006457
54301,0.8227285173194745
54302,0.6784911469568379
54303,0.6768362329274497
54304,0.34334024648541855
54305,0.7890248717897258
54306,0.6116599114010649
54307,0.20869718749540062
54308,0.7533735362487994
54309,0.6666891915747952
54310,0.4709730879678646
54311,0.7653509475533411
54312,0.7970514023767052
54313,0.7991479949295353
54314,0.3572876307966596
54315,0.7997735759303
54316,0.4635569447901083
54317,0.5582318767051697
54318,0.6557102865180459
54320,0.8683292257224634
54321,0.9223431413658275
54322,0.24785995595067994
54323,0.4432957706556708
54324,0.6864913312607165
54325,0.5244134016306417
54326,0.6674760026793269
54327,0.5402206624863759
54328,0.6372161256623179
54329,0.16378832115317443
54330,0.8112026944569277
54331,0.545867801793402
54332,0.8097164839239417
54333,0.4036185030603439
54334,0.6802460554871486
54335,0.6602020592745611
54336,0.7801368070756409
54337,0.5675635278550301
54338,0.835571795476161
54339,0.7313184884597225
54340,0.519275561038378
54343,0.449696950874302
54344,0.3065860580367222
54345,0.8079183421698478
54346,0.8668476436021583
54348,0.9118730374412145
54349,0.689846723240147
54350,0.533326579881062
54351,0.8113245498554311
54352,0.797569360914074
54353,0.7345045340577677
54354,0.7457408636780894
54355,0.8782030016703065
54356,0.5884799837693172
54357,0.5244141637464007
54358,0.7791206333720723
54359,0.5611392831448402
54360,0.5493958069730439
54362,0.43337045524921974
54363,0.5734901064089467
54364,0.7718895566153211
54365,0.5644245614713644
54366,0.7259550533649584
54367,0.4734453769202055
54368,0.7613588742161579
54369,0.8183340908423665
54370,0.5972774640109818
54371,0.9405368234347711
54372,0.7701194226144442
54373,0.5771973302929712
54374,0.403772029333162
54375,0.5015667058622196
54376,0.8324462361525283
54377,0.8271654517874704
54378,0.6131246064812058
54379,0.3335946725146758
54380,0.5881857089457841
54381,0.8730402797545892
54382,0.8211086234113589
54383,0.3644650024965342
54385,0.3520441375741232
54386,0.609742630283818
54387,0.8764287689143375
54388,0.6752764488741806
54389,0.7620758722511763
54390,0.9183414084111746
54391,0.8824122330862385
54392,0.7389630757544948
54393,0.611644659281152
54394,0.4824161921843792
54395,0.2930783581686918
54396,0.6292060079066245
54397,0.6753795560484258
54398,0.8086936620352768
54399,0.6376417406685397
54400,0.6081920742074564
54401,0.8628119028106745
54402,0.6338864961052241
54403,0.5905369590055851
54404,0.591795989347525
54405,0.676390126266702
54406,0.5689058717238381
54407,0.33930220354461577
54408,0.7802256771306159
54409,0.6665405874351384
54410,0.9269163407748646
54411,0.6614617939067309
54412,0.26441385012555035
54413,0.7695853915453383
54414,0.5997656191979985
54415,0.8003677667804834
54416,0.5684300966036363
54417,0.7038839131588602
54418,0.6170463261377215
54419,0.903343060419492
54420,0.3497167475657795
54421,0.8576840954480608
54422,0.8023900635190306
54423,0.6406845970256071
54424,0.45157811420203026
54425,0.38811880745715416
54426,0.8436014336477511
54427,0.7967490581795498
54428,0.562608017743203
54429,0.7130814679881453
54430,0.7932991355809329
54431,0.2656906093038405
54432,0.7777777777777777
54433,0.7951897573137631
54434,0.16091405006374085
54435,0.7291616996837456
54436,0.5138537595147018
54437,0.6436052141258048
54438,0.512585446510091
54439,0.484361133419826
54440,0.8275110653254958
54441,0.7446118139511259
54442,0.5806678679875902
54443,0.5412317556808695
54444,0.7030277503743801
54445,0.5184502955812771
54446,0.586980908662783
54447,0.6908184507539537
54449,0.5459743686884175
54450,0.795198787059483
54451,0.4274594947138162
54452,0.8070799171462648
54453,0.8010412693406497
54455,0.5772226431824468
54456,0.7543744907828335
54457,0.8177683965566521
54458,0.8843564820391523
54459,0.7419021549026118
54460,0.8682716410860772
54461,0.6741691934453714
54462,0.5658922560696941
54463,0.85713382374272
54464,0.805320659286705
54465,0.3259189479942475
54466,0.5172672497085716
54467,0.4665332097743011
54468,0.7394677443201184
54469,0.9371754128365195
54470,0.5185017270569836
54471,0.49850785838964756
54472,0.4524228329878572
54473,0.14426148329131477
54474,0.8679912615494321
54475,0.20668477473066288
54476,0.17164680601693721
54477,0.8104339700927077
54478,0.9490355550053756
54479,0.7136876307086617
54480,0.8050894872955983
54481,0.8085836188747881
54482,0.7134295992607732
54483,0.5819652079049127
54484,0.7622238032776802
54485,0.6646525751448321
54486,0.6742018916430613
54487,0.3215738304515854
54488,0.8417897389245786
54489,0.568363939499055
54490,0.7718499667301829
54491,0.663637137419963
54492,0.6205995583896166
54493,0.7759164878803564
54494,0.10734653109132948
54495,0.6581255642076905
54496,0.5925133852883055
54497,0.24345412815882167
54498,0.5955421523426606
54499,0.22497789010111655
54500,0.4974186030114592
54501,0.5834424373303555
54502,0.520898088425547
54504,0.5298479076355327
54505,0.8208265271431062
54507,0.6429097664076371
54508,0.7888241500702666
54509,0.6628986786468036
54510,0.7342650415286196
54511,0.7056442809304394
54512,0.9807880517275573
54513,0.44640880195092647
54514,0.5515701501851905
54515,0.7378006372156724
54516,0.2944153525726228
54517,0.26909066985315927
54518,0.3874425650624702
54519,0.6192395286508916
54520,0.6566446292155896
54521,0.343830425090683
54522,0.1206351518832291
54523,0.7299893097045976
54524,0.8089666923082084
54525,0.47184856252415497
54526,0.6435734602870801
54527,0.6717958095762402
54528,0.3819173695823349
54529,0.5310344143223863
54530,0.5784002387604698
54531,0.6366121562752208
54532,0.8772393739158681
54533,0.5786206296585112
54534,0.5364252231887793
54535,0.9631346166599177
54536,0.5781774244828866
54537,0.45434611565958294
54538,0.5205016129494189
54539,0.7260464020839086
54540,0.913582243325932
54541,0.5183534001567848
54542,0.6756848785724805
54543,0.6132017243080295
54544,0.9305844225486978
54545,0.2133791914054705
54546,0.7108755254355485
54547,0.597748573286686
54548,0.4818102271424448
54549,0.708820949382204
54550,0.584867365050367
54551,0.6575207217762199
54552,0.22915050716983493
54553,0.3833652071320838
54554,0.23084407607887839
54555,0.8448532101698131
54556,0.6071211063548154
54557,0.6616919659755858
54558,0.7744694991620332
54559,0.721597142006425
54560,0.6203938037629966
54561,0.5238424885969083
54562,0.7583864268666125
54563,0.5264215928363682
54564,0.5692557957649211
54565,0.7192645697498231
54566,0.810443535258726
54567,0.2746662658616986
54568,0.4651949558062587
54569,0.8335641155316726
54570,0.7220137379174276
54571,0.7950826777201659
54572,0.5064523130957804
54573,0.846715498774601
54574,0.6000213847288295
54575,0.32491861125175625
54576,0.24900741451592873
54577,0.8239988330049703
54578,0.5789127676187169
54579,0.7746704250184138
54580,0.2842291493014609
54581,0.8285073260221292
54582,0.6491859132435484
54583,0.8187200240343333
54584,0.7777274001681123
54585,0.3934735077394666
54586,0.6953293832492982
54587,0.7023784846309589
54588,0.7402583119890394
54589,0.9186164362788573
54590,0.6000352161781065
54591,0.699079983267779
54592,0.2932873493551375
54593,0.7421187442474092
54594,0.45286082433316155
54595,0.5671881080402987
54596,0.6934576959867718
54597,0.11431471405153819
54598,0.4882914885250629
54599,0.8636175221743092
54600,0.5567325987085106
54601,0.6115730857352951
54602,0.5844977953521475
54700,0.0
54840,0.0
55000,0.0
55001,0.0
55002,0.9559707499667963
55004,0.3118219129084127
55005,0.2126087858369088
55007,0.9140221722371621
55008,0.6143631037910956
55009,0.9035866150914142
55010,0.24792192321390585
55011,0.3387384543885733
55012,0.04686057718111301
55013,0.5359378091788033
55014,0.06201588099142776
55015,0.381354517684676
55017,0.16282393477971466
55018,0.41698301500676677
55021,0.4610214923150185
55022,0.09886798768448722
55023,0.9251873250959394
55024,0.9512267654876034
55025,0.2977983011714671
55026,0.018873108499218076
55027,0.12443267153156182
55028,0.3173348630677583
55029,0.029774819610341178
55031,0.5536579382034255
55032,0.22544056808924914
55033,0.03809354754445264
55034,0.17329097485619813
55035,0.5169008614029093
55036,0.3978954572270904
55037,0.18131851965810267
55038,0.5885574013522542
55039,0.9704657146237273
55040,0.016900578436496894
55041,0.24968661819122068
55042,0.9538928391517707
55043,0.9122791994601851
55044,0.21521532220598527
55045,0.9625263722127049
55046,0.5140546188229674
55047,0.9366804724084665
55048,0.9639569742247772
55049,0.369315530059251
55050,0.0
55051,0.3716844197974155
55053,0.14441260863621042
55054,0.06230606310527231
55055,0.9655278973343886
55057,0.6180595473112275
55058,0.1400430946903207
55059,0.09457669411995229
55060,0.9207951329429126
55061,0.5684290602259506
55062,0.07663224559318532
55063,0.3443438028274122
55064,0.5282291610898078
55065,0.3177796166414934
55066,0.21279859475511917
55067,0.3170058383491372
55068,0.9284977864588579
55069,0.11004509161020709
55070,0.9553987096501938
55071,0.12046486830432995
55072,0.9259141148931339
55073,0.9420437828253507
55075,0.6720905971926997
55076,0.07790127326151063
55077,0.08159885271980404
55078,0.12761383504982374
55079,0.33504003235597
55080,0.36754495222442124
55081,0.3919127450580236
55082,0.9345097674497915
55083,0.25602445914954847
55084,0.07866438676677893
55085,0.24466150027053915
55087,0.35653616496896035
55088,0.028055240653113996
55089,0.23341015665378106
55093,0.04771005479737187
55094,0.5968221304341996
55095,0.3909111348311175
55096,0.030384524284157558
55097,0.6626838865832341
55099,0.9597815243488607
55100,0.7270379753764501
55101,0.17958680631466184
55102,0.9593358505675528
55103,0.21951187922686077
55104,0.031034775681204267
55105,0.9704182496973482
55106,0.9444074300549136
55107,0.9579351615555796
55108,0.07305973798979773
55109,0.10665924654947474
55110,0.14391845906772993
55111,0.03410172709552227
55113,0.16072532865565972
55114,0.09220632750018651
55115,0.029393877538151238
55116,0.3792416816151851
55117,0.05438144796158944
55118,0.27725315523574523
55119,0.15154355949134327
55120,0.23880976526706324
55121,0.7295415081913635
55122,0.029744167419962893
55123,0.05402977170948826
55124,0.9263677277894798
55125,0.05761074940267982
55127,0.28042722862329617
55128,0.03652398835898006
55129,0.019131919011419512
55132,0.25099709296173217
55133,0.5895602950630455
55134,0.39786102510169513
55137,0.9482726785582187
55138,0.375054338307883
55139,0.0
55140,0.29386064925377264
55141,0.36220911649457593
55142,0.34108743552142684
55143,0.9572475539679234
55144,0.48824198392119733
55145,0.8408196229504884
55146,0.9536266867818325
55148,0.018717799665758296
55149,0.3066011506318189
55150,0.04236944322779562
55153,0.960995988584783
55154,0.7288317750557121
55155,0.8166419480146399
55156,0.1765533444566732
55157,0.6576522058708195
55158,0.5455347496852717
55159,0.02171203992899281
55160,0.2110462197329503
55162,0.7001578004528007
55163,0.5907104456853061
55165,0.06381115664065468
55166,0.8529838563398235
55167,0.04342868883473943
55168,0.32142403813890175
55169,0.10711844285671823
55170,0.19656074703632098
55171,0.9547303715916683
55172,0.9403658224869068
55173,0.01811223774791025
55174,0.04160022534408318
55175,0.16397014648087455
55177,0.13066913779608155
55178,0.2912863168267701
55179,0.3100519024021614
55180,0.960173529514748
55181,0.5462439312867143
55182,0.6971550126370304
55183,0.9633596968558442
55184,0.1739280575138426
55185,0.06358857997921878
55186,0.09244076559045093
55188,0.13727404425890088
55189,0.9800088135472393
55191,0.9262266945027778
55192,0.21231719512354585
55193,0.9604898804608134
55194,0.32004301287209214
55195,0.5509734172184407
55196,0.13403471984268964
55197,0.03369537466766225
55198,0.7295720487053544
55199,0.17363874002836432
55200,0.9608422271366718
55201,0.950016225564027
55202,0.6572303364497823
55204,0.9207213026090191
55206,0.9586535544787849
55207,0.2899436200785533
55208,0.050730445466259516
55210,0.264674706625801
55211,0.9509710227280814
55212,0.13696534226323068
55214,0.2936797239224937
55215,0.018146769131227522
55216,0.342376562396076
55217,0.2210107253887012
55218,0.9628922490631797
55219,0.9542183895388524
55220,0.1092628699852505
55221,0.3727056864366207
55222,0.7479393310099028
55224,0.39143399350559116
55225,0.2648884688259976
55226,0.12185128441776569
55228,0.20626532737954928
55229,0.03798347497738109
55232,0.5602124433853888
55236,0.9464196050304235
55237,0.9603844181708162
55239,0.9648593422385762
55241,0.35012218405493106
55242,0.8074868667187194
55243,0.5991158348377167
55244,0.9301429770672577
55245,0.04528892498549262
55246,0.210712646980117
55247,0.017732976133685664
55248,0.07532268610672632
55250,0.3838850980694021
55251,0.9448721222286058
55252,0.3225041397467845
55253,0.39931843526971694
55254,0.01745665741414989
55255,0.1430430974840337
55256,0.46135235843910294
55257,0.9352564531559037
55258,0.27675678237734436
55260,0.9422779800977994
55261,0.5772388939385198
55262,0.09129769458117529
55263,0.056771377914596174
55264,0.0343085989638699
55265,0.6470807730371668
55266,0.6460928637693096
55267,0.2841393411584573
55268,0.18838913408633667
55269,0.02104879001164491
55270,0.1287502782034314
55271,0.03628836172317738
55272,0.07799829693816371
55274,0.08414472865510354
55275,0.25579851624111577
55276,0.9301587199581212
55278,0.1295978398599709
55279,0.20236502851617583
55280,0.7899862175925747
55281,0.6037928760636272
55282,0.37475403651681133
55284,0.5906631648279301
55285,0.05820641669289912
55286,0.9258079058933122
55288,0.06152866384109487
55289,0.29783915461691185
55290,0.370374108215038
55291,0.09231544791359529
55292,0.26224973676443963
55293,0.11673972597193502
55295,0.12224951765661611
55296,0.34902209444921395
55297,0.30896566836248485
55298,0.2308006932735807
55299,0.1783897735102346
55300,0.3894862075496198
55301,0.15540262437743224
55302,0.246126267262889
55303,0.07817481677166949
55304,0.09226934881353914
55306,0.11020083159236833
55307,0.0
55310,0.3798489568658358
55311,0.5756519860828929
55312,0.05384238736589524
55313,0.9613566403755847
55315,0.18649952721289184
55316,0.17386405311039135
55317,0.9415768581717083
55320,0.5603360830550899
55321,0.9614085037678497
55322,0.32010307473313804
55323,0.37105834391416576
55324,0.06718644159265276
55325,0.9615834389039776
55326,0.8956404539792509
55327,0.03231390931464549
55328,0.1399303982980097
55329,0.08690287306203406
55330,0.2506346311071375
55331,0.17378444958895672
55332,0.43421469935075885
55333,0.29832534291451307
55334,0.14284915181212718
55335,0.5942150061042167
55336,0.15153019407693782
55338,0.249091169518998
55339,0.9455678644728718
55340,0.3428086681966642
55341,0.9462055810743926
55343,0.39517576464780135
55344,0.20581890724890725
55345,0.3933165434860504
55346,0.040468720680516344
55347,0.9249202314643734
55348,0.1851857522816793
55349,0.3918131876776727
55350,0.027978470917895997
55351,0.19419510730193323
55352,0.5447953043385245
55353,0.0743119409967776
55355,0.950075494962106
55356,0.9622800959964567
55357,0.9394435233507461
55358,0.33237162599234205
55359,0.4132288675063561
55360,0.936534650362935
55361,0.9689672069047445
55362,0.47175675549641544
55363,0.5600963874794167
55364,0.1833831723860412
55365,0.16038634218884487
55366,0.09908902147149663
55367,0.1622813479460097
55368,0.07458838078756784
55369,0.16759896903044216
55370,0.3053905764553522
55371,0.366640879771033
55372,0.29247573766140783
55373,0.6607948274369159
55374,0.7889622077975319
55375,0.06879572657204862
55376,0.4762353913330987
55377,0.26959899428424994
55378,0.030215880137843015
55379,0.5945828879238487
55380,0.01882132878182446
55381,0.16391896019357635
55382,0.09825854034445274
55383,0.2587855439091025
55384,0.1330696945849043
55385,0.8891696260759607
55386,0.03636517405055073
55387,0.3428060183605751
55388,0.03510803848572703
55389,0.01729890116736517
55391,0.1808876044824329
55394,0.9684592326332437
55395,0.9257584464306234
55396,0.6869051137934215
55397,0.6868067341989939
55398,0.37521560725726744
55399,0.6727738260782096
55400,0.7155972620145857
55401,0.04515051105825862
55403,0.17267978282813345
55404,0.01837321384328171
55405,0.24285289750695502
55406,0.7510915510851428
55407,0.14597926282090123
55408,0.46469709466898573
55409,0.04191120230957224
55410,0.17018731609744217
55411,0.9559029715360038
55412,0.24099167567358787
55414,0.25190118089151103
55415,0.9445509614110269
55416,0.26985216066866635
55419,0.937867496720239
55420,0.9447764337773149
55421,0.25965920512230156
55422,0.963494160007897
55423,0.09029517911763546
55424,0.32805926699930216
55425,0.2262809326307799
55426,0.41554885351539406
55427,0.08039164502822542
55428,0.9526914175798166
55429,0.806926623005923
55430,0.511570700615725
55431,0.08125690727731659
55433,0.5596944067282201
55434,0.6801796927234574
55435,0.3898602141236749
55436,0.422871199567746
55437,0.9385030143242781
55438,0.27494528027411436
55439,0.9525931100111303
55442,0.08499291747440228
55443,0.7258186806488842
55444,0.12635985286642393
55445,0.4240879830586373
55446,0.31880968933086107
55447,0.5039915844791014
55448,0.03006735511875815
55449,0.9291172120182377
55450,0.2378953797681758
55452,0.12061123169756831
55453,0.36650197532404805
55454,0.3029535003440046
55456,0.588226127402418
55457,0.3739267147987671
55458,0.7953808357921831
55459,0.10580777030848182
55460,0.07699041897141332
55461,0.15900777989360754
55462,0.07009948104957077
55463,0.02021952074336092
55464,0.38838508811519756
55465,0.6300950459399814
55466,0.2885215471339291
55467,0.0426984609448924
55468,0.9571428799074625
55469,0.3514116420505818
55470,0.5167394881996519
55471,0.49323540507329483
55472,0.25578124385980255
55473,0.7206069159838854
55474,0.09716809707029088
55475,0.04710259986864928
55476,0.3872738045380461
55477,0.5788568168385203
55479,0.14180260507631684
55481,0.1643060455273489
55482,0.9527891735337599
55484,0.2026539365636779
55485,0.5822453751938074
55487,0.1071733857896311
55488,0.466101021587928
55489,0.9464178560855168
55490,0.8689798550095577
55492,0.9417801720520033
55493,0.0655707157056088
55494,0.5246517982408144
55495,0.5047919355111521
55496,0.41725299753773515
55497,0.8842257352169649
55498,0.8888657877993391
55500,0.07043679206025097
55501,0.521517960647469
55502,0.1387803384135848
55503,0.21075959236573963
55504,0.3633805707539072
55505,0.8744738680940355
55506,0.01939926547925286
55507,0.22044228730372745
55508,0.042629463488139875
55509,0.16329579722743376
55510,0.20520522370144295
55511,0.1563905775745239
55512,0.9223246509759078
55514,0.30765676724997776
55515,0.9341395889432049
55516,0.06165606694303704
55517,0.09407133216821002
55518,0.3559360445790441
55519,0.20788093615108225
55520,0.5568799549924733
55521,0.6571923835013278
55522,0.6092055356186914
55523,0.9543139785018636
55525,0.951042165144695
55526,0.13931312079832198
55527,0.0410457805617155
55528,0.09576975927503877
55530,0.052291309704242166
55531,0.2942530819611963
55532,0.02899031320524163
55533,0.059058687947097274
55534,0.491588155781526
55535,0.19764156257187526
55536,0.2766712060775345
55537,0.9666322135576676
55540,0.6201543219801895
55541,0.1721433919358692
55543,0.41108009499533477
55544,0.19220896614976782
55545,0.3183219587486899
55546,0.1658187045770045
55547,0.17586242268563904
55549,0.026549852100384165
55551,0.02068223941648221
55552,0.18872368941930315
55553,0.06794221301029721
55554,0.09642772200226732
55555,0.12391203209432274
55556,0.962053443118502
55557,0.9396777292758015
55559,0.047269995993161326
55560,0.09066600291467503
55561,0.24452057637006483
55562,0.49904227026796205
55563,0.2715252535993689
55565,0.7104859616942235
55566,0.8717758104783395
55567,0.9337515058801218
55568,0.40303472709534255
55569,0.09073485921668012
55570,0.09223823897528675
55571,0.23451857757194963
55572,0.18067870553383902
55573,0.08015408051204032
55574,0.3454783625316451
55575,0.35376938195632757
55577,0.3571459232092021
55578,0.9375097133542578
55579,0.9653448381388162
55580,0.9603251576076288
55581,0.5232638967216829
55582,0.43693730934912023
55583,0.4053830635278785
55584,0.3994810308879903
55586,0.05603525878106792
55700,0.0
56001,0.08912561553491573
56002,0.11575376103738727
56003,0.28556817573995924
56004,0.20835164111453588
56005,0.44983951220407603
56006,0.38039749409110235
56007,0.22919653222610067
56008,0.23916051238616315
56009,0.049289066452949976
56010,0.02985894470648695
56011,0.3021533307064431
56012,0.09298013740948777
56013,0.1542631771387586
56014,0.0642714839990253
56015,0.20884755280601658
56017,0.04584379459044786
56018,0.21126516759156216
56019,0.2092093259901462
56020,0.34307039518439986
56021,0.28777473633625755
56022,0.35156817786128164
56023,0.10090136206479117
56024,0.11097353227347516
56025,0.644706074968367
56026,0.08183505297863757
56027,0.13936673009499007
56028,0.23179639529647023
56029,0.33534576343281874
56030,0.3880338820303789
56031,0.0661764358578458
56032,0.16837013540789433
56033,0.11131593273878496
56034,0.09246937165020734
56035,0.19863749119947646
56036,0.1228510339612307
56039,0.052052369358017915
56040,0.2404212757259276
56041,0.088500291712154
56042,0.3327982398505459
56043,0.19854098447798887
56044,0.41660178819524096
56045,0.1541389628917057
56046,0.3242902111068319
56047,0.3316310354088389
56048,0.14159575882439027
56050,0.2813769836814263
56051,0.23925095068396385
56052,0.15246225920998752
56053,0.13276374314510617
56054,0.1147510408321949
56055,0.2274909617151921
56056,0.5909803035827976
56057,0.04457101348390146
56058,0.20624038441698309
56060,0.29161936170201724
56061,0.11197982395764851
56062,0.38943262712123544
56063,0.4019345677504348
56065,0.7265903905424279
56066,0.0814515673238676
56067,0.22547572601754687
56068,0.5384151383031422
56069,0.17262585859877375
56070,0.13996839699775146
56071,0.17686909735220468
56072,0.41118863650225634
56073,0.7440540470069462
56074,0.08052849956266618
56075,0.10447935988652889
56076,0.11560343028294787
56077,0.33458463473723465
56078,0.06750684166249951
56079,0.31379776904415474
56080,0.2601394076475443
56081,0.19691713733096727
56082,0.5546744721794546
56083,0.0809226926305145
56084,0.43103473185689445
56085,0.14410667666369484
56086,0.7457475211303582
56087,0.6522769191073993
56088,0.6629579140549574
56089,0.042868652894178384
56090,0.10875273279033211
56091,0.2574797627718684
56092,0.3098509135373684
56093,0.39303890201645997
56094,0.09141304474492513
56096,0.27321278748693717
56097,0.12535308044515225
56098,0.15822387310938296
56099,0.5325383858606265
56100,0.1255806475194288
56101,0.04145819712141896
56102,0.1298256520497687
56103,0.2382434839457329
56104,0.344361537887469
56105,0.20328916394441893
56106,0.5369391856632413
56107,0.06864988321640607
56108,0.12427689886452006
56109,0.3663628800076474
56110,0.09856799656201598
56111,0.149288121633114
56112,0.3366998513647365
56113,0.5027621291196706
56114,0.0820449353979518
56115,0.45184750836815063
56116,0.5011352919566056
56117,0.03781830636311705
56118,0.3366846159282174
56119,0.1471243815656102
56120,0.36041139489762397
56121,0.05390756850532838
56122,0.23628288875794368
56123,0.10480933175204367
56124,0.30746640633710937
56125,0.1005772450138938
56126,0.20600372184991445
56127,0.09597514632461591
56128,0.13433070512887185
56129,0.10031457343645522
56130,0.2156170434331987
56131,0.15989305490134578
56132,0.49933344861300244
56133,0.2731535608580912
56134,0.36019311976199564
56135,0.09159649228144479
56136,0.2922806539215389
56137,0.34125761950927236
56139,0.4355434776002471
56140,0.040300587205550124
56141,0.038679466151952
56143,0.06239613948445653
56144,0.056630518949361594
56145,0.3424711474892204
56146,0.23789533990069833
56147,0.08411424666418274
56148,0.2552997558219669
56149,0.14446059870311428
56151,0.1063624285214667
56152,0.053049132893000554
56153,0.1306837550439888
56154,0.3271966097816037
56155,0.151699905515348
56156,0.2816539732526725
56157,0.3743906353494688
56158,0.35082444411190455
56159,0.184027181587438
56160,0.07984373110455985
56161,0.1365591416196917
56162,0.03946567082766009
56163,0.1921889162868116
56164,0.2607742732578315
56165,0.07070890280605362
56166,0.11135752929601057
56167,0.4232437689771903
56168,0.1658340576593552
56169,0.09145528283155555
56170,0.17674577168675537
56171,0.13382974506500941
56172,0.05223746227518992
56173,0.044557193983607454
56174,0.034754906900354814
56175,0.32258389649188796
56176,0.27526106704252173
56177,0.03930425463648351
56178,0.04938882189193785
56179,0.25372604939460786
56180,0.4761507938493354
56181,0.3009509229948999
56182,0.1944801270565137
56184,0.03440677429972349
56185,0.2678872924465615
56186,0.36421442320448916
56188,0.049611427016939984
56189,0.1730746683476647
56190,0.07546526794467129
56191,0.39194089376136537
56193,0.15891938956221802
56194,0.1251869337292718
56195,0.7077176627695588
56196,0.20745232521517323
56197,0.11624437755472418
56198,0.2296387224938432
56199,0.1483842791508605
56200,0.23423432481164702
56201,0.15512409000441787
56202,0.3584183816255577
56203,0.30731992574539585
56204,0.15224237146289088
56205,0.40858720069695137
56206,0.1614369967349509
56207,0.12405831028691187
56208,0.5609799508463446
56209,0.530075876546082
56210,0.1633235807646504
56211,0.26120785699862764
56212,0.21396928324940861
56213,0.25928304635914895
56214,0.289967357273915
56215,0.3533948518843271
56216,0.40429715532148336
56218,0.31594503813467817
56219,0.09924962633702912
56220,0.2633495235958167
56221,0.24927971140134197
56222,0.2885442264424176
56223,0.38644305919098515
56224,0.38720192950649285
56225,0.47234012052704294
56226,0.29799984977830396
56227,0.43045232679999385
56228,0.3497580408888113
56229,0.28535125530211314
56230,0.4065647086489417
56231,0.265348475819978
56232,0.3301955501936182
56233,0.5389969992308118
56234,0.2507163077958016
56236,0.2931917065929924
56237,0.1520231637523336
56238,0.6048956979046461
56239,0.1700970019515792
56240,0.07112129560592367
56241,0.12532749214037406
56242,0.44035592683792507
56243,0.2011132553288231
56244,0.1702556353305312
56245,0.6089098044921935
56246,0.3571634081413071
56247,0.21230023888858457
56248,0.13122175954187845
56249,0.2568190259508842
56250,0.49037646194583046
56251,0.14690239059093937
56252,0.25875937035997515
56253,0.4402351349714407
56254,0.23780522915627372
56255,0.3563596555867903
56256,0.612163782187148
56257,0.2703300617514889
56258,0.28073516255067826
56259,0.3167464913286203
56260,0.1149989869992218
56261,0.22941041273171367
56262,0.49608668431811676
56263,0.3961408751139368
56264,0.21021191630215935
56300,0.0
56730,0.0
56760,0.0
57000,0.0
57001,0.8213375628984062
57002,0.7753354697823124
57003,0.6158089910717884
57004,0.37659876790067776
57006,0.36556729534706206
57007,0.47030735685149294
57008,0.30042886614997916
57009,0.8031354884593516
57010,0.09675286036508457
57011,0.13344336065863596
57012,0.5312225034313431
57013,0.47373177995645316
57014,0.7947516327507502
57015,0.7647886182429264
57016,0.25466174958520393
57017,0.9169192463508997
57018,0.5389263441264338
57019,0.7375823800657242
57020,0.892761794564182
57021,0.9350005568950019
57022,0.5545641260632996
57024,0.9382416902356987
57025,0.08418315943336048
57026,0.09728955117167123
57027,0.3297049211515419
57028,0.9313123366585059
57029,0.3173361169991352
57030,0.9261161413452751
57031,0.9117624031248286
57032,0.9264807176609148
57033,0.8197864816407596
57034,0.9731660613130316
57035,0.9053473792401834
57036,0.7726257538975466
57037,0.9320009666764711
57038,0.3127774423426107
57039,0.8956501746872164
57040,0.771444674623359
57041,0.4965722754171864
57042,0.9343740122226256
57043,0.9149467569523038
57044,0.9528253366638008
57045,0.13259278439509847
57046,0.2047315373890564
57047,0.5824836062336882
57048,0.371742523332076
57049,0.9630745358786833
57050,0.9620631202678724
57051,0.30555528935684034
57052,0.8180793381824945
57053,0.21228482761478618
57054,0.11544822395144516
57055,0.9085035418596671
57056,0.9730485150299099
57057,0.19855338209614753
57058,0.5331789328587673
57059,0.4405595716236183
57060,0.12453353017343387
57061,0.9273592843604653
57062,0.34312735185473947
57063,0.7169742898326725
57064,0.6871113499724469
57065,0.5245365197148788
57066,0.8909832678724496
57067,0.6071268919889528
57069,0.46657824384122576
57070,0.16766560220603643
57071,0.8777416740600821
57072,0.888505138233555
57073,0.9081188664893571
57074,0.5425619825809447
57075,0.9182812634091532
57076,0.31201343166141987
57077,0.6025663916859025
57079,0.0567551230024025
57080,0.8284806020743597
57081,0.25848054446878804
57082,0.8269322341210044
57083,0.45718597065118133
57084,0.7417734454611646
57085,0.5048347091284213
57086,0.9293767733705431
57087,0.660111128286609
57088,0.7477059399316294
57089,0.2410368796791014
57090,0.6736409460377386
57091,0.3898701396511154
57092,0.48006781007988575
57093,0.67253576900655
57095,0.6451009360645342
57096,0.5242871436646441
57097,0.2636225829927531
57098,0.3288085227173773
57099,0.16331410242925473
57100,0.7802995884864049
57101,0.6870502005085698
57102,0.7947222667403175
57103,0.7172333288186808
57104,0.3715564471135747
57105,0.34841444325119547
57106,0.07166414136685016
57107,0.34261878226021747
57108,0.4579559488877856
57109,0.3163080937873071
57110,0.258633486254769
57111,0.9364158492689764
57112,0.49624785635948093
57113,0.8535341409682312
57114,0.8288727687657802
57115,0.31196652511836204
57116,0.9187501165022129
57117,0.613435205036756
57118,0.6250116134519346
57119,0.8367816913036852
57120,0.4924001516479566
57121,0.7787784170253493
57122,0.8870911550598144
57123,0.5749597153176389
57124,0.33145586144547645
57125,0.9262919664760724
57126,0.19228338603573428
57127,0.2949109505758095
57128,0.9197302978242587
57129,0.9328387583141216
57130,0.31289761323645976
57131,0.18028022543675992
57132,0.23772867984485002
57133,0.5815072550006714
57134,0.9324471979857819
57136,0.06982782586775954
57137,0.8923489633617353
57138,0.12615133544222545
57139,0.9224260904140038
57140,0.932127016405418
57141,0.2969402635221653
57142,0.952937911781034
57143,0.8640219415925977
57144,0.809960993046643
57145,0.9476998756808578
57146,0.9218100588495579
57147,0.9188950222981676
57148,0.9195760292024214
57149,0.07952547780999158
57150,0.9071471545948111
57151,0.45051841291819283
57152,0.24629203434016364
57153,0.8596706274090296
57154,0.3546789442205268
57155,0.7645642107215238
57156,0.8792631745150598
57158,0.2100300446605125
57159,0.2034794312467153
57160,0.2066721080742506
57161,0.8257311174458984
57162,0.9068494015531179
57163,0.3340442797063292
57165,0.33780548032174496
57166,0.4226498637207668
57167,0.5131544353457643
57168,0.5212688985515973
57169,0.6685901588291803
57171,0.036598655744822337
57172,0.3879682078475014
57173,0.9361432677471294
57174,0.3037973858801848
57175,0.9403515992989404
57176,0.7364274411259634
57177,0.49241352624006224
57178,0.7866602366416086
57179,0.47361015817845065
57180,0.9533127295859022
57181,0.24900005186470192
57182,0.1414136012239922
57183,0.46589038118410503
57186,0.3866883276933053
57187,0.23070226005934452
57188,0.3661065218394504
57189,0.32924920119850964
57190,0.3191240025642147
57191,0.5828116409693481
57192,0.35152400739264344
57193,0.8770307703466687
57194,0.4495629707983589
57195,0.3792412649103272
57196,0.42609509096478826
57197,0.7278266317596319
57198,0.8220302357973484
57199,0.46701406243275
57200,0.9023939549904016
57201,0.44238399126590766
57202,0.6310037412767996
57203,0.42783132977553906
57204,0.9355013907272154
57205,0.290303486503329
57206,0.6183303303345136
57207,0.9623476234635685
57208,0.8838172424420535
57209,0.11023131682328277
57210,0.8163049392487081
57211,0.9171928300175136
57212,0.9208001251032547
57213,0.12585396730282472
57214,0.412323179477741
57215,0.042346197870490085
57216,0.8270566474297967
57217,0.3973980833714303
57218,0.917558539606324
57219,0.8948902174114239
57220,0.3767807599114372
57221,0.5253803086682844
57222,0.7434322489507683
57224,0.46833494584756247
57225,0.25304455991079294
57226,0.5175015456200359
57227,0.17784858201023374
57228,0.7842346773295162
57229,0.9615970626072261
57230,0.41271539726823225
57231,0.3376302986406183
57232,0.7936866246631169
57233,0.9866090373985503
57234,0.7287089725768847
57235,0.11160013656748916
57236,0.20839567784904228
57237,0.7720186009987222
57238,0.1335445140246011
57239,0.7052094144992875
57240,0.5976770835075726
57241,0.9419470525240776
57242,0.8642661246080561
57244,0.6549644837828461
57245,0.33533257469061845
57246,0.5130671288991379
57247,0.58203448320507
57248,0.2901651783895668
57249,0.9277676319180702
57250,0.26760071175749445
57251,0.921669814985655
57252,0.1238569447673451
57253,0.9401509382550826
57254,0.9399775993645955
57255,0.9204867809106647
57256,0.9391349009342569
57257,0.19283310534073633
57258,0.823800578093916
57259,0.03854361529167514
57260,0.40014867660879727
57261,0.2906130995441027
57262,0.7326162808844143
57263,0.6440186552720912
57264,0.7806364759174312
57265,0.6790287108391978
57266,0.6148590412212639
57267,0.6789609583872744
57268,0.5099454286982577
57269,0.5569951688016097
57270,0.46145530786550853
57271,0.8882177076209953
57272,0.9212292248362354
57273,0.2198594796690499
57274,0.5830016586673
57275,0.6159537592334555
57276,0.3046788442053627
57277,0.6746470097000764
57278,0.39303710467625774
57280,0.8318812643976218
57281,0.45785868106435723
57282,0.40159228803890806
57283,0.8719084769811631
57284,0.4726002451984725
57286,0.06018106063103009
57287,0.44365682101510384
57288,0.4541373270327546
57289,0.3213475166686214
57290,0.48376935171201274
57291,0.7208583875662348
57292,0.18727500839669728
57293,0.3299287245317561
57294,0.7557586709944835
57295,0.42316079512345867
57296,0.2479136944213267
57297,0.43744396542714953
57298,0.7629495302681266
57299,0.8626066996664369
57300,0.7416419744382294
57301,0.5893578356071183
57302,0.9829597569751934
57303,0.9552286234397698
57304,0.9537564111778759
57305,0.5715259106675431
57306,0.4194215245318947
57307,0.9231820957658642
57308,0.7030728428902248
57309,0.2045657584609522
57310,0.9200427880434782
57311,0.7520553149393429
57312,0.5061637137760201
57313,0.5262205612706614
57314,0.9307188510240888
57315,0.69549652802615
57316,0.9611202999968024
57317,0.8335589882350768
57318,0.9592819268842645
57319,0.34783819102454394
57320,0.9615539571670196
57321,0.9486957255187103
57322,0.3036559241274124
57323,0.21278618481330158
57324,0.8972162026889325
57325,0.7229270723262463
57326,0.6476436179031492
57328,0.13982086590252274
57329,0.14673313888691009
57330,0.6638877134260801
57331,0.6527179107837479
57332,0.6933079317630853
57333,0.7937736861732654
57334,0.7696142597793005
57335,0.3274744114397149
57336,0.5467529728108121
57337,0.8224631273859729
57338,0.5830499867334831
57339,0.5642455506164771
57340,0.7003548873403713
57341,0.40909627444356284
57342,0.9639312990237139
57343,0.7119230808668309
57344,0.9656672070231506
57345,0.554541536748844
57346,0.6505457319747668
57347,0.31714405606619334
57348,0.656624085627188
57349,0.1388847721796699
57350,0.94227531918887
57351,0.9424009312760399
57352,0.9509677152539513
57353,0.6140192876938468
57354,0.2038100480602046
57355,0.3522964565384461
57356,0.592185738110468
57357,0.7407606205688059
57358,0.5240339199149548
57359,0.38398802414515393
57360,0.6166510230431907
57361,0.2737563609433822
57362,0.9626195995840806
57364,0.14694464092898715
57365,0.07066183023730989
57366,0.7804197159753381
57367,0.6029345438895491
57368,0.6858603298894137
57370,0.3181779490190641
57371,0.331748946522192
57372,0.5420173705432555
57373,0.7212847489009007
57374,0.9620545489078819
57375,0.4631646027212841
57376,0.6134632897745418
57377,0.9619211807249249
57379,0.39584111222471197
57380,0.968428575801723
57381,0.14501658683961366
57382,0.9226126923031102
57383,0.9427166186542927
57384,0.7817679190571831
57385,0.8962814332043907
57386,0.7551614071413154
57387,0.08657767108973605
57388,0.05091997519183572
57389,0.7547815381639242
57390,0.3115914483768723
57391,0.13565180102518976
57392,0.9144077802590722
57393,0.6855618087918015
57394,0.7766212699452669
57395,0.12045818751664959
57396,0.9487992062256939
57397,0.34836387716642786
57398,0.7518325438890537
57399,0.3795267147027423
57400,0.0
57401,0.3332678244737523
57402,0.6631309819173473
57403,0.929544499293575
57404,0.5062992576882172
57405,0.6708505581907995
57406,0.093375935553247
57407,0.8443062632799734
57408,0.690891037115772
57409,0.7151026168000942
57410,0.3607450256034014
57411,0.7490286683605504
57412,0.9657040064596303
57413,0.29472992018857624
57414,0.9363449574196181
57415,0.9341430419428458
57416,0.9164192972534636
57417,0.7848667600839278
57418,0.8736485689925303
57419,0.8306832372733184
57421,0.48466802760534416
57422,0.9038321565804475
57423,0.692222187704202
57424,0.13112907683119404
57425,0.8811873768706936
57426,0.8237309663021528
57427,0.6243364360822905
57428,0.6467778624878064
57430,0.29716612011400817
57431,0.8929346885085291
57433,0.9107754543546155
57434,0.858125326485534
57436,0.835936694039066
57437,0.40647432318625837
57438,0.9496666880066241
57439,0.04923658679588767
57440,0.7547897503809339
57441,0.5528096257775611
57442,0.32805257649316627
57443,0.8656744181453068
57444,0.28307649621579534
57445,0.9128191123353528
57446,0.19164679804652426
57447,0.7719642097175826
57448,0.5508110982524687
57449,0.9263458676315166
57451,0.2977546922896419
57452,0.955042697306109
57453,0.826653695125473
57454,0.9102784739675168
57455,0.6664952580889301
57456,0.5279299641568206
57457,0.1581693514508751
57459,0.07282385650852698
57460,0.3859973006970701
57461,0.9581664915457301
57462,0.7400165055843583
57463,0.33643008617242703
57464,0.6161952211132701
57465,0.48938897016415894
57466,0.7176576458333386
57467,0.9501961626068017
57468,0.7656218483906916
57469,0.7510670705355867
57470,0.2267907089490502
57471,0.35528722294856135
57472,0.4106129420446944
57473,0.6608876993459462
57474,0.877702400494804
57475,0.30531163285863266
57476,0.2520516814628494
57477,0.2403646976381407
57478,0.17511839681689378
57479,0.17459313320053108
57480,0.8783836736574708
57481,0.892500221459851
57482,0.8811506127819673
57483,0.2519605322701721
57484,0.8094142070194121
57485,0.5889561806151002
57486,0.17334020814502987
57487,0.9479734034647227
57488,0.33909637544036497
57489,0.5111560512974603
57490,0.3075187373776971
57491,0.8155035404803818
57492,0.817159427390908
57493,0.6533958339866888
57494,0.19767957887656523
57495,0.47484245275565684
57496,0.09225653907873874
57497,0.8156691927026284
57498,0.6158734039082708
57499,0.5825973424923605
57500,0.9667738448730884
57501,0.2631833630633954
57502,0.12523566669344255
57504,0.9837344782895994
57505,0.8717364723887447
57506,0.85598658239199
57507,0.4030070127558529
57508,0.6206901681450187
57509,0.9218552452297288
57510,0.9292802213242966
57511,0.8988976776478643
57512,0.9434687782119113
57513,0.5454450219483259
57514,0.6464360326500477
57515,0.9194733253835321
57516,0.27489907125642943
57517,0.4952516345222899
57518,0.9355048906197553
57519,0.4617735234891755
57520,0.5113735971148664
57521,0.5928568808196213
57524,0.5800844712503238
57525,0.0957635482057549
57526,0.5041916010028799
57527,0.9188398054882647
57528,0.272853422957609
57529,0.3983992024450328
57530,0.2980657566136806
57531,0.3810691021574861
57532,0.9220273572528489
57533,0.9002468141025243
57534,0.9207281744591721
57535,0.39539670908586677
57536,0.7755836457876424
57537,0.4795918518933827
57538,0.7987286344172951
57539,0.4461293496512658
57540,0.17805155817999196
57541,0.14325951607598003
57542,0.4831010370332967
57543,0.901868518651197
57544,0.8485962146122306
57545,0.9495770540124149
57546,0.9279842482492221
57547,0.8974714369030616
57548,0.9196043910047034
57549,0.7016324560218742
57550,0.49406260865088014
57551,0.8867346908144261
57552,0.9309694807828204
57553,0.9230353024592017
57554,0.8833085072278071
57555,0.17215703399674706
57556,0.6419005594449775
57557,0.3306439208632768
57558,0.5837794779734871
57559,0.07013481187721582
57560,0.2484909099808761
57561,0.37855427584651485
57562,0.777195066142316
57563,0.46545432961574656
57564,0.9288818349629039
57565,0.45609220641692594
57566,0.7821865489017286
57567,0.17451184556573388
57568,0.6563776372995161
57569,0.07044995343291924
57570,0.47295641265944055
57571,0.6298577478261271
57572,0.507316080027505
57573,0.8096048888031528
57574,0.33804900226946677
57575,0.9098800143444002
57576,0.27235885704876533
57577,0.7613515503001284
57578,0.9258965454872665
57579,0.9426245128943018
57580,0.4210668098658254
57581,0.7447768173782509
57582,0.8450341769528958
57583,0.9675933885525051
57584,0.3332217298795498
57586,0.5923445217380411
57587,0.24063603152059582
57588,0.201209867006082
57589,0.3515336886871121
57590,0.6619180235054561
57591,0.8187984371023712
57592,0.8897285012110141
57593,0.9304690712967951
57594,0.7453443851026599
57595,0.9219091843707795
57596,0.8624080233261846
57597,0.8961062946697528
57598,0.5556216858637187
57599,0.353555689168009
57600,0.34981422535922224
57601,0.934025399279968
57602,0.7843399222399322
57603,0.4627484802759146
57604,0.20096724278711653
57605,0.5003563950537692
57606,0.194135072462854
57607,0.9006032190794501
57609,0.30346357157831205
57610,0.07869454073570234
57611,0.9602109857278959
57612,0.9175089806426424
57613,0.9088124291614349
57614,0.71381731631239
57615,0.7617135390168661
57616,0.9370836049500698
57617,0.9162214159994675
57618,0.7320145580152558
57619,0.4875270853808413
57620,0.8748751109185325
57621,0.6203656211403681
57622,0.9227291200828986
57623,0.8619241807988729
57624,0.9550868647405834
57625,0.2772223628532899
57626,0.9304209561564725
57627,0.9122468956094554
57628,0.2904449431863002
57629,0.9335391516439548
57630,0.8538587814818077
57631,0.1667603612565975
57633,0.6087292294907433
57634,0.9209337349079035
57635,0.831688304222493
57636,0.5137832838185304
57637,0.9382792429010791
57638,0.5772568156521661
57639,0.6201364200669836
57640,0.030185127207100725
57641,0.3076004465947327
57642,0.9411813210143649
57643,0.7407948361031811
57644,0.9340190663522169
57645,0.9333893726657931
57647,0.7130435183530639
57648,0.7578664131699002
57649,0.9364728930199481
57650,0.18715231498248014
57651,0.5415318893596375
57652,0.9106730245416959
57653,0.9305818381315636
57654,0.911733714215354
57655,0.8400557002640628
57656,0.9244001322712608
57657,0.496297447819028
57658,0.411926781459577
57659,0.4461511144396509
57660,0.45950615930305294
57661,0.39524382253116913
57662,0.4772151430472391
57663,0.9211202734884477
57664,0.5631421519849018
57665,0.8063411483859535
57666,0.6936519656947637
57667,0.23803412255818818
57668,0.5740667268449543
57669,0.8465268989102963
57670,0.3301352957308254
57671,0.2697918847353465
57672,0.0744518401825113
57673,0.389563326324167
57674,0.08200388115288382
57675,0.27473836026087145
57676,0.41394099931499684
57677,0.8737975322404797
57678,0.41380724518799694
57679,0.7071542044391699
57680,0.7663621402084813
57681,0.33067587455363884
57682,0.9351202317350462
57683,0.6701148921321587
57684,0.7498258690142534
57685,0.1584834024742143
57686,0.6948762434996435
57687,0.4262476459574742
57689,0.5975489642846095
57690,0.5329300118835173
57691,0.216177604914692
57692,0.4627814357076883
57693,0.9478137422076875
57694,0.946993133641527
57695,0.6912356186228344
57696,0.6165272971535193
57697,0.927910116037354
57698,0.13689079915389413
57700,0.2307434968559958
57701,0.9470104088728845
57702,0.44574341405223394
57703,0.7869793392024488
57704,0.601595979346264
57705,0.299494538522972
57706,0.3802186753749425
57707,0.9422872793307989
57708,0.8332421665444112
57709,0.7510538924694201
57711,0.2925762141413653
57712,0.16918994244708188
57713,0.8838251559912738
57714,0.4076283144308921
57715,0.9098879982384689
57716,0.8511997560400336
57717,0.3552176129015967
57718,0.4674965122172925
57719,0.2742023453966775
57720,0.2635262602724479
57721,0.7053153124815937
57723,0.28969408466933955
57724,0.8791748754325952
57725,0.7039501499246625
57726,0.49928557865062684
57727,0.12446067131787268
57728,0.5333584629443138
57730,0.484002057148932
57731,0.34901263217073536
57732,0.3544303912310657
57733,0.5509836379417558
57734,0.8789727216742328
57736,0.8903573189866417
57737,0.5012643120262451
57738,0.6510052689675901
57739,0.04161741430770158
57740,0.08533721727620189
57741,0.3950588468698282
57742,0.5769070734278179
57743,0.746049032018818
57745,0.3967461773626654
57746,0.46897762047575925
57747,0.7905732299336479
57748,0.339756134358743
57749,0.2658635434056952
57750,0.42821546860511145
57751,0.8486040725844827
57752,0.46625838227786687
57753,0.5883353264649911
57754,0.6065891963663876
57755,0.10595279366765385
57756,0.9550310971209812
57757,0.22023138093594105
57759,0.46838768169865896
57760,0.39691506525587783
57761,0.777132828823894
57762,0.6269673458166174
57763,0.44936244480276
57764,0.3495966376935163
57765,0.7374116476542242
57767,0.5319024545201945
57970,0.0
58001,0.8564845212671311
58002,0.13022864191466627
58003,0.6408722350590936
58004,0.6473654639974009
58005,0.8056416683898382
58006,0.6514524773523908
58007,0.21572951137667412
58008,0.9669508431171376
58009,0.3120522856173361
58010,0.8209438614000647
58011,0.7707634680869626
58012,0.21788862903573353
58013,0.619384906607713
58014,0.6369235247233738
58015,0.949484868464936
58016,0.8465093643238217
58017,0.8462667092499463
58018,0.8987732971636365
58019,0.9021996300484558
58020,0.4824211387812218
58021,0.27786949517736
58023,0.9037986341378013
58024,0.9149767196594066
58025,0.6562326529178433
58026,0.9540852795140689
58027,0.2840892206615384
58028,0.6285342756128928
58029,0.9351094272630481
58030,0.30131603281132263
58031,0.39501508925550904
58032,0.2615568256832366
58033,0.27183452490687027
58034,0.8808810548757742
58035,0.187523995823944
58036,0.2629828442055427
58037,0.28206616247239
58038,0.8176752720121127
58039,0.5588012931226598
58040,0.8489693330192514
58041,0.8072388633143526
58042,0.39088924841481953
58043,0.9338495110888053
58044,0.12999057702664313
58045,0.2684820720317318
58046,0.7368619807207912
58047,0.8029012001818212
58048,0.09397865647348606
58049,0.9745206908598183
58050,0.938858560610558
58051,0.4600566558405699
58052,0.8448101575320321
58053,0.2422387298626148
58054,0.8168711780505603
58055,0.7969444055977336
58056,0.44324924499255386
58057,0.15529270170823306
58058,0.4906952088984864
58059,0.10518396689625653
58060,0.4150475969088199
58061,0.24475546926456668
58062,0.7839968546027609
58063,0.9908377928319898
58064,0.07738398620068214
58065,0.8496398215634297
58066,0.8789905223841493
58067,0.17362283206851
58068,0.6076351704692736
58069,0.9342700775886748
58070,0.3012146896910654
58071,0.8818626456468129
58072,0.5245174072710237
58073,0.8734043452711938
58074,0.5052730247350052
58075,0.9554087111271884
58076,0.9187702414231366
58077,0.37737064774233126
58078,0.6862415910878646
58079,0.5922932972670422
58080,0.9178416558829161
58081,0.06605007909396249
58082,0.5754453302016008
58083,0.9736030965988742
58084,0.5132321196603853
58085,0.5134679046522693
58086,0.03259619871468375
58087,0.3193761635539658
58088,0.38090820676086606
58089,0.05673834348793285
58090,0.4620522094740914
58092,0.7263092326448557
58093,0.6307594499643964
58094,0.18555056705916353
58095,0.24463799398938882
58096,0.6002524234430409
58097,0.8770178184338192
58098,0.9657471905391365
58099,0.8103029490339164
58101,0.18122123598161238
58102,0.14381640058234071
58103,0.5806902655271463
58104,0.600976533782875
58105,0.6459887744880048
58106,0.6284357863108118
58107,0.7937043104882597
58108,0.9645654345787741
58109,0.3102433869121488
58110,0.89500686583336
58111,0.7294669830311444
58112,0.5050412096308281
58113,0.5729486206560499
58114,0.8174040903271431
58115,0.4737663131810809
58116,0.9208858016643219
58117,0.48975991219881926
58118,0.6438742394126696
58119,0.7181167456106815
58120,0.8272199656919896
58121,0.30472665651050185
58122,0.318893165992082
58123,0.9689189246650616
58124,0.4551964421887677
58125,0.7847791456366157
58126,0.6806723432333728
58127,0.28919468470762955
58128,0.7341492995988641
58129,0.7561458167074044
58130,0.9102871356708098
58131,0.2771649592654294
58132,0.9433071837288002
58133,0.9663242041326089
58134,0.3424307628810195
58135,0.3121768778424912
58136,0.6060412417192992
58137,0.7954925040477863
58138,0.21718775088796882
58139,0.5237661048324306
58140,0.5823340445910727
58141,0.7881007486012932
58142,0.803329310474206
58143,0.6568580526837431
58144,0.18804044638367245
58145,0.30897205588033805
58146,0.6244484721747254
58147,0.10918927776916769
58148,0.5417374106900079
58149,0.3445921944685574
58150,0.8971877984046615
58151,0.223986655797159
58152,0.3641933610928371
58153,0.9041210365919934
58154,0.9358998032251091
58155,0.3313328031376119
58156,0.6416268097318473
58157,0.9524378542922628
58158,0.6658561611511981
58159,0.9180985222454783
58160,0.24502703648786986
58161,0.611133493210384
58162,0.31049768057223615
58163,0.16776361212381993
58164,0.29779172973197193
58165,0.8412552590605635
58166,0.793048958765729
58168,0.702439774383137
58169,0.9601274610345004
58170,0.9650664776199886
58171,0.36373797544168285
58172,0.697059481126231
58173,0.6093382925454379
58174,0.33567478233471365
58175,0.7366377756304608
58176,0.551777179938709
58177,0.9234484465250854
58178,0.7502128999571385
58179,0.8508925749215035
58180,0.5040810329172097
58181,0.9039448990598056
58182,0.27220970750325607
58183,0.9144058719715947
58184,0.7903660261401974
58185,0.4624475779427044
58186,0.22608164813829773
58187,0.2314006351408461
58188,0.433589118057915
58189,0.13804901439223133
58190,0.8974007381813449
58191,0.947316886727238
58192,0.51486204786702
58193,0.09228008309649989
58194,0.16059350004360523
58195,0.6738210714669493
58196,0.43358452307158707
58197,0.9238500885120128
58198,0.47255471333144017
58199,0.7846131246815303
58200,0.5131346760048939
58201,0.48369912065586695
58202,0.9527121057549989
58203,0.6055818682062836
58204,0.4915334198921156
58205,0.23022837678277244
58206,0.8565989098880105
58207,0.3817303895000963
58208,0.9541500527429952
58209,0.46882566415160976
58210,0.31807714392716235
58211,0.5827914245063763
58212,0.4208350250882165
58213,0.22047952459594553
58214,0.2530694391885043
58215,0.093111394025496
58216,0.8638571725636749
58217,0.5278279620385403
58218,0.36073929101322727
58219,0.7859012157008727
58220,0.13278139995979474
58221,0.6095621824787492
58222,0.7144973637536381
58223,0.13807353048212465
58224,0.9687913925624259
58225,0.6166659308742295
58226,0.8362319362694501
58227,0.07951762070161855
58228,0.2295487061866639
58229,0.9524890362690386
58230,0.9667820965199394
58231,0.5313271929388556
58232,0.26774060470044675
58233,0.22908532401896403
58234,0.2049367541490799
58235,0.7507660417013379
58236,0.43307110622401246
58237,0.9257638928932216
58238,0.3370841009855638
58239,0.520000592541427
58240,0.4726026705231565
58241,0.6262584673076971
58242,0.8935996906131168
58243,0.8078364346027019
58244,0.8380358692682598
58245,0.5016807293086686
58246,0.37560844207211325
58247,0.40589239343280925
58248,0.4672044616087728
58249,0.6530083577524353
58250,0.5819149302655968
58251,0.20417750332334006
58252,0.43922642571742004
58253,0.27692843806186873
58254,0.47613770781891124
58255,0.8813381647068103
58256,0.3538638726656759
58257,0.8996267858336482
58258,0.6327268177599303
58259,0.9494165497575713
58260,0.39024023705652905
58261,0.16202550558275172
58262,0.5140020483992119
58263,0.7295353924770746
58264,0.0699805840983187
58265,0.381856456764056
58266,0.89623599263593
58267,0.6571365360624246
58268,0.4275739895791699
58269,0.38773374464344035
58270,0.22030147992537435
58271,0.949552903943726
58272,0.9421412086955238
58273,0.35009680425620354
58274,0.6567204941247023
58275,0.38272968941345803
58276,0.6288580970245033
58277,0.8452145238248356
58278,0.4918953164818555
58279,0.5697629947015455
58280,0.4042886944719017
58281,0.24126791984671875
58282,0.5986334567271244
58283,0.9453697939060153
58284,0.9476306158896345
58285,0.8219620602896478
58286,0.8581030307112721
58287,0.6985352087259417
58288,0.7794142165275413
58289,0.5891168573661621
58290,0.8738846215065994
58291,0.6889542220679291
58292,0.25765480150064957
58293,0.9207399655559233
58294,0.821799995637809
58295,0.3342996480390849
58296,0.9145804455000962
58297,0.5405043114366835
58298,0.49334776740148745
58299,0.5471075110031728
58300,0.3552707964407389
58301,0.6949983748141071
58302,0.1423807751615016
58303,0.09822871400536708
58304,0.9610578836120914
58305,0.7029525507051625
58306,0.9175503693149404
58307,0.39242154628486575
58308,0.9272706331191757
58309,0.6903906243672459
58310,0.8444521842058164
58311,0.5790821063194854
58312,0.4819388523827664
58313,0.8025709132925345
59001,0.6601173931744729
59002,0.6546330362918366
59003,0.6184986867447744
59004,0.770299427835208
59005,0.8578432530818455
59006,0.6186006158477871
59007,0.7714359410900105
59008,0.6151790981316498
59009,0.39285290752713636
59010,0.4139266401132393
59011,0.7947513047937635
59012,0.1095782191885435
59013,0.8978080803360359
59014,0.7919599920125423
59015,0.5894669818169943
59016,0.553343121422348
59017,0.8507401846101935
59018,0.6893113158915395
59019,0.8317688344249985
59020,0.0
59021,0.550592714255692
59022,0.8856165378852899
59023,0.6581256517032896
59024,0.6736657397007679
59025,0.8475853265540934
59026,0.6201806296472843
59027,0.915181734335041
59028,0.7076075831171951
59029,0.8788051915215344
59031,0.49996436304000613
59032,0.8321557440784793
59033,0.2822070469393608
59034,0.8863510246915647
59035,0.2797274596168015
59036,0.4184851763655839
59037,0.7030907281631811
59038,0.6733743726788353
59039,0.5357232038986672
59041,0.5189248086151259
59042,0.8486579451070991
59043,0.489787180583692
59044,0.8300220368566378
59045,0.5406599824957035
59046,0.4072127578201068
59047,0.5442218685488774
59048,0.7028674385957531
59049,0.5429483729464758
59050,0.5185597251062494
59051,0.749638861875421
59052,0.8290730911709302
59053,0.3911056138787786
59054,0.7888776842958742
59055,0.6968298211162358
59056,0.8980206186796538
59057,0.8159369764402313
59058,0.5173615866328803
59059,0.9300959653893276
59060,0.7949177349310161
59061,0.42917789259878286
59062,0.5590682836670464
59063,0.6983518755758078
59064,0.8805590119873705
59065,0.547490201190088
59066,0.6292984292961415
59067,0.547315560178531
59068,0.20878313467931192
59069,0.807929179005106
59070,0.6238021839401555
59071,0.8574050875613125
59072,0.6788818492944794
59073,0.7125834769761553
59074,0.5999577719952368
59075,0.9192389827792549
59076,0.7190451861549213
59077,0.7762650152016962
59078,0.5485921172755702
59079,0.8488705307726899
59080,0.5322789012574808
59081,0.7596463526513766
59082,0.4211686371282628
59083,0.534160827019951
59084,0.6904461133910192
59085,0.6882476931543113
59086,0.5920136116959199
59087,0.799729235753312
59088,0.8927696707150613
59089,0.6155148362777958
59090,0.6965914849325842
59091,0.8565861456026693
59092,0.703975093548265
59093,0.5159991562971162
59094,0.21202824610424356
59096,0.8567847051148569
59097,0.4460079850610506
59098,0.8029756074521782
59099,0.364187640654044
59100,0.7355978849504249
59101,0.6436498247437771
59102,0.6868490901999307
59103,0.6292304871162014
59104,0.4072125127974454
59105,0.7058095245594053
59106,0.9033262660988262
59107,0.21592273006031565
59108,0.7800005016782059
59109,0.70522698285863
59110,0.421428629909088
59111,0.7895781263178943
59112,0.7097138711388964
59113,0.7707757286555039
59114,0.7342171061796794
59115,0.7080389803102126
59116,0.7616896142124134
59117,0.6785209262649279
59118,0.45205725544936093
59119,0.821727605004853
59120,0.6347116898935466
59121,0.6000771338209439
59122,0.0780439581785045
59123,0.8720286312720884
59124,0.8292613186572516
59125,0.5393681242273266
59126,0.7525597139983878
59127,0.8429058205213563
59128,0.9259195703849364
59129,0.8633846520550391
59130,0.46324800285576806
59131,0.4767005974009552
59132,0.5759595669796281
59133,0.896031843114105
59134,0.2617295089071453
59135,0.706834920480681
59136,0.49852559438938854
59137,0.6277894522498311
59138,0.6556718870075938
59139,0.562769863330214
59140,0.7668008475947851
59141,0.5930765753301817
59142,0.6919156702705923
59143,0.850451763245343
59144,0.7458508656200814
59145,0.891978347952623
59146,0.8670021152584907
59147,0.6430861914189199
59148,0.5001406290234672
59149,0.5659352110477556
59150,0.869900557896476
59151,0.3765618108640499
59152,0.7540260238859378
59153,0.6773278515965927
59155,0.2805289863918301
59156,0.7686895264327346
59157,0.34247799732751016
59158,0.7444567409275766
59159,0.3977746864080727
59160,0.6856680858566572
59161,0.5404492816376724
59162,0.45563027688634505
59163,0.7870245602033552
59164,0.5667969677465896
59165,0.6808113938825273
59166,0.7403838422099819
59167,0.7147913726605636
59168,0.8475842590132023
59169,0.6495722944705986
59170,0.6416786564592327
59171,0.7133355095497939
59172,0.6998032861248723
59173,0.8686350138807301
59174,0.5195031685769574
59175,0.6133262838919858
59176,0.3888381447086509
59177,0.6017632813692902
59178,0.553966194358431
59179,0.6538234665884617
59180,0.7037547255550606
59181,0.6098911080414252
59182,0.6637028750978202
59183,0.058585286805077706
59184,0.8280597173770653
59185,0.75013795254527
59186,0.6327707104537306
59187,0.6199263504567653
59188,0.6826301211912746
59189,0.6562240545931952
59190,0.5805281178949183
59191,0.7171038255378946
59192,0.77088219889536
59193,0.9016427118517671
59194,0.570858871602436
59195,0.9229178643622427
59196,0.8990555520939946
59197,0.8812420334605859
59198,0.3244824473670393
59199,0.7482930295379673
59200,0.6297857689209534
59201,0.9012430440844634
59202,0.8402326955724221
59203,0.7245580803217229
59204,0.8200041260649429
59205,0.6544283465044638
59206,0.4011899320889521
59207,0.7858454143757443
59208,0.9086614796913464
59209,0.6134649238026676
59210,0.33213442948748945
59211,0.7924037643734441
59212,0.5556766223025875
59213,0.6334994231472262
59214,0.7268220771668307
59215,0.8054065862370761
59216,0.6546362636869061
59217,0.7678593423925925
59218,0.35045658565696985
59219,0.7074491481854417
59220,0.915220804906714
59221,0.8322457143648969
59222,0.7738789873678406
59223,0.3197182030851775
59224,0.6375508688469897
59225,0.2085274997340045
59226,0.29771614261663837
59227,0.6585386903125722
59228,0.7930663439098457
59229,0.5689186935875761
59230,0.39546765318129307
59231,0.6170660645290049
59232,0.7728664541405339
59233,0.5807969079248443
59234,0.7259962384439121
59236,0.5571841814855754
59237,0.7078331977688543
59238,0.7148508465181812
59239,0.5544536519405721
59240,0.6523430930269335
59241,0.36907990628671167
59242,0.5275698402984698
59243,0.6815880766532747
59244,0.448759327818671
59246,0.5826462396993823
59247,0.8677295632150338
59249,0.16310630567977608
59250,0.8760411184457991
59251,0.7650289886158488
59252,0.8811639014015991
59253,0.7318377783409739
59254,0.6576673496365928
59255,0.6129193916924857
59256,0.8824037456263663
59257,0.8929140003554332
59258,0.84580462555258
59259,0.7816263138697893
59260,0.13995837060180405
59261,0.49792085798262387
59262,0.4775923923067006
59263,0.7900721416370531
59264,0.569325975045908
59265,0.4351380678730566
59266,0.8632660558871041
59267,0.3547816668798077
59268,0.6674570209898664
59269,0.2706492369960644
59270,0.23554969740125192
59271,0.4859308729831799
59272,0.20486160591146488
59273,0.05723210185249609
59274,0.6244803175432495
59275,0.8833478268199823
59276,0.7614773773662097
59277,0.740898659861518
59278,0.8785888582390223
59279,0.6976994092517891
59280,0.7502789266228311
59281,0.8813928016519111
59282,0.8058258868733358
59283,0.4593280735287507
59284,0.5974975259238771
59285,0.7132215679054332
59286,0.8748728722681565
59287,0.7420200483369895
59288,0.8380908688904695
59289,0.8177176718123506
59290,0.5322902832738747
59291,0.3391865242262734
59292,0.818908653648509
59293,0.5922255801573074
59294,0.6522159874522385
59295,0.6963235158860385
59296,0.5496174299367681
59297,0.7541594494336937
59299,0.7238563524110236
59300,0.7278404327352235
59301,0.5075440108082591
59302,0.8944529711590267
59303,0.8942879365064934
59304,0.8935350701292636
59305,0.4062965143897459
59306,0.49858667377632654
59307,0.6447136674582175
59308,0.8197176755288621
59309,0.203586741798501
59310,0.37757021730785356
59311,0.7433289156677654
59312,0.7526191246404533
59313,0.7085915469314844
59314,0.6751725751493073
59315,0.6067545054824385
59316,0.8896249335074198
59317,0.8709609227604211
59318,0.5129520136783642
59319,0.28927283755930394
59320,0.8853503334031448
59321,0.876456973157816
59322,0.6186554566888709
59323,0.7139911085613916
59324,0.24821607510632016
59325,0.5869341031925183
59326,0.41073925213368506
59327,0.6844093777231941
59328,0.8039814206660856
59329,0.7407612456433685
59330,0.7557403425554227
59331,0.4798749388017841
59332,0.8708748826124483
59333,0.6259457579231305
59334,0.763630579479308
59335,0.5439913009131866
59336,0.7386130306955803
59337,0.7572601123109622
59338,0.7740336130005459
59339,0.7856779747123603
59340,0.2531994583506107
59341,0.6109548066873253
59342,0.5854535682592761
59343,0.38966658014285466
59344,0.5001530310593408
59345,0.736563645642841
59346,0.9726092334423911
59347,0.34932856874880047
59348,0.7529609505248108
59349,0.5898206150741422
59350,0.4032344802340551
59351,0.6446244449269912
59352,0.7772842042808048
59353,0.3865908100273208
59354,0.7560639596624
59355,0.0
59356,0.895022599338417
59357,0.3143665553145444
59358,0.5594302262569879
59359,0.1685638982395046
59360,0.8883020961634278
59361,0.773308640203701
59363,0.6790808215170219
59364,0.8942876851180606
59365,0.4672262156012211
59366,0.7992509645231027
59367,0.7791040540867266
59368,0.8998199531160579
59369,0.7983111435793802
59370,0.5598602070675226
59371,0.8972109328918925
59372,0.7568097877365854
59374,0.5186673745160055
59375,0.550123634217222
59377,0.378776398970521
59378,0.2066424389811879
59379,0.7088219830382134
59381,0.8120992781077319
59382,0.603194632029985
59383,0.6726890282196074
59384,0.4102911153179049
59385,0.45315091855327644
59386,0.862785536899593
59387,0.7092016588678663
59388,0.8827021994251524
59389,0.35459049165909745
59390,0.6841079232968542
59391,0.7764781653635561
59392,0.19719553951365698
59393,0.782312730321119
59394,0.7126029876018241
59395,0.7230420659037159
59396,0.39234634428059373
59397,0.6304732307006251
59398,0.8097915872339814
59399,0.6964115455135479
59400,0.44339300009588417
59401,0.5837086617156311
59402,0.741702901085678
59403,0.7189469095800429
59405,0.35668664958658813
59406,0.7487428731002402
59407,0.8041529112090121
59408,0.8022175323809242
59409,0.6810547292536548
59410,0.9300487930964187
59411,0.867458022985079
59412,0.7858162916405156
59413,0.7779420511961598
59414,0.7002373269606857
59415,0.8028720828054889
59416,0.625570837287313
59418,0.8082180854898197
59419,0.825374611724996
59420,0.38564528635164314
59421,0.7683552987293254
59422,0.5723750616753205
59423,0.714634559509758
59424,0.6895859577544388
59425,0.7390946021781819
59426,0.8247389072565864
59427,0.8981755863744845
59428,0.5605438354815495
59429,0.7590910033388839
59430,0.6737225464268425
59431,0.7035504684458772
59432,0.6174699375902892
59433,0.8270338832644861
59434,0.7227641865676829
59435,0.8618546913723197
59436,0.8242674783501006
59437,0.9003761848094616
59438,0.5306387039045024
59439,0.5557313674246912
59440,0.7828595592510289
59441,0.4039544679442721
59442,0.6267833012725825
59443,0.7570932799761986
59444,0.8355294184262569
59445,0.5087751394144145
59446,0.9047827830294779
59447,0.6382486149925765
59448,0.3766830021148367
59449,0.743716790090663
59450,0.6112629688237345
59451,0.7264972417912532
59452,0.7771038926499217
59453,0.7191431751708266
59454,0.8370758941700311
59455,0.648690666491717
59456,0.7107089474096038
59457,0.8816858513488416
59458,0.8975051800168937
59459,0.9824060508261536
59460,0.0
59461,0.4357095737570701
59462,0.8673917440091171
59463,0.4586669410220065
59464,0.5336159439531609
59465,0.5985735955072286
59466,0.8737142943634792
59467,0.4147963695467357
59468,0.6429000804367727
59469,0.8155641173657028
59470,0.9012511082414755
59471,0.7623797225878733
59472,0.40106654471204084
59473,0.8159935607553378
59474,0.1457745444791593
59475,0.9020611897056495
59476,0.4235787031842209
59477,0.8294091105634445
59478,0.405681089919944
59479,0.7148354159829281
59480,0.8312240591970392
59481,0.6473832178487989
59482,0.8351293393500397
59483,0.6741535062427677
59484,0.7412874924505993
59485,0.7737683099804371
59486,0.6835342963168191
59487,0.8917961825545679
59488,0.5739018695921224
59489,0.7577160897171342
59490,0.601532091146602
59491,0.7138683976477306
59492,0.6032519163290135
59493,0.5424343978156048
59494,0.6639191340869246
59495,0.4255397471328932
59496,0.7367405030864288
59497,0.7620756841202436
59498,0.7862261441945205
59499,0.3093240818419736
59500,0.436608380456487
59501,0.7216127499532263
59502,0.6343508504768608
59503,0.5521443304528518
59504,0.7334234467818916
59505,0.8067593378330306
59506,0.743289167106277
59507,0.9449631198971967
59508,0.706590344546384
59509,0.6453102617344671
59511,0.5383015363734763
59512,0.5851273551186285
59513,0.8176954412487569
59514,0.42311508899082073
59515,0.9303596712854587
59516,0.7266896867564747
59517,0.46801325392172705
59518,0.8272355333142779
59519,0.5680173727489479
59520,0.5631443213268569
59521,0.623280753907907
59522,0.8557604995978522
59523,0.8719962758049132
59524,0.8624832971558156
59525,0.21521401829624898
59526,0.6951110176238745
59527,0.7154647475171038
59528,0.7264047559815514
59529,0.5875807176466772
59530,0.8761121379391016
59531,0.7490857045032767
59532,0.42230857054093646
59533,0.726260852500261
59534,0.4241607500304831
59535,0.7003102400871501
59536,0.7754892556447981
59537,0.8244254949434717
59538,0.8029211092280607
59539,0.5334004394813363
59540,0.0
59541,0.8318119572438256
59542,0.6182504748375405
59543,0.5827979649515347
59544,0.5002414922037354
59545,0.5427416429518993
59546,0.7449971393155452
59547,0.7642745081479023
59548,0.5537920333019061
59549,0.7496728184036733
59550,0.8212255802876962
59551,0.542051411698372
59552,0.7254752823665672
59553,0.8627893641149765
59554,0.675577993248288
59555,0.41252733765659705
59556,0.5099225883061379
59557,0.7533898149314587
59558,0.7149196511108875
59559,0.6379376052146681
59560,0.8880398537472158
59562,0.47656621317573244
59563,0.6335352929846966
59564,0.9341872627635819
59565,0.8382358753836316
59566,0.9175954134649169
59567,0.605995452621813
59568,0.8380248537527384
59569,0.6737940429877012
59570,0.403408732431807
59571,0.5414627821012379
59572,0.34770015740158516
59573,0.6085203000111842
59574,0.5542523025722375
59575,0.8385334353733295
59576,0.538002219937049
59577,0.8067131755039033
59578,0.7297208555253295
59579,0.4343914688515424
59580,0.42650590356025636
59581,0.6947150306795076
59582,0.7710563079026121
59583,0.46930463875787987
59584,0.34385265649075636
59585,0.9048373850249655
59586,0.8401366608010024
59587,0.7559567067436873
59588,0.10680886025587767
59589,0.7762360646943943
59590,0.7635411174553488
59591,0.8596671682692508
59592,0.8471757437014729
59593,0.5940890537823883
59594,0.7609106872122612
59595,0.6018220659227664
59596,0.7409534410038385
59597,0.558948195836079
59598,0.8480155265612253
59599,0.6182035756264597
59600,0.890587743018747
59601,0.1799398383898106
59602,0.8860877117774616
59603,0.9066671990946781
59604,0.8365085283745326
59605,0.2728529412604942
59606,0.3817427887166264
59607,0.7575947521876488
59608,0.8095987237366232
59609,0.9346001035002437
59610,0.782692103404908
59611,0.8765989056754374
59612,0.8154438021877022
59613,0.8168450505403704
59614,0.7708226034936471
59615,0.5011002016667623
59616,0.5330483361391103
59617,0.5364280083742061
59618,0.5854905735907439
59619,0.546878638444825
59620,0.7132217690524755
59622,0.7257304217849553
59623,0.27934128139562203
59624,0.7223142629917088
59625,0.3984124446188094
59626,0.7615078872675737
59627,0.5610545668412313
59628,0.6959761041913685
59629,0.7402418101381152
59630,0.8714838898005384
59631,0.5370302251880895
59632,0.6737234340252939
59633,0.48322059842272713
59634,0.8268291110945598
59635,0.5867946668887151
59636,0.7904288727701247
59637,0.7132355644220916
59638,0.866334070015958
59639,0.6721077214821931
59640,0.7400779441597821
59641,0.27704599009605074
59642,0.758630307952332
59643,0.8980960284950275
59645,0.7641722721361971
59646,0.7331331019592814
59647,0.6820836581499244
59648,0.8946623591489207
59649,0.618649516901813
59650,0.6896820790713896
59651,0.8867841418427173
59652,0.7873468125724787
59653,0.8398467274437734
59654,0.7868942961626801
59655,0.8120589178292599
59656,0.786895439770151
59657,0.518897070188511
59658,0.9219891791522867
59659,0.48450302343132573
59660,0.8567458190330947
59661,0.7266743975225646
59662,0.5218083903649452
59663,0.27006633632684207
59664,0.8067946772060014
59665,0.5803785303162403
59666,0.5610529547636359
59667,0.7675017488635436
59668,0.4485178754059987
59669,0.8264982483678753
59670,0.8943074935468932
59700,0.0
59770,0.0
59810,0.0
59811,0.0
59830,0.0
59850,0.0
59960,0.0
60001,0.10631059712193872
60002,0.7702776021336837
60003,0.8102240635990683
60004,0.8252145826878259
60005,0.16391781156762544
60006,0.5193569421434892
60007,0.30453973279257074
60008,0.12476668449911875
60009,0.871670280349866
60010,0.3511796183019128
60011,0.899086942756145
60012,0.5190566184212607
60013,0.44867119333103295
60014,0.23774492492876526
60015,0.7061177063507611
60016,0.6538368215075089
60017,0.4131638876506475
60019,0.7545879236345858
60020,0.033063887859122926
60021,0.5523789506718368
60022,0.7742376668339697
60023,0.2436765044223053
60024,0.21227782946540996
60025,0.3348366684664275
60026,0.8403029172168605
60027,0.3356698950527986
60028,0.6888828414270791
60029,0.6469062241911453
60030,0.7924490101983087
60031,0.02049725326334212
60032,0.6388337663648287
60033,0.5897085423302239
60034,0.09006424791601936
60035,0.9017321185871014
60036,0.022007427708983188
60037,0.5912554921945647
60039,0.5992680904248444
60040,0.11447735297073681
60041,0.6550139276573236
60042,0.4117958221896785
60043,0.7620694317398788
60044,0.6342050373981989
60045,0.6059101484627425
60046,0.0341550030740868
60047,0.43186721960192315
60048,0.557020103633894
60049,0.4905347104198928
60050,0.42328164195545553
60051,0.6520435390902954
60052,0.6734951903969036
60053,0.8128840838485544
60054,0.6495443853180332
60055,0.7529376812555271
60056,0.5895447595105019
60057,0.06554773479824282
60058,0.773046880854705
60059,0.6338169188594798
60060,0.6677923423437765
60061,0.7316402694139365
60062,0.37850804079591926
60063,0.775504703164795
60064,0.366067132365434
60065,0.6710796150169109
60066,0.06461638842270483
60067,0.2879428702303242
60068,0.15905742057518268
60069,0.034291723249511026
60070,0.5336844025641011
60071,0.942018995240843
60072,0.20966766780352888
60073,0.7667354694497267
60074,0.5930375259663498
60075,0.7539855382622461
60076,0.066936743192277
60077,0.8221672781122037
60078,0.2070418429115482
60079,0.04438138991384227
60081,0.8621329494764176
60082,0.5740338403815834
60083,0.02776230022238948
60084,0.8135411865948882
60085,0.6118608658347856
60086,0.5182721655724737
60087,0.7251211812400212
60088,0.28973485787866227
60089,0.25149876549700806
60090,0.2822175199406752
60091,0.16229709366545872
60092,0.03661077823307216
60093,0.9199597666866047
60094,0.01952452266674754
60095,0.2577066828489446
60097,0.45100420311031747
60098,0.1400249801489197
60099,0.5981954495869942
60100,0.6468765414435679
60101,0.48152214375028085
60102,0.45862772743987795
60103,0.46098190741133516
60104,0.8556462382283248
60105,0.6267282865350975
60106,0.24408152921205495
60107,0.3083200086573929
60108,0.4223827526097055
60109,0.40094812821684006
60110,0.3401978444823175
60111,0.6096063811835326
60112,0.7326319871231609
60113,0.8069333452017925
60114,0.3995469241914949
60115,0.5393553143319622
60116,0.44975009638544855
60117,0.7846934263717074
60118,0.6211499380310678
60119,0.7988857426635207
60120,0.47168839136685603
60121,0.8298769970595054
60122,0.19126364450711048
60123,0.5739482242101196
60124,0.867210097241954
60125,0.2424166456286849
60126,0.8587307014360455
60127,0.8541452146241147
60128,0.2316075934790976
60129,0.4488511331072651
60130,0.23818894589780426
60131,0.7831441647969646
60132,0.8326932066197306
60133,0.49440072086242265
60134,0.43690115298685767
60135,0.7211827065499387
60136,0.47299030558378297
60137,0.18340255148186152
60138,0.6868460128792387
60139,0.3816715375669471
60140,0.35187214327703686
60141,0.10508868967881847
60142,0.6633021498535732
60143,0.2486945152720224
60144,0.4321273766749796
60145,0.03863590602576488
60146,0.5877330611200179
60147,0.6865925560992662
60148,0.45718601456666763
60149,0.2452341754756664
60150,0.8481908557876883
60151,0.276015089811494
60152,0.19313872130753051
60153,0.8116913359901322
60154,0.4223559256812211
60155,0.49327428163234766
60156,0.43294978322426003
60157,0.18708737495220024
60158,0.3736080298991139
60159,0.02288478587902353
60160,0.860686725721096
60161,0.7691372248281301
60162,0.729346946173059
60163,0.7161273120099527
60164,0.3368302569433094
60165,0.7607609359929076
60166,0.5126631515083954
60167,0.1315862551209473
60168,0.867434987853148
60169,0.13302395092910163
60170,0.7070745869961094
60171,0.16083664545180226
60172,0.5728414552319023
60173,0.7474725839124974
60174,0.9115621789417601
60175,0.5196190288092607
60176,0.03403285897545073
60177,0.23192515311996628
60178,0.7046619092635726
60179,0.7621804913505555
60180,0.7821690375292674
60181,0.5151089691661432
60182,0.9345903607600283
60183,0.5621618448735448
60184,0.11034934422413153
60185,0.552252090423972
60186,0.12401638551321122
60187,0.4409929894832316
60188,0.09974145281808457
60189,0.47885663536122913
60190,0.02473132481875264
60191,0.8213007411264913
60192,0.9059843135198344
60193,0.4062233342320154
60194,0.48244188030877333
60195,0.29179193278690224
60196,0.6974893858063503
60197,0.6002761881659237
60198,0.8670376897570435
60199,0.6894012577330609
60200,0.8270221818530632
60201,0.7403793104188133
60203,0.08525498705028697
60204,0.8535134853665854
60205,0.496870740047795
60206,0.6667126365624318
60207,0.01941704615823305
60208,0.31088087667190484
60209,0.45146865181185597
60210,0.2033736002137741
60211,0.31295556432644156
60212,0.5760907158116252
60213,0.714345958406978
60214,0.3370289878952776
60215,0.19252602263862484
60216,0.1891546195173093
60217,0.388024390240983
60218,0.34099493315393103
60219,0.13468879441408826
60220,0.7706610101084824
60221,0.8755040998855114
60222,0.7416177560802543
60223,0.09417800528938242
60224,0.06682898687328108
60225,0.5572654181410294
60226,0.7613111608130188
60227,0.8290569399690445
60228,0.2951790185330618
60229,0.316866626250058
60230,0.7950201208718769
60231,0.045807798109881094
60232,0.5935858525154698
60233,0.06491526810224751
60234,0.29736750906195447
60235,0.21020359576618355
60236,0.5996300073041211
60237,0.7794714138149978
60238,0.5169066168466607
60239,0.33070979123332683
60240,0.6005861063357021
60241,0.7749500629791537
60242,0.6207939582210548
60243,0.8609195116802283
60244,0.4298937541708753
60245,0.07401841374137277
60247,0.1607765025028414
60248,0.21021314939319066
60249,0.6548648445867974
60250,0.8095222101261289
60251,0.8511413056348559
60252,0.33001891511066356
60253,0.7892356549497606
60254,0.28673983080647514
60255,0.7841232673257718
60256,0.5220931421445288
60257,0.4996931933404607
60258,0.9175776580761789
60259,0.5136022444782221
60260,0.043915386986568654
60261,0.32001679707822944
60262,0.8763678867399942
60263,0.8276604922910993
60264,0.8677112422988215
60265,0.8296648512934339
60267,0.8814220600186495
60268,0.48294387972016856
60269,0.49045904025747444
60270,0.7326716110403396
60271,0.5998867107904383
60272,0.056742538388943144
60273,0.6190217017756652
60274,0.12381843624074265
60275,0.788799661786688
60276,0.6833551597546871
60277,0.7235113627887296
60278,0.40793721049832093
60279,0.027406053048305377
60280,0.18719339663069146
60281,0.7041942821899199
60282,0.2673260282102783
60283,0.742274398428006
60284,0.1638086379409047
60285,0.2513421732701967
60286,0.37059646860476436
60287,0.5933597540250682
60288,0.449328951567224
60289,0.5591229193156055
60290,0.8582917374288376
60291,0.3972151305066237
60292,0.8309763923794691
60293,0.3197020036878341
60294,0.9306777477311379
60295,0.5685870045245593
60296,0.5350006792754409
60297,0.7599398785479378
60298,0.6607471458353563
60299,0.8652050255078049
60301,0.8098796190076308
60302,0.8011664485529079
60303,0.3462939613230668
60304,0.7418921211156961
60305,0.07810852208372972
60306,0.5010332010683989
60307,0.7591211903494174
60308,0.5063437679261873
60309,0.36379134179083317
60310,0.7880261412985783
60311,0.6149406117975531
60312,0.30811012754680467
60313,0.6238817005642685
60314,0.7622092818511882
60315,0.7225670614511016
60316,0.7710012036189038
60317,0.7325360131373077
60318,0.38920754969036037
60319,0.7633914446280516
60320,0.021005269016857793
60321,0.42113785058976383
60322,0.3585680075461968
60323,0.562900929826975
60324,0.09582519770923591
60325,0.24916457744305998
60326,0.3805462684160424
60327,0.6633608878436202
60328,0.8492448828917025
60329,0.9357530236029991
60330,0.7285665052392137
60331,0.746475506166218
60332,0.4067945615655509
60333,0.6753929797224233
60334,0.7412325030683726
60335,0.5451311802391207
60336,0.8740944401020337
60337,0.46746125835293945
60338,0.055068557224609876
60339,0.8391968304344305
60340,0.8146851407032724
60341,0.6496166694272332
60342,0.4380517864832267
60343,0.5023837918402644
60344,0.7231869228482453
60345,0.11013931228291549
60346,0.15125542472701825
60347,0.04267481076021367
60348,0.8587066824727361
60350,0.773819703140357
60351,0.8677818873719301
60352,0.34470191918529874
60353,0.6634780358606654
60354,0.5934600028683693
60355,0.8248582194740595
60356,0.26448771273692806
60357,0.22464223796559477
60358,0.0351287115685786
60359,0.8160573495164335
60360,0.39652633568401163
60361,0.22461066344564193
60362,0.8066389324359957
60363,0.34491673638656556
60364,0.17329351861269213
60365,0.7542774757242753
60366,0.5835552799306893
60367,0.29355905747500965
60368,0.5263322117968172
60369,0.20461212127028247
60370,0.6119884836801368
60371,0.4474733797996686
60372,0.8520189148241678
60373,0.7083113105277093
60374,0.348469124759916
60375,0.16397623065401282
60376,0.8572776115091932
60377,0.7821508468381579
60378,0.6762420943425906
60379,0.7853163418206889
60380,0.02395005315328981
60381,0.9037671428819976
60382,0.37486683538103666
60383,0.781455101051685
60385,0.020658611117154183
60386,0.8051477549506131
60387,0.7331008722190234
60388,0.750339836756046
60389,0.646826072016413
60390,0.8433000548895623
60391,0.7231596118775678
60392,0.6697119349578904
60393,0.6614210832986678
60394,0.5887553421399437
60395,0.15183941172344273
60396,0.624661254242981
60397,0.7516577776597879
60398,0.4815967176763858
60399,0.6172450281427959
60400,0.6078038650634124
60401,0.6286009991149715
60402,0.13684051863631036
60403,0.7414973336355576
60404,0.5385533171800572
60405,0.09376779746863073
60406,0.46263573965125976
60407,0.17951433887269194
60408,0.5363269861458592
60409,0.5972806583278271
60410,0.587302985647482
60411,0.29741667981277603
60412,0.24581084376594867
60413,0.7962442423082459
60414,0.6019696192713562
60415,0.6923195759525258
60416,0.4178163953578665
60418,0.3315233903379224
60420,0.28125733264777714
60421,0.7926295611641522
60422,0.8564644683070524
60423,0.666859737183156
60424,0.5236615959978597
60425,0.7800269210908518
60426,0.8185641869297542
60427,0.46304930243419484
60428,0.7382121419048006
60429,0.5215222831417319
60430,0.0466435095915335
60431,0.6436463746999295
60432,0.7839591985793551
60433,0.6864465221597978
60434,0.9303963071496315
60435,0.330989487970409
60436,0.6316083594072263
60437,0.8007930122996088
60438,0.4467263680835522
60439,0.642339729311202
60440,0.3516146760882057
60441,0.16963458095657502
60442,0.8662118443924575
60443,0.7491734096973236
60444,0.27119856372137957
60445,0.6085506635127953
60446,0.23490799225161418
60447,0.25107072934366975
60448,0.047878627964552306
60449,0.4814212329213496
60450,0.42840867971728797
60451,0.4098078394461256
60452,0.38181510798031404
60454,0.6600495634693078
60456,0.330056045302074
60457,0.86238440809885
60458,0.7931587616742886
60459,0.9152865378337351
60460,0.8236024366766714
60461,0.8921672061930461
60462,0.6462155228077172
60463,0.5194215517759941
60464,0.2707925616624238
60465,0.866626448151658
60466,0.15859604998012758
60468,0.661407492231715
60469,0.8076306413346526
60470,0.765716372172715
60471,0.10521371387923381
60472,0.6346492993798816
60473,0.7309898040395468
60474,0.860651506074153
60476,0.44135317424485593
60477,0.6434308868735026
60478,0.030218421519180437
60479,0.08452274157270932
60480,0.8178908874355495
60481,0.07915346760622209
60482,0.612396910551155
60483,0.9354043736232611
60484,0.8234853746136451
60485,0.840856813891854
60486,0.6954961554140695
60487,0.29587144282786615
60488,0.8007892517812598
60489,0.2571024098515185
60490,0.787777163802367
60491,0.08007290592531906
60492,0.9223928602965157
60493,0.7849452841869831
60494,0.7178954898765059
60495,0.4600312355952051
60496,0.5871329157550792
60497,0.8069229622927955
60498,0.543815819722082
60499,0.853378457858771
60500,0.3436832300412568
60501,0.5280330092101166
60502,0.40406776570528913
60503,0.8286562838427166
60504,0.7211047601736075
60505,0.7403758447895511
60506,0.8651198599024326
60507,0.6568213031961092
60508,0.37538271213077135
60509,0.29683254683175897
60510,0.6687639557062781
60511,0.8301575049803798
60512,0.611041339052584
60513,0.5083190352416197
60514,0.8199969887037273
60515,0.19535937788432467
60516,0.4037847236965094
60517,0.56140933650123
60518,0.8584807242287313
60519,0.630799419936088
60520,0.8256081526773273
60521,0.0978666204190859
60522,0.6082156942678174
60523,0.757136276709183
60524,0.44646981315868256
60525,0.5946232130178132
60526,0.21853804972845808
60527,0.5553561917248444
60528,0.38392744320485545
60529,0.15289341227423855
60530,0.7622380138849931
60531,0.3156817363752862
60533,0.8364478845854346
60534,0.42115298810798024
60535,0.8494038717654115
60536,0.5056247099710391
60537,0.908104217007209
60538,0.8751682195032509
60539,0.5286013827070265
60540,0.31066992921711106
60541,0.5074080970775667
60542,0.8163829895745437
60543,0.40433156488832095
60544,0.5471880128093255
60545,0.13608694518344838
60546,0.47243253983540257
60547,0.4404598858956689
60548,0.17801791724290383
60549,0.8957220500083558
60550,0.5720615283838
60551,0.6294884155043228
60552,0.0842566903821693
60553,0.26797844723427927
60554,0.1140225744773579
60555,0.7199451872283387
60556,0.7655022923970551
60557,0.7486001997359533
60558,0.9101264660831359
60559,0.6536591544575775
60560,0.5143973174158912
60561,0.023777819859297864
60562,0.30837548466669623
60563,0.31945033859077593
60564,0.6924740081702155
60565,0.5321787304083528
60566,0.22860527095219307
60567,0.7351075535178944
60568,0.17166640355230092
60569,0.4721208055665509
60570,0.36537408712624375
60571,0.43466639901169846
60572,0.08715062227048039
60573,0.748925791582778
60574,0.7710497958323731
60575,0.8800936819697185
60576,0.768089054988837
60577,0.39905172171699743
60578,0.23155955549924953
60579,0.1081242481638616
60581,0.32708355848448517
60582,0.6565040234575812
60583,0.8010819763677373
60584,0.6762188854543497
60585,0.35132706134689046
60586,0.8109024201146832
60587,0.33350573071225004
60588,0.31525225343346497
60589,0.7828981406711268
60590,0.7998022989550373
60591,0.6121469932185506
60592,0.34228844363320343
60593,0.6161002916061692
60594,0.49172572106458856
60595,0.13722429412253312
60596,0.26376332194027075
60597,0.16794073874895574
60598,0.7710707662788482
60599,0.22016793093112333
60600,0.22622595275155122
60601,0.6848783090337214
60602,0.2360067279716174
60603,0.5408241583583637
60604,0.43249511757360865
60605,0.41434428761975073
60608,0.8772826942004927
60609,0.6896637725693588
60610,0.7537802629099615
60611,0.3982115900883558
60612,0.29270849313822905
60613,0.586346087945314
60614,0.34098397820180254
60615,0.6217223626177046
60616,0.15510278872179084
60617,0.8206117961108634
60618,0.1076497315690938
60619,0.728035837927746
60620,0.7747765963791424
60621,0.8294343417606149
60622,0.4943891631499084
60623,0.29923831161665937
60624,0.42464617535119054
60625,0.8420365283830964
60626,0.3605118302424442
60627,0.6113963583131988
60628,0.8996350297393729
60629,0.3916379876976427
60630,0.501360675923161
60631,0.7296716758465865
60632,0.7871648154747279
60633,0.40009338196921884
60634,0.9123532904574234
60635,0.8453291953348098
60636,0.46639811021519056
60637,0.0250333136623914
60638,0.7139560811466927
60639,0.6891569595744134
60640,0.2823043109746717
60641,0.4086978480303303
60642,0.5650832787265571
60643,0.3495197143618642
60644,0.1213651302716513
60645,0.40248326390962363
60646,0.7775278598255789
60647,0.224731736160778
60648,0.8976352854780675
60650,0.29309150548305957
60651,0.6001361831322093
60652,0.6659825436332825
60653,0.2199608393367173
60654,0.7411335380105851
60655,0.6035251522347485
60656,0.14366663800949597
60657,0.8438588595721943
60658,0.01932669778289315
60659,0.2957982655178336
60660,0.40603940660181304
60661,0.021619261207924116
60662,0.7515166901277593
60663,0.8408645797055232
60664,0.8033166894176655
60665,0.5973311496858155
60666,0.7222842495799173
60667,0.1340420213662834
60668,0.8028357630990811
60669,0.45329314905323
60670,0.2861593037957934
60671,0.47097131671045195
60672,0.01962339272197553
60673,0.7374346890004266
60674,0.251192174064492
60675,0.5972185947425895
60676,0.8200486118081869
60677,0.7821152529237572
60678,0.4467119096306553
60679,0.02226986112711546
60680,0.3665509462373156
60681,0.7609523616699881
60682,0.5568602495554279
60683,0.0535724826533633
60684,0.6413142227129097
60685,0.7257716975958043
60686,0.6233709019737171
60687,0.5622896773447992
60688,0.8305992924619806
60689,0.38262960519795824
60691,0.33020648557926463
60692,0.8437999372276536
60693,0.5892478183772483
60695,0.7143306473971011
60697,0.6344950692941329
60698,0.5741115999319997
60699,0.7977772462973406
60700,0.8090330645152086
60701,0.39209025420148136
60702,0.7304853450712134
60703,0.779460372608066
60800,0.0
60870,0.0
61001,0.17161908101792864
61002,0.2173298582819264
61005,0.15844410406160406
61006,0.055925624218236276
61007,0.05721882346293241
61008,0.26086634282980226
61010,0.05166890567070309
61011,0.6280604301833136
61012,0.4829813266545811
61013,0.29637401109091077
61014,0.5101322343753056
61015,0.06681981746654317
61017,0.03176236102622747
61018,0.2873751949045575
61020,0.6944677899949953
61021,0.8774125377131128
61023,0.6093039984063463
61024,0.6730234528723275
61026,0.46538647426603613
61028,0.5704309262468146
61029,0.16730695354805386
61030,0.7905953931615117
61032,0.34271552627489255
61034,0.8978552831261827
61035,0.9438590158683918
61036,0.43804123706582726
61037,0.2758230531450652
61038,0.04424596692407807
61039,0.6441609744549772
61040,0.6542918906858298
61041,0.247536991341204
61043,0.05316018212809788
61044,0.4638678194537935
61046,0.13924806788138372
61048,0.44788277414259686
61049,0.5482550453691222
61050,0.04595647268240234
61051,0.3818562058146144
61052,0.40603230489574316
61053,0.46892779249960304
61054,0.3019590842859211
61055,0.5033251703265655
61056,0.8653689467219521
61060,0.4585522902962227
61061,0.028279265404954724
61062,0.6288718058253924
61063,0.39945578200422693
61064,0.023164340855542077
61066,0.3191987568645193
61067,0.16176296846268112
61068,0.8443105987131632
61069,0.5646712031662974
61070,0.43508111463065396
61071,0.08783632962464828
61072,0.12491701595647135
61074,0.845512858965838
61075,0.08612914087529998
61076,0.6525962303608465
61077,0.5459271810758752
61078,0.5216513642317141
61079,0.08914929935424452
61080,0.9199898324148216
61081,0.018917847948631356
61082,0.07462055782921452
61084,0.6382544596983643
61085,0.9465463452950209
61086,0.20662141887396798
61087,0.24126573303172408
61088,0.02817968775476676
61089,0.1466628421704522
61091,0.7709858583832417
61092,0.8897289277025039
61093,0.2171500259641472
61094,0.34016981122654205
61095,0.46176192772005986
61096,0.5852317950804811
61097,0.06270846899315836
61098,0.7996091827253199
61099,0.1936889434521394
61100,0.758445113164982
61101,0.3650735480038572
61102,0.6733920312706596
61103,0.09754726498492754
61104,0.9544830982177216
61105,0.3422567620180574
61107,0.9160835213921051
61108,0.04859310732529948
61111,0.8991361467942048
61113,0.20977553006803423
61114,0.6909194368526079
61116,0.03830446174185186
61117,0.7864379283954747
61118,0.13038742244881507
61120,0.3275627827302224
61121,0.3470394909028939
61122,0.026851644807416686
61123,0.45889430986153046
61124,0.7993425972891022
61126,0.08280780315864902
61129,0.1616010710403916
61130,0.3602452834441459
61133,0.10471637118137937
61137,0.705351526216329
61138,0.02936943048960879
61139,0.1657049809619971
61140,0.6467396373040495
61141,0.82308462202667
61142,0.17775176663917988
61143,0.8126814110219864
61145,0.13511093180455713
61146,0.7415508136634164
61148,0.6247466240132704
61149,0.7151496775856969
61150,0.16304888032218143
61151,0.708221779113007
61152,0.42227724324650284
61153,0.2011709196384976
61156,0.7682052719578852
61158,0.9288699969039417
61159,0.16645914629209346
61160,0.10541247998076704
61162,0.5265057227355403
61163,0.5114111063803398
61164,0.864255303162682
61165,0.8099132081382228
61166,0.05516653426534055
61167,0.04028723848348364
61168,0.987681405674671
61169,0.0841938010872668
61170,0.7551835698384851
61171,0.6862914872646507
61173,0.0
61176,0.7528875804688193
61178,0.057375736673728535
61180,0.09776686665211023
61181,0.020287896530689617
61182,0.8550471455230626
61183,0.03214091197211784
61187,0.4364845830889513
61188,0.03029071640313094
61189,0.5381845323164219
61190,0.2786538345296752
61192,0.02021649722807245
61193,0.4422443674620642
61194,0.41343401412794334
61195,0.9009927876542455
61196,0.04363299646328772
61197,0.5615817570735031
61198,0.14391849023326286
61199,0.6266685016494635
61202,0.8175803800181399
61203,0.8927735553678607
61206,0.7386664903661729
61207,0.12931345974233324
61208,0.7774625913057626
61209,0.9445750316511392
61210,0.52632046611188
61211,0.35269074011687046
61212,0.5830286667739863
61213,0.7920658544836378
61214,0.21758576993342293
61215,0.09417344359906793
61216,0.8289450087897262
61217,0.8688286797180993
61218,0.36048520458866845
61219,0.5397926337650191
61221,0.4289029957275958
61222,0.3767596375899736
61224,0.8153919503632777
61225,0.027722959003491043
61227,0.8143721186608879
61228,0.7744868194958726
61229,0.3765223075255746
61230,0.06601689773670602
61232,0.16766522634147066
61233,0.8969324780040524
61234,0.8512978395924775
61237,0.8691238223219107
61238,0.6569000723397693
61240,0.2436505067390626
61241,0.052740515064529224
61242,0.060864360488795136
61243,0.8784972839248154
61244,0.4673652766833534
61248,0.1521664216598563
61251,0.31404867298026073
61252,0.037695942482844684
61255,0.0757272471866543
61256,0.4194125046225532
61257,0.9531311180671058
61258,0.35215595184821963
61259,0.5196736838814309
61260,0.8397403313525919
61261,0.8845768634223407
61262,0.656629089868343
61263,0.8037232489353603
61264,0.028746018846807945
61265,0.406768462015685
61266,0.19232919830869075
61267,0.5342506685022832
61268,0.04031658160007238
61269,0.4564304290378531
61271,0.9289140891171608
61272,0.0287715580224584
61273,0.5791970925096389
61274,0.024014545307311383
61275,0.02006278756110107
61276,0.5934776804023968
61277,0.20205903278307466
61278,0.43487436849415817
61279,0.8699988577815663
61281,0.6013342402023737
61283,0.5057036810445535
61284,0.061837283392625196
61286,0.4756528149882247
61287,0.5859060994939198
61288,0.2975814203099916
61289,0.33131946202600826
61290,0.9241313089044758
61291,0.606150551053502
61292,0.5060465953777993
61293,0.09816888076636471
61294,0.3198897037874294
61295,0.955935112505066
61297,0.36465466594666623
61298,0.743461766835579
61300,0.045790768063631665
61301,0.820253040470102
61302,0.2688663492855879
61303,0.3705445093060829
61304,0.8587635654510923
61307,0.07209735167914254
61308,0.7035928452847868
61309,0.028272297341422323
61310,0.14869540655418187
61311,0.0
61314,0.47466984665241213
61316,0.5482547472786269
61317,0.02567000319337952
61319,0.39210203571360536
61321,0.8867995931934128
61322,0.46165296947798046
61323,0.04230007866539378
61324,0.033596654546189604
61326,0.8514906848530223
61327,0.2266244886559753
61328,0.2660789047098431
61329,0.20630894609912234
61330,0.05396174145737077
61331,0.22856452912012382
61332,0.7127798561875991
61333,0.22104668143164324
61336,0.2770679104642356
61339,0.08989663054410883
61341,0.6363217391915742
61342,0.20684743850535764
61344,0.7836003665213783
61345,0.027761061353779398
61346,0.16176611493640897
61347,0.03668227122973795
61348,0.23908702565743106
61349,0.7068677854548557
61350,0.8719919823251694
61351,0.07201057269001235
61352,0.6309619366204158
61357,0.8812826946855872
61358,0.579148735648867
61360,0.3180357031504906
61361,0.7597183369532859
61362,0.696442528474952
61363,0.4442557792408485
61365,0.25715256136564724
61366,0.24498388284151232
61367,0.31922456107695396
61369,0.28567388015485934
61370,0.3724556761240364
61371,0.9203531186959578
61372,0.887497696230645
61373,0.1649384762046646
61374,0.6179068792280302
61375,0.19925974620699086
61376,0.3276781254848015
61379,0.08625088576462057
61381,0.3789890236927342
61382,0.7885296023573686
61384,0.893213975522592
61385,0.02930209272435543
61386,0.2585883655677007
61387,0.06540235423492868
61388,0.17383865292847872
61389,0.1791478546605223
61390,0.9320430655018858
61391,0.08773696766688506
61392,0.23209647430195401
61393,0.0380193988942806
61394,0.19527984521113798
61395,0.09199018852523318
61396,0.35441164218866655
61397,0.8735903559101035
61398,0.09017647541079975
61399,0.2864979336151879
61400,0.8491686137390956
61401,0.2936999157656622
61402,0.7519149221185661
61404,0.3039785885998146
61405,0.09955736195262281
61406,0.2691595514771694
61407,0.3374806020584399
61408,0.4969587939266628
61411,0.2052893187714295
61412,0.28886679777505103
61413,0.35086791676879553
61414,0.24516252607025324
61415,0.8109261934968862
61416,0.0222030143673345
61418,0.13033794232424503
61419,0.8815592904593311
61420,0.9328699438436776
61421,0.09316244841104625
61422,0.6724718843357738
61423,0.7538743038820129
61424,0.8597652470302917
61425,0.3883660005993285
61426,0.10496544505331577
61427,0.9210346340203207
61429,0.723317364238691
61432,0.7892195104999936
61433,0.8627537574963878
61435,0.5105484967342885
61436,0.7151131841550264
61438,0.2442030599118229
61439,0.9543315327784512
61440,0.6730529828321434
61442,0.9465386650695853
61443,0.40187234901311436
61444,0.6214267267234687
61445,0.4382762005134504
61446,0.3490548544780214
61447,0.4449357080034695
61448,0.23683048227878284
61450,0.32448667397971054
61451,0.5458477076540307
61452,0.16304872137675616
61453,0.8943497932164033
61454,0.07654137398219975
61456,0.5203194988996171
61457,0.36607436677773497
61459,0.7167909958021154
61460,0.06470235353315619
61461,0.18295570224873164
61462,0.6049003805766937
61463,0.8099466221068649
61464,0.04123905566085155
61466,0.23782318645244227
61467,0.8644266930917162
61472,0.6090177153530807
61473,0.5871397584354382
61474,0.03585184855941761
61475,0.2671397686865924
61476,0.6239291789694965
61479,0.8367461512950679
61480,0.8768955822189032
61481,0.12561902026061175
61482,0.9104212284227111
61483,0.6893459329831866
61484,0.03349356101707975
61485,0.16977159932079905
61486,0.0807942194368789
61487,0.1573613824092916
61488,0.31016442659328325
61490,0.3815021216648938
61491,0.044279036525253626
61492,0.11079012848965436
61493,0.14199490589277275
61494,0.29171454497790955
61497,0.8331977358929274
61498,0.24391482384062232
61499,0.8818277198229088
61500,0.8428406842324292
61501,0.05542506640933039
61502,0.5606604819444877
61503,0.8800094808327497
61505,0.37368611638180327
61507,0.27060790219192005
61508,0.0823512817431687
61510,0.9060670178971781
61512,0.8645640716343291
62000,0.0
62001,0.49251306842710946
62002,0.6883272467722373
62003,0.6581203860717857
62004,0.7327560475038186
62005,0.5836893632020819
62006,0.6928277265371552
62007,0.4789883503984623
62008,0.8765869555972946
62009,0.6120414329110132
62010,0.9139354486391988
62011,0.5448348025484911
62012,0.551558447173261
62013,0.7038790415334136
62014,0.43558587372584245
62015,0.7557865714729194
62016,0.7789739562390222
62017,0.5333668955878645
62018,0.45259215588446744
62019,0.41211596138338247
62020,0.8075334204142043
62021,0.5450441882751245
62022,0.8211457450418964
62023,0.37326770482860616
62024,0.6675318188828673
62025,0.7925814123726946
62026,0.5229723571013419
62027,0.3905362627254632
62028,0.49357828349662825
62029,0.5511900213320969
62030,0.21234698580579664
62031,0.5037598958186307
62032,0.5280525728716652
62033,0.5718182698237144
62034,0.49930303351894073
62035,0.4831101155334331
62036,0.39656224667315865
62037,0.5460496588510518
62038,0.19874717345531515
62039,0.6008668473264012
62040,0.6810893627043831
62041,0.294277860399222
62042,0.6465669809231368
62043,0.3995500301001052
62044,0.7059967378780879
62045,0.5208111629973361
62046,0.37640256982547454
62047,0.7242619299491048
62048,0.31879845174456833
62049,0.5055800884813587
62050,0.3224674846595789
62051,0.6209636091444036
62052,0.85312106544943
62053,0.50037107307515
62054,0.8877947667102501
62055,0.4071180029131267
62056,0.8815395000284503
62057,0.13992430234303738
62058,0.5765637641333317
62059,0.5766530637015169
62060,0.734026604489536
62061,0.4641613681328135
62062,0.41349937778064483
62063,0.4774454781038735
62064,0.3350983387158306
62065,0.36850787764130927
62066,0.4067031091179232
62067,0.8641340086330239
62068,0.6921792827597298
62069,0.4505265555112056
62070,0.4568654410334306
62071,0.5794551397668675
62072,0.6346521799605935
62073,0.5745440247538237
62074,0.6351907614570852
62075,0.845379539098519
62076,0.6348253136523105
62077,0.486399646402459
62078,0.4653524303040358
62079,0.7884633755571897
62080,0.7388353277371803
62081,0.6948418591812041
62082,0.33377667814968914
62083,0.42292864964366444
62084,0.7150319372623902
62085,0.671593187998224
62086,0.6566890299873609
62087,0.6177084253101527
62088,0.9288078534921583
62089,0.9112729150131844
62090,0.5335428616203827
62091,0.38490733923539383
62092,0.6353946782832772
62093,0.6424561439017437
62094,0.7285378957560216
62095,0.44973212527762335
62096,0.392745489703885
62097,0.5966074972392271
62099,0.46583601538530833
62100,0.1738773585826229
62101,0.6617963668159748
62102,0.6893248986648383
62103,0.7344005718507508
62104,0.8222056865871412
62105,0.833992128299458
62106,0.7627728205867347
62107,0.6205358596920821
62108,0.29352530046249503
62109,0.4875098484196955
62111,0.2859251276267798
62112,0.618593457078912
62113,0.5654759671999335
62114,0.5396908777621011
62115,0.6665391528242497
62116,0.6616931649033875
62117,0.35073332336899493
62118,0.6012379801649355
62119,0.16878965065673132
62120,0.47646751729993014
62121,0.7340941954509782
62122,0.4023203537912865
62123,0.5668945293261475
62124,0.7937764001930758
62125,0.8947105149892726
62126,0.306073361738199
62127,0.7193133154094042
62128,0.5499073970748449
62129,0.7159722731535971
62130,0.6414318564878072
62131,0.7129749790281013
62132,0.7818926588202433
62133,0.639651042341012
62134,0.3670893527710692
62135,0.6834803658139428
62137,0.7206417732098417
62138,0.4349366808256543
62139,0.8609131929147337
62140,0.4106327889067269
62141,0.7590178521332217
62142,0.6002996678403477
62143,0.7063493019526481
62144,0.6622189459693285
62145,0.7491302941460825
62146,0.6842135899509754
62147,0.6616668809217064
62148,0.6912171257488333
62149,0.8761319984493073
62150,0.675884894409737
62151,0.6795885229888342
62152,0.678645472938261
62153,0.7707822033548447
62154,0.4057276174346217
62155,0.660757365762319
62156,0.8095653293758155
62157,0.448379623817757
62158,0.6066212643837436
62160,0.8241553032628547
62161,0.7020201371218624
62162,0.6003930459217276
62163,0.6928903819310765
62164,0.47153815483125117
62165,0.8346139755875478
62166,0.4676687118293294
62167,0.8566607761322649
62168,0.3257505905428418
62169,0.8420484428763886
62170,0.419580103250031
62171,0.5885861330838453
62172,0.661530770789598
62173,0.6200824037653297
62174,0.4821113186091556
62175,0.752779550492135
62176,0.7024452265977316
62177,0.5375853443578901
62178,0.2560229188659498
62179,0.7635012834504005
62180,0.6164556181706192
62181,0.574231699944629
62182,0.7194248340529741
62183,0.5460743363869343
62184,0.6917133328937171
62185,0.6068767968016965
62186,0.41408267526421383
62187,0.6421920176128386
62188,0.36493342818287056
62189,0.44727627790020597
62190,0.4901492605173435
62191,0.825853576052001
62192,0.757107157886138
62193,0.09181922668010528
62194,0.5017438432572047
62195,0.5977703289359638
62196,0.7552300822411125
62197,0.43070610150087396
62198,0.5367653383809439
62199,0.48470419487615507
62200,0.5488542385337911
62201,0.8295353336464301
62202,0.45651785498464403
62203,0.6435925716854645
62204,0.20197111950286625
62205,0.8122720940308629
62206,0.6835591851923507
62207,0.622335173655857
62208,0.5503436032508986
62209,0.5283958959092416
62211,0.5603361623197557
62212,0.3827484458765513
62213,0.5324844987210259
62214,0.8906722859144695
62215,0.7321643150078353
62216,0.6651406200956885
62217,0.4448982439343577
62218,0.5389807373586605
62219,0.5234152901338803
62220,0.5067724405672315
62221,0.44644513394790963
62222,0.5088385079240294
62223,0.6958705127713604
62224,0.526106841845002
62225,0.8764016611204499
62226,0.0
62227,0.5615731641877331
62228,0.5961905578531054
62229,0.8169636155881169
62230,0.7077946470689516
62231,0.7368069273640737
62232,0.39498511122457597
62233,0.6153165147854464
62234,0.6314893035257233
62235,0.6749883939202885
62236,0.4625159770871201
62237,0.8930283757851089
62238,0.6520393525346063
62239,0.8805344048760808
62240,0.7595162561874549
62241,0.8168072354622535
62242,0.23937026918685633
62243,0.29337521262770627
62244,0.5098525283168582
62245,0.7660628235922189
62246,0.4342949151489042
62247,0.2412584527547356
62248,0.6899647132458693
62249,0.7339687533001945
62250,0.604786138116164
62251,0.8026393397470486
62252,0.5220029340466903
62253,0.25825348159865
62254,0.8332268806629082
62255,0.784504210084303
62256,0.5351498396801392
62257,0.20720388909862128
62258,0.6966278117677518
62259,0.4470037882035265
62260,0.7427026723367778
62261,0.6783567833946668
62262,0.5625603047337217
62263,0.47429772546187693
62264,0.833461686863828
62265,0.7620602309402885
62266,0.26220689542310377
62267,0.8525108015118518
62268,0.5203444394881889
62269,0.5761852765037327
62270,0.439599300447911
62271,0.8260953572054601
62272,0.6913330127626316
62273,0.804948045240466
62274,0.6984898654305235
62275,0.3618470893854385
62276,0.6911297909715479
62277,0.7070652074736162
62278,0.5479282028651363
62279,0.550069957440999
62280,0.7795636513248629
62281,0.9286680110456795
62282,0.6283586850540271
62283,0.7946203881271187
62284,0.681097693058718
62285,0.588594567789208
62286,0.5563336793189307
62288,0.7513915786869225
62289,0.5886409126317679
62290,0.6822723884123824
62291,0.5629189272400738
62292,0.8783267415880505
62293,0.38110109573233336
62295,0.7258794548033095
62296,0.5971070283260882
62297,0.3354231345137662
62298,0.6638052939944673
62299,0.5003457263158729
62300,0.8810930164818583
62301,0.5036704027145404
62302,0.5867289516994804
62303,0.4858443691954232
62304,0.8196960275876171
62306,0.6820310929031903
62307,0.8513478912126593
62308,0.5670417986860735
62309,0.8173414864457724
62310,0.5420736571205523
62311,0.7028283859934958
62312,0.7074731348378024
62313,0.6753924568068105
62314,0.5784120543957962
62315,0.7617246888327937
62316,0.3793364569333745
62317,0.7602704665915077
62318,0.3741858165090583
62319,0.7660429443791588
62320,0.6221661189641654
62321,0.7414737096926718
62322,0.18348567117098966
62323,0.6536630590165463
62324,0.6205651583808541
62325,0.6330767530988091
62326,0.759051060728212
62327,0.5110702443549652
62328,0.49065924866052985
62329,0.754687192712429
62330,0.6175630885695272
62331,0.7106032686120257
62332,0.7005208270642435
62333,0.5823497857385386
62334,0.7863593732401201
62335,0.5263793702624183
62336,0.6671173117941762
62337,0.7537545072600766
62338,0.8498167939338827
62339,0.5764392302503119
62340,0.4738604091697692
62341,0.6795011535802603
62342,0.4807880421041261
62343,0.6055947550799566
62344,0.5423034736236197
62345,0.5304470021838699
62346,0.7432800617166686
62347,0.6448541676398989
62348,0.5420770817346515
62349,0.6096792942062605
62350,0.6418581724314445
62351,0.6117204344928221
62352,0.7760761872991705
62353,0.593973596081216
62354,0.8200844296792809
62355,0.6933367128457562
62356,0.5262581310685657
62357,0.6961067353750786
62358,0.6711693323865171
62359,0.24636850009272007
62360,0.8676488783869483
62361,0.6271629355030065
62362,0.5411602637538808
62363,0.524263743696832
62364,0.23260086646058567
62365,0.6834491467302296
62366,0.5525766740851131
62367,0.7289441338451343
62368,0.12407721568243218
62369,0.6425800897599213
62370,0.4384411911634818
62371,0.49999511728455576
62372,0.5689576938097128
62373,0.7075246495595312
62374,0.7285746740597585
62375,0.7292952128815435
62376,0.48854552543850394
62377,0.7054741741030791
62378,0.6313687082432223
62379,0.6249087275604709
62380,0.5213700572075085
62381,0.46742853725059863
62382,0.2562794836504043
62383,0.7132039468026451
62384,0.4235712643842361
62385,0.32831033859539693
62386,0.5654807546312111
62387,0.47696418583857636
62388,0.622357411269932
62389,0.185828384512907
62390,0.6770830904216837
62391,0.5503239826759789
62392,0.8030907191915053
62393,0.38162508544420815
62395,0.5573554363651926
62396,0.7578157547077617
62397,0.4533770181311927
62398,0.6554750116646767
62399,0.4737708345948328
62400,0.4975693732063576
62401,0.6194629707712013
62402,0.8771779988134912
62403,0.8615484353959273
62404,0.18297111100120042
62405,0.7235782993739802
62406,0.6276519404123354
62407,0.5791840667765502
62408,0.6191191300226737
62409,0.7427493322269474
62410,0.46165523650764495
62411,0.7384130554837725
62412,0.7533706328578123
62413,0.5020568607175495
62414,0.787715489456528
62415,0.5147309741136213
62416,0.7824844409661413
62418,0.6146948621154755
62419,0.46719675656321547
62421,0.5345166359093063
62422,0.2756650303812838
62423,0.8071775449914096
62424,0.7198058767685195
62425,0.6888444881423255
62426,0.640049953643418
62427,0.4878118142679406
62428,0.5650430390970757
62429,0.8107498343763826
62430,0.17353636443906229
62432,0.706151001766233
62433,0.7120889603318572
62434,0.6646543691413364
62435,0.8333693324240646
62436,0.8028201247725443
62437,0.34067738877826187
62438,0.5980105476016051
62439,0.7291381824934454
62440,0.3823011089789725
62441,0.48071163398696987
62442,0.5095776477708547
62443,0.42635104264945817
62444,0.8637850378178051
62445,0.706198588945345
62446,0.877957182266608
62447,0.782353701572727
62448,0.8381072403098875
62449,0.3864837053308827
62450,0.514222551152582
62451,0.4997198853094807
62452,0.8280578783740021
62453,0.3599663599014926
62454,0.5090753528871141
62455,0.6703531410057877
62456,0.564514085746525
62457,0.39020795571354977
62458,0.69728237377136
62459,0.4468073519295377
62460,0.8753148279062948
62461,0.5642862025741405
62462,0.5943378254515601
62463,0.2705231385301334
62464,0.5523537995482928
62465,0.6263516700959738
62466,0.35847082819972076
62467,0.518843679189096
62468,0.5690999271031585
62469,0.48377632432658246
62470,0.6842043160564422
62471,0.8091552152680931
62472,0.6892326274877879
62473,0.45996893814765655
62474,0.8406107163641597
62475,0.37389116345065404
62476,0.6738012592898543
62477,0.4717130025888883
62478,0.7553310224783777
62479,0.5928820703563105
62480,0.4310836540556086
62481,0.4017366063102195
62483,0.8647163008171435
62484,0.6417904740073708
62485,0.4256403680339029
62486,0.7976900131322472
62487,0.8050170427047524
62488,0.5280672651009828
62489,0.48929033106273045
62490,0.5812042082301416
62491,0.5395454889424284
62492,0.37306852551668773
62493,0.4818323405448971
62494,0.3954646443499852
62495,0.5520540613253073
62496,0.8650433287793695
62497,0.7451288291251114
62498,0.11433048346560608
62499,0.7043447475790873
62500,0.5196987596144509
62501,0.6606757048949775
62502,0.3140276618067203
62503,0.8565244175401047
62504,0.8675907461398421
62505,0.8607424136736014
62506,0.5900546673838507
62507,0.16196280035480765
62508,0.5319446314418927
62509,0.7698081774192079
62510,0.36423966626064425
62511,0.4218079184294835
62512,0.6673261138516909
62513,0.752202681050806
62514,0.5778040578959098
62515,0.4878928671090397
62516,0.30702292669522846
62517,0.8026867773578575
62518,0.7257712916763505
62519,0.4052315443562162
62520,0.5803591693922734
62521,0.42283409434255176
62522,0.35554207219681583
62523,0.5437117294546233
62524,0.6609404263579621
62525,0.7498755088964765
62526,0.8063272644068826
62527,0.7624215637983643
62528,0.4489130254395552
62529,0.6990513093013021
62530,0.7077037919097132
62531,0.47368674033384117
62532,0.44293885338460504
62533,0.30215236776678517
62534,0.9100968594869895
62535,0.8231740873291071
62536,0.4520141517929343
62537,0.39387473349772084
62538,0.5806386705692734
62539,0.7919687666253215
62540,0.47967685224703865
62541,0.5599526736863105
62542,0.3214066045438854
62543,0.725444315794641
62544,0.5831501339138292
62545,0.3323178142726318
62546,0.9082729024010229
62547,0.7146803373101084
62548,0.12521814687463953
62549,0.954854914983748
62550,0.6175405896158602
62551,0.5641726658325308
62552,0.28874843073012624
62553,0.5524143777251531
62554,0.7970011345257593
62555,0.4531545142539363
62556,0.7183895713548183
62557,0.46465149180787485
62558,0.5518948642994692
62559,0.585312427477089
62560,0.6836125242084666
62561,0.7791205473943871
62562,0.5262735750097349
62563,0.47925552754065404
62564,0.7612064225547833
62565,0.5923934682558567
62566,0.7672859220682892
62567,0.7672664675767921
62568,0.6911285001062522
62569,0.8388960543214904
62570,0.5155219691380385
62571,0.3961489392896534
62572,0.42122681809459517
62573,0.7142968902763034
62574,0.5613697336455775
62576,0.6055423826802316
62577,0.7236269578312149
62578,0.6647005876762402
62579,0.6652878082256145
62580,0.4980080501128743
62581,0.631164067251477
62582,0.6783948625205255
62583,0.07789995106846659
62584,0.5874073482193004
62585,0.6848807908437851
62586,0.5652450101277393
62587,0.6130176632431155
62588,0.5526460454575259
62589,0.46751314995704796
62590,0.574074730120741
62591,0.4768918153548667
62592,0.8324401020366677
62593,0.8604604275228775
62594,0.7068381241293085
62595,0.6793912955999248
62596,0.3727338610435541
62597,0.6461682992994217
62598,0.5636783347834684
62599,0.7681376310730024
62600,0.499529097720034
62601,0.586435585925772
62602,0.6447402656798625
62603,0.8408482197381739
62604,0.3340319311469411
62605,0.6952933765749415
62606,0.648941168521286
62607,0.6722614632366726
62608,0.45194101204443377
62609,0.5359493739922504
62610,0.6778148515250942
62611,0.7069876847707017
62612,0.6767354622984403
62613,0.7887142493763536
62614,0.5566462311586328
62615,0.8701554975772547
62616,0.699334347219163
62617,0.3542958432334381
62618,0.5816357435216409
62619,0.5964788998011258
62620,0.684088390334025
62621,0.3604432118542156
62622,0.7414288282911693
62623,0.39330007346305307
62624,0.7733129032697404
62625,0.6631922702018621
62626,0.5362212588295908
62627,0.7378831746837523
62628,0.5800301147345756
62629,0.6000173514283179
62630,0.5874467345029464
62631,0.7417021322429426
62632,0.6516297011335397
62633,0.6641793570851644
62634,0.2874675032966891
62635,0.3979762099769791
62636,0.8996611689658052
62637,0.8272593155257391
62638,0.6434738127745941
62639,0.631300979959592
62640,0.16124394908093678
62641,0.6293166928671646
62642,0.4923849851664103
62643,0.7228735609063686
62644,0.8618679790180017
62645,0.1450932050000178
62646,0.7008692852715702
62647,0.5128036042647031
62648,0.8334873175986433
62649,0.12553521224386952
62650,0.6992969525257048
62651,0.5198092001712722
62652,0.4579809964472205
62653,0.9447653592087066
62654,0.8365973521361953
62655,0.5940730322428194
62656,0.8327343402978169
62657,0.7851827021318264
62658,0.9346471308808023
62659,0.3767648144018393
62660,0.6952568466756637
62661,0.5940083190003598
62662,0.506043761723944
62663,0.09185026672816729
62664,0.68794982235125
62665,0.5033621214792412
62666,0.7238190658242553
62667,0.8810192535945015
62668,0.41196193438729833
62669,0.5503916199911871
62670,0.38620385487565084
62671,0.41323095108394914
62672,0.3639539110588299
62673,0.6129415775854652
62674,0.8997996961998429
62675,0.8157096723420472
62676,0.8128747262841077
62677,0.5972483626509413
62678,0.5560721449694742
62679,0.8923885619757957
62680,0.7359511203713428
62681,0.8673472095741496
62682,0.4699096735957791
62683,0.6439575198189271
62684,0.7801048032691472
62685,0.5592441641460821
62686,0.8466379808657915
62688,0.4512711529260906
62689,0.6608172399499965
62690,0.34533224603015256
62691,0.7695369200821267
62692,0.5435990888825304
62693,0.3768011614968973
62694,0.5156435528472637
62695,0.4495154541387811
62696,0.8490707344678771
62697,0.7729291386603082
62698,0.7435408649403458
62699,0.5976604541136287
62700,0.4826262311257031
62701,0.6283673357247829
62702,0.8636710544994995
62703,0.7462084327290812
62704,0.39249120606977744
62705,0.7780486538813419
62706,0.5586743489274915
62708,0.7785877452022844
62709,0.6431696106152501
62710,0.4335149685439414
62711,0.7473472663436581
62712,0.572168712143437
62713,0.5368559826062539
62714,0.6314727873234448
62715,0.7495995839550892
62716,0.5760719707486746
62717,0.5781050809078385
62718,0.6750815815150182
62719,0.5205521430764213
62720,0.8070016309269378
62721,0.7699741468061275
62722,0.7685823575353822
62723,0.6259378122265526
62724,0.5804761782277797
62725,0.4248637753139779
62726,0.41882396544434064
62727,0.48766893612690243
62728,0.7285442039590638
62729,0.5002177824033166
62730,0.5549736915594762
62731,0.46207653759132855
62732,0.5743776597871532
62733,0.2642414632128332
62734,0.7357920418930756
62735,0.4973722232983054
62736,0.7564954806375063
62737,0.4515168279094822
62738,0.3211530149625281
62739,0.5478593845139509
62740,0.5308878591386279
62741,0.5987346909855316
62742,0.7454690700653795
62743,0.7334997864223404
62744,0.6454835565042506
62745,0.4040521589840711
62746,0.7525903757098806
62747,0.6668728523607805
62748,0.13071878488701755
62749,0.6560047907662336
62750,0.5927773299383653
62751,0.780055927562623
62752,0.7454061962024222
62753,0.38952181518271695
62754,0.6571706548843227
62755,0.7154887834904122
62756,0.3994626696639499
62757,0.6409294369541576
62758,0.8393836866340919
62759,0.6875409746315316
62760,0.888178177091435
62761,0.6343050684021837
62762,0.34665726804136787
62763,0.6809450511324869
62764,0.6716716134358238
62765,0.556616241739146
62766,0.2503992727471523
62767,0.7287670976287529
62768,0.6103293300955656
62769,0.7412559454110658
62770,0.46333751885746854
62771,0.5500765863753948
62772,0.8609133035474974
62773,0.6159898710230376
62774,0.6467802307524838
62775,0.7269095124416403
62776,0.7365031272771988
62777,0.5515054575773146
62778,0.3320072628242911
62779,0.11454512608181686
62780,0.7214157424535813
62781,0.7012034924560812
62782,0.7703993282918405
62783,0.6052669123175735
62784,0.37599437779469214
62785,0.5189196003340517
62786,0.7457941132746415
62787,0.5860258972239333
62788,0.8418178441533277
62789,0.5111446236699201
62790,0.3408730575710786
62791,0.7781250834664573
62792,0.7409844297436375
62793,0.4980255666160051
62794,0.8845152005577611
62795,0.6555300579922787
62796,0.5612772534337217
62797,0.743020069650199
62798,0.5953826790022246
62799,0.6090437258452401
62800,0.16216313577075278
62801,0.5155163908218741
62802,0.47639573779681194
62803,0.6080685314348192
62804,0.2962671246073615
62805,0.5746120788631273
62806,0.9131804391446494
62807,0.0
62808,0.52503237845645
62809,0.504201624957668
62810,0.5531706924121131
62811,0.6760240216610737
62812,0.5157153762703881
62813,0.5016464352368337
62814,0.18863222411841893
62815,0.6593704905904432
62816,0.6092465939202449
62817,0.6572167922698806
62818,0.5715441800337394
62819,0.82136415402571
62820,0.453152488681355
62821,0.8691252155859239
62822,0.4737113938463563
62823,0.3693621715771778
62824,0.5001010143216604
62825,0.7460379351653138
62826,0.23449573611480512
62827,0.6173099157714924
62828,0.5972455740817211
62829,0.7470825539563578
62830,0.49040989673791546
62831,0.6899944197582988
62832,0.7663728413915629
62833,0.7350259535852095
62834,0.6330985667251546
62835,0.5679601878055507
62836,0.5435505163083777
62837,0.82600276174613
62838,0.7439227580397881
62839,0.5658586433907802
62840,0.5570847956615004
62841,0.550518875122243
62842,0.3297677213320304
62843,0.4270708912947845
62844,0.29348030047632573
62845,0.8870131040303508
62846,0.49263913841046963
62847,0.5157472059362426
62848,0.46121539193750455
62849,0.3810290748431874
62850,0.5997710465331865
62851,0.6866627861921578
62852,0.2666659800477581
62853,0.5846439926199437
62854,0.5144349518255652
62855,0.607248988893493
62856,0.570460806309537
62857,0.5698579055885853
62858,0.7465178379153022
62859,0.6215947186128038
62860,0.5387923167217201
62861,0.41716921898840553
62862,0.6381723656376945
62863,0.7315076683329904
62864,0.7382939665319549
62865,0.5999828661633495
62866,0.7226669995397976
62867,0.9021166006007325
62868,0.6140065976942907
62869,0.6709477234096883
62870,0.44897249199459877
62871,0.4730650607517824
62872,0.3923954023080831
62873,0.703612731609983
62874,0.5189586248362306
62875,0.8324665121908759
62876,0.5251300357259606
62877,0.17241454863078032
62878,0.6685479826668556
62879,0.21952759660028237
62880,0.8088550717556845
62881,0.6859563984415779
62882,0.8360863362352494
62883,0.7001128485690346
62885,0.5185877479615989
62886,0.6128496320941407
62887,0.878120105158185
62888,0.8602425029200953
62889,0.8462758470325801
62890,0.6187108096669032
62891,0.5242166278642866
62892,0.6173263002382191
62893,0.5022540618666762
62894,0.7745056245193095
62895,0.6606547889139401
62896,0.7744899554001586
62897,0.8693198793796617
62898,0.898573544744311
62899,0.8338122196334955
62900,0.7954142399607286
62901,0.8098620506084119
62902,0.8499745958375458
62903,0.387621138353324
62904,0.6422821733959868
62905,0.7777666369923744
62906,0.5023758006066404
62907,0.8524926215194716
62908,0.8632520268439282
62909,0.4746330803781867
62950,0.0
63000,0.0
63001,0.29185929063121907
63002,0.2159206245810353
63003,0.03345975735060061
63004,0.2472214908240572
63005,0.49931798117691795
63006,0.4297761112719019
63007,0.8358166178421387
63008,0.9759363336941725
63009,0.4630168362580922
63010,0.12265673205230589
63011,0.4269674587572129
63012,0.44643206039544797
63013,0.38086423518283896
63014,0.5656518373476624
63015,0.8681003554719541
63016,0.8788429167520938
63017,0.7877693929011433
63019,0.8464991383969525
63020,0.40528885442375284
63021,0.759812542743878
63022,0.3324053454515134
63023,0.08286681214211417
63024,0.9901458130734494
63025,0.7632346409232296
63026,0.3784182533039968
63027,0.3937577351212561
63028,0.9656830573999508
63029,0.6368733780276836
63030,0.568554858728255
63031,0.5607647823907179
63032,0.5073805059432689
63033,0.49837151184902634
63034,0.6235371409839877
63035,0.48701901416881016
63036,0.5966628942084343
63037,0.23907586578331075
63038,0.04404323513843033
63039,0.1374560071720319
63040,0.3948401514887852
63041,0.21004199194158027
63042,0.6612611987054502
63043,0.5340868900555709
63044,0.16957146414766125
63045,0.1949824417127044
63046,0.570902611885241
63047,0.14687951406450675
63048,0.9645787654446558
63049,0.6858040230026563
63050,0.181836113656871
63051,0.5595595409408977
63052,0.47735810556501274
63053,0.9727138551018482
63054,0.6080839415029821
63055,0.10816612701786156
63056,0.2665083233507745
63057,0.9739875988247872
63058,0.25134671962953875
63059,0.6644682129115981
63060,0.3683239769490489
63061,0.5951093280421041
63062,0.7800048108886234
63063,0.5833711914425298
63064,0.34240831343899997
63065,0.029016083667002108
63066,0.8830622416533459
63067,0.16771750053519943
63069,0.5701491266718446
63070,0.3575586203239473
63071,0.6921977708389875
63072,0.9649883928261057
63073,0.4537434010226607
63074,0.6476172330457586
63075,0.3308670639530584
63076,0.537213070314265
63077,0.3769405791203448
63079,0.690239437322673
63080,0.45651793276621205
63081,0.49426886121320723
63082,0.8184827552961714
63083,0.658853385087251
63084,0.46234908229103433
63085,0.1313061099136951
63086,0.08733354144157265
63087,0.7405560921024493
63088,0.6958362518348499
63089,0.6590945426302428
63090,0.5625007796908473
63091,0.5053011213180292
63092,0.5821140823058187
63093,0.5546067291111303
63094,0.19679548823472925
63095,0.5033796137980587
63096,0.6576068861168838
63097,0.6562182752659154
63098,0.645247733843737
63099,0.6401651366122529
63100,0.6786049501374573
63101,0.47096015250683393
63102,0.4779209813181119
63103,0.3870071701546535
63104,0.1584025720069257
63105,0.30413843291315545
63106,0.5656072486258952
63107,0.7157147554107816
63108,0.6131258856290911
63109,0.28789156578793096
63110,0.14888864142451347
63111,0.29484321042527323
63112,0.7554909236870362
63113,0.07898435616152714
63114,0.6934395165502754
63115,0.11217253224736874
63116,0.3839637540345762
63117,0.34732909218543095
63118,0.17457965734938807
63119,0.5184230228924757
63120,0.6415733716902722
63121,0.558596448322092
63122,0.6177943197578952
63123,0.6502636508615136
63124,0.2814545488012127
63125,0.042639510686217186
63126,0.5932315753127012
63128,0.08745001551285231
63129,0.36076270967542456
63130,0.07316118398916564
63131,0.6701699826202491
63132,0.2501769580855096
63134,0.5681622569763232
63135,0.6808938463362725
63136,0.13117840100493017
63137,0.47263795159942934
63138,0.20123953230599662
63139,0.19341239630703694
63140,0.8629466697066086
63141,0.63812128615358
63142,0.17856872011063424
63143,0.4061046581680086
63144,0.6647177737414804
63145,0.39209964412995457
63146,0.32972226933966
63147,0.24499742294953544
63148,0.6245453381277434
63149,0.6878013373272402
63150,0.638663331476696
63151,0.35605484384767633
63152,0.1496370439293373
63153,0.41222604283830877
63154,0.671513012185758
63155,0.09453514414636853
63156,0.6868831280603929
63157,0.18019551765545386
63158,0.3202537459265837
63159,0.37634761568101566
63160,0.3203956963781905
63161,0.39884887688075454
63162,0.262591653665519
63163,0.062055701448540876
63164,0.6862516439707247
63165,0.9168129423956236
63166,0.5636221346665422
63167,0.6872366765429034
63168,0.5411014704835309
63169,0.2659352514044298
63170,0.06430855865172778
63171,0.21214628242773287
63172,0.3181612939222759
63173,0.3453733056889061
63174,0.38735776422010865
63175,0.978590371854424
63176,0.31572094001622447
63177,0.18448523856569943
63178,0.08394298622735062
63179,0.09249257454492403
63180,0.673614912371594
63181,0.6733992664165528
63182,0.5136704118153834
63183,0.9810652058646666
63184,0.7842527013145681
63185,0.5394099023417377
63186,0.14821678538535615
63187,0.8124418333598961
63188,0.6008741449495077
63189,0.4160934707877483
63190,0.9720732565671585
63191,0.9909629442238518
63192,0.303148623738776
63193,0.7060632255765836
63194,0.7058592340790865
63195,0.13255675701826924
63196,0.5736382765185618
63197,0.6063920091301254
63198,0.5714914591358845
63199,0.5188721791531741
63200,0.7248255949785383
63201,0.2511240018635161
63202,0.6854775821668951
63203,0.6562151746562801
63204,0.7968381942463252
63205,0.25600339038646086
63206,0.46800925831983275
63207,0.08008700809120806
63208,0.397662595874254
63209,0.6056585261163302
63210,0.23372535617055465
63211,0.08814021715865578
63212,0.713619372706021
63213,0.5853173907240415
63214,0.48878760928393117
63215,0.6183165563671539
63216,0.12733536793670286
63218,0.3119842646924932
63219,0.19711535016514534
63220,0.8752622791744938
63221,0.24334285055668659
63222,0.3326700378462334
63223,0.5419045319445785
63224,0.7985962685239557
63225,0.9615281887902857
63226,0.5393566424150826
63227,0.5195444304277878
63228,0.16779349837560995
63229,0.5592563376106436
63230,0.3424809763326589
63231,0.7733153469155443
63232,0.5622380402804029
63233,0.1572681859301178
63234,0.42090574031160544
63235,0.6246315310430488
63236,0.7465206255650322
63237,0.10800819564826102
63238,0.3486666506896116
63239,0.5742914580886724
63240,0.6443164892795136
63241,0.5997694892467974
63242,0.6983168598178268
63243,0.6243928076549242
63244,0.512238555674444
63245,0.6231675597551545
63246,0.3662295663587878
63247,0.18980761707154947
63248,0.5958017451814116
63249,0.3061139059842581
63250,0.47685985159716987
63251,0.4056882021696415
63252,0.11617144611684924
63253,0.21732938154537262
63254,0.6201102894195125
63255,0.5626326876855772
63256,0.3813070369755153
63257,0.05783862545453332
63258,0.26456360428988684
63259,0.556674440882509
63260,0.946994570754296
63261,0.5003479438740935
63262,0.5277079705867285
63263,0.4181857938614659
63264,0.1726814048950183
63265,0.06490491502870807
63267,0.9002408390990939
63268,0.38272502524434837
63269,0.5317424942605736
63270,0.7170293449207588
63271,0.10968422523992022
63272,0.6865799034145494
63273,0.6047009795328995
63274,0.355728030333342
63275,0.35673010220362605
63276,0.16672803122022256
63277,0.7045781347613743
63278,0.7563266399498239
63279,0.23573536921406837
63280,0.6463298279551299
63281,0.052466921871187726
63282,0.43043898260249586
63283,0.03333740497940813
63284,0.27971376182743257
63285,0.3096078329749141
63286,0.6478255665422169
63287,0.7296645462918605
63288,0.6501878350091745
63289,0.12461683946889382
63290,0.5993081896194025
63291,0.17541751251872778
63292,0.2389578463807634
63293,0.08191807040948709
63294,0.5340496936008295
63295,0.44060275022092193
63296,0.6615609862049451
63297,0.6542962091993958
63298,0.982031774792249
63299,0.7603163578749021
63300,0.563679426894324
63301,0.6633752131408567
63302,0.5443864731134452
63303,0.3352702412856504
63304,0.5192849880875022
63305,0.1429918334291531
63306,0.6234998337842237
63307,0.39334505016080373
63308,0.4349732676873484
63309,0.13840444584373407
63310,0.9467768149716341
63311,0.7460515974012619
63312,0.0756737905805291
63313,0.6203517117644146
63314,0.15171353152959655
63315,0.5355781990605982
63317,0.4648193172023586
63318,0.7108769263719233
63319,0.11269923511966302
63320,0.14372735643824627
63321,0.2627966494514437
63322,0.6516556109253934
63323,0.36434167506849924
63324,0.326540645550907
63325,0.6951229275813039
63326,0.13991884838181146
63327,0.6410034613981581
63328,0.728399015163539
63329,0.45218527685161203
63330,0.3130487535253874
63331,0.1400294328073886
63332,0.624267886698831
63333,0.5363556077309941
63334,0.047320316950359945
63335,0.35306016880152724
63336,0.44668316805099434
63337,0.2254047936180459
63338,0.2165202352631569
63339,0.09630436202605393
63340,0.3337981484740888
63341,0.5834570269541319
63342,0.3878349342081591
63343,0.18048640447335115
63344,0.6275301372653551
63345,0.336561562882846
63346,0.5233767665995345
63347,0.5519769295398601
63348,0.4320113295289317
63349,0.13747527809013912
63350,0.5945857479820187
63351,0.9928222921311108
63352,0.2997351173843624
63353,0.09729221381673299
63354,0.2142688968684544
63355,0.05461744150003707
63356,0.7543735053674336
63357,0.5795309132170419
63358,0.6425898963886894
63359,0.21144524634562936
63360,0.16911963085446255
63362,0.5251764892866357
63363,0.3086022719976333
63364,0.18819146636968997
63365,0.21747503891656067
63366,0.40283497360221104
63367,0.70687946454679
63368,0.5398022065463559
63369,0.23318839925046872
63370,0.9665194572338407
63371,0.18209455298800428
63372,0.6626631716453737
63373,0.19437662593169108
63374,0.28313809706964493
63375,0.566026570198748
63376,0.6589972373952141
63377,0.18414183579392587
63378,0.6001263810605552
63379,0.5981597295568433
63380,0.10510510838651288
63381,0.6292480184367569
63382,0.4710757178540339
63383,0.23927883517658302
63384,0.27227878885470785
63385,0.16878345158678623
63386,0.04196195612450563
63387,0.4774948812534909
63388,0.27526583421262346
63389,0.4417670425015549
63390,0.5262857571687111
63391,0.6002842971226553
63392,0.47575729740966904
63393,0.7133811134172736
63394,0.2192669244504082
63395,0.5881307664016121
63396,0.5707717786243363
63397,0.8408067856265766
63398,0.48839851396410017
63399,0.9923417111520798
63400,0.6185362901568953
63401,0.26994882645472185
63402,0.8867845177153018
63403,0.2771687059850832
63404,0.3676715314126907
63405,0.5289269944424337
63406,0.6679368579568222
63407,0.07840027567653275
63408,0.6718438834893061
63409,0.4344129742093869
63410,0.956815990100916
63411,0.531642867711855
63412,0.16157518202154839
63413,0.7034938715407645
63414,0.13806815278874143
63415,0.29443076810755753
63416,0.9954215147369416
63417,0.5389299335890564
63418,0.14595483948651017
63419,0.3603457369422149
63420,0.6964872319842458
63421,0.976962935560718
63422,0.43467402060562593
63423,0.23779971677788148
63424,0.6445969211355521
63425,0.4900318961198762
63426,0.9573697433358325
63427,0.7458914177922902
63428,0.18053185256810975
63429,0.6663449127524821
63430,0.07055788686178432
63431,0.6285649795690402
63432,0.38417868778891046
63433,0.973488212272954
63434,0.26814665617333283
63435,0.40877986396007193
63436,0.27918157888190154
63437,0.9792612414388653
63438,0.10004789109443872
63439,0.46300891032071656
63440,0.3852826416247652
63441,0.13681885471534308
63442,0.6767753827344323
63443,0.7267301824620942
63444,0.5866025423592641
63445,0.6644236289066439
63446,0.5168960572300141
63447,0.27505867038763393
63448,0.21215646622585585
63449,0.14304602793079582
63450,0.9823473570483153
63451,0.10575971431864364
63452,0.3108479471317568
63453,0.5571503344411435
63454,0.09218653262915573
63455,0.38222185964537086
63456,0.6370314765868171
63457,0.32485615083722985
63458,0.6873657778066329
63459,0.5302628671178872
63460,0.12264458493933222
63461,0.2690189216352739
63462,0.11616365220520625
63463,0.9708351616781247
63464,0.6053954853863431
63465,0.16283851365046456
63466,0.40152449459213835
63467,0.36735818444648743
63468,0.9686583863324848
63469,0.848423785777356
63470,0.47309319172040476
63471,0.08752396016061953
63472,0.6245719935433488
63473,0.7351807936045675
63610,0.0
63712,0.0
63780,0.0
63969,0.0
63980,0.0
64000,0.0
64001,0.619754078257031
64002,0.44750101160209693
64003,0.6315687614061414
64004,0.8321094020236393
64005,0.587603606643206
64006,0.19762602728175427
64007,0.1287586327916321
64008,0.12299820682805622
64009,0.784059852238254
64010,0.05922726969762184
64011,0.4253060093765423
64012,0.21048173833811593
64013,0.2017749332991489
64014,0.5062940023353645
64015,0.2595910486276576
64016,0.27952725785626825
64017,0.22497574823776734
64018,0.11412814592149863
64019,0.5971970368984604
64021,0.3357044119713492
64022,0.7569784900339072
64023,0.3242825170463235
64024,0.17800872247604263
64025,0.4359221793510564
64026,0.14156392438565152
64027,0.47048598779171036
64028,0.1725837999514679
64029,0.1565414037516612
64031,0.8245136646322893
64032,0.7003500656221623
64033,0.756377789990952
64034,0.18875202708321778
64035,0.6943059998731157
64036,0.2420644333604512
64037,0.4775959696477352
64038,0.5807781957441268
64039,0.24662024936444382
64040,0.038669907894872346
64041,0.5886456912811923
64042,0.6133182000977567
64043,0.508198076972769
64044,0.4368953665552059
64045,0.17414947589213337
64046,0.09567813491430302
64047,0.12227067684676093
64048,0.38407514005548427
64049,0.30400094688553625
64050,0.29559178447405704
64051,0.7223334614093286
64052,0.13599340239180813
64053,0.5271571927844593
64054,0.3857454054306457
64056,0.20369017874325088
64057,0.27048481345984743
64058,0.11094955459984857
64059,0.3069856270631851
64060,0.4845536492159269
64061,0.26001282887813354
64062,0.04206842846980595
64063,0.08711983447742384
64064,0.16644514092350052
64065,0.4501213774885468
64066,0.2827393768746512
64067,0.2481083114766072
64068,0.052861042902437046
64069,0.0622503969055395
64070,0.44760970997203153
64071,0.8534075056815773
64072,0.5390139679956718
64073,0.48993496553749966
64074,0.5964413461710077
64075,0.7619364591671246
64077,0.40949783741136525
64078,0.4664724705998236
64079,0.16290026927161533
64080,0.47465224194526456
64081,0.2138002738394957
64082,0.8763208978350995
64083,0.5877777891294572
64084,0.20714359096232188
64085,0.10014369608136085
64086,0.5690962749098031
64087,0.597639734016802
64088,0.7609530506548623
64089,0.22867990569217736
64090,0.07540138654173413
64091,0.46922356770828233
64092,0.567119477135835
64093,0.18039625806861717
64094,0.6407787589808572
64095,0.39997820831163083
64096,0.7065192262528374
64097,0.5953605098668827
64098,0.12096034196294492
64099,0.7357194270887493
64100,0.6489411026667011
64101,0.3514196386666771
64102,0.29610610780197194
64103,0.5471517516608007
64104,0.09222686433756579
64105,0.07897715551704931
64106,0.10630764457056212
64107,0.24950037553176788
64108,0.7479249351710598
64109,0.29539184877711155
64110,0.6582189352595178
64111,0.3039093899823122
64112,0.7697314278477454
64113,0.8513217016083648
64114,0.4401609941363863
64115,0.3814345025765305
64116,0.43276292060523847
64117,0.6407094014593727
64118,0.290884084364491
64119,0.409657611459307
64120,0.08885266421271354
64121,0.5287921437103833
64122,0.47531721951122347
64123,0.6047628562910412
64124,0.15729730262331754
64125,0.5146974048188541
64126,0.41738279224611324
64127,0.06325534189470314
64128,0.21434840165308133
64129,0.4713558164131146
64130,0.7160710929723347
64131,0.7383202889542887
64132,0.4606779262781055
64133,0.29828632268554084
64134,0.7411705970886642
64135,0.7108679550483343
64136,0.06207605539786735
64137,0.43778414536868526
64138,0.173418690277569
64139,0.38728573917905257
64140,0.6962219861035236
64141,0.08101879448741325
64142,0.45245009873496017
64143,0.2688520300201681
64144,0.4372798240948636
64145,0.37550794934559606
64146,0.4742974721579792
64147,0.6240607102184221
64148,0.13115629404300427
64149,0.7199585083660207
64150,0.15835349529874593
64151,0.7581601155592025
64152,0.3690220982269068
64153,0.07217188075773508
64154,0.18823259966519096
64155,0.37016023059883474
64156,0.5340677860506294
64157,0.3496625172862085
64158,0.2353302721517135
64159,0.12665227627393816
64160,0.4949851361494289
64161,0.6846800448576578
64162,0.3960526391753854
64165,0.6310725082904257
64166,0.5364321072810108
64167,0.2552026563132919
64168,0.816890271967128
64170,0.8652770025077594
64171,0.5262134659832732
64172,0.4094340138821681
64173,0.7191817742820777
64174,0.3505510527176371
64175,0.09640534242096004
64176,0.8379060588690682
64177,0.7521816498748668
64178,0.5224910028295211
64179,0.7544104775456887
64180,0.385462684990037
64181,0.39291169153357397
64182,0.13145668045703293
64183,0.3999291677651607
64184,0.5088450591619834
64185,0.12612554097515938
64186,0.3442348519710209
64187,0.27551692408794093
64188,0.13171905500767525
64189,0.7724120243260615
64190,0.13863869940661352
64191,0.208787220903119
64192,0.1527849862914156
64193,0.1474232117237345
64194,0.25367626112410646
64195,0.10698543883494877
64196,0.2129474744326719
64197,0.5662555636026769
64198,0.361906175505262
64199,0.6702299327941396
64200,0.4132583158586918
64201,0.42476411867760316
64202,0.2265197947303367
64203,0.4424181533127429
64204,0.42945290318680807
64205,0.8387408960083841
64206,0.19508561144408285
64207,0.5198329816514127
64208,0.4455726300152046
64209,0.46495878581583233
64210,0.08454695750179249
64211,0.5668123363132271
64212,0.4487022790212952
64213,0.6705022998974138
64214,0.22584933844264085
64215,0.7332845376066626
64216,0.4181816170134879
64217,0.18392624249528397
64218,0.29370389398718466
64219,0.5126547061760686
64220,0.4625714229123363
64221,0.328723162599046
64222,0.44899363198075304
64223,0.24492314551410008
64224,0.08567285608384141
64225,0.17128521066933075
64226,0.26338852351726255
64227,0.40975655362059377
64228,0.6878793041429075
64229,0.2992087910802066
64230,0.18249555390923938
64231,0.2517815021337366
64232,0.19210479234550776
64233,0.31834720693096236
64234,0.2571701177435461
64235,0.10350854194665232
64236,0.05949024381047073
64237,0.44126219780149095
64238,0.4422450785302051
64239,0.30873452467542456
64240,0.08492917490699532
64241,0.2463349842418923
64242,0.7481177594215314
64243,0.3734848907419632
64244,0.3640948927482544
64245,0.5851324702608338
64246,0.4635500708026775
64247,0.42875940542950947
64249,0.8668376666632869
64250,0.9166544601214888
64251,0.6101489739881166
64252,0.1106356753934548
64253,0.27667402419703846
64254,0.5900638102929336
64255,0.7768796957510524
64256,0.22852682866579935
64257,0.4617913292500515
64258,0.24360529576020643
64259,0.14648475101527353
64260,0.16677682403003866
64261,0.22659370680137736
64262,0.4671191693337263
64263,0.8225663936838371
64264,0.5239828618124549
64265,0.1676608805147314
64266,0.4983770366323916
64267,0.22019125178601462
64268,0.2528122300025241
64269,0.28810903690287043
64270,0.3033691956969387
64271,0.07674726549727734
64272,0.8338841097405731
64273,0.08974108286440258
64274,0.29635374813032156
64275,0.1414487516421231
64276,0.26511968990045837
64277,0.3951580056742941
64279,0.30761219463031125
64280,0.20350888554991708
64281,0.5447076651677829
64282,0.7478482044737973
64283,0.1940491143413326
64284,0.34916416155854846
64285,0.19592523076337207
64286,0.892363405535113
64287,0.8168613580677017
64288,0.5328408974908396
64289,0.7716273044426402
64290,0.48849856766699024
64291,0.8880245257367415
64292,0.5482348447448662
64293,0.24687765036629594
64294,0.7193347937424913
64295,0.6682568885346768
64296,0.7162674682601554
64297,0.24033653999331464
64298,0.33078927817082193
64299,0.6000616746542647
64300,0.5439400628706869
64301,0.3361176998873406
64302,0.4087539011820781
64303,0.36130362277402706
64304,0.7767392565303816
64305,0.775447271150841
64306,0.44693813072525984
64307,0.05994088316997003
64308,0.17312958608834897
64309,0.5058728826333264
64310,0.23269621566014956
64311,0.21071515133854724
64312,0.826046459253712
64313,0.1384548934884296
64314,0.16666098216477718
64315,0.6363225428189432
64316,0.8622416442550589
64317,0.7357677668554481
64318,0.29527010734699327
64319,0.13854062086810187
64320,0.025319012143841052
64321,0.5113806660287686
64322,0.24717299638537862
64323,0.26011814882744305
64324,0.37182069216736335
64325,0.5282379373307768
64326,0.47498039937309716
64327,0.057028022199171836
64328,0.2381238377610127
64329,0.37815525556744706
64330,0.2697508873208659
64331,0.07540623366448133
64332,0.1915602004373035
64334,0.8599657961784496
64335,0.11740668577490244
64336,0.09190189984154647
64337,0.05447803048165788
64338,0.5090945972840276
64339,0.32382401576949094
64340,0.23333302917139442
64341,0.4102974178833374
64342,0.14422349746120555
64343,0.48042019442387307
64344,0.6330905085690386
64345,0.1822576772686191
64346,0.48985100672139464
64347,0.40176726363527926
64348,0.23964207070522073
64349,0.6551507598485298
64350,0.15213716354209852
64351,0.43863919065062595
64352,0.4973166187607534
64353,0.03628950341690276
64354,0.17246076995335818
64355,0.18914637628817396
64356,0.07648264180351666
64357,0.17302891812239374
64358,0.4915499872126697
64359,0.3324120094264636
64360,0.15995414612814277
64361,0.2876813706170146
64362,0.06529362936835396
64363,0.47344472645036845
64364,0.12207554353936415
64365,0.252346422240624
64366,0.07942442112492439
64367,0.5328587104016781
64368,0.729028064386353
64369,0.18798720594993024
64370,0.4465687749288285
64371,0.11990579007861371
64372,0.2880551351108428
64373,0.6358259586557977
64374,0.3596061409594298
64375,0.05623813609144443
64376,0.43945943177031604
64377,0.06580855469568102
64378,0.4207414864643687
64379,0.08445114493812542
64380,0.09267036951890963
64381,0.5960569109336509
64382,0.6612210930513305
64383,0.23511765650593117
64385,0.3714199657746513
64386,0.35534958169652564
64387,0.43588494242609166
64388,0.24460696120476932
64389,0.3914999626374674
64390,0.158846167561776
64391,0.4481661760180733
64392,0.6192572942298914
64393,0.17683453774153723
64394,0.2592271332691444
64395,0.13592868448259574
64396,0.36824224906225633
64397,0.3014646602210164
64398,0.6883137867776705
64399,0.34934322456861194
64400,0.2969370238493707
64401,0.1949477428591302
64403,0.7468949814820678
64404,0.2671451731194939
64405,0.1724074565400352
64406,0.18852715920233865
64407,0.6025004013706492
64408,0.32954114782643346
64409,0.20744330098152441
64410,0.34404651754665283
64411,0.30987207919910686
64412,0.7778012489102983
64413,0.45380165434633296
64414,0.8329267317876548
64415,0.39191145450370996
64416,0.5093105773333036
64417,0.22544052810985624
64418,0.5965536653480451
64419,0.2954499141464006
64420,0.4757202939326241
64421,0.37667861557346766
64422,0.02437948415481804
64423,0.864335482279188
64424,0.07109131121052753
64425,0.6076716547371107
64426,0.2922151375991295
64427,0.8405367586658712
64428,0.7423739429952972
64429,0.14036025357857346
64430,0.3173204265414965
64431,0.5473634423261228
64432,0.27756076157516596
64433,0.16385008559118405
64434,0.8081958091867387
64435,0.5943905757322705
64436,0.22302884474683038
64437,0.14846252286717843
64438,0.36922915367639775
64439,0.3322076626991576
64440,0.9014476283199335
64441,0.08152474066509034
64442,0.5934086122210902
64443,0.6794072518281835
64444,0.47556231455751546
64445,0.06428782428829258
64446,0.07813815591213594
64447,0.23577085353828767
64448,0.3707658472090537
64449,0.31412740458373706
64450,0.38814888250514995
64451,0.7089255719670595
64452,0.6629101617528498
64453,0.4043239092852079
64454,0.6144464827938474
64455,0.5705481735345277
64456,0.1202293702324926
64457,0.06421373968610898
64458,0.2640676728731664
64459,0.4239475219033787
64460,0.5196670682811598
64461,0.6674389174519199
64462,0.7645744310221139
64463,0.43527466397757947
64464,0.10311560940214234
64465,0.4811602887371668
64466,0.5754240419746672
64467,0.4789500255112388
64468,0.5727059124163352
64469,0.4466498800881462
64470,0.43704023324924296
64471,0.8335950888024328
64472,0.4696021713682248
64473,0.058365791859660024
64474,0.8636465425047772
64475,0.13958654509470675
64476,0.11223938933952196
64477,0.1810268006770777
64478,0.5466724721088094
64479,0.8016934513942355
64480,0.6532740338778725
64481,0.3152366354795701
64482,0.3879760010852816
64483,0.497420455424425
64484,0.18874229977923887
64485,0.1823376153674788
64486,0.09993711254105309
64487,0.11031436403086597
64488,0.3971819673890464
64489,0.08937137405290066
64490,0.21334087223274104
64491,0.6763998132817569
64492,0.2099042215011122
64493,0.038165484041887646
64494,0.8958216485322227
64495,0.4738524448909785
64496,0.8238895075256867
64498,0.41690345779144217
64499,0.4543679343142375
64500,0.8053207305141208
64501,0.7179790052365906
64502,0.9598810705254834
64503,0.1256943280223013
64504,0.4895373949373194
64505,0.7887501842942057
64506,0.2540321670233797
64507,0.5173709340713615
64508,0.43636294410068044
64509,0.29447589386640216
64510,0.5406742844412429
64511,0.2178734632562272
64512,0.6778947256963278
64513,0.4983900539750124
64514,0.33330525580643655
64515,0.21920222907937892
64516,0.4132953332247222
64517,0.1276520848142145
64518,0.37037909140990627
64519,0.16328118634471936
64520,0.33299292494389066
64521,0.5284301158581559
64522,0.3694102572465505
64523,0.3651746248319519
64524,0.09715749994505218
64525,0.5335541117257349
64526,0.3944502626932964
64527,0.7560689244163905
64528,0.19496123355045128
64529,0.3893619598283596
64530,0.6552693368834446
64531,0.7568154326432966
64532,0.10233434254427437
64533,0.3150348770450771
64534,0.06588561342408568
64535,0.5509200192787015
64536,0.2994817168584419
64537,0.34902970259340865
64538,0.07262953901347392
64539,0.0816830352069535
64540,0.6301766314825369
64541,0.6150258431923378
64542,0.39583957691116184
64543,0.6185134841406487
64544,0.5191229746304437
64545,0.2429749378137625
64546,0.5839837893341722
64547,0.4925091385681062
64548,0.39491399143625894
64549,0.45505433104078197
64550,0.5421201457579432
64551,0.41459479640369856
64552,0.10571493059281702
64554,0.523003417066078
64555,0.7113643535746971
64556,0.5722042175280212
64557,0.12675186341968553
64558,0.7704317059343699
64559,0.1541113166766666
64560,0.5137099633392033
64600,0.0
64646,0.0
65000,0.0
65001,0.6232747865801757
65002,0.8258789042627983
65003,0.970645002965243
65004,0.5647395338767237
65005,0.8183168072098341
65006,0.7301542763237592
65007,0.6151565076660847
65009,0.7617668496639484
65010,0.832293500255177
65011,0.8890178439181738
65012,0.879936638382897
65013,0.20064140359159516
65014,0.8236264348768899
65015,0.5216570515583568
65016,0.8398210286090878
65017,0.883178450479053
65018,0.5231094650550255
65019,0.7980785434304329
65020,0.8708697391624273
65021,0.4111653486279528
65022,0.6527760425481243
65023,0.9124770284236966
65024,0.8678164130328382
65025,0.31620043051724306
65026,0.4374016386710643
65028,0.5647022924685859
65029,0.49822574662903274
65031,0.5037525703766942
65032,0.06224860334530961
65033,0.8681666952923696
65034,0.7051970099520468
65035,0.37179749826534303
65036,0.6747574127150691
65037,0.7701370553805166
65038,0.8880403014168222
65039,0.9168923428056295
65040,0.9025681279199361
65041,0.6429759408187606
65042,0.4458330515012205
65043,0.8194768581948009
65044,0.7825978666524336
65045,0.6595182446702108
65046,0.901504405694348
65047,0.6657374127075477
65048,0.7123903956222154
65049,0.20611273420608847
65050,0.9709037572531548
65051,0.7178997823724449
65052,0.8833581987895368
65053,0.7990961725395479
65054,0.6797042218358013
65055,0.530534319366315
65056,0.5113775460012334
65057,0.8299512810684802
65058,0.9833083271570753
65059,0.021968475733195898
65060,0.5615615130705031
65061,0.18202803010395505
65062,0.680716747380355
65063,0.8514286418721235
65064,0.9566096699316475
65065,0.7523171631266208
65066,0.8799331247450058
65067,0.865035918252311
65068,0.24604450603392988
65069,0.6795156991544185
65070,0.8044010269042432
65071,0.7048535117974284
65072,0.703356022553629
65073,0.715345113607956
65074,0.6737699846400349
65075,0.8646980530951438
65076,0.7615632463497268
65077,0.46908631960371594
65078,0.3246933837563772
65079,0.7591903954673913
65080,0.8468303847718494
65081,0.6689911771718431
65082,0.7688725606023216
65083,0.7652899042954532
65084,0.8452239983679181
65085,0.13943247856326674
65086,0.7712921496444669
65087,0.8529817359485571
65088,0.07044081167259751
65089,0.8458624516986843
65090,0.49970467242999916
65091,0.8036424085738447
65092,0.8744162749992658
65093,0.781038771795938
65094,0.7534239752808352
65095,0.4003276341400024
65096,0.8419030007792646
65097,0.5612604750054633
65098,0.6741306035304743
65099,0.8651195130916083
65100,0.55593407465781
65101,0.7294262402084729
65102,0.7126223686288133
65103,0.7621268302644112
65104,0.8451223847005759
65105,0.6543074518764015
65106,0.9670346159442234
65107,0.8772481983582678
65108,0.7800297355780019
65109,0.8296167122757464
65110,0.842880348407776
65111,0.6907914291739861
65112,0.6406642967668039
65113,0.8528059714382425
65114,0.11088258637274916
65115,0.7461879793611083
65116,0.8116675036071757
65117,0.9975530937356146
65118,0.772656440604881
65119,0.30040256128840637
65120,0.8301372639202214
65121,0.7346249359301845
65123,0.11269179237998152
65124,0.9858048330186174
65125,0.8003229684022266
65126,0.44609086829858974
65127,0.5843060902491523
65128,0.6351624550205179
65129,0.24859867502800653
65130,0.31466369974061376
65131,0.7751256078452318
65132,0.8108251943491005
65133,0.7851861816123286
65134,0.1232155851469169
65135,0.8056031998408016
65136,0.7381815674741571
65137,0.26622546334262515
65138,0.06510701018334289
65139,0.8560939209777216
65140,0.9657796299530688
65141,0.939825855431457
65142,0.7322148394524396
65143,0.8084264656061002
65144,0.8863954399449107
65145,0.720865001131336
65146,0.7681482768543848
65147,0.7968337586277806
65148,0.5925835045716101
65149,0.7903871562352787
65150,0.5936331408558502
65151,0.8154563805611227
65153,0.8328281375287999
65154,0.7760950121684744
65155,0.4200925480164525
65156,0.7605249570735868
65157,0.9898888213027476
65158,0.7925493642181014
65159,0.776443466687681
65160,0.6199978620435675
65161,0.7121979795056046
65162,0.5515565307082073
65163,0.6231285976127394
65164,0.8715030602636086
65165,0.6929998969546735
65166,0.6781538602265659
65167,0.6355019143905132
65168,0.8584920929081595
65169,0.7141535723779195
65170,0.10460695692420345
65171,0.9840610383351044
65172,0.9900067079217497
65173,0.7061266906748347
65174,0.2502607301650697
65175,0.905807728553501
65176,0.5613021283670306
65177,0.09887528302138579
65178,0.2569847046212549
65179,0.588688791107528
65180,0.9512222743654104
65181,0.85324011667064
65182,0.7215321931117561
65183,0.5027688738582138
65184,0.7163045072599531
65185,0.6012930951319874
65186,0.7663113786960334
65187,0.6853187339056737
65189,0.7648951341814161
65190,0.773780018034639
65191,0.6665908654268276
65192,0.615966943324001
65193,0.7563576000699386
65194,0.8149757252399658
65195,0.9414800967274624
65196,0.24177390591520426
65197,0.7679330702828223
65198,0.6586100375743282
65199,0.9284809134139612
65200,0.7284146629100471
65201,0.7008066407825516
65202,0.5471940885833612
65203,0.8760892256811805
65204,0.8385603749428303
65205,0.9676551005162934
65206,0.8134813904790075
65207,0.8103698397111772
65208,0.9853908607100695
65209,0.9509580948527679
65210,0.8219277407925263
65211,0.9483823394922724
65212,0.9221724156745299
65213,0.09592619139706667
65214,0.16606660378941754
65215,0.38183578246045824
65216,0.8828901236904427
65217,0.792067732838896
65218,0.5336919649111623
65219,0.20959557837081513
65220,0.8696507795377452
65221,0.818716173617675
65222,0.8574329775672482
65223,0.8017205799756623
65224,0.6431113824967388
65225,0.816346754030747
65226,0.6095979813048901
65228,0.8548964025021492
65229,0.8837288509509194
65230,0.8486266498144908
65231,0.6924528178582195
65232,0.7668147925422074
65233,0.8390508284634888
65234,0.956277831490551
65235,0.7369955114793358
65236,0.8625235521377168
65237,0.8429739459572865
65238,0.8169157357834118
65239,0.673301921388442
65240,0.1821284454083939
65241,0.6860568630259575
65242,0.715495032978846
65243,0.13408489232549503
65244,0.724439214745335
65245,0.8430446765889362
65247,0.864370610170847
65248,0.14301007901301993
65249,0.3073944259974468
65250,0.13129888831763356
65251,0.8719132065048875
65252,0.6418290744254779
65253,0.7710388376764493
65254,0.724549357242185
65255,0.9625707399966422
65256,0.8073066599743365
65257,0.8220439208633007
65258,0.15310421990930473
65259,0.8210162246150354
65260,0.15130904461879652
65261,0.7101598788016301
65262,0.23939656939007803
65263,0.1734824639204033
65264,0.23522459362625048
65265,0.8123599654750514
65266,0.7414865543202981
65267,0.559688885901355
65268,0.8248027330728958
65269,0.7366000738388495
65270,0.8231287751011142
65271,0.886988496401676
65272,0.834880802965101
65273,0.37548220995773723
65274,0.37617917847775534
65275,0.5854230055870662
65276,0.8296390217487346
65277,0.7754875097927593
65278,0.7276988191412205
65279,0.7480396804512006
65280,0.7464710410064068
65281,0.803794880642347
65282,0.6800200663910292
65283,0.9808198311363012
65284,0.8667588263986925
65285,0.7861247855812862
65286,0.1653297271827549
65287,0.7393594739573889
65288,0.7252149962837883
65289,0.6890609848531376
65290,0.8567800401110696
65291,0.8660870215442112
65292,0.5824726525442345
65293,0.45377812490399233
65294,0.6758218366345063
65295,0.19364947574961722
65296,0.39483563673118993
65297,0.7655612658971428
65298,0.82486838291814
65299,0.7421319741767047
65300,0.4541202604788426
65301,0.68860516982164
65302,0.0
65303,0.8263237919981041
65304,0.053503553200848354
65305,0.8649255986537887
65306,0.8405082148679702
65307,0.860204725645278
65308,0.13254871792119288
65309,0.8324629931759853
65310,0.8916492946741296
65311,0.7245085127473413
65313,0.7839855152190994
65314,0.0942570430453781
65315,0.48035033564615165
65316,0.7011204292510512
65317,0.9698483612773107
65318,0.5076980066072214
65319,0.7375250020561254
65320,0.797467372780823
65321,0.8538483653598988
65322,0.8180099613341052
65323,0.7870428574965512
65324,0.779400986618931
65325,0.677138674248846
65326,0.7206752242990132
65327,0.761823793998233
65328,0.8627126716346747
65329,0.8105845324776187
65330,0.2986394829802529
65331,0.5532008044043497
65332,0.8070207949068461
65333,0.8438071739725428
65334,0.7285281087272365
65335,0.7688214140002108
65336,0.22661285927378286
65337,0.7777942580201144
65338,0.8517224642600114
65339,0.8439626348760457
65340,0.7108491195606612
65341,0.7700343378194429
65342,0.704829063854547
65343,0.7464320046712667
65344,0.6627449414498764
65345,0.8666708307492172
65346,0.8574133396566972
65347,0.8571136479802088
65348,0.7650931664339378
65349,0.7742573026695742
65350,0.7194910085302227
65351,0.7904199487820915
65352,0.6945589394673937
65353,0.8018998549927426
65354,0.972866157495933
65355,0.8640998362162142
65356,0.8759533326022862
65357,0.7634271267306992
65358,0.20704916921086894
65359,0.8047499068965575
65360,0.6557837162071286
65361,0.7691337700990172
65362,0.5836921851511696
65363,0.6870132655506382
65364,0.8174807851621816
65366,0.6545529464965867
65367,0.8597230569479386
65368,0.4735962791362444
65369,0.7063390429755835
65370,0.7519903729356681
65371,0.5225894827905105
65372,0.6468655141859595
65373,0.12623896516666122
65374,0.14275128502480816
65375,0.43318638751553756
65376,0.7027050010554733
65377,0.5996398945087386
65378,0.7792312774192213
65379,0.9667116127323376
65380,0.8094059026114763
65381,0.5713100751758327
65382,0.8223982288192605
65383,0.16073904699665212
65384,0.9897386909202979
65385,0.761277220407759
65386,0.8627856727997483
65387,0.19068025412027348
65388,0.2872006363058637
65389,0.4759856739979148
65390,0.725931191038987
65391,0.8939758072501942
65392,0.8322538647860227
65393,0.7275304874831571
65394,0.7081094059865852
65395,0.4033885414590467
65396,0.5380910107503833
65397,0.7010492793084167
65398,0.7716415470334853
65399,0.7716272071314214
65400,0.5438146969709423
65401,0.8038382468522275
65402,0.8930444796074496
65403,0.7451993603883432
65404,0.07233066539933095
65405,0.686902102934127
65406,0.7203296323651798
65407,0.8924866049031666
65408,0.5423121556933668
65409,0.7122883777316854
65410,0.8637186180829682
65411,0.9469012061555322
65412,0.14613526111629196
65413,0.7801870757739224
65414,0.3761884664969667
65415,0.6686319365309098
65416,0.7896814297053636
65417,0.7780524947079005
65418,0.6948165632980561
65419,0.47786945593911734
65420,0.6498446084651599
65421,0.8733758870328414
65422,0.6091859110874539
65423,0.7749212161941508
65424,0.6953159656097693
65425,0.7260384331051913
65426,0.8168577779116928
65427,0.7695956031940728
65428,0.6847657352213932
65429,0.180518739382208
65430,0.7891130478625953
65431,0.8988770774167855
65432,0.2703534639218484
65433,0.876859658986124
65435,0.6649352075717075
65436,0.8076685095487688
65437,0.7134213643526119
65438,0.7723248188719198
65439,0.7293313667819257
65440,0.20485981838564327
65441,0.7727777348200991
65442,0.046164032816267596
65443,0.7900719757396338
65444,0.8844487558682893
65445,0.6853451347194458
65446,0.7511738148663865
65447,0.7760989399851098
65448,0.3491588961360741
65449,0.5405336052083728
65450,0.971640668647387
65451,0.7771956887233252
65452,0.19738243264469588
65453,0.7864574686978073
65454,0.7413605304359493
65455,0.6281567939012268
65456,0.7316626702061119
65457,0.7774329681080308
65458,0.6954584064107977
65459,0.914159592715521
65460,0.2616259884231226
65461,0.11539540532870794
65462,0.12415005155725647
65463,0.827053482102245
65464,0.8196139486741855
65465,0.8961242188100146
65466,0.9845964485701956
65467,0.6276409085236575
65468,0.4742372310661338
65469,0.8182082189201552
65470,0.7903202090497357
65471,0.978689273177137
65472,0.22900368482237232
65473,0.41740898576987284
65474,0.6048866590282399
65475,0.49695937095192966
65476,0.32988891883054844
65477,0.7673449277727927
65478,0.7599191046809899
65479,0.8171629571244614
65481,0.8279936404318604
65482,0.6180698782332541
66000,0.0
66001,0.3874285822424624
66002,0.605540878871781
66003,0.040272020530020325
66004,0.7895085691553692
66005,0.780037803876713
66006,0.6731368457420797
66007,0.6594474448985015
66008,0.1022080017154937
66009,0.05282951487829786
66010,0.958333866359143
66011,0.5918595964850616
66012,0.7184534758650886
66013,0.7259416486593034
66014,0.7396544455537272
66015,0.5958213726290503
66016,0.10949246273312509
66017,0.6844787024054334
66018,0.5437243954509887
66019,0.37467659962212607
66020,0.9564746932416969
66021,0.7168491090830617
66022,0.41262942215453624
66023,0.43588980085485035
66024,0.35133513697004165
66025,0.777666750025159
66026,0.5947257102121684
66027,0.7737577648806194
66028,0.46505915686635535
66029,0.3322121113436743
66030,0.8347800345931575
66032,0.29732140207722163
66033,0.5794221577158004
66034,0.8011243714985322
66035,0.8043013823809091
66036,0.9514676450896706
66037,0.3244792408447403
66038,0.4894302577894757
66039,0.5822989584182253
66040,0.4056651274091315
66041,0.8214104207514102
66042,0.30398733359852
66043,0.5968336294671674
66044,0.6236646606335705
66045,0.8555656011050626
66046,0.7431316621897772
66047,0.9671684856713262
66048,0.46046534541824624
66049,0.03020248831397649
66050,0.7303584352302979
66051,0.6505608761322419
66052,0.7392984237362135
66053,0.21599966524366368
66054,0.8090111902519012
66055,0.6649438162930883
66056,0.6780048154117636
66057,0.5904988530649933
66058,0.697837787123812
66059,0.6376189789400003
66060,0.2768163092022602
66061,0.37430903358910056
66062,0.9053165683981431
66063,0.33439251703332223
66064,0.9002143079317628
66065,0.4045278757910121
66066,0.8454410598106127
66067,0.38834479936816185
66068,0.6834677818739567
66069,0.759571575334781
66070,0.585978009141122
66071,0.7607338821205538
66072,0.9048832938066721
66073,0.6596773713556566
66074,0.7287477957429953
66075,0.9028817833052576
66076,0.7715543113168218
66077,0.7867939139225882
66078,0.6616130395094345
66079,0.5091466587979627
66080,0.9324647492776914
66081,0.9593517434723385
66082,0.8844266594734421
66083,0.6921666046187537
66084,0.6243554410703834
66085,0.5537765476755689
66086,0.5457547413132435
66088,0.2623092725274591
66089,0.344744002109727
66090,0.8990134090023871
66091,0.7872058968064304
66092,0.6805759400076671
66093,0.2908965981000026
66094,0.5138261320394756
66095,0.5736617738960242
66096,0.4319950361054069
66097,0.7292673163155324
66098,0.9066017615076595
66099,0.5763839448809682
66100,0.8963226685224008
66101,0.6254436947128535
66102,0.6576896067339962
66103,0.5385987529737747
66104,0.4841656978176907
66105,0.9413093856150373
66106,0.050546640423820385
66107,0.2972248940005815
66108,0.510566904369257
66109,0.7785882622421729
66111,0.592406405896104
66112,0.5766077128309459
66113,0.28855313821042783
66114,0.6912093299344348
66115,0.2781403174175767
66116,0.24422676127261653
66117,0.9500831639606702
66118,0.8244035076734585
66119,0.5377508217454212
66120,0.9399158514437982
66121,0.6682467960691355
66122,0.8395753211134376
66123,0.9543965841014469
66124,0.406096205066739
66125,0.6407731561837525
66126,0.2469572024240567
66127,0.8863885444919738
66128,0.9498739741343047
66129,0.5813193806367642
66130,0.24228092398820705
66132,0.44194690903054845
66133,0.5398044298770598
66134,0.5167643651050112
66136,0.13016109331787187
66137,0.4344378855623538
66138,0.8671609575961632
66139,0.7834712682425502
66140,0.6060530099398778
66141,0.7550378413842084
66142,0.9427825448609083
66143,0.30993826436484323
66144,0.6891782834358036
66145,0.6406518178377547
66146,0.5985832145198446
66147,0.9538170258996308
66148,0.2578179418014304
66149,0.2169392239198955
66150,0.042840805138716784
66151,0.8742229506869076
66152,0.8460635218930026
66153,0.3966384753333168
66154,0.975383790428658
66155,0.6707413179739254
66156,0.7841390145212597
66157,0.968728579569441
66158,0.3931984896942004
66159,0.9748062150961843
66160,0.0922753817468196
66161,0.3670540120169461
66162,0.29045012348317306
66164,0.7069549284402573
66165,0.4220766647694205
66166,0.6237486759195982
66167,0.8076440235553263
66168,0.5105337389194515
66169,0.7600906059860638
66170,0.7107134396329265
66171,0.24407796164154
66172,0.5154343265390199
66173,0.6949210251179562
66174,0.5686155744054225
66175,0.4399517313124762
66176,0.7648666586892336
66177,0.6075770253851251
66178,0.30576096313125684
66179,0.11779824245619551
66180,0.5748637743181282
66181,0.8985455758617789
66182,0.619627100908646
66183,0.5050227200937022
66184,0.795086632401057
66185,0.43140209792081113
66186,0.679686515256903
66187,0.17678638446593828
66188,0.8575082511560309
66189,0.6048188300672283
66190,0.8177462947756068
66191,0.967003783075316
66192,0.9328258286163774
66193,0.6970955840112205
66194,0.4634052536429629
66195,0.42423659186931223
66196,0.12609000926614672
66197,0.9422985003913951
66198,0.624515070116013
66199,0.2995692706249113
66201,0.6810882140636688
66202,0.9147186238878452
66203,0.5187385275045443
66204,0.3931188363396928
66205,0.7808290956036238
66206,0.49271297956510895
66207,0.6742954319914555
66208,0.7029521949636205
66209,0.9464310307519209
66210,0.38171419047979677
66211,0.5237097314153962
66212,0.694046895263929
66213,0.5087639378985491
66214,0.5310369321103999
66215,0.5325079110270108
66216,0.661106151605958
66217,0.5785839376350391
66218,0.8949223755329385
66219,0.8402417765212762
66220,0.8618625481040237
66221,0.7600891440783845
66222,0.13096814131941145
66223,0.6573833475102044
66224,0.7484513886989768
66225,0.3617105138377633
66226,0.6350687095036466
66227,0.6202707523139802
66228,0.7580636147315346
66230,0.17791979405247307
66231,0.8096456193263605
66232,0.8401130902008551
66233,0.5785667622638463
66234,0.8919789896089826
66240,0.0
66247,0.0
66253,0.0
66273,0.0
66420,0.0
67000,0.0
67001,0.9170346603896458
67002,0.4502439005031961
67003,0.5392724450649303
67004,0.10822293176211699
67005,0.3662593337308858
67006,0.1624233058167118
67008,0.889327140003562
67009,0.39719568452896686
67010,0.2931488551613261
67011,0.24792294311555485
67012,0.44457317340306257
67013,0.5796003242036496
67016,0.8891190299606899
67017,0.8979760286155422
67018,0.3640009455493955
67019,0.4081173345467426
67020,0.15047899256617134
67021,0.09078704726612026
67022,0.6337241897601444
67023,0.4377691656653762
67025,0.8833088168910458
67026,0.20544089143174082
67027,0.2886830620150048
67028,0.3062341367911061
67029,0.7772895268190894
67030,0.734130354152616
67031,0.6652343233148125
67032,0.5795113154102657
67033,0.8039012099501051
67034,0.8562978292154085
67035,0.41259672362523325
67036,0.7643669769438889
67037,0.2591840370305494
67038,0.8551994989816196
67039,0.863531492079007
67040,0.20990697178048648
67043,0.8394895129994465
67044,0.30137465213415443
67045,0.8281574230820985
67046,0.20975710081780136
67047,0.5239707178756686
67048,0.2294123771619349
67049,0.933225090401359
67050,0.29340975579645756
67051,0.5406369769401249
67052,0.1968588791440214
67053,0.37085978453801594
67054,0.8390084974567666
67055,0.1336001682043555
67056,0.26649439340176173
67057,0.2531674415278779
67058,0.5081528859857563
67059,0.46370958899583153
67060,0.7937118729004808
67061,0.060626694027017744
67062,0.6655077290406993
67063,0.48864030013505744
67065,0.9232914261449163
67066,0.027386339822266122
67067,0.5725727896874132
67068,0.23375688919098206
67069,0.5691968727456667
67070,0.8128657598015104
67071,0.6972860156803441
67072,0.40679354547751595
67073,0.25251636666587285
67074,0.22348738858391343
67075,0.1906517079987349
67076,0.23477471687119825
67077,0.198665571467587
67078,0.3703740787455958
67079,0.5546284729520641
67080,0.9006726138499196
67081,0.8682812006968972
67082,0.4296750246742996
67083,0.10784690452493709
67084,0.38350674360261083
67085,0.7579212260537743
67086,0.7481382477492525
67087,0.18932104850642115
67088,0.6100797411627918
67089,0.10920069359386256
67090,0.255941160139553
67091,0.7908792415592809
67092,0.5314992133606343
67093,0.24860341254469728
67094,0.641228637655204
67095,0.4405304489485223
67096,0.1921880294619667
67097,0.926226425257301
67098,0.3243388868083012
67099,0.6503998932269993
67100,0.8553679604721338
67101,0.7489870380829537
67102,0.9128923375585197
67103,0.26005462485206254
67104,0.28636132604921344
67105,0.357378597011917
67106,0.300618900839309
67107,0.4835598374740145
67108,0.9409390544078232
67109,0.7348305902438895
67110,0.1812780409427755
67111,0.49287701945014617
67112,0.900916331137001
67113,0.5264744349606503
67115,0.48214213329224115
67116,0.49366043090033673
67117,0.34741904507083554
67118,0.9224337866146757
67119,0.9172629338343178
67120,0.47109883541880715
67121,0.5508755773888733
67122,0.1144748740903311
67123,0.23318985278351861
67124,0.9325927372899468
67125,0.28051129427574945
67126,0.34043480137912524
67127,0.9011663760974327
67128,0.9152955236382303
67129,0.4197782463794007
67130,0.5615599944962418
67131,0.8969798965342184
67132,0.24389615446139118
67133,0.5166175309300469
67134,0.8565765012039195
67135,0.21035126960160674
67136,0.7924094565545589
67137,0.9409333021637474
67138,0.8976395070988077
67139,0.38263744886277956
67140,0.8044606217934304
67141,0.22387566743426437
67142,0.7969529885675993
67143,0.6145707851829266
67144,0.3704580429247545
67145,0.4628262114268731
67146,0.2250717913058672
67147,0.2632213880456212
67148,0.5797997825100173
67149,0.18693026602781618
67150,0.8745385733688211
67151,0.7045377107320556
67152,0.918252782800607
67153,0.2394750993971753
67154,0.5665013409693466
67155,0.5612477742043587
67156,0.7832418157573073
67159,0.9057010009507785
67160,0.18055644325613251
67161,0.28174845630689194
67162,0.18388169457404344
67163,0.832981019841115
67164,0.7424248308847096
67165,0.26366988329784014
67166,0.2920528215943553
67167,0.12209578687124828
67168,0.29230396754906085
67169,0.7816904568115651
67172,0.8205999136773667
67173,0.9295558527126992
67174,0.20759976057319512
67176,0.07826376298651769
67177,0.23804320449813798
67178,0.7751548690501084
67179,0.41025464122985245
67180,0.024649665714715392
67181,0.921542164358997
67182,0.937089627744228
67183,0.36920119458193434
67184,0.48032779159164724
67185,0.24026439722222667
67186,0.233928660107372
67187,0.5516907837746846
67188,0.3349629445856533
67189,0.4094717996867925
67190,0.1988529804597222
67191,0.5140335513890991
67192,0.683583365007036
67194,0.5697942121052887
67195,0.4274517741789069
67196,0.16141555911745814
67197,0.9186601713893489
67198,0.5239450719602942
67199,0.4899180280984859
67200,0.9332094278347447
67201,0.8368196168695263
67202,0.4081104178096954
67203,0.4693394436622001
67204,0.8511752091879634
67205,0.7458603595623616
67206,0.37171084234110935
67208,0.6489328873388894
67209,0.8232735167951146
67210,0.43644492658996625
67212,0.9376488123102756
67213,0.5373374022344702
67214,0.9136636186981226
67215,0.3974843545090497
67216,0.12639525583914232
67217,0.9507237569902398
67218,0.789631784664427
67220,0.49197539655708156
67221,0.3869425680255422
67222,0.04779845673769081
67223,0.9124820321284229
67225,0.28690877243044094
67226,0.9027620721896099
67227,0.5611561573833174
67228,0.82263175768225
67229,0.25122486654233434
67230,0.5344326247900986
67231,0.8400229211362565
67232,0.3504183851019417
67233,0.7380892933282821
67234,0.3705297066174357
67235,0.7667342198804935
67236,0.8964204551239378
67237,0.7836149886935897
67238,0.25422273267161993
67239,0.586348267523944
67240,0.8914254805380886
67241,0.8944815758097554
67242,0.2629688619676855
67244,0.2250649007183342
67245,0.41001567439201614
67246,0.3671652028348625
67247,0.9321275692351496
67248,0.8661771305285689
67249,0.7725243665720619
67250,0.795814530573056
67252,0.8174378660030726
67253,0.8860589439734345
67254,0.19189012472401953
67255,0.5058834321650871
67256,0.912017179546363
67257,0.2621557396169384
67258,0.574073678620411
67259,0.15201563405218738
67260,0.2518408358309359
67261,0.3811575178341692
67263,0.08126073353403822
67264,0.6565152423377043
67265,0.27811827025956065
67266,0.9287693842777074
67267,0.9069714528787682
67268,0.9353279344195684
67269,0.3521677312203278
67270,0.3231365899075436
67271,0.2769817751981495
67272,0.18649331922514342
67273,0.4775497194524313
67274,0.584121267073016
67275,0.14773818107185216
67276,0.0509142795786319
67277,0.3943356021793329
67278,0.5092905345905486
67279,0.4100408367854351
67280,0.5131403225720071
67281,0.22253863918396033
67282,0.8074307161772373
67283,0.09821251076039943
67285,0.723078979312013
67286,0.8350579648101816
67287,0.3113744067530332
67288,0.2983039225478768
67289,0.22127313514886812
67290,0.21983152250404364
67291,0.1349261268053062
67292,0.216498268545702
67293,0.4311084989185721
67295,0.477164182071478
67296,0.9449686149001838
67298,0.9143734137752438
67299,0.3124621221920449
67300,0.5865541902105796
67301,0.6182639753995317
67302,0.25089160753466233
67303,0.19267771834951275
67304,0.3202419288946918
67305,0.3668066593725423
67306,0.164788522347771
67307,0.24451107510966485
67308,0.6702082849657415
67309,0.9090841037662197
67310,0.46777034988997285
67311,0.3896767940767224
67312,0.5495092265764928
67313,0.6118811901142663
67314,0.24258974824570562
67315,0.556875835499168
67317,0.625660702196232
67319,0.9481900602283535
67320,0.39809368277414936
67321,0.2851515143138001
67322,0.181938180761706
67324,0.06429831265181997
67325,0.23158795764031606
67326,0.9456354854623195
67327,0.4635339895721983
67328,0.16661099010790018
67329,0.7609498600329963
67330,0.5685622218547778
67331,0.483496464560602
67333,0.2052942098577386
67334,0.31846304913218343
67335,0.8778576565222227
67336,0.9149509872365382
67337,0.5347782558984518
67338,0.6867675455696771
67339,0.1939180992367278
67340,0.17585922475739837
67341,0.24329543036813342
67342,0.08280336570232394
67343,0.9144148253516083
67344,0.3386259818696833
67345,0.25388863973326464
67346,0.5709590786190867
67347,0.13041979155441383
67348,0.22593207760729125
67349,0.5890556282677375
67350,0.9222410043094984
67351,0.2430396439341554
67352,0.17404367948677596
67353,0.2196876962285272
67354,0.8811884736536066
67355,0.42339461919169386
67356,0.7701696281442627
67358,0.15784227900089667
67359,0.35822142396328105
67360,0.5000573733105929
67361,0.9166628273287177
67362,0.7434191486709785
67363,0.9130050261380273
67364,0.7887117175748002
67365,0.9392681644594943
67366,0.2959571777153671
67367,0.17547555998243133
67368,0.12039929936674086
67369,0.6622810793858422
67370,0.3237219045946721
67371,0.28744384455994204
67372,0.08402345015708314
67373,0.6119210336393223
67375,0.926482022816123
67377,0.033900010915554106
67378,0.8765913171240994
67379,0.2062098138017227
67380,0.2458473078298289
67381,0.49959340793048385
67382,0.9017529970672375
67383,0.6363269092446409
67384,0.2384005724367036
67385,0.5034894244313352
67386,0.8671877742642838
67387,0.5339960881352602
67388,0.05869945150948949
67389,0.9106411252626392
67391,0.39724333909463455
67392,0.2147173133692659
67394,0.4828263078671783
67395,0.1772798644612369
67396,0.5396722682687058
67397,0.06409218164885999
67398,0.37541493416513216
67400,0.3812804492089815
67401,0.8039433304696876
67403,0.24191561709769452
67404,0.5241926896429148
67405,0.6636454087200538
67406,0.8282658884485541
67407,0.44851188966649563
67408,0.15465918996128472
67409,0.9659548249021468
67410,0.7302634371733818
67411,0.1091994764183082
67412,0.1776676597883557
67413,0.4120771681500529
67414,0.0536241569888589
67415,0.1913780925747822
67416,0.6126109029873066
67417,0.816166662490269
67418,0.48924867639433023
67420,0.16258332806246148
67421,0.4734380491619635
67422,0.2657148663272284
67423,0.49358236577132086
67424,0.24604982718995694
67425,0.33527822342605557
67426,0.5766797606582069
67427,0.564594637175202
67428,0.3721474233664382
67429,0.46504640481711346
67430,0.4394650216701998
67432,0.6002133921236723
67433,0.7120454921797119
67434,0.5123164229934306
67435,0.7220928181112035
67436,0.4492238584197183
67437,0.04212063075320334
67438,0.8696018084009546
67440,0.7284208456633383
67441,0.20977741611298653
67442,0.8710149543134917
67443,0.5498270931046099
67444,0.5112011496719152
67445,0.3699325580891355
67446,0.24834462027647536
67447,0.8462448874997487
67448,0.04193630059128558
67449,0.24273528834542862
67450,0.3620225332630476
67451,0.4744541390886229
67452,0.8386899691631494
67453,0.2842575161949434
67454,0.6723517039253358
67455,0.515499537184899
67456,0.5732502516731446
67458,0.23868952107249827
67459,0.17034327642858077
67460,0.37403119525348627
67461,0.3919624312400858
67462,0.1121665900415238
67463,0.4251371493540522
67464,0.23942861799990064
67465,0.30071962506874544
67466,0.4082300535071952
67467,0.6981164822984259
67468,0.6720485141263587
67470,0.2431706550030535
67471,0.8746872441348156
67472,0.21512933431552525
67473,0.8814902272790617
67474,0.19890236924779509
67475,0.3259235360314773
67476,0.601638197745548
67477,0.5399861996785819
67478,0.1647341904839237
67479,0.36231820783155927
67480,0.25872583057388043
67481,0.30460586382802246
67482,0.2665414736738371
67483,0.45066353137464416
67484,0.5263722765199301
67485,0.9041798057237602
67486,0.16940838656538085
67487,0.26269991903052836
67488,0.6538683404453992
67489,0.18651815975755384
67490,0.5101868671586298
67491,0.41291506489277324
67492,0.7672291226422818
67493,0.4989728316150068
67494,0.3873342547180863
67495,0.7747395840451147
67497,0.38422444027316643
67498,0.22466053253269774
67499,0.5442555567727877
67500,0.10463565827562189
67501,0.815953808655281
67502,0.2668453720472274
67503,0.2533959647128886
67504,0.7522170959303192
67505,0.685782870323529
67506,0.888335982999897
67507,0.3910971691288392
67508,0.5267969401632098
67509,0.5293905440800823
67510,0.5372505678512226
67511,0.22755404930986772
67513,0.2084527314771603
67514,0.5469582043529789
67515,0.19651458294385282
67516,0.7731723438280932
67517,0.6206673822999681
67519,0.7477810104355738
67520,0.2294024056820156
67521,0.23991187715691448
67522,0.4433263750423073
67523,0.6936693416257089
67524,0.2588875537319089
67525,0.25091459051511916
67526,0.7275599533022438
67527,0.22899677829281673
67528,0.74555932504168
67529,0.7482602506020251
67530,0.32590749194297863
67531,0.18346682461906988
67532,0.796936761913398
67534,0.25223443450260974
67535,0.1352476439087496
67536,0.16989099256091802
67537,0.26417737222598686
67538,0.15881410431272305
67539,0.6318713112811016
67540,0.4595781584520881
67541,0.6614296823488445
67542,0.8251946662981339
67543,0.05100614198584399
67544,0.1577043398275697
67545,0.24168203772513316
67546,0.4157171917931499
67547,0.21907881247648678
67548,0.9025311442854702
67550,0.18386088675343545
67551,0.9229275000521397
67552,0.8389031428090372
67553,0.17330925836672745
67554,0.8502795621466974
67555,0.45591712880575613
67556,0.6234941657783745
67557,0.7759767042792778
67558,0.20921203113048095
67559,0.4384565442058961
67750,0.0
68000,0.0
68001,0.31680905382817415
68002,0.3583073880435129
68004,0.12731350195684119
68005,0.4276801078086577
68006,0.3957690137713192
68007,0.32997303906921005
68008,0.3907117053332592
68009,0.49243871878226997
68010,0.3450504348374232
68011,0.42111511962700987
68012,0.3667221731390712
68013,0.10018278843251172
68014,0.6135013127148554
68015,0.532398707625893
68016,0.21861858271098394
68017,0.27550169506750266
68018,0.4251555885968732
68019,0.3547411295356746
68020,0.4305577108078573
68021,0.18155917026525156
68022,0.530016335760065
68023,0.5828861974485522
68024,0.46368811188707376
68025,0.30235922935088294
68026,0.5549803709047685
68027,0.22999663784401148
68028,0.5241061693037624
68029,0.3913744617221728
68030,0.35747050888371035
68032,0.42433487987532825
68033,0.23669614564219313
68034,0.1306683311415271
68035,0.15276205124706307
68036,0.1648879750325961
68037,0.36908880698595037
68038,0.5417613152439704
68039,0.07378088243994287
68040,0.17251129135981827
68041,0.2639603591557013
68042,0.0875553013980118
68043,0.365216362051426
68044,0.44197108566161664
68045,0.3358896893138894
68046,0.21422837302238512
68049,0.2666906514987557
68050,0.43985453651492
68051,0.29758684300650406
68052,0.4470366130061245
68054,0.33671683950494
68055,0.48789128087649
68056,0.27114940223294776
68057,0.440515018790321
68058,0.1348978836232255
68059,0.3914112848331789
68060,0.3373329357861002
68061,0.11371127277106985
68062,0.20318232485304433
68063,0.22322204220695518
68064,0.42167977234046156
68065,0.4482645560462578
68066,0.03592497197555185
68067,0.21582502701604914
68068,0.2907230733440609
68069,0.21621893368745373
68071,0.5241368677639091
68072,0.3679443904649051
68073,0.45415005988742596
68074,0.13869527662043707
68075,0.14545715155335606
68076,0.31521435927977776
68077,0.3948012015510692
68078,0.3842143590105394
68079,0.4532216978974085
68080,0.3915831360624757
68081,0.3934897922403589
68082,0.27184189745929144
68083,0.5110847914736764
68084,0.4459339562368864
68085,0.4294961962917006
68086,0.47708779771754745
68087,0.08990811055410076
68088,0.5043870230041916
68089,0.0853249973676566
68090,0.5483619097407308
68091,0.19036584971645545
68092,0.147360701218694
68093,0.4067324917235352
68094,0.07722157608286721
68095,0.3831201688716982
68096,0.31097424896920567
68097,0.45433860384361513
68098,0.11492704666916939
68099,0.4011872669817802
68100,0.2661582284364033
68101,0.4533720693166439
68102,0.21815648965980036
68103,0.4746147031535821
68104,0.1107489043804248
68105,0.4993941136541249
68106,0.2730446477333745
68107,0.4223759300590357
68109,0.3719167185317554
68110,0.48130814347852435
68111,0.3323391419610593
68112,0.11179997817627127
68113,0.5495327368818892
68114,0.36196324363994253
68115,0.37508432139119907
68116,0.5229869081684271
68117,0.32989444451141575
68118,0.2855209410330374
68119,0.3361917915562466
68120,0.06833462048092014
68121,0.08632865424733936
68122,0.4592526737333959
68123,0.380858424376175
68124,0.317047554227814
68125,0.43306401670219746
68126,0.09697828697881523
68127,0.4247133966545705
68128,0.11425904730540866
68129,0.43624751614477614
68130,0.2177916486015874
68131,0.39378573303848013
68132,0.2830413207164568
68134,0.3541540948894532
68135,0.09090232902528451
68136,0.4003703871403879
68137,0.1447887735726476
68138,0.1737291606520681
68139,0.11949749805662084
68140,0.42934803074775546
68141,0.40542563336625065
68142,0.4264087056634751
68143,0.3168385954528302
68144,0.42981262086426236
68145,0.26284150207410395
68146,0.6632826480896903
68147,0.6281530303519489
68148,0.3006234322716922
68149,0.2566945808739974
68150,0.5592629802268418
68151,0.2640832339340392
68152,0.3268156800149017
68153,0.5581976993746258
68154,0.4025264590987617
68155,0.5764060679301225
68156,0.35246657134574333
68157,0.2954372737938951
68158,0.3052637655804314
68159,0.34750538424675004
68160,0.26891171492831006
68161,0.6282624498138958
68162,0.22699887309044478
68163,0.14224786129095668
68165,0.11337270120347691
68166,0.40682010190528334
68167,0.4208917533024855
68168,0.09790672083369101
68169,0.1419935529557758
68170,0.37302329808310647
68171,0.13532630948958121
68172,0.23362816183734048
68173,0.1788294706753503
68174,0.39506572896361075
68175,0.3571608042629798
68176,0.07070281609590988
68177,0.1918831970075501
68178,0.16118050782262952
68179,0.26204311628203414
68180,0.36083648957567366
68181,0.17718221928268907
68182,0.06301707654653764
68183,0.15301968615095188
68184,0.16783777772591563
68185,0.889641588288737
68186,0.26873218418122524
68187,0.12535711208320624
68188,0.1661467340555482
68189,0.35057145397393874
68190,0.23366350108735445
68191,0.38802673721067127
68192,0.3901929682467487
68193,0.4148517177749604
68194,0.14876707248143434
68195,0.42531605542395406
68196,0.3791409113814386
68197,0.3792984471824994
68198,0.3768768217281494
68199,0.3033403979049564
68200,0.3292648075001051
68201,0.12224335767802148
68202,0.27660791086695113
68203,0.5023114696442978
68204,0.07448533957283295
68205,0.4407892668515325
68207,0.2072224755946746
68208,0.0808083602975834
68209,0.5618306522138486
68210,0.14410545112507178
68211,0.2973821498816403
68212,0.11932158779399847
68213,0.27239230204561765
68214,0.505167077475484
68215,0.40223278624357506
68216,0.0988106549027564
68217,0.1572206822220765
68218,0.46967791456822683
68219,0.28686906697836395
68221,0.06872170650217431
68222,0.07578862804696851
68223,0.19479419188366526
68224,0.14517525271133752
68225,0.4681014293799291
68226,0.23530787420864097
68227,0.38735448429296326
68228,0.4443203939336155
68229,0.21274492238154946
68230,0.09692399546642101
68231,0.5341701604963567
68232,0.1154051379735253
68234,0.31273808688445653
68235,0.33686141441699724
68236,0.0
68237,0.5677408344227151
68238,0.38950293178067513
68239,0.45351939970842176
68240,0.11995864774751155
68241,0.4081087412230051
68242,0.251890337821733
68243,0.2642737250843506
68244,0.4801773555621466
68245,0.37796886301305166
68246,0.13875841054161028
68247,0.20216504260421767
68248,0.12965717730154738
68249,0.16503522628259212
68250,0.30878842791822697
68251,0.29333668013777986
68252,0.5356716491703908
68253,0.3957666533563165
68254,0.4404998085562273
68255,0.2824625834686494
68256,0.41355444094273575
68257,0.08501250698725271
68258,0.39903458769957006
68259,0.1431114915136897
68260,0.4559070857387024
68261,0.310312955935183
68262,0.24382702445100773
68263,0.20817790551019752
68264,0.2107949872890281
68265,0.35206798510477966
68266,0.3916188868729759
68267,0.4674366850043943
68268,0.36220251129298087
68269,0.34374817636142746
68270,0.42139341520929613
68271,0.45239708988617794
68273,0.09183558578782226
68274,0.23264141103310407
68275,0.18498959079998722
68276,0.2653007769673844
68277,0.5400414939465581
68278,0.21734016196526149
68279,0.4151945692256803
68280,0.7524629167022246
68281,0.4714673116919016
68282,0.3769359846421916
68283,0.6610999863206143
68284,0.11198429097116197
68285,0.7294135268819061
68286,0.2052251746693449
68287,0.15022121360391275
68288,0.11370714826561859
68289,0.48965281438959085
68290,0.30370150222834214
68291,0.4144724838487941
68292,0.17862225213060734
68293,0.49759430309370156
68294,0.6168396679774351
68295,0.18789415436619214
68296,0.7307443595645877
68297,0.05939279549986216
68298,0.3720484565013985
68299,0.35547999740600744
68300,0.4039791908914638
68301,0.343626601617465
68302,0.5126008747321688
68303,0.3461159435910939
68304,0.2816895423747953
68305,0.04230053304518563
68306,0.08195826415502189
68307,0.3673880704222013
68308,0.28727104150574395
68309,0.18444285330344898
68311,0.13264845103152562
68312,0.28124313275909724
68313,0.4594800767088562
68315,0.1525833790615975
68316,0.36124032864053857
68317,0.24815783189537075
68318,0.18394280071862198
68320,0.3197971598735365
68321,0.40306584062665013
68322,0.425327018717647
68323,0.41728011055131703
68324,0.39554115479749236
68325,0.11447214585458959
68326,0.4594104237152393
68327,0.33124567786080444
68328,0.28519893894970977
68329,0.12607752851782048
68330,0.32899567079649716
68331,0.2981309323506504
68332,0.37786003461188544
68333,0.3921020410026361
68334,0.16170029758724058
68335,0.7433977694284429
68336,0.38564538963376505
68337,0.3189921933239129
68338,0.23363123913737258
68340,0.07526240021456958
68341,0.31324034982282206
68342,0.4043983346761292
68343,0.4515047109850721
68344,0.24794073415588794
68345,0.3579540566567455
68347,0.45080079503997394
68348,0.4329704003842337
68349,0.08965609873035209
68350,0.4477195199194792
68351,0.18557670171448598
68352,0.1942640270555333
68353,0.3679254491448219
68354,0.3623245316301782
68355,0.07372477319086443
68356,0.3859695513206336
68357,0.4302157740486872
68358,0.3730152021759273
68359,0.3463854470001866
68360,0.3438842651528053
68361,0.2648645276358169
68362,0.0842401571565532
68363,0.13511346305905436
68364,0.28654769497644994
68365,0.43135889146242273
68366,0.4530010277186565
68367,0.30379100866955105
68368,0.31444416602368874
68370,0.3017847017149142
68371,0.26837866953971884
68372,0.1847979904239563
68373,0.175127957417228
68374,0.17567233073777766
68375,0.21612402279542636
68376,0.5270097305928584
68377,0.3295419678704079
68378,0.4340843663341514
68379,0.18916198244214705
68380,0.13599126771891437
68381,0.43279193246599634
68382,0.35445533625070486
68383,0.6541039864966854
68384,0.3327076165700777
68385,0.3291431508598209
68386,0.541504089232531
68390,0.0
68500,0.0
68590,0.0
68790,0.0
69001,0.42809812296358424
69002,0.20476783116268704
69003,0.31201980708030086
69004,0.3978048191294664
69005,0.5790157701336187
69006,0.1260618465645503
69007,0.24783366008216146
69008,0.13296050117417882
69009,0.31201395693954675
69010,0.19255272266648524
69012,0.3860975329907409
69013,0.5320860492460867
69014,0.07087361981521506
69016,0.13898210525750218
69017,0.3369143380217318
69018,0.43441691444564895
69019,0.1805369073728069
69020,0.3746847289455661
69021,0.344143755999817
69022,0.4293789092948631
69023,0.5789259538847958
69024,0.2610878408416302
69026,0.3146301165761142
69027,0.1916179316146535
69028,0.3266393191324067
69029,0.6255319235768211
69030,0.09448394435441314
69031,0.2680672652702011
69032,0.4143881735079749
69033,0.27033636428178826
69034,0.3348192722352863
69035,0.7887986597728732
69036,0.7246275991676399
69037,0.5606700877662355
69038,0.28980584026507933
69039,0.6063090501966004
69040,0.3577837462268046
69042,0.08604088963495
69043,0.29310313183633246
69044,0.3519155697253614
69045,0.654953587190078
69046,0.3284878746351053
69047,0.4625665732953709
69049,0.3066333816967271
69050,0.275607086701339
69051,0.4629564760876327
69052,0.2603414514372072
69053,0.8477094954026544
69054,0.21922192113150452
69055,0.346215848015358
69056,0.41398741781563064
69057,0.2932589956761649
69058,0.7084029901113632
69059,0.3302775813095315
69060,0.3101552166953531
69061,0.4978136705782194
69062,0.9315956137077623
69063,0.2502174070198817
69064,0.25118603482306484
69065,0.7934199074360753
69066,0.027978093074333077
69067,0.4760547491661548
69068,0.30867335316911154
69069,0.4112790092714967
69070,0.12625235130811752
69071,0.328101695743555
69072,0.199301967970699
69074,0.5612004123413055
69075,0.41494022342255726
69076,0.30322328565249723
69077,0.8182863709640723
69078,0.3307572003385186
69080,0.3085570842673005
69081,0.244344972322116
69082,0.8339514603044861
69083,0.3167286235345376
69084,0.64531080037081
69085,0.30394540153498806
69086,0.29845394809261355
69087,0.2806461885558963
69088,0.26722094940525054
69089,0.533949160629328
69090,0.3592662526406117
69091,0.4465198996785225
69092,0.42132050639953134
69093,0.26834000944585346
69094,0.33363290026223447
69095,0.12690813800743872
69096,0.3753451804466284
69097,0.37008906258265534
69098,0.24198899567024654
69099,0.17235390381495716
69100,0.3295008286735411
69102,0.36353377891802824
69103,0.7963423588561787
69104,0.8448495675446095
69105,0.4680145953170351
69106,0.21804662388712734
69107,0.5337130011393387
69108,0.7803611859290921
69109,0.6160052655761087
69110,0.9062115744816924
69111,0.5227073718164851
69112,0.217938005459714
69113,0.5465133294654132
69115,0.5775880826080407
69116,0.08526889931156666
69117,0.25246980426064664
69118,0.3181786678229764
69119,0.3784396544200062
69120,0.2663115249255749
69121,0.31524493099887474
69122,0.47744100879570056
69123,0.03469034514353799
69124,0.6883220339279311
69125,0.32102715370028134
69126,0.4865402013949073
69127,0.3352762034378716
69130,0.42110606820767743
69131,0.3234475070655045
69132,0.17010882962032373
69133,0.35266881627929475
69134,0.4436836750178903
69135,0.5185426650426866
69136,0.3703860957304677
69137,0.6500474472555521
69138,0.328643185669447
69139,0.09896238819954226
69140,0.3480671387389602
69141,0.17310754023526065
69142,0.4761651433158221
69143,0.25538632617657897
69145,0.8794029833075521
69148,0.3639938765625798
69149,0.34114702140772996
69151,0.5521908943447426
69152,0.6788890785910668
69153,0.3198742490964238
69154,0.3081319044057295
69155,0.17459148990528098
69156,0.397162751040485
69157,0.09811384101133976
69159,0.30614029058111436
69160,0.13581400329802065
69161,0.21546446844560752
69162,0.64913350419889
69163,0.29824564934652076
69164,0.2878940954314336
69165,0.6822638822038042
69166,0.25409554857436517
69167,0.604718482541948
69168,0.3085248915603354
69169,0.2937405835988101
69170,0.4761767662303162
69171,0.22405242785446733
69172,0.6409196433706598
69173,0.36089393268262177
69174,0.35856136924793897
69175,0.33431935441804045
69176,0.3233264929888034
69177,0.3283660108247898
69178,0.1380722273557009
69179,0.3894788468569342
69180,0.44958685995705605
69181,0.2892789865908215
69182,0.1217613341229375
69183,0.25628481614980825
69184,0.2318808691439868
69186,0.29761945079367913
69187,0.2983552073854908
69188,0.3082099300074022
69189,0.2725322947274319
69190,0.3648388894649398
69191,0.22597990142748597
69192,0.6867609813817616
69193,0.2734587743729482
69194,0.2221728979878335
69196,0.28048790715575517
69197,0.6077788205206177
69198,0.7596491165806674
69199,0.5651723302980282
69200,0.22285846384374147
69201,0.19198101061989278
69202,0.32121900307802737
69203,0.06994175674466856
69204,0.25189197158188825
69205,0.4546186061972726
69206,0.4068830045257894
69207,0.30389888827795886
69208,0.3527270396546442
69209,0.12645086797074984
69210,0.0
69212,0.3545929198629061
69214,0.33912204690793285
69215,0.6026441204716442
69216,0.4461190942692307
69217,0.27596419555271107
69218,0.7431071289196406
69219,0.36573811377785576
69220,0.11470441162238917
69225,0.5134929125670944
69227,0.2414286269264582
69228,0.14368164152758373
69229,0.17250444397600428
69230,0.6053957733264013
69231,0.29380516028261344
69233,0.3193290478160055
69234,0.13933114008522213
69235,0.28996528791086734
69236,0.37125004938418255
69238,0.17198480505008734
69239,0.4372433192032869
69240,0.19435838747450648
69241,0.35568317120939147
69242,0.7735929097551263
69243,0.10686325418450898
69244,0.4248487834567572
69245,0.6227687394145949
69246,0.3768913509588096
69248,0.04693184094683122
69249,0.28604673363515
69250,0.28666595570940806
69252,0.3437805175994976
69253,0.3898479925550559
69254,0.28857331964370436
69255,0.24888124925551525
69256,0.4710203255597175
69257,0.5897622128724558
69258,0.7408566930448396
69259,0.3722809513011255
69260,0.37179537471423485
69261,0.47627003528529205
69263,0.3317176717570402
69264,0.5025178781355266
69265,0.5156938937510351
69266,0.1472870815736576
69267,0.5823626834461741
69268,0.3319854242206632
69269,0.2910541976683146
69270,0.7560301003676876
69271,0.7305631607913796
69272,0.38493570200240235
69273,0.6824410046623419
69275,0.6010253563658127
69276,0.6511230912946704
69277,0.8919333631136096
69278,0.1837509151593258
69279,0.8291278409165975
69280,0.9362909438821286
69281,0.8180288813086904
69282,0.6678366035903971
69283,0.7597674832817115
69284,0.2725047147396184
69285,0.9671774005825348
69286,0.3778571784944803
69287,0.9443715730113801
69288,0.9643634709415767
69289,0.8896034907085174
69290,0.4139173270675594
69291,0.7269258507226927
69292,0.5358815168665384
69293,0.6251171829835361
69294,0.4357277439049383
69295,0.6695094154149984
69296,0.5000800540802136
69297,0.3454404000193606
69298,0.8854495384691778
69299,0.9921307740683982
69380,0.0
69400,0.0
69440,0.0
69460,0.0
69480,0.0
69490,0.0
69510,0.0
69530,0.0
69550,0.0
69560,0.0
69570,0.0
69590,0.0
69610,0.0
69620,0.0
69640,0.0
69790,0.0
69800,0.0
69840,0.0
69850,0.0
69860,0.0
69870,0.0
69930,0.0
70000,0.0
70001,0.43087674509680723
70002,0.3758617897249686
70003,0.3679020134978241
70004,0.6148454065230752
70005,0.5996801891363819
70006,0.04127763580755438
70007,0.43879485549793723
70008,0.19121911975950706
70009,0.13393118241676874
70010,0.2177954170433647
70011,0.34957150283034794
70012,0.16093212096506931
70013,0.11868860724952045
70014,0.6088404758486147
70015,0.4412039820978639
70016,0.37133262358249713
70017,0.10738733912665667
70018,0.511912741115645
70019,0.47518742953150683
70020,0.454366592149578
70021,0.4114190326856576
70022,0.13132691052930692
70023,0.20726211886757473
70024,0.2766343037828601
70025,0.3968129112873492
70026,0.4091020114750689
70027,0.036972430479964964
70028,0.5158382458185379
70029,0.5286177667039099
70030,0.2645207705928521
70031,0.28663767405169566
70032,0.8158125032373386
70035,0.03976933396590399
70036,0.6222855417551814
70037,0.11149351750619967
70038,0.4822448119213374
70039,0.5083214999960314
70040,0.5610619741538568
70041,0.20600163578151956
70042,0.7094330269170533
70043,0.40519076241074153
70044,0.494899168626187
70045,0.710975288879449
70046,0.36495109000645937
70047,0.4744617582385955
70048,0.23935108471093078
70049,0.16389842624184947
70050,0.7928970473231559
70051,0.2565467693977445
70052,0.20984229654597863
70053,0.02788443635913506
70054,0.35927198365312996
70055,0.4544441994846324
70056,0.32147305310318997
70057,0.6288567327803195
70058,0.09863455804945187
70059,0.33401585061061884
70060,0.6393299381584874
70061,0.29557647937862813
70062,0.5341691725985245
70063,0.46181414681367916
70064,0.5510289838143313
70065,0.5319614816969451
70066,0.06918944419235239
70067,0.633348269224383
70069,0.27424727146287164
70070,0.15605648575023354
70071,0.3636276841410176
70072,0.4517619130304862
70074,0.21740161215724474
70075,0.3272608030781149
70076,0.6303466145700152
70077,0.6541478487371168
70078,0.0778922119833993
70079,0.42944147459986215
70080,0.27675059462254104
70081,0.533282560678464
70082,0.37790564496224915
70083,0.11654854491872962
70084,0.6118761020980205
70085,0.5985804192884282
70086,0.28298212350308255
70087,0.4104092003938608
70088,0.04375575778741842
70089,0.09677991258718109
70090,0.5279697041667939
70091,0.2679676313050774
70092,0.17291323898347147
70093,0.4440623158777572
70094,0.4810783141975553
70095,0.35593835471694596
70096,0.508024020562491
70097,0.17246016658467528
70098,0.6231151976920742
70099,0.07037905849231407
70100,0.5410498552520774
70101,0.15163201758904968
70102,0.6408878144581928
70103,0.44378943383494074
70104,0.35973908441653657
70105,0.4883809287764775
70106,0.04002698498565961
70107,0.6185403523989055
70109,0.6600938276705344
70111,0.5936432610056211
70112,0.11460092623482067
70113,0.42084317943998095
70114,0.16642098144067272
70115,0.6452332698623755
70116,0.5408331010509811
70117,0.4656111086636178
70118,0.5712204757859116
70119,0.6599201133922026
70120,0.28318140023146465
70121,0.5180063813461947
70122,0.02726753002972739
70124,0.2346725459987971
70125,0.48256649922509154
70126,0.2526090577763618
70127,0.39715518757491847
70128,0.5008459467517362
70129,0.07792169778785717
70130,0.512241019678984
70132,0.37335656966965164
70133,0.4566735166931768
70134,0.5644549084477235
70135,0.13253359057283084
70136,0.5633796386333532
70137,0.48937682015755474
70138,0.43740279463321696
70140,0.6473084781517368
70141,0.6692326127646544
70142,0.2879514606039597
70143,0.2511171667339004
70144,0.21241081191806513
70145,0.5874062508190354
70146,0.4663803330619659
70147,0.422387716141096
70148,0.4024747789626419
70149,0.5134988508380991
70150,0.7416869946098407
70151,0.2325138145005846
70152,0.12248381804449979
70153,0.08462305024812913
70154,0.4082181595260105
70155,0.26603562057878166
70156,0.13163862956017966
70157,0.4613669489826556
70158,0.48024414694754625
70159,0.5109328610630058
70160,0.5152787225629317
70162,0.499629491392108
70163,0.5217577519466247
70164,0.6541218485582525
70165,0.7347763678645773
70166,0.6765557872257643
70167,0.43374237718606456
70168,0.27735347043426395
70169,0.5204699296682354
70170,0.04520412065742698
70171,0.08432090914780446
70172,0.48642614183704175
70174,0.4103255566838378
70175,0.07538697025825383
70176,0.3209103547732818
70177,0.5907210544680491
70178,0.49302545455551083
70179,0.7636155225877982
70180,0.40171582614820206
70181,0.6023599422410106
70182,0.4733421307433574
70183,0.390649150759665
70184,0.47743210289248067
70185,0.2892169003817657
70186,0.647104655084843
70187,0.32632660008280456
70188,0.6438741698289263
70189,0.6955270550673148
70190,0.3508406296245308
70192,0.31847569467042225
70193,0.6701431058206087
70194,0.20686279933351578
70195,0.5889163396992612
70196,0.09320725936099768
70197,0.28725291913520695
70198,0.04580268436203153
70199,0.5989155761064032
70200,0.23952049694871924
70201,0.16238620371693385
70202,0.19824538475270598
70203,0.5162697541414292
70204,0.2734845805545896
70205,0.5678578819113169
70206,0.5248413550453347
70207,0.16950296083894548
70208,0.3451594153101143
70210,0.5290680411271707
70211,0.30283285957928174
70213,0.5456854217011018
70214,0.5289919299622953
70215,0.47960648604116624
70216,0.4083858726451936
70217,0.39724273805684723
70218,0.5396542560536473
70219,0.5250654517427564
70220,0.10769076260362825
70221,0.5395292951619336
70222,0.037787537049127344
70224,0.5664295402735374
70225,0.32179398837200146
70226,0.3432176858453876
70227,0.44865913223197434
70228,0.2235667086493554
70229,0.5340531911763526
70230,0.13007762160943231
70231,0.04140722123517459
70232,0.47636152418242184
70233,0.4900595076337758
70234,0.3666637655551791
70235,0.6201728762278421
70236,0.4511291141395957
70237,0.05365517354345327
70238,0.16771589207117865
70239,0.16936749959463637
70240,0.1691576914435955
70242,0.08115147430361533
70243,0.5658720262717938
70244,0.13108225017309044
70245,0.03758952265984999
70247,0.06396741769342744
70248,0.4194604539164902
70249,0.22999716929822014
70250,0.3729117070286907
70251,0.06376320961510737
70252,0.23920413434021684
70253,0.031088427415358902
70254,0.5003394360300529
70255,0.07955574127150566
70256,0.1543601258494127
70257,0.023742442690488186
70258,0.17742751737198206
70259,0.8344049387327206
70260,0.47933704051344367
70261,0.3377205310474275
70262,0.7009328320129944
70263,0.5800076806349977
70264,0.29776228660810916
70265,0.2146927065481393
70267,0.028176059209495487
70268,0.6252394436542471
70269,0.24728150225063117
70271,0.5001139704515605
70272,0.07752232608138164
70273,0.333929777181967
70274,0.035372287067604403
70275,0.23534990025950756
70276,0.3543791736553307
70277,0.30103825939939544
70278,0.5365206756134853
70279,0.08235725093137904
70280,0.6695202629679426
70282,0.31441167692304056
70283,0.1871122848859159
70284,0.25891172107666227
70285,0.17398828785189122
70286,0.29285756302688754
70287,0.14704964800922501
70288,0.4777677286175759
70289,0.15043184967257883
70290,0.24826691661181427
70291,0.23811129252964702
70292,0.025733589528459146
70293,0.047867664921360194
70294,0.4204246669926223
70295,0.4351301026809882
70296,0.2781405891422738
70297,0.09305406176791071
70298,0.04051266849029772
70299,0.0267709189576021
70301,0.34086150392107234
70302,0.2360133556151348
70303,0.6288734939169779
70304,0.5548226689198764
70305,0.6457705590154322
70306,0.38023697165894604
70307,0.4446991238407272
70308,0.5243914137552546
70309,0.22480788367313448
70310,0.2981356938033887
70311,0.1195923095807612
70312,0.4756620488043562
70313,0.3293321384065043
70314,0.5287756352702437
70315,0.14568752574605126
70316,0.39209111172588956
70317,0.5840586214220668
70318,0.45569323983331644
70319,0.5204330914672542
70320,0.08793065580854491
70321,0.2770904771639245
70322,0.5272904193737794
70323,0.1091579945741713
70324,0.21459679636888634
70325,0.26110049419587855
70326,0.24614830053607195
70327,0.19859431313357218
70328,0.5237561685042508
70329,0.0568053799441922
70330,0.5336347254224358
70331,0.21756042271279588
70332,0.670023445006018
70334,0.38222700628402545
70335,0.5415512660373683
70336,0.33596808911252046
70337,0.06277953875032985
70338,0.14348034831313955
70339,0.24394711270361555
70340,0.10458838720329486
70341,0.28517323416044527
70342,0.29289913339337315
70343,0.33777784140061007
70344,0.35917453841081654
70347,0.28892045585029735
70348,0.3416019258663499
70349,0.6808072790593259
70350,0.0960025208636146
70351,0.6760182277898934
70352,0.5459365196197462
70353,0.3267149366012987
70355,0.39372806323013787
70356,0.6517484598137686
70357,0.4751318589032246
70358,0.5505865954336093
70359,0.3705766953496755
70360,0.2797984747012975
70361,0.46523610999598103
70362,0.14039285530986642
70363,0.4712295285664001
70364,0.6351475021891879
70366,0.3722688510016216
70367,0.4965746051858082
70368,0.20915312987432133
70369,0.041031965476402914
70371,0.5282205101038697
70372,0.04407978879860556
70373,0.06502786052812275
70374,0.4253202244905814
70376,0.28260797787541597
70378,0.4341980415563216
70380,0.49180162989773757
70381,0.4794525421640012
70383,0.47604357840675066
70384,0.42976822019924016
70385,0.6132898046028608
70386,0.5636730268564779
70387,0.25665854461246307
70388,0.28496161907090095
70389,0.37884153227157696
70390,0.5586399259330223
70392,0.10018678305692437
70393,0.5332923686490331
70394,0.264073335265826
70395,0.6943275555825337
70396,0.7029985526495414
70397,0.45735740445693407
70398,0.38501346332854974
70399,0.11399570996388733
70400,0.3024870225063229
70401,0.48025919140559387
70402,0.3646392141608908
70403,0.45813238515755433
70404,0.2306123800401542
70405,0.4910349846745067
70406,0.16308489167211002
70407,0.6389861653870705
70408,0.15884775016315686
70409,0.03824143762086405
70410,0.5297918238585592
70411,0.2510072521747446
70412,0.24917547710785018
70413,0.42558960513961375
70414,0.49672297263296594
70415,0.05003186342785259
70416,0.6250557113709162
70417,0.4569544479980665
70418,0.025641827404039443
70419,0.17113979244472194
70420,0.4011567863613312
70421,0.09421119234208943
70422,0.38096563273054546
70423,0.05319791426246115
70425,0.49878219691495895
70426,0.48195376443583754
70427,0.5063681068508546
70428,0.5102193464746063
70429,0.6880299398379024
70430,0.1391590815152024
70431,0.294758358693567
70432,0.5180783790306801
70433,0.24505806380682932
70435,0.17481865381396958
70436,0.16758939707087095
70437,0.45171960641998016
70438,0.02631576665638397
70439,0.3087586335294554
70440,0.0830173346275254
70441,0.14245353817994771
70442,0.04188029166244856
70443,0.1865799483300588
70444,0.2201299946363059
70445,0.44085694568153905
70446,0.35090042625458323
70447,0.11372128212838133
70448,0.0611180980245861
70449,0.632084461110094
70450,0.081040502717297
70451,0.16547513444211764
70452,0.3846250820742958
70453,0.5316424703361127
70454,0.20050066548853482
70455,0.6510363063862662
70456,0.35194035837886284
70457,0.5259336564524707
70459,0.33176770174477005
70460,0.24007274270853934
70461,0.39790184641894316
70462,0.3627826178757621
70463,0.08253905539002199
70464,0.35187681693453077
70466,0.21853518899272878
70467,0.057454367163310614
70468,0.22518731910178733
70469,0.43061731892453137
70470,0.283770882045756
70471,0.19664744079940377
70472,0.031487013107353
70473,0.2973439173669596
70474,0.4685710208599071
70476,0.06686353430681372
70477,0.36107867852424075
70478,0.4395554776794885
70479,0.1650488109746574
70480,0.2931060858343885
70481,0.18926297637080364
70482,0.1918748010126945
70483,0.4559816467072165
70484,0.51757971715483
70485,0.1660112324618842
70486,0.11802741949967306
70487,0.2625820233672733
70488,0.05296345662835879
70489,0.08591267067200836
70490,0.6282948083932918
70491,0.08160505795716683
70492,0.04201417173737371
70493,0.5236497233199414
70494,0.28271021297502996
70496,0.08098940621473276
70498,0.276618267878858
70499,0.03852569744683698
70500,0.528740730306369
70501,0.541703817422876
70502,0.03451535868557277
70503,0.37491260432469276
70504,0.40041313418014834
70505,0.3039666957792118
70506,0.49629153218463123
70507,0.36457361782651676
70509,0.2980435570741244
70510,0.26554681973230204
70511,0.23299906691157882
70512,0.12737830540377545
70513,0.3573390875335057
70514,0.06889847979000735
70515,0.6045517082897294
70516,0.4858139126034001
70517,0.283084289365128
70518,0.5652501009950784
70519,0.5130280203594806
70520,0.03430846329328179
70521,0.08433498288171924
70522,0.566447632821415
70523,0.3044010342918781
70524,0.5093692644742536
70525,0.047039554931894434
70526,0.12317422167702292
70527,0.03356462827808739
70528,0.11812555350501627
70529,0.40046838069752927
70530,0.38514941164679417
70531,0.38657132305793024
70532,0.34572631472202314
70533,0.1181609522765573
70534,0.539082474841622
70535,0.4561506329866789
70536,0.4394075671480999
70537,0.6167164501613649
70538,0.16501871061264986
70539,0.05040451558949389
70540,0.17378153771340882
70541,0.4366666859815532
70542,0.14924590442091867
70544,0.5566168856077087
70545,0.05114455007783669
70546,0.34464770520931387
70547,0.47233668842106585
70548,0.21126313101145697
70549,0.03255797700305695
70550,0.15170602963654098
70552,0.37810837050489
70553,0.4249990804452562
70554,0.17631247533526692
70555,0.550540001358383
70557,0.17310978137097768
70558,0.5304938918496404
70559,0.7145446912564235
70560,0.5407750125999944
70561,0.34312838427026193
70562,0.4917050731962474
70563,0.33345177817319116
70564,0.2717892204596186
70565,0.6354130058833817
70566,0.49067768001958423
70567,0.3920998220040617
70568,0.0790878049559404
70569,0.563087490431413
70571,0.6254173608967601
70572,0.1011849237854038
70573,0.4925092807689702
70574,0.0614885321231078
70575,0.5328497398277784
70576,0.37937714501999786
70577,0.6458635280873731
70578,0.631776595936017
70579,0.4425715527511131
70580,0.43696765147206656
70581,0.5245001000050414
70582,0.36480002797038963
70583,0.38791106629216776
71000,0.0
71001,0.5826078472559528
71002,0.8385781342549786
71003,0.9188495745763445
71004,0.8364343387054789
71005,0.8783364656152034
71006,0.6080520169290708
71007,0.5595606734471738
71008,0.23930277819749998
71009,0.5485878010647697
71010,0.20737387001206548
71011,0.538662467707001
71012,0.3455894967162393
71013,0.28882782854636563
71014,0.14857904309815936
71015,0.3330398459392633
71016,0.631004670630944
71017,0.3076966315100243
71018,0.4087486963878437
71019,0.8482258713369683
71020,0.5660867591778257
71021,0.6450182683110653
71022,0.2763592812525215
71023,0.819794964486307
71024,0.5398069363635818
71025,0.13124624308680077
71026,0.9269916382185983
71027,0.3132633736951663
71028,0.5819139690022987
71029,0.3132160340302411
71030,0.07093895003716888
71031,0.8479114064783758
71032,0.782263361368399
71033,0.8772909857819389
71034,0.8626638975902318
71035,0.7522610833691228
71036,0.7579665685198452
71037,0.3510994179867725
71038,0.24698278491417522
71039,0.6874113675824126
71040,0.1325835846510821
71041,0.325235460163508
71042,0.09009288919607554
71043,0.9363352240977445
71044,0.4373264386283018
71045,0.47039797578775006
71046,0.5723587748660842
71047,0.15104335185768641
71048,0.7563622043041212
71050,0.8197733580132952
71051,0.9160284121302245
71052,0.8295075599459375
71054,0.8088010537538537
71056,0.05024396208543307
71057,0.5498575008434529
71058,0.44282600998084354
71059,0.07140166855741997
71060,0.6214621257843888
71061,0.4161774826205434
71062,0.4981700455362385
71063,0.2901189741911065
71064,0.3018730581505501
71065,0.0939164270551304
71066,0.8259104526326085
71067,0.4811390885766272
71068,0.154478749668459
71069,0.806471136612556
71070,0.7007660137634845
71071,0.2224542101001357
71072,0.8278948616788625
71073,0.6885281913333079
71074,0.9508073341793082
71075,0.42040039851061545
71076,0.5618419195157328
71077,0.27873719715232487
71078,0.886757107383311
71079,0.8044313392435964
71080,0.6289460078243484
71081,0.9337281223634865
71082,0.8605379579574415
71084,0.9174129307277812
71085,0.7788071119302333
71086,0.5561781365531476
71087,0.6181638734083537
71088,0.5455691378041881
71089,0.8782326955706753
71090,0.7236040550440669
71091,0.09146458409973907
71092,0.3323060249725157
71093,0.17705574471576815
71094,0.6562523594219991
71095,0.17510338884150028
71096,0.47358335794619866
71097,0.4167227622559766
71098,0.4274372677408413
71099,0.8830918337975728
71100,0.8696514089171692
71101,0.2747081722732439
71102,0.9018118314081297
71103,0.23830431165633742
71104,0.5715182549382697
71105,0.2997853274832606
71106,0.23669231863241186
71107,0.8241902923294482
71108,0.8751936154164351
71109,0.92306273237621
71110,0.12540161655364607
71111,0.8216554098779781
71112,0.06505070623839986
71113,0.2039343189446713
71115,0.8469867090917115
71116,0.2094439249492581
71117,0.9176960344670853
71118,0.7806609320995094
71119,0.8599487196908745
71120,0.18346972462922748
71121,0.39050875684713726
71122,0.8254931020159354
71123,0.36129900295805345
71124,0.8666987836486054
71125,0.14687231481691507
71126,0.7680340441778472
71127,0.24829312167804288
71128,0.07359982068444595
71129,0.5264418849145864
71130,0.6132563786062306
71131,0.8718373967873183
71132,0.10412073279387851
71133,0.22853953487753825
71134,0.05822017988154928
71135,0.8481038096242896
71136,0.8295781593027085
71137,0.21045465253963475
71139,0.24443572205166453
71140,0.38710398347433755
71141,0.17151205348398255
71142,0.5621272860294351
71143,0.6650657873365953
71144,0.6780618128923984
71145,0.4587757487439005
71146,0.5954238395175456
71147,0.08476501663154025
71148,0.10734951272726957
71149,0.133715738275226
71150,0.932631680268186
71151,0.49838489771534034
71152,0.4002999672354349
71153,0.047614027268862734
71154,0.875095642739208
71155,0.17364706047556813
71156,0.846021371955892
71157,0.5058765323897654
71158,0.3326162572851595
71159,0.2973345473676492
71160,0.2585811759988491
71161,0.7245288256911296
71162,0.3747320047548666
71163,0.1849441846641127
71164,0.1707325709922187
71165,0.574407314888354
71166,0.8931324246175071
71167,0.8936521102792041
71168,0.20036979377944497
71169,0.8072004726903573
71170,0.83952136793087
71171,0.8491666511201307
71172,0.36721343990667155
71173,0.2508436965703249
71174,0.8745319671830569
71175,0.7564368696895989
71176,0.2055019033329741
71177,0.9148516791563802
71178,0.05306661573924782
71179,0.3235307739887687
71181,0.7762410730881236
71182,0.7540503922244541
71183,0.3044024756258277
71184,0.6445484167295717
71185,0.6177751474112904
71186,0.827865491667712
71187,0.10906815598956815
71188,0.8575575182613842
71189,0.920917464568191
71190,0.25664918072290377
71191,0.17390851291620474
71192,0.2268673827055288
71193,0.5679328794647763
71194,0.9128857972796068
71195,0.8626859680369022
71196,0.5266720375798224
71198,0.5129894555101683
71199,0.3878587944610285
71200,0.4083402462110514
71201,0.5351191798588056
71202,0.797772745107918
71203,0.7823507960820796
71204,0.8873184400164851
71205,0.41427326518596647
71206,0.3875869730787906
71207,0.2222829527914214
71208,0.3088751741743938
71209,0.6447515555897863
71210,0.8778362333674322
71212,0.48568904781944
71213,0.18364479300002026
71214,0.16039972001173172
71215,0.7887431662357384
71216,0.2667667967257458
71217,0.7568584710564501
71218,0.1606611779177741
71219,0.8738442282056655
71220,0.8023188123123244
71221,0.5373182086160301
71222,0.10618213713080156
71223,0.8575333470049474
71224,0.7637808450114145
71225,0.861165229395374
71226,0.8889774124579664
71227,0.26374928953913634
71228,0.9015399737951177
71229,0.8266865912407199
71230,0.1503047067956427
71231,0.15645502542258824
71232,0.878716397216158
71233,0.8871347384530386
71234,0.35962418638539473
71235,0.6466921508969571
71236,0.7638373589216628
71237,0.30401278875942556
71238,0.31605227809355363
71239,0.34955366276847993
71240,0.5988846619334752
71241,0.8238061561146937
71242,0.20871311909212795
71243,0.8342280099977617
71244,0.28650699015173936
71245,0.9140591789294592
71246,0.15063473971339197
71247,0.9056922177288572
71248,0.776894701288584
71249,0.8209024250709878
71250,0.8117191208160967
71251,0.40173810409762045
71252,0.8992636070374608
71253,0.9000138120518036
71254,0.4036195932885998
71255,0.6778694152177221
71256,0.8780537798254261
71257,0.8718245651742654
71258,0.85264875285921
71259,0.08717553427124876
71261,0.31668465657102424
71262,0.24897563185223529
71263,0.06887004440050855
71264,0.23882085187744115
71266,0.6709948149985352
71267,0.7285836191197786
71268,0.8144360221726467
71269,0.9397854859915767
71270,0.11167073005384942
71271,0.5096338897889168
71272,0.5616560249874836
71273,0.5908541391829328
71274,0.7117308546838542
71275,0.5756786042364783
71276,0.6956654048764788
71277,0.24101713742948858
71278,0.21528350419296305
71279,0.11234306212392893
71280,0.7219627376974979
71281,0.6783189568135516
71282,0.19082405045545123
71283,0.8934659854045102
71284,0.7407363340549397
71285,0.3939002830695773
71286,0.1676796053375162
71287,0.23405953724023207
71289,0.10457222052608237
71290,0.42074611671641365
71291,0.3646076448163139
71292,0.7833693715229108
71293,0.4418453403204752
71294,0.8038763532190704
71295,0.11465468343080987
71296,0.8457959919701783
71297,0.2264423696853533
71299,0.8332513817337953
71300,0.6345568942577161
71301,0.5850025348517514
71302,0.8657714292936729
71303,0.3796067637765596
71305,0.7222433576670569
71306,0.07194057917807378
71307,0.7823698524780468
71308,0.9227689375105916
71309,0.1256025003282252
71310,0.049847060374539565
71311,0.313234732480986
71312,0.9095532979870004
71313,0.6617031445024084
71314,0.451575343367743
71315,0.3394189773951496
71316,0.18333335884634477
71317,0.45685527603026943
71318,0.2274198883549914
71319,0.09197591580368618
71320,0.18319280045988548
71321,0.5631173139042742
71322,0.4759606432590777
71323,0.127706022142664
71324,0.8202555798072886
71325,0.6620870154329862
71326,0.23114330554557797
71327,0.17701250434673158
71328,0.865581742001238
71329,0.19828896160350043
71330,0.41748401511610067
71331,0.8812266694179061
71332,0.8294950622324665
71333,0.8912993505630976
71334,0.6386282964383149
71335,0.6551798299714363
71336,0.6496725727121
71337,0.5198669599448357
71338,0.7572512623116276
71339,0.20591875628621742
71340,0.4484422903504735
71341,0.8805823070957064
71342,0.36861853429348856
71343,0.8146957231108872
71344,0.11508050244701416
71345,0.7187025430343509
71346,0.28965373740071554
71347,0.1819190664906959
71348,0.8298117837546102
71349,0.8816287031665467
71350,0.7878929952030546
71351,0.18253215898526978
71352,0.5304306683219072
71353,0.6778425472710268
71354,0.7781019820100302
71355,0.19397402897811403
71356,0.07803455452557416
71357,0.3349787649090352
71358,0.15314567116926572
71359,0.5448037651375884
71360,0.7684985274394923
71361,0.7881635368016154
71362,0.84070910421213
71363,0.25005976124517365
71364,0.2283504213249536
71365,0.23666285358540892
71366,0.4447504759956991
71367,0.38042435277892306
71368,0.49614692985543934
71369,0.9109280263805581
71370,0.6808603347459984
71371,0.7381385337833465
71372,0.7576432076569305
71373,0.2517665049249019
71374,0.86167296812523
71376,0.5806430288732312
71377,0.7015321579970304
71378,0.7851238523821094
71379,0.2444740047615953
71380,0.473596931399647
71381,0.08098665212366064
71382,0.6413556812086634
71383,0.9735156717999994
71384,0.9267172328710142
71385,0.8880463958137016
71386,0.4073059315549266
71387,0.07766071012354894
71388,0.8211469307439878
71389,0.7027003890930318
71390,0.17683881504903545
71391,0.7884660365980882
71392,0.8334980712620569
71393,0.3414673565514887
71394,0.3801405954849478
71395,0.6989324205134102
71396,0.3520906089010658
71397,0.8095927198622135
71398,0.8267174351072833
71399,0.08793357588633825
71400,0.2040655665859424
71401,0.40266581687147257
71402,0.8940727279934085
71403,0.8582660387474605
71404,0.7835118319379445
71405,0.4531673374297499
71406,0.7049402699131483
71407,0.5895231527254754
71408,0.3643071715155812
71409,0.28318377575588655
71410,0.836779424459685
71411,0.3155837952883068
71412,0.0962346021123221
71413,0.1652427427629302
71414,0.7217189402443135
71415,0.17732711592642117
71416,0.7485039517154589
71417,0.7321948670204652
71419,0.0900305007351441
71420,0.6528851519947491
71421,0.678937602466773
71422,0.9058814466058268
71423,0.8671756910917638
71424,0.3058235580922397
71425,0.883011147388823
71426,0.7417273221377768
71427,0.21903311890614213
71428,0.1652966025590427
71430,0.833725388680574
71431,0.4444214303679482
71433,0.5245489317879719
71434,0.09222977529540866
71435,0.24266319432176975
71436,0.1871565658494031
71437,0.24846085767398932
71438,0.3135675774222172
71439,0.9516234928661509
71440,0.7417749721202299
71441,0.6203456801144507
71442,0.7002375267231248
71443,0.8276964535473972
71444,0.8914856749090084
71445,0.8317514225303343
71446,0.16401993331101933
71447,0.8359502814832781
71448,0.8646469826879383
71449,0.17368085080628232
71450,0.36304783148268105
71451,0.23554326936184472
71452,0.0969301228782166
71453,0.2671750350990709
71454,0.3980341909349489
71455,0.3113636321840316
71456,0.7331228991024847
71457,0.8782966731367585
71458,0.26061879619302
71459,0.8519766394634162
71460,0.832467203118477
71461,0.42397726347739295
71462,0.8842635472165938
71463,0.09834519781606542
71464,0.5258694437946274
71465,0.18900894337087715
71466,0.4924886980660017
71468,0.10806603082888404
71469,0.15730440325586767
71470,0.8186686862130537
71471,0.18676311564183426
71472,0.6703402806460347
71473,0.1706005860291873
71474,0.6032066206818465
71475,0.8086687765967971
71477,0.1906240765239917
71478,0.4076029181505178
71479,0.14653277551126595
71480,0.458484855644964
71481,0.8381653466719465
71482,0.21064474646756792
71483,0.16310066369905968
71484,0.0997290673045951
71485,0.8404240557727323
71486,0.033060946241175775
71487,0.8986882461084339
71488,0.13077761111824682
71489,0.7471092278719486
71490,0.6987185252959944
71491,0.6451949968938359
71492,0.1885175044356104
71493,0.36785161901694885
71494,0.9028957039658013
71495,0.21322508131185816
71496,0.7821852769090566
71497,0.8301358555284714
71498,0.5318335780240735
71499,0.054101641776795835
71500,0.6870833362987945
71501,0.8573559772720565
71502,0.8459666998293628
71503,0.9184999770852369
71504,0.785331129464078
71505,0.2938784193394266
71506,0.37262134813518866
71507,0.6082664056179256
71508,0.2704364197007728
71509,0.8184549349645519
71510,0.16231364173244975
71512,0.7731593410515798
71513,0.7846387746852488
71514,0.3316593716880203
71515,0.6086984888116592
71516,0.18557372089624738
71517,0.4028504683658731
71518,0.8402474948683334
71519,0.2050934326993392
71520,0.8922213233009092
71521,0.09192700475958378
71522,0.38327728679322753
71523,0.05378979842361791
71524,0.07486255032826455
71525,0.7648138457998992
71526,0.8342227292509813
71527,0.6437843849209376
71528,0.178322356129441
71529,0.09099604021138982
71530,0.4696985268604675
71531,0.5919175071719623
71532,0.4298416346223886
71533,0.1071304097396952
71534,0.5703021218907213
71535,0.6492446309018679
71537,0.6856939998387013
71538,0.14353515107964732
71539,0.4114305578277877
71540,0.17832164248175153
71541,0.3506733592644765
71542,0.2994759048785604
71543,0.4529124208892892
71544,0.41385535384119054
71545,0.8288160913368731
71546,0.0885488793363615
71547,0.1245695513628162
71548,0.9045783659012423
71549,0.6544013493045214
71550,0.7169977729904718
71551,0.3903879565966954
71552,0.4644182788233555
71553,0.19816431652133143
71554,0.75907452834869
71555,0.841834216660006
71556,0.9388770224293971
71557,0.8099924863634154
71558,0.46043963271779487
71559,0.12588456631939746
71561,0.15562333093130165
71562,0.7607951659017876
71563,0.17369228244811064
71564,0.29142471245755097
71565,0.6983290460289747
71566,0.9480078481235339
71567,0.8569412690052017
71568,0.13016074670590755
71570,0.9215987514001414
71571,0.07107690200282421
71572,0.7884853137039912
71573,0.8530025418530708
71574,0.7578103684458559
71576,0.6926524780588134
71577,0.8757113462142453
71578,0.338717550743918
71579,0.5169644312609692
71580,0.4019230499709553
71581,0.8512310396548497
71582,0.05639336365207433
71583,0.9309240202409936
71584,0.7309155714798842
71585,0.8435091665806858
71586,0.5806892279538405
71588,0.7245072151914713
71589,0.13023324164013164
71590,0.8278080633144079
71591,0.8411216558886482
72001,0.7709594176793485
72002,0.892731039661002
72003,0.4249618716070237
72004,0.6889764861399509
72005,0.8597180180976521
72006,0.9662901069509572
72007,0.26836916720078485
72008,0.31966991435231445
72009,0.8930086582402939
72010,0.563382555015404
72011,0.8267290219991916
72012,0.775080946125401
72013,0.08621175060285763
72015,0.8676330937190129
72016,0.33546357893799383
72017,0.8987459424819919
72018,0.1438096710085809
72019,0.7738943791074582
72020,0.17639870391038348
72021,0.4992473860331575
72022,0.8598400810545879
72023,0.7253947617482658
72024,0.5562839399318313
72025,0.7152083622698558
72026,0.6292353161866104
72027,0.24024336493713286
72028,0.1587066166017655
72029,0.4743846775644231
72031,0.2905576370074901
72032,0.34280441420982904
72034,0.936758114803968
72035,0.08505838346715856
72036,0.9424871706136158
72037,0.8697689613517738
72038,0.32024078278796825
72039,0.04219450380567215
72040,0.28264833180962373
72041,0.3067215181035565
72042,0.02988716241045725
72043,0.8894699070627031
72044,0.9210838935781029
72045,0.634042934628175
72046,0.07409455957706346
72047,0.42005506051695846
72048,0.16142159620360239
72049,0.3165562521732228
72050,0.3141213778975252
72051,0.23769911842061534
72052,0.1876905194042525
72053,0.12767598101050998
72054,0.3993281122242837
72056,0.9088398166322631
72057,0.5927358358322762
72058,0.19253206585926283
72059,0.6784813428425648
72060,0.33467092364081247
72061,0.5494621856799804
72062,0.15199703068079914
72064,0.3738128757461477
72065,0.9225592928021464
72066,0.8133346593618375
72067,0.12135337147521193
72068,0.27678205035459513
72070,0.3961504555364286
72071,0.10498121922374477
72072,0.26247468106772975
72073,0.7235531894010334
72074,0.6406681125198694
72075,0.6650377775294868
72076,0.8958958024579731
72077,0.15089766182083836
72078,0.7962144504280693
72079,0.8813242618211082
72080,0.09157459118696588
72083,0.6177590655737623
72084,0.8242815832369916
72085,0.09515854058954269
72086,0.37984984584039067
72087,0.3245631232564089
72088,0.7952555044221996
72089,0.7255034575367996
72090,0.06516113905936098
72091,0.6336244108511986
72093,0.30735947528971697
72094,0.10110765143659797
72095,0.7875315579909696
72096,0.6810760424514223
72097,0.0
72098,0.7212046314135709
72099,0.7257639371679714
72100,0.776232169530887
72101,0.7218737392219851
72102,0.0692219001633303
72103,0.13626518746974484
72104,0.742314980575053
72105,0.32106432562293524
72106,0.3250598612997193
72107,0.7108484689197726
72109,0.02307395042160904
72110,0.831134918179903
72111,0.791887969498196
72112,0.04111729980993742
72113,0.7848561826979371
72114,0.23194522856139035
72115,0.44706847959396306
72118,0.0816095408698785
72119,0.6791574034198303
72120,0.6735442050761813
72121,0.8270891483062401
72122,0.0884964761819485
72123,0.9023008845892732
72124,0.07219405921147456
72125,0.06445568184271357
72126,0.36335143349252774
72127,0.5715877737185853
72128,0.03309750172445272
72129,0.6281440920221057
72130,0.725402183377914
72131,0.5329360104886549
72132,0.04495802064142655
72133,0.4314544889485609
72134,0.17772741788443958
72135,0.6206544388842214
72136,0.7202313164525717
72137,0.6546077353622726
72138,0.5170419425675347
72139,0.7710703765719148
72141,0.8290908895458042
72142,0.8539195243740199
72143,0.07028627089570891
72144,0.2445157992129145
72145,0.041070459032754185
72146,0.27421960323926026
72147,0.7735416664868022
72148,0.15112909592220256
72149,0.45009353951549963
72150,0.7124767318950049
72151,0.3364707504609756
72152,0.5669970986593624
72153,0.12880236541178133
72154,0.5533501752109486
72155,0.16188188446977514
72156,0.24692783902065052
72157,0.7740314675666065
72158,0.25226376271747003
72160,0.16989952839588648
72161,0.1415374566852492
72163,0.8458107354800227
72164,0.9020445256281371
72165,0.3414060673035553
72166,0.9162288053455072
72167,0.7845578704023106
72168,0.2229941591024936
72169,0.5750965149620059
72170,0.865267934098346
72171,0.8956059302656016
72172,0.160420797164398
72173,0.10770468145185562
72174,0.8599066792715634
72175,0.6383385609298938
72176,0.6248968084226895
72177,0.44750331956871775
72178,0.042575874056052405
72179,0.6960674616861756
72180,0.23030966271103204
72181,0.03156425314919835
72182,0.35524658699044587
72183,0.13996089535547265
72184,0.8062401043929482
72185,0.9128484767587731
72186,0.6543778825762001
72187,0.08686086908217241
72188,0.5997572023545841
72189,0.026887310930412592
72190,0.3965911362688838
72191,0.03461308897237588
72192,0.87557319625397
72193,0.3401703330496785
72194,0.035788566579801465
72195,0.3584836081703633
72196,0.709020504794077
72197,0.8344986950661517
72198,0.878978303053072
72199,0.6171504760824198
72200,0.2768718700459188
72201,0.17119112089846364
72202,0.1441781726293834
72204,0.21525652208056215
72205,0.6043971632309755
72208,0.47080770550779144
72209,0.03735458980941448
72210,0.048786536611758455
72211,0.03191712586316383
72212,0.8618365223502297
72213,0.3681536462887597
72214,0.11216508832154169
72215,0.7778685788251742
72216,0.8609311213337946
72217,0.7698112988118624
72218,0.3629425534006541
72219,0.8698721259912697
72220,0.13455959986411492
72221,0.5454731542227101
72222,0.03374674121414696
72223,0.26301843769110095
72224,0.1189826147874898
72225,0.9033967636718361
72226,0.3464295949350687
72227,0.8904357556063109
72228,0.7041516342270859
72229,0.2493065952001818
72230,0.2001541798019929
72231,0.09978352821431268
72232,0.244339133840105
72233,0.0887225182948954
72234,0.022471430614838552
72235,0.6033118699113781
72236,0.3999428642947954
72237,0.9759709478046702
72238,0.4940580874206583
72239,0.6267910623599502
72241,0.41160001785698613
72243,0.030894024272180486
72244,0.07526445286293838
72245,0.2322245879428816
72246,0.19876018257943792
72247,0.6698676889108354
72248,0.07671255056187284
72249,0.7798648440192933
72250,0.17059485524498844
72251,0.6315135095208972
72252,0.20636619642063336
72253,0.3837944533015773
72254,0.8787340516204089
72255,0.14778460794687165
72256,0.049958242594163475
72257,0.677955947739529
72259,0.16816896402068812
72260,0.38078740722793497
72261,0.24071712274275248
72262,0.11527571329024329
72264,0.038159734217611284
72265,0.15605264478385736
72266,0.6523842066548344
72267,0.20533502492804248
72268,0.16171221694659443
72269,0.057185123430515905
72270,0.8298792548682495
72271,0.09895700668388685
72272,0.17425465973351942
72273,0.5722372722814916
72274,0.7003667828276908
72275,0.547878766599001
72276,0.3594039157897784
72277,0.19297651460637716
72278,0.5294451636990567
72279,0.14672205246575948
72280,0.5541537204227149
72281,0.13458030684659283
72282,0.7319514984778889
72283,0.12838918518692619
72286,0.2861493820333873
72287,0.18123059008263767
72289,0.6797658119606925
72290,0.5647901201230228
72291,0.6269318336834518
72292,0.41185747729529687
72293,0.37648959523199554
72294,0.7504674924455463
72295,0.9278291957869417
72296,0.4913743986882323
72297,0.8277358317035307
72298,0.054424616094936845
72299,0.08762459421253356
72300,0.4173902589758117
72302,0.5756232325264554
72303,0.0797686849865507
72305,0.7181933500974852
72306,0.1364246442245218
72307,0.7282013976755896
72308,0.8963537771115302
72309,0.7952036737566743
72310,0.9000556781245644
72311,0.4454669737526898
72312,0.6393509878495018
72313,0.20221567458662845
72314,0.21002843424986778
72315,0.02200466660589764
72316,0.26106708319862953
72317,0.8735417574989006
72319,0.6910229667108039
72320,0.9626969040562031
72321,0.21173857921938724
72322,0.2561097079823484
72323,0.8261571490284344
72324,0.17914696448737635
72325,0.0981483331096987
72326,0.8048339156966211
72327,0.14156948836009223
72328,0.674349689860939
72329,0.5098118237116157
72330,0.8876090246626658
72331,0.3776072831659445
72332,0.022497603540682764
72333,0.25810690950153503
72334,0.022829056601733354
72335,0.5964753052172479
72336,0.29586373817775335
72337,0.7472069921515372
72338,0.7528945785493126
72339,0.7112314385019907
72340,0.6798047027254355
72341,0.17218524093658552
72342,0.3516537347662052
72343,0.16310568658408237
72344,0.38097728306622575
72345,0.1107901384433605
72346,0.09876764258945163
72347,0.5958304668954552
72348,0.6086375573852826
72349,0.8400984701131752
72350,0.3490603408508578
72351,0.5414828982208427
72352,0.24826950769937922
72353,0.3044856027507739
72354,0.8009182424449581
72355,0.8774623477789313
72356,0.2738802139150931
72357,0.9226714980950635
72358,0.05110384577673829
72359,0.4726838683011046
72360,0.7926431006410937
72361,0.04147949581546009
72362,0.9033766775982233
72363,0.10600477149591384
72364,0.12580826855677374
72366,0.5807452779994057
72367,0.5225485203102493
72368,0.18958876770358388
72369,0.11889266598045643
72370,0.7959092294533006
72372,0.8895812554299788
72373,0.1305120657535355
72374,0.880942672797664
72375,0.7991392408348947
72376,0.0345910119651773
72377,0.898358865325992
72378,0.46633097075183705
72379,0.8705869699929362
72380,0.35294188994800524
72381,0.5345337400967775
72382,0.1369515385467794
72383,0.2885612198294452
72385,0.09828349836083679
72386,0.47808933919912805
72400,0.0
72530,0.0
72700,0.0
73001,0.7135911937824887
73003,0.2669926485665675
73004,0.7050354899358496
73005,0.6777743941249059
73006,0.22129848456138837
73007,0.2786099586691854
73008,0.0771824357207445
73010,0.06516238942991269
73011,0.11428051109079577
73012,0.9834860961108983
73013,0.9743329742795303
73014,0.671733659663744
73015,0.5813693523792439
73017,0.7361255442680578
73018,0.7222816801411142
73019,0.3344168438312775
73020,0.5113907160281933
73021,0.39562045252391576
73022,0.6636393295376989
73023,0.9759608063880021
73024,0.8698584073689404
73025,0.6429895541189988
73026,0.9791655640624548
73027,0.7054759469748926
73028,0.4654466907142957
73029,0.7618936173373801
73030,0.7122306378797537
73031,0.7375192150520614
73032,0.2699772141369816
73033,0.6519735451616236
73034,0.4308291748619678
73036,0.5497275520429401
73039,0.6376983779136218
73040,0.1348015443071708
73041,0.5952631946798639
73042,0.5162616255299949
73043,0.14013800627775186
73047,0.9983284275072897
73048,0.6911726296762541
73049,0.6446336448920899
73050,0.5722710800774995
73051,0.32093812093836915
73052,0.4575269417375374
73053,0.519994636575791
73054,0.17647134156585204
73055,0.9098219091153626
73057,0.7182075949762666
73058,0.636613591911058
73059,0.2516152117080702
73061,0.6076027895202409
73063,0.6758132917953393
73064,0.5180469078965635
73065,0.15580252189919735
73067,0.23712673997294859
73068,0.5465446522700876
73069,0.5511240324269365
73070,0.5566398368668595
73071,0.9963374750054959
73072,0.6153519049566882
73073,0.15143568458497364
73074,0.44025715702288104
73075,0.5062553820148805
73076,0.49461458479780196
73077,0.9452366817241005
73078,0.627957055021674
73079,0.5950633898433316
73081,0.3893356070962458
73082,0.7795479994164517
73083,0.3669832142105739
73084,0.8048897198729694
73085,0.12232241159513882
73086,0.581338976240988
73087,0.7428545762742407
73088,0.6615360519276752
73089,0.5510750344482768
73090,0.46256118730371987
73091,0.17279746848683294
73092,0.6355294009689815
73094,0.5401912425312156
73095,0.6619758969644081
73096,0.7042767883240647
73097,0.7556823908693096
73098,0.6370552898790222
73099,0.6020547025245353
73100,0.5087973412495799
73101,0.40811327614134746
73103,0.4898358897437649
73104,0.7072808301394318
73105,0.5164903425106705
73106,0.4816776267994573
73107,0.6973276082281432
73109,0.31875326857753405
73110,0.7061907335758518
73113,0.868116470127966
73114,0.491728971502418
73116,0.4245000490359808
73117,0.9809122614461815
73119,0.9962042408904679
73120,0.49132687787668283
73121,0.44964337926480186
73122,0.6089115217090422
73123,0.5128982443688354
73124,0.6957354554293239
73128,0.1854233944227236
73129,0.3587494800647322
73130,0.7690549770327875
73131,0.7040094855179875
73132,0.28909182275353223
73133,0.7286749571496128
73135,0.8959900597362462
73137,0.8168104108500146
73138,0.6578824513000257
73139,0.4517430155899322
73140,0.39957109109672456
73141,0.5791498507943256
73142,0.9934109925073188
73145,0.7200127414897723
73146,0.3278856753059067
73147,0.6226987205973489
73149,0.29291814569633456
73150,0.9161921902992262
73151,0.4400451519981884
73152,0.6998693846806402
73153,0.37113458120469156
73154,0.2388115287417416
73155,0.5204324857739098
73156,0.6406046626745981
73157,0.8373384473830037
73159,0.6191767952988977
73160,0.7226078163778538
73161,0.6949376504180156
73162,0.47557686855707715
73164,0.37912868147092205
73166,0.6373770515298787
73168,0.6478938424402217
73170,0.7622677718344263
73171,0.6832492819830561
73173,0.979739387326404
73175,0.7401079741694494
73176,0.9952630949453292
73177,0.7218747782594634
73178,0.34935011130286214
73179,0.1866959587897703
73180,0.31532435332407177
73181,0.5948543556485744
73182,0.43580353716711273
73183,0.9045241849328491
73184,0.6923080528427715
73186,0.5568121793331487
73187,0.49889480981943396
73188,0.5534515464232298
73189,0.5352886019594553
73190,0.8460370048490181
73191,0.48482538603216757
73192,0.6594660111838101
73193,0.3064970822511661
73194,0.9987923324040653
73196,0.610328623088719
73197,0.9963116535214648
73200,0.6966983412353664
73201,0.9956703527943558
73202,0.5315388859202187
73204,0.5322360487437161
73205,0.38497470950021173
73206,0.9949819340607133
73207,0.43450071526015915
73208,0.4040385955028737
73210,0.7355500117501463
73211,0.5066631303531387
73212,0.3633390511642656
73213,0.4988588362124547
73214,0.6300534468302078
73215,0.2609097072786355
73216,0.688400187353775
73217,0.5725768570977026
73218,0.18621213636397765
73219,0.687534998863192
73220,0.2913466898791509
73221,0.4360038895850662
73222,0.5166770993084367
73223,0.9914119506872819
73224,0.49637196655410265
73225,0.6709948893478342
73226,0.5731519600742021
73227,0.0568353089448284
73228,0.7058707412025387
73229,0.646971688970815
73230,0.5666016978578339
73231,0.13341138342076386
73232,0.9934235206141818
73233,0.7019178474598247
73234,0.6599774537774267
73235,0.7564474469802187
73236,0.34340020173259533
73237,0.6736444605117765
73240,0.6281591498108176
73241,0.46109306513805803
73242,0.7667215806264354
73243,0.6733247820566339
73245,0.5076081754972817
73246,0.6741330108603475
73247,0.7087781866690033
73248,0.42254565019813767
73249,0.8172441698586351
73250,0.8899182390118165
73252,0.3051609258249949
73253,0.7783488107975357
73254,0.6233622016162734
73255,0.6095640666410918
73256,0.9953658501067671
73257,0.541529154568273
73258,0.9780503720423743
73259,0.46344739252539924
73260,0.0
73261,0.9725121475183542
73262,0.4320113518999616
73263,0.4728068837872981
73265,0.25253831393189646
73267,0.7482296138639014
73268,0.6827306871000648
73269,0.5484849236966759
73270,0.3245597859422752
73271,0.6264075438875972
73272,0.37288447803080876
73273,0.3035340488558994
73274,0.5355087946379364
73275,0.673283712699076
73276,0.6098656363965338
73277,0.7577740297944808
73278,0.14869293509268466
73280,0.5972002824639961
73281,0.7128395867737373
73282,0.6462562156051461
73283,0.5732095356697793
73284,0.7380399601545303
73285,0.7848607989637203
73286,0.277046639090377
73288,0.6807870118155881
73289,0.38900063954577224
73290,0.9506465508707248
73292,0.6389416173669398
73293,0.7268168100871503
73294,0.7845966263716107
73296,0.9957257848774721
73297,0.6521764569831445
73298,0.4985275308477996
73299,0.5986435945560512
73300,0.40482615772440733
73301,0.43632286766261635
73302,0.6598826726523657
73303,0.11812110616351115
73304,0.9837998618939162
73306,0.848675395301354
73307,0.9961154731740336
73308,0.6276559650052098
73309,0.7218463105314451
73310,0.7243217753309446
73311,0.4998194869084517
73312,0.40918350028662603
73313,0.6979729505164194
73314,0.6574253035550833
73315,0.5413985244579664
73316,0.6431714668363775
73317,0.6898736413537849
73318,0.7577988327038938
73320,0.9535409701143504
73322,0.9660879348369015
73323,0.9975397058364485
73324,0.6361714894224932
73326,0.6003315446549017
73327,0.14981954781492876
73328,0.6014682910534367
73329,0.6242032406310084
73330,0.35431212696983533
73570,0.0
73700,0.0
74001,0.4074657252867854
74002,0.4598654318384287
74003,0.683241310299093
74004,0.6526279207032237
74005,0.28544169704644107
74006,0.4783539623358219
74007,0.21425530439756832
74008,0.8217884633555457
74009,0.49105993247587193
74010,0.09447724610326347
74011,0.0
74012,0.5256515191219282
74013,0.5257903201622149
74014,0.29109715505838246
74015,0.4598908280183959
74016,0.35235008924317374
74018,0.25911522435213885
74019,0.6538457610338463
74020,0.519387813687509
74021,0.5399186254655536
74024,0.14993524172862943
74025,0.4925950575013914
74026,0.5137324168356102
74027,0.7348596899852206
74029,0.11903996410711276
74030,0.6243601101293372
74031,0.30686282983764884
74032,0.37777209315574695
74033,0.5134555539024049
74034,0.5962244565989893
74035,0.5682019764630869
74036,0.7376126401113
74037,0.36577235794008955
74038,0.3330086681409386
74040,0.41010440011793214
74041,0.6763851536853481
74042,0.21872419350004813
74043,0.34028178414504684
74044,0.5217728048336885
74045,0.5352456337934257
74046,0.6585962803572082
74048,0.5148183931552106
74049,0.29431409816630716
74050,0.4620938506095906
74051,0.5402631205192546
74052,0.45752065021892735
74053,0.5193924903744078
74054,0.5002157482122429
74055,0.04983786048844052
74056,0.040306061348843666
74057,0.7299999558289199
74058,0.6334831394700715
74059,0.5044467356611756
74060,0.7196656354100482
74061,0.6618416768531608
74062,0.6081385781748561
74063,0.09257466064730366
74064,0.26872494627974036
74065,0.27242972642706853
74066,0.5616896652841233
74067,0.5726399484333896
74068,0.0696986171807412
74069,0.23485316133975545
74070,0.22434259595793762
74071,0.26935098312739997
74072,0.48872080213841124
74073,0.6285639330940309
74074,0.2043466720091291
74075,0.47538718830126375
74076,0.5124243384049645
74077,0.1371216785439846
74078,0.5379465556105623
74079,0.740814607314401
74080,0.23056510763094978
74081,0.07372855396544975
74082,0.3364943252650364
74083,0.22500745592497554
74085,0.6230917043838067
74086,0.5621063838579822
74087,0.2778425121059063
74088,0.44171189410665884
74089,0.4255989343850676
74090,0.3107386247636916
74091,0.27926233445615484
74093,0.0
74094,0.2867550016120007
74095,0.5475811711845311
74096,0.34055288654153903
74097,0.3923492634123281
74098,0.5608005505019938
74099,0.663307130850709
74100,0.24903810973349808
74101,0.25152457242255555
74102,0.6540202064091332
74103,0.41623889086247323
74104,0.42471251185133246
74105,0.2008127568309955
74106,0.5161262487210738
74107,0.26092630806986583
74108,0.7228328427043635
74109,0.0899664962956305
74111,0.7327342330393986
74112,0.3123160043765783
74114,0.24532029863449914
74116,0.26507546150748146
74117,0.6472393021162197
74118,0.6109898521152897
74119,0.7343404900957892
74121,0.4296983344953247
74122,0.3358407681153091
74123,0.08270723693607078
74124,0.39539396913022923
74126,0.4886818155712301
74127,0.6354526083132884
74128,0.2303473519814755
74129,0.7266270049537384
74130,0.04460219206790946
74131,0.19754948180542942
74133,0.5060814490104262
74134,0.17503995791765764
74135,0.38615339654467035
74136,0.18073004441131862
74137,0.3502591472946064
74138,0.5791363169533057
74139,0.3995013047958498
74140,0.3995986760947945
74141,0.5886748201594664
74142,0.5609652021978878
74143,0.23713570846306228
74144,0.2575349606060792
74145,0.6162140366504848
74146,0.726425404118498
74147,0.5982736921008435
74148,0.698039357765397
74150,0.4261498332734455
74151,0.5645630786298756
74152,0.6478987446922719
74153,0.3893993347011222
74154,0.46717238122080185
74155,0.4724858778602303
74156,0.6228807087070741
74157,0.5545136369817345
74158,0.5618536589268522
74159,0.18098443533888395
74160,0.21100534714493746
74161,0.5633653318073152
74162,0.34981583247666115
74163,0.5026334001913303
74164,0.06441551389587935
74165,0.5874953701404435
74166,0.6056736057182389
74167,0.2700447276057996
74168,0.5002925737830888
74169,0.1274470661180689
74170,0.49748768570951
74171,0.40008403763001876
74172,0.7667288438327534
74173,0.09677338594246052
74174,0.32577097964506635
74175,0.7195125489682674
74176,0.6522128111434771
74177,0.5579482494647363
74178,0.5656360995241508
74179,0.5997234266869483
74180,0.2057666539868654
74181,0.0
74182,0.0
74183,0.09855939334964896
74184,0.4973668102538053
74185,0.4797956518439234
74186,0.7339481275662534
74188,0.1934157416099247
74189,0.1890300136257576
74190,0.4352285899464439
74191,0.055338120401789176
74192,0.5192033835360049
74193,0.4434568187265267
74194,0.599770409462686
74195,0.5996898928766462
74196,0.42814161138385326
74197,0.4035355506011555
74198,0.802544757736749
74199,0.4589527398940013
74200,0.7757569418617354
74201,0.4971726414680967
74202,0.7033928531783409
74203,0.8262692996258759
74205,0.23456349711137836
74206,0.5304790668726054
74208,0.059413200933793146
74209,0.2827122686519087
74210,0.5215810356306566
74211,0.21050889000599804
74212,0.228500952879602
74213,0.5181849734357287
74215,0.22233698032292235
74216,0.48151339675235233
74217,0.0
74218,0.3759751337155498
74219,0.6731937051572382
74220,0.20802743391337833
74221,0.39314756602169876
74222,0.6767905863649976
74223,0.35852104870423324
74224,0.10359577952632709
74225,0.29100272448642367
74226,0.4275664467399488
74228,0.6002692103669309
74229,0.3919942112013977
74231,0.6300207219900151
74232,0.6879808208052961
74233,0.45184040418579746
74234,0.6870701720056116
74235,0.06414000845287438
74236,0.0976529712474011
74237,0.6543530713858641
74238,0.12090387229744574
74239,0.33993818208145
74240,0.33555519232028136
74241,0.2672505511854347
74242,0.31609245528608065
74243,0.24561592924341563
74244,0.33577016159517803
74249,0.5029430448882388
74250,0.0930488996547355
74252,0.3282888963433843
74253,0.2916791925764269
74254,0.6400893821206568
74255,0.5394781006992442
74256,0.04614926138240255
74257,0.5571134459042056
74258,0.09829150509402514
74259,0.5623109898617737
74260,0.2286325726841913
74261,0.5071056462084268
74262,0.3641658719397501
74263,0.24583232105286723
74264,0.10085441135448468
74265,0.6951406080932419
74266,0.5273613647835136
74267,0.5506280142906712
74268,0.0
74269,0.1219796989791884
74271,0.5814378331260144
74272,0.3652200989595785
74273,0.6301648447746212
74275,0.4995532274147359
74276,0.09892808123447185
74278,0.07757128576875871
74279,0.4463027425130759
74280,0.37788900015300037
74281,0.10173185651912885
74282,0.14033689487482773
74283,0.5485377934346424
74284,0.3413641817860525
74285,0.11537696251312254
74286,0.612217714672843
74287,0.5895320550482178
74288,0.08271458408012758
74289,0.41442157784665123
74290,0.6725827425829634
74291,0.12535493922752552
74292,0.6336445111321435
74293,0.2724502483027123
74294,0.30360927095061235
74295,0.7083052590650797
74296,0.274026324749085
74297,0.553556325652302
74298,0.33778539468707675
74299,0.6427694317508709
74300,0.0
74301,0.3832112088527884
74302,0.5890252211328137
74303,0.5446449377273749
74304,0.3281110456795778
74305,0.5714341333772032
74306,0.6057375564452365
74307,0.6062044406530988
74308,0.6491945233107518
74309,0.12100825473749534
74310,0.6056321080241027
74311,0.14472555786831434
74312,0.2177196679853501
74313,0.5822389735711132
74314,0.13846647254018762
74315,0.3233283683712753
74800,0.0
75000,0.0
75001,0.0
75012,0.0
75014,0.0
75015,0.0
75018,0.0
75020,0.0
75056,0.5747847126846527
76000,0.0
76001,0.5887301062593566
76002,0.6336396168884025
76004,0.5782833112502038
76005,0.5838295881572475
76006,0.6574062847467668
76007,0.5484774227866469
76008,0.6876570580060176
76009,0.6149232141167457
76010,0.7976832681012405
76011,0.3737719629616693
76012,0.332790498897982
76013,0.21297686600359397
76014,0.4555589102169046
76015,0.01991915920063165
76016,0.40941108501119544
76017,0.5028616646935169
76018,0.6192967310903466
76019,0.6683871483180572
76020,0.645465580612848
76021,0.44030434708976723
76022,0.5767439111768754
76023,0.6446400027831815
76024,0.7698062423689184
76025,0.2791120095668904
76026,0.662521235962051
76028,0.4566688970359775
76029,0.6222892090301341
76030,0.6028154658711709
76032,0.21810204844778658
76033,0.5196763698230803
76034,0.07462923775848533
76035,0.05007127410472934
76036,0.47189343623018504
76038,0.4246898769837801
76039,0.6016640045662354
76040,0.04823484787143244
76041,0.7778277826171236
76042,0.8464274721691135
76043,0.9099337257663674
76045,0.8850068409018678
76046,0.3937920848930842
76047,0.509509619907392
76048,0.6078977709326908
76049,0.14305425637781163
76050,0.3440039775394656
76051,0.20394815730445043
76052,0.8335735475121632
76053,0.8449618632306948
76054,0.5181951065742312
76055,0.942385191429103
76056,0.6561800513423377
76057,0.6745284153134237
76058,0.18465841259459176
76059,0.2744277157805142
76060,0.736792243104489
76062,0.5838123553589799
76063,0.11394368793012043
76064,0.4469796645038602
76065,0.6351332974900952
76066,0.84648801992298
76067,0.12413583110234185
76068,0.3815167258700753
76069,0.5474463710001197
76070,0.5414385556814578
76071,0.5706513002383958
76072,0.68205370911979
76074,0.38605619816004216
76075,0.41065490594524
76076,0.3716851061245043
76077,0.5119255530936594
76079,0.4795361692689762
76082,0.2001308800502996
76083,0.174137182774442
76084,0.20269504837375205
76085,0.4995056474219245
76086,0.7903747136837617
76087,0.5011750084097985
76088,0.6856086662988377
76090,0.25506461431946365
76091,0.6737158641049469
76092,0.4337995978268925
76093,0.4978780104322503
76094,0.27723103831982104
76095,0.34941050546351454
76096,0.10799814034529212
76097,0.329655394361879
76099,0.837851393768071
76100,0.24924876403421378
76101,0.10064780992837281
76103,0.46362538851806717
76104,0.02027541205253296
76105,0.4325416747032486
76106,0.40959438979613216
76107,0.22696588380473087
76108,0.17299862892173787
76109,0.40981764794130054
76110,0.7717412732908678
76111,0.39666265692665525
76112,0.5697397301619715
76113,0.34692712579029367
76114,0.11793927469685596
76115,0.5873982873798279
76116,0.4904988226768079
76117,0.36171403634464255
76118,0.42269403915917897
76119,0.6532683721683474
76120,0.495098841920715
76121,0.3872085219634972
76122,0.47257908716568264
76123,0.453540600768645
76124,0.4842120350961506
76125,0.5215768617834984
76126,0.9818688066587434
76128,0.2889621207809747
76129,0.5622258338050888
76130,0.9285743493047044
76131,0.5868328334785797
76132,0.8136774836242487
76133,0.4161167536194474
76134,0.020477927591379338
76135,0.6605347324499464
76136,0.34484826940914204
76138,0.24810600126726373
76139,0.9170257150883527
76140,0.05688381037074193
76141,0.23961887518713257
76142,0.17047602611009427
76143,0.22769502754333848
76144,0.48698002428942055
76146,0.0959927908382221
76147,0.8181637654765014
76148,0.762754115494258
76149,0.5784622065534907
76150,0.0
76151,0.019495463637297563
76152,0.37609665627863337
76153,0.4839223883442519
76154,0.3424752968324681
76155,0.2128193164572055
76156,0.15874264895359447
76157,0.5209350299462281
76158,0.4201881625128663
76159,0.022221626051168772
76160,0.887257731023105
76161,0.5915830258577789
76162,0.6031584235434359
76163,0.24444201140970762
76164,0.55685381560968
76165,0.7732047337771107
76166,0.5630783426502403
76167,0.3655215560259936
76168,0.6847010079695559
76169,0.4358994032133898
76170,0.6327425653314971
76171,0.22874309195072282
76172,0.32628807500466567
76173,0.5143361418141995
76174,0.863199966216136
76175,0.8041591351353633
76176,0.08637422305523827
76177,0.4310949365326769
76178,0.5996163739069368
76179,0.42014043914996707
76180,0.4881587197577685
76181,0.6663458233547545
76182,0.6414392053802428
76183,0.4585765341582494
76184,0.6350752021974215
76185,0.781966283520144
76186,0.2938020475779775
76187,0.5930152952892418
76188,0.4088890582858205
76189,0.020853284762478826
76190,0.20870351377734045
76192,0.049229573143163216
76193,0.5249537485705258
76194,0.8187507784926227
76195,0.18570010143331378
76196,0.37095856228484914
76197,0.3879911131052402
76198,0.7830758896522948
76199,0.07319395766083381
76200,0.3872768101726664
76201,0.3076362826360654
76202,0.7232342696433648
76203,0.9201953866072565
76204,0.4170875255610911
76205,0.6207428680090841
76206,0.5461921450351811
76207,0.21423640723664897
76208,0.45523529029054655
76209,0.2928230686086636
76210,0.5967578317212776
76211,0.3041450247958148
76212,0.440716426604862
76213,0.40300013303276944
76214,0.5643563238427522
76216,0.45363436338318686
76217,0.46233967489242206
76218,0.3753569231769445
76219,0.2357488289834652
76220,0.5939736309176992
76221,0.02114067991729446
76222,0.5288790596801916
76223,0.9541050324206296
76224,0.3823401239472522
76225,0.7621490803931515
76226,0.392520022142871
76227,0.7952640800906032
76228,0.9262900926698667
76229,0.32794978426761157
76230,0.40344743304745395
76231,0.4641973725042898
76232,0.3786841626083079
76233,0.3408235444408686
76234,0.7506108321701911
76235,0.24847344686529702
76236,0.703840895045426
76237,0.8720729058097186
76238,0.404402132440632
76239,0.5377569642306175
76240,0.6919606904941795
76241,0.019550585499776625
76242,0.6014638158047733
76243,0.2058795738551825
76244,0.8990632395158509
76245,0.5400034878659723
76247,0.5851864551514471
76249,0.566875333441705
76250,0.4952739062328585
76251,0.5431754856536453
76252,0.20011607842961912
76253,0.6829351241760393
76254,0.5096845642557115
76255,0.05115429452832559
76257,0.5678724782839351
76258,0.33270697914509517
76259,0.29752479043244856
76260,0.5148476667984864
76261,0.5780302239050134
76262,0.9021043960423426
76263,0.07498629014421061
76264,0.9285194916848645
76265,0.7134803144651365
76266,0.13571205502101846
76268,0.5293452444463674
76269,0.935078339423793
76270,0.5184712735497976
76271,0.38838057252067354
76272,0.052061013049447734
76273,0.4895457794139638
76274,0.8398482726198548
76275,0.4659999941390729
76276,0.1025777455447596
76278,0.22209807184852035
76279,0.6199902816182685
76280,0.730439796834991
76281,0.21590587245211837
76282,0.7120282968041406
76283,0.8580240538845408
76284,0.7177218882792359
76285,0.417516264018
76286,0.26848600753029367
76287,0.7269194008259274
76288,0.6897956949428918
76289,0.8585460469456652
76290,0.6282298778999207
76291,0.6922030046474943
76292,0.14635574341760177
76293,0.4564531073415341
76294,0.2589693614630834
76295,0.11462363740681068
76296,0.5907805636931737
76297,0.31546062995510243
76298,0.7679047916194268
76299,0.19244227784392728
76300,0.533852606687862
76302,0.2216622609410023
76303,0.4958297427646559
76304,0.2658045471467691
76305,0.4501239945965453
76306,0.5109710640440944
76307,0.4770115091944068
76308,0.4405413398397248
76309,0.503227305897044
76311,0.714464641538313
76312,0.5044382903762975
76313,0.6039386041816933
76314,0.5339946382001773
76315,0.33820552801378984
76316,0.37164310663546407
76317,0.283330130723651
76318,0.41449813418383513
76319,0.354826424464187
76320,0.20412236140395562
76321,0.5645886645808756
76322,0.5521582531559953
76323,0.7693437578342929
76324,0.810724249821672
76325,0.8741783043993022
76327,0.26995504220886496
76328,0.42488312776308873
76329,0.14520774405386103
76330,0.17214471465841563
76331,0.4313427789094461
76332,0.10750265759536001
76333,0.22104533480350297
76334,0.4271558321761987
76335,0.8400768238751741
76336,0.018717483238241333
76338,0.18017211494052732
76339,0.4337876597511804
76340,0.5373807369950518
76341,0.7894621236339935
76342,0.553608654197988
76343,0.4820061454173964
76344,0.2320470555380092
76345,0.16657169537523653
76346,0.39020332412307424
76347,0.7999931137588181
76348,0.7042646399152979
76349,0.7516400663483735
76350,0.6611485521861804
76351,0.06264899298048103
76352,0.055173120820733855
76353,0.4430375609248553
76354,0.6305694251501688
76355,0.5629481859954727
76356,0.542850610964706
76357,0.5279511823369228
76358,0.25670038316148475
76359,0.27112844063733094
76360,0.30147903326442044
76361,0.5029089183430091
76362,0.8653627918139655
76363,0.2882657674708486
76364,0.1393880865561629
76365,0.020859832180409384
76366,0.5897974868558443
76367,0.39827942519279974
76368,0.39833439377146235
76369,0.6393149116328778
76370,0.7761278640988952
76371,0.31027271858460825
76372,0.3542687434255839
76373,0.5828058861018139
76374,0.16257244561792702
76375,0.021647532297236694
76377,0.33287893073784464
76378,0.4488902616426727
76379,0.4045988223259363
76380,0.43674487353259694
76381,0.6241440359183439
76382,0.4436120298142631
76383,0.11842822128201831
76384,0.06014108580660176
76385,0.7667765081497206
76386,0.24868203029441677
76387,0.5805491888575167
76388,0.5225187455858135
76389,0.56490883052654
76390,0.3142130155929865
76391,0.444981476703057
76392,0.33313063347025823
76393,0.4061597468183013
76394,0.2398162804024271
76395,0.6333958686145238
76396,0.2792162400883348
76397,0.4542889408943368
76398,0.8682490576978122
76399,0.9133437119464465
76400,0.12247792029311524
76401,0.5653345390271548
76402,0.45865352741617277
76403,0.06609114373801667
76404,0.531503058149545
76405,0.6582091362299792
76406,0.5725213425130999
76407,0.01956119722996677
76408,0.30895989202845286
76409,0.4427521855520804
76410,0.4696640047884402
76411,0.3525006418583975
76412,0.4020611200861608
76413,0.7054570458912001
76414,0.6476732641445914
76415,0.9241251462785246
76416,0.6275832288400559
76417,0.9763914236928416
76418,0.7916982494475744
76419,0.6548194583315252
76420,0.5088945635353369
76421,0.3267450278160766
76422,0.1706715353060908
76423,0.2478419824899768
76424,0.91116860910527
76425,0.5412342900377092
76426,0.13241339445766934
76427,0.7494794261214709
76428,0.019892914522547493
76429,0.44452467332554896
76430,0.721032461730815
76431,0.10647647691842867
76432,0.8408378583527336
76433,0.8552487582733035
76434,0.42486784061330013
76435,0.11396056059389216
76436,0.6546853236466563
76437,0.5757995499994041
76438,0.2702899705528347
76439,0.27266308449792437
76440,0.5321778705896032
76441,0.2873080685529754
76442,0.18367828839780395
76443,0.4563140309625826
76445,0.5510066364512837
76446,0.5768843876729397
76447,0.27219970173451336
76448,0.47632775695570995
76449,0.24977759159284516
76450,0.3411286340561781
76451,0.19691943560758599
76452,0.38679965249113435
76453,0.4576011102529875
76454,0.8179787159826588
76455,0.05222072608094163
76456,0.8979597636218201
76457,0.5846455450291196
76458,0.7284074551136646
76459,0.8338629323159686
76460,0.5669816193271559
76461,0.8099089496893551
76462,0.6449559098692771
76463,0.3163213080750341
76464,0.4446743432481739
76465,0.9411468888435323
76467,0.018044969444517372
76468,0.1913189387768868
76469,0.05659067177763629
76470,0.6108146283493459
76471,0.4925316321409534
76472,0.7055481375681114
76473,0.7817725225894914
76474,0.4364970411036427
76475,0.5060178314144246
76476,0.053246198854724945
76477,0.554676521911496
76478,0.6166876257726694
76479,0.5228969303293978
76480,0.02069036625155183
76481,0.22938659673531167
76482,0.26153535816816215
76483,0.4720080024969314
76484,0.45957811567161644
76485,0.503287156657171
76486,0.686013465183764
76487,0.7817917585387929
76488,0.13053406557635328
76489,0.5973617475446765
76490,0.4520599327943058
76491,0.7634387313569142
76492,0.6562658788717285
76493,0.030803149343724707
76494,0.37515806155980763
76495,0.510196853758808
76497,0.5766703068792266
76498,0.4539286347754455
76499,0.09588837840985363
76500,0.3368204871125995
76501,0.6167539425125849
76502,0.3709175248947974
76503,0.8479749099786186
76504,0.01971794777965709
76505,0.4760044015864953
76506,0.7695363057635247
76507,0.1933601295453908
76508,0.5524929523052959
76509,0.393444915319531
76510,0.5745734347616832
76511,0.2991914314245188
76512,0.394979454876474
76513,0.6242304257400512
76514,0.6161763328411356
76515,0.44927132931587066
76516,0.9571016957003025
76517,0.3310050907488191
76518,0.5064129934332807
76519,0.35548740672577156
76520,0.4621966657078653
76521,0.2378035024243328
76522,0.2589250578127199
76523,0.46644818069556654
76524,0.5158369792823517
76526,0.7969821146418362
76527,0.4286454379780774
76528,0.410102219479615
76529,0.5836213316875074
76530,0.5433481947498089
76531,0.7376814146148333
76532,0.35135309197340925
76533,0.6098657369898235
76534,0.5488729497808608
76535,0.46981332349455734
76536,0.46025365874397145
76537,0.5060178006774859
76538,0.8062067114256046
76540,0.03145146863085168
76541,0.7702624181313396
76542,0.5673193509353577
76543,0.24640343108408658
76544,0.5551698043596989
76545,0.7774075499924247
76546,0.3825213520666238
76547,0.23758609024092897
76548,0.225301090180282
76549,0.573702783662834
76550,0.5892023186894317
76551,0.5365002168275634
76552,0.4334455740935562
76553,0.6291152534900246
76554,0.23833774348364048
76555,0.43691000440341243
76556,0.3334156852601125
76557,0.5291884662841638
76558,0.6165142603505626
76559,0.6415009267131937
76560,0.5311471881192855
76561,0.6758473354827421
76562,0.5101904496539078
76563,0.5156976762538721
76564,0.5932624188187549
76565,0.7875524751428087
76566,0.5966728843560287
76567,0.8517252798863589
76568,0.9798490296903847
76569,0.02073498196529415
76570,0.5940275206377306
76571,0.22532364246524797
76572,0.5779932918901157
76573,0.23148342156019447
76574,0.12289322912334741
76575,0.34050837618948454
76576,0.27602489723240103
76577,0.5928668085706861
76578,0.842757070302582
76580,0.4560648491138767
76581,0.25245759727182426
76582,0.5789044611188356
76583,0.4106502183317521
76584,0.8730603801143008
76585,0.6311588946154453
76586,0.386926342339297
76587,0.4417379400723212
76588,0.5458116016597856
76589,0.6805874025534188
76590,0.6184017077007978
76591,0.3565540011420741
76592,0.18799367852377616
76593,0.2436502639159401
76594,0.5694756491878853
76595,0.42199888880767294
76596,0.5306800486835631
76597,0.4029226312926952
76598,0.4262395483388759
76599,0.5032606457904546
76600,0.64656773657834
76601,0.038647289992153076
76602,0.6054662564669964
76603,0.2513182061687936
76604,0.38082390707402586
76605,0.6449418938607128
76606,0.28889321340443913
76608,0.7116266908525929
76609,0.45807211800336034
76610,0.9416130540759993
76611,0.8489512735582176
76612,0.3566436669916907
76613,0.1982755232861435
76614,0.5871495151639811
76615,0.5204881036457327
76616,0.5360960672366949
76617,0.38391213432577215
76618,0.039756892016151235
76619,0.17590849821253643
76620,0.9116157724094265
76621,0.6160851992909256
76622,0.17846529144414514
76623,0.206568569924674
76624,0.19928999410127152
76626,0.5425645606545642
76627,0.2195533589701551
76628,0.7421661891848764
76629,0.3322159892164484
76630,0.60073371370326
76631,0.7162109382531135
76632,0.0864386924139106
76634,0.6237776778009745
76635,0.392155587042699
76636,0.6786352845666038
76637,0.20564424279704724
76638,0.1165897404224039
76640,0.7357181097709165
76641,0.3647881325693311
76642,0.23103633978201524
76644,0.1142009011288381
76645,0.5876576197730005
76646,0.02057456213581695
76647,0.22431929112864754
76648,0.7834241814334816
76649,0.8189083744625871
76650,0.4377068709795607
76651,0.02607808212369099
76652,0.6765342940041512
76653,0.43998983343395676
76654,0.7153061736983893
76655,0.01790975303449406
76656,0.7000917407884651
76657,0.4898206653530234
76658,0.5141089460655016
76660,0.5771164057259541
76662,0.5586829410195406
76663,0.11958418072012486
76664,0.24832366070373654
76665,0.6653041358613582
76666,0.10911863268392602
76667,0.6661684723896012
76668,0.832693553417353
76669,0.43528790485829133
76670,0.5719062169952925
76671,0.1906148127931589
76672,0.5189051405627926
76673,0.33595092024243706
76675,0.626661245166587
76676,0.26183035165737545
76677,0.4951788301533838
76678,0.5933973899317615
76679,0.5941479369753885
76680,0.6662293544283271
76681,0.34494536146089344
76682,0.6606437663325686
76683,0.20502427683280658
76684,0.3375918124012932
76685,0.24187803369367275
76686,0.22989676695308636
76688,0.3788790623106117
76689,0.3474969490132383
76690,0.5220513135303777
76691,0.4312304749414741
76692,0.6781354483904806
76693,0.39725093784577425
76694,0.2927896067889773
76695,0.3054222095631326
76697,0.635895759510387
76698,0.6714628889786091
76699,0.5085480227969701
76700,0.3827954254815937
76702,0.9488619390154992
76703,0.46169602877292926
76705,0.25673447568823965
76706,0.6776498387850779
76707,0.5723635269139856
76708,0.516933439443455
76709,0.7095359001386502
76710,0.6087785423348833
76711,0.12520427008278567
76712,0.4648955818990784
76714,0.3930966316668454
76715,0.5313343189857536
76716,0.4033294154130205
76717,0.6513330877619045
76718,0.690771838448323
76719,0.2517038714565293
76720,0.702078562719144
76721,0.8395009283556377
76723,0.6508367777429702
76724,0.8753709507486925
76725,0.2553878287504806
76726,0.5982947953466315
76727,0.4841724377754945
76728,0.5793769240472437
76730,0.5416330563672531
76731,0.26013090574098124
76732,0.1830230397339251
76733,0.890358286834814
76734,0.5055813137244166
76735,0.019872606265835334
76736,0.08288233613160219
76737,0.8184726259255782
76738,0.3351905016232352
76739,0.19139939696671648
76740,0.4340473233946634
76741,0.4384013403962612
76743,0.7729059488679259
76744,0.5874341018681825
76745,0.18917300476341906
76746,0.2706703315521062
76747,0.41263972122641607
76748,0.022405221294202728
76749,0.33214426319965684
76750,0.6178747390891905
76751,0.5248528190971213
76752,0.5682628388506589
76753,0.5840489444212482
76754,0.7368576937692072
76755,0.5963105437271348
76756,0.34447400247273924
76757,0.6365183476451381
76758,0.8643591736927669
76759,0.6579568439646593
76800,0.0
77000,0.0
77001,0.7003113678180791
77002,0.48800638157297976
77003,0.7048595446249898
77004,0.8387526785974947
77005,0.9953146368750206
77006,0.5864768396067793
77007,0.37232944963027187
77008,0.6342377435833221
77009,0.7735794715033788
77010,0.44123886212869684
77011,0.685156797527385
77012,0.5996629364792242
77013,0.6138382621432669
77014,0.4056559397151201
77015,0.693124859944293
77016,0.6415340761309021
77018,0.9973362785099357
77019,0.8312338582709582
77020,0.567768071654887
77021,0.8031525980141402
77022,0.6698197651071749
77023,0.9987112977494115
77024,0.6179067165576069
77025,0.7318041109797947
77026,0.5510532083937643
77027,0.3863581475492462
77029,0.49069724093520756
77030,0.5673303544928405
77031,0.36566997078982083
77032,0.54076108000439
77033,0.7071163710107996
77034,0.73638458086851
77035,0.5361891333614001
77036,0.7514278792230848
77037,0.4298738024002308
77038,0.8653903404767468
77039,0.827471846965495
77040,0.6948234110233955
77041,0.6156887121153051
77042,0.35813555225122273
77043,0.7288811981678273
77044,0.7527662721803325
77045,0.7048133886384015
77046,0.7015955673069518
77047,0.9988555911242956
77048,0.2979282141008756
77049,0.9985358271823314
77050,0.3783145984081884
77051,0.7183811699739202
77052,0.6187802191190662
77053,0.7872856846918418
77054,0.8227372892516078
77055,0.9859937015680759
77056,0.7731371821979808
77057,0.7139986261518487
77058,0.9867995334267814
77059,0.9892285161824907
77060,0.6074102545010391
77061,0.6608963943809665
77062,0.9954545772407685
77063,0.9981998269411639
77065,0.6947182674369012
77066,0.5053011525193919
77067,0.6182608256391491
77068,0.7422551288624398
77069,0.7404154580855308
77070,0.5273824654217092
77071,0.3294418332493055
77072,0.5365666632348896
77073,0.7428674427321477
77075,0.9991901261694659
77076,0.7041214997640756
77077,0.9982894135982971
77078,0.5986283070918476
77079,0.43357109568296265
77080,0.6410620798682156
77081,0.8009081621687986
77082,0.7427461223541945
77083,0.9468289931455649
77084,0.9986936025290223
77085,0.9964346016737822
77086,0.5948677320194151
77087,0.5898327000931123
77088,0.5766973923717023
77089,0.5201103698569473
77090,0.7886497343034656
77091,0.9974964409798909
77093,0.5172592620035442
77094,0.9982994908089207
77095,0.9967670937903699
77096,0.6063421369413766
77097,0.751496526788383
77098,0.6882187473250955
77099,0.472784901397945
77100,0.5475912178641631
77101,0.7938133152460771
77102,0.8260811295645694
77103,0.7793359475714332
77104,0.9967920968343217
77106,0.5140496905198891
77107,0.574289109414554
77108,0.9500163706984449
77109,0.46018720511125755
77110,0.6543551576836366
77111,0.999052269335669
77112,0.7814273663316353
77113,0.449922273299622
77114,0.9835924666954914
77115,0.6198786292272646
77116,0.5145998979596904
77117,0.5424711574001841
77118,0.9879476471615851
77119,0.6808448973800645
77120,0.6358328439613107
77121,0.9866902090003875
77122,0.8492906617204785
77123,0.9899960724041988
77124,0.9960248882654216
77125,0.9991450582656808
77126,0.5422832502086159
77127,0.779553029177616
77128,0.9990415089953467
77129,0.08960793033175031
77130,0.9989991517056958
77131,0.330799406353273
77132,1.0
77133,0.7984847246471394
77134,0.6901840192700587
77135,0.35252263107267834
77136,0.8428646765823499
77137,0.7609260337534504
77138,0.35891064951930346
77139,0.9850566966091467
77140,0.7938800840712238
77141,0.9990496362244257
77142,0.9968460801306389
77143,0.9973291804088043
77144,0.9983262587342813
77145,0.8330110738652231
77146,0.9717726893561881
77147,0.5004893394523171
77148,0.08564471989582767
77150,0.9971979079879632
77151,0.64574595215409
77152,0.6733463248765431
77153,0.4834055445324189
77154,0.9982062348326892
77155,0.9980496487566257
77156,0.7994859514955552
77157,0.5638978244688516
77158,0.7320542418396383
77159,0.4492905055571049
77161,0.5715614109176147
77162,0.4598581917028102
77163,0.5205876414031299
77164,0.709147941353642
77165,0.6355717342386692
77167,0.7800756032277835
77168,0.15914588387507522
77169,0.9538662672834368
77171,0.9990655890102037
77172,0.7042338643327541
77173,0.6434384709813353
77174,0.5781970690805468
77175,0.6817142787991435
77176,0.9979994444366579
77177,0.9956174713703966
77178,0.7426500079738441
77179,0.6232475188745844
77180,0.9844966218433863
77181,0.9895129778902921
77182,0.549691551335883
77183,0.31375079828821373
77184,0.6585789173739087
77185,0.7603757598194242
77186,0.1270839120998453
77187,0.5994618062160615
77188,0.7281635886587509
77190,0.7415471002057822
77191,0.5361082442493422
77192,0.44304916404895245
77193,0.998997695404495
77194,0.7839616315471001
77195,0.8282525382220043
77196,0.9963765598632114
77197,0.7127341036304905
77198,0.7711050643678398
77199,0.9983028744465653
77200,0.8152092228195948
77201,0.5788541452766789
77202,0.5718081096824376
77203,0.9982258045414616
77204,0.6084069454887574
77205,0.9987282884758559
77206,0.9990383515943614
77207,0.6977500278847842
77208,0.6704687713875126
77209,0.9936611606006612
77210,0.5550169200614762
77211,0.6349813891030074
77212,0.8461238972150875
77214,0.990623620056001
77215,0.9894440085732747
77216,0.5451415202577725
77217,0.5970987608321018
77218,0.7453266167626068
77219,0.9975146063684425
77220,0.6955439911483047
77221,0.9955085774473313
77222,0.7145355660588476
77223,0.737191634003972
77224,0.9988489285503551
77225,0.9990187940967586
77226,0.43141917906684385
77227,0.7577742963906016
77228,0.660415963105964
77229,0.9971405287528621
77230,0.8057316495195987
77231,0.6628703307723949
77232,0.9990936541562258
77233,0.9978708671072508
77234,0.9980738757500499
77235,0.7406197850429206
77236,0.7368748144160805
77237,0.9967578436660252
77238,0.4204467145210248
77239,0.43407080313110696
77240,0.49205775376029615
77241,0.9960312832582179
77242,0.7468549975945189
77243,0.994230263833975
77244,0.7656016115313551
77245,0.728542459747943
77246,0.47189084981222035
77247,0.6916919210975856
77248,0.9988596180161803
77249,0.9741803616702643
77250,0.7245776366680764
77251,0.8881526779524948
77252,0.7933077311399674
77253,0.8350720861612352
77254,0.823781798164649
77255,0.7040932855856332
77256,0.7674763637245624
77257,0.5654551377175655
77258,0.9731914756027116
77259,0.7800548671393378
77260,0.7271360026885144
77261,0.39278376980194624
77262,0.40524436772712213
77263,0.7725467884043603
77264,0.5743784635851246
77265,0.481318261738223
77266,0.5642466889989749
77267,0.7048412187516077
77268,0.9990487645534681
77269,0.8467245717731621
77270,0.9988849429729617
77271,0.7592575650571296
77272,0.7504177543536895
77273,0.9967700307842622
77274,0.9990238019468936
77275,0.6270640372013687
77276,0.9971770309165439
77277,0.9973306578317409
77278,0.7344785779988604
77279,0.5524247855486126
77280,0.6910826692177068
77281,0.5346016034239307
77282,0.8100251772199576
77283,0.22059726896662377
77284,0.9904809493830953
77285,0.7601744028706747
77286,0.7953121651020705
77287,0.5302506063365559
77288,0.4838863719571966
77289,0.7566425919345117
77290,0.5838936706662257
77291,0.8933331493531596
77292,0.9950142893038383
77293,0.7113262096560214
77294,0.974400493990046
77295,0.8180138003172126
77296,0.7017508534608093
77297,0.5642958832493166
77298,0.7126879391704871
77300,0.9986795233994409
77301,0.6836957312083696
77302,0.5137802722603693
77303,0.6451262850694556
77304,0.5572667189901738
77305,0.36835935212602505
77306,0.8199443789649719
77307,0.9967414218605284
77308,0.9964874986080334
77309,0.997918172707736
77310,0.8402246696483716
77311,0.6974523688064733
77312,0.3270503514851087
77313,0.7310599015764634
77314,0.2901534189607735
77315,0.9991297672155143
77316,0.08912986502183974
77317,0.25368931789214827
77318,0.998074179219745
77319,0.7843402384906863
77320,0.9966071840893003
77321,0.6393752155108128
77322,0.7133008286128508
77323,0.7921908369224473
77325,0.7015197548746555
77326,0.7628370368038352
77327,0.7520881436088497
77328,0.5185550964953722
77329,0.5807714591473359
77330,0.996756789654457
77331,0.6418990883998359
77332,0.9960756998286807
77333,0.3652377995285528
77335,0.9977293212581001
77336,0.9974678575576995
77337,0.9764558569138809
77338,0.8028791225308676
77339,0.2851598775830327
77340,0.6130908315441301
77341,0.7438853311856607
77342,0.8076877044922052
77343,0.7370052199419541
77344,0.7112353566209753
77345,0.6405912167788137
77347,0.6469268771345505
77348,0.8293054209447848
77349,0.5900522151644282
77350,0.9730802395576154
77352,0.7551024836693322
77353,0.5322493379583526
77354,0.6064433606106899
77355,0.8176445814580505
77356,0.7176640390442822
77357,0.6390783982336095
77358,0.9982019396716504
77359,0.686559593057789
77360,0.6536611661752135
77361,0.9990238274144975
77363,0.98470863476708
77364,0.9969606665333185
77365,0.5408012731296207
77366,0.9979929612892348
77367,0.6996943843656167
77368,0.7445013789641801
77369,0.99781596117926
77370,0.6797200328970363
77371,0.9972936938761439
77372,0.9906566950167969
77373,0.9616644888883282
77374,0.9907638467763108
77376,0.997567743975919
77377,0.9916546222661898
77378,0.7028805599791201
77379,0.19072387631262316
77380,0.5899211982365008
77381,0.4977295774889026
77382,0.9980953649167585
77383,0.6766661309779365
77384,0.865204342619809
77385,0.558717151927979
77386,0.6784955126006742
77387,0.5608321332571813
77388,0.6387713218038072
77389,0.7191546297800028
77390,0.9749749282365644
77391,0.6757914457928206
77392,0.7467151121636761
77393,0.385520356678214
77394,0.7853324406355865
77395,0.7358869159795718
77396,0.7259214675266276
77397,0.5486848163364221
77398,0.5596542071886569
77400,0.5001227744035972
77401,0.5618758390228695
77402,0.5303315899531822
77403,0.5342593848745322
77404,0.6960187522563192
77405,0.40807017609587715
77406,0.45900878863950056
77407,0.5165200873823173
77408,0.9987705100637139
77409,0.5625734650556775
77410,0.8405909789004743
77411,0.4982515470870685
77412,0.7519779118424698
77413,0.9990922891085823
77414,0.63413696658985
77415,0.9986708055451657
77416,0.7092862169295556
77417,0.6263492352169975
77418,0.7542287450370014
77419,0.5419503238501231
77420,0.9952235423145492
77421,0.6895255653106356
77423,0.7152714373667923
77424,0.45156163158443197
77425,0.7196500663959774
77426,0.745631721564005
77427,0.9952020104329892
77428,0.6216321382175782
77429,0.5376304990695572
77430,0.47636439852208434
77431,0.47301939375402685
77432,0.4571266083351188
77433,0.33791320209054326
77434,0.7433341019994282
77435,0.7636965012521996
77436,0.5094706845395046
77437,0.9966599088654872
77438,0.9882105044527024
77439,0.6851347060425528
77440,0.661466323561117
77441,0.6040971480090991
77442,0.3478098802447949
77443,0.999006063202195
77444,0.45163071069102523
77445,0.6482563838353184
77446,0.588464295917377
77447,0.7774914778231504
77448,0.8478023149153254
77449,0.997093173119942
77450,0.9199993388386659
77451,0.6324731077383225
77452,0.844718774919564
77453,0.7260299296447912
77454,0.7130970714490354
77455,0.7143687368060854
77456,0.7434921317727198
77457,0.7501747873817556
77458,0.18010845042293086
77459,0.5333457381227246
77460,0.6648867853901232
77461,0.751244057092116
77462,0.9948659718472352
77463,0.3535740975508391
77464,0.9956340499273839
77465,0.6594001015297103
77466,0.9987700982792572
77467,0.8553877785738292
77468,0.9801565670405102
77469,0.4294832954046278
77470,0.9926740259692296
77471,0.4940184002869512
77472,0.5962971964575489
77473,0.6509197534815693
77474,0.9984629868961844
77475,0.9971276072709894
77476,0.6949739441659037
77477,0.8394167144289871
77478,0.7143451809743211
77479,0.980687432806617
77480,0.6944616680922321
77481,0.8036554488477776
77482,0.5974699338161196
77483,0.9978123590978281
77484,0.9990079198859911
77485,0.5413140238837494
77486,0.671336841604317
77487,0.44207998893384315
77488,0.0
77489,0.659678408466456
77490,0.648508841467087
77492,0.3968924498838582
77493,0.7039823826386629
77494,0.472606311680948
77495,0.49819773059489453
77496,0.6909793547359355
77498,0.9990361949923428
77500,0.6191632663761031
77501,0.6006444928047329
77504,0.45862554587839344
77505,0.9990332473747857
77506,0.6047059764839569
77507,0.7195600665548944
77508,0.9981153934572522
77509,0.767350843936536
77510,0.9967435863184289
77511,0.8385669598005722
77512,0.5394031597564753
77513,0.9980015522478243
77514,0.9764128900583938
77515,0.9972214569138037
77516,0.6952506991132651
77517,0.9897043937451965
77518,0.8460917800496459
77519,0.6557989061299294
77520,0.6353879150737574
77521,0.9987416311089579
77522,0.7902810519780912
77523,0.6267350889892173
77524,0.7007160991984961
77525,0.9965882851209091
77526,0.6351515759630726
77527,0.4366885383083001
77528,0.8489292199989786
77529,0.9984104386120078
77530,0.6126273658675636
77531,0.6880177860764516
77532,0.7974901179394119
77533,0.45224801304970463
77534,0.778468586001401
77700,0.0
78003,0.10731930726398799
78005,0.843715896100726
78006,0.2388184749619095
78007,0.5828198163573708
78009,0.5574974534689119
78010,0.14327303958018955
78013,0.2183467030242595
78015,0.2843721495207855
78020,0.5002781007474276
78029,0.22368015252588955
78030,0.185547017881259
78031,0.6347171234367499
78033,0.2350428556056424
78034,0.1808304269845493
78036,0.16115999353253188
78043,0.9421817195928286
78048,0.18384483937154528
78049,0.20775871109626934
78050,0.2498250368619871
78053,0.6742157376808539
78057,0.989668338123606
78062,0.14921064740283896
78068,0.9965538456865347
78070,0.5533850534436596
78071,0.40016926788636786
78072,0.665666011439552
78073,0.5677710867387715
78076,0.527650276872561
78077,0.16436884770021962
78082,0.9847123628781244
78084,0.33485085179937774
78087,0.2617148037774393
78089,0.98336331615246
78090,0.22400418823731685
78092,0.9549659408265992
78096,0.24544972093669612
78104,0.6214967100207602
78107,0.9791370983710661
78108,0.25025327756397725
78113,0.20420400593466415
78117,0.9507674975313926
78118,0.9069596273806131
78120,0.2569671503709766
78123,0.46605172311733806
78124,0.9610630047611103
78125,0.2929045620409323
78126,0.9535433540054231
78128,0.28879194857416074
78133,0.5798751703080706
78138,0.2843472713256011
78140,0.18635206176953675
78143,0.7711382139535082
78146,0.9536610559777589
78147,0.9961328612086631
78152,0.332407976094769
78158,0.9535985998899374
78160,0.23356204851837745
78162,0.3523919741498657
78163,0.5637032829268938
78164,0.4342838071722923
78165,0.22415176641115556
78168,0.3077564231599349
78171,0.1614293643192379
78172,0.568909289082499
78179,0.0
78180,0.0
78185,0.5761365165760791
78188,0.9940387913330067
78189,0.14357905043427638
78190,0.9530217460316782
78192,0.582163562636833
78193,0.35513641466107587
78194,0.36528999756111274
78196,0.16569416602264242
78200,0.0
78202,0.5971148237534467
78206,0.18792395467157674
78208,0.13211300211293597
78209,0.29295661222390995
78217,0.1530078935460392
78220,0.19382091195160264
78224,0.9443986026835225
78227,0.2082205915492094
78230,0.24540174961648914
78231,0.7066432262769118
78233,0.25159843707923324
78234,0.6955537714804528
78236,0.5267483002488212
78237,0.6208155690852446
78238,0.3024526704495597
78239,0.767565358372373
78242,0.7560586346293383
78245,0.9621782280512464
78246,0.6407474359089099
78255,0.9763632693220315
78261,0.18947647615734098
78262,0.28357900098362165
78263,0.11744776177249563
78264,0.48268455854246933
78265,0.3518881894039225
78267,0.18725727158226843
78269,0.2790167358286855
78276,0.9926389475323671
78278,0.24571171328325947
78281,0.20538183788960898
78283,0.33140785880985374
78285,0.3337185362463473
78289,0.3998701490427522
78290,0.9792103849080327
78291,0.4791620090557273
78296,0.6203589949777858
78297,0.3936536396271758
78299,0.20141567537603705
78300,0.57893259076011
78302,0.2942017696085781
78305,0.18067153123372517
78307,0.14480388080941559
78310,0.11641682483304848
78311,0.9616297165367025
78314,0.2574283669285806
78317,0.21464764177627269
78320,0.9953308135737912
78321,0.17772054423101505
78322,0.9665524454940579
78324,0.9685620348886264
78325,0.2138007541717968
78327,0.19583987854316484
78329,0.4430781478814031
78334,0.32043372847965357
78335,0.46596895188899223
78337,0.9918106787193671
78343,0.9554201345824033
78344,0.9935158085336677
78346,0.9633819696023677
78349,0.5097103744832177
78350,0.9539683607271341
78354,0.5639028970329452
78356,0.5644724660410835
78358,0.9553099395320162
78361,0.3911211081541162
78362,0.3870196119545269
78364,0.1794382690636753
78366,0.19619670878545942
78367,0.9368611480033792
78368,0.1672130946029963
78372,0.9498741449347742
78380,0.13637313329221593
78381,0.2743133630107543
78382,0.37137190497246475
78383,0.1844846749437245
78384,0.21520290411988155
78385,0.9823473074637759
78389,0.22825123625002156
78391,0.9865304597913894
78396,0.9537129646745891
78397,0.25365861347053587
78398,0.3282706044306408
78401,0.19507073789991847
78402,0.1923237924400992
78403,0.20048238620657124
78404,0.46875709279751054
78406,0.24109280369511565
78407,0.15445664117910662
78410,0.9837152608491911
78413,0.976970576614173
78414,0.0
78415,0.18119700932229266
78416,0.5645228269751165
78417,0.6196915534530127
78418,0.9546568562841834
78419,0.0
78420,0.19509798609044368
78423,0.04406514647865398
78431,0.13526233289845893
78437,0.9834301432612399
78439,0.6080173097432052
78440,0.12717413326594998
78442,0.22237204479293413
78443,0.19867316955072326
78444,0.9836381773798408
78451,0.2688811593986498
78455,0.942234973913543
78460,0.21142310616273224
78464,0.5546203527218674
78465,0.29620467169852177
78466,0.10357666857963731
78470,0.3715733826585319
78472,0.4173935089237946
78474,0.4535843831189739
78475,0.4903237023534954
78478,0.4858053896143015
78481,0.9509684370055688
78484,0.9778089594785574
78486,0.15063369302405466
78490,0.11833722800356197
78497,0.36005076517505735
78498,0.03343518903428408
78499,0.5231514930030385
78500,0.0
78501,0.24357514031572414
78502,0.9547818632058658
78505,0.4934215821379992
78506,0.28844834445741524
78513,0.20951847054077846
78516,0.16998337798274044
78517,0.07569706617180247
78518,0.8003104206779866
78520,0.29897133472491416
78522,0.496399351256418
78528,0.9872949540078066
78530,0.6105512197941413
78531,0.9541521891213631
78536,0.4951533998164588
78537,0.2771998255541317
78545,0.7893834783143961
78548,0.4397724708955461
78550,0.18721105639096622
78551,0.9128710507534621
78557,0.21836724732595458
78558,0.9894435635528461
78559,0.9898825687305749
78561,0.24225653760449414
78562,0.38377737129068457
78564,0.3773902885038129
78565,0.5218257915747928
78567,0.9712822080505159
78569,0.5087647442764146
78570,0.0
78571,0.678922518365129
78575,0.19376399994851903
78576,0.26919665000735055
78586,0.9580167233301514
78588,0.1782118374570533
78590,0.343037871971908
78591,0.48229647409126375
78597,0.656272891460869
78601,0.37957416792205245
78605,0.31244749616647416
78606,0.3676147936176033
78607,0.0
78608,0.9752969210252376
78609,0.2261797126907143
78615,0.1808872094270475
78616,0.15008082517406648
78618,0.511177436445866
78620,0.9200532287544907
78621,0.0843300911308212
78623,0.21119885901170776
78624,0.23042098982813403
78638,0.17093999385365893
78640,0.9502721403936466
78642,0.1399439138116065
78643,0.13533777354077695
78644,0.25032649439548377
78646,0.9178673399415295
78647,0.6215972653331161
78650,0.9518430676205301
78653,0.16272191664657162
78655,0.27561288120217803
78668,0.9938892026721015
78672,0.1494901581837214
78674,0.5790402240729964
78677,0.6387073089675446
78681,0.4722906262968228
78683,0.19826823976290653
78686,0.9624649905376006
78688,0.32585005560969876
78767,0.0
78780,0.0
79000,0.0
79001,0.31651120977519537
79002,0.663756042879707
79003,0.6384257528906948
79005,0.19777831741106272
79007,0.45542242099668806
79008,0.5571597823950848
79009,0.793533587924994
79010,0.3339424611879135
79012,0.6603577714105935
79013,0.10655066517809499
79014,0.10962210957772597
79015,0.6269929360255092
79016,0.8165096402556737
79018,0.7068039975118627
79019,0.7265551291870751
79020,0.6401615464339659
79022,0.8204798173664815
79023,0.9361345648593236
79024,0.5982508668795311
79025,0.29148388622957033
79029,0.44012764075267474
79030,0.7720122649830888
79031,0.8367312119540035
79032,0.8160131336433358
79034,0.6992047218209745
79038,0.3667357013177307
79040,0.6634557884013232
79042,0.8598450795379823
79045,0.0
79046,0.5637898336551347
79047,0.6721054767036091
79048,0.31123935436145594
79049,0.029672564145737327
79050,0.18192064300493593
79055,0.6731533249913885
79056,0.8099108519631589
79057,0.8037472758333674
79058,0.7623896274367923
79059,0.5584092125576624
79060,0.8953667940917945
79061,0.551600556159383
79062,0.0409526748640475
79063,0.22190906142193406
79064,0.5468074210053905
79066,0.644645849182958
79069,0.47031326238231647
79070,0.7225511866411136
79071,0.5928947338840409
79074,0.9417300055737332
79076,0.19769843595547326
79077,0.4604641002318834
79078,0.32421120401658315
79079,0.07640209109502444
79080,0.19996214488634478
79081,0.39578830268141296
79083,0.21812876620235672
79084,0.9075098101266118
79085,0.7031593661711287
79086,0.6461060323873177
79087,0.7934101283858876
79088,0.614461921416938
79089,0.7845189111593814
79090,0.3038883519406307
79091,0.2142263602585594
79092,0.6562957137258858
79094,0.4486331793988759
79095,0.7313242287771069
79096,0.26888718528607075
79100,0.6448189870564982
79101,0.7364873018503886
79102,0.5675232814174196
79103,0.19348299537612632
79104,0.6274299729454742
79105,0.8679346089714252
79106,0.15949500493490368
79108,0.6387219642387274
79109,0.6494957887345288
79111,0.5644675213565211
79112,0.6720628553637789
79114,0.5528380140154493
79115,0.7689504181860215
79116,0.5536768473256607
79117,0.9097355469973821
79118,0.7313338267840649
79119,0.7517186226756165
79120,0.4842439611296962
79121,0.809904914741978
79122,0.7476512667655818
79123,0.21204879989096986
79124,0.8792887574400813
79125,0.6481502148690995
79126,0.8431997360600312
79127,0.7736320095145603
79128,0.7384379169552966
79129,0.6429206271070335
79130,0.5614106721289287
79131,0.6875092401725008
79132,0.28788446694230174
79133,0.752066363931034
79134,0.5986562204741723
79135,0.47124430134949813
79136,0.47339073853029634
79137,0.555265014818229
79139,0.7545996606660321
79140,0.9101577893822284
79141,0.8186777685685219
79142,0.6426216193935848
79144,0.8208555617943699
79145,0.8186544688729399
79147,0.3645529835965502
79148,0.3395797750073763
79149,0.6678558940044514
79150,0.8973110937260286
79152,0.919424428058751
79153,0.8254994504861642
79154,0.730408094658126
79156,0.523846101145582
79157,0.6538826515164501
79158,0.6184543702204931
79159,0.5786152171179012
79160,0.7828621135282472
79161,0.6067480452603513
79162,0.5977654122698027
79163,0.8926850567815345
79164,0.8355903040847766
79165,0.5637940160134307
79166,0.7808040728037986
79167,0.8274780709838598
79170,0.292697924422366
79171,0.0
79172,0.419242721885179
79174,0.43350216841420586
79175,0.797660694709296
79176,0.892459409686514
79177,0.8512040584122911
79179,0.05262116703586223
79180,0.9254503068754105
79183,0.3393385054642062
79184,0.7325746937832379
79185,0.3907708810082505
79189,0.46880590581306375
79190,0.5119935569814709
79191,0.049648359663161404
79195,0.04811554842951337
79196,0.534567859693488
79197,0.7130995937020119
79198,0.6480932260899207
79200,0.6639688062299102
79201,0.8231126746603897
79202,0.15823531821157688
79203,0.9187131924892429
79204,0.5659439596171999
79205,0.8992992812354925
79207,0.24529276088827318
79208,0.4310465443887788
79209,0.671174168657869
79210,0.14847991735073165
79212,0.8925563145716443
79213,0.21440799162667537
79215,0.5971648664990243
79216,0.7216853994379415
79217,0.8652591900388613
79218,0.6782035104113212
79220,0.4558547714408182
79223,0.7193765867462697
79225,0.8494317400041863
79226,0.6258456027372448
79229,0.7277120515693334
79230,0.7841442199516312
79231,0.7576127968572194
79235,0.18324450621327776
79236,0.2936984675578187
79238,0.3985152067510696
79239,0.23388979224161086
79241,0.785410935718874
79242,0.2764943510703035
79243,0.8385182528435223
79244,0.79622727063712
79246,0.7446626611396132
79249,0.7164074307482485
79250,0.5916110011578848
79251,0.6178405897386202
79252,0.6990540295980313
79253,0.6967699186995777
79254,0.6104815803548372
79255,0.5565552656819855
79256,0.9845346985570438
79257,0.6447598752911095
79258,0.649376991826826
79259,0.49913140653725124
79260,0.0
79263,0.6203825699854572
79264,0.0
79265,0.8173109090873488
79266,0.0
79267,0.6665981410676476
79268,0.46673977949114154
79269,0.6133011440927317
79270,0.5998293292700869
79271,0.5904206020739329
79273,0.8062699620858381
79274,0.9038854920543812
79276,0.8280788390328191
79277,0.6416421821551443
79278,0.7906158498442225
79279,0.0
79280,0.08048355009178426
79281,0.7515635864531014
79283,0.6641384735629587
79284,0.7881932894729875
79285,0.2609045692942171
79286,0.2581032036595789
79289,0.39637301341599424
79290,0.7089451197410473
79292,0.0
79293,0.7486231486245103
79294,0.8129222393712472
79295,0.7677853071156063
79297,0.746221373282787
79298,0.6735158072585823
79299,0.32507382126881723
79300,0.5626994880140844
79301,0.6477778390419268
79302,0.7649199926632702
79303,0.8798408961687884
79304,0.7108970865323329
79306,0.6734616144905394
79307,0.6836191420088077
79308,0.7846815100325069
79309,0.6112045142712184
79310,0.7235584153539392
79311,0.243382960996144
79312,0.7033748378466569
79313,0.5887911182125071
79316,0.9178734232250157
79319,0.8615452868013145
79320,0.8268901882104934
79322,0.3347627821264232
79326,0.3624572204717142
79329,0.041510493299764646
79331,0.9159006792909039
79332,0.648033369945963
79334,0.6468412590615269
79335,0.6703142104595441
79336,0.9258046631807113
79337,0.6735646140385282
79338,0.8941102049710448
79339,0.3447992795824689
79340,0.859719869644159
79341,0.8500552337403606
79342,0.2704027332325574
79343,0.6944862636238297
79345,0.5601333088851269
79346,0.5318112474705886
79347,0.5104790019581853
79348,0.5133593684634316
79349,0.7089018089642131
79350,0.8665464420964741
79351,0.6891907131578175
79352,0.674692273498818
79354,0.5350009411346882
79355,0.7084432957205365
79357,0.7685406803013918
79378,0.0
79425,0.0
79543,0.0
80000,0.0
80001,0.1734567039966811
80002,0.9517323655384351
80003,0.5476660779127288
80004,0.7068103849741041
80005,0.7288480359567258
80006,0.892090488324245
80008,0.5003123253662792
80009,0.5364908785895564
80010,0.48217929690027683
80011,0.5588537321995256
80013,0.4961440725677392
80014,0.7289806457798965
80015,0.8113477631239429
80016,0.45918125910996754
80017,0.8479796874805438
80018,0.33838399468414593
80019,0.5278548560172088
80020,0.8078516713187613
80021,0.03964437536029114
80022,0.5646102943281653
80023,0.9169298940310866
80024,0.6935229779739076
80025,0.7203530451607277
80026,0.5082392800617536
80027,0.9372832218537227
80028,0.3882562837285935
80029,0.6482786928342155
80030,0.8424821017780987
80031,0.5529080981305852
80032,0.8935797453252944
80033,0.9892135174728154
80034,0.777464405201283
80035,0.7515347920312485
80036,0.7546234194134682
80037,0.4895302026549887
80038,0.5406979758335247
80039,0.24960384617355497
80040,0.48365380804684005
80041,0.3384492046092739
80042,0.29057436906377676
80043,0.308884230514081
80044,0.16788226658891428
80045,0.728725928934153
80046,0.34085715537534866
80047,0.7408875947904504
80048,0.43795767910985905
80049,0.8550127787762317
80050,0.6711739964799781
80051,0.8772915138158783
80052,0.6505914805536704
80053,0.9169731582288053
80054,0.9474543424041356
80055,0.5568498494477946
80056,0.771355597574986
80057,0.2350937308709761
80058,0.6918455751355279
80059,0.8676008309659997
80060,0.4128447346700792
80061,0.3589116876832541
80062,0.33569175418251196
80063,0.19131247708907065
80064,0.6465318978340829
80065,0.5396339082770918
80066,0.7577880304959508
80067,0.850131162793292
80068,0.5749487745753636
80069,0.5418179467204088
80070,0.4698935327008
80071,0.09519182551059086
80073,0.9255959844906768
80074,0.8673595584787122
80076,0.8036457146061562
80077,0.7500616135426427
80078,0.8988942958387949
80079,0.5675091209645523
80080,0.9881856650355683
80081,0.4230695001545024
80082,0.5756910484347993
80083,0.47583857505830846
80084,0.4718395224389283
80085,0.7831523443387497
80086,0.16712698770901527
80087,0.8063000232446443
80088,0.9232203076736833
80089,0.26985893408446493
80090,0.9778980127322953
80092,0.7190618384611032
80093,0.40507069220418146
80094,0.6994221689442544
80095,0.3009582934753226
80096,0.2665186490039246
80097,0.8480524815192343
80098,0.4636394640929822
80099,0.6091301025554536
80100,0.4066448161101715
80101,0.8750273878814606
80102,0.8983675370123648
80103,0.8991820308573455
80104,0.6888385137030885
80105,0.8718876161483645
80106,0.421152834391268
80107,0.7595543973581804
80108,0.3290402454933869
80109,0.5637624251072156
80110,0.8836929093336603
80112,0.7824871538021905
80113,0.44674917749462684
80114,0.6286254229900555
80115,0.8348844754457504
80116,0.8878443577103466
80117,0.6561765790982358
80118,0.28299161722746025
80119,0.5086713014116199
80120,0.3533510509133543
80121,0.627247316738244
80122,0.40338350516658067
80123,0.5823530284089258
80124,0.3623844996522363
80125,0.6803411898596382
80126,0.2617432132232362
80127,0.23908705781872888
80128,0.9220493399230765
80129,0.5872211248723892
80130,0.6452197966863498
80131,0.45592182582163565
80132,0.6143542470324241
80133,0.8818037646690668
80134,0.5971803770718552
80135,0.8800893127761426
80136,0.6804086784830305
80137,0.6431475804980373
80138,0.8594950314701678
80139,0.8637075661560876
80140,0.46489416094117675
80141,0.8499932316406503
80142,0.6781394533341617
80143,0.582666413332026
80144,0.7430660696038565
80145,0.7022735615025133
80146,0.5790201255089658
80147,0.842465546048958
80148,0.2992607554877781
80149,0.9016692234565739
80150,0.7626075727534852
80151,0.8094296091477635
80152,0.9032942916061596
80153,0.376403781606326
80154,0.833094622483145
80155,0.8016253923125987
80156,0.7770061485927097
80157,0.6975789284869512
80158,0.6761500648780823
80159,0.7567892390245519
80160,0.810232186247263
80161,0.896315080962852
80162,0.7197666161539481
80163,0.8271996034806811
80164,0.7429114442086099
80165,0.27186734731767404
80166,0.4591688659658068
80167,0.9161368271477477
80168,0.21509169069124137
80169,0.6906552522145709
80170,0.4309243741840519
80171,0.8711464302490696
80172,0.8758515573407877
80173,0.7799665534890686
80174,0.49813800509334777
80176,0.9469320587882384
80177,0.821049495511619
80179,0.37597968878103305
80180,0.7027451447337191
80181,0.8053661220192064
80182,0.12356285858387328
80183,0.6431760321928257
80184,0.7921014857003654
80185,0.8438828173195099
80186,0.6967902004759369
80187,0.671747511449864
80188,0.7475333558234133
80189,0.9505307845459959
80190,0.6751700915082046
80191,0.9095570261532318
80192,0.8093732394849438
80193,0.812597904374354
80194,0.9243568260343749
80195,0.9056590144841844
80196,0.7081852753931293
80197,0.9190447364904233
80198,0.6519107060409967
80199,0.8720658791963033
80200,0.849629850698039
80201,0.2541133056574564
80202,0.7667707616283915
80203,0.45228718592709694
80204,0.7933506997310656
80205,0.5088104853188389
80206,0.8802313682242565
80207,0.7451151457517222
80208,0.7312138846433857
80210,0.6441576555239095
80211,0.38280867645124483
80212,0.5295548818834342
80213,0.7417944734101181
80214,0.48921454458300134
80215,0.8542536389918084
80216,0.658332067741403
80217,0.3383713365628626
80218,0.551684602272619
80219,0.6146309194453132
80220,0.7737761037445874
80221,0.6136888079091433
80222,0.6955347025271332
80223,0.9463609744367004
80224,0.8795901931060941
80225,0.6953745630024468
80226,0.8753855204971078
80227,0.7551863526382745
80228,0.49917382479449846
80229,0.6827638027722599
80230,0.9021042707030641
80231,0.9003022053759765
80232,0.9627909667376413
80233,0.912661177789954
80234,0.7130629519048003
80235,0.22875566597038313
80236,0.5496903620174695
80237,0.810387151770554
80238,0.7731593551504735
80239,0.925209103663967
80240,0.4335255023357949
80241,0.47747098561309764
80242,0.6972558162251965
80243,0.5649192570706631
80244,0.7355635796966167
80245,0.5690054451436651
80246,0.7628199720905987
80247,0.9596374706450852
80248,0.77255985515518
80249,0.6144526971083684
80250,0.827740796737411
80251,0.7538240828022631
80252,0.9237720795093229
80253,0.16901694731947076
80256,0.5970721852377882
80258,0.8237245359925517
80259,0.4973000188737875
80260,0.6780253565919051
80261,0.7202108196263082
80262,0.9021593877527099
80263,0.952624283272416
80264,0.9166662694218252
80265,0.2535886369241194
80266,0.5684781267847054
80267,0.8481296057517576
80268,0.9289731635566566
80269,0.4387468984655756
80270,0.23399207916888143
80271,0.7128100691735492
80272,0.8968701659897249
80273,0.5388644634646326
80274,0.6800271756697532
80275,0.4016437461701229
80276,0.34414947988969713
80278,0.8201270587967733
80279,0.7213975154288373
80280,0.7745818062701851
80281,0.6982379141687973
80282,0.8815338867586732
80283,0.43979904393341535
80284,0.5519965898402266
80285,0.702384711813473
80287,0.8007394365087326
80288,0.9808520722387081
80290,0.8748534069615602
80291,0.7327426106628703
80292,0.917097711524972
80293,0.8156151736199194
80294,0.9220318278349952
80295,0.7804267754343441
80296,0.4991807519575997
80297,0.47947071000492125
80298,0.5868573955454408
80299,0.80062948235967
80300,0.8407601766846993
80301,0.25306122485467686
80302,0.8858826276738515
80303,0.8176881512186053
80304,0.9814178259531092
80305,0.5967008503726018
80306,0.8945863705361714
80307,0.9316096768002521
80308,0.28334799535630856
80310,0.2091980771268117
80311,0.7116707715893679
80312,0.44702674994339026
80313,0.9521805480845345
80314,0.8167820009130474
80315,0.4693689114548641
80316,0.629173623207624
80317,0.6889909373637878
80318,0.1999131884733797
80319,0.6532326477611259
80320,0.8794736248870424
80321,0.5146807938058012
80322,0.9237479398637986
80324,0.7560521729159612
80325,0.9533218688974926
80326,0.4195749394450072
80327,0.8619291939953696
80328,0.6976473668376583
80329,0.46048327632807845
80330,0.7011850125747
80331,0.8978893834243717
80332,0.8733035995619677
80333,0.5646884727577387
80334,0.7251022591840544
80335,0.9488640982046147
80336,0.43949644101213386
80337,0.7521967554833354
80338,0.6280259426594372
80339,0.9295637822592835
80340,0.19670694261906121
80341,0.6838453212790089
80342,0.8765470217167016
80343,0.5694487680359875
80344,0.8738832997010242
80345,0.7587620790989913
80346,0.6545312333489907
80347,0.9340939699536859
80348,0.6094371394641026
80349,0.807451764328341
80350,0.7396690306198291
80351,0.7714926687228159
80352,0.4675563827164501
80353,0.9619727583873726
80354,0.668950878328343
80355,0.49636754675371964
80356,0.542903299077705
80357,0.4875983717194178
80358,0.6970064370485205
80359,0.9539035996098346
80360,0.30513355606157766
80361,0.7726306784731292
80362,0.5491207428525041
80364,0.2855847701218865
80365,0.6861785895183488
80366,0.8618552622151887
80367,0.9410061112106678
80368,0.14000109170484848
80369,0.25388801980954
80371,0.8677480392678056
80372,0.7710297978397002
80373,0.2423193620609997
80374,0.8803225952367234
80375,0.24840804039842904
80376,0.7129959421748122
80377,0.2533647448749048
80378,0.8660444719186114
80379,0.7586018469688427
80380,0.6457731375209705
80381,0.2792261089462515
80383,0.9863563314423005
80384,0.6028729852395229
80385,0.8943711442860698
80386,0.6731473614855727
80387,0.719444911279784
80388,0.7878410548702384
80390,0.3286675135393043
80391,0.9287343678309798
80392,0.34831350772771763
80393,0.9452480640764237
80395,0.8650611196490607
80396,0.828714527784291
80397,0.8082822549644733
80399,0.6578983290978688
80400,0.8457074549465547
80401,0.8811372511872101
80402,0.38969521297728293
80403,0.7345506125878793
80404,0.4767540010256146
80405,0.7240451373475782
80406,0.5213646901657916
80407,0.8458208606026455
80408,0.4975089808011293
80409,0.9242663551957535
80410,0.6516563622261536
80411,0.8885280350880692
80412,0.7344579091203396
80413,0.9407663556551841
80414,0.7681403666946144
80415,0.3882459646939202
80416,0.5861529762529125
80417,0.8014211578911891
80418,0.8799466219135558
80420,0.8203899447088556
80421,0.9290870966391758
80422,0.8916645542858064
80423,0.6822142486977528
80424,0.6823834453999903
80425,0.4358016009068371
80426,0.7396295323842548
80427,0.25958952219511877
80428,0.899194917016734
80429,0.742390134296481
80430,0.9536500964963337
80431,0.6083074883645574
80432,0.9334172919133126
80433,0.9118898624877769
80434,0.8830754600340359
80435,0.9159371481303236
80436,0.17009116161225205
80437,0.7748265107980363
80438,0.3249448388578281
80439,0.28830331404390075
80440,0.7414584884121024
80442,0.6960093533031878
80443,0.1398770870802937
80444,0.8552024802764683
80445,0.2119261933936758
80446,0.6871137483543689
80449,0.6401405160194634
80450,0.5370540849865957
80451,0.7467002358829627
80452,0.690930012758552
80453,0.9188496508091873
80455,0.5044124811898332
80456,0.20679720225391973
80458,0.7271385201686047
80459,0.7160093780551146
80460,0.5624580451051856
80461,0.8145562099040884
80462,0.9152890551920977
80463,0.8162423702930425
80464,0.35795430112828563
80465,0.8424582584448472
80466,0.5164342278127472
80467,0.9501991086342806
80468,0.7633381441493738
80469,0.8414137098340455
80470,0.4623701315251729
80472,0.8008401844958235
80473,0.9130981436622314
80474,0.8535245551412826
80475,0.5292487102149982
80476,0.8684972644749809
80477,0.7510337566462331
80478,0.9119077705262623
80479,0.19082690506880187
80480,0.5222569939707581
80481,0.916834312366045
80482,0.8645821440358383
80484,0.4518838253954271
80485,0.5934242395028845
80486,0.5512644929985511
80487,0.9352409068530698
80488,0.39843802790939836
80489,0.6463067654199727
80490,0.8023930470327422
80491,0.27434204261611106
80493,0.4173404726213832
80494,0.7983224066911011
80495,0.19018884134348985
80496,0.8359612954855744
80497,0.7653230517694614
80498,0.3720808513810958
80499,0.7986910877780741
80500,0.4496321082291325
80501,0.7473870162843136
80502,0.8399275025661255
80503,0.488842147251073
80504,0.6055127471165195
80505,0.8344193832239805
80507,0.70823920716459
80508,0.9249981123586775
80509,0.9001096616036013
80511,0.6557112616672104
80512,0.8793738603507884
80513,0.8713868102967838
80514,0.3280585500851109
80515,0.2946382421547339
80516,0.8573994981901334
80517,0.9316978161947986
80518,0.7274912660615152
80519,0.8956401285922007
80520,0.9096620971763141
80521,0.873761786245345
80522,0.43412697706480813
80523,0.6620545710467606
80524,0.8473352576779817
80525,0.3180332665191075
80526,0.2648488948692775
80527,0.30751930472083955
80528,0.48891217590084113
80529,0.7384503962745151
80530,0.8026185789400634
80531,0.33142500638944683
80533,0.3459437163095855
80535,0.3844193922728551
80536,0.8289037490647024
80537,0.7075722067559325
80538,0.6431714708427922
80540,0.6397897489584139
80541,0.8323287547883654
80542,0.7769474948202032
80543,0.7722643647872649
80544,0.3379460165572256
80545,0.5334128546740109
80546,0.8723864866351476
80547,0.6456027699650326
80548,0.8636292473175226
80549,0.3263222221925787
80550,0.7508054214168298
80552,0.6887232759074579
80553,0.6922657625817324
80554,0.34233672593608894
80555,0.901499420264377
80556,0.7524920552825616
80557,0.8633125547784819
80558,0.6796995556825466
80559,0.20200920993423316
80560,0.8482037811260792
80561,0.2750981642029131
80562,0.7661769283389348
80563,0.3348872152226015
80565,0.7513449848853024
80566,0.4081343622155537
80568,0.7875941052126831
80569,0.8030235977307005
80570,0.49563391217892055
80571,0.7286232667006639
80572,0.7951154603860897
80573,0.1428928711484795
80574,0.6131120796855315
80575,0.3919875943406738
80576,0.8559305648745954
80577,0.5956544129838828
80578,0.8481765617296262
80579,0.8395074836673552
80580,0.6559311580110807
80582,0.6175849425314381
80583,0.723235319891598
80584,0.5048697859029015
80585,0.5547358066623667
80586,0.5638356501079956
80587,0.8219932300289681
80588,0.8981854479446979
80589,0.8435676112605534
80590,0.8782838687437283
80591,0.7145988022669806
80592,0.37957465395134327
80593,0.8629065934777308
80595,0.6096162181319009
80596,0.5300963025304224
80597,0.415979096691598
80598,0.8583291246073635
80599,0.8468045908907667
80600,0.9373759077365262
80601,0.6960653842736865
80602,0.29931104055413493
80603,0.6997139454792973
80604,0.35855562672943014
80605,0.9084466284643566
80606,0.5455734753439448
80607,0.7052425508015673
80609,0.7854785866751017
80611,0.6415599407818295
80613,0.2773705070122874
80614,0.25676454558129874
80615,0.8768770792226305
80616,0.864166306887925
80617,0.9197191784289349
80618,0.589509390650577
80619,0.3666747272264408
80620,0.2485873864552182
80621,0.8071932350237245
80622,0.6075517641088313
80623,0.8648926365048837
80624,0.6929509363031899
80625,0.3936598176445124
80626,0.6838075712169903
80627,0.6309003845839962
80628,0.4698972434669565
80629,0.9377265440461784
80630,0.06108624619919129
80631,0.6627468802358067
80632,0.5824702511884305
80633,0.8744706293678889
80634,0.7144537919802264
80635,0.7641862691143796
80637,0.9759202023655679
80638,0.8796123752368373
80639,0.7733559947517219
80640,0.8405167102538046
80642,0.49302446094109426
80643,0.6359133329048937
80644,0.7618404306847697
80645,0.49409642109759633
80646,0.9246865176931116
80647,0.9176188769675999
80648,0.5483477979994469
80649,0.2932141316428362
80650,0.7758825090924898
80651,0.4606827628547943
80652,0.6398606883167319
80654,0.7967016645495499
80655,0.48949063002398774
80656,0.3910777150209787
80657,0.40113652222992296
80658,0.928501757236865
80659,0.7334279923403386
80661,0.6853085350754891
80662,0.5490506572616899
80663,0.5061119307630557
80664,0.8291780712358302
80665,0.8301520147423227
80666,0.5946582948479895
80667,0.8675203449085267
80668,0.7649723775359022
80669,0.8694912277938359
80670,0.6020814047237794
80671,0.6413501899765867
80672,0.7972404604573731
80673,0.3859381278350047
80674,0.8710475161682784
80675,0.8428440379062776
80676,0.9307855725530406
80677,0.8182735303122568
80678,0.8848850606669904
80679,0.8450644997891569
80680,0.5570008207668686
80681,0.7618648441232265
80682,0.8929030840179474
80683,0.862516813014587
80684,0.8430531613360887
80685,0.753499177167224
80686,0.6399018429498903
80687,0.8789551171080779
80688,0.524913356876803
80690,0.7100420722234737
80691,0.8835487315854162
80692,0.9625947685567907
80693,0.7236500787870085
80694,0.8563850676584853
80695,0.8425597007995299
80696,0.5860803840318137
80697,0.4244229589358754
80698,0.3081406395194994
80699,0.497145733079993
80700,0.36599578104962427
80701,0.888735003505269
80702,0.6677412448729678
80703,0.27077922329418314
80704,0.75983696853613
80705,0.30739978975634086
80706,0.3390223491482089
80707,0.5520501509688349
80708,0.9665373495938862
80709,0.37572666042008107
80710,0.7680387244412399
80711,0.18453441176506555
80713,0.7579942842161282
80714,0.3080693400428998
80716,0.7675844162728137
80717,0.6119385815815602
80718,0.6162369042590947
80719,0.43541826363833275
80721,0.3232977778222987
80722,0.6797120381013356
80723,0.6815082362658668
80724,0.5624302495600682
80725,0.5932942301691289
80726,0.8660382174028498
80728,0.4351465278418947
80729,0.4526249569557083
80730,0.5788386549567929
80732,0.4211940227190949
80733,0.5074679369107279
80734,0.4751908073553052
80735,0.7004084755914453
80736,0.6925918341647341
80737,0.4733654622563356
80738,0.430817794462134
80740,0.7519271765159627
80741,0.9619228869656807
80742,0.6577770015292461
80743,0.8890021474428199
80744,0.6456668868383705
80746,0.4917694936081045
80747,0.71301286098119
80748,0.9054016972309562
80749,0.15509745434172162
80750,0.9368818083534802
80751,0.6836811613761392
80752,0.676527990663493
80753,0.7111633753049982
80754,0.5997523711607549
80755,0.48518593991344156
80756,0.3476809654919202
80757,0.6495600831613726
80758,0.7451187997064943
80759,0.9325720179104762
80760,0.30169249713506147
80762,0.8740505610422074
80763,0.9199912614300033
80764,0.8182477375231351
80765,0.5806645344531636
80766,0.7772458345626584
80767,0.47652911083403
80769,0.8558519030460647
80770,0.5400631891338945
80771,0.9409886451296761
80773,0.6650064161240382
80774,0.7746533082891325
80775,0.664488704440714
80776,0.7047882994884856
80777,0.3197040643636479
80778,0.6353798053282678
80779,0.9381537277726016
80780,0.44911161516136444
80781,0.8626520629709319
80782,0.6946313388635087
80783,0.7340411053372488
80784,0.7440440886169949
80785,0.7427454165548912
80786,0.7813646302234452
80787,0.8153099526786781
80788,0.7300134553227194
80789,0.943038415091498
80790,0.947912580946658
80791,0.676861948031848
80792,0.5128341782666805
80793,0.45032717792489335
80794,0.8543530279121707
80795,0.5495512954771895
80796,0.5471901873058315
80797,0.8813876038369238
80798,0.5509657725588814
80799,0.4182918943686195
80800,0.5444428551737189
80801,0.9435373333889172
80802,0.7927013667398218
80803,0.9478977596653579
80804,0.6933584940401863
80805,0.5679902136744457
80806,0.8176920425125327
80807,0.7131313839638771
80808,0.7291708265556737
80809,0.6441011429819828
80810,0.44299676163840396
80811,0.8212809730537347
80812,0.9377586407303662
80813,0.5430078341270841
80814,0.8177439721141736
80815,0.7118678971915828
80819,0.6915878926090101
80820,0.7129497047260989
80821,0.23522124267985992
80822,0.8026024775924258
80823,0.8897272678424563
80824,0.7696245100974287
80825,0.7702404447294733
80826,0.39802497411348536
80827,0.42935213432688213
80828,0.7796207739787337
80829,0.8487463678286065
80830,0.8140685061865756
80832,0.7893195196105135
80833,0.8205384055725174
80834,0.26291628168879805
80835,0.6347762083872245
80836,0.8177215735193308
80860,0.0
81000,0.0
81001,0.11220256239030632
81002,0.3679347323773803
81003,0.5230157059515568
81004,0.18740826413188588
81005,0.4384905379875604
81006,0.1918590828595265
81007,0.36192265556885983
81008,0.6395552183145038
81009,0.5317588270832202
81010,0.756930620805267
81011,0.14515023399251484
81012,0.4330153721820482
81013,0.7183018399793988
81014,0.6591024664705574
81015,0.4166745407995388
81016,0.7605235314689994
81017,0.5621322392974114
81018,0.5785535394158472
81019,0.5624714506988254
81020,0.6764163113538331
81021,0.3925220522994493
81022,0.07390505659409446
81023,0.7163032957472385
81024,0.28946156269575435
81025,0.1114981181935944
81026,0.716837035946051
81027,0.5793739496142152
81028,0.6349773236564769
81029,0.7165972023295902
81030,0.4085933562095119
81031,0.4252554014844166
81032,0.29103201749812524
81033,0.5633972764123387
81034,0.6882663115266838
81035,0.5136344762792268
81036,0.6554648431936827
81037,0.4942667200127065
81038,0.2561471358347195
81039,0.3212349303690735
81040,0.443102689627127
81041,0.38711753682212763
81042,0.2913391384073935
81043,0.6066860162160588
81044,0.3994525025022989
81045,0.5684851661882858
81046,0.47318225104141926
81047,0.7264310932369547
81048,0.6146291436361009
81049,0.5752806645130064
81050,0.08539337212718173
81051,0.4094129789489397
81052,0.5060632394582908
81053,0.65643412126607
81054,0.42621640851737846
81055,0.7021165902855415
81056,0.3248058239462958
81058,0.5157369569029076
81059,0.7267723369119559
81060,0.32702516253374275
81061,0.7331265647556098
81062,0.2107497323193631
81063,0.6218174987405629
81064,0.0899998047475595
81065,0.02705795885398689
81066,0.6558700056168434
81067,0.6789176577609641
81068,0.7472011420915289
81069,0.7088304985685758
81070,0.06940269163452494
81071,0.8506798013718436
81072,0.758399356775111
81073,0.7765748976326616
81074,0.555250243249677
81075,0.47607085873729793
81076,0.15510722077034098
81077,0.7017400306487646
81078,0.3358748257635015
81079,0.5984517913590236
81080,0.6178096741660939
81081,0.3641619966030765
81082,0.8489227069765736
81083,0.6530618930974651
81084,0.4699720467856687
81085,0.7951645290890011
81086,0.6826708722324891
81087,0.5797809549208333
81088,0.645312557867339
81089,0.7655532660224517
81090,0.6792854387833503
81092,0.23809079925123675
81093,0.6049025082806943
81094,0.9062374198104775
81095,0.595651324440317
81096,0.6854208174548845
81097,0.5321417487279118
81098,0.5555985423035381
81099,0.03333273684236789
81100,0.2378714339477736
81101,0.6804330607845759
81102,0.23715514514410896
81103,0.7387451968742482
81104,0.08915842657118783
81105,0.0934418532155789
81106,0.0710332050540219
81108,0.3050996396602011
81109,0.4640494505803731
81110,0.6795038461421414
81111,0.3897198338124568
81112,0.5876289177091792
81114,0.714813084728833
81115,0.587686442646984
81116,0.12223859658700406
81117,0.5895023911695922
81118,0.40634205717940275
81119,0.6958687420449351
81120,0.13294356435681057
81121,0.8473374902706806
81122,0.6164824832021832
81123,0.8069302684225604
81124,0.07113631420001537
81125,0.4746750614813583
81126,0.1789859881528405
81127,0.18726006464237735
81128,0.3563728667624392
81129,0.48972438872815577
81130,0.4942486963218288
81131,0.28506766490301966
81132,0.4241589913040197
81133,0.634546661982399
81134,0.6008775179119175
81135,0.6588522598011493
81136,0.405070720133631
81137,0.8390731094291103
81138,0.6335545555527136
81139,0.3891558885619907
81140,0.031752192517157815
81141,0.5836764770865298
81142,0.31580715918305446
81143,0.33790910559694
81144,0.44315458373431516
81145,0.033411964243329664
81146,0.7720112651012925
81147,0.5263740055767384
81148,0.3576156778283875
81149,0.23041620445541813
81150,0.127094267648516
81151,0.2692149032949587
81152,0.697460738570129
81154,0.2558087498286866
81156,0.33808620261465444
81157,0.1914339967005968
81158,0.598109809766772
81159,0.16637657641260975
81160,0.5637008504298915
81161,0.8877866585323476
81162,0.1303321750291523
81163,0.0801500394978658
81164,0.14651230951496963
81165,0.6568316984351779
81166,0.7531699645158199
81167,0.9239529847835599
81168,0.32565345472564494
81169,0.5458027046648539
81170,0.6237221778754845
81171,0.1395808384995951
81172,0.6431487325819367
81173,0.15244795280414594
81174,0.698344965330416
81175,0.28688436226373143
81176,0.3845614736984044
81177,0.32000224130802585
81178,0.13034386931676117
81179,0.14711384536516475
81180,0.6468133219219321
81181,0.45184383230050096
81182,0.3645256691703326
81183,0.49978777777029365
81184,0.5337407311745954
81185,0.22432518568430257
81186,0.9012743255549401
81187,0.45240905509745566
81188,0.7411958037525778
81189,0.15310409242984155
81190,0.6712294190288879
81191,0.4181122516072245
81192,0.47384223901395456
81193,0.8330297776677323
81195,0.6658429377044414
81196,0.5955131162393354
81197,0.7502669903882685
81198,0.614657073357542
81199,0.7940411668204778
81200,0.30382060509390574
81201,0.25285377191891073
81202,0.24448857883562775
81203,0.6679645603323574
81204,0.36424617790746866
81205,0.18646795954132406
81206,0.13697780811697075
81207,0.5493517734180076
81208,0.3270315047190169
81209,0.3530165914332803
81210,0.3796890070196392
81211,0.681658155519041
81212,0.4995474056654933
81213,0.2687783076528133
81214,0.19871758828514988
81215,0.26819536205155736
81216,0.503960255550508
81217,0.19243635274407936
81218,0.260254961814421
81219,0.09323046888800406
81220,0.030359239554649968
81221,0.8149267287091752
81222,0.3348951385894345
81223,0.6868041791858308
81224,0.6241884185247583
81225,0.5200695938256281
81227,0.2529857291859185
81228,0.10248091194021572
81229,0.18883270520927528
81230,0.7201257599720852
81231,0.5766545924913798
81232,0.6778563374443017
81233,0.4708669572722163
81234,0.4030706828021834
81235,0.5807827650700119
81236,0.17222651415122076
81237,0.4830267511080249
81238,0.44937143882456526
81239,0.6276878185929665
81240,0.8124137309243449
81242,0.4751037026398928
81243,0.3880211142410673
81244,0.6867335759245773
81245,0.5816037870143923
81246,0.2763804807131632
81247,0.7607032215725291
81248,0.18028574557941365
81249,0.5706325815895197
81250,0.6827381855196494
81251,0.36452371464304034
81252,0.3998937963739521
81253,0.7223292270099201
81254,0.6736708668841109
81255,0.1215467988846991
81256,0.4544643818735948
81257,0.42318967772040605
81258,0.36488683920985837
81259,0.7408463858149066
81261,0.09219610981164866
81262,0.5659021581696523
81263,0.4568753331471418
81264,0.7487037395478561
81265,0.4893814145267145
81266,0.301816104166981
81267,0.4261763527578727
81268,0.6416186783170186
81269,0.5691396138960598
81270,0.5108598245067786
81271,0.031068443423816462
81272,0.16155439946159836
81273,0.38468433921327494
81274,0.7344131312749915
81275,0.7828442430203741
81276,0.15267560357573245
81277,0.7225481424364234
81278,0.8390609214530659
81279,0.12314287834566653
81280,0.6173888689701675
81281,0.3921337841217515
81282,0.804065196611621
81283,0.4787404493625734
81284,0.7304659206812268
81285,0.7660531374033256
81286,0.39932718004781464
81287,0.7338488470074622
81288,0.2625572088484592
81289,0.19230131524165375
81290,0.6607413997340678
81291,0.7199206640024808
81292,0.3568233886182099
81293,0.09324632257745592
81294,0.27162854100538864
81295,0.6493204720052449
81297,0.6613882199568942
81298,0.6274058358856984
81299,0.2761511915599298
81300,0.36335292898542565
81302,0.6180638411458217
81303,0.7029082716812047
81304,0.8069333376762295
81305,0.1546931761571027
81306,0.7259746507745416
81307,0.5143251446444332
81308,0.6948788975072389
81309,0.14562448931855987
81310,0.14777157677584643
81311,0.4489323523158166
81312,0.4126266896928688
81313,0.2664292069688365
81314,0.5016322732456687
81315,0.3364668308387147
81316,0.48030331567553136
81317,0.6079578630071627
81318,0.06320311650468809
81319,0.6287753793103685
81320,0.4522640714512021
81321,0.8469842253376951
81322,0.7193075270721947
81323,0.27795430532829085
81324,0.10242194565565359
81325,0.45507135017129435
81326,0.7272019803155801
81400,0.0
82001,0.837117051955974
82002,0.5273992062494303
82003,0.8833255238336101
82004,0.910520231492817
82005,0.28157083205548894
82006,0.06282270217719754
82007,0.8351791030454325
82008,0.6594126077939785
82009,0.6531904962123022
82010,0.8325538362920419
82011,0.8144977805118063
82012,0.8979897594512868
82013,0.03701786050894112
82014,0.25389880014758365
82015,0.6938368241181863
82016,0.44944605068983373
82017,0.5329629804132928
82018,0.5274549279262578
82019,0.837403349973892
82020,0.056198109446396194
82021,0.16814229348356
82022,0.2565770850667128
82023,0.7342816598783185
82024,0.7281427863424944
82025,0.7695616803049924
82026,0.24861670988142798
82027,0.6303201743103979
82028,0.5430654875085832
82029,0.9124711060655437
82030,0.9091968013130057
82031,0.908490077716867
82032,0.828676069957701
82033,0.3410726856965526
82034,0.8934916302338208
82035,0.9561102766683145
82036,0.03922960708990937
82037,0.2546201714089605
82038,0.056978943636317045
82039,0.688098736191851
82040,0.45210206104942774
82041,0.3455073724329147
82042,0.38704044062142867
82043,0.0775525490171276
82044,0.7701831702730167
82045,0.8484903147259671
82046,0.9346435375171732
82047,0.08458486282645329
82048,0.4399139610875223
82049,0.5064234031729657
82050,0.3731725704532298
82051,0.6084795213454893
82052,0.8021128284563385
82053,0.04320341360022597
82054,0.8497904982501872
82055,0.3454946660497578
82056,0.18899903042403718
82057,0.6510552338040526
82058,0.9081405495912245
82059,0.04459675694940727
82060,0.33181512644278366
82061,0.40676013711547326
82062,0.7673157519071289
82063,0.8266584825772536
82064,0.03788040813366124
82065,0.7731954699233329
82066,0.6890402018092652
82067,0.9140482689593796
82068,0.04146014096312821
82069,0.7896666488262983
82070,0.36756224708900587
82071,0.06653492057273089
82072,0.5675170272046536
82073,0.7027625581577323
82074,0.21792869152251548
82075,0.33295531302456227
82076,0.6101433549729748
82077,0.5924052545961289
82078,0.608246589586723
82079,0.6078979462430558
82080,0.826987704217817
82081,0.8942286494674554
82082,0.2180674182529107
82083,0.5735582694098437
82084,0.2409550391071291
82085,0.7968000983154473
82086,0.8998307277543861
82087,0.36154891466825445
82088,0.2215433018631426
82089,0.45256292653427005
82090,0.7789156145849391
82091,0.23722994898684827
82092,0.5149725269886636
82093,0.7985076010679272
82094,0.06020382652267212
82095,0.3694549755009206
82096,0.6714887361104843
82097,0.7908863910507593
82098,0.685870684120149
82099,0.8408624720495937
82100,0.6117011946813807
82101,0.7925162602722957
82102,0.45854962230755
82103,0.046377799259974636
82104,0.4247643630718768
82105,0.7608306961270769
82106,0.06293044788769611
82107,0.5155033551105229
82108,0.8029748500535192
82109,0.9389499728164361
82110,0.6897374053812266
82111,0.8053990048801857
82112,0.1595336364117635
82113,0.4567287476266076
82114,0.6601829163670844
82115,0.3478703858283814
82116,0.14398315787930982
82117,0.18195860555040233
82118,0.882574755111015
82119,0.34104261998037666
82120,0.8275695257574355
82121,0.08034392051359533
82122,0.8318863950651447
82123,0.6952369028941547
82124,0.5997455150353042
82125,0.4994492230553828
82126,0.22759564495837886
82127,0.7194630189976668
82128,0.4589108382721634
82129,0.5539016124088822
82130,0.42967068888222554
82131,0.22259299509103078
82132,0.07986609336553893
82133,0.465151020090387
82134,0.23131106175430885
82135,0.5678093248125714
82136,0.6115397865868168
82137,0.5891998390707509
82138,0.5349238475963048
82139,0.96169288678449
82140,0.8184270641102377
82141,0.8408230364166803
82142,0.657382582116006
82143,0.6806304803513858
82144,0.5598186370867686
82145,0.36628558726080174
82146,0.9238802310816435
82147,0.8097527734272345
82148,0.17988934236935994
82149,0.5005921851639311
82150,0.7550121294286826
82151,0.18634570862960181
82152,0.9299049406568825
82153,0.15674548896935775
82154,0.7859977189737897
82155,0.06564147597325423
82156,0.9427925063559104
82157,0.2706136683363906
82158,0.48331611869023794
82159,0.19844157542163096
82160,0.7833878812951024
82161,0.39599833365796766
82162,0.4321049160241112
82163,0.9239976681834084
82164,0.17875072529896874
82165,0.7090670964178764
82166,0.9123286777549842
82167,0.6513549438651479
82168,0.8804784640717082
82169,0.7712169827822107
82170,0.8309003362058267
82171,0.8374286189033381
82172,0.5980673575158855
82173,0.5825296238152473
82174,0.7268260795286239
82175,0.8536552956249157
82176,0.6190323714164853
82177,0.06255487121568098
82178,0.3604612494303207
82179,0.10440390321472327
82180,0.7684808764661532
82181,0.5335103007617183
82182,0.15710747662772992
82183,0.1103436069734764
82184,0.6415179642641532
82185,0.31979523177820546
82186,0.352139800611958
82187,0.42963896058601597
82188,0.6790316509405983
82189,0.3723581438909656
82190,0.16731007728600752
82191,0.20348808948087316
82192,0.7165996934178958
82193,0.6795855296082112
82194,0.6799163943577945
82195,0.8109519415724583
82200,0.0
83000,0.0
83001,0.3658528929679536
83002,0.6024715670876201
83003,0.16163852044208132
83004,0.20825996860518176
83005,0.15997109459044712
83006,0.1705508631114391
83007,0.11418343573488329
83008,0.29253067260882437
83009,0.12993816987849616
83010,0.6670780934460133
83011,0.11865985122327928
83012,0.07282139295479234
83013,0.46735250429218617
83014,0.5209762560387249
83015,0.1745519577431968
83016,0.1872741394599516
83017,0.5502307161865452
83018,0.08281925641482935
83019,0.06134740303468775
83020,0.8558607899001288
83021,0.0842380433231108
83022,0.8753800779179621
83023,0.0318185663313391
83025,0.07779859496715837
83026,0.1907059314087696
83027,0.13868148304112635
83028,0.32160743519541957
83029,0.28347438312365836
83030,0.15152544810382018
83031,0.09758942650308874
83032,0.07645203344336869
83033,0.06761426948548878
83034,0.35890773921288094
83035,0.1423806645160207
83036,0.14581903629248827
83037,0.18521642363592308
83038,0.3170785990470267
83039,0.3028802360275305
83040,0.6847053247318329
83041,0.4546216226653552
83042,0.17731660888513537
83043,0.17206417940419613
83044,0.408364983572772
83045,0.23857956224803106
83046,0.0940106550674971
83047,0.1922116329409269
83048,0.2583524023109191
83049,0.1624359741123242
83050,0.04887933979570324
83051,0.14069589271912375
83052,0.03154035907822547
83053,0.5188650868517224
83054,0.5353575577898105
83055,0.08594258682108576
83056,0.257932387832294
83057,0.09030145111802503
83058,0.07366320842459208
83059,0.07123022513377768
83060,0.05204003640555268
83061,0.03731328309966737
83062,0.3651526588354199
83063,0.3543245716080695
83064,0.039358385351194784
83065,0.4414484364440658
83066,0.031017605316276013
83067,0.09350669171216434
83068,0.1651352593070681
83069,0.030136200864259055
83070,0.05581803465041758
83071,0.08622674188774332
83072,0.04262119040423418
83073,0.056403139780805925
83074,0.24193973295124102
83075,0.40982910198580125
83076,0.07449055564722502
83077,0.44663165602404564
83078,0.12508799233494147
83079,0.41654775250234133
83080,0.15379096363696174
83081,0.13339924911888676
83082,0.21951993527225247
83083,0.19739418974232328
83084,0.13568726723821703
83085,0.2704497074150796
83086,0.1675419553478435
83087,0.045717006020153515
83088,0.15511482211458674
83089,0.14384321638646536
83090,0.25852560232515054
83091,0.14945501854244217
83092,0.08488389072318338
83093,0.07239813026420436
83094,0.40909062285828623
83095,0.1541659949464245
83096,0.13789648234949844
83097,0.03835514717492312
83098,0.4897430376093281
83099,0.1948420042347043
83100,0.16918455363470414
83101,0.3875893339673774
83102,0.03215812515953717
83103,0.5525190923188733
83104,0.033121010538028274
83105,0.15304486618066035
83106,0.07242520928794285
83107,0.08171636702406673
83108,0.0679862131603562
83109,0.2974239769608217
83110,0.0819794846925122
83111,0.10983272462872616
83112,0.09086898577633824
83113,0.041367484646295666
83114,0.06750172980626205
83115,0.0780150926958032
83116,0.024236417120198278
83117,0.33303254262717913
83118,0.031660764468160095
83119,0.2715177111481572
83120,0.05241899201141461
83121,0.04233638922474788
83122,0.7657292966441804
83123,0.10910941135675561
83124,0.07233539061979051
83125,0.048259974929982144
83126,0.10012790865785638
83127,0.17540465935581062
83128,0.07278514061564952
83129,0.06633459220224196
83130,0.26925675656481246
83131,0.3826153382013171
83132,0.6289670637689587
83133,0.4747169778706873
83134,0.2941186022674101
83135,0.07022762336131844
83136,0.13438611066201264
83137,0.12814344458699845
83138,0.18856008400502353
83139,0.1635498651231244
83140,0.043845635892825224
83141,0.2435592646925814
83142,0.5262457656964851
83143,0.07993080898285312
83144,0.2957949355421143
83145,0.08089242598536421
83146,0.022034189187279035
83147,0.14614782811553187
83148,0.17381747417600202
83149,0.13324444678734743
83150,0.03430371589072551
83151,0.299082391642311
83152,0.5365335989078343
83153,0.7126116751264693
83154,0.2777841617601786
83250,0.0
83270,0.0
83310,0.0
83350,0.0
83440,0.0
83470,0.0
83480,0.0
83500,0.0
83502,0.0
83570,0.0
83600,0.0
83630,0.0
83700,0.0
83790,0.0
83820,0.0
84000,0.0
84001,0.8858371125500597
84002,0.11173435392540947
84003,0.17994159907697527
84004,0.8362378384186888
84005,0.0758731988078941
84006,0.15245092322244033
84007,0.0952989985652911
84008,0.8537102177041883
84009,0.0740705255919328
84010,0.1097266896812456
84011,0.8104472390026767
84012,0.8612740344006732
84013,0.13215338536881446
84014,0.11362588166977353
84015,0.1040421720725756
84016,0.776832442809279
84017,0.4281760562825249
84018,0.8096986878103257
84019,0.18846961464458306
84020,0.051751204674586306
84021,0.26697754691109665
84022,0.23354709879394595
84023,0.16493948100989614
84024,0.1032494600352832
84025,0.3909225122991348
84026,0.05276982438716887
84027,0.5121947947142681
84028,0.41754929317235673
84029,0.5898080000976726
84030,0.7115763675484273
84031,0.5892674355333213
84032,0.09234079236894698
84033,0.17007696980234016
84034,0.5038866865894646
84035,0.05654903498733062
84036,0.6465325257399842
84037,0.7836210114213681
84038,0.14087202088835987
84039,0.7413689876292959
84040,0.8073045060415607
84041,0.873525965276302
84042,0.0782984686064766
84043,0.7246375166162058
84044,0.09991029323036879
84045,0.22174272140380863
84046,0.8857530796915907
84047,0.04462281291050087
84048,0.13701183646410994
84049,0.8602739034777289
84050,0.04216150713377218
84051,0.10373079490958831
84052,0.09762815616920792
84053,0.3192127003532983
84054,0.15880688875247612
84055,0.7668713975675231
84056,0.6530477091490859
84057,0.13150678485638917
84058,0.13073940791278013
84059,0.9182814308653753
84060,0.1722547460484591
84061,0.5642149065934907
84062,0.5127518726868405
84063,0.5093471316963485
84064,0.27292435542392113
84065,0.05247512345980596
84066,0.07819982679759462
84067,0.9285697393844075
84068,0.08896042682921429
84069,0.5910845097128565
84070,0.765019547745676
84071,0.08094035164767248
84072,0.5237899272272906
84073,0.11149990954473306
84074,0.22878737170843916
84075,0.7965872351039708
84076,0.0925447824653713
84077,0.8866631163838784
84078,0.3921383098894678
84079,0.07125015622073742
84080,0.7815976356710488
84081,0.623577117930014
84082,0.7851643643545796
84083,0.7157527720431459
84084,0.07899013508456927
84085,0.7208336843147805
84086,0.12423373126754754
84087,0.1068787332400014
84088,0.4768433383039726
84089,0.03293923845665321
84090,0.15529770611987515
84091,0.27673914811438677
84092,0.6758130485441469
84093,0.22514890868801904
84094,0.13939227662228876
84095,0.08175662245482421
84096,0.35468921019013966
84097,0.31140115076136216
84098,0.1477079958551627
84099,0.08103717118824913
84100,0.9330029024103493
84101,0.8529911495113361
84102,0.05137616536141705
84103,0.08132287850255962
84104,0.7668153384784459
84105,0.11665176144617642
84106,0.3744314573479624
84107,0.10366761577444349
84108,0.8111363567813011
84109,0.9328983157072124
84110,0.20595136458336047
84111,0.2635600422163469
84112,0.1067914545837643
84113,0.1368624803733433
84114,0.16809114641335665
84115,0.9140533675535156
84116,0.24080993205811163
84117,0.614197548909665
84118,0.023593163108755668
84119,0.6858120315472923
84120,0.22438568854411903
84121,0.20320439220847447
84122,0.7050012936095453
84123,0.026587143431633473
84124,0.6967033297854646
84125,0.36762012958981827
84126,0.7819604991219403
84127,0.35079021279027023
84128,0.157746904641006
84129,0.5159446089875898
84130,0.9265225375121315
84131,0.13711350035935033
84132,0.3627970599415815
84133,0.039429869204728685
84134,0.8585567740900933
84135,0.3767513420562401
84136,0.8438214071286059
84137,0.04025840822857374
84138,0.04984910965815404
84139,0.6689194130384618
84140,0.15239166802069506
84141,0.5716636777581069
84142,0.7001799608539195
84143,0.70757661113574
84144,0.0790610481597906
84145,0.045881764456398154
84146,0.1466411978650673
84147,0.0522061238627518
84148,0.7036592407491807
84149,0.7513493404084866
84150,0.19579206388541337
84151,0.19146750668413115
84260,0.0
85001,0.2011175328555348
85002,0.39874422556329436
85003,0.05505812498234209
85004,0.06567186145436418
85005,0.2959736387890777
85006,0.0782370974559026
85008,0.07784782924364006
85009,0.26612966587009607
85010,0.31656316106826415
85011,0.09689281244585607
85012,0.1566716356629597
85013,0.4965873890009817
85014,0.33500899583373794
85015,0.19832386769760835
85016,0.19164651271752617
85017,0.5108218567745992
85018,0.11035017703199826
85019,0.1011634497537242
85020,0.4099544219038489
85021,0.3387107918326149
85022,0.163083506371894
85023,0.37046296202795437
85024,0.062014755936827676
85025,0.3263882918479366
85026,0.23020667169436035
85027,0.0
85028,0.4347745423862881
85029,0.15713154080378217
85031,0.18391585098542948
85033,0.24376640000847824
85034,0.09793613609471011
85035,0.1787346534367859
85036,0.23134288368361827
85037,0.4263316694990538
85038,0.3983559303448368
85039,0.26255600873932583
85040,0.2180800130842331
85041,0.40718798597590045
85042,0.19491828798602387
85045,0.6557610495256122
85046,0.16991084850961327
85047,0.021958081135335466
85049,0.05789147418751625
85050,0.16313738382294743
85051,0.0909699761273079
85053,0.3263950946521563
85054,0.26723992016895454
85055,0.26421118222338813
85056,0.44772277206130023
85058,0.1453379357196713
85059,0.5171983859574497
85060,0.0
85061,0.24103466444792787
85062,0.180219061464774
85064,0.39851286246601053
85065,0.4476978708265532
85066,0.2671963233712937
85067,0.13114229636080346
85070,0.04250662455312325
85071,0.06499587118612776
85072,0.5261416453284348
85073,0.3148500507899711
85074,0.22843833177391445
85076,0.19064913513457332
85077,0.3651045558947695
85078,0.4325895391971821
85080,0.23275713503185852
85081,0.13975386936838058
85082,0.4561886929067084
85083,0.1391985704225669
85084,0.10247276091297222
85086,0.13238664112924026
85087,0.6899128233336593
85088,0.04150370366815615
85089,0.2141429879826904
85090,0.10982218154859053
85092,0.046683879177411285
85093,0.3194534827821044
85094,0.34208091161445586
85095,0.09866194472831646
85096,0.04313942481408573
85097,0.5178605519490175
85098,0.31485305463275703
85099,0.6953930715026867
85100,0.08745692046240255
85101,0.3388402621609151
85102,0.22503674980061486
85103,0.691539534156505
85104,0.1953090760895856
85105,0.2674786152911851
85106,0.12673959470553905
85108,0.09063441149029089
85109,0.0833924055577215
85110,0.2723973783463035
85111,0.10960957314284192
85112,0.6950822908831129
85113,0.017510498305820167
85114,0.38214832172742075
85115,0.3130630045653576
85116,0.2982840267338143
85117,0.22898282746547657
85118,0.16838779805669182
85119,0.5828562222504712
85120,0.637607593785195
85121,0.1894008419713602
85123,0.4668587702138823
85125,0.4066419445828937
85126,0.33280883436177167
85127,0.1070373455070327
85128,0.05525494343332226
85129,0.19892927967957436
85130,0.08039814683570731
85131,0.18578676466400912
85132,0.1926876914132213
85133,0.31906438847576524
85134,0.6709899311398975
85135,0.10041350957441345
85136,0.6631067368234956
85137,0.24626031062120365
85138,0.6818355950813996
85139,0.6462431608281273
85140,0.36821927898091833
85141,0.21607868864211666
85142,0.5338084250975149
85143,0.19821862350228975
85144,0.6102459825493971
85145,0.40119963798344993
85146,0.03208709601181576
85147,0.11516199485711857
85148,0.2612024855705583
85149,0.27627242113286965
85150,0.0
85151,0.3115520285815574
85152,0.3355105225536825
85153,0.5128410441548049
85154,0.13356164535381854
85155,0.07960485325688799
85156,0.13521324940692092
85157,0.3620226126963711
85158,0.17549576271028566
85159,0.15008984166896
85160,0.17987007736693963
85161,0.18785271495668646
85162,0.28221644276474916
85163,0.042890639035120255
85164,0.12346103097737943
85165,0.0
85166,0.0
85167,0.34016303965490885
85169,0.21465255752327853
85171,0.1710282997000762
85172,0.20544502217235694
85174,0.3185670880877696
85175,0.26995525633075007
85176,0.3222568046033764
85177,0.20076259619052467
85178,0.05255578597064876
85179,0.6406590214607827
85181,0.34474958879942635
85182,0.0870835363519439
85184,0.4329855376693349
85185,0.07999757672549322
85186,0.7935050274335506
85187,0.23936802754060912
85188,0.2669210537303077
85189,0.08073546608572628
85190,0.14283730046291038
85191,0.03163193550094569
85192,0.5259633587572883
85193,0.25798687617196614
85194,0.21297651074934146
85196,0.5643076063841836
85197,0.1308759794252222
85198,0.41377960999480556
85199,0.46500355984217984
85200,0.22180551362961934
85201,0.35080132628861455
85202,0.46563698418270194
85204,0.05013424985192556
85205,0.4103124386926673
85206,0.9321274433652342
85207,0.3157785074051684
85208,0.26634357678518883
85209,0.32233653565087533
85210,0.09101629858018333
85211,0.5679321611865357
85212,0.0
85213,0.11559251812300088
85214,0.6801918995926058
85215,0.26081894373253806
85216,0.17407072601826504
85217,0.0
85218,0.6150822952886684
85220,0.5315696752044841
85221,0.0916572802327474
85222,0.04382971929314014
85223,0.17668363330444514
85224,0.0
85226,0.025706997948969634
85227,0.250927890927273
85229,0.4126482940161728
85230,0.0
85231,0.5636870024484478
85232,0.23849591868632739
85233,0.30808306529220875
85234,0.06863890593478648
85235,0.5073644879083595
85236,0.6319947012938066
85237,0.49716474517989073
85238,0.32867314385805374
85239,0.12101879078837288
85240,0.5756703853201164
85242,0.6060527409699213
85243,0.5140148567387183
85244,0.3316172532480252
85245,0.46442094141703827
85246,0.37665098695694293
85247,0.48684040992381716
85248,0.5502899151146893
85250,0.732372431011752
85251,0.29182786537581346
85252,0.5474841565190739
85254,0.18040023704012131
85255,0.2717129182697454
85256,0.39160567149784925
85259,0.5337231241303353
85260,0.09623280048896321
85261,0.694073908362262
85262,0.1064602172879823
85264,0.17007407240350755
85265,0.38741025192995476
85266,0.33456331597698225
85267,0.056628408062436054
85268,0.09407437256846982
85269,0.5346624402285277
85271,0.5140675456278733
85273,0.20625608924394132
85274,0.3663410208735823
85276,0.6789664086532388
85277,0.15905488357991576
85278,0.6927859314259122
85280,0.08671535435054653
85281,0.32432688142517485
85282,0.42334945584350553
85284,0.06086276575606458
85285,0.356784894559686
85286,0.2572154841065928
85287,0.30595815271378046
85288,0.15425256441573754
85289,0.19966995818551672
85290,0.4732256500798076
85291,0.37084180352031787
85292,0.21764158959522947
85293,0.4895811451253166
85294,0.04319546029101156
85295,0.23291614018928883
85296,0.5366569481603242
85297,0.10828073549715761
85298,0.7066747619713446
85300,0.11641492716977392
85301,0.7444504485755185
85302,0.15007695731904458
85303,0.10779233817128268
85304,0.21533780984764903
85305,0.2534805249230885
85306,0.4067057036157007
85307,0.0
85400,0.0
85540,0.0
85740,0.0
86000,0.0
86001,0.2272228853237935
86002,0.5647526793291063
86003,0.6477933319658381
86004,0.9351075537898176
86005,0.9589720099295794
86006,0.600041436923901
86007,0.8033534722541072
86008,0.9194689536575058
86009,0.38169724772338254
86010,0.7628606987764688
86011,0.5139019529475198
86012,0.8663069675658871
86013,0.8984206883941609
86014,0.6393425331125794
86015,0.23744013587582458
86016,0.7787324987138675
86017,0.21434606680726775
86018,0.8489041700279665
86019,0.6387551171878517
86020,0.7787190613124149
86021,0.0
86022,0.9291659541506572
86023,0.8033552562935719
86024,0.7605015754828157
86025,0.5899370886602654
86026,0.7151726034512278
86027,0.8111547953330124
86028,0.6882285486184838
86029,0.7056211289058966
86031,0.3935484434959835
86032,0.5202736459154718
86034,0.4280141179632876
86035,0.6543406415287509
86036,0.8343676966681135
86037,0.20057287548597197
86038,0.5179793948497451
86039,0.40507769332627347
86040,0.8675506948442914
86041,0.582092112663924
86042,0.3920350651255452
86044,0.6603370599926834
86045,0.7658452522102086
86046,0.7907852956751885
86047,0.8113792614233931
86048,0.7180681462999253
86049,0.8960432241040189
86050,0.4544130341530773
86051,0.9037462227243506
86052,0.7220047454014284
86053,0.5700374123683993
86054,0.901551209219494
86055,0.8736261949230778
86058,0.690676713556974
86059,0.40091798938064577
86061,0.8642558918205137
86062,0.5276512422413915
86063,0.8112067521423246
86064,0.475578102590822
86065,0.7603832102913195
86066,0.17727364555876599
86068,0.8703792990160449
86069,0.8948883154496832
86070,0.0276383841864604
86072,0.7208552612019445
86073,0.39752606340464064
86074,0.7487353613104044
86075,0.5476410794700552
86076,0.6403485998766542
86077,0.37773583752090495
86078,0.488310383280619
86079,0.832071853804183
86080,0.9013898202216716
86081,0.726052040241491
86082,0.12287552109760475
86083,0.7942364366351025
86084,0.1945204818983038
86085,0.5200318976115897
86086,0.7140156798177841
86087,0.7345292842577925
86088,0.9657294971742618
86089,0.5232247244943464
86090,0.9311538943387735
86091,0.875096440320071
86092,0.4835272956049919
86093,0.9233913568147268
86094,0.30093541744146235
86095,0.7121283282909198
86096,0.5286203789390032
86097,0.7511533432701949
86098,0.47932661246437097
86099,0.5215461638959223
86100,0.6601496075755751
86102,0.7986987953267636
86103,0.36801507209169193
86104,0.8577919909461891
86105,0.785077240737197
86106,0.9506771457729926
86107,0.37574565956420736
86108,0.869427697756967
86109,0.9197917322533203
86110,0.7775416459644967
86111,0.6876560639148988
86112,0.3407368105632638
86113,0.6802305745567688
86114,0.5329176006147133
86115,0.47271955519096015
86116,0.9034202774699613
86117,0.6173832308276459
86118,0.7434905048797056
86119,0.915972094458864
86120,0.14893075299494218
86121,0.6604096882957762
86122,0.5294190024785516
86123,0.6795952829435875
86124,0.6851045742572562
86125,0.8043326579905022
86126,0.4995292290336418
86127,0.8799669346383455
86128,0.6018399634580844
86129,0.7866360531037141
86130,0.8175235294762314
86131,0.18137565182244986
86132,0.7337426921215185
86133,0.7233263838673476
86134,0.9308644547819014
86135,0.7468674470298524
86136,0.7819959874145597
86137,0.4219059926676167
86138,0.5653400826703796
86139,0.6874055094859596
86140,0.11857892770890344
86141,0.6146493641008716
86142,0.45333067829128404
86143,0.8703848063212
86144,0.35713859994544145
86145,0.7821117752404831
86147,0.9519211460588892
86148,0.8581755646984869
86149,0.9290782802733025
86150,0.44882229595448864
86151,0.8102986418347666
86152,0.8789037231324236
86153,0.3447425197234034
86154,0.6623365787416251
86156,0.8537756473276038
86157,0.43631679457539096
86158,0.5839405354071197
86159,0.5420501187724281
86160,0.54589294018765
86161,0.8197415143018358
86162,0.915513609935403
86163,0.5295629497123228
86164,0.7447754187143332
86165,0.0725416678868294
86167,0.7777704723729579
86169,0.9753872561194964
86170,0.7293444412486244
86171,0.5505977697361031
86172,0.7644564575635335
86173,0.9006517436895723
86174,0.46214830603540674
86175,0.8092297918184831
86176,0.6609383771266911
86177,0.49249993759785005
86178,0.4758816374314571
86180,0.5169086711446386
86181,0.5278135719317741
86182,0.745908269595939
86183,0.35988771112460505
86184,0.7669038118821052
86186,0.773888439817939
86187,0.47247474570067516
86189,0.8238039142228812
86190,0.37990009537598896
86191,0.6614552468432852
86192,0.6169567609657463
86193,0.7153802300900239
86194,0.083514090833642
86195,0.5052372636908071
86196,0.9176815035196252
86197,0.43104270860910615
86198,0.3393653689948431
86200,0.9337646776996377
86201,0.7173575350564416
86202,0.41168796388080187
86203,0.2932012169014466
86204,0.6988935168103596
86205,0.9271282725629931
86206,0.9696627511413463
86207,0.5083964704536226
86208,0.0
86209,0.6729586910213724
86210,0.8850341002415801
86211,0.9165432737933006
86213,0.5176991920318499
86214,0.5775439187475785
86217,0.7967845195999053
86218,0.848261420531985
86220,0.8872553295534967
86221,0.6933342872678542
86222,0.5802599536541309
86223,0.5754591046689652
86224,0.7400335784035382
86225,0.7420598050883545
86226,0.4675313560346323
86227,0.9570367700116401
86228,0.4253298683596758
86229,0.9746243172534583
86230,0.8637985017853462
86231,0.927468431338452
86233,0.06340450470508498
86234,0.459888840316366
86235,0.25557169250278555
86236,0.8126565873091236
86237,0.7361330315419333
86239,0.44095683719657436
86240,0.0
86241,0.6640631707683996
86242,0.7291299573265511
86244,0.7416686105368947
86245,0.684323798224752
86246,0.5858938127721308
86247,0.790550222564727
86248,0.6763782507806129
86249,0.833402323465059
86250,0.8712761877961707
86252,0.7390802397433428
86253,0.9304523395411455
86254,0.5282557681526624
86255,0.5641182704086133
86256,0.6552385263074083
86257,0.7902450881075554
86258,0.7706800737305424
86259,0.0
86260,0.7906412149948581
86261,0.6005218295199566
86262,0.5178463103914842
86263,0.720859094465282
86264,0.7123366174464405
86265,0.7905038435201325
86266,0.7582699409402242
86268,0.3883284518248581
86269,0.954024652945672
86270,0.7006720798753208
86271,0.7932013460321415
86272,0.571007592821088
86273,0.2620698279626904
86274,0.9445599543755634
86275,0.8914988046438775
86276,0.1774363385635125
86279,0.903893723394917
86280,0.8814373408807449
86281,0.3436805669692186
86284,0.6301977215025043
86285,0.15270620621207742
86286,0.7172780032547419
86287,0.7891580444847168
86288,0.7057167587887251
86289,0.2629624854444069
86290,0.6878202386965069
86291,0.8562229818641555
86292,0.7962280429488634
86293,0.4731040018217116
86294,0.51180649778411
86295,0.9325965366822587
86296,0.6377372852760248
86297,0.6074063817335067
86298,0.5827048588411272
86299,0.504419607572994
86300,0.7877453613753465
86310,0.0
86320,0.0
86330,0.0
86340,0.0
86350,0.0
86360,0.0
86370,0.0
86400,0.0
86410,0.0
86440,0.0
86460,0.0
86470,0.0
86480,0.0
86500,0.0
86550,0.0
86600,0.0
86700,0.0
87001,0.4469314512881039
87002,0.44892471909091325
87003,0.6190260163446889
87004,0.08412798052622888
87005,0.6780269714080569
87006,0.7042992357370158
87007,0.41329470151810066
87008,0.6885669367635786
87009,0.2509043621771674
87011,0.18243721573976618
87012,0.24451942944967683
87013,0.400544840517659
87014,0.11513436708705355
87015,0.6586656273904578
87016,0.3031657632259251
87017,0.5640437979489431
87018,0.541590483501855
87019,0.5409452445206804
87020,0.6379702062436389
87021,0.557556916831868
87022,0.1965006367993127
87023,0.7933031526488094
87024,0.03406769930661921
87025,0.6462579206600162
87027,0.04221267029849998
87028,0.17174900954447544
87029,0.12869613009049233
87030,0.35518724051196754
87031,0.211696738891471
87032,0.162703051013439
87033,0.3438672508981851
87034,0.09922926566148382
87035,0.06808591513403706
87036,0.09813466543378757
87037,0.12770753066436982
87038,0.6046435268888878
87039,0.26208489098111676
87040,0.04271012603088178
87041,0.1246100615949511
87042,0.856595275864361
87043,0.18886703940448488
87044,0.12473474184136749
87045,0.25830900934453366
87046,0.22030167548747673
87047,0.4423288309038237
87048,0.4828942605670576
87049,0.1987137468906623
87050,0.25255688019892686
87051,0.08120404265032263
87052,0.8875906635591762
87053,0.7820568716628704
87054,0.05833266522404056
87056,0.5643474203520787
87057,0.6057402066743335
87058,0.08945609697664614
87059,0.11814147952215787
87060,0.11866091159283272
87061,0.7180921841391743
87062,0.7395493767556033
87063,0.69651018407419
87064,0.0257199458752427
87065,0.5531904983035402
87066,0.6111988700203013
87067,0.6119463820670202
87068,0.7521418312269652
87069,0.8935308753047413
87070,0.6283249452506235
87071,0.0817346161349716
87072,0.3695337787173352
87073,0.39017552739077427
87074,0.8811255275048611
87075,0.31215517839151546
87076,0.19615577723343228
87077,0.7319107602704905
87078,0.44801549418928366
87079,0.5260972411073516
87080,0.6836539678826212
87081,0.6659578674976756
87082,0.09085640587430455
87083,0.5766061214946497
87084,0.6506608770211179
87085,0.03584929731852906
87086,0.21119417349807626
87087,0.5516234107942285
87088,0.338366745125032
87089,0.10793673514311106
87090,0.6918342491937061
87091,0.17340504008338664
87092,0.20127577603261873
87093,0.056479414471112786
87094,0.6469125462102902
87095,0.32604687578246544
87096,0.13217695703986823
87097,0.3240658888610959
87099,0.09579203397559893
87100,0.7759638222930454
87101,0.7959764428625449
87103,0.2979031705651519
87104,0.8093989478054441
87105,0.03181749017048286
87106,0.6329685993921851
87107,0.618591464945809
87108,0.8148684381002106
87109,0.5172133179605186
87110,0.1084013679311529
87111,0.10574805254874935
87112,0.12645541628380186
87113,0.5626460151692465
87114,0.42078984347528076
87115,0.23036301576273205
87116,0.7728114823284709
87117,0.04730820109323954
87118,0.6249681365818945
87119,0.8285507247483784
87120,0.4476932333065013
87121,0.2975318786639889
87122,0.5476641768595055
87123,0.5022048096977918
87124,0.18880268022909388
87125,0.4584853267644804
87126,0.08650406896197263
87127,0.23107797071826658
87128,0.30088704883655837
87129,0.7094367964531845
87130,0.19130326623100416
87131,0.5271021649697293
87132,0.25315538498938356
87133,0.8636881845409321
87134,0.053500219413492534
87135,0.28857372049682906
87137,0.29540348284745394
87138,0.49959893562066177
87139,0.4248146046128323
87140,0.6170056085402692
87141,0.3209552461615221
87142,0.5071544838319975
87143,0.4530683786098075
87144,0.7792962241981911
87145,0.8715843188114083
87146,0.28984189188068393
87147,0.4197705636966247
87148,0.7063508861450836
87149,0.7266144580329673
87150,0.1874144871850333
87151,0.6756166129192553
87152,0.6039542690955416
87153,0.13935603187891715
87154,0.06017296989859277
87155,0.36865738875152976
87156,0.5232655757257616
87157,0.6943389543327498
87158,0.1917040868014643
87159,0.5777731982521424
87160,0.19852479238216342
87161,0.3966916263130085
87162,0.6780077110208343
87163,0.6285511050162224
87164,0.6820238572619206
87165,0.6738044915856725
87166,0.5671277328343518
87167,0.7001050252491162
87168,0.04565326364514327
87169,0.528116796629196
87170,0.14892455642842842
87172,0.8136430150157965
87174,0.6549491948315922
87176,0.2520178448882883
87177,0.5953464623819336
87178,0.5457211168229325
87179,0.6165581415642926
87180,0.7780475410383495
87181,0.19765262253882815
87182,0.6867165771021351
87183,0.48822304118753956
87185,0.3314303914992751
87186,0.30694338109219654
87187,0.038434632063458325
87188,0.691040591178665
87189,0.11057533823819296
87190,0.21945357449580652
87191,0.4982290783244976
87192,0.6793839306055466
87193,0.555711050060868
87194,0.12216165321899634
87195,0.6426118918420356
87197,0.5915793247704452
87198,0.3952159597148825
87199,0.2976026976164928
87200,0.12311255048383571
87201,0.3197751298751437
87202,0.44675660912323406
87203,0.21001772855433257
87204,0.3101798977774266
87205,0.5059708629619937
87206,0.5655640609994387
88000,0.0
88001,0.50465754017952
88002,0.40532432099349996
88003,0.6541638243997775
88004,0.34723011574254314
88005,0.5728753238851517
88006,0.18200970221476143
88007,0.36536309532786
88008,0.42110051811321014
88009,0.1250669477272284
88010,0.7169337714855409
88011,0.445904694704505
88012,0.5050392518452638
88013,0.6405477295757265
88014,0.4198087493746697
88015,0.7339720075730748
88016,0.23755339014903676
88017,0.869227752469049
88019,0.7022946940648538
88020,0.5336049463141349
88021,0.42144362346293185
88022,0.8498955124565699
88023,0.3831422080086138
88024,0.39510906333931567
88025,0.5633211797978481
88026,0.5301305653652887
88027,0.6775607753196526
88028,0.5367479356972846
88029,0.028157237254986617
88030,0.06424209322863184
88031,0.8572699171118383
88032,0.29667941749427057
88033,0.6303420997252472
88035,0.5028514666943756
88036,0.8505920834943769
88037,0.3429089915187442
88038,0.27570034546873506
88039,0.4515192790785901
88040,0.7322348807198032
88041,0.7136781880136256
88042,0.4340325557305332
88043,0.44818278519148486
88044,0.5684608128307266
88045,0.8302650563962553
88046,0.4232110123285445
88047,0.2491342408189586
88048,0.22389733944381093
88049,0.21329477142886208
88050,0.36394635662599806
88051,0.8252293290497777
88052,0.13912344397106707
88053,0.5263664087843839
88054,0.5189752391353363
88055,0.6030403068420281
88056,0.2716865971757364
88057,0.6692072866827277
88058,0.7052363667677684
88059,0.3752233314531896
88060,0.5488018999357608
88061,0.08800368143105902
88062,0.888769425506384
88063,0.6520340245893429
88064,0.5467808267590505
88065,0.2152540164531991
88066,0.20512694910551774
88068,0.3358979987417122
88069,0.6261456043389796
88070,0.35898877397293366
88071,0.7383935715715023
88073,0.49193207022225627
88074,0.5962621005746793
88075,0.062258477866415946
88076,0.3500443606055548
88077,0.38402686479244386
88078,0.30731836306057464
88079,0.2714390231970375
88080,0.5860039763501205
88081,0.2294544887589819
88082,0.6267004883398528
88083,0.8288599466337219
88084,0.24497023770700327
88085,0.2984347021090849
88086,0.4981410952271643
88087,0.5628841226322617
88088,0.125884020115204
88089,0.284943170560311
88090,0.05483446635899742
88091,0.6203401881546248
88092,0.4652230904560824
88093,0.5947785254856074
88094,0.3521403724852237
88095,0.5127894963529074
88096,0.3899429819202915
88097,0.31276657202471186
88098,0.43636805769286274
88099,0.5712545516001353
88100,0.37690847873618716
88101,0.56812799390674
88102,0.3402726005414486
88103,0.6766165570085706
88104,0.7840385763646475
88105,0.08338463987993838
88106,0.2110935953876276
88107,0.2905389589828917
88108,0.07388989241513422
88109,0.30130569507100263
88110,0.535333193367099
88111,0.6142919568392595
88113,0.6307118471511024
88114,0.34109453390602057
88115,0.25807393327767697
88116,0.18115266885005407
88117,0.8511744037813277
88118,0.2773094414888178
88119,0.5677495506508784
88120,0.5016459106100408
88121,0.31209148026012806
88122,0.6142088033229646
88123,0.8958977658520273
88124,0.10452304987579554
88125,0.9237024752241031
88126,0.5272494604358974
88127,0.5739933314118453
88128,0.6896662307048381
88129,0.6642508497172488
88130,0.6379321225830094
88131,0.6154847591679502
88132,0.6031079879460828
88133,0.7893172027018027
88134,0.5527056666204955
88135,0.5209624794548658
88136,0.7220713992893386
88137,0.8552558191919427
88138,0.08090475877798721
88139,0.4316991183385483
88140,0.6078812676380472
88141,0.9381040322367264
88142,0.7130858192113176
88143,0.6317272825880302
88144,0.4653599642890077
88145,0.42595173113954105
88146,0.4423870737722372
88147,0.5641260046921376
88148,0.3134222435492411
88149,0.12987544345635998
88150,0.7264557327642568
88151,0.4713976139347044
88152,0.652540745281038
88153,0.4023255227704539
88154,0.502515457971858
88155,0.45675882810719903
88156,0.3772131995327411
88157,0.470280975042719
88158,0.4247128167494475
88159,0.598768965062317
88160,0.042806171577389335
88161,0.029768540897567548
88162,0.28401250125466004
88163,0.17607725833539625
88164,0.3805013052602394
88165,0.2140302967569799
88166,0.5695804922098189
88167,0.6032578977820763
88168,0.4536928796751269
88169,0.5573027645893349
88170,0.34447140006340354
88171,0.39116289214204764
88172,0.46873644348001914
88173,0.35923468176099993
88174,0.6762992981901622
88175,0.5695144517573669
88176,0.0649840171987489
88177,0.38309048651132765
88178,0.4993218431308062
88179,0.324541700917315
88180,0.3599179219866156
88181,0.26741411167983364
88182,0.6421498598123565
88183,0.7065479977475422
88184,0.41399292106957825
88185,0.42340467205788335
88186,0.4831553823915402
88187,0.08984311432461922
88188,0.17247780589246003
88189,0.7275624373583488
88190,0.6091510343096713
88192,0.3695051746113428
88193,0.5488832614363774
88194,0.5642817923671558
88195,0.712274679080023
88196,0.029222689528731742
88197,0.4609348544063033
88198,0.35463546039466615
88199,0.5975176581216062
88200,0.6947527463740594
88201,0.46572234005700364
88202,0.28843085773177946
88203,0.6089724676491323
88205,0.4056141852704536
88206,0.5643119209761313
88208,0.2659473223481612
88209,0.5603422157103811
88210,0.6348670471174326
88212,0.4906947104715844
88213,0.6610471156743829
88214,0.0405096663690978
88215,0.6874859673232069
88216,0.4649967700726422
88218,0.09639259846831832
88219,0.38768878866103373
88220,0.16019783639587537
88221,0.07891202251865115
88222,0.6214948014790678
88223,0.6818173991083696
88224,0.5845822772632954
88225,0.29798263053160606
88226,0.2927680585557043
88227,0.851389889038811
88228,0.32768176359079676
88229,0.7983838098778355
88230,0.319784597455498
88231,0.29744187134249217
88232,0.27666618677989213
88233,0.5475115781734647
88236,0.03275569646007081
88237,0.5649872386217596
88238,0.05461804882383549
88239,0.2829309082149096
88240,0.2770164948066709
88241,0.7697789274841262
88242,0.765276915874804
88243,0.4167254107291155
88244,0.38845693435672035
88245,0.6126176757903015
88246,0.11431010880019928
88247,0.48599764768321463
88248,0.31343256230484373
88249,0.7422109991488572
88250,0.6712979540424573
88251,0.26605221116351846
88252,0.07675713392511523
88253,0.9149366243540047
88254,0.48283070215652574
88255,0.549275336442101
88256,0.2512634551436786
88257,0.42085007431203386
88258,0.35907255465961485
88259,0.7381827842769046
88260,0.5196537899740573
88261,0.38695491088819844
88262,0.3571630651883803
88263,0.4740499808186124
88264,0.09245467858537292
88265,0.8247224752765069
88266,0.5063655969515743
88267,0.030991939347191026
88268,0.6164911311885964
88269,0.27702068877337394
88270,0.12810513940513132
88271,0.3482282809018716
88272,0.42976244133884306
88273,0.7061813424815172
88274,0.9552226642020987
88275,0.647712903200549
88276,0.4964317177196734
88277,0.6184059263256855
88278,0.6638514597710702
88279,0.3851081207626306
88280,0.6340948564821368
88281,0.503210854042418
88283,0.7709297975494667
88284,0.4832185923844134
88285,0.5695645532206767
88286,0.24474418687805996
88287,0.5939978558759542
88288,0.23040484392069882
88289,0.29590863426664243
88290,0.5418107912942701
88291,0.2766975217535008
88292,0.19832075012582762
88293,0.5001476770818635
88294,0.6558515296484257
88295,0.34662805335802716
88296,0.7888281048613219
88297,0.6137615311480057
88298,0.4753974318182752
88299,0.603294141497383
88300,0.5566435164968571
88301,0.33382016086617206
88302,0.3090514333794003
88303,0.5679013433534764
88304,0.068270545314574
88305,0.6154880182470605
88306,0.5734638711693246
88307,0.4116341149898676
88308,0.6415563628707567
88309,0.23952762912311465
88310,0.04732339906036768
88311,0.11243272016710396
88312,0.7140895131330195
88313,0.6954428551906444
88314,0.3449804076100648
88315,0.49399706427627865
88316,0.8524010068226178
88317,0.47658773969683377
88318,0.8204055571023934
88319,0.23325594969430097
88320,0.5735290001552756
88321,0.31633647984777064
88322,0.5502889758925346
88324,0.9372251004720054
88325,0.4336891917704856
88326,0.6220580613310821
88327,0.3722367641529142
88328,0.4958616900015805
88330,0.20904421225150224
88331,0.6286116734847601
88332,0.6476052720887213
88333,0.4729486188474495
88334,0.3935159745669383
88335,0.4307298195386132
88336,0.8895860782452503
88338,0.6564738610083473
88340,0.515222622766547
88341,0.6357082449032041
88342,0.6734826457886673
88343,0.633887521027072
88344,0.40067824643600547
88345,0.7267684765073673
88346,0.49249642248879905
88347,0.32843736440285193
88348,0.6276410808177694
88349,0.19478467874011607
88350,0.6739524813434983
88351,0.1121118050343049
88352,0.7697710230334088
88353,0.07561890775015515
88354,0.21906928042267185
88355,0.4196324414491995
88356,0.482140172321024
88357,0.12949960238075744
88358,0.4992348520348482
88359,0.5731194497052876
88360,0.45248825188746616
88361,0.39464177547501933
88362,0.5420238423736411
88363,0.259814575663802
88364,0.49793464787309866
88365,0.4002307938968586
88366,0.7705614584424966
88367,0.2430076047308842
88368,0.4415422260407339
88369,0.17112923954973536
88370,0.28055055850084604
88371,0.4334518929605057
88372,0.7015986054823956
88373,0.3380063670223972
88374,0.5137295871072871
88375,0.4773315128441412
88376,0.6791577333081097
88377,0.2289936998998411
88378,0.6669893962878667
88379,0.6057662683593343
88380,0.30841627022948215
88381,0.15880637186663252
88382,0.5520879822868225
88383,0.06925132358063193
88385,0.27636115596851685
88386,0.5826489874760762
88387,0.8244703231603947
88388,0.6992970633532544
88389,0.43084016036197104
88390,0.4292163659965325
88391,0.39221138027863467
88393,0.7841057162243186
88394,0.96386626196814
88395,0.5659754919290825
88398,0.593546973177608
88399,0.6347001708654122
88400,0.40786058050311913
88401,0.796504849090128
88402,0.4024496259492123
88403,0.3279552642813829
88404,0.4669544143109293
88406,0.4574699230290141
88407,0.39917121403424777
88408,0.1387535439443065
88409,0.22551969350871395
88410,0.5589494274921667
88411,0.44069535827213147
88412,0.4735183971454444
88413,0.2558013305721084
88415,0.14282755974988315
88416,0.8221782623044586
88417,0.6304900908521291
88418,0.5640889116354529
88419,0.7114096669574418
88421,0.4588935047630051
88423,0.3049837546702038
88424,0.6527751929777592
88425,0.2856847132156479
88426,0.09726364698523796
88427,0.6955819839031468
88428,0.3491217687989684
88429,0.1200683930084785
88430,0.2578924792374254
88431,0.8262896404713185
88432,0.5688170655780623
88433,0.7001531007060788
88434,0.6427223637466231
88435,0.4170928863316336
88436,0.6561273542503981
88437,0.6794656746231655
88438,0.4380502812775502
88439,0.5102145256927537
88440,0.9547896962042884
88441,0.10093431152227482
88442,0.37179405955853784
88443,0.7422517996907595
88444,0.5302334398269903
88445,0.3579543283882626
88446,0.7572975711754661
88447,0.18101870740784803
88448,0.5289169506738133
88449,0.30067403345979776
88450,0.2716002152927689
88451,0.3133785873708873
88452,0.10988592856298786
88453,0.5938118132252287
88454,0.6920204833563348
88455,0.36524022430058595
88456,0.5003079691722084
88457,0.7139778289841445
88458,0.3936939032580886
88459,0.7347966656302013
88460,0.5975031463122498
88461,0.7408075119408879
88462,0.23273765909220645
88463,0.39460630767460186
88464,0.49405269439561444
88465,0.23056991653117126
88466,0.5686607419467424
88467,0.4376316172240011
88468,0.51115672634987
88469,0.36546764682060645
88470,0.1914250231397168
88471,0.4174197078580278
88472,0.45105586479025367
88473,0.40216971207871566
88474,0.8123031606484885
88475,0.9422024383663643
88476,0.5366356073171027
88477,0.4604131187726482
88478,0.6742382057508873
88479,0.16847397356099017
88480,0.5966697672853722
88481,0.47341251934307715
88482,0.7014047465887954
88483,0.46525677152601613
88484,0.41087103406184716
88485,0.6443696603296285
88486,0.16347391622518542
88487,0.06336700127664582
88488,0.2162909642925812
88489,0.11651092332418271
88490,0.4372441349067533
88491,0.07013850902267639
88492,0.12336833940108173
88493,0.6402627243319161
88494,0.5453446935003012
88495,0.7268705920306754
88496,0.7287771367444169
88497,0.6273330783951293
88498,0.34673378148101536
88499,0.24741200030286686
88500,0.25220700436039095
88501,0.5093839219740202
88502,0.5212317663720426
88503,0.6669194599999667
88504,0.6688635968339134
88505,0.421715405709358
88506,0.5288544187275782
88507,0.275291091073524
88508,0.483451106927866
88509,0.687063549018308
88510,0.5640732440423886
88511,0.5770758442900743
88512,0.620736837644874
88513,0.2721934051223455
88514,0.8546718271652405
88515,0.029783903291024105
88516,0.041675754091033995
88517,0.5786798998894992
88518,0.5413824858929928
88519,0.552859101953809
88520,0.13210619043309424
88521,0.5585061709885591
88522,0.2848647447154231
88523,0.8419632176820755
88524,0.5005704517261274
88525,0.25625000008215526
88526,0.48155176210081985
88527,0.49703896606487674
88528,0.6546392756959979
88529,0.24277827200501453
88530,0.26245227860533604
88531,0.07639842726411332
88532,0.6465631091204758
88600,0.0
88800,0.0
89002,0.915039310557475
89003,0.31394502970776716
89004,0.22411909433258695
89005,0.8057912909182526
89006,0.8311814966431702
89007,0.3156036576073599
89008,0.9788152471829132
89009,0.9253433225664456
89010,0.8219491506577669
89011,0.9846557476796035
89012,0.9731447928930568
89013,0.9011098844438872
89014,0.5075802786324135
89015,0.9306753290856898
89016,0.9359843347842463
89017,0.9256791444233843
89018,0.4449920454517679
89019,0.3604529708305639
89020,0.8262717521382076
89021,0.9591366868175067
89022,0.9838211820217295
89023,0.877189408156153
89024,0.15062089403103626
89025,0.6284160633776893
89027,0.9573968845354585
89028,0.8204846967021395
89029,0.8864001140881412
89030,0.6997095118675443
89031,0.9168944412241997
89032,0.9789003402243998
89033,0.8343299811382108
89034,0.9142742794672155
89035,0.3020613745785026
89036,0.6260662201561042
89037,0.3199091805797813
89038,0.8702040839440547
89039,0.9139983475615626
89040,0.8801364958328614
89041,0.7324968383979505
89042,0.7978899334806233
89043,0.9723866472798017
89044,0.9429954416845588
89045,0.9298141660558182
89046,0.33176401003991945
89048,0.7630774551192022
89049,0.9245719464658191
89050,0.8657250562869536
89051,0.6137885691009545
89053,0.9367612117741934
89054,0.5462099471882064
89055,0.7707019834936838
89056,0.722590987818149
89057,0.7894103776142027
89058,0.9694908618129635
89059,0.18611589722725186
89060,0.5322469266311367
89061,0.739653332305028
89062,0.7604296339925004
89063,0.1939215668545873
89064,0.885368769604154
89065,0.851880598958853
89066,0.4948196569108932
89067,0.24639439261185664
89068,0.561284012881595
89069,0.643443804583978
89071,0.8672484526929338
89072,0.4417236878639618
89073,0.942192188508036
89074,0.540950651202132
89075,0.6905528012231557
89076,0.20344362027377141
89077,0.8258332705699113
89079,0.6611189441195776
89080,0.6795956578719841
89081,0.9379979997867934
89083,0.7327404964790908
89084,0.7324258906565501
89085,0.8193574232135618
89086,0.03134713463044336
89087,0.7327312511076406
89088,0.8321384245567574
89089,0.9745294595279992
89091,0.5909426883085545
89092,0.9452809041306264
89093,0.7093124179185079
89094,0.5291638571627876
89095,0.8609769341272063
89096,0.9286096481363976
89098,0.8591712801381677
89099,0.8126600068648292
89100,0.38044367185098904
89101,0.7275283997604256
89102,0.703188147098327
89104,0.8090513903564468
89105,0.941390789149364
89108,0.9361674687074338
89111,0.779641166416587
89112,0.9147637034037127
89113,0.6952280438573156
89115,0.6590672923730818
89116,0.6914664147491303
89117,0.9253527920000185
89118,0.8359828217369448
89119,0.3117910317863122
89120,0.7487036919172435
89122,0.8325933511310891
89123,0.9309463170055641
89124,0.5996715153926107
89125,0.18831796194310915
89126,0.727979759682474
89127,0.7779544387358177
89128,0.9691655646348356
89129,0.3490573643464761
89130,0.35490268120807045
89131,0.5826789893474049
89132,0.18334855440003897
89133,0.675212256158413
89134,0.9680300263707117
89136,0.6920662099307017
89137,0.9071924904390173
89139,0.7615133593723193
89141,0.9793254938432611
89142,0.4477612774737428
89143,0.6948943588921248
89144,0.4239250753346196
89145,0.9640998483178157
89146,0.9702783650852594
89147,0.6179427865836769
89148,0.6754799218746421
89149,0.9135022615224213
89150,0.870365833988181
89151,0.5175569799559108
89152,0.8234907618060281
89153,0.9357006962578821
89154,0.8379008267713673
89155,0.852629874264887
89156,0.8470497201399876
89158,0.4015599099009074
89159,0.9764906782960776
89160,0.6833728791228636
89161,0.377202010447009
89162,0.7127330598003434
89163,0.3322505340663117
89164,0.4322833229658463
89165,0.9438169141188886
89167,0.8451589123167492
89168,0.8266432714766251
89169,0.3888476063834779
89170,0.9636916529788583
89171,0.9182598399176151
89172,0.6747624350362929
89173,0.7232205914372146
89175,0.8777539076971503
89176,0.9633797176576293
89177,0.685709315191469
89179,0.6733090402826183
89180,0.772152582562768
89181,0.6387188557635975
89182,0.2294963598020833
89183,0.9359200300722862
89184,0.6737228857392947
89186,0.6730249910311155
89187,0.21527597707543591
89188,0.9606880686299627
89189,0.6600797750467003
89190,0.9535676512888146
89191,0.8509569460072148
89194,0.979759070848193
89195,0.6043719559200521
89196,0.7288040090380081
89197,0.9388870302396397
89198,0.9374338505893096
89199,0.9118753332604672
89200,0.9209697956688531
89201,0.8336508582255743
89202,0.9181121885551135
89203,0.9842474111638752
89204,0.956234551459765
89205,0.6526787419119707
89206,0.07658383447024311
89207,0.9551911440569076
89208,0.8779733590951185
89209,0.32745590295413074
89210,0.08983813160627382
89211,0.9590916173245028
89212,0.8969687034859852
89214,0.9222452180122304
89215,0.818306196498862
89216,0.49350792419658995
89217,0.8906524715440652
89218,0.7623450270909141
89219,0.6292962042463827
89220,0.4365708885594436
89221,0.5934991275596612
89222,0.7097072931981339
89223,0.6431399121343396
89224,0.888354452229555
89225,0.6438742598760467
89226,0.9359220239822164
89227,0.8875489169231199
89228,0.7051465088738158
89229,0.7042553259892265
89230,0.7290035157403739
89232,0.9697955036411346
89233,0.8780175005692425
89234,0.5743004076658854
89235,0.9815252383262772
89236,0.7303099338980427
89237,0.597171772189245
89238,0.1628639831562963
89239,0.5442934907511379
89240,0.7880107112036265
89242,0.9109764201965352
89244,0.980429805302506
89245,0.45236341002715275
89246,0.977004200759934
89247,0.7134082449029412
89248,0.98254659889571
89249,0.5531737052428305
89250,0.8878362372936452
89251,0.865345527028707
89252,0.6573535624137595
89253,0.3409397699693506
89254,0.7226827039342135
89255,0.578236557558229
89256,0.9202169312441704
89257,0.5527650899411567
89259,0.879356857598357
89261,0.8742972733180696
89262,0.9014411911119902
89263,0.8479148850135146
89264,0.46265354201965114
89265,0.901888448403339
89266,0.8622037049616897
89267,0.986625593160942
89268,0.899762878528055
89270,0.7266149584439927
89271,0.9100377418878526
89272,0.9238898889459285
89273,0.8844270171254679
89274,0.6500276568659795
89276,0.5519083527864839
89277,0.9764194461300192
89278,0.7463617219452319
89279,0.8899875696525398
89280,0.3192688030076265
89281,0.42870457255799116
89282,0.9026215298231336
89283,0.4991367447703656
89284,0.9523338423868142
89285,0.8168009466879889
89286,0.8355098712502831
89287,0.49477466526225455
89288,0.8273418822120241
89289,0.8238704395093289
89290,0.9041588471422648
89291,0.6269921739643136
89292,0.7181839939938787
89295,0.9363675785184703
89296,0.37712435119749227
89297,0.9745602652420969
89298,0.4654130979980505
89299,0.9250862583303294
89300,0.9663032825437458
89302,0.7579361436888794
89303,0.9099751221993612
89304,0.8419416223118058
89306,0.9861465585293439
89307,0.9189606713165889
89308,0.7864149969773987
89309,0.39597144708691295
89310,0.7927495831425742
89311,0.7750919793289217
89312,0.90287159266685
89313,0.5582076869944677
89314,0.6550831467531312
89315,0.846978520021989
89316,0.9853869105652894
89318,0.9437326268389108
89319,0.9206564279178656
89320,0.8668095338080039
89321,0.09867202716095487
89323,0.8472363955530906
89324,0.453450395247323
89325,0.9210180962397707
89326,0.609405348620723
89327,0.6756968377637563
89328,0.8810326591190145
89329,0.9124867157972344
89331,0.13151098696107114
89332,0.761367846180699
89333,0.9912818813753835
89334,0.8324962346561858
89335,0.39995983194727597
89336,0.9749227095966576
89337,0.8390978921642673
89338,0.6262779046889048
89339,0.977398907889025
89341,0.7893574725311873
89342,0.7138208899267369
89344,0.2987594887331939
89345,0.3217992823576432
89346,0.7267521929178844
89347,0.9644099009262687
89348,0.026660299888207117
89349,0.9351490043384759
89350,0.4027305743018523
89351,0.9626234318302205
89352,0.5937211889198113
89353,0.38520307803175163
89354,0.752581217865265
89355,0.8108775882779036
89359,0.6874535437245936
89360,0.8292600124135763
89361,0.8931249629163944
89362,0.9439100656836925
89363,0.7802731943962583
89364,0.9543403282155077
89365,0.5296220400239172
89367,0.5122170130181113
89368,0.7936909972037594
89369,0.7047883638194086
89370,0.5108715176302573
89371,0.9218343076790526
89373,0.7179334221665349
89374,0.9244196979052987
89375,0.966780836903038
89376,0.9754265937552707
89377,0.9841423956700178
89378,0.9854695721471606
89379,0.9844315373873874
89380,0.37652072767461714
89382,0.9043065267691223
89383,0.7107392137716741
89384,0.8088066749673164
89385,0.16614246216081227
89386,0.25318164130312365
89387,0.17254654099049405
89388,0.5455725884600442
89390,0.5994336697203435
89391,0.5611555739397884
89392,0.9590911095677678
89393,0.9199580127652156
89394,0.7719705679078744
89395,0.780414268671999
89397,0.44163667470757123
89398,0.33822272972632283
89399,0.7032301805281276
89400,0.5997233209863577
89402,0.8585907795191507
89403,0.34225735063390006
89404,0.7702809013021212
89405,0.3336980115294315
89406,0.980598878763079
89407,0.6115376445990871
89408,0.7958888274187128
89409,0.972228093276932
89410,0.9624066777298934
89411,0.6991969018855593
89412,0.9805545624980333
89413,0.9233269846980104
89414,0.45495598956156497
89415,0.9769468902108334
89416,0.45082112224636917
89417,0.9380819040854484
89418,0.41169740268876187
89419,0.6949882552236814
89420,0.1943622524715019
89422,0.8215011514267295
89423,0.9086621872248561
89424,0.6496542582236471
89425,0.24666838070722774
89426,0.7642396397250972
89427,0.8793182691237811
89428,0.6609329566914046
89430,0.9528023616937105
89431,0.9316707085359761
89432,0.5496249773463456
89433,0.9564359807495991
89434,0.6484325152954082
89436,0.32970592530524184
89437,0.9109448136261485
89438,0.9044739765466034
89439,0.8172816060301434
89440,0.40249863375186556
89441,0.3277534953744058
89442,0.6348895253910509
89443,0.4150802673107525
89445,0.9292238466454923
89446,0.8224499159425136
89447,0.945037293793353
89449,0.7748098404068675
89450,0.7130634141978539
89451,0.5882321439549206
89452,0.43534753447293184
89453,0.81350545521523
89456,0.7271309051013566
89458,0.8302082116425198
89459,0.7395820679697935
89460,0.8028855699861022
89461,0.967905516388758
89462,0.586260709923511
89463,0.9400675335411625
89464,0.1657688508901435
89465,0.7935599178952177
89466,0.7903635528137261
89467,0.7015709677934526
89468,0.4033440461249269
89469,0.5917486920207832
89470,0.795005755533321
89471,0.7849864135889424
89472,0.4879849066833026
89474,0.6087920034169642
89475,0.7401142120178998
89477,0.942872513525175
89478,0.8138022601970855
89479,0.8752895917942977
89480,0.6756918643252017
89481,0.9261880115690686
89482,0.9410587925547099
89483,0.6843380013620339
89485,0.8561728994812482
89486,0.8857331442080897
89500,0.0
90001,0.8543672712512577
90002,0.4670774900504749
90003,0.5352894420343494
90004,0.7193126797178467
90005,0.574838630300197
90006,0.6793820638867208
90007,0.6196386302268108
90008,0.6035421328680979
90009,0.24245782759788004
90010,0.09203900511048212
90011,0.5745324051550503
90012,0.7427127071506961
90013,0.6187263153082057
90014,0.46587768756379383
90015,0.7973747338910898
90016,0.6014698166334548
90017,0.5036378908502362
90018,0.5390662660662646
90019,0.5432057400289672
90020,0.5921514923123704
90021,0.5667492212893235
90022,0.37283768043203624
90023,0.5279024030500223
90024,0.3608403362345214
90025,0.3807058894883567
90026,0.7896226905616828
90027,0.45593431506549925
90028,0.34937582376605425
90029,0.4774861935414369
90030,0.2887469522052909
90031,0.547440733862621
90032,0.7404177813773863
90033,0.4588666384005077
90034,0.7786507414314919
90035,0.6091366825352464
90036,0.6413408315059727
90037,0.4935592886952727
90039,0.39798823214547957
90041,0.4001897236297407
90042,0.3343024363847804
90043,0.4205909781696677
90044,0.5233956480837682
90045,0.47365451041397205
90046,0.483703232056169
90047,0.5648907146331933
90048,0.705222256192854
90049,0.4605529872864373
90050,0.5777680841409351
90051,0.516649692907892
90052,0.4287297239312697
90053,0.3118095424152124
90054,0.5393148317412201
90055,0.5227618332775869
90056,0.39854604682628486
90057,0.4663801580280053
90058,0.3899963170127753
90059,0.6466240728582442
90060,0.6127493393594496
90061,0.6324124582773869
90062,0.5687160327567028
90063,0.5851561371886554
90064,0.4132158133977206
90065,0.4808463463940064
90066,0.4675750549707612
90067,0.6613959636516213
90068,0.5445387939480794
90069,0.3798953908287684
90070,0.46084117774785316
90071,0.5009858014989239
90072,0.41664543136165527
90074,0.6343837605932693
90075,0.5220208563561005
90076,0.8856452373261005
90077,0.6396641613271634
90078,0.4605783980128522
90079,0.5404383975394778
90080,0.7274315791659708
90081,0.07931605094325808
90082,0.5864994896008418
90083,0.5419056836612188
90084,0.4804452001823386
90085,0.5595503959308742
90086,0.5626712269552274
90087,0.5757323599107232
90088,0.47456172718334655
90089,0.36330742746293027
90090,0.46590963218377635
90091,0.5545849463723211
90093,0.4365029279696277
90094,0.7695735893148498
90095,0.3865099178078331
90096,0.5469716540261742
90097,0.4932963301814338
90098,0.6568305126018152
90099,0.3997237493133327
90100,0.48258891326722253
90101,0.49523237588113667
90102,0.4726556093934367
90103,0.6621355234957279
90104,0.6724913189647341
90105,0.3321768506019715
90160,0.0
91001,0.2771505695780005
91016,0.3777724555235844
91017,0.3593382661062577
91021,0.8089146540962395
91022,0.3619937981013928
91027,0.9764262691196663
91035,0.37933879456444336
91037,0.7191042974795714
91038,0.3363927277749183
91041,0.4213158183545226
91044,0.933030875080314
91045,0.4714556180815214
91047,0.6057236221804971
91064,0.9672610951955514
91067,0.3619614288668672
91069,0.4283007766878404
91075,0.23051265005425103
91079,0.22071780865105664
91080,0.4757054254617238
91081,0.3103431477708723
91085,0.38981493289765934
91086,0.8730587610030601
91090,0.0
91093,0.2898333836931153
91095,0.40897529890054374
91097,0.8935248097775147
91098,0.616290162919517
91099,0.36521899866816887
91100,0.16241016864791627
91103,0.7956511280910749
91105,0.22530266089862555
91106,0.4011368340568012
91109,0.31029110660634335
91111,0.3433453883802003
91112,0.32736451058392013
91114,0.8712387751687576
91115,0.4802767444101121
91121,0.32758288551446985
91122,0.8618769268588832
91129,0.3258376083575947
91130,0.28038981554313724
91131,0.38710771176371783
91132,0.5005879749018193
91135,0.6160513699272325
91136,0.9641330005528725
91137,0.2308007836214862
91145,0.5820179816998545
91148,0.5004463485224971
91156,0.4746653186424752
91159,0.6533935295690368
91160,0.0
91161,0.9742524858869868
91174,0.8320011287635715
91175,0.30024997971448336
91179,0.6905238242290135
91180,0.7168875790109155
91184,0.39229499468327267
91186,0.41351315325038496
91191,0.9530543478382911
91195,0.7033667327915353
91198,0.5309198669650963
91200,0.12985549095696555
91201,0.9114995859406329
91204,0.9321051158575611
91207,0.4268252271085251
91210,0.0
91215,0.9092901471766216
91216,0.9430744489048213
91220,0.0
91223,0.0502281711493051
91225,0.9126145450597176
91226,0.21426075542527048
91228,0.6343471375314581
91232,0.3956202086813881
91235,0.918834347715221
91240,0.3059967272593952
91243,0.417367233815321
91244,0.6414112055947424
91247,0.44385101447797387
91248,0.20958566580810373
91249,0.20640593997436915
91272,0.7582164390069255
91273,0.19221694017323593
91274,0.42968137037349
91275,0.7382788445576659
91284,0.34745994836247646
91286,0.8358473484624991
91290,0.0
91292,0.62407972247917
91293,0.5258426579079551
91294,0.27012006726887217
91300,0.0
91310,0.0
91312,0.9659921895449013
91315,0.30436130560387825
91318,0.37192073751909616
91319,0.8227549472191997
91326,0.9438441030085377
91330,0.32309978667988887
91332,0.9022610382849641
91333,0.8752705142971421
91338,0.21123786086922833
91339,0.8389693975627545
91340,0.8733573635006258
91345,0.9016531692464309
91347,0.8679070400146103
91359,0.1629831611889504
91363,0.7413326143921651
91374,0.22184716859395187
91376,0.6293418961125398
91377,0.865447886144887
91378,0.4969914289951103
91386,0.5080213839861618
91390,0.144026420548866
91393,0.3561524669944258
91399,0.18737690501993515
91400,0.0
91405,0.09978613893942614
91408,0.479025273986386
91411,0.282416803682466
91412,0.6873886258407019
91414,0.561815493649355
91420,0.0
91421,0.8531027299923839
91425,0.8456077689726547
91432,0.973779217522187
91433,0.07009813037195917
91434,0.8757027960667162
91435,0.8283619015685687
91441,0.7375787505735676
91457,0.8593174773666585
91458,0.8057310688028824
91461,0.8511440997924405
91463,0.3792558594252006
91468,0.9239203958659509
91469,0.2856656674666
91471,0.8605031879124276
91473,0.5151398006014438
91477,0.9517114830346679
91479,0.9879534105984017
91480,0.0
91482,0.2803958724534909
91494,0.9053685915349308
91495,0.37104115313363367
91507,0.2908214321375921
91508,0.17374220322045503
91511,0.288626585693571
91514,0.8828882344272316
91519,0.3520290631940682
91521,0.8775505961062899
91525,0.2780662383760537
91526,0.31594461867670437
91533,0.152428424750509
91534,0.955855841421634
91538,0.8780402986410768
91540,0.24133768260210947
91544,0.22948498460618888
91546,0.36832002198657837
91547,0.42428014398735897
91549,0.8010221230677003
91552,0.8434260591734628
91553,0.8952490334971961
91556,0.36589606495928517
91560,0.8057421898322896
91568,0.39998993142798767
91570,0.8673573954563116
91573,0.8681936837012297
91577,0.9118816544109936
91578,0.4251988147959841
91579,0.4640737975953057
91581,0.3948622433138377
91587,0.8782726147557911
91589,0.9095954646677984
91593,0.2532053372015692
91599,0.7252888877568253
91600,0.9107740287337773
91602,0.43898867844453554
91613,0.5561250417709518
91617,0.9180507518738613
91619,0.49640018837385463
91620,0.0
91629,0.1298563148533975
91630,0.3287110284382785
91631,0.9033122149926247
91634,0.3487283938233436
91635,0.9691717470932978
91639,0.3565665242395305
91645,0.9639754732595562
91648,0.9144374163175653
91649,0.6130866033217911
91654,0.7126058431805605
91657,0.9282558322905579
91659,0.9514524917240578
91661,0.8343896263173624
91662,0.31683229862343737
91665,0.8389800941956737
91666,0.9065440747973222
91667,0.8946326082736308
91671,0.4603761365032956
91679,0.8789379933252434
91685,0.8961534378654992
91687,0.8985049142330609
91689,0.979888737188441
91691,0.8378643212531155
91692,0.8295083182930554
91700,0.0
91800,0.0
91940,0.0
92000,0.0
92002,0.9581881799844959
92004,0.9737915753583434
92007,0.9748079617334867
92009,0.9741604991623882
92012,0.9387611880871426
92014,0.974705675292402
92019,0.9580106298563783
92020,0.9708007718614322
92022,0.9651062282389246
92023,0.9634416969950661
92024,0.9668244334173369
92025,0.9626188471427479
92026,0.9273336384521295
92032,0.9730398015682027
92033,0.9633974088740523
92035,0.9692630506516231
92036,0.9609456261003839
92040,0.929033510146249
92044,0.979022293724157
92046,0.9738851935526124
92047,0.9651848559955283
92048,0.956309965857838
92049,0.9752518251234688
92050,0.9046045272756305
92051,0.9755471787256829
92060,0.9627403018046308
92062,0.9558424375409917
92063,0.7795659749162936
92064,0.9649807054035073
92071,0.9713041968205445
92072,0.966317181030897
92073,0.9675193708428204
92075,0.9782362334738608
92076,0.9526252885295222
92077,0.9652596883164126
92078,0.9804410734791309
92100,0.0
92120,0.0
92210,0.0
92220,0.0
92230,0.0
92250,0.0
92290,0.0
92320,0.0
92390,0.0
92500,0.0
93000,0.0
93001,0.9768774947424598
93005,0.9558728594492241
93006,0.9796417655259505
93007,0.96915106952236
93008,0.9725292206721076
93010,0.9691605187676561
93013,0.9598799461708677
93014,0.9820672253097512
93015,0.9834034040227957
93027,0.9713796795679676
93029,0.9692551056423582
93030,0.9784553170806874
93031,0.9760346386471914
93032,0.9757733815000952
93033,0.9751180286815392
93039,0.9808664406641806
93045,0.981189976627854
93046,0.9781128452024231
93047,0.9770299534022948
93048,0.9668585663371302
93049,0.9673488746499016
93050,0.9756930405822178
93051,0.6113320339995321
93053,0.9746031267695917
93055,0.9794981558286344
93057,0.9688325484984879
93059,0.9790747416265543
93061,0.9835851697668926
93062,0.9777975351900139
93063,0.9773080032470058
93064,0.9682488790110637
93066,0.9688103700608118
93070,0.981874733263109
93071,0.9669830939624189
93072,0.975762848229605
93073,0.7864736123226631
93074,0.972400471713299
93077,0.9680506172320235
93078,0.9509527010171549
93079,0.9799281667278722
93100,0.0
93110,0.0
93140,0.0
93190,0.0
93270,0.0
93300,0.0
93380,0.0
93420,0.0
93600,0.0
94000,0.0
94001,0.9832300805139329
94002,0.9695615764739896
94003,0.9795095341508435
94004,0.892959506142164
94011,0.9718917227041329
94015,0.9624614683058237
94016,0.9760152418577065
94017,0.9541434308112329
94018,0.9734195999794729
94019,0.9574708777602514
94021,0.9751006035086437
94022,0.975409453050849
94028,0.9543035119346093
94033,0.9676469545664013
94034,0.9734668116637578
94037,0.9796455334074039
94038,0.9736376231109989
94041,0.9722880862322572
94042,0.9695609244453978
94043,0.9789992824787136
94044,0.9645977099162168
94046,0.9625031868201281
94047,0.9169559822497245
94048,0.9222113765774386
94052,0.9667696065400927
94053,0.904623462739962
94054,0.9836146736948126
94055,0.9586539044249413
94056,0.9177636591400334
94058,0.9620520271591879
94059,0.9656036471503049
94060,0.9540307052183318
94065,0.980079061259901
94067,0.9759872647262214
94068,0.9467207181385185
94069,0.9722022285645243
94070,0.8810383746057739
94071,0.9516447146746767
94073,0.9781054385048136
94074,0.9768732393877474
94075,0.917967342589485
94076,0.9735594575385237
94077,0.9829609871302697
94078,0.9784901992868378
94079,0.9654769110819775
94080,0.9734080184842734
94081,0.9690751100050911
94150,0.0
94200,0.0
94370,0.0
94400,0.0
94435,0.0
94500,0.0
94600,0.0
95000,0.0
95002,0.17576164109165157
95008,0.6009564276168217
95011,0.898813022451595
95012,0.9902642841825404
95014,0.9754654168597428
95018,0.958069212425496
95019,0.9774719257826672
95023,0.4335441023719229
95024,0.47966709031790705
95026,0.42353603965944814
95028,0.8872022834871122
95039,0.19805320321344094
95040,0.4433644982899031
95042,0.887429882747113
95046,0.5201196116768319
95051,0.9747748761512873
95052,0.40209915422223436
95054,0.3332975592156514
95055,0.6723006540144294
95056,0.5721875464984072
95058,0.4712856059953372
95059,0.41796061552721914
95060,0.8519186740622563
95061,0.906901812249595
95063,0.9640605168664392
95074,0.21571814302965836
95078,0.22651093580904114
95088,0.9804556180955789
95091,0.9847485890023164
95094,0.9782445513975611
95101,0.9864362561625456
95102,0.3880445052982749
95110,0.3978626228120209
95116,0.39831283734088735
95119,0.3162650749098734
95120,0.34844092845534147
95127,0.051985030301904676
95134,0.38067525115767165
95139,0.37442528934821584
95141,0.789569532796632
95142,0.28434113331844174
95144,0.7190941132795331
95149,0.5804424164488834
95150,0.8703931448050858
95151,0.9398484639698926
95154,0.7432077426501044
95157,0.9869709043829845
95166,0.42853249970734525
95169,0.47253612690394187
95170,0.2203330105635186
95176,0.959339707539928
95177,0.41875375263441106
95181,0.22960272831176579
95183,0.2008822986050172
95190,0.0
95197,0.975033351203155
95199,0.9686143327178938
95203,0.966239058498853
95205,0.9743406573889863
95210,0.9749981955131355
95211,0.3149198503870885
95212,0.7826889164835704
95213,0.4024577163510429
95214,0.6315162369653278
95218,0.3690363766080205
95219,0.9661345892166835
95220,0.0
95229,0.9862242188504894
95241,0.6956719797605059
95250,0.6091426186777749
95252,0.9637928775996544
95253,0.19441236277661653
95254,0.3952461124481497
95256,0.7908387424726897
95257,0.9651486818030537
95258,0.4573051471122903
95268,0.9753946206791267
95270,0.6199124219335447
95271,0.2324217479380733
95277,0.9651705824993796
95280,0.9799377910728664
95282,0.5001608435520163
95287,0.4284130803046927
95288,0.9759900330168529
95295,0.48439063927654114
95298,0.4344523780331826
95301,0.9874022634357436
95303,0.46068765262658384
95304,0.4234263607285016
95306,0.9554177733428085
95308,0.40145670388998944
95309,0.7140595978513887
95313,0.1929784404975597
95316,0.6647529434132886
95323,0.26409922807128705
95328,0.4229644437567677
95330,0.0
95331,0.6557703348343513
95341,0.4381024789049432
95348,0.18943748553804524
95351,0.6205644045161415
95352,0.5248194436546454
95353,0.4917789164030329
95355,0.12833427223803362
95365,0.6741486701481579
95369,0.9745083692062674
95370,0.2965113212754728
95371,0.6596178521388172
95379,0.6266422532633924
95387,0.4686947886052139
95388,0.19444733236401346
95392,0.34902035448963364
95394,0.3846149655729326
95395,0.8959095907769021
95400,0.0
95409,0.9868803740310664
95410,0.0
95422,0.2040671884134712
95424,0.9632313741666945
95426,0.9762861972510678
95427,0.9771460443411922
95428,0.9700928119118177
95429,0.871053760292
95430,0.39815303735853275
95436,0.5572167360742424
95438,0.45846784437765137
95445,0.440442331573388
95446,0.3621353671582745
95447,0.3426276704617075
95450,0.38057044242807275
95452,0.5270397594174169
95456,0.46175028942972246
95459,0.28341193752251176
95462,0.8817215116025343
95476,0.16033626418845087
95480,0.2859709381293519
95483,0.46397492092762294
95487,0.4292198477804728
95488,0.9232494638011688
95489,0.9808256500496979
95491,0.9678171146147705
95492,0.9867239513265124
95493,0.6758648416447097
95500,0.3680540290892003
95504,0.44778323374354634
95509,0.656399923429178
95510,0.2575699696708204
95523,0.9886365695334961
95527,0.5206515352641033
95529,0.49279044400804584
95535,0.22086070000330388
95539,0.9758304690995736
95541,0.30515346595298204
95543,0.6541509052313639
95554,0.3343336475606235
95555,0.9702015011620005
95563,0.9645242590170837
95566,0.497369353076794
95572,0.21634769867524137
95574,0.9724989249934797
95580,0.7721303843214273
95582,0.9673878341630823
95584,0.3818868504618039
95585,0.9738079742739756
95592,0.1840221816490268
95594,0.567786749607441
95598,0.9721498199374142
95604,0.7648765138526814
95607,0.9665325020377041
95610,0.5089024598311135
95611,0.4774926196206274
95612,0.9697198528915719
95625,0.39174934901969655
95627,0.43354383433549154
95628,0.3957187938830184
95633,0.9695096130974692
95637,0.16335300046239
95641,0.7521128812654653
95651,0.8578206748578434
95652,0.4814578965894483
95656,0.8367325778776619
95658,0.16498538447891745
95660,0.5477128665667724
95675,0.687882520283012
95676,0.8406781914904795
95678,0.5375108067331258
95680,0.974705899762544
95682,0.5911105599553412
95690,0.49443797050673
95870,0.0
95871,0.0
95956,0.0
97101,0.02259550828889758
97102,0.019908746941918555
97103,0.022191500574159088
97104,0.019144881917042854
97105,0.018676050462245294
97106,0.01765922968381861
97107,0.01785053995759813
97108,0.0
97109,0.01989849705708983
97110,0.11681867767034665
97111,0.027915567058730037
97112,0.015266315617810217
97113,0.021355660451226242
97114,0.022150165028587396
97115,0.022630363230361588
97116,0.03138529695392677
97117,0.020973337792442995
97118,0.017503991896413024
97119,0.030919938352978366
97120,0.0538231006312401
97121,0.02396436820885653
97122,0.020360577139161843
97124,0.017761693861389146
97125,0.01987196576024019
97126,0.015539438948925764
97127,0.0
97128,0.02064355913726726
97129,0.01925123019493153
97130,0.05190852124341352
97131,0.03085256172567965
97132,0.0207559738982643
97133,0.0404827125444412
97134,0.018019233605805266
97141,0.0
97160,0.0
97201,0.0
97202,0.01893196319724244
97203,0.0
97204,0.017013356497287753
97205,0.017545292769957865
97206,0.01792986959172831
97207,0.01724903543211532
97208,0.017917903742127927
97209,0.01630919824445532
97210,0.01801287180809595
97211,0.0
97212,0.017404808505516615
97213,0.0162751217243384
97214,0.0
97215,0.0
97216,0.016535514469890177
97217,0.016984813868103344
97218,0.016584203516245306
97219,0.0
97220,0.01755887808404522
97221,0.017812523329473813
97222,0.017109759691276726
97223,0.019202957548148977
97224,0.017102855948450152
97225,0.01612009179705936
97226,0.017079034968478173
97227,0.017005658539535236
97228,0.016482841286482013
97229,0.01672252611237289
97230,0.01672274122807868
97231,0.017771052668404775
97232,0.018017791978432656
97233,0.018119423703749856
97234,0.018983801346699053
97301,0.0
97302,0.01602514602615529
97303,0.0
97304,0.0
97305,0.0
97306,0.0
97307,0.01566192687856186
97308,0.0
97309,0.016111192390811106
97310,0.0
97311,0.0
97312,0.0
97313,0.0
97314,0.0
97352,0.0
97353,0.0
97356,0.0
97357,0.0
97358,0.0
97360,0.0
97361,0.0
97362,0.0
97400,0.0
97401,0.01718594342899052
97402,0.016994913327254266
97403,0.01675487188861102
97404,0.017050388801381412
97405,0.017739504266094205
97406,0.016206830335961608
97407,0.01862550503704028
97408,0.016257655670998163
97409,0.01710449829437011
97410,0.016005512400160887
97411,0.016544205947336733
97412,0.015404500186314752
97413,0.016227258221679662
97414,0.016528701825805275
97415,0.01612774096788833
97416,0.01946267284406652
97417,0.01617499808781815
97418,0.021062486034800366
97419,0.0
97420,0.024685940029589896
97421,0.016093697061567675
97422,0.01583508262579986
97423,0.01646469606106119
97424,0.01662514232224303
97601,0.0
97602,0.0
97603,0.0
97604,0.0
97605,0.0
97606,0.0
97607,0.0
97608,0.0
97609,0.0
97610,0.0
97611,0.0
97612,0.0
97613,0.0
97614,0.0
97615,0.0
97616,0.0
97617,0.0
99999,0.0
14616,
46331,
50160,
