insee,tourisme
,0.0
01000,0.0
01001,0.7335408454791458
01002,0.7168508341979999
01004,0.05677120709625632
01005,0.9611813585910378
01006,0.914694765334016
01007,0.04872238069106153
01008,0.15159966531918878
01009,0.2457412080418795
01010,0.4428007684225473
01011,0.11015516452617018
01012,0.342619377294232
01013,0.3325035262054897
01014,0.5757330835342869
01015,0.3182507775438075
01016,0.15991160649144914
01017,0.35102197874574453
01019,0.23357598426785026
01021,0.8944373728817449
01022,0.5580693587758985
01023,0.30866175403592117
01024,0.05983970002365323
01025,0.19881737858242363
01026,0.2295976387349171
01027,0.35139694708094016
01028,0.7969358349421877
01029,0.036318601148960614
01030,0.7031321625531164
01031,0.6472700292737086
01032,0.22560908949238298
01033,0.14275021850532946
01034,0.38231354305979204
01035,0.7348378706998775
01036,0.29732433128393976
01037,0.08523007014472787
01038,0.07172510167824078
01039,0.5272912999150416
01040,0.9156903443845804
01041,0.14728374446014755
01042,0.928770831266939
01043,0.874901998153996
01044,0.07095689275229737
01045,0.8324308402933944
01046,0.7553877280862507
01047,0.1994659550750993
01049,0.8634528030585791
01050,0.9274550926087495
01051,0.890051450766614
01052,0.782417577682483
01053,0.14363174213942417
01054,0.20319590564664594
01056,0.6242997448743546
01057,0.2678037839379169
01058,0.1683717933114173
01060,0.5830313131416736
01061,0.5450320128194959
01062,0.816600581685864
01063,0.11547002708613996
01064,0.3666307840005325
01065,0.153413347403158
01066,0.2615357106463018
01067,0.18825201365594313
01068,0.1322200043385095
01069,0.11136093554357848
01071,0.8758128697218837
01072,0.12293837480488878
01073,0.42542434728290957
01074,0.812715190166563
01075,0.8666291658554379
01076,0.34005424293391323
01077,0.1842931823733572
01078,0.728178750173143
01079,0.3817926341047977
01080,0.4565298300042356
01081,0.6149563669721833
01082,0.38466782894702184
01083,0.8615983496420264
01084,0.6936391188223288
01085,0.4010910523833619
01087,0.10136738226230214
01088,0.06189865016857289
01089,0.0676297366081237
01090,0.8922412591907214
01092,0.048659252982625974
01093,0.7308825184846383
01094,0.8554072394798842
01095,0.8384629332683956
01096,0.7124343422484379
01098,0.18185170914972126
01099,0.053499678265093095
01100,0.220229576550807
01101,0.08641952674998613
01102,0.9123582487604713
01103,0.8072216426033464
01104,0.15037649226583494
01105,0.7549857413209505
01106,0.9237216871940764
01107,0.3987284708970221
01108,0.6455685872671876
01109,0.6375204324060526
01110,0.9203436450101135
01111,0.34917668458484946
01112,0.09012307273929211
01113,0.8457440529114675
01114,0.13913823858246444
01115,0.14017382445799562
01116,0.21241305407247796
01117,0.4964935627082475
01118,0.4344674574003147
01121,0.6357053869841849
01123,0.37872923409898107
01124,0.03457279961109605
01125,0.8708400256769291
01127,0.7848295966569752
01128,0.7481755885023327
01129,0.8134353885193786
01130,0.05968582987078056
01133,0.4698455256457947
01134,0.261821850508863
01135,0.7032181497219486
01136,0.8438974202710078
01138,0.5060153390940894
01139,0.7556530855449686
01140,0.1115073913125735
01141,0.19569878940492716
01142,0.8569492587132871
01143,0.7482671954706238
01145,0.9014605996482175
01146,0.8317537079170948
01147,0.03710259443962768
01148,0.540780214478226
01149,0.05803949555980612
01150,0.8884411503427451
01151,0.0627959656969382
01152,0.7329339700166213
01153,0.6381085468117694
01154,0.0
01155,0.3504603278111336
01156,0.8616323323915378
01157,0.5992338787596524
01158,0.66417364047117
01159,0.2838646327632018
01160,0.8776234645263351
01162,0.5155955649564253
01163,0.7001958781485349
01165,0.49611529808680105
01166,0.673363137526594
01167,0.544617373070212
01169,0.5106576009881605
01170,0.5415605569202665
01171,0.6472133597881349
01173,0.6667789082162445
01174,0.7491842075093772
01175,0.907698259523756
01177,0.8921740374355958
01179,0.353066841925526
01180,0.8655819876867067
01181,0.5698401873823279
01183,0.5062538217225822
01184,0.8774714872192163
01185,0.24469977143247315
01187,0.05766356114739966
01188,0.8311360940329947
01189,0.47439034406793634
01190,0.26973864393890595
01191,0.5710637026030085
01192,0.521592932565237
01193,0.5553451140682515
01194,0.6667100715142673
01195,0.1050728186573773
01196,0.7263391610470302
01197,0.09136048111902832
01198,0.8566996996000967
01199,0.6173124775246768
01200,0.1542683616757508
01202,0.13723530369319092
01203,0.8299772701067616
01204,0.09268968758735754
01206,0.625440448111982
01207,0.9078495363114278
01208,0.5383854169677704
01209,0.1581995704278669
01210,0.7439584615955184
01211,0.8212712339241859
01212,0.6926553320597834
01213,0.046024230358016706
01214,0.17540963619943853
01215,0.50313952782009
01216,0.45441493806968813
01219,0.24053401742963856
01224,0.24596042556533515
01225,0.8381027759112994
01227,0.39196775271302786
01228,0.13887118808970528
01229,0.808804605004083
01230,0.7594220957245674
01231,0.31044375470557334
01232,0.05860960794293857
01233,0.8890260091148359
01234,0.3445636886881268
01235,0.7160851250934538
01236,0.8771900724759443
01237,0.10830972132482662
01238,0.7828055074208469
01239,0.5427360321823443
01240,0.8260670240359218
01241,0.07374006657819299
01242,0.6651401232852786
01243,0.530278251490724
01244,0.07276212923394762
01245,0.7600987694883975
01246,0.17205515297886484
01247,0.6262627246382362
01248,0.7969362740301272
01249,0.869338893759788
01250,0.7399918759111338
01252,0.8735105283880755
01254,0.11655101286072686
01255,0.07473764112043083
01257,0.11136474770281253
01258,0.49768497674137463
01259,0.855760463115144
01260,0.9222239528311925
01261,0.9390927853380615
01262,0.8068450744057855
01263,0.5075307869542062
01264,0.8151300277919546
01265,0.10572782044194413
01266,0.7937774261185451
01267,0.14005529646264253
01268,0.6376012440529334
01269,0.10437863885428557
01272,0.7327356319560526
01273,0.06265174794855607
01274,0.09618130609969701
01275,0.9023540021317195
01276,0.8708151382553795
01277,0.3574412274991748
01279,0.36774737654073947
01280,0.2341430463332515
01281,0.8790448492215585
01282,0.5806078922281017
01283,0.7713220363391885
01284,0.2717225533993488
01285,0.7708622751431632
01286,0.5923901245988267
01288,0.6606659099992261
01289,0.09699618494523164
01290,0.19991164270238856
01291,0.17987280114713847
01293,0.1486709172759919
01294,0.6090735303733589
01295,0.5008810263806601
01296,0.6937179727645649
01297,0.793435519290105
01298,0.6531811510287365
01299,0.6344480836968333
01301,0.12934691803229906
01302,0.5192168102532421
01303,0.6796567117539094
01304,0.05607184188640412
01305,0.20345792936389517
01306,0.24984447615361494
01307,0.11516165200829848
01308,0.692404686389574
01309,0.8986229599105472
01310,0.6398633811745702
01311,0.23430446900742843
01313,0.8304290056422933
01314,0.05315845967309513
01317,0.0903082947638984
01318,0.8938775482474551
01319,0.7365601102167687
01320,0.28424492956850306
01321,0.09379764141718795
01322,0.7406894982378038
01323,0.22461829011987075
01325,0.8451458902947117
01328,0.6014517337334123
01329,0.2129961784568169
01330,0.525501210928249
01331,0.15995977984815507
01332,0.23590319515138655
01333,0.7229432302991464
01334,0.8527496221105729
01335,0.8095452104949769
01336,0.8286265559755661
01337,0.1836946224155053
01338,0.5074015425472558
01339,0.6011193872430621
01342,0.9554923835809112
01343,0.19308486197023464
01344,0.1872319641224068
01345,0.0539662734089024
01346,0.14684272100688345
01347,0.5906077248937668
01348,0.5010045117671955
01349,0.8793448936078349
01350,0.07034006186247675
01351,0.8625716782013947
01352,0.8834216911365887
01353,0.5817486618453085
01354,0.8221144732449217
01355,0.18772457874681395
01356,0.6800265458824598
01357,0.10858153840378185
01358,0.2676546450472149
01359,0.717932138720528
01360,0.6874976941000117
01361,0.212344550019089
01362,0.9547064569152416
01363,0.04631391248590111
01364,0.8693588996784479
01365,0.22124418563671194
01366,0.05060469164164249
01367,0.8226246692473592
01368,0.7986674732931403
01369,0.11682195913976123
01370,0.3234178727289509
01371,0.9380216015670131
01372,0.3904158859825485
01373,0.09750968096135128
01374,0.07463303713629943
01375,0.10105190755329067
01376,0.8851970550487459
01378,0.2441867710858244
01379,0.04512434010145835
01380,0.7211731217113448
01381,0.8022856874407575
01382,0.9336052901268985
01383,0.8277897267596965
01384,0.4054338978477795
01385,0.8081334707868515
01386,0.11512584985816916
01387,0.9298295726097051
01388,0.8071240083914109
01389,0.7575686094979635
01390,0.19818119305273343
01391,0.8249555786357502
01392,0.5417787073112212
01393,0.5211443265098061
01396,0.11566204645716939
01397,0.9029009255486073
01398,0.8631600071771975
01399,0.8555631694495323
01400,0.3274170628816565
01401,0.728233778538074
01402,0.14562176108153913
01403,0.10247397418746218
01404,0.8556057246657094
01405,0.8213255395513882
01406,0.9049515604124906
01407,0.5904698836692994
01408,0.9022237827957748
01410,0.8649868588621703
01411,0.10200960498650878
01412,0.7288028605156233
01415,0.5933267755618309
01416,0.32899729240532644
01418,0.8889330340060471
01419,0.7297410291783899
01420,0.511058366785726
01421,0.11683020004827926
01422,0.11481297711647406
01423,0.7283448016800416
01424,0.8536400249940642
01425,0.07379696445604995
01426,0.763662764510289
01427,0.5815694488991923
01428,0.9479523489127054
01429,0.8088385970692379
01430,0.056015289113574875
01431,0.13433396085785745
01432,0.8323193236089498
01433,0.8010255709935713
01434,0.737019729428117
01435,0.8551266343825459
01436,0.776777183072603
01437,0.8899214620436122
01439,0.4350203260554781
01441,0.0651717005046915
01443,0.7754004254538666
01444,0.10186023133119815
01445,0.05649806727037013
01446,0.8557795232603839
01447,0.8316996125350434
01448,0.08001311683084017
01449,0.04571463498856502
01450,0.05030258399843737
01451,0.08792113816586934
01452,0.21747310849125354
01453,0.40894604453916544
01454,0.5530276108025378
01456,0.5183821088348818
01457,0.17535234765102045
01600,0.0
01800,0.0
02001,0.6220096671032359
02002,0.8508548624164723
02003,0.45152956142797585
02004,0.0834462567122666
02005,0.27431875490698066
02006,0.9494812187454599
02007,0.7443480705921641
02008,0.4649522310509396
02009,0.5601785031939422
02010,0.476071689302059
02011,0.7313585290428549
02012,0.6988289402994434
02013,0.13559228166544718
02014,0.6308355487818252
02015,0.9448398010737521
02016,0.7806308356614959
02017,0.3418292504874526
02018,0.9359100146683714
02019,0.9510502242793686
02020,0.14004744761555393
02021,0.19890869129121203
02022,0.926588298652503
02023,0.606623319243731
02024,0.7670200975860593
02025,0.9922851372674564
02027,0.24958316895641577
02028,0.2882813317803461
02029,0.6533310456054107
02030,0.6418087319146125
02031,0.12212420724946126
02032,0.9426523014390714
02033,0.7583413158419494
02034,0.8552863218399848
02035,0.15821129404376924
02036,0.6160225720258234
02037,0.25593027065020324
02038,0.29703258819930173
02039,0.18894144179085526
02040,0.20804823585223742
02041,0.6343921522336748
02042,0.8144802693663205
02043,0.9295507575781706
02044,0.24725213272001492
02046,0.25621123499250426
02047,0.20182473019628744
02048,0.29166659562755015
02049,0.8727574113760298
02050,0.34831639107802786
02051,0.10060771474090453
02052,0.9775239632820315
02053,0.5784387626765211
02054,0.40873679369924243
02055,0.41843782902643584
02056,0.9144567241120408
02057,0.8619505817458011
02058,0.6638085692652007
02059,0.8034312685198018
02060,0.6478789079818055
02061,0.9184328703880235
02062,0.11759115566732847
02063,0.6780925331876602
02064,0.6676532347080105
02065,0.6055253074367175
02066,0.5516701488120688
02067,0.1996285133858274
02068,0.09693329979913647
02069,0.132224254490749
02070,0.814555845295744
02071,0.7503299553302143
02072,0.7684249534096933
02073,0.31687231342879535
02074,0.8085498221804718
02075,0.5696037331278788
02076,0.3921556748022075
02077,0.4520150551603867
02078,0.8465613592816863
02079,0.641272044857649
02080,0.8617926347527646
02081,0.6497809014181851
02082,0.7300243044070792
02083,0.10202351286573656
02084,0.14212254963502116
02085,0.1235197057331972
02086,0.607917218866941
02087,0.9300228636954755
02088,0.8368705563294433
02089,0.5426357484944597
02090,0.75759440935823
02091,0.4534120598680119
02093,0.8309128171549318
02094,0.13737621593688631
02095,0.8393706855983627
02096,0.9215581467679179
02097,0.10808712150693925
02098,0.8090778411340249
02099,0.6346637058409511
02100,0.6205022885628807
02101,0.8630674651456023
02102,0.6544237822424888
02103,0.17878542020826563
02104,0.90231246463863
02105,0.1371764713274107
02106,0.6947123864841709
02107,0.8491152264619198
02108,0.4526241077671993
02109,0.15326935316745322
02110,0.6150934932601105
02111,0.9831727751972704
02112,0.8884980173409438
02114,0.1928129583518288
02115,0.6804134399047373
02116,0.12585700887782064
02117,0.9699379915302025
02118,0.49478671038747996
02119,0.6637266501427417
02120,0.5792714812381952
02121,0.6476738128631029
02122,0.9741892340826074
02123,0.9377331669211584
02124,0.940627746061132
02125,0.9676491272108323
02126,0.2709050215738925
02127,0.7222211322871179
02128,0.5041804441558589
02129,0.7427018619529754
02130,0.1864931730842424
02131,0.48265426938448713
02132,0.9714065201253269
02133,0.41234854192698706
02134,0.25434487262878847
02135,0.20167320836525954
02136,0.09143016874280946
02137,0.12561025830274708
02138,0.8453545407827642
02139,0.6453583417007349
02140,0.8094821469134096
02141,0.31732745385021593
02142,0.6369828727601768
02143,0.6703655617991977
02144,0.6481686570726828
02145,0.6466205850460511
02146,0.6760327332406089
02148,0.45376318120539316
02149,0.5750378973364166
02150,0.7632977070550183
02151,0.886888278898467
02152,0.6042723247859484
02153,0.9109315885653761
02154,0.8151502305528094
02155,0.4108300520900893
02156,0.3000432665831838
02157,0.3076925135917174
02158,0.823336962015787
02159,0.8140552838653842
02160,0.09708709153862574
02162,0.8814388618805343
02163,0.14213856259621369
02164,0.11145456551401947
02165,0.7823985320412227
02166,0.10915990726185805
02167,0.5990830797220196
02168,0.2511521743690993
02169,0.14567511000104816
02170,0.9254051887914646
02171,0.7564263542962288
02172,0.4384705080215088
02173,0.7797539864118721
02174,0.4675431148955221
02175,0.8888377938597807
02176,0.8789320134849814
02177,0.9431100890094056
02178,0.7092532525437911
02179,0.7619270815871492
02180,0.2769307012095062
02181,0.1519621428189672
02182,0.14005704221148066
02183,0.3925664332301112
02184,0.7603543205936879
02185,0.8892187184211222
02186,0.6788036166758948
02187,0.1807484697835465
02188,0.31598662114680515
02189,0.5654990635936711
02190,0.41979877871360005
02191,0.548273455619894
02192,0.789494599517814
02193,0.8736798086880894
02194,0.09711456395455048
02195,0.6405420665392755
02196,0.5232531625825595
02197,0.22882675890036627
02198,0.489747262635177
02199,0.8641480046135896
02200,0.08064197103764188
02201,0.36041846864100935
02203,0.6648856283192189
02204,0.8368914394750518
02205,0.7548436904266034
02206,0.6773565951858225
02207,0.6162365125502296
02208,0.8411223681815
02209,0.8075118380508263
02210,0.6608764368929274
02211,0.33682502645355983
02212,0.7407767927090126
02213,0.688358606364942
02214,0.8966440210658359
02215,0.6726964926890124
02216,0.3318244412721222
02217,0.8631497174789351
02218,0.2160215175825435
02219,0.8707960105150759
02220,0.8433444080831547
02221,0.143015879113331
02222,0.2921350313186165
02223,0.6556796006677
02224,0.5851472075192684
02225,0.8139018788777695
02226,0.5631830727103525
02227,0.09742532314005546
02228,0.676640229340459
02229,0.8384737910966652
02230,0.6213642210740445
02231,0.26773419302188867
02232,0.1545553715201235
02233,0.8573551816820825
02234,0.6310095354817953
02235,0.6598868533503901
02236,0.8706571001865054
02237,0.9554462712523372
02238,0.9693675693419609
02239,0.7024292984333461
02240,0.9106904116181612
02241,0.6003771031114125
02242,0.8842270650024002
02243,0.49879859876442695
02244,0.322330274660661
02245,0.5164516758552461
02246,0.9467871795209046
02248,0.8319308573973584
02249,0.9660019999744255
02250,0.6651557747787633
02251,0.502890813321646
02252,0.6876325218169473
02253,0.7679593706821257
02254,0.9788854597907936
02255,0.8467283180857612
02256,0.11792461376354398
02257,0.6565994392927259
02258,0.8243049341326835
02259,0.2514426930199135
02260,0.8313732893413964
02261,0.256065205067472
02262,0.760054373995807
02263,0.5075649890396222
02264,0.07694193212894529
02265,0.27778157152543664
02266,0.22160526562377036
02267,0.42150807319178824
02268,0.14561058066746319
02269,0.17429005433235242
02270,0.9413627968502263
02271,0.8612207269765594
02272,0.8140521920470436
02273,0.9422459250753559
02274,0.3681483872007459
02275,0.6243225219252299
02276,0.44142538645801666
02277,0.9276762139988289
02278,0.22520050284496876
02279,0.12095589232703478
02280,0.11511386331520648
02281,0.5648451722484351
02282,0.24462239930633153
02283,0.1969078664736604
02284,0.607349020166412
02286,0.3197048413591923
02287,0.583727628692577
02288,0.9509467196239523
02289,0.7220140307993304
02290,0.18442182001673021
02291,0.6034209391026645
02292,0.2102324167517067
02293,0.942771030653324
02294,0.5027349991602605
02295,0.1700820515931259
02296,0.6821580590633799
02297,0.14046911606441526
02298,0.19270426561780635
02299,0.1742048542873384
02302,0.8418772217629371
02303,0.7498649935084115
02304,0.8499797057649388
02305,0.08746330645866288
02306,0.7979531845056975
02307,0.6808376929756362
02308,0.21160578376928968
02309,0.2576839979012011
02310,0.973518013525228
02311,0.7611601212610428
02312,0.2518681608341999
02313,0.17714789092921274
02315,0.9497856334027326
02316,0.33316319532204997
02317,0.9473360413864969
02318,0.7785495411438692
02319,0.9375622854545661
02320,0.7315890628614122
02321,0.16794137839573198
02322,0.847595038710199
02323,0.9062602540120508
02324,0.25547142658483923
02326,0.7284678084948195
02327,0.9483742008416767
02328,0.7347364735851208
02329,0.8313106574268142
02330,0.7146625378633935
02331,0.1460303457121056
02332,0.10156973960235541
02333,0.9616718059988477
02334,0.915323396217054
02335,0.8391802186279522
02336,0.7975463786125793
02337,0.21073956098060362
02338,0.26997348536717763
02339,0.9711154717861039
02340,0.7766001372477985
02341,0.13024347477372666
02342,0.20409188393139344
02343,0.9403558930935614
02345,0.8639113670901889
02346,0.6371543218187616
02347,0.14111373037579295
02349,0.8288714739613471
02350,0.4582670086034766
02351,0.052956111653523825
02352,0.6321304797800331
02353,0.29196779858155153
02354,0.07511987624986005
02355,0.6582792776952853
02356,0.1024836350248036
02357,0.11602440003834913
02358,0.8655560836802428
02359,0.6946133542916277
02360,0.16302208026176787
02361,0.27323560457377877
02362,0.8889784315037554
02363,0.8345898742141972
02364,0.9859072906843508
02366,0.2074551366421887
02367,0.9747267893037578
02368,0.15290342501583204
02369,0.13782322715940157
02370,0.6166596949843225
02371,0.7633806251406411
02372,0.8224201718954418
02373,0.12239368269327947
02374,0.7077844612513596
02375,0.7942992222599009
02376,0.7856286822121109
02377,0.15369205916288364
02378,0.2000369753994347
02379,0.1434995798411096
02380,0.8684201029203062
02381,0.2267238331617248
02382,0.718875965369599
02383,0.8707352959032432
02384,0.15132925390597085
02385,0.14310088794686907
02386,0.17607017032849812
02387,0.6074961550645076
02388,0.4369826632851363
02389,0.10539139325287988
02390,0.8611444760125986
02391,0.23541028274650305
02392,0.6222031249018085
02393,0.5697825421085476
02395,0.8764812329813614
02396,0.6884252828698606
02397,0.8506538997240964
02398,0.8615225236428994
02399,0.18937218592511285
02400,0.46294059833321516
02401,0.13197822550116833
02402,0.6773404919088758
02403,0.18002707171426052
02404,0.21562316456792713
02405,0.24134464774787032
02406,0.87867211723828
02407,0.45802750366736783
02408,0.39000204836622415
02409,0.13339940949243778
02410,0.16710766912807834
02411,0.6429663535672182
02412,0.7987899469648617
02413,0.46338047337418503
02414,0.3878786784313285
02415,0.9329334727206143
02416,0.6354215471799889
02417,0.94381274925931
02418,0.21666742300048392
02419,0.45321883909948335
02420,0.7266728183172435
02421,0.5957625713948197
02422,0.18238041378411338
02423,0.8724286849921372
02424,0.49560308275641085
02425,0.17582687339184402
02426,0.6655083115164387
02427,0.8845772366348635
02428,0.8126160184934086
02429,0.9066994714426079
02430,0.5705836518439121
02431,0.8235356991892833
02432,0.5810928344099217
02433,0.127622687052422
02435,0.10120727873120407
02438,0.36646418485753296
02439,0.39274733044962956
02440,0.14264813407178553
02441,0.8950919049001566
02442,0.7312722508624819
02443,0.13796035732709672
02444,0.10579094343787405
02445,0.2133855776937149
02446,0.8603324615893412
02447,0.9680620515148178
02448,0.5485306936490834
02449,0.7549136624333787
02450,0.27626263302231013
02451,0.6645061969698394
02452,0.6739785035757176
02453,0.7669599462589718
02454,0.1629237199221745
02455,0.333725038528376
02456,0.597401623375931
02457,0.2284111365528608
02458,0.4713629125127772
02459,0.8475516816791568
02460,0.17581256959097585
02461,0.6509769614953773
02462,0.610413076565337
02463,0.08822748971303657
02464,0.47111975117138943
02465,0.12813503774111337
02466,0.7006642778338604
02467,0.7235631124330103
02468,0.22188656772171178
02469,0.6232125979459646
02470,0.22627483649803876
02471,0.913398010559852
02472,0.23773162469225445
02473,0.9648978573082596
02474,0.8256344563257328
02476,0.8361818724103087
02477,0.5449678273286379
02478,0.85198799074709
02480,0.23181384647540462
02481,0.6994098541970009
02482,0.9563792387653596
02483,0.5595555424431882
02484,0.6954556459019643
02485,0.4711262901081872
02486,0.6110697730538357
02487,0.670360159993296
02488,0.9075178406001884
02489,0.8692615512460281
02490,0.39125650813224216
02491,0.12686237659342167
02492,0.283980189025911
02493,0.21559628219259522
02494,0.38371176910181914
02495,0.25022559128566707
02496,0.7697133658037304
02497,0.48612360553917294
02498,0.5974636941040116
02499,0.42252897109728627
02500,0.8692976680834131
02501,0.8696876413957729
02502,0.1935438016321577
02503,0.7976033146614606
02504,0.861869782949975
02505,0.5868232578962452
02506,0.35039580275974774
02507,0.6441135192111245
02508,0.9099941509437776
02509,0.7937245470192422
02510,0.6744707085995787
02511,0.9694419725226161
02512,0.9441196021788875
02513,0.2610609497024969
02514,0.723359512452839
02515,0.7347649791787783
02516,0.11844759696262426
02517,0.8818765034088202
02518,0.5862044530146587
02519,0.0704625743274757
02520,0.490521226998777
02521,0.1420487455529569
02522,0.36813719139241385
02523,0.3975973635475165
02524,0.12023861068066803
02525,0.7240892363859512
02526,0.5061095444493401
02527,0.8828860465535202
02528,0.9221938678314764
02529,0.2727195935256396
02530,0.7236998050214696
02531,0.6903445697856363
02532,0.5450060687301852
02533,0.9676351650305578
02534,0.9414610372382727
02535,0.12769591704466693
02536,0.9624109712828879
02537,0.4547277692262191
02538,0.6288606857237359
02539,0.6360026947373646
02540,0.13625634939778142
02541,0.23268441742553425
02542,0.665499786042062
02543,0.765008607571688
02544,0.2169599044172556
02545,0.9054539453548454
02546,0.9179814888351048
02547,0.1473095844304443
02548,0.19426597467611845
02549,0.6485345518202417
02550,0.8085852386338267
02551,0.457069594877457
02552,0.8282892309300406
02553,0.1283054533554602
02554,0.1927265925136942
02555,0.7045602838668688
02556,0.142452389055278
02557,0.9086016664393702
02558,0.22890212115225816
02559,0.2825450645258828
02560,0.3393608119901902
02561,0.49263994728007576
02562,0.7238620008671751
02563,0.6955226543307789
02564,0.5182229027527167
02565,0.8226378687050622
02566,0.687468809993848
02567,0.20925625075307683
02568,0.6578199331520284
02569,0.20729572612879343
02570,0.9832907894500303
02571,0.6836978374190439
02572,0.5139787079578702
02573,0.8626773408247539
02574,0.23884916034769213
02575,0.7369131094651583
02576,0.7816416740537826
02577,0.7627715225794424
02578,0.6898944681766362
02579,0.7917252765044962
02580,0.75149733122559
02581,0.508994495266535
02582,0.695010406229662
02583,0.7635136472841979
02584,0.27179532265998746
02585,0.7872997386580382
02586,0.1631395249818888
02587,0.25118454507687715
02588,0.7640495702636114
02589,0.4670133990585945
02590,0.7081032976053658
02591,0.822056319285868
02592,0.8337902347043448
02593,0.5287398161688295
02594,0.7387319740559066
02595,0.6736405934297
02596,0.7241236522032526
02598,0.451448426051667
02599,0.9094220280553877
02600,0.5794243915867687
02601,0.37174113018021976
02602,0.48672175415668956
02604,0.9404079523178844
02605,0.9299923727460696
02606,0.7790722053005105
02607,0.49583133303403853
02608,0.26859628061358637
02609,0.7781818838330478
02610,0.5336419547166543
02612,0.7858703470660707
02613,0.1314857560373091
02614,0.5436446911445392
02615,0.690522559413814
02616,0.8418925867311919
02617,0.2347925419519909
02618,0.881128730973365
02619,0.9674531897847156
02620,0.6200739153896241
02621,0.5111123419889015
02622,0.8068378529949726
02623,0.14410329512921924
02624,0.6346225767631617
02625,0.22014265267154012
02626,0.10912220803159058
02627,0.16802897283565454
02628,0.3418443460149342
02629,0.14952120437541352
02631,0.6363163321802655
02632,0.881589084485423
02633,0.5740751332301026
02634,0.06962521598838753
02635,0.8555794636588829
02636,0.8372010371156196
02637,0.9337656981271647
02638,0.2486458337940315
02639,0.8509182168416008
02640,0.40710833242699135
02641,0.10358178499316584
02642,0.06817574419931004
02643,0.7186234078352389
02644,0.7367514847300555
02645,0.6425450475490017
02647,0.8999083374715996
02648,0.7866696050746405
02649,0.6497987827521906
02650,0.3868447790537617
02651,0.8209491047736296
02652,0.10316978208109742
02653,0.8704919643236816
02654,0.33955310000885913
02655,0.08716770917554942
02656,0.8946021904523302
02657,0.1375037147444906
02658,0.9543530548387598
02659,0.7475322478328768
02660,0.06368357141285558
02661,0.42672305695937596
02662,0.7423138437119705
02663,0.6938669085280583
02664,0.5708631649643255
02665,0.7679746709954214
02666,0.07800860886917753
02667,0.4700467863729137
02668,0.14075657262284003
02670,0.6702952725360191
02671,0.8905946563244233
02672,0.726403849674088
02673,0.7538727549169547
02674,0.21707840524439997
02675,0.728424138876645
02676,0.7377331945446387
02677,0.6985993609033699
02678,0.16984899684238694
02679,0.8479721220808742
02680,0.8123199335510636
02681,0.15938548652570492
02682,0.8039108574148851
02683,0.9086632378311477
02684,0.19222483056392162
02685,0.9144213535322132
02686,0.8279306340677818
02687,0.38318835925911643
02688,0.09254106128589007
02689,0.6627232367907729
02690,0.5144732468166338
02691,0.7716789177173633
02693,0.7712401432818665
02694,0.9854489478670272
02696,0.7725163229727893
02697,0.20436603130653375
02698,0.45837031821076296
02699,0.6412178133364536
02701,0.865413368700718
02702,0.722900195123454
02703,0.9033336102851914
02704,0.9224034311812235
02705,0.1379829416875412
02706,0.5170070871523156
02707,0.9119182865995847
02708,0.899549014032181
02709,0.8909400552219492
02710,0.8851916116334905
02711,0.6667546775827211
02712,0.05799216767256368
02713,0.5810487852864205
02714,0.6630407087201672
02715,0.7636731286054238
02716,0.7682278089197131
02717,0.9170564442534563
02718,0.636844636854423
02719,0.604310021925007
02720,0.17046871606038888
02721,0.8240880142578233
02722,0.687804879066132
02723,0.1621468748717615
02724,0.8022704345519036
02725,0.23930828359314354
02726,0.9395517717291698
02727,0.1822215838528705
02728,0.2165163163859734
02729,0.34968481891943093
02730,0.7362598053451251
02731,0.6261291174250473
02732,0.8931475821560899
02734,0.21109025394972436
02735,0.8932863179778345
02736,0.7422487196387643
02737,0.09808679486391995
02738,0.7314498591735005
02739,0.45447631840249586
02740,0.11512183974055014
02741,0.8075909990828902
02742,0.12296370668432163
02743,0.06601077249246182
02744,0.12513940860596895
02745,0.2539971752256897
02746,0.8452181557746934
02747,0.6430830847058132
02748,0.09576362580760668
02749,0.6166043682704875
02750,0.9152163833195349
02751,0.762408256870756
02752,0.9711322684835539
02753,0.20809040412709495
02754,0.9055781861432736
02755,0.40100029410224114
02756,0.6293412781882961
02757,0.1727885122448429
02758,0.7649569514422765
02759,0.5959339497113904
02760,0.8626058300604091
02761,0.28956736371315744
02762,0.8583852416350058
02763,0.6341077954374854
02764,0.7197371270799637
02765,0.4707480319518029
02766,0.47391603992760495
02767,0.7877462318993422
02768,0.4383795699197884
02769,0.8580468609441106
02770,0.628072062077677
02772,0.9381809688082827
02773,0.5280688890663964
02774,0.6236204713597399
02775,0.8480542779712773
02776,0.5951049633186076
02777,0.5335619251500472
02778,0.6905987220870056
02779,0.21278779749187454
02780,0.5146857963883312
02781,0.16742517978337512
02782,0.8719628633595798
02783,0.21015118400753272
02784,0.7932291975504819
02785,0.6414701023262191
02786,0.8512103460182896
02787,0.20778204525576457
02788,0.29196312953613823
02789,0.21960793710866347
02790,0.8813523792268447
02791,0.24813471356248507
02792,0.8619425152847013
02793,0.9244975814843982
02794,0.06499211707704233
02795,0.767557737594367
02796,0.610126143692329
02797,0.7727237612665602
02798,0.6855295626026277
02799,0.3880890945152396
02800,0.70067246309233
02801,0.12095440698865177
02802,0.08264962282080478
02803,0.16418967203587623
02804,0.821784113302378
02805,0.6209104906529324
02806,0.7419711507684477
02807,0.7046925972191036
02808,0.6204723919145948
02809,0.06407764516700083
02810,0.2674423079415853
02812,0.8654557572174869
02813,0.8842591933310797
02814,0.1604638411360047
02815,0.9400731684828335
02816,0.09165951572293225
02817,0.45610534748078385
02818,0.14512823239990671
02819,0.08910124082120285
02820,0.8189373347708783
02821,0.3021446572699575
02822,0.3171423437813389
02823,0.09961035933783548
02824,0.5051459163242121
02826,0.10316936156586877
02827,0.19469390462662442
02828,0.42133487932685343
02829,0.4720756633173108
02830,0.396229213403881
02831,0.20550246364440103
02832,0.34774159533416393
02833,0.32978442382796547
02834,0.9810922490469607
02860,0.0
02880,0.0
03001,0.503163596917615
03002,0.4547788686966311
03003,0.35489040039074937
03004,0.02890830028595907
03005,0.6535146237743531
03006,0.1740721207131175
03007,0.387368802352683
03008,0.3985392582393541
03009,0.03405713389453106
03010,0.06216333897218481
03011,0.04318078783771012
03012,0.5017896909211824
03013,0.12555201436702518
03014,0.39015260282814124
03015,0.04285627046060553
03016,0.0622246612347067
03017,0.029092877513301255
03018,0.043003313065354154
03019,0.031113131979632114
03020,0.6213600449255
03021,0.0459856074149592
03022,0.6030451135418587
03023,0.46494768511200507
03024,0.0961707851605562
03025,0.05110737821963404
03026,0.04903169863435452
03027,0.8801971740915352
03028,0.046916523763457535
03029,0.08598634253394312
03030,0.36459898176926847
03031,0.05609327173810592
03032,0.0664932379649963
03033,0.3661032391142339
03034,0.03733827585782704
03035,0.42369988293895516
03036,0.24184915496173415
03037,0.030220395059776577
03038,0.04675319540036637
03039,0.042206554862752384
03040,0.06402156786202265
03041,0.13896745173412
03042,0.03597238503692965
03043,0.08242010687705671
03044,0.31067692145778864
03045,0.36173668854827923
03046,0.526962024856157
03047,0.35842593883213986
03048,0.15391343293296827
03049,0.07362122246593562
03050,0.5002574345091412
03051,0.67474540980213
03052,0.7680650737508333
03053,0.5219396435602346
03054,0.04039802842981836
03055,0.5392316421895045
03056,0.3647139598941272
03057,0.5614570247076544
03058,0.12444598694812653
03059,0.035206928572102905
03060,0.48397716060055757
03061,0.086769875206697
03062,0.5462136827255359
03063,0.0546253855902518
03064,0.16192073039079535
03065,0.04069265433563207
03066,0.17390857505518434
03067,0.03199414072788006
03068,0.02899944597035964
03069,0.054039457923363496
03070,0.8371473976359208
03071,0.03154247984259013
03072,0.32128958551873554
03073,0.05621278265862831
03074,0.5701808501912842
03075,0.5989279691635967
03076,0.05371195201030768
03077,0.6865471857480377
03078,0.6067937376436178
03079,0.030249013692213264
03080,0.3718061101964836
03081,0.7460594067614956
03082,0.740639054513497
03083,0.03702511836673637
03084,0.47264968143752195
03085,0.5717559318848447
03086,0.0401281973053395
03087,0.3666318603938668
03088,0.6635249632263828
03089,0.7277640085856006
03090,0.3268473551133876
03091,0.07528057072802398
03092,0.05576174076552616
03093,0.31251702219517896
03094,0.3741144122082215
03095,0.33023596492131824
03096,0.5418284981490212
03097,0.08306288117020781
03098,0.1376314978725903
03099,0.05746023507968845
03100,0.031841744557335745
03101,0.17235000363093775
03102,0.04797555093773104
03103,0.12389385704291622
03104,0.8513588573428769
03105,0.0292240242316108
03106,0.6648159279398766
03107,0.06969922338991323
03108,0.6822288502303626
03109,0.09747038227856572
03110,0.3326507331118324
03111,0.09750480780167851
03112,0.06842688517264423
03113,0.21452890449335102
03114,0.0554554583500316
03115,0.07587470655419591
03116,0.5251164036916852
03117,0.11475965207940485
03118,0.059474744475019846
03119,0.3131665689860877
03120,0.41781656256566013
03121,0.057196029439694956
03122,0.18803797374291023
03124,0.1973550504421548
03125,0.5468468411803082
03126,0.4177288703423252
03127,0.03894884046126584
03128,0.08832207222077625
03129,0.6117636512831605
03130,0.14962897102392425
03131,0.5023914666529475
03132,0.03297353312925939
03133,0.07635327621101469
03134,0.07627667576886882
03135,0.6482112502277071
03136,0.06824370902238833
03137,0.0717631142721348
03138,0.03221142947842672
03139,0.5584982927710406
03140,0.16173549616301025
03141,0.5497077686023581
03142,0.1240459193702694
03143,0.03603242462966943
03144,0.13857157935067427
03145,0.709866714254667
03146,0.15410267413777934
03147,0.10468163586241495
03148,0.07609534319325995
03149,0.035757133852214636
03150,0.20461594390385052
03151,0.6609992800464752
03152,0.721587540679041
03154,0.2741810424938632
03155,0.2443580330216984
03156,0.04272297921116556
03157,0.08154615790335504
03158,0.06600146615667013
03159,0.7897502305398106
03160,0.3046456791941857
03161,0.19739598616444998
03162,0.5628024763407363
03163,0.5066185058603296
03164,0.09248179832133772
03165,0.26254809934917
03166,0.0523061303186157
03167,0.3541283458148156
03168,0.03002046134495175
03169,0.05272230066679941
03170,0.5340879046909667
03171,0.05457378967586791
03172,0.7940857203281092
03173,0.04609944383381506
03174,0.3422636140634741
03175,0.08311613016487825
03176,0.05288065145955531
03177,0.2032917076312066
03178,0.029054606268869562
03179,0.0490337808722287
03180,0.04623794859695288
03181,0.1393276432484807
03182,0.08794607341839301
03183,0.05552190586118087
03184,0.058371362272123174
03185,0.18227318541353635
03186,0.10916329854068235
03187,0.04433278514415535
03188,0.03501623434653699
03189,0.8449983775027115
03190,0.11109334133554845
03191,0.8370509107466564
03192,0.7113791278586845
03193,0.05354501145600477
03194,0.420489621942127
03195,0.5177657594264437
03196,0.17384913257269297
03197,0.0403584726084209
03198,0.17051480147184583
03200,0.08529367811317036
03201,0.48235840536693686
03202,0.5446722523898283
03203,0.27449688027344005
03204,0.04122949211357295
03205,0.044368805612352395
03206,0.29533282008475786
03207,0.038828378195389
03208,0.03869628681134385
03209,0.08932344768868163
03210,0.12881571257881405
03211,0.09819983000564063
03212,0.07993771661188373
03213,0.07500606500711583
03214,0.04741867883661209
03215,0.05326522159793218
03216,0.27362814016354364
03217,0.06340685404532048
03218,0.12978633259440783
03219,0.06453684483465108
03220,0.03990826180440269
03221,0.22964206968179657
03222,0.18701169746234364
03223,0.3593531530030522
03224,0.09165146409911169
03225,0.24567840256954174
03226,0.20289337420734524
03227,0.08049425970652371
03228,0.04183402783068956
03229,0.7074535700100693
03230,0.4050454185214938
03231,0.11057336313469884
03232,0.08487320362457224
03233,0.6935429168443517
03234,0.05114027401018762
03235,0.07219386688580692
03236,0.36905478050154245
03237,0.08630894444385794
03238,0.545594316928362
03239,0.0410528681576333
03240,0.26048178584381154
03241,0.02905112614075086
03242,0.03507985701991618
03243,0.09465161873731527
03244,0.13639440544644738
03245,0.32043027001354707
03246,0.0693171083904578
03247,0.49605693218337016
03248,0.30940903251691254
03249,0.4247572384025798
03250,0.028963079567557826
03251,0.1090188592397377
03252,0.10247909684814863
03253,0.036947370446218236
03254,0.056058158242585795
03255,0.0628168124407823
03256,0.06203016335860818
03257,0.031010963278535936
03258,0.3724085333633213
03259,0.5748643156199265
03260,0.06591635428799937
03261,0.7219684443373233
03262,0.1409058888813496
03263,0.05171497322321321
03264,0.5748707360365973
03265,0.031424162330485346
03266,0.07691634902356527
03267,0.03773946536979305
03268,0.08608177611002196
03269,0.6760228162576558
03270,0.10921292458837795
03271,0.3451203065898076
03272,0.030146983164758653
03273,0.364578186109153
03274,0.03131948568618978
03275,0.5200634335308142
03276,0.056821479894121556
03277,0.10689290015795963
03278,0.5414828224340091
03279,0.7165957999615644
03280,0.3443104796989689
03281,0.054647764826946055
03282,0.11385071988943657
03283,0.03610953755750333
03284,0.041641665128984234
03285,0.5978326377815
03286,0.0651916315787719
03287,0.05164291086653799
03288,0.08750363604457984
03289,0.04267031068256387
03290,0.06546891148443632
03291,0.03008631579573052
03292,0.048718253726499565
03293,0.03366072179380436
03294,0.47973778089116315
03295,0.6592714510962996
03296,0.26096145231806206
03297,0.04013106130731769
03298,0.057906908658235764
03299,0.03006503717185476
03300,0.03481845782096192
03301,0.10217762266129665
03302,0.6683499871766482
03303,0.4984001442244944
03304,0.3906693757290138
03305,0.057794617920300724
03306,0.41473374808539104
03307,0.035633466805081775
03308,0.616069262151644
03309,0.14991554866631396
03310,0.5039492080209783
03311,0.0540669544107489
03312,0.3709029808655839
03313,0.15202961276106708
03314,0.7076572640435299
03315,0.6952796380521532
03316,0.04250735208151352
03317,0.6255295119662043
03319,0.05254111117152358
03320,0.1329024777404061
03321,0.08837774390370369
03400,0.0
04000,0.0
04001,0.3918631121024209
04004,0.3234902702476378
04005,0.2935150118707513
04006,0.34897037202738446
04007,0.2238642438815737
04008,0.30930117114069583
04009,0.5815902801327505
04012,0.8000264532720074
04013,0.34968332180859574
04016,0.8479046741574676
04017,0.14298573959707347
04018,0.41045509544522896
04019,0.49961528031366104
04020,0.3314427358132389
04021,0.3686036510243687
04022,0.11899149313984107
04023,0.14833925003218001
04024,0.16221251188430563
04025,0.23760803265193814
04026,0.3768308669561316
04027,0.25660233933662513
04028,0.23078169539656546
04030,0.16623619471291004
04031,0.2878510471021817
04032,0.3724862295614149
04033,0.1387945883699672
04034,0.2752028846707611
04035,0.3046932978795363
04036,0.4835649544134935
04037,0.5275729184649562
04039,0.2424097452475757
04040,0.8633938964330723
04041,0.3707675213862309
04042,0.5765527879190092
04043,0.38452087606850005
04045,0.5223355347239415
04046,0.29007532826181087
04047,0.39452122309466947
04049,0.26149348829596614
04050,0.6851681414494273
04051,0.8348537327775074
04053,0.24221811108261285
04054,0.3099507114543742
04055,0.21548123700882202
04057,0.5427681797485174
04058,0.14084059317445574
04059,0.19627861120509418
04061,0.17505415720937303
04062,0.4817424099897644
04063,0.2396841407191956
04065,0.8099347780381083
04066,0.15800802987433354
04067,0.6343638781807017
04068,0.6837287816930423
04069,0.17965930371212874
04070,0.40974033736093374
04072,0.4776805973194406
04073,0.25222912122054075
04074,0.25206536080021524
04075,0.24887402467680586
04076,0.4376463660843621
04077,0.41946812971320846
04079,0.24479376678527381
04081,0.4324748168118253
04084,0.3241289749351331
04085,0.6151753382693019
04086,0.40286881536383756
04087,0.3967388052333204
04088,0.664828682944811
04090,0.41679499929012626
04091,0.19197491226549604
04092,0.22197679223091052
04093,0.43467492142512776
04094,0.23212204959650784
04095,0.4694064879552579
04096,0.34832546121126146
04097,0.39277549955030067
04099,0.7167780790345492
04100,0.0
04101,0.43481680510065457
04102,0.2151388181841379
04104,0.4884551141545993
04106,0.2365068835016392
04107,0.6132923803890856
04108,0.2973922319022902
04109,0.2752364265913151
04110,0.32702007371171976
04111,0.5727797792546996
04112,0.43656835277252076
04113,0.4710904560248568
04115,0.2996733473978718
04116,0.1415910748262835
04118,0.1371604220321231
04120,0.31678150832302227
04121,0.23749345290860036
04122,0.3104430012394739
04123,0.2495045973781819
04124,0.23312527888681106
04126,0.19874989228386636
04127,0.20886234767818646
04128,0.5623497281937797
04129,0.5175362679216907
04130,0.702139030791227
04132,0.3534805755542222
04133,0.10269445590714417
04134,0.6056813733879052
04135,0.23134109944428216
04136,0.13807565511242906
04137,0.6668894160630134
04138,0.22228341674351043
04139,0.8862326428124517
04140,0.23721714371206243
04141,0.4910445410428049
04142,0.7334686747560574
04143,0.20744783621497925
04144,0.2615783929290467
04145,0.31563720638336207
04148,0.25087996843177834
04149,0.2084636330458351
04150,0.38569899038018973
04151,0.20818938296015288
04152,0.30168385128731057
04154,0.12063285380552527
04155,0.09560637617541055
04156,0.4345572436433507
04157,0.1380280031209013
04158,0.1872445113757723
04159,0.27454187009947956
04160,0.5112981187846957
04161,0.21899108855605898
04162,0.6771998112570484
04163,0.31269035710851084
04164,0.6936834035680973
04166,0.22215577575565665
04167,0.4888338646114336
04169,0.3528664186918252
04170,0.4654619406496217
04171,0.35961698534553205
04172,0.9004960612315578
04173,0.19042556022003665
04174,0.2859583989588434
04175,0.49419594141560425
04176,0.285826530368301
04177,0.7664831650481246
04178,0.6962832451911178
04179,0.6745634310874786
04180,0.2041391320416455
04181,0.18783002188477135
04182,0.29605748101818047
04183,0.467548410924512
04184,0.24004060926694545
04186,0.342282525310126
04187,0.10348875226372833
04188,0.6014482720367326
04189,0.35084485728978637
04190,0.4973807571696181
04191,0.22540995811352738
04192,0.5566007772485504
04193,0.18961813397134117
04194,0.521045740607351
04195,0.3124259293227197
04197,0.30621789172642266
04199,0.8163204505013892
04200,0.3363604588881512
04201,0.4712527001707323
04202,0.6759144301549399
04203,0.17585721419612693
04204,0.10035114530864812
04205,0.15763687782550628
04206,0.18700392886310804
04207,0.1524112760934944
04208,0.44266998506801936
04209,0.32776729779669633
04210,0.21906727702746268
04211,0.26221469002953063
04214,0.9351719789130043
04216,0.15840139965437944
04217,0.8141029820377799
04218,0.13565578099576447
04219,0.20891122302163234
04220,0.28248197162885497
04222,0.5230338026326339
04224,0.3258784270359409
04226,0.21021636480969502
04227,0.7541394859188169
04228,0.6709805476446584
04229,0.2268008217450212
04230,0.19287255283423999
04231,0.2607583716364727
04233,0.2141152932156349
04234,0.3825966062554029
04235,0.12857965102242253
04236,0.3071190758062887
04237,0.18303454851507214
04240,0.18410129613235368
04241,0.5863078585859633
04242,0.24712079880096924
04244,0.28465432230452187
04245,0.3561249764614235
04370,0.0
04400,0.0
04401,0.0
04900,0.0
04901,0.0
05000,0.0
05001,0.11046063484288772
05003,0.16478442534724239
05004,0.24524505423233753
05006,0.5904164282201936
05007,0.4154537612003762
05008,0.15909177340301817
05009,0.03225138350350161
05010,0.15820198109381345
05011,0.2969808349788005
05012,0.2639326208777728
05013,0.10803183292097099
05014,0.6104142003242132
05016,0.14546510020130665
05017,0.26711637558459633
05018,0.3659955085022681
05019,0.45839783492137764
05021,0.15171897358256697
05022,0.381843698942619
05023,0.7138077451346061
05024,0.07496506141411324
05025,0.2622180279349405
05026,0.1458261175495955
05027,0.5185163285499685
05028,0.16553709635221753
05029,0.26803543536936253
05031,0.3561038302521862
05032,0.2762660308386583
05033,0.12595713963519442
05035,0.15186569929853042
05036,0.19120152146734828
05037,0.4894369082157627
05038,0.34815447564201546
05039,0.05128908944143482
05040,0.24707938391475334
05044,0.639137644652568
05045,0.1681765162429387
05046,0.27251893900636853
05047,0.7936237939946581
05048,0.12668805412944065
05049,0.13842823593936968
05050,0.44666500244202445
05051,0.2662712642521397
05052,0.1498435947095615
05053,0.37968197605847254
05054,0.22439133445865395
05055,0.15158127285363068
05056,0.26024773334779927
05057,0.5602476413278565
05058,0.24921387896778383
05059,0.5749254974770673
05060,0.15471803053063543
05061,0.38148888148158794
05062,0.04643685820516854
05063,0.22615087951287885
05064,0.2938261315008449
05065,0.12820065662174862
05066,0.8677048137426234
05068,0.4578235911318268
05070,0.14833015969462338
05071,0.1730593638017324
05072,0.24996006814693622
05073,0.1408371837722869
05074,0.47812221618156164
05075,0.684752072806667
05076,0.14108629984162832
05077,0.09162373017413686
05078,0.14541625989941767
05079,0.5605906178884559
05080,0.538530066657548
05081,0.13837534137197183
05082,0.3232003278577083
05084,0.26610771654961246
05085,0.8315446448249249
05086,0.11558259529666624
05087,0.14917293552661495
05089,0.2037745451224073
05090,0.11360502454545313
05091,0.10586973822218511
05092,0.4766566628109485
05093,0.6093435842519808
05094,0.4257796244875042
05095,0.1747872955659239
05096,0.4246587559459449
05097,0.39108229754601836
05098,0.7054135765160968
05099,0.07916903161103929
05100,0.5442124663837102
05101,0.8798040593688183
05102,0.11893092168766596
05103,0.24653479822847313
05104,0.19630110521971952
05106,0.18348939119682275
05107,0.6893092647980742
05108,0.14744219229278746
05109,0.7152213857250483
05110,0.868766010064629
05111,0.18752302082352726
05112,0.4950318778913409
05113,0.36235315205452956
05114,0.6219370383611397
05115,0.40137902018549715
05116,0.19012829999316586
05117,0.09929703051897017
05118,0.21427201084837907
05119,0.24216865174825816
05120,0.0
05121,0.434021858776578
05122,0.4261566718392845
05123,0.6554164811739152
05124,0.3178559163202667
05126,0.09533566797357002
05127,0.21321987522058494
05128,0.20617982059429052
05129,0.09587627543521553
05130,0.16426349232595405
05131,0.10186211226376811
05132,0.18852117528873322
05133,0.722032003115426
05134,0.2130962157262257
05135,0.23578897336370858
05136,0.22908982999744024
05139,0.05133116399484929
05140,0.4908702534107511
05142,0.0576505303290673
05144,0.3021393772725239
05145,0.5355252007562711
05146,0.36661807071390234
05147,0.21542503620701947
05148,0.2626751223902683
05149,0.5782424042125027
05151,0.6867678074944221
05152,0.22997367815119718
05153,0.5578788125457842
05154,0.3752817437151936
05155,0.70599692191409
05156,0.28738052362320704
05157,0.20478573548354226
05158,0.21925281736716093
05159,0.4440342952928542
05160,0.6797817588020082
05161,0.8319564856311186
05162,0.18852666080843408
05163,0.15732712793658307
05164,0.15815918098742346
05165,0.15482391286408137
05166,0.23190186064744361
05167,0.13788257945525334
05168,0.18878422444219772
05169,0.08083319455731172
05170,0.48444528762886035
05171,0.3841013820856719
05172,0.17074211041310053
05173,0.16732764718578003
05174,0.6308910546781467
05176,0.45563781163819367
05177,0.2328489145695026
05178,0.1368086929254571
05179,0.10603050558374602
05180,0.6735620229719029
05181,0.44775580821909533
05182,0.39750131100497504
05183,0.6067176431795631
05184,0.1360560445025173
05250,0.0
05260,0.0
06000,0.0
06001,0.49703614922968226
06002,0.4990495292068066
06003,0.544075801431401
06004,0.7850470348268493
06005,0.5860493151170415
06006,0.8193329682227808
06007,0.5443261393460842
06008,0.49684934927579105
06009,0.5695621881850095
06010,0.8627146861682539
06011,0.8411282192193215
06012,0.800850345875969
06013,0.3230140952857426
06014,0.9610476255004428
06015,0.9637260366317759
06016,0.624477850876409
06017,0.9991520687028944
06018,0.777617831238533
06019,0.7863256797906493
06020,0.45148672371609727
06021,0.902878767551301
06022,0.9362634791148784
06023,0.34079691931245104
06024,0.5042197241617721
06025,0.9347845662789378
06026,0.6881192360754307
06027,0.8083638370012288
06028,0.47992903166246725
06029,0.661971736784279
06030,0.6962488226150063
06031,0.8222818776648314
06032,0.8020527051329941
06033,0.9490099044006366
06034,0.9405683432348947
06035,0.4480297900346432
06036,0.45675314955224
06037,0.7960201127151258
06038,0.821976876403058
06039,0.9628571675113627
06040,0.8999361573376142
06041,0.8358629769150564
06042,0.6107278090039188
06043,0.9125043267280197
06044,0.7583678633779617
06045,0.5563390264441347
06046,0.8386871081597803
06047,0.9892517638755657
06048,0.9642768749443128
06049,0.946574538676909
06050,0.9641824939314485
06051,0.44006821709630994
06052,0.6362128134030135
06053,0.9185370514217414
06054,0.8158599647356031
06055,0.8371411129301827
06056,0.8832239455391093
06057,0.9622625121885992
06058,0.6448705225633522
06059,0.8007883552963592
06060,0.8574380525775066
06061,0.9932027719036489
06062,0.19391737437644896
06063,0.4871569523499718
06064,0.95574017684464
06065,0.8433497468781889
06066,0.9103967089264743
06067,0.7257307465093679
06068,0.8418082061409247
06069,0.5613476296849638
06070,0.7536634291209772
06071,0.9380767622935239
06072,0.5949672656546273
06073,0.7260131876969765
06074,0.5972403916397312
06075,0.8975566553526795
06076,0.5611717462386852
06077,0.7475969927524189
06078,0.5496352838606766
06079,0.6576645746058539
06080,0.6203818073660372
06081,0.6716572023449868
06082,0.6299117009262529
06083,0.5843528042488222
06084,0.6515090982290712
06085,0.7099465074012554
06086,0.7876636935324908
06087,0.521309749296147
06088,0.860880343114994
06089,0.919142727554608
06090,0.5726866176802446
06091,0.7103614804674606
06092,0.7932941315001509
06093,0.5538477244098421
06094,0.6879469934755212
06095,0.4798711853858153
06096,0.6807039852281612
06097,0.8571992352813964
06098,0.5098083128347666
06099,0.5523791294149154
06100,0.8057877238799602
06101,0.5138259855732756
06102,0.5254622670825932
06103,0.4520696561803477
06104,0.7166985271158224
06105,0.911083540584516
06106,0.9838298020015188
06107,0.9639033006632904
06108,0.620745611191836
06109,0.9352690662267108
06110,0.555937258154802
06111,0.5243925567644163
06112,0.9190299447751854
06113,0.6938927644400036
06114,0.8176746821945401
06115,0.5831326373770435
06116,0.5386860253756619
06117,0.9332829760959308
06118,0.5586226705900206
06119,0.6647474762121006
06120,0.762822933455407
06121,0.9382639495695653
06122,0.9398436491190133
06123,0.8375924578507085
06124,0.9329782298584373
06125,0.9000541022386779
06126,0.9377950225567613
06127,0.607814834659801
06128,0.7739162171859145
06129,0.5168380855139504
06130,0.5939126759519291
06131,0.5407259415760821
06132,0.16623487665112865
06133,0.9143269084949119
06134,0.3591202219626189
06135,0.6218806888841754
06136,0.5109403857294214
06137,0.679898041168189
06138,0.9309986046198329
06139,0.571563552198631
06140,0.466010152219683
06141,0.8604421377157447
06142,0.979483831864992
06143,0.5722519496880178
06144,0.6083062862007005
06145,0.8088519647703195
06146,0.6644341485999544
06147,0.8020327106428413
06148,0.9260953169400161
06149,0.7759267691091672
06150,0.8154937656348543
06151,0.5462999522455873
06152,0.7332391464917859
06153,0.44691097295717586
06154,0.3675209610453772
06155,0.7350528863282526
06156,0.7162655877932208
06157,0.7358911352024713
06158,0.5962416071112863
06159,0.8261615592875005
06160,0.9018097377790983
06161,0.7765211660015179
06162,0.17254322614914924
06163,0.11769313989129816
06200,0.0
06210,0.0
06220,0.0
06250,0.0
06270,0.0
06300,0.0
06410,0.0
06510,0.0
06530,0.0
06800,0.0
06900,0.0
07001,0.1250740395148714
07002,0.2904863582019989
07003,0.4097233339308817
07004,0.26766623372249115
07005,0.6515071539512978
07006,0.16992053235434376
07007,0.8695279863494272
07008,0.7227006002536867
07009,0.11825915791447182
07010,0.10792723560147856
07011,0.19979640957371733
07012,0.29948131776525216
07013,0.0994315391460474
07014,0.5815221742694512
07015,0.09670399639105881
07017,0.3235504278277818
07018,0.08208034262321821
07019,0.4965271934618114
07020,0.7643165191268108
07022,0.19484835132214226
07023,0.352504433711089
07024,0.3604691805816171
07025,0.12699490547910242
07026,0.15766611365381866
07027,0.1590308388650055
07028,0.4285001594308123
07029,0.38537041110885467
07030,0.24560748132373283
07031,0.35344578300397694
07032,0.9138873554477979
07033,0.5226349729481506
07034,0.48430551367336866
07035,0.7064474116652933
07036,0.13815935070383936
07037,0.15248592045434953
07038,0.07678763257763592
07039,0.5840766136456288
07040,0.7696197546135009
07041,0.10221187610264641
07042,0.18255564859332327
07044,0.10968427719520842
07045,0.5056317730469772
07047,0.15120549406704475
07048,0.12555121197694386
07049,0.1119828723465129
07050,0.3973915795207947
07051,0.15523977166927366
07052,0.8962990508687757
07053,0.37959507220367633
07054,0.24841128957940048
07055,0.17936112658385794
07056,0.667175753255077
07058,0.4002248970908896
07059,0.28332993136270246
07060,0.5933565744916355
07061,0.37322876866175636
07062,0.5463473006424947
07063,0.08958052097348541
07064,0.18875592967249777
07065,0.21806704493094953
07066,0.7521750851041775
07067,0.1326828064021448
07068,0.7972703604217746
07069,0.7358898519531891
07070,0.299213923653499
07071,0.07912589882443387
07072,0.7013759724187439
07073,0.6526208946809483
07074,0.2622886624993486
07075,0.20207297649537317
07076,0.22418889538546122
07077,0.3395378634926642
07078,0.17889429508226298
07079,0.06596362619931781
07080,0.08070890682445514
07081,0.35889763747677944
07082,0.10391025359470918
07083,0.760071710205205
07084,0.10284541576584127
07085,0.23512382899649004
07086,0.7382798974897941
07087,0.2521113979503032
07088,0.41121521228686714
07089,0.13460181156188894
07090,0.7208388129437842
07091,0.4586747889261482
07092,0.6739142552753026
07093,0.32199666867136006
07094,0.7285548941416784
07095,0.7633783664954469
07096,0.2603865491532303
07097,0.25719925358851026
07098,0.2861260950968797
07099,0.5627498872669922
07100,0.3466361217675804
07101,0.4317938471366241
07102,0.24336563307179687
07103,0.06080166447312826
07104,0.3472984144643614
07105,0.08341347033505726
07106,0.5265888337775713
07107,0.2302137603974241
07108,0.1378158217816154
07109,0.46228643454640633
07110,0.46251328110719614
07111,0.1873959426611562
07112,0.2752143695661317
07113,0.38905216393072206
07114,0.22193943367781002
07115,0.42708483110976897
07116,0.29062410075825995
07117,0.36809312933864874
07118,0.6052504871695347
07119,0.5125330560980224
07120,0.1108330731201959
07121,0.4743702666537661
07122,0.3995198479166989
07123,0.3545453621415315
07124,0.19873865325935947
07126,0.402173492098823
07127,0.24116599528544608
07128,0.30244702919838823
07129,0.14160993405998765
07130,0.09096979324054784
07131,0.4048568827105839
07132,0.42501209857362837
07133,0.6378636204365032
07134,0.44195905248887024
07136,0.16459268210698821
07137,0.07688843951648322
07138,0.35364183467555327
07139,0.2572394175106684
07140,0.12991912802377376
07141,0.2895950996107441
07142,0.11730457751097292
07143,0.6375619885382126
07144,0.1833665158719923
07145,0.294543850015607
07146,0.6887833992885729
07147,0.24204797408926854
07148,0.3277716579342747
07149,0.15146961277757598
07150,0.12198417988663991
07151,0.06404526545802681
07152,0.2321933366301913
07153,0.12203716180312628
07154,0.07689777755444893
07155,0.3066842112572003
07156,0.24521925404412126
07157,0.15588908751812416
07158,0.13321729389362197
07159,0.442311803316337
07160,0.48372424712381706
07161,0.15496395085670023
07162,0.4322300650770787
07163,0.16326576085987543
07165,0.061667406484657704
07166,0.19750960660522324
07167,0.5601913334229555
07168,0.4659908816988814
07169,0.11128477169613846
07170,0.19525546494221988
07171,0.2652767321978227
07172,0.13461531659667997
07173,0.21074942221473897
07174,0.5321014811497562
07175,0.09045880269068957
07176,0.3749435021583977
07177,0.8301685029531469
07178,0.23532414281654418
07179,0.28788098206012114
07181,0.15407891282948977
07182,0.25463567827108946
07183,0.4604373298686031
07184,0.2931287725217678
07185,0.5226861985619782
07186,0.705694892578123
07187,0.49900497295835644
07188,0.7349909963711546
07189,0.3528648923830969
07190,0.368822900283884
07191,0.8282759485284146
07192,0.08852466890840442
07193,0.5330127618749836
07194,0.7597719680096587
07195,0.1590399540649655
07196,0.6108376049525003
07197,0.6322085298988849
07198,0.13323533288300834
07199,0.4699023445249332
07200,0.643542269361014
07201,0.4871862879834125
07202,0.27331500235406947
07203,0.2265385953899266
07204,0.06387817978577318
07205,0.49178043571422475
07206,0.0860564602621862
07207,0.47403576879711057
07208,0.5902184945653949
07209,0.1924315368358813
07210,0.20894371194909173
07211,0.3989596917377891
07212,0.10605991139085205
07213,0.292610984572712
07214,0.09350849056929281
07215,0.12881924505858672
07216,0.5834118759600466
07217,0.17219794860148258
07218,0.08490986520862763
07219,0.9360023448895448
07220,0.1357298262504981
07221,0.6515494108561286
07222,0.08805810849189884
07223,0.2704927787025608
07224,0.4901732641701146
07225,0.125367890587812
07226,0.21786429615540667
07227,0.12584321731655584
07228,0.1295003836557621
07229,0.4846966767129587
07230,0.3169892821937001
07231,0.4455876479201258
07232,0.07774620500418233
07233,0.36491537955821646
07234,0.12235703841675173
07235,0.18516854771597774
07236,0.3457140413361295
07237,0.7245794734599421
07238,0.3780231142597907
07239,0.1268272231723114
07240,0.14807559562795536
07241,0.34406597145549284
07242,0.420658846150117
07243,0.11323774975170002
07244,0.08197706619133607
07245,0.15543124627639893
07247,0.5199740438878199
07248,0.06442031800957757
07249,0.09849250180207723
07250,0.7766390995151036
07251,0.3178297533213379
07253,0.41074618321008244
07254,0.291048183560479
07255,0.6846660643364735
07257,0.6425527847474426
07258,0.31692330805939184
07259,0.18860120838266167
07260,0.7455594438962785
07261,0.791121551661377
07262,0.14889565770495228
07263,0.34847784223886275
07264,0.1759445250547308
07265,0.09456990507844255
07266,0.205219093314632
07267,0.16461258273226623
07268,0.6482057944141105
07269,0.11310373379239258
07270,0.9335442332723708
07272,0.5135441854718417
07273,0.5546256354143299
07274,0.32874347310948815
07275,0.34871255010145763
07276,0.09038047733368379
07277,0.32139415812609523
07278,0.5117448738101613
07279,0.1972266628032481
07280,0.37381598645258746
07281,0.18670875025103695
07282,0.1903425363234468
07283,0.9345338334505221
07284,0.25052964747402906
07285,0.11082415214969116
07286,0.4828344642225305
07287,0.7435335857093841
07288,0.3587002528669513
07289,0.3956099598687154
07290,0.0658800680481665
07291,0.4817689410886312
07292,0.6633137054609445
07293,0.860668639303137
07294,0.39173366544779803
07295,0.3631025730774292
07296,0.4045392223293732
07297,0.85953200228277
07298,0.7239894613863535
07299,0.33559912772100475
07300,0.6436580464624934
07301,0.6082357003339914
07302,0.8676208927503278
07303,0.8547161668843795
07304,0.4625814206228508
07305,0.36033741711225187
07306,0.42018995907521156
07307,0.3977372427753987
07308,0.10277936191619329
07309,0.38180435438716287
07310,0.10973282870243534
07311,0.7734540764743546
07312,0.09265407527127933
07313,0.5424554112031039
07314,0.2218958810639437
07315,0.18226905435051935
07316,0.21983435560078532
07317,0.11115232371189938
07318,0.5611146625604607
07319,0.7322460489346576
07321,0.11540352953101965
07322,0.20029741725582859
07323,0.15422140061549475
07324,0.20959550580290773
07325,0.3367635078184167
07326,0.42014524380386975
07327,0.42853025803109407
07328,0.4247405783698616
07329,0.31299495422191487
07330,0.49242560345410696
07331,0.23518563126461384
07332,0.6643483012441752
07333,0.47659118122893646
07334,0.36823734112120654
07335,0.4121280125114947
07336,0.48873519959608785
07337,0.11108150050653576
07338,0.5713815427921274
07339,0.27765904385017304
07340,0.37443083411197864
07341,0.5060397865197396
07342,0.7064394069265562
07343,0.424784102417344
07344,0.11946245856945659
07345,0.12868454495445972
07346,0.22480481992475612
07347,0.5283650652699029
07348,0.34983120694174885
07349,0.15246815920322024
08001,0.15833297943519367
08003,0.7179477909672266
08004,0.1658653921582198
08005,0.23677258242029878
08006,0.37572742340335474
08008,0.5041272746100077
08010,0.522236231767973
08011,0.6323999258387594
08013,0.6003845737771042
08014,0.23877139862991115
08015,0.0881880756904537
08016,0.0
08017,0.17138276152745105
08018,0.20272942985335282
08019,0.613766514891983
08020,0.18649317069185514
08021,0.17835694570159077
08022,0.719166097407221
08023,0.5515168211648469
08024,0.12115481118803223
08025,0.3512740745769816
08026,0.2675249714991752
08027,0.13752222069107162
08028,0.3664785628695751
08029,0.46422336113618873
08030,0.09852326797518304
08031,0.3974124542250538
08032,0.1997258201858482
08033,0.16056340959875628
08034,0.49206696972402275
08035,0.15763431611748124
08036,0.7767086064858343
08037,0.053685909314920656
08038,0.14037191193130072
08039,0.12259668168262775
08040,0.5147941979996077
08041,0.2375188522929519
08043,0.5007953242255662
08044,0.635728702033172
08045,0.21775579590204217
08046,0.11128295227403966
08047,0.7967204732527745
08048,0.14334673650407923
08049,0.1452583317447714
08052,0.13844090666028105
08053,0.25664584421697567
08055,0.30646011458980504
08056,0.2018274068308961
08057,0.14674247623719827
08058,0.4131508848039374
08059,0.1988411776948512
08060,0.154439016171287
08061,0.42841072157456167
08062,0.17633622722054346
08063,0.5129851773737079
08064,0.15076697073845338
08065,0.108710483713347
08066,0.2053697766903576
08067,0.18029152053183364
08069,0.16058595813218624
08070,0.6080695238974525
08071,0.1239688661439891
08073,0.09455620778058427
08074,0.19003869001947452
08075,0.1866194157085048
08076,0.35509582954855606
08077,0.14813191825769123
08078,0.2501607970134896
08080,0.7713031087950187
08081,0.7146956781343391
08082,0.17662830565532567
08083,0.24906520271518842
08084,0.26536075981036894
08085,0.137539273531759
08086,0.17535390337125648
08087,0.5547246985310448
08088,0.6719762327593292
08089,0.1268653455142184
08090,0.29522886368450313
08092,0.2717343651940983
08094,0.13171139646407634
08095,0.6994122931791643
08096,0.42542559027380494
08097,0.17087337199947455
08098,0.21068297021056773
08099,0.3473907374240548
08100,0.07379313939789417
08101,0.8622557413079432
08102,0.6939940719504161
08103,0.3555138549727676
08104,0.28502012900421375
08105,0.516403076909084
08106,0.47063763938596964
08107,0.6725932132650753
08109,0.06311447302965813
08110,0.22836220475978258
08111,0.1552895768118959
08113,0.2808873066252882
08115,0.6512740945600816
08116,0.13804022018573425
08117,0.4196479340632215
08119,0.4237969888143447
08120,0.19730195913959753
08121,0.10022135722651543
08122,0.4376191793624766
08123,0.3186434035426049
08124,0.7308667601987847
08125,0.63128979897806
08126,0.5798782592551985
08128,0.8649095041489638
08130,0.13511180195420808
08131,0.052003193545296485
08132,0.1378967424675192
08133,0.12683653001571477
08134,0.3271308111105944
08135,0.2046148217570335
08136,0.3744090372916299
08137,0.38612767132694037
08138,0.1377534923950051
08139,0.7579191601110216
08140,0.4563550234696464
08141,0.5734294303974565
08142,0.43987213718624457
08143,0.6725949787102212
08144,0.14922415657022955
08145,0.24724900396888705
08146,0.6307598646001267
08147,0.20986918934669604
08148,0.24498665584551743
08149,0.20074508638172037
08150,0.7137500752337625
08151,0.37870003633215354
08153,0.222519096380713
08154,0.055080836559140325
08155,0.06485477420931234
08156,0.04138859342933149
08158,0.4210511636784655
08159,0.2286313997887531
08160,0.4192148196387893
08161,0.06758226802770735
08162,0.38990482521761766
08163,0.1758226478024602
08164,0.23376097923028627
08165,0.5559635295606318
08166,0.2368359116977744
08167,0.0
08168,0.111549590165344
08169,0.031508485794151414
08170,0.8320044236906803
08171,0.06836728548452461
08172,0.10986319516934158
08173,0.3705283576623488
08174,0.47124091254380945
08175,0.39535529282381077
08176,0.14113040680881003
08178,0.09581382843102107
08179,0.2466590845797869
08180,0.490489279445407
08182,0.07796896200842984
08183,0.5830680744641381
08184,0.11037703972321275
08185,0.19086120043068408
08186,0.17090258919062265
08187,0.45756158497846244
08188,0.8818275512130369
08189,0.031253602900916826
08190,0.5960940713036968
08191,0.3511279739130392
08192,0.558658320088286
08193,0.3823343050086781
08194,0.47920044713732135
08195,0.6453085495695245
08196,0.3790509754211208
08197,0.6531005672074683
08198,0.13989480013233896
08199,0.7703603277915656
08200,0.16530462436250806
08201,0.7301870896018059
08202,0.12137770685135216
08203,0.3295302278711719
08204,0.41381695454931716
08205,0.23349146187019568
08206,0.6512421469808677
08207,0.514133364122576
08208,0.3151446090892787
08209,0.8470462557301958
08210,0.10888554695972165
08211,0.5896342611785172
08212,0.2783277214120148
08214,0.22637089332982596
08215,0.1700197486679103
08216,0.37150243485578366
08217,0.8588915771036927
08218,0.7312166227178561
08219,0.79795436355727
08220,0.11817090619396213
08222,0.23820033225075865
08223,0.4532280528428797
08225,0.6513725443777233
08226,0.33805789215907495
08228,0.2764440092881073
08229,0.2933865360427404
08230,0.7368354781182269
08232,0.7473836916715821
08233,0.08511848633376044
08234,0.8313509758055915
08235,0.47023966761670444
08236,0.7749368624563396
08237,0.7933378830051788
08238,0.6776835769843993
08239,0.21506432109138987
08240,0.697554257152869
08242,0.7636320028702149
08243,0.3574173013092791
08244,0.263557233340661
08245,0.8149635040580155
08246,0.12210938660497467
08247,0.5477986699579748
08248,0.7348535681064333
08249,0.21078753869480193
08250,0.11472689889941877
08251,0.5708125754651122
08252,0.5226437542355432
08254,0.028466834384146093
08255,0.14108396168846976
08256,0.21642892584066853
08257,0.04320542168393169
08259,0.18932421385674633
08260,0.6435974291116888
08262,0.4770091929474135
08263,0.513731824876317
08264,0.10278926887715538
08268,0.5122531161433154
08269,0.14542019237268156
08271,0.2036978263671667
08272,0.17754624911371183
08273,0.05220755423963384
08274,0.10789087858670011
08275,0.5742177188755965
08276,0.10573893767554139
08277,0.15358455781461278
08278,0.38741857948658287
08279,0.18424308570811915
08280,0.22140901152778014
08281,0.11110766369242447
08282,0.045163963567267665
08283,0.23490528634529753
08284,0.5878701202883884
08286,0.6028542181928077
08287,0.29299757910247626
08288,0.4051670194877571
08289,0.20729333585607906
08291,0.3651890034847001
08293,0.10358200410906035
08294,0.38895397560518913
08295,0.3191973872557463
08296,0.20730107252868274
08297,0.6856997246808579
08298,0.7384724148762766
08300,0.4852307621193053
08301,0.2838362532260527
08302,0.8060025738313447
08303,0.22919659897510497
08304,0.26273458429675145
08305,0.26531732616273845
08306,0.7218378424846017
08307,0.3717571950626951
08308,0.1485865411267521
08309,0.2862414553245465
08310,0.24453442978306628
08311,0.44256795152183875
08312,0.28204758942865693
08313,0.1432897062635559
08314,0.12238524247412313
08315,0.6416451430357174
08316,0.7608723104164359
08317,0.6883850632320997
08318,0.6279673439074003
08319,0.0760578354865522
08320,0.15918991218600193
08321,0.2733275285355455
08322,0.7273099802568641
08323,0.37828325740059415
08324,0.2309492022825687
08325,0.18536092072261995
08326,0.17772920821243293
08327,0.4873908727725557
08328,0.7392518902133645
08329,0.12302384115049886
08330,0.13683674073180174
08331,0.4072050742870537
08332,0.13509974409336484
08333,0.14608547145992629
08334,0.7987972177803778
08335,0.7682027022255493
08336,0.23546794101975793
08338,0.32161427651034397
08339,0.12878608328999983
08340,0.26393761922624104
08341,0.28241539773410856
08342,0.25563381552149744
08343,0.24931114995719098
08344,0.053668864127615075
08346,0.48458466674613376
08347,0.09861876239202362
08348,0.15982768745517853
08349,0.20163268289555106
08350,0.20603778897141714
08351,0.27752709655239716
08352,0.258275642773693
08353,0.5245473747257537
08354,0.5124981202268813
08355,0.044151467202430524
08356,0.6613316540094222
08357,0.30407287677461386
08358,0.5858857893103557
08360,0.12099623880304629
08361,0.6726715510394785
08362,0.2636365781349475
08363,0.5245010913170461
08364,0.36457843072210133
08365,0.285561350891883
08366,0.07127726612297318
08367,0.09825155496000715
08368,0.22931178767862703
08369,0.4872725449064935
08370,0.6156785825351034
08372,0.1113279025084297
08373,0.3237748285901805
08374,0.3417678227261959
08375,0.2268965842721276
08376,0.1730550295267246
08377,0.8365652909386623
08378,0.11171219432270314
08379,0.10311279377044302
08380,0.5196391896720841
08381,0.5693069058706431
08382,0.0
08383,0.0706010370450697
08384,0.3050584883581944
08385,0.5180882964388355
08386,0.13786844365746223
08387,0.5059972059734623
08388,0.41183358733682796
08389,0.3343588426652753
08390,0.2515741693280924
08391,0.4040004268318355
08392,0.17560854749317514
08393,0.20626667873563373
08394,0.11357426203134931
08395,0.3650312869242253
08396,0.1223147860724522
08397,0.2511921708085403
08398,0.3825510288894435
08399,0.4557752857687452
08400,0.7887378848219484
08401,0.3689128353396378
08402,0.17956229393709391
08403,0.17117530268136422
08404,0.28474366874765716
08405,0.4249550523956964
08406,0.19682865281078202
08407,0.20267018690026098
08408,0.7147226394859597
08409,0.6112839300973018
08410,0.1078660722528928
08411,0.33800087116659433
08412,0.19797967622816443
08413,0.4089384685688837
08415,0.46353386711808203
08416,0.5469890377465831
08417,0.05639525383171909
08418,0.06864997059411547
08419,0.18925066033879046
08420,0.10776596404872532
08421,0.4651007889909873
08422,0.837501787628823
08424,0.21222434630669681
08425,0.07769345960371278
08426,0.7128904194183806
08427,0.1608981987612075
08428,0.44168080559832495
08429,0.6293557881699009
08430,0.42917631875776
08431,0.19332406834597388
08432,0.37880417456952553
08433,0.31716031471635103
08434,0.20317861574120985
08435,0.119896614131447
08436,0.08565071898047474
08437,0.13917767829544453
08438,0.6704903573669755
08439,0.21723232580482457
08440,0.09386917488428927
08444,0.23176539039068345
08445,0.37827506731862437
08446,0.17691237876261884
08448,0.7027046698326292
08449,0.611867076100713
08450,0.38723114407277587
08451,0.13280893093626248
08452,0.12276792599129761
08453,0.20245494861237526
08454,0.29507124972688087
08455,0.1926952445766813
08456,0.7616889569172216
08457,0.3896313200085416
08458,0.3853900392996252
08459,0.3932786002206033
08460,0.20959727640453965
08461,0.21595178044875335
08462,0.36164399874210373
08463,0.17489732122751855
08464,0.6870406436259174
08465,0.07875834620519105
08466,0.2150236258106429
08467,0.1272482601092709
08468,0.6111010770816407
08469,0.7457655184680689
08470,0.1867601187231709
08471,0.21912398107431702
08472,0.13187717221833106
08473,0.20338751328297017
08476,0.17330736404917824
08477,0.5024748846471427
08478,0.8602346345890975
08479,0.23407023094721355
08480,0.590970686651038
08481,0.44298942100366545
08482,0.33612670141585593
08483,0.5112589691844927
08484,0.29720739827333714
08485,0.12058998292143924
08486,0.35848599905785183
08487,0.2807381695705675
08488,0.4948943738371778
08489,0.26242757505178393
08490,0.3153192787676798
08491,0.4452281204976935
08492,0.47411592001246117
08494,0.48193669546139284
08496,0.34793260288227584
08497,0.44866548147324076
08498,0.3732867586192474
08499,0.39865310735886234
08500,0.6170723482157952
08501,0.3407918787611195
08502,0.4497349675726097
08503,0.3398212836438578
09000,0.0
09001,0.6871477298262528
09002,0.4213232249876951
09003,0.45605195090055806
09004,0.23671688333939186
09005,0.42307087482739836
09006,0.19328315974589044
09007,0.4909718688896518
09008,0.4261389228337345
09009,0.7159383490723041
09011,0.6013132756856551
09012,0.2317309416221807
09013,0.41097396741295095
09014,0.6491208247030974
09015,0.23721514633578747
09016,0.22873423203442916
09017,0.5708796769745667
09018,0.6827083342624858
09019,0.5936402090676434
09020,0.6811910129674007
09021,0.8040115408855341
09022,0.5789108505341892
09023,0.2551687261469595
09024,0.15086895374077583
09025,0.858954163386084
09026,0.6823029683600671
09027,0.6794082104242947
09029,0.46026868093358037
09030,0.17740502181907483
09031,0.23179792489266987
09032,0.28361176105922187
09033,0.6420145714001813
09034,0.8295773358900637
09035,0.6907393431581779
09037,0.6559111674473397
09038,0.531659339586709
09039,0.3590605987604517
09040,0.8519761663548813
09041,0.6396291746009644
09042,0.6213188123530804
09043,0.39544299913008085
09044,0.3359057101106833
09045,0.2175053942738256
09046,0.6364205144604151
09047,0.5195505951393333
09048,0.35943015848312493
09049,0.839918420999072
09050,0.4622209800204597
09051,0.5826641392127431
09052,0.46439467788477684
09053,0.22904719569143847
09054,0.41770944617194783
09055,0.8261814295074901
09056,0.32885157068689586
09057,0.6751124225969175
09058,0.25198007779178444
09059,0.5269344868465117
09060,0.3020390640085822
09061,0.317239645129291
09062,0.3607096107399257
09063,0.9119369961765397
09064,0.20382285525287017
09065,0.8689592692994409
09066,0.7851951322683016
09067,0.8746078867110202
09068,0.948750198480159
09069,0.8832892586373188
09070,0.22112050865545724
09071,0.7107211975212413
09072,0.7489240331598362
09073,0.5822486297259674
09074,0.3344509019165603
09075,0.31789485125145667
09076,0.7724795458906172
09077,0.1517487878889012
09078,0.6190525077469999
09079,0.32493427404782166
09080,0.7144245883378298
09081,0.3416405924774573
09082,0.6799249430071789
09083,0.5341871970746438
09084,0.47693401606554003
09085,0.6291173351607159
09086,0.47470414465524013
09087,0.23911783433513237
09088,0.22779979181717966
09089,0.2063833149528953
09090,0.7307718512309046
09091,0.5252698958129196
09092,0.2508132321068075
09093,0.28879035885498755
09094,0.6520635214005494
09095,0.6699929261651293
09096,0.21537520176253647
09097,0.5940779365169309
09098,0.5438887501406258
09099,0.35416385415650004
09100,0.6551921122420382
09101,0.38603268368228816
09102,0.48771545223838314
09103,0.37364242491019073
09104,0.3857973823684885
09105,0.5042686971491823
09106,0.5445612680286442
09107,0.49220564985782617
09108,0.6126428940014572
09109,0.6631936209512813
09110,0.4340461572749314
09111,0.6889692505926109
09113,0.37418603776715725
09114,0.48831839819788814
09115,0.6083258574482656
09116,0.33488266388115395
09117,0.8697461090888932
09118,0.549197437538719
09119,0.41939944546491154
09120,0.632029101655111
09121,0.3837402278206335
09122,0.45425776265827295
09123,0.5729106658779451
09124,0.5719061035186209
09125,0.7267103730063948
09126,0.7971367660040294
09127,0.584201744240429
09128,0.48774722442342056
09129,0.8682870682473939
09130,0.27863670130839713
09131,0.23577964169944898
09132,0.7866442093035486
09133,0.1984587608725022
09134,0.43761206869788793
09136,0.9134939365631961
09137,0.34613514059410605
09138,0.35624998361962545
09139,0.16171160999925402
09140,0.31571473494325064
09141,0.8665346327815978
09142,0.6345756204756425
09143,0.5410270779342983
09145,0.6370282734581771
09146,0.865139724887638
09147,0.9336837364349447
09148,0.5971015373470262
09149,0.48682819658174564
09150,0.35815162298743713
09151,0.6181010499877109
09152,0.17147504130999358
09153,0.590145512520235
09154,0.5583006456900175
09155,0.18350064616321804
09156,0.198656074071893
09157,0.5164268255744757
09158,0.6303430426683673
09159,0.2332029476631996
09160,0.6330296305923538
09161,0.33342102187198774
09162,0.34087193092846935
09163,0.8403131992241633
09164,0.45647105005797894
09165,0.3404472254709386
09166,0.6842718207305358
09167,0.7080742281702467
09168,0.6954993714158844
09169,0.5825300017764262
09170,0.9162294267885851
09171,0.22566578764946424
09172,0.5410435596061092
09173,0.3537871901486494
09174,0.37774924186054576
09175,0.6458805356093319
09176,0.22422312531139257
09177,0.7503996377412667
09178,0.28975326501320575
09179,0.7607630201740225
09180,0.47566072485031635
09181,0.5302664765008822
09182,0.6057608994035705
09183,0.6114336149533485
09184,0.8835922532752359
09185,0.3129594504066614
09186,0.5816072693002992
09187,0.4878141069961849
09188,0.2627294196453342
09189,0.19802175858842921
09190,0.8968637939620424
09192,0.15082335035288413
09193,0.6090932950884159
09194,0.4213998550381909
09195,0.7654263851256865
09196,0.547074320192549
09197,0.6874843235863253
09198,0.5690526009449575
09199,0.280757695072969
09200,0.35019716762155595
09201,0.4762552928731261
09202,0.7216157577314425
09203,0.7494995555238311
09204,0.459019590857167
09205,0.4395541790686382
09206,0.6702756733541472
09207,0.3837543415094991
09208,0.5577495457258316
09209,0.4745658489983479
09210,0.2988041475026231
09211,0.7762436496899141
09212,0.607529510531232
09213,0.24587757658967244
09214,0.35427651523728865
09215,0.8381478050379333
09216,0.6804753056090208
09217,0.2012354227739419
09218,0.2588849187474662
09219,0.8648554593349785
09220,0.2926438201112279
09221,0.22172513840480249
09222,0.5276634944062387
09223,0.4219546616519285
09224,0.6867374938261418
09225,0.49493132824035846
09226,0.21822362754263833
09227,0.544983992004729
09228,0.2394311562029839
09229,0.3969893729043967
09230,0.6691314884831737
09231,0.5121027647394345
09232,0.4365390976013855
09233,0.6098796205702604
09234,0.3802117639407019
09235,0.60458564820057
09236,0.30841609977376755
09237,0.6173822616084992
09238,0.6063392002692259
09239,0.5959006514048717
09240,0.2774335050189044
09241,0.1598658066375912
09242,0.5403100438324976
09243,0.42747886951242603
09244,0.6065300160103428
09245,0.42218524064175533
09246,0.623674499595343
09247,0.41901918714906655
09249,0.6264978177511156
09250,0.687411750254905
09251,0.22119675355526713
09252,0.6338145529395423
09253,0.6510514198437329
09254,0.6642464619008113
09255,0.8908355703371813
09256,0.3915973144031581
09257,0.6495315425824199
09258,0.40162537147942035
09259,0.5833884639366086
09260,0.508699378058862
09261,0.4888753612774217
09262,0.5178775832066782
09263,0.8773090509157071
09264,0.3922194724943593
09265,0.5248925382383354
09266,0.5276614965294267
09267,0.7699808274234916
09268,0.7670054488398366
09269,0.7278388409598383
09270,0.7775411727494779
09271,0.8077094307533805
09272,0.2411908510672561
09273,0.6841250411830951
09274,0.3662472591268605
09275,0.9212068345338584
09276,0.7180663488727719
09277,0.5236587441171384
09279,0.5815699478023141
09280,0.18121764276354657
09281,0.5966700004403872
09282,0.32625493795206495
09283,0.21876330009520173
09284,0.3595305303094856
09285,0.21278625558271563
09287,0.23522280497580758
09289,0.5734457077550588
09290,0.48732860435637965
09291,0.3937424244445421
09292,0.6035700886673121
09293,0.7459969730414971
09294,0.4868736408513293
09295,0.3531513785781869
09296,0.21716322666834442
09297,0.6468285022984902
09298,0.24310289819419492
09299,0.44120273885381034
09300,0.34195609660887777
09301,0.4564678034738475
09303,0.2318871984625011
09304,0.7222985939618537
09305,0.589056966424393
09306,0.34186592229370516
09307,0.527287145078087
09308,0.5191953995818485
09309,0.5698954455212097
09310,0.5687519955756902
09311,0.2558575061443516
09312,0.44025844411445864
09313,0.6373059199983924
09314,0.570561562648614
09315,0.8356645991287647
09316,0.39914668237167894
09318,0.24716641445396173
09319,0.8792500916641801
09320,0.22767166990960266
09321,0.22696871304281355
09322,0.2962018418284181
09323,0.6066889069362481
09324,0.4564896857307472
09325,0.289387373943515
09326,0.24845177277013092
09327,0.7390721376378389
09328,0.23585948345831392
09329,0.382339879428333
09330,0.2272261395367621
09331,0.2882185340366752
09332,0.4862870204663824
09334,0.42579771832718133
09335,0.6613814858432578
09336,0.6285228639193207
09338,0.5795010282450286
09339,0.3415679988737406
09340,0.5424305706962005
09341,0.5872911319202606
09342,0.529458585115951
10000,0.0
10002,0.5192553356537619
10003,0.5694137596891827
10004,0.7477743991237337
10005,0.7987652418088209
10006,0.7417244308004092
10007,0.21121630726834206
10008,0.8057525387867766
10009,0.8872684830936602
10010,0.32477532134928205
10011,0.37305375181983075
10012,0.7711526788257453
10013,0.8337790750745723
10014,0.45836552847427126
10015,0.910568443420403
10017,0.04849782541426692
10018,0.5833563991631457
10019,0.08836927533770793
10020,0.8590525784767665
10021,0.9553978382627587
10022,0.8353807474171862
10023,0.912474332133552
10024,0.8659705627926191
10025,0.34727698539911994
10026,0.26219043667941005
10027,0.16467292127248365
10028,0.33616806866155824
10029,0.7608066675124348
10030,0.568993644488551
10031,0.4914811361357023
10032,0.2399211651493889
10033,0.5864340489207986
10034,0.7929099936419366
10035,0.47857482463814194
10037,0.9268094214542131
10038,0.9395591798960558
10039,0.8714191553444235
10040,0.7962987542744968
10041,0.8709535951973253
10042,0.7681752432899365
10043,0.6088957156181606
10044,0.05250577628047328
10045,0.2692693366985841
10046,0.09405165383563308
10047,0.1963680754700437
10048,0.833499487800483
10049,0.1235639657433912
10050,0.7917583925174951
10051,0.17570360754499545
10052,0.32337440592074157
10053,0.48766493376683645
10054,0.907765175590189
10055,0.8158781984954728
10056,0.40943609053582164
10057,0.5462328948509756
10058,0.4584002046923184
10059,0.16557063809589
10060,0.19938303188556802
10061,0.3793562861611709
10062,0.9055606796594001
10063,0.114722209188138
10064,0.14859350949459096
10065,0.5778982016542534
10066,0.0720222223881944
10067,0.17346990528624764
10068,0.7831867691291404
10069,0.19755516529893563
10070,0.7852120961642991
10071,0.8878578454569662
10072,0.4978363330183359
10073,0.05112782835168062
10074,0.6707211577386928
10075,0.677160564614939
10076,0.13016404459982336
10077,0.6097819738401377
10078,0.8889670459450921
10079,0.4467707984583052
10080,0.5973214926165743
10081,0.5646550743070889
10082,0.9414997957810004
10083,0.21781481270973543
10084,0.9072874615988465
10085,0.929252733706811
10086,0.3388401899426798
10087,0.583529075106157
10089,0.42833265990469405
10090,0.6649670435312045
10091,0.6693888147242579
10092,0.16473387054320335
10093,0.33763338923495023
10094,0.1738744429860434
10095,0.696083192378468
10096,0.05778459410463553
10097,0.17219743050853348
10098,0.5371306023551803
10099,0.7358941081408837
10100,0.16694521588736186
10101,0.6101293810487529
10102,0.7183136824827603
10103,0.7049704216194281
10104,0.7993776768519124
10105,0.17855664806828603
10106,0.5975451436505181
10107,0.47489030345891453
10108,0.6605299161367444
10109,0.8380904237613429
10110,0.7244599854003528
10111,0.8037423161485695
10112,0.614693283341922
10113,0.7374648738696588
10114,0.5383603414446954
10115,0.47780731376297425
10116,0.8363257418959607
10117,0.08591819564115309
10118,0.7588707820035582
10119,0.4039404195066316
10120,0.5078781104111726
10121,0.5332923327753797
10122,0.7086292220910596
10123,0.7356079787193041
10124,0.06331710051668954
10125,0.9419048738181699
10126,0.7921483990289262
10127,0.49819663282393006
10128,0.1676996393312996
10129,0.5184034057234819
10130,0.9425845259153401
10131,0.4424325733329292
10132,0.3353315827168753
10133,0.5228411250117296
10134,0.9332430841082965
10135,0.4114275446854345
10136,0.8807504579812174
10137,0.5176332924011116
10138,0.09399385836538014
10139,0.09139316245526374
10140,0.4740759581720931
10141,0.7636724927425426
10142,0.06089483809376756
10143,0.6034917816271073
10144,0.3613221359549
10145,0.9541491122067122
10146,0.9293767260787249
10147,0.8178547536186629
10148,0.49283742677920056
10149,0.9226382718436824
10150,0.45137769089159685
10151,0.5536272551513288
10153,0.5355058421332213
10154,0.5055182820190541
10155,0.8643529780510936
10156,0.09539173183887309
10157,0.8588703150588557
10158,0.8325485736388785
10159,0.306617579024831
10160,0.7831355056150534
10161,0.41155321901127767
10162,0.18525213211462713
10163,0.4903092027126834
10164,0.6792322613259657
10165,0.8841461008432316
10166,0.9148872711685754
10167,0.9445728565162997
10168,0.8808477247750286
10169,0.5719480405955273
10170,0.7425599782700651
10171,0.05449606435339214
10172,0.9465914716559426
10173,0.1378907916082288
10174,0.5866136283385066
10175,0.42227513531251964
10176,0.7736944956192072
10177,0.8387210170334088
10178,0.7704529873564577
10179,0.6626736634451966
10180,0.2154886648215065
10181,0.7419376649898365
10182,0.05590172482787402
10183,0.7717806325747658
10184,0.0658100197829308
10185,0.39706524681883576
10186,0.11865795974706139
10187,0.7887125678020813
10188,0.5147099237402164
10189,0.061916662292466035
10190,0.4273530568084325
10191,0.5290916803150321
10192,0.21533913456317919
10193,0.05243013379441674
10194,0.3885173630544372
10195,0.7825912080779117
10196,0.6718337663549432
10197,0.21383953705734862
10198,0.8502021680553905
10199,0.8633113907066305
10200,0.9018343303421732
10201,0.7563934826055275
10202,0.6685934734417531
10203,0.05248709750492368
10204,0.8443228953929518
10205,0.8760575057780167
10206,0.9772507644414307
10207,0.35044751511035666
10208,0.5551744716595859
10209,0.16695843338753694
10210,0.4210866606885364
10211,0.109595786519528
10212,0.8380081261808876
10213,0.3429839686363268
10214,0.05795467536675287
10215,0.829283231461024
10216,0.5219688318589263
10217,0.8930450367184557
10218,0.3677406198924077
10219,0.4741150488773451
10220,0.5813116160354128
10221,0.06250020749968599
10222,0.5128818362897236
10223,0.9290090359586269
10224,0.8827762977894772
10225,0.5101269016128185
10226,0.9192547808327739
10227,0.7712526354113692
10228,0.7909973772608777
10229,0.8043634916476959
10230,0.6927925111872795
10231,0.534881455745367
10232,0.7923710352261716
10233,0.3725295555111067
10234,0.3820050024243451
10235,0.5917615676284219
10236,0.8681758473322153
10237,0.8100558218113841
10238,0.8871736395030799
10239,0.4673015800925141
10240,0.10712826261158229
10241,0.6303110403972985
10242,0.8437208706440892
10243,0.054073194830226275
10245,0.17948926519289238
10246,0.7179003809617994
10247,0.46109807707629513
10248,0.12786799090696951
10249,0.9100858472213613
10250,0.4436301315250707
10251,0.5463393837115466
10252,0.8903455049317035
10253,0.16345375542104737
10254,0.5548358997246371
10255,0.1698230905880904
10256,0.8970565843773691
10257,0.512305949350707
10258,0.0980360648514292
10259,0.5211008654819301
10260,0.14960563510442293
10261,0.41826999934272985
10262,0.7490293499927805
10263,0.6722719914453099
10264,0.8609703539108353
10265,0.564517471320926
10266,0.5575620067554673
10267,0.6368613960919651
10268,0.6530235356195242
10269,0.7942307974307999
10270,0.30596820479461484
10271,0.7069195613910507
10272,0.670954580523619
10273,0.6514777964116816
10274,0.4487009462523855
10275,0.903604139690736
10276,0.5923154656463566
10278,0.3488664272034794
10279,0.13355423594404303
10280,0.7428936043190126
10281,0.6645620141486074
10282,0.686798983920345
10283,0.08109613457774953
10284,0.4931292177603172
10285,0.06778714368481302
10286,0.34194273688164023
10287,0.44059360071058645
10288,0.4346540853472983
10289,0.641655748571245
10290,0.045110521505812344
10291,0.5037219201858543
10293,0.452117686169197
10294,0.9394734470500659
10295,0.7724037532765123
10296,0.7739572387105541
10297,0.5676618794086008
10298,0.5147858110106032
10299,0.6391544769473867
10300,0.060899577400768345
10301,0.9233458721094203
10302,0.4552073098707578
10303,0.08367316869314173
10304,0.06541491693643196
10305,0.9495588665613636
10306,0.7580581686865628
10307,0.11278920882265828
10308,0.919527466466716
10309,0.6100254952334652
10310,0.8291664508537984
10312,0.47200996822853175
10313,0.3909165770357154
10314,0.6447272872242279
10315,0.1845144022664289
10316,0.6584775788640533
10317,0.30426026794336875
10318,0.8630210824756271
10319,0.04607725917821363
10320,0.5437600029390874
10321,0.24018156198662197
10323,0.814173630836145
10324,0.19515364606776758
10325,0.319972810799333
10326,0.05550787032747562
10327,0.35019068289745786
10328,0.4044179995496662
10329,0.1917776742116879
10330,0.28282881475633403
10331,0.7615357972591605
10332,0.7054770307606265
10333,0.6399749282060909
10334,0.4835117240235735
10335,0.044616083898418424
10336,0.4245337051451589
10337,0.05821928207837682
10338,0.7417499899086555
10339,0.893165937809445
10340,0.15035777106314313
10341,0.6262597882145094
10342,0.8589882407540549
10343,0.7407134743568394
10344,0.17158211339635746
10345,0.10970817659531708
10346,0.1703275703423678
10347,0.8561917054310565
10348,0.8998308035968791
10349,0.4213323562920501
10350,0.679664278713272
10351,0.9015187732416678
10352,0.45536379658439724
10353,0.4856413960874348
10354,0.551415918276858
10355,0.5353493267059527
10356,0.3698050859826395
10357,0.7675448716835177
10358,0.8309267414435781
10359,0.6779098129006961
10360,0.22322178480830276
10361,0.7924323069123924
10362,0.5385599073051701
10363,0.12832581478351915
10364,0.8795910381062674
10365,0.9353997014636699
10366,0.40238897922177225
10367,0.5117900009342283
10368,0.6574542491834802
10369,0.9504883290945937
10370,0.5534092705505873
10371,0.8222510638484931
10372,0.09172970189098176
10373,0.19006669927982525
10374,0.7821092025004504
10375,0.722393256445238
10376,0.3010163409339252
10377,0.3335060484425378
10378,0.362153866640267
10379,0.6578641965877011
10380,0.597409697112689
10381,0.1368817478547085
10382,0.5632598385488827
10383,0.5401472083422604
10384,0.7815534261785362
10386,0.9533628932930586
10387,0.5855312609500497
10388,0.630886630312859
10389,0.7704779576994707
10390,0.831675962760263
10391,0.4311192809110168
10392,0.4432701391400339
10393,0.0554292983259337
10394,0.5633575077543385
10395,0.7881392697760441
10396,0.09876425409470474
10397,0.8063214821090928
10398,0.4627123027508295
10399,0.8153955463009706
10400,0.5212117319887681
10401,0.17265868629151723
10402,0.7927814100450349
10403,0.3852017501836486
10404,0.8693297404869488
10405,0.868972544167755
10406,0.15449963742272502
10408,0.5757639643541417
10409,0.6749861678429733
10410,0.9227869191736596
10411,0.08354161276863642
10412,0.5424763911391312
10414,0.9547208186126217
10416,0.13195666621072763
10417,0.6880367424268868
10418,0.7611118293550618
10419,0.1609557537674683
10420,0.5369921961779798
10421,0.4881901125354651
10422,0.4704738580783744
10423,0.9023246031968567
10424,0.24919288037223497
10425,0.8551763268577193
10426,0.05014993223129117
10427,0.7887782912920334
10428,0.3766701731059534
10429,0.7026594083578425
10430,0.9515570127250829
10431,0.6660639268470893
10432,0.8722374623457352
10433,0.22860466466790952
10434,0.8272002519546172
10435,0.8315297399254612
10436,0.5246906016157951
10437,0.8181649827438107
10438,0.8344567885587745
10439,0.8722283643661165
10440,0.3802081615232527
10441,0.4244333133320006
10442,0.9848602926163595
10443,0.8927485137371071
10444,0.05727437438082037
10445,0.17592865266516158
10500,0.0
10510,0.0
11000,0.0
11001,0.7871963400821564
11002,0.7531748803442141
11003,0.8532938017551013
11004,0.5375383353635023
11005,0.18581133941106265
11006,0.5842563486951162
11007,0.6406554815367165
11008,0.48960122455288024
11009,0.1434718588849257
11010,0.5182002512533622
11011,0.8550570433222774
11012,0.6590724145910154
11013,0.6286113847283205
11014,0.18874541356316668
11015,0.7683657244783693
11016,0.9445125980586218
11017,0.6305584555479193
11018,0.2017108416906667
11019,0.7123248400017768
11020,0.726720744183461
11021,0.6626623697596912
11022,0.5789515440531381
11023,0.14364435788672547
11024,0.19925345248740206
11025,0.8085216134998993
11026,0.11572167580188304
11027,0.171546288210498
11028,0.5820781732424761
11029,0.8818888664229175
11030,0.10109839201868005
11031,0.5971520412850718
11032,0.8210597731597478
11033,0.8507976896001604
11034,0.575899582278294
11035,0.5915728265778053
11036,0.6203193747308402
11037,0.22085739198426893
11038,0.7205982932818793
11039,0.8834543479872619
11040,0.14947382173045842
11041,0.42998473152492006
11042,0.11116949490762715
11043,0.1715590956649933
11044,0.8010827158101849
11045,0.7540159675585586
11046,0.7306654223575448
11047,0.6903544379259168
11048,0.11476494947410974
11049,0.1179854638922766
11051,0.6158617085326129
11052,0.9346300451459479
11053,0.7320815504866115
11054,0.6362761040513546
11055,0.6434263868062193
11056,0.8375215702421944
11057,0.8358240056464641
11058,0.703311133267414
11059,0.7099357051372689
11060,0.6650675525949128
11061,0.6811966660805903
11062,0.5984856320065333
11063,0.5861591413617097
11064,0.06865533016238824
11065,0.926762031252842
11066,0.6943789689557608
11067,0.662331200389579
11068,0.20368974866352618
11069,0.31501079479349353
11070,0.9089547463850575
11071,0.7186037763056937
11072,0.489130276145243
11073,0.5195524741539762
11074,0.7349225904943032
11075,0.9418025227591982
11076,0.14952692818736527
11077,0.6249190763331146
11078,0.7466413662040754
11079,0.9079060357690861
11080,0.44460732075157244
11081,0.7473145068602086
11082,0.9699761892442592
11083,0.7606016798843506
11084,0.21165658249908487
11085,0.2086039778701339
11086,0.3733556200541577
11087,0.5994648194589786
11088,0.22131490679273055
11089,0.8823705905534934
11090,0.7116798494618655
11091,0.6315391670035408
11092,0.6389745425128491
11093,0.6829073405642747
11094,0.9813369579348333
11095,0.11884497377198792
11096,0.6630671499803099
11098,0.09213348604695286
11099,0.8182416308590368
11100,0.7089369684262732
11101,0.6867864910309497
11102,0.18862675784529928
11103,0.5382811369103264
11104,0.9369168408441356
11105,0.5452175365892862
11106,0.1889100720518164
11107,0.7405239905514813
11108,0.6926637632104441
11109,0.5278127014808186
11110,0.6258595153060813
11111,0.12264631292843564
11112,0.8791562447649821
11113,0.5779527330176325
11114,0.871384633527151
11115,0.9082917933459329
11116,0.15895989168137953
11117,0.5784476858247715
11118,0.6120623525088884
11119,0.50101966189219
11120,0.5862302719120253
11121,0.5805966035665926
11122,0.09776149184304139
11123,0.6627535188231178
11124,0.7663629684650713
11125,0.8736706015941581
11126,0.5230662169774615
11127,0.605948066074958
11128,0.4897224853407204
11129,0.5979273981774325
11130,0.5790215987200928
11131,0.5539407038895149
11132,0.06827924553384002
11133,0.9512937954224194
11134,0.8349546978207296
11135,0.9201695580906427
11136,0.08220795236070455
11137,0.5029446290573685
11138,0.12326506867402119
11139,0.5146874448848893
11140,0.10015003489432017
11141,0.60754907036039
11142,0.7491448457308909
11143,0.2982691819473679
11144,0.3786557740113529
11145,0.8954929382628605
11146,0.14819545583138746
11147,0.5671246844882144
11148,0.07672170196825982
11149,0.837050311297637
11150,0.9822425188749827
11151,0.16738285708512932
11152,0.7563424679031857
11153,0.11198567106348327
11154,0.9197848167126232
11155,0.7698680755705634
11156,0.9194388652795141
11157,0.8475393306280304
11158,0.6823041481330754
11159,0.8486079592358009
11160,0.59133147478814
11161,0.7779845390270118
11162,0.8629769298623762
11163,0.8057748233347632
11164,0.6880484420690196
11165,0.7304011371864715
11166,0.11719100956647042
11167,0.6623579248812246
11168,0.5226640793025978
11169,0.9902664051136104
11170,0.9247104973892757
11172,0.7501271123252289
11173,0.6248307993354486
11174,0.9226712236724463
11175,0.763631987925699
11176,0.6367318235874346
11177,0.6145551021830875
11178,0.12079876828113291
11179,0.9117788948915082
11180,0.9592154464272189
11181,0.6711029141770072
11182,0.9407385398293332
11183,0.9387044067543062
11184,0.7809105207317396
11185,0.6945211522867512
11186,0.9500839658892029
11187,0.7222911134676272
11188,0.3077691125063964
11189,0.9732097245608988
11190,0.628197492131664
11191,0.5652108982868573
11192,0.09180664387430507
11193,0.6298316263797272
11194,0.9186433313667495
11195,0.10860311774447261
11196,0.07880385333816274
11197,0.6641463452039416
11198,0.6409942709421217
11199,0.21816127765717092
11200,0.8194259394461101
11201,0.8035811049461867
11202,0.3100260386093818
11203,0.16648834712720026
11204,0.4912322599097984
11205,0.7973628975681993
11206,0.687532048846369
11207,0.8762274090517509
11208,0.8756514151613033
11209,0.5215440896261375
11210,0.12512329096420807
11211,0.5229988400477228
11212,0.4654485278482157
11213,0.615849846012454
11214,0.6305466472048982
11215,0.740166168217986
11216,0.6938609591840098
11217,0.8516939192155393
11218,0.8431310875863474
11219,0.6623396051041083
11220,0.14386778825829233
11221,0.9517856613935768
11222,0.8803059111870298
11223,0.9704160553248602
11224,0.6100378666979839
11225,0.10079648499534277
11226,0.8662176422230202
11227,0.8574737375288666
11228,0.4843157378207591
11229,0.5772438353007253
11230,0.5779891728355221
11231,0.8705659876281815
11232,0.888396079918668
11233,0.7070553333816829
11234,0.10856057041569889
11235,0.9538658948081329
11236,0.33524753881008323
11238,0.17930958381015394
11239,0.8896664171466824
11240,0.564963572793457
11241,0.07902325564763507
11242,0.8131345236430746
11243,0.11978224377179703
11244,0.9329311704514393
11245,0.5869529714553396
11246,0.9389461781914854
11247,0.8139522580075395
11248,0.16818552849705481
11249,0.6371945333987721
11250,0.7170666081878121
11251,0.11126012305602061
11252,0.7358652284837827
11253,0.8842252699725307
11254,0.14706078891999438
11255,0.18228512366495367
11256,0.8102992736224688
11257,0.8250574238677629
11258,0.8559657134202322
11259,0.9025250913337134
11260,0.8001717435957427
11261,0.07902788610831461
11262,0.23473982801704626
11263,0.6639524944936829
11264,0.14376291857493206
11265,0.5114988511090581
11266,0.9001025615031789
11267,0.13075595868371465
11268,0.5479722510684385
11269,0.7105282579995679
11270,0.5275500386886843
11271,0.48069386988569746
11272,0.1906108837086623
11273,0.6583234301214038
11274,0.6771467909181633
11275,0.08348946092493251
11276,0.8358837407718335
11277,0.9091939257011871
11278,0.9060228058725436
11279,0.20040618312519845
11280,0.5688327636233399
11281,0.09975600551737794
11282,0.8984876228957662
11283,0.9052911733429779
11284,0.7860148658033778
11285,0.3907934972118397
11286,0.7338298178752094
11287,0.48443241402435755
11288,0.1760750956663398
11289,0.7065987057381214
11290,0.8077477537774562
11291,0.4857902730602996
11292,0.6959388250511466
11293,0.7819008966491526
11294,0.7638021598882017
11295,0.3316842360059189
11296,0.6330952378711328
11297,0.948643025393366
11299,0.794027902662911
11300,0.8314414227214045
11301,0.6668427714406047
11302,0.5135976445124181
11303,0.6096740628108434
11304,0.673229394429671
11305,0.6900309889682384
11306,0.7117302094955752
11307,0.8009929521908297
11308,0.8640614299818951
11309,0.5256445629963398
11310,0.4712559012913612
11311,0.7093943309962264
11312,0.5618780414806157
11313,0.8202379106486042
11314,0.8995366288588306
11315,0.638976393161085
11316,0.49016265165884493
11317,0.5022823990814197
11318,0.6582686476148435
11319,0.9503484318534534
11320,0.607539336097003
11321,0.7221884842148049
11322,0.30071224144164843
11323,0.5044184414667789
11324,0.6634741079221608
11325,0.7936085308027003
11326,0.5918680990628121
11327,0.18553493363165388
11328,0.6732577781132209
11330,0.7493662518239339
11331,0.8624075320441916
11332,0.1313760698540861
11333,0.7708690299768591
11334,0.8807516929395616
11335,0.6205872661799752
11336,0.5279808559966165
11337,0.6568675688794547
11338,0.7620325358132114
11339,0.9025724796419304
11340,0.18316432138055727
11341,0.5882151909667794
11342,0.7214680214697106
11343,0.5147093803793011
11344,0.7698760497050344
11345,0.8199201370577344
11346,0.7838773355549258
11347,0.5238537479434958
11348,0.55700354961724
11350,0.583916890619022
11351,0.5632628874699159
11352,0.6257397738064246
11353,0.9268210855726894
11354,0.7359553957614828
11355,0.7093034228597817
11356,0.11487885282552864
11357,0.8399604537904977
11358,0.5482340825371192
11359,0.0897416048846665
11360,0.730344746193773
11361,0.7196753332521535
11362,0.7496034088834829
11363,0.6412015200878463
11364,0.6330370018585812
11365,0.9159271004051287
11366,0.6795941724013054
11367,0.7902290978646743
11368,0.801219975761592
11369,0.7270081682543875
11370,0.20950981037154956
11371,0.8793302722700446
11372,0.9050709482059733
11373,0.5975660711261588
11374,0.7170240155701704
11375,0.2565704102542049
11376,0.5601852598800254
11377,0.7987106906827122
11378,0.9243645174138476
11379,0.3963180311838222
11380,0.6755677196889235
11381,0.6906405806480993
11382,0.8318219747329407
11383,0.8224671445802053
11384,0.9326550695948947
11385,0.7400809227743431
11386,0.6415516944164603
11387,0.8988722855453743
11388,0.755116613814574
11389,0.8587088716893891
11390,0.7218220725674892
11391,0.9361326011926105
11392,0.6687485578059761
11393,0.5346679619305952
11394,0.48587477866577644
11395,0.9158953740541195
11396,0.6601749144824083
11397,0.16830169566997819
11398,0.32398070528789596
11399,0.8264110774871112
11400,0.5489553144581346
11401,0.5198310270381556
11402,0.8248478070687246
11404,0.9049469877778433
11405,0.6950674547007115
11406,0.49356115672615064
11407,0.8130319058151919
11408,0.8013280756383129
11409,0.8999875713433384
11410,0.7183457174691003
11411,0.9120634228656538
11412,0.9518410074986083
11413,0.9152940225475018
11414,0.989950796476328
11415,0.7217183846328842
11416,0.7773514268503944
11417,0.7113734549810196
11418,0.08257236986758917
11419,0.8991888821448231
11420,0.919222692589995
11421,0.7750614406095537
11422,0.1930277982690458
11423,0.9083231235949646
11424,0.6283875537858964
11425,0.818456629194389
11426,0.8210094453485068
11427,0.8055572508798478
11428,0.8397555011113987
11429,0.743977904302315
11430,0.11999099328990026
11431,0.7422579806824782
11432,0.716452499040061
11433,0.7943595783156965
11434,0.10949205924726692
11435,0.54344040408815
11436,0.8468556228903148
11437,0.21668668970230776
11438,0.11060872269653288
11439,0.8494876630562647
11440,0.9151191598111694
11441,0.202742926980166
11600,0.0
12001,0.1268415674482414
12002,0.08002761746960138
12003,0.19662816230295696
12004,0.15054196163715647
12006,0.33434669001515827
12007,0.5110429605020806
12008,0.3380925645452801
12009,0.49088811721630926
12010,0.12721145801190034
12011,0.5211624835970076
12012,0.20661687899007225
12013,0.18420638327174654
12015,0.41767852332244243
12016,0.13212511367073948
12017,0.4224426076838538
12018,0.6577796927226586
12019,0.297826501649214
12021,0.44839139428815766
12022,0.09499001444540932
12023,0.6009056957335893
12024,0.3500438988914429
12025,0.20878370159814377
12026,0.11728137095574229
12027,0.35360784604177065
12028,0.20323438484039694
12029,0.6295208512316616
12030,0.20274827866388023
12031,0.4037434411502341
12032,0.18994956244635644
12033,0.16459158755720063
12034,0.4596200584457625
12035,0.37520452339258514
12036,0.40806206026759817
12037,0.409174714146046
12038,0.34078913459481386
12039,0.5713475191388523
12041,0.16114678633536095
12042,0.3004608752529074
12043,0.21623572308131409
12044,0.4180867110945592
12045,0.17031434139752338
12046,0.15393030013593706
12047,0.08384039201663951
12048,0.2783410951983749
12049,0.3551823151368562
12050,0.3291318049678596
12051,0.15509186825172636
12052,0.28025340980354063
12053,0.5520266313916448
12054,0.45614037622103515
12055,0.5458976368924267
12056,0.2342416741202126
12057,0.5585754388166909
12058,0.24908539579742286
12059,0.30381646779446636
12060,0.5728402961650907
12061,0.4152298422793672
12062,0.07169188848202712
12063,0.1067050858085266
12064,0.26162079361790463
12065,0.6064608997670308
12066,0.15323324835200167
12067,0.4060147769819931
12068,0.26887493061239626
12069,0.1958004111006792
12070,0.07860343897337439
12071,0.40010862111829026
12072,0.09673199399108247
12073,0.5184098454114688
12074,0.23528609249558952
12075,0.35809487587261984
12076,0.10819741705635293
12077,0.07476372991880997
12078,0.6524427372130143
12079,0.23403297576416815
12080,0.2892394146101283
12082,0.07332911383487642
12083,0.1682793076907468
12084,0.10731431801023363
12085,0.1686766042865475
12086,0.5364433726731337
12088,0.21846126226301457
12089,0.20997710048708254
12090,0.13692656266109196
12091,0.4801538704299696
12092,0.3204756649971866
12093,0.28788621007861376
12094,0.24135431442523322
12095,0.12511780053699378
12096,0.45052496787848634
12097,0.29260950620139525
12098,0.3418117647947377
12099,0.6038578750193848
12100,0.12900257528181597
12101,0.18400010774813827
12102,0.13877530363742602
12103,0.30283863322030213
12104,0.6439647340644514
12105,0.5815772193244428
12106,0.3573424644794991
12107,0.13631147903144178
12108,0.18503964590789174
12109,0.2635537895979685
12110,0.27806661762841983
12111,0.14456437197057392
12113,0.16167693119687962
12114,0.0
12115,0.10319268863716492
12116,0.4848820453007724
12118,0.3702280729945566
12119,0.29832531660230693
12120,0.08757843103815582
12121,0.5084426263095716
12122,0.09713261090860213
12124,0.2509286148025047
12125,0.24596415104725428
12127,0.4530227861540449
12128,0.6034874905875075
12129,0.4130254296410203
12130,0.20258081923431243
12131,0.17513786917157104
12133,0.2613988310135405
12134,0.5385949036333535
12135,0.6906726897860096
12136,0.37371998697882247
12137,0.20723874793579886
12138,0.20338148659697114
12139,0.6684836430924046
12140,0.3938026264286623
12141,0.26015651718982086
12142,0.39894505152950904
12143,0.4154645311607967
12144,0.6198449131980146
12145,0.07803481290497889
12146,0.18112105146548801
12147,0.5423660335428452
12148,0.41411602418745674
12149,0.3719976022275091
12150,0.6453280248757879
12151,0.28008336231407543
12152,0.24385075411107873
12153,0.4576377065997676
12154,0.267204753631379
12155,0.5692595936603725
12156,0.24106942721126273
12157,0.11785117266908576
12158,0.5137849623961076
12159,0.5736101287725847
12160,0.5476453664862782
12161,0.4761936639255527
12162,0.19839293541394107
12163,0.3668445539799754
12164,0.4326242479620214
12165,0.5562796359493963
12166,0.3062541813482681
12167,0.5131726981065527
12168,0.07116875769440503
12169,0.2070353908135535
12170,0.6076498359884449
12171,0.13720180929829578
12172,0.34904520198114075
12174,0.18445920205398192
12175,0.501818682873645
12176,0.2502698238379811
12177,0.08089653804277461
12178,0.4843481304245837
12179,0.3301009945721002
12180,0.510806515328183
12181,0.6010048230698126
12182,0.5901316031237019
12183,0.29057708814163175
12184,0.5578923436424266
12185,0.15293751066794947
12186,0.2641325428291132
12187,0.3088280076189348
12188,0.059002650762822476
12189,0.3001098633185278
12190,0.31273157777068106
12191,0.42645738508259917
12192,0.265176558971322
12193,0.5081974384103676
12194,0.1610516487908586
12195,0.2593380210465562
12197,0.35929795195152087
12198,0.45034372839357995
12199,0.29432454283714715
12200,0.09127570483786944
12201,0.5142459419107159
12202,0.2844705713781228
12203,0.34696727523432924
12204,0.4182878737086682
12205,0.5230063511889042
12206,0.3683214894105255
12207,0.5835115222264479
12208,0.38036621918719715
12209,0.34659839489760647
12210,0.5569111105334219
12211,0.45459476038762997
12212,0.7143031376250923
12213,0.09106485114683248
12214,0.3970129242338751
12215,0.14946188750948064
12216,0.31271257150581866
12217,0.3789864616745835
12218,0.0
12219,0.5841105991493505
12220,0.09880706641710352
12221,0.3889413668192765
12222,0.6632879202365417
12223,0.167913861696847
12224,0.26973270151290213
12225,0.10428175854520501
12226,0.24905998035908497
12227,0.49031828072319594
12228,0.659707876396245
12229,0.3549497160538662
12230,0.38967350546345064
12231,0.2580350751613217
12232,0.6619618373736172
12233,0.3469510113604437
12234,0.6091521305604433
12235,0.14753708873547144
12236,0.131894541443854
12237,0.07130505924095437
12238,0.0701200450611822
12239,0.5971412919865331
12240,0.6661444972034974
12241,0.15391583494870253
12242,0.4617098122003107
12243,0.10214149616558713
12244,0.46496730931103736
12245,0.0
12246,0.63687212887569
12247,0.17352741927733578
12248,0.3286370758620322
12249,0.24094626574184075
12250,0.4981090881851658
12251,0.6671676972482233
12252,0.6023732916073974
12253,0.3486920077766996
12254,0.17307080990883406
12255,0.5529263198665724
12256,0.36549963609233166
12257,0.22264190491532015
12258,0.3975355045607809
12259,0.5427380631503548
12260,0.2884200803507024
12261,0.4648942462874647
12262,0.3370947094659429
12263,0.5112059200271307
12264,0.18090918769447273
12265,0.37286703351486467
12266,0.08711539337999466
12267,0.28956202727344404
12268,0.36752218660791536
12269,0.29184440523956146
12270,0.11806417293280508
12272,0.20384940905963234
12273,0.24156831305626023
12274,0.39850853345095966
12275,0.5234669254212929
12276,0.16267193733454827
12277,0.5654116483985585
12278,0.49395080037218964
12280,0.2791203863461572
12281,0.6047847152130291
12282,0.3410369294038902
12283,0.4746833584306113
12284,0.44572153549486704
12285,0.0
12286,0.28902930772468644
12287,0.4124546293751852
12288,0.17446870699288175
12289,0.5594408531187594
12290,0.39328495408951364
12291,0.07334494081919751
12292,0.6644980889226094
12293,0.16080386764110136
12294,0.053263656309548005
12295,0.741893491720573
12296,0.4515736372784807
12297,0.1469648221273538
12298,0.5794098235380912
12299,0.42399259157615193
12300,0.6884590344947071
12301,0.41703637524446724
12303,0.1436760146384654
12305,0.18988737448716994
12307,0.17970413849928826
12430,0.0
12600,0.0
13001,0.3332378818330587
13002,0.8978068053553162
13003,0.1711609446640824
13004,0.0828306772542253
13005,0.6123561083136555
13006,0.2159385381686661
13007,0.3847001383219776
13008,0.1506312066355565
13009,0.16463279570827652
13010,0.6093019747219282
13011,0.6137702543739134
13012,0.2768504762179828
13013,0.49983458653797713
13014,0.2152183376929582
13015,0.925198663908989
13016,0.4412798124646429
13017,0.7160201107194413
13018,0.19169848784566576
13019,0.7331301184431568
13020,0.5958823693759616
13021,0.8857309716459816
13022,0.5697037975110858
13023,0.4286057686004337
13024,0.5558993176834477
13025,0.27298630054715745
13026,0.8426457461790962
13027,0.2306479430282541
13028,0.4960062473124088
13029,0.3161584898910366
13030,0.8145359040630057
13031,0.5030840056938032
13032,0.23275838591362508
13033,0.9046771191207607
13034,0.8147650100301157
13035,0.12386027875023498
13036,0.6206070072942231
13037,0.23548778716488067
13038,0.5451473109627286
13039,0.7397024091189125
13040,0.3068500917514392
13041,0.3670345259826926
13042,0.42035968326834594
13043,0.7097235852960921
13044,0.1738831361956159
13045,0.714807198497615
13046,0.5549310875066131
13047,0.3049794368873634
13048,0.3510824241233926
13049,0.19807657941067405
13050,0.5642618060555431
13051,0.20713869709124189
13052,0.6649375124720864
13053,0.1564261131787456
13054,0.7302228497392389
13055,0.7455525144705305
13056,0.820255054627583
13057,0.7030853676020675
13058,0.6485586755233416
13059,0.5293808793225148
13060,0.32796662475421456
13061,0.8248146512462247
13062,0.6001101854486377
13063,0.3126854777467647
13064,0.14117995675375997
13065,0.8423044533948766
13066,0.1976926017559043
13067,0.14512698481486
13068,0.7160374930062458
13069,0.16430396025815963
13070,0.9308353788198008
13071,0.7342221834294633
13072,0.24896696431926946
13073,0.5802944188503826
13074,0.5342048268839683
13075,0.9564839382329697
13076,0.15077856620998012
13077,0.8576716701209409
13078,0.862186307832306
13079,0.19722454165203418
13080,0.4932308336909568
13081,0.6370776711973251
13082,0.6311116651921889
13083,0.6738239708637562
13084,0.5676284099319403
13085,0.42426276634939475
13086,0.5384627413005242
13087,0.27147627307286976
13088,0.6976724921752879
13089,0.17117198995102026
13090,0.2346261696431756
13091,0.859385648223943
13092,0.8430534772073306
13093,0.6032794592035053
13094,0.6192321908358054
13095,0.23126682729434256
13096,0.20572611996486354
13097,0.173670722941309
13098,0.8057963603087235
13099,0.1843636098069235
13100,0.5847289728415888
13101,0.5930380342878627
13102,0.7460973256028188
13103,0.20280430389839396
13104,0.8350130936352782
13105,0.3398253254795102
13106,0.7537618200070548
13107,0.9336498337103865
13108,0.5614134791232597
13109,0.2984286243705175
13110,0.15437452646732883
13111,0.8451653115987358
13112,0.2646594641807439
13113,0.5934404703149864
13114,0.25778955240229073
13115,0.5877400858971427
13116,0.1801303098948252
13117,0.7367395113062406
13118,0.2342192383906882
13119,0.5436121333471837
13127,0.0
13200,0.0
13220,0.0
13290,0.0
13400,0.0
13500,0.0
13540,0.0
13590,0.0
13700,0.0
13710,0.0
13928,0.0
13960,0.0
14001,0.45779305414766547
14003,0.29069915730370915
14005,0.5285724275451253
14006,0.8351215448634268
14007,0.09174780821891124
14009,0.9176271119183252
14011,0.16215345817500623
14012,0.16015314400187103
14014,0.8528589602632721
14015,0.8626654509266986
14016,0.16198895646565908
14019,0.3273557156053299
14020,0.9372557010038746
14021,0.9031956908492638
14022,0.8910453442101227
14023,0.1870298848052824
14024,0.885245289914518
14025,0.4708249162265761
14026,0.5614882498807346
14027,0.4207379405754135
14030,0.7845516370308985
14032,0.18065509203112667
14033,0.1676637331339547
14034,0.9147248367856881
14035,0.6068182232075681
14036,0.40933584162436587
14037,0.8965060271902873
14038,0.8535172962848095
14039,0.6988129216169389
14040,0.34802530199138154
14041,0.4486777414857766
14042,0.4858909650011898
14043,0.8358983519345708
14044,0.8447171285552757
14045,0.27861314252918257
14046,0.3560543856535286
14047,0.5301756040942321
14049,0.9313268512446328
14050,0.7119258210274267
14053,0.8294594710659215
14054,0.9453892026181548
14055,0.18888022325961126
14057,0.6387424755437708
14059,0.8626941504554755
14060,0.9173964731555768
14061,0.10679846848101474
14062,0.837546495082318
14063,0.7504099795911966
14064,0.610961323501104
14066,0.8300725359440907
14068,0.6911389003098365
14069,0.6917344009474166
14070,0.17278587055654201
14076,0.6881272054105122
14077,0.7008815665477499
14078,0.27132637158187545
14079,0.8641613126676202
14080,0.47779205967961136
14082,0.8082410670750106
14083,0.14302419530140678
14084,0.627029467648148
14085,0.905236832673268
14086,0.8681677013835831
14087,0.5561731062864494
14088,0.2688618358686263
14089,0.42416642740140326
14090,0.7505314434270316
14091,0.15872217584478626
14092,0.4495439071573832
14093,0.15135561188812552
14096,0.09479555255138561
14097,0.5077873583103407
14098,0.4217557229161884
14100,0.5796994664592864
14101,0.5803996734852362
14102,0.6532984279836893
14103,0.7369387345303591
14104,0.8000893377528108
14106,0.9101584168540338
14107,0.8196574808345246
14110,0.2472691474999207
14111,0.919566518497906
14116,0.8976100943702402
14117,0.8929142296302044
14118,0.5436158268986983
14119,0.4719045426724263
14120,0.09443117881878102
14121,0.8048438553990901
14122,0.9103691704565058
14123,0.6865364550588581
14124,0.22532449937575708
14125,0.7227877258954895
14126,0.5909080738618177
14127,0.9440951947995594
14130,0.2766111365520752
14131,0.8330627348976465
14132,0.18195876551456625
14134,0.9558031954354259
14135,0.5269265944899532
14136,0.17654745558771712
14137,0.6248579684983164
14138,0.7920919579864258
14140,0.6570641880463175
14141,0.5093104707439732
14143,0.7011789720649841
14145,0.5349823581907014
14146,0.44805170421820645
14147,0.2469134358357456
14149,0.9087427735930542
14150,0.500041367796224
14159,0.912534820407945
14160,0.5875467356895361
14161,0.15768071134736572
14162,0.44115652528267174
14163,0.9445505425679201
14165,0.252903631660055
14166,0.8324555395085167
14167,0.49223385534462827
14168,0.1840005949410789
14169,0.8817506276964973
14171,0.45239219246958307
14172,0.8506200489785766
14173,0.9029282355503238
14174,0.5490371677286083
14175,0.511512049205118
14177,0.6391415781159132
14179,0.7030651846648038
14180,0.23068493584174565
14181,0.5209299898533454
14182,0.9757602260925109
14183,0.5025367500819655
14184,0.29799658121447287
14190,0.6131395271790969
14191,0.8614618205260303
14193,0.6561823073259706
14194,0.673066081860446
14195,0.8316054582592907
14196,0.8812050757732377
14197,0.8291477630959605
14198,0.172227013861538
14200,0.5550666793237194
14201,0.0
14202,0.9281723134161716
14203,0.20754912424060137
14204,0.15006021669580188
14205,0.6091127353352495
14206,0.7323269468750396
14207,0.6374035773848234
14209,0.2773066213345734
14211,0.46398924767605104
14214,0.33930621789446597
14215,0.4585498583503241
14216,0.6857705615244869
14218,0.14662434560726761
14220,0.9059554775933252
14221,0.4809839758915821
14223,0.5016299728275868
14224,0.16079943956229978
14225,0.8226332930396529
14226,0.40260721312513437
14227,0.18492441656193154
14228,0.840109382586673
14229,0.18664836308131572
14230,0.15996239926198488
14231,0.1388467520662719
14232,0.550552647423126
14236,0.46544414383574206
14237,0.409838934147104
14238,0.8459766527601496
14239,0.596835304527483
14240,0.2617136267707988
14241,0.25954582753331973
14242,0.7459984535319427
14243,0.4706761961172303
14244,0.2811597576187002
14245,0.6129538420516847
14246,0.4229008365210621
14248,0.6318634639837001
14249,0.9272647164847616
14250,0.5047765849216195
14251,0.4835616213736201
14252,0.4170469158990247
14254,0.559047794340324
14256,0.28830161612672334
14257,0.9159157830963381
14258,0.40284300578703464
14260,0.620804262106228
14261,0.8898893367467442
14266,0.483268619526774
14269,0.7231462954966268
14270,0.716409567177553
14271,0.572004578209731
14272,0.7595932371381633
14273,0.11758021898405184
14274,0.5116097096079865
14275,0.8710312591017695
14276,0.336575962862707
14277,0.6310408659491817
14278,0.9603581157728985
14280,0.8187273432624443
14281,0.23267987502518395
14282,0.7699763693445875
14283,0.7744563667181449
14284,0.20288163452995775
14285,0.691101229308355
14286,0.40940372715181755
14287,0.4210206759889339
14288,0.949686963781728
14289,0.24495470395420554
14290,0.5983348933386547
14291,0.7008238473097302
14293,0.7203236314264022
14297,0.4512449362863132
14298,0.17335657444986943
14299,0.4046200363767107
14300,0.7082680740861571
14301,0.5168295106537103
14302,0.1729506876994627
14303,0.6670608758190294
14304,0.44908610654473885
14305,0.7684134890266144
14306,0.9276276046201329
14308,0.24724596819665656
14309,0.5412837305342706
14310,0.45849933595324116
14311,0.4554632399848553
14312,0.15765964556719478
14316,0.18476214882551312
14318,0.8531282952267385
14319,0.48208150665654914
14320,0.8064856068680486
14322,0.47722622021337596
14325,0.8212362548409635
14326,0.6044175531094695
14327,0.5545111843038275
14328,0.9167783042600859
14329,0.8310764019374354
14332,0.22163653597106273
14333,0.5432048695013787
14334,0.7072442364556686
14335,0.20944219717061954
14336,0.9205956828566301
14337,0.6845502952980347
14338,0.8065763498789479
14341,0.5478937338011336
14342,0.19436614167660898
14343,0.5679864038217751
14344,0.3202604909928827
14345,0.6280621991069476
14346,0.47042271709296796
14347,0.0913704922454537
14348,0.3791093436935943
14349,0.8261214679925701
14352,0.14604704552746509
14353,0.33296747486456696
14354,0.838068780227764
14355,0.852459418272566
14357,0.7416380161694309
14358,0.6824041212325538
14360,0.5341543018159569
14362,0.5520507706084723
14364,0.9102893679024519
14365,0.8301319434429902
14366,0.7010309702603422
14367,0.7862051775774576
14368,0.1362569965039564
14369,0.6871529551219031
14370,0.6164176832585152
14371,0.1613266085005545
14374,0.08199012103902376
14375,0.5095249688628838
14377,0.791223463327308
14378,0.20049946932650684
14379,0.09935343096106866
14380,0.5903591995268987
14381,0.5971390760094967
14383,0.5139264200104747
14384,0.8366932464329124
14385,0.8308090460936054
14389,0.10236473156925027
14390,0.9304372697609448
14391,0.32812158899139404
14393,0.827238744571166
14394,0.8741795088900529
14396,0.5217162236919958
14397,0.25889974333407484
14398,0.5914470350616322
14399,0.18498316156767344
14400,0.9203950029199646
14401,0.8295648888138843
14402,0.7224130696871633
14403,0.6987429765539547
14404,0.5237910754405636
14405,0.21999418365576925
14406,0.5895568106665654
14407,0.8560626716711139
14408,0.4573338040709398
14409,0.9072866545919613
14410,0.9232987882787344
14411,0.5240865684904706
14412,0.16264731924184836
14419,0.5873695694187071
14421,0.615818727164514
14424,0.9600919746208774
14425,0.7036234900831007
14426,0.7234851240417309
14427,0.6133293998067955
14430,0.8726500328596776
14431,0.3587067795570192
14435,0.7319642273914561
14436,0.4909043631082831
14437,0.5515171875346078
14438,0.47918854777112835
14439,0.17416246812896255
14445,0.6398707914979632
14446,0.9010624673458473
14448,0.676635494079304
14449,0.3297326674984332
14452,0.6240219337304391
14453,0.27364681365864046
14454,0.5151083464725841
14455,0.7602694118336143
14456,0.9299286819501189
14457,0.7036802813276383
14458,0.7910925075093095
14460,0.7876424303646415
14461,0.819486809830988
14465,0.5057944311867479
14466,0.6357525685149684
14467,0.2838111314562701
14468,0.714248027625683
14469,0.826441230733134
14473,0.6005632190847855
14474,0.7180786779784346
14475,0.37585786193250237
14476,0.23596943291802724
14478,0.26820707114673864
14480,0.22126102772211695
14482,0.8960179216738847
14483,0.7807165891318834
14484,0.7192404813535515
14486,0.31588912986029516
14487,0.6404733550889363
14488,0.9109873551741552
14491,0.29037847957742435
14492,0.8831873907614669
14494,0.23438270984924728
14495,0.837167916693889
14496,0.7345796331621829
14497,0.6225197200149882
14498,0.22397205724426936
14499,0.941387676141057
14500,0.1826054857341633
14501,0.47067155138336597
14502,0.49570002105674243
14504,0.761678408922157
14506,0.6428084658319347
14509,0.8387521226660577
14510,0.5110493889024879
14511,0.13743682332441512
14512,0.695635797685932
14514,0.23921002319549178
14515,0.845876508013133
14516,0.28632473904978056
14519,0.8906927735104512
14520,0.7375133455027245
14522,0.5390612878992597
14524,0.19760261410497873
14527,0.5962648176948753
14528,0.20897625732915726
14529,0.3128498716715364
14530,0.9130074949054358
14531,0.4916378794966702
14533,0.7144863283624556
14534,0.19164021155107525
14535,0.864259005283763
14536,0.5851140494701939
14538,0.449355933854639
14540,0.6612835243719262
14541,0.6839501097448195
14542,0.7409283524565798
14543,0.7060822073312885
14546,0.3592302121770627
14547,0.2525413805576257
14550,0.6724941805948726
14552,0.9017236291683125
14554,0.6166879304713574
14555,0.1904464588440885
14556,0.4968668442634178
14557,0.8662242407539431
14558,0.9125395892240468
14559,0.8607275368376612
14562,0.8304733889786148
14563,0.19306027514748453
14565,0.8836611430689588
14566,0.7125808538859455
14569,0.8669364097504444
14570,0.587973006742394
14571,0.696623622699985
14572,0.6529358629030174
14574,0.5850010139688228
14575,0.19681626041214248
14576,0.2692510888431556
14578,0.2500431800600646
14579,0.07902702071755528
14582,0.5856941315437443
14586,0.1808170056517468
14587,0.5825808911800751
14588,0.48295740970592904
14589,0.4219272075955298
14590,0.7659795936806787
14591,0.26753859559291604
14592,0.9076525938464232
14593,0.15415739776996643
14595,0.5755345003858054
14598,0.15014048174710184
14600,0.0
14601,0.197944265840926
14602,0.4426066172298275
14603,0.7383662874689921
14605,0.23018267171873105
14606,0.14811053904302757
14607,0.24639428930272045
14609,0.4024160457551571
14610,0.4933130749373777
14613,0.7976816977904592
14614,0.7492702859645521
14619,0.1477973608150258
14620,0.20986388400491005
14621,0.2079159441166383
14622,0.8143385824114809
14623,0.47725359608418255
14625,0.5889437543686723
14626,0.6760863015483654
14627,0.23987163437513642
14630,0.5055077811311398
14635,0.4731118324477892
14637,0.9575127489493244
14639,0.7185250372244072
14640,0.369353893619344
14643,0.6967769230111094
14644,0.6038546371092924
14645,0.8419607899440679
14646,0.34203317558276375
14648,0.5944314818800037
14649,0.25787897857264613
14650,0.08009837196449428
14651,0.2860272738488005
14652,0.13848607314624667
14654,0.36857984568263885
14656,0.4782596581610716
14657,0.2960632748930929
14658,0.15530550209861357
14659,0.532918472289518
14660,0.863238354169184
14661,0.32409281413811986
14663,0.4963405224870995
14664,0.7625855412806701
14665,0.9222099189238498
14666,0.411775378918984
14667,0.2582309647976674
14668,0.24977412664861703
14669,0.6291883360553725
14672,0.09979048105735355
14674,0.47067267666165374
14675,0.43203471093800766
14676,0.8334628389513035
14677,0.3126312182956281
14678,0.30388208443563264
14679,0.33105457890853424
14680,0.35139591916483437
14681,0.2565393097384833
14682,0.20018913168374042
14684,0.4216096596737192
14685,0.8592716452389472
14687,0.39132315824742175
14689,0.4433825130350883
14692,0.9290281856188518
14694,0.6526903305286162
14698,0.40329877628064925
14699,0.9030581965477221
14700,0.3058525363890289
14701,0.8375965874951642
14705,0.8205310062800408
14706,0.20582918623225768
14707,0.48213851858366275
14708,0.1030036659339192
14709,0.7986276890989221
14710,0.4901772003908323
14711,0.25216600188885535
14712,0.366576083187405
14713,0.8119705109653272
14714,0.6006426448246552
14715,0.9054385593177425
14716,0.9592252111762358
14719,0.5092845459712805
14720,0.23742986989454293
14721,0.38090855177660293
14723,0.1546062393377945
14724,0.841769165150805
14726,0.5459956971585498
14728,0.39586083831887303
14731,0.8677384083116085
14732,0.36762650315539896
14733,0.5119584708204109
14734,0.3749124581327745
14735,0.6016531715027513
14737,0.31323044752464174
14738,0.5170405046015579
14739,0.8373928161778724
14740,0.23481238285081385
14741,0.4942350648852926
14742,0.6055463381332222
14743,0.6782717991087528
14744,0.5060799206979552
14745,0.21865294163496685
14747,0.9377400897109274
14748,0.19094525098429138
14751,0.22712649402662327
14752,0.2901636735224466
14753,0.25383144742947383
14754,0.8569343132757992
14755,0.9292085303213566
14756,0.4454055326806859
14758,0.8798269836290632
14759,0.5830476952994615
14760,0.27895376408045736
14761,0.36809206388069426
14762,0.6790163945817388
14764,0.5168524304869567
14800,0.0
15001,0.13968412210252412
15002,0.07910638444713806
15003,0.12046307128365201
15004,0.06605735811149145
15005,0.0906845370750178
15006,0.16130172021904907
15007,0.3996257473185141
15008,0.09758754569921685
15009,0.09841771581254972
15010,0.15360155071420312
15011,0.4640899086744264
15012,0.4852802306861488
15013,0.0560989799769156
15014,0.7411898030079646
15015,0.2016173869939503
15016,0.4190836432759854
15017,0.5479120855050152
15018,0.176847746832344
15019,0.20020634093028838
15020,0.32067931228570956
15021,0.43234245864619625
15022,0.05418714760276142
15024,0.1244331684889738
15025,0.18550823266043312
15026,0.12002724043696238
15027,0.4571485763239184
15028,0.4451067737219304
15029,0.5897418370247081
15030,0.4689038251579322
15032,0.7036651323131698
15033,0.30672756506427873
15034,0.08681858474164232
15036,0.11921862414842899
15037,0.11376712274214844
15038,0.07050255920453188
15040,0.09525981564395632
15041,0.2566016455837598
15042,0.0605197680056343
15043,0.2941681406211633
15045,0.20772321485608958
15046,0.16136916467555773
15048,0.44734709465687494
15049,0.09318112328574811
15050,0.2589592724173728
15051,0.6115202122669428
15052,0.06983312140700874
15053,0.18148273017415725
15054,0.09177584994234086
15055,0.06128508100237019
15056,0.49510627136247515
15057,0.32378670854107044
15058,0.6630823855384594
15059,0.40132747334110486
15060,0.13539472561577043
15061,0.09037785254903809
15063,0.13873192617731664
15064,0.17765906301297163
15065,0.10605255779424849
15066,0.2770687117405122
15067,0.20918609422049422
15069,0.04169852365489244
15070,0.18570236133386414
15072,0.7222425174372554
15073,0.9655487567898924
15074,0.505221615242008
15075,0.6722229061494558
15076,0.26556632745853653
15077,0.30008944460651715
15078,0.1384762256482856
15079,0.16707890137364362
15080,0.16519930038363895
15081,0.5280616262733592
15082,0.31279943704022106
15083,0.7790646238551897
15084,0.4505757356525231
15085,0.516104271708109
15086,0.5001666671088884
15087,0.4494734580812335
15088,0.35232849644937736
15089,0.4102007490994887
15090,0.45983129593994543
15091,0.2984253919236176
15092,0.0865076738276695
15093,0.3109573541029681
15094,0.4068426111142654
15095,0.7878224435003902
15096,0.3519985995410044
15097,0.5968516503965651
15098,0.6033510523938891
15100,0.2554374612319147
15101,0.13161889621927986
15102,0.13120580238188054
15103,0.4989627937510427
15104,0.44921318679915706
15105,0.7933187719642149
15106,0.17367676777753294
15107,0.7282614874561224
15108,0.09890471774204605
15110,0.0762231991111151
15111,0.1386215533638781
15112,0.17643043913103987
15113,0.1252365609127826
15114,0.13784563024593294
15116,0.08200075570619646
15117,0.573152286078734
15118,0.7871695665413224
15119,0.08891821498127193
15120,0.1883927194652285
15121,0.9265733481963574
15122,0.6779444926026531
15123,0.17414431202801775
15124,0.11801546569854719
15125,0.05797379759581902
15126,0.6211679958981223
15127,0.05558497049018335
15128,0.1250024898897951
15129,0.10076112801990804
15130,0.6589671995932651
15131,0.12215089384635217
15132,0.0960847226492712
15133,0.6676499471659296
15134,0.38474316339753345
15135,0.19100132229228842
15137,0.2309143551471275
15138,0.15534276829331517
15139,0.3822444139349522
15140,0.5242544350012845
15141,0.12920015046399572
15142,0.2070012185971713
15143,0.34477015968000296
15144,0.5281019470582596
15146,0.16815731695224262
15147,0.3539647049363918
15148,0.6166974492277447
15149,0.24259223154908796
15150,0.0
15151,0.2006792302496383
15152,0.3412848482994716
15153,0.1660725641883146
15154,0.4614251944257557
15155,0.20914652198252762
15156,0.4934835021477548
15157,0.6269430073309339
15158,0.5591675254990042
15159,0.6099004027450406
15160,0.5408542956349498
15161,0.04647082752433025
15162,0.20655362943173533
15163,0.47243448107228303
15164,0.30231217264536686
15165,0.1421324352675863
15166,0.3807937347541919
15167,0.3983109766468885
15168,0.07678688706495837
15169,0.16837685333827468
15170,0.13857701590510757
15172,0.5524789173498956
15173,0.2302248299386842
15174,0.17505730522760365
15175,0.5394442729049199
15176,0.3731141849453913
15178,0.30445835648382197
15179,0.3889960154638087
15180,0.26634570583584904
15181,0.5648153284977084
15182,0.36211174656863915
15183,0.43774202999644446
15184,0.5872501993003616
15185,0.08589927456121596
15186,0.22610588991889527
15187,0.09341651841022496
15188,0.09718611190131862
15189,0.35613090929848146
15190,0.10496808977736073
15191,0.631235430672654
15192,0.15167120829711267
15194,0.38984377724709957
15196,0.5633002732573907
15198,0.21103817284057597
15199,0.44850961636378733
15200,0.365252238241003
15201,0.2389049823260757
15202,0.1608232050795751
15203,0.03957811946816052
15204,0.4270276307491252
15205,0.1839816009484941
15206,0.7519892727367768
15207,0.03874992860233557
15208,0.32916987453739527
15209,0.4264957924972518
15211,0.2874640695407177
15212,0.6803902780945202
15213,0.08743371762273416
15214,0.4003385858250185
15215,0.4182571705791527
15216,0.23163586899593108
15217,0.3733313519603407
15218,0.36055673735897065
15219,0.41428012557278404
15220,0.13275857274723327
15221,0.4307155969508328
15222,0.4784926565862913
15223,0.2108053369865507
15224,0.573586709594871
15225,0.10503560657708172
15226,0.5688260938610725
15228,0.1532898391906985
15229,0.561607245196129
15230,0.15864299760064976
15231,0.046882155394007974
15232,0.2770120112093005
15233,0.4703185296950064
15234,0.5226238089833269
15235,0.28347515940707996
15236,0.22154773905936254
15237,0.04999823135814727
15238,0.6615329268990746
15240,0.12032644311009424
15241,0.14492211875000494
15242,0.6706768438786536
15243,0.3059177240082037
15244,0.26899913109046936
15245,0.07580767041792177
15246,0.11880785967742931
15247,0.28041831679961776
15248,0.26670556783305305
15249,0.2567580330185348
15250,0.09997736124788068
15251,0.5813088010373528
15252,0.40985677545008253
15253,0.10451293084219211
15254,0.1985661552434147
15255,0.5393842251644523
15256,0.274509336990187
15257,0.5784642395027253
15258,0.3800523939707018
15259,0.0466588699144133
15260,0.6025751773401863
15261,0.13883984812684733
15262,0.30034484553087665
15263,0.16218016561306747
15264,0.506996382316317
15265,0.1797742325460894
15266,0.4883552224890683
15267,0.46043553403181503
15268,0.4851144093971294
15269,0.2734885901116376
16000,0.0
16001,0.03217239172589295
16002,0.24813107512137056
16003,0.12441612037671239
16005,0.6677316304683188
16007,0.03197895225657557
16008,0.619458755619307
16009,0.0341097021828609
16011,0.4168799738860326
16012,0.6469037779940116
16013,0.7322753667935378
16014,0.4322749062081727
16015,0.26295637652733395
16016,0.03956817584935234
16018,0.7663099065993189
16019,0.46452607272721674
16020,0.2992292533118974
16023,0.20971344907710288
16024,0.34588447067230915
16025,0.037136338744896705
16026,0.1930233122195513
16027,0.5943708407416726
16028,0.10531110657031778
16029,0.285101803992819
16030,0.042891737728830044
16031,0.30058459948576854
16032,0.34138434440754506
16034,0.3327223306142451
16035,0.6537290757785715
16036,0.7145706609252174
16037,0.18965085422284642
16038,0.5030900509275642
16039,0.3363186732668819
16040,0.3075952515062833
16041,0.3614088495111309
16042,0.7564675146373103
16044,0.6984264946922146
16045,0.05854424415828971
16046,0.3257666777622105
16047,0.2570381205383547
16048,0.03251321320340518
16049,0.2031593599234343
16050,0.7983290302400405
16052,0.17114441574563544
16053,0.03780277572504279
16054,0.8322369683618895
16055,0.6069614731144868
16056,0.3866510052295723
16057,0.7670606862295717
16058,0.5116713729824711
16059,0.6873513634854828
16060,0.8510755463832345
16061,0.14444120479857464
16062,0.4243700663466318
16063,0.29091217951740206
16064,0.19720280804971535
16065,0.03145659089492467
16066,0.47685800272483264
16067,0.13715704452327376
16068,0.047161403287257694
16069,0.27001012343455505
16070,0.13524131635619516
16071,0.14912303956346243
16072,0.5996460475229652
16073,0.4101891285824376
16074,0.03375550046467877
16075,0.6982155846732364
16076,0.6419648416895404
16077,0.4592311196003409
16078,0.2112523078388915
16079,0.04243190179469779
16081,0.7977343450822766
16082,0.4654251607331219
16083,0.8081830529817663
16084,0.5775688175267526
16085,0.08042897346234534
16086,0.1386723424687758
16087,0.5741501400458688
16088,0.3702861107375151
16089,0.6131624107042934
16090,0.07987373213389665
16091,0.3737200091714168
16093,0.8399061827315057
16095,0.2293939894929918
16096,0.038829456342089064
16097,0.414719919964255
16098,0.28346414666485675
16099,0.41034213967429767
16100,0.13450873955068832
16101,0.11837356062047737
16102,0.6541565874965599
16103,0.14611505659037827
16104,0.31231512595749883
16105,0.032540455304879076
16106,0.06052280622841351
16107,0.8874362927617454
16108,0.8702054728679641
16109,0.6920939445869461
16110,0.27237698081481043
16111,0.14667632943239448
16112,0.18898057543878352
16113,0.1752352818731756
16114,0.6366853801472298
16116,0.2913224703939417
16117,0.3102068535095668
16118,0.3176539577329064
16119,0.576033686922863
16120,0.5803692783861547
16121,0.43648919246300744
16122,0.6998347262748292
16123,0.3672731050906641
16124,0.43360765538532
16125,0.27703303171848354
16127,0.7215902923344698
16128,0.07282811990504741
16130,0.21255816746414122
16131,0.038822593583951036
16132,0.1666531054734584
16133,0.05389857565006022
16134,0.32017097314089343
16135,0.405409702150046
16136,0.3433043782510422
16137,0.5154930316818063
16138,0.1755596265783949
16139,0.28300852847156427
16140,0.19700355799974348
16141,0.2025643294441631
16142,0.7740590116631969
16143,0.505577614124764
16144,0.7444243944855454
16145,0.30779760144665724
16146,0.6731391361989583
16147,0.384892196606649
16148,0.6864334781453334
16150,0.4389934467045035
16151,0.4288068396843719
16152,0.5179144338678805
16153,0.3511605726030784
16154,0.29720217533765436
16155,0.5412328331894709
16157,0.03545407260057027
16158,0.7182421839659587
16160,0.1628080237573945
16161,0.292424445362851
16162,0.22273319377579337
16163,0.47662595430644766
16164,0.032830624637714266
16165,0.8829513068140085
16166,0.2612955894119948
16167,0.519638246607524
16168,0.386342222469147
16169,0.5276823439290179
16170,0.14302679378448074
16171,0.6350314141580913
16173,0.20668707428825758
16174,0.4051651367147298
16175,0.03862107913892859
16176,0.24821186114451216
16177,0.03669339081874728
16178,0.2123188351846628
16180,0.24675975430802918
16181,0.0345879602529174
16182,0.9503102776086201
16183,0.19668996555517232
16184,0.1980249702529034
16185,0.7950090609685865
16186,0.7348135538821216
16187,0.16417756132072953
16188,0.6699960508157476
16189,0.2342330059953048
16190,0.6872506271704723
16191,0.22876438907375837
16192,0.03667568054861593
16193,0.4410917949168755
16194,0.5189806081920264
16195,0.0425326993724369
16196,0.19444872417830947
16197,0.7501642090879472
16198,0.4467790563330858
16199,0.2187258905497615
16200,0.3010967157580402
16203,0.4517095026370023
16204,0.038907436349707655
16205,0.032520301170258434
16206,0.21592564196994424
16207,0.5453756880082776
16208,0.6386422599564248
16209,0.06509233559977186
16210,0.4709590629079959
16211,0.7987125924029105
16212,0.525981830368711
16213,0.7487870978200077
16215,0.28395605237080096
16216,0.4064645505623486
16217,0.5429862521095496
16218,0.7953825006212433
16220,0.36233912587142014
16221,0.4745515860107548
16222,0.18260983812760886
16223,0.49972470074218
16224,0.03833591473513718
16225,0.7528349335097958
16226,0.8248322079380846
16227,0.19646648692456758
16229,0.13712555819794547
16230,0.14891274296818208
16231,0.94293392194297
16232,0.1578240426608916
16233,0.43427466540449366
16234,0.4342004093600439
16236,0.13271985922527024
16237,0.2097670668068081
16238,0.20757054538281136
16239,0.5801621357224533
16240,0.19947252215599623
16241,0.2946193173958172
16242,0.5978725110114043
16243,0.4330738614451669
16244,0.15209237912767617
16245,0.039520337490806405
16246,0.32425023329957764
16248,0.44030384175026865
16249,0.031264135959313766
16250,0.5584868752080075
16251,0.03241987781767643
16252,0.25429164088457035
16253,0.6668860446169642
16254,0.2637958800157904
16255,0.04053155259168336
16256,0.3949360913477583
16258,0.2875244308961477
16260,0.18005741752473112
16261,0.0729997790613946
16263,0.8229169892266183
16264,0.0821673528006799
16267,0.38244294106010684
16268,0.219133185166203
16269,0.8431638385511269
16270,0.2923970510971552
16271,0.20784699003762527
16272,0.2987426590904106
16273,0.7880443810711832
16275,0.5770747767861313
16276,0.03766810616969192
16277,0.9682303509413303
16279,0.33833297311547234
16280,0.13678445388899207
16281,0.13918732552121754
16282,0.9479496955071337
16283,0.34269062529427907
16284,0.19774226283751145
16285,0.37615319173838146
16286,0.3500758056394205
16287,0.12607152864820703
16289,0.5143840721636731
16290,0.7404172988398844
16291,0.20721899000811014
16292,0.3862075667618767
16293,0.049777801322097345
16295,0.37285155719612245
16297,0.8187308374588175
16298,0.7631570497081935
16300,0.7620256304052035
16301,0.39672586398590803
16302,0.32334709046738985
16303,0.038779084027972185
16304,0.480891634848709
16306,0.9581434448182103
16307,0.2585795335095331
16308,0.04020526300029399
16310,0.3892656931196327
16312,0.7091938914954913
16315,0.4174557527558757
16316,0.6377597623442322
16317,0.6859993012800065
16318,0.6776224417785532
16320,0.7435706709549451
16321,0.811996636823396
16323,0.7031598772762354
16325,0.6066919452775026
16326,0.19837855209840152
16329,0.03211503074324354
16330,0.517809960654244
16331,0.2619376269284776
16334,0.20672163379297703
16335,0.26426351473336746
16336,0.6128296917717095
16337,0.045538945843139896
16338,0.04355474160286989
16339,0.3082350301986815
16340,0.34378472633166884
16341,0.20052227850007343
16342,0.33247850708268917
16343,0.7589063610915121
16345,0.26294146241193767
16346,0.29551640796164486
16347,0.1766633517862854
16348,0.47125289362011263
16349,0.9017763538566289
16350,0.31472580716423504
16352,0.3368038981484714
16353,0.6469866004456291
16354,0.3408804246393835
16355,0.8321746525007363
16356,0.8245581999900228
16357,0.228745257174848
16358,0.2160861939783649
16359,0.4710883815481666
16360,0.04652744963268352
16361,0.2668407017948389
16362,0.23378903448089805
16363,0.15204350800549382
16364,0.34649404706130343
16365,0.2623395938567993
16366,0.35079152367935473
16368,0.5975489794263362
16369,0.32926095697627
16370,0.1249549113184787
16372,0.41176041361750504
16373,0.6931239969316518
16374,0.42257204417983196
16375,0.0397805810847191
16377,0.6376831296376132
16378,0.7678631806177595
16379,0.07749388600237529
16380,0.035044131669165306
16381,0.7123780870026609
16382,0.56380513290051
16383,0.4089097567788237
16384,0.035935574899088954
16385,0.18141088181278284
16387,0.3292619360102002
16388,0.49646439624201155
16389,0.49764677402494145
16390,0.7368846991296911
16392,0.6679032603931805
16393,0.41546657834613754
16394,0.28969371836374325
16395,0.24828348278175685
16396,0.6637125225483251
16397,0.4746456930514144
16398,0.5107996451802429
16399,0.34975805239261326
16400,0.31175994794011574
16401,0.2803469541669329
16402,0.4038447339518266
16403,0.480858841991371
16404,0.6088792304773933
16405,0.03793623178559932
16406,0.11406649853994652
16408,0.35074824262106385
16409,0.22008579743841009
16412,0.380704761918482
16413,0.24144310789100468
16414,0.8250621820773687
16415,0.3692402756612421
16416,0.04609967103691399
16418,0.17339331300917918
16419,0.793046381350082
16420,0.6315742855027101
16421,0.6347032551245654
16422,0.853569386784655
16423,0.8098979559400763
16424,0.32105028011835096
16425,0.051624034583043946
16430,0.0
16700,0.0
17002,0.3654535980018778
17003,0.8848705934607866
17004,0.9896937751914586
17005,0.08043364210741252
17006,0.2854028724641449
17007,0.7614273725588764
17008,0.1446086003030111
17009,0.8081719310224078
17010,0.2867704092655228
17011,0.8947295305811476
17012,0.8443848905996912
17013,0.2565047989485187
17015,0.4276360388389672
17016,0.3400132238543841
17017,0.7874279557220418
17018,0.6627522767457558
17019,0.9534310551666969
17020,0.20053367219441626
17021,0.740836040366323
17022,0.5139827073983037
17023,0.7276243729876194
17024,0.3440547757191821
17025,0.6331374265159487
17026,0.7580950552486858
17027,0.5378478373178053
17028,0.24031827732951527
17029,0.44992544690791864
17030,0.6782918263544141
17031,0.6776776313470086
17032,0.9005413634484469
17033,0.49561386157005377
17034,0.5814156740814836
17035,0.5593046862629394
17036,0.35138041097953976
17037,0.613610047853028
17038,0.10826280118773796
17039,0.5868826760649702
17041,0.4406949273460309
17042,0.8888029987108755
17043,0.725783303455932
17044,0.18348693817723666
17045,0.8264024014016977
17046,0.9219326157258851
17047,0.5542180404043774
17048,0.5273439339579584
17049,0.7192598643713609
17050,0.10066380400257602
17051,0.9868519459998906
17052,0.0844422796226584
17053,0.14548758539191298
17054,0.35306329403234676
17055,0.35850219825393564
17056,0.6056990990304567
17057,0.8612800973584749
17058,0.46900717699747996
17059,0.8353173260693529
17060,0.5716391746345062
17061,0.03604436194702588
17062,0.3073684732771893
17063,0.6556698817602858
17064,0.5596887446514627
17065,0.08182548362693301
17066,0.15470197411267048
17067,0.6865612558630938
17068,0.5404852151533724
17069,0.6140124538073813
17070,0.8560007536786827
17071,0.5229546220788531
17072,0.8847804449924118
17073,0.18336235879043597
17074,0.1036474722315045
17075,0.05758949430459251
17076,0.6929637709360866
17077,0.10912125556017893
17078,0.5561040448382866
17079,0.6729226304024041
17080,0.6532659628434863
17081,0.42722005641258887
17082,0.2740170210013592
17083,0.3262645712257105
17084,0.10962505384022658
17085,0.897879197066853
17086,0.6670831587958609
17087,0.7516350134147425
17089,0.6687758871246419
17091,0.11721666386997646
17092,0.4387747031853885
17093,0.5728494269000914
17094,0.17658755697597808
17095,0.05273854248471363
17096,0.42837903789755893
17097,0.5106439745688365
17098,0.5311626323833357
17099,0.06896605004187883
17100,0.6056568428089297
17101,0.2241468790824501
17102,0.18079233095868547
17104,0.041165510858926835
17105,0.616184762857495
17106,0.36083991657876985
17107,0.7424797328015915
17108,0.5374238070797165
17109,0.17989964553549886
17110,0.07822308983145858
17111,0.5728723479954313
17112,0.6867676131571798
17113,0.6938257699722331
17114,0.2574827692521443
17115,0.1830549317525221
17116,0.04983031218804077
17117,0.5744560956809629
17118,0.4624684696170202
17119,0.4995372914556331
17120,0.6124238267726102
17121,0.9715825205124855
17122,0.6148667667033272
17124,0.7248764329268768
17125,0.31912703780294976
17126,0.6555212819924804
17127,0.49028083105541653
17128,0.6655444604413603
17129,0.05827841565275765
17130,0.39163632536722154
17131,0.5994979888983639
17132,0.45288569087556274
17133,0.820702226587591
17134,0.132689010884088
17135,0.66734525692256
17136,0.9257599167901874
17137,0.3518477420646425
17138,0.24843209628923973
17139,0.35014644618184215
17140,0.38171103084782254
17141,0.6513379796207387
17142,0.20909163687449087
17143,0.5222335361884263
17145,0.5472997356704803
17146,0.3851421063482298
17147,0.8569079487005213
17148,0.17655019310751607
17149,0.7296131189863584
17150,0.31508787461638776
17151,0.5399225821636583
17152,0.561951170593158
17153,0.15469709543763924
17154,0.8561396538821529
17155,0.7183239200228407
17156,0.60354349181091
17157,0.900242275155042
17158,0.6305929131979052
17159,0.529720693119981
17160,0.5422278160036134
17161,0.9916593325259316
17162,0.6949189716438446
17163,0.3450363898044837
17164,0.1924737210676532
17165,0.34775200025189956
17166,0.8370363959564985
17167,0.34575724353520465
17168,0.08689910496283494
17171,0.11817078310830183
17172,0.6432269155191837
17173,0.20905703140477946
17174,0.6368253936993563
17175,0.3491772897336673
17176,0.6947820077401411
17177,0.7354441780752191
17178,0.12040222146193665
17179,0.18461179841881203
17180,0.3516200827576002
17181,0.9392975097763521
17182,0.5214565555334002
17183,0.6209090082347494
17184,0.4246046318275908
17185,0.39494093253957807
17186,0.7146321590503764
17187,0.6214483700654051
17188,0.422034236601006
17190,0.904840485453311
17191,0.1793326947154236
17192,0.5474459642960157
17193,0.20715038121387946
17194,0.9025052143182998
17195,0.34247547466404327
17196,0.1970385666317552
17197,0.5139052727457626
17198,0.8677382113844841
17199,0.42520425020051983
17200,0.27130536151136514
17201,0.5648866920012514
17202,0.32310782595352033
17203,0.649433280472887
17204,0.378427642233725
17205,0.08978719811806335
17206,0.6035983743553618
17207,0.9709401263920148
17208,0.7670204999000496
17209,0.5885852140040927
17210,0.07934756029475441
17211,0.41407978625315933
17212,0.6872530874147974
17213,0.4008111987214043
17214,0.66783881738559
17215,0.5710289858173566
17216,0.06634501361484713
17217,0.6821885388118597
17218,0.0706407021688513
17219,0.40010247236722346
17220,0.6406448149877355
17221,0.6752524484511991
17222,0.1808223756111637
17223,0.35641646369767327
17224,0.6476110309987465
17225,0.7783160390584678
17226,0.40280392681066435
17227,0.132302690955399
17228,0.5827775591971591
17229,0.47099646189008604
17230,0.6012334650880709
17231,0.472093648167375
17232,0.7104603241623855
17233,0.26672156893445775
17234,0.3501291147584654
17235,0.7831067468106098
17236,0.05960721877321446
17237,0.3549744935733986
17239,0.8504003473455365
17240,0.4488472472380778
17241,0.47284051751373946
17242,0.6438791893241781
17243,0.0656285749426003
17244,0.8949670941874295
17245,0.8957980466961472
17246,0.068178039197306
17247,0.5473678184414711
17248,0.5219372567478725
17249,0.3246475746875625
17250,0.6931790925553176
17252,0.12301797875672062
17253,0.06778656859070128
17254,0.7152228303819153
17255,0.6694714145333058
17256,0.8556429447664406
17257,0.775380419373102
17258,0.4464055510078141
17259,0.6766589761576501
17260,0.22573344873844645
17261,0.6499841305627715
17262,0.17539162226244287
17263,0.04907136579577861
17264,0.20581898400613535
17265,0.41624369487794083
17266,0.7831737934465828
17267,0.712749254279325
17268,0.2677488935892069
17269,0.05366981713943571
17270,0.2888614336960497
17271,0.29005954853118443
17273,0.582061415552782
17274,0.2503922812235669
17275,0.19995649146746425
17276,0.930078714938151
17277,0.33507510507471455
17278,0.6410964893511629
17279,0.08474056309006293
17280,0.13195093835849583
17281,0.05932895921659475
17282,0.6050361992733352
17283,0.15425773344145935
17284,0.669264522922186
17285,0.15348757367508245
17286,0.9555126318209923
17287,0.04277683638409389
17288,0.263404948221496
17289,0.18049718309722068
17290,0.6438454910002304
17291,0.3065621330394672
17292,0.8643435481914531
17293,0.5928420299591951
17294,0.8743325205066277
17295,0.33344502422208094
17296,0.7627430011524436
17297,0.9936932520623071
17298,0.9266325521187052
17299,0.12087399472116438
17300,0.2737718544015609
17301,0.7328994031570057
17302,0.15515828134241824
17303,0.5463792973612804
17304,0.6565606237050846
17305,0.37686879933681344
17306,0.6724702033151074
17307,0.520087325701046
17308,0.3652845599133431
17309,0.4289568982325953
17310,0.6504465396855612
17311,0.6385671327740875
17312,0.05581414648298598
17313,0.8915521786376015
17314,0.6536125421937269
17315,0.8899160508002657
17316,0.3767953654630382
17317,0.0764065923077758
17318,0.9368216333156938
17319,0.050546514184065014
17320,0.11614758052602915
17321,0.8892679399234551
17322,0.5273988492791478
17323,0.4266937578798641
17324,0.052101768790442246
17325,0.3762866756196979
17326,0.16361170459977864
17327,0.7313902491754072
17328,0.5296063570306601
17329,0.7907532756076757
17330,0.5649429868599645
17331,0.10563472193396396
17332,0.579569893135548
17333,0.6315454539595107
17334,0.2550532623202079
17335,0.04501159026392521
17336,0.22187028047509766
17337,0.3009565273318391
17338,0.5365901945630405
17339,0.3850928869327226
17340,0.619189237869258
17341,0.3303908954349917
17342,0.09239997910472657
17343,0.670752000131232
17344,0.8632984045809028
17345,0.4256943725852999
17346,0.06811149323082581
17347,0.39227047352720523
17348,0.3615790573052543
17349,0.4388910489047288
17350,0.30404481440471515
17351,0.4119711865598422
17353,0.0888242436664426
17354,0.22323743726714698
17355,0.32908716977823815
17356,0.685656693194624
17357,0.25532291676575436
17358,0.16217407838533332
17359,0.6518200612947295
17360,0.9919497068280541
17361,0.2746870991175059
17362,0.053984345315316616
17363,0.43751593151033624
17364,0.5237086842601858
17365,0.3931215781329443
17366,0.532742717863576
17367,0.7099454886920228
17369,0.9896211164274299
17372,0.3860549061049206
17373,0.9137841501368459
17374,0.6194859197509085
17375,0.08402574152721975
17376,0.14665886772924727
17377,0.4174694033649944
17378,0.040637926050579476
17379,0.13035632541800468
17380,0.6451340651196614
17381,0.37134919198630645
17382,0.49795065411060047
17383,0.28320903812521797
17384,0.3343381223822756
17385,0.5404259176480328
17386,0.47633906332954695
17387,0.22063986344804465
17388,0.12249332663186989
17389,0.5579433541172774
17390,0.4042459310758521
17391,0.2064692994098943
17393,0.5534810341083622
17394,0.452803938309385
17395,0.6569194856647202
17396,0.6927711426963489
17397,0.12592229360201998
17398,0.864769278508299
17400,0.6725871473198716
17401,0.7176471898880059
17402,0.08281689618949452
17403,0.3858040556951433
17404,0.163785330853743
17405,0.683220655836655
17406,0.42742029494058825
17407,0.1549560666729768
17408,0.849453765072371
17409,0.5721641399605619
17410,0.3605105394211347
17411,0.5878692440057771
17412,0.5464207611990259
17413,0.1623531562879664
17414,0.19033888793104578
17415,0.3497985105356681
17416,0.8706664491311041
17417,0.4094498835932219
17418,0.5365041594078417
17420,0.18254128085819007
17421,0.5595231259040916
17422,0.6634356224394725
17423,0.05129398731280571
17424,0.04702277293855917
17425,0.555269563838537
17426,0.8145524444751459
17427,0.576250610296941
17428,0.657251634503585
17429,0.3737711039766247
17430,0.05873742762588191
17431,0.6739448594185635
17432,0.4328808125376207
17433,0.35663799989395656
17434,0.8017734806541256
17435,0.9358978094791033
17436,0.21852624805377854
17437,0.6421390982328186
17438,0.12654795055458778
17439,0.5859813865588205
17440,0.32779474970045924
17441,0.17822510090114
17442,0.7396674072448677
17443,0.14036879352858875
17444,0.17669736506373085
17445,0.7391007029333065
17446,0.6663220152045057
17447,0.848598086050192
17448,0.8778524836085309
17449,0.07482790397141988
17450,0.3074769533633573
17451,0.3559137385486538
17452,0.6863593765252393
17453,0.32895652735032593
17454,0.4584555488127299
17455,0.736958169186256
17457,0.6473980018469924
17458,0.29736029190795105
17459,0.3243767646283318
17460,0.6689502066393291
17461,0.6899219846829877
17462,0.6329388729947759
17463,0.10804231728399688
17464,0.3633567951136644
17465,0.3057465735330541
17466,0.8105254361349575
17467,0.3507449748613667
17468,0.48258254110169896
17469,0.22180631465781703
17470,0.8802589890114473
17471,0.20971570526127908
17472,0.15111285955579143
17473,0.2209403026454327
17474,0.32427424192220367
17476,0.46179688559489834
17477,0.7299879333794029
17478,0.8825880876264648
17479,0.5777051393569418
17480,0.8584010689380048
17481,0.28888009207894016
17482,0.5968184794733435
17483,0.1319283262510904
17484,0.825345213839767
17485,0.586144520584838
17486,0.39705866864710493
17640,0.0
17740,0.0
18000,0.0
18001,0.3171722825274581
18002,0.03908953440996851
18003,0.5902695678003195
18004,0.9017370610595016
18005,0.8938801963418237
18006,0.89977253196233
18007,0.5857325111572437
18008,0.8780045431016281
18009,0.043839851598796914
18010,0.6608466897606288
18011,0.26577898400353467
18012,0.033830536148459316
18013,0.0767902957392864
18014,0.23913782257637792
18015,0.36458699506105435
18016,0.5092421691221872
18017,0.6095454698442991
18018,0.4433658574722989
18019,0.49221492632310454
18020,0.05855262071669824
18021,0.6643117195396082
18022,0.11610773608491376
18023,0.13680998323734234
18024,0.0969747247634124
18025,0.0393301791048253
18026,0.03920091354187492
18027,0.18846143754624373
18028,0.2399238588929466
18029,0.28446807156737813
18030,0.329945099486301
18031,0.5928532947900406
18032,0.04691823183973291
18033,0.2326891667482655
18034,0.058049426771156015
18035,0.4994018537149163
18036,0.2127189482549125
18037,0.41859006561205564
18038,0.07143733621711264
18039,0.28959528916312677
18040,0.5419882503901633
18041,0.03711380442943041
18042,0.06604613013859574
18043,0.4172147888074043
18044,0.8996015382465653
18045,0.5606308313591001
18046,0.6062693688517767
18047,0.053687739391287154
18048,0.7375143550016682
18049,0.03520301564062825
18050,0.27915952615819745
18051,0.1205204269233637
18052,0.44737602202698146
18053,0.27771301820062894
18054,0.5710945725810556
18055,0.9383617675692631
18056,0.1748934143734143
18057,0.1449143933569116
18058,0.5856601710250017
18059,0.563873976955873
18060,0.8573110881562482
18061,0.23497290498740542
18062,0.5616809548545919
18063,0.5664793711436276
18064,0.12328590554796683
18065,0.45335632634891665
18066,0.9134691112389033
18067,0.13843178805310152
18068,0.6801535679386806
18069,0.04413534235577319
18070,0.15540697678554197
18071,0.805446943703637
18072,0.22626903280660787
18073,0.6933036641274769
18074,0.0403996472727564
18075,0.7985163041250141
18076,0.03779792602187188
18077,0.253322994955559
18078,0.6497542133970116
18079,0.2670267131290193
18080,0.48843443242266277
18081,0.6943567494685903
18082,0.6263822314093623
18083,0.029756902453862033
18084,0.053898639391899476
18085,0.09698740042736087
18086,0.050971698193583284
18087,0.8181215365896387
18088,0.05635651601610112
18089,0.029535267963151087
18090,0.10349104717920408
18091,0.12129921106203645
18092,0.35657484905068915
18093,0.6864233870204878
18094,0.7025472602238644
18095,0.26957386028546926
18096,0.22140944946623156
18097,0.8076060910686237
18098,0.5044225674960239
18099,0.7375952828568055
18100,0.8643106405194126
18101,0.32166148055766913
18102,0.6511197091719709
18103,0.06547469782942901
18104,0.6584387602566477
18105,0.15787135953765924
18106,0.6635407258928191
18107,0.04882112858586853
18108,0.5311397962925116
18109,0.21569830757103753
18110,0.035407857985806236
18111,0.13672010623794142
18112,0.5905519633816965
18113,0.3466867389957107
18114,0.5475397157775419
18115,0.05211563391980964
18116,0.34701758927221116
18117,0.14846733330065648
18118,0.7780463449711265
18119,0.33925219592164474
18120,0.42690327235984893
18121,0.6037325257177717
18122,0.8882805897281629
18124,0.8915686506655711
18125,0.03888911368579996
18126,0.12008925898787252
18127,0.45853308628318873
18128,0.9198026316231576
18129,0.15266725805422438
18130,0.6595881332516108
18131,0.6807614755816351
18132,0.30135873855250006
18133,0.864092282659331
18134,0.277009145277917
18135,0.5035920089170436
18136,0.6085044934901854
18137,0.6870644919992731
18138,0.3375460216546103
18139,0.837676324014739
18140,0.09693282577135305
18141,0.2899166311583263
18142,0.05230621146340435
18143,0.7070451096903922
18144,0.26487322934613466
18145,0.4325576472380701
18146,0.39600366316420504
18147,0.5875533815623416
18148,0.12050747703032662
18149,0.04727071261172364
18150,0.10969753348092702
18151,0.15155768406821077
18152,0.5636241736213522
18153,0.5967083433316223
18154,0.6941019184553767
18155,0.5669026859049408
18156,0.10213812055921603
18157,0.23981884553076654
18158,0.6172764309831699
18159,0.09560776381562731
18160,0.21351432729690384
18161,0.7037597310539934
18162,0.08047616738355066
18163,0.13121186854138203
18164,0.8615561228609026
18165,0.4210949745026782
18166,0.5944060795723496
18167,0.07301855198333723
18168,0.333260503167478
18169,0.08928875054819903
18170,0.05417613353961802
18171,0.05706090186770781
18172,0.07212323048754046
18173,0.5976714337435032
18174,0.6375780884707052
18175,0.7091302738884686
18176,0.41826041915966555
18177,0.740921436574369
18178,0.03518049730221208
18179,0.8589824729315225
18180,0.15980520367930914
18181,0.9371308451330083
18182,0.9190422327705768
18183,0.8029906181404972
18184,0.7523151573967697
18185,0.03957730199771324
18186,0.9429580116397557
18187,0.28572010504647305
18188,0.8867770019293673
18189,0.6462567956841566
18190,0.9074591467474696
18191,0.2101174365011679
18192,0.17840019364340615
18193,0.41618530721301494
18194,0.4959704888810618
18195,0.570670584048624
18196,0.30055250349705215
18197,0.06939723450873037
18198,0.9057464903251955
18199,0.657704487205895
18200,0.04138594753238344
18201,0.8918866613079226
18202,0.21891743061867505
18203,0.18540664402701998
18204,0.8209307519823338
18205,0.8941002778330494
18206,0.8868975727997821
18207,0.9297246563873481
18208,0.5219627159847994
18209,0.04765989515866765
18210,0.09822182711390956
18211,0.8958469036419795
18212,0.8106080399685932
18213,0.7327610776640006
18214,0.10162045555095071
18215,0.7804977932381152
18216,0.2659295114960573
18217,0.06837383766285034
18218,0.8599161355356759
18219,0.11378445987974346
18220,0.038474781800643135
18221,0.6071822375862815
18223,0.8695112376753281
18224,0.377372388979368
18225,0.03214728960912255
18226,0.7263444326379701
18227,0.2632568120997333
18228,0.3155894636484648
18229,0.588620265266196
18230,0.6471683261418055
18231,0.04225583638051147
18232,0.27489600501555317
18233,0.38025355989088333
18234,0.05904745049869373
18235,0.6372036563326082
18236,0.6189093636025894
18237,0.2919195177902893
18238,0.2331601343396108
18240,0.3454307157333624
18241,0.32378110609947897
18242,0.7400800359302303
18243,0.2440978692367555
18244,0.9055304010515393
18245,0.7701852046133234
18246,0.25196595195790333
18247,0.7156530364528683
18248,0.12244993593794648
18249,0.30412169076168644
18250,0.7973496045934735
18251,0.2537376112185499
18252,0.0491588948590274
18253,0.7352677501728966
18254,0.6499548054685839
18255,0.21814310749549598
18256,0.4084502805919523
18257,0.03810278539890504
18258,0.3163317710246557
18259,0.20666524707749456
18260,0.21790912858553885
18261,0.702099019556219
18262,0.04111230862854292
18263,0.15559117640752315
18264,0.18713853070739012
18265,0.7591179678834529
18266,0.4498065168215087
18267,0.21564568265354822
18268,0.6705760908053715
18269,0.09968057911086814
18270,0.05977671455404991
18271,0.8976893374876113
18272,0.28821166983837515
18273,0.48815857035172416
18274,0.34085774616694686
18275,0.474071325322947
18276,0.3911597463114614
18277,0.8157742891477868
18278,0.03399569532497935
18279,0.2564707559684535
18280,0.7964224851932292
18281,0.1203366522325621
18282,0.39982084645117444
18283,0.5406341901950275
18284,0.043625161837696755
18285,0.9306231610035782
18286,0.4837543571479289
18287,0.3691006464698809
18288,0.8473955771090965
18289,0.7406855666675444
18290,0.13093739291697823
18300,0.0
18390,0.0
18400,0.0
18500,0.0
19001,0.645172221424065
19002,0.1514758015086042
19003,0.8597193112563355
19004,0.22702933558195731
19005,0.0843189350010581
19006,0.9752883991741548
19007,0.48752532637894963
19008,0.6854059261433244
19009,0.07797400375705668
19010,0.20163763361216905
19011,0.4806760942287804
19012,0.5942328638537241
19013,0.8032838254959124
19014,0.2159998677164524
19015,0.8266053535505127
19016,0.06572966457873083
19017,0.5105299008761159
19018,0.48731095304589045
19019,0.4943964895010698
19020,0.9580069995987864
19021,0.7602016371028238
19022,0.03542163865287317
19023,0.7112109237664708
19024,0.47341308519201697
19025,0.3095580800406593
19026,0.565473910653127
19027,0.9049491903827542
19028,0.17435286527582802
19029,0.5067541627525001
19030,0.21793797467765258
19031,0.14860348291450592
19033,0.723172121126328
19034,0.21060318777714918
19035,0.6376666384394777
19036,0.6706295926912696
19037,0.8702377848925884
19038,0.4917958723710275
19039,0.8981922695840333
19040,0.9155520344873453
19041,0.07142536561705573
19042,0.051441522833689836
19043,0.8829461550330483
19044,0.5523915749405509
19045,0.18767342683277263
19046,0.501275410874624
19047,0.10020207493048029
19048,0.7350480025314018
19049,0.11275094480831337
19050,0.6206112342361537
19051,0.9190235065892585
19052,0.7088571364298872
19053,0.08695476312948211
19054,0.3727976799304507
19055,0.1477798851034517
19056,0.8922032590132198
19057,0.7518057081757852
19058,0.737183657918661
19059,0.35017071789706483
19060,0.03499854466113448
19061,0.5337420979560524
19062,0.081775205577286
19063,0.7954286036690761
19064,0.8182910167811517
19065,0.8308718632855896
19066,0.20558300977347505
19067,0.5624913651181892
19068,0.8775539367434845
19069,0.5633735454677729
19070,0.4564547008084619
19071,0.9026320870011988
19072,0.09572640609814913
19073,0.049570860391295574
19074,0.6947364785195467
19075,0.9019368921354286
19076,0.0371233963898968
19077,0.09748124111527542
19078,0.9869316051464959
19079,0.7758007793864163
19080,0.12923217312951685
19081,0.09391586119970154
19082,0.10793279458673975
19083,0.12342727531345082
19084,0.24060855246929572
19085,0.06951930120356904
19086,0.13574201975118455
19087,0.6758360380470304
19088,0.9039713962244517
19089,0.9136745322363982
19090,0.9201413599380629
19091,0.13061091717039447
19093,0.10927064264761664
19094,0.2861642038570698
19095,0.6867166412395086
19096,0.37562008735286917
19097,0.44847758922333064
19098,0.2567331167034096
19099,0.7904479232921032
19100,0.03330477268863577
19101,0.42821345825200924
19102,0.4254486250208201
19103,0.11719314148030435
19104,0.03178816782336522
19105,0.8830797258512488
19106,0.38859821751767193
19107,0.2637684172259894
19108,0.10368981345986744
19109,0.4198893435315435
19110,0.15986457363555073
19111,0.3652422384650788
19112,0.6473460830553176
19113,0.6541285700535779
19114,0.7708968341801686
19115,0.7487473548125546
19116,0.5208552347485331
19117,0.13216862265096196
19118,0.8858229022256158
19119,0.4573839469102139
19120,0.8523215004573114
19121,0.4752712023753098
19122,0.941704240491702
19123,0.8978506290139985
19124,0.26629095770122
19125,0.8499939926163993
19126,0.6406688779278986
19128,0.29235937404055246
19129,0.05594054081989009
19130,0.9090828613105268
19131,0.7766596126451747
19132,0.4931682172988348
19133,0.21240264851736673
19134,0.4959726223231822
19135,0.08697430249666105
19136,0.7247993495044387
19137,0.8942856047534306
19138,0.6566897473204386
19139,0.5647636360659148
19140,0.20082283696854647
19141,0.17495961969959017
19142,0.36995083887080554
19143,0.05565054797766388
19144,0.7751428779456646
19145,0.04450091633004834
19146,0.07958945922861974
19147,0.11372491234228893
19148,0.5980007291424133
19149,0.19741359467542569
19150,0.7536331883942325
19151,0.12228887240160052
19152,0.4901129344341903
19153,0.8696787483436923
19154,0.7905705941114279
19155,0.06086500713044544
19156,0.7329227426724007
19157,0.6978639184401788
19158,0.3751130379964476
19159,0.9144488098482029
19160,0.6094949752300434
19161,0.9249351462167462
19162,0.04964649967935034
19163,0.5621983217881553
19164,0.35794647626546827
19165,0.8795589952887766
19166,0.74043109714846
19167,0.9830055398720972
19168,0.8945449166568349
19169,0.5468820838457659
19170,0.41565285027119386
19171,0.9029320881865582
19172,0.7430861664027607
19173,0.15861557852035701
19174,0.915367425438073
19175,0.1363124050618692
19176,0.05987447209680608
19177,0.7505709801265772
19178,0.07469294296586068
19179,0.7427373761215258
19180,0.04857972991489966
19181,0.9274282646466555
19182,0.8655482774585016
19184,0.7013672545157522
19186,0.2067331005156957
19187,0.7884485531427519
19188,0.07108126091432694
19189,0.12935593220004837
19190,0.3432944795612098
19191,0.6874651967310001
19192,0.21187028047323986
19193,0.31550107049279885
19194,0.06423833374458274
19195,0.8449206558240487
19196,0.8701666237131678
19198,0.5791073244898037
19199,0.13772331972870017
19200,0.14286747749070133
19201,0.09234738550933852
19202,0.08144925236552716
19203,0.3856191065413693
19204,0.11500620063095715
19205,0.35611351471404773
19206,0.7631593300231526
19207,0.06726175817067896
19208,0.4068762916164614
19209,0.42485907608981827
19210,0.5600525802364789
19211,0.6133368051333308
19212,0.4261755470689913
19213,0.03646325349503312
19214,0.4086282060233857
19215,0.15636788800236628
19216,0.40167696356225857
19217,0.7002110619251698
19219,0.13769881107094983
19220,0.06114434501775799
19221,0.13110774490857174
19222,0.6353196889209951
19223,0.036914680550831774
19225,0.5009033328602774
19226,0.3689587710900358
19227,0.06862788284117931
19228,0.14486673938909853
19229,0.15339381823266693
19230,0.4953091181824325
19231,0.877082698415873
19232,0.1109314079406621
19233,0.7527195413786961
19234,0.07699004040752612
19235,0.3481963744041952
19236,0.07120550669656608
19237,0.39984915009561295
19238,0.7794695994867729
19239,0.8638968872830104
19240,0.06006094792779593
19241,0.23063677076513273
19242,0.8577043517307286
19243,0.43379109563318646
19244,0.7316982278978337
19245,0.2303841659618067
19246,0.11197031896498859
19247,0.29421126379986395
19248,0.03921495686901381
19249,0.04523905131567524
19250,0.039617611279258245
19251,0.06893749034184493
19252,0.11624798876920038
19253,0.7457961928524146
19254,0.5840083109622881
19255,0.0720855113889209
19256,0.5132675280047284
19257,0.607943906075125
19258,0.5166713499090853
19259,0.1490389902739791
19260,0.543712763394819
19261,0.391977871277845
19262,0.6929256492201303
19263,0.04618183068960687
19264,0.11917654516201598
19265,0.5528068519866868
19266,0.8510151932604929
19268,0.67217998240282
19269,0.5552690276656842
19270,0.4768206788482669
19271,0.4748701337530426
19272,0.11468209700052658
19273,0.10007745694734871
19274,0.13452693603550178
19275,0.11104718012642291
19276,0.04939322225431173
19277,0.04448876557539697
19278,0.13001622882589992
19279,0.8484609675165511
19280,0.4652511147993433
19281,0.7757254059770732
19283,0.32194340984680464
19284,0.6522770363331083
19285,0.03621250597119722
19286,0.7551153505083774
19287,0.14336820145204152
19288,0.8724327060586521
19289,0.2477819646355839
19500,0.0
21001,0.3062384847316785
21002,0.5951874967192579
21003,0.9000148067247679
21004,0.19984191614429223
21005,0.986624435828695
21006,0.3469920642543563
21007,0.06617033735014281
21008,0.4512491382730956
21009,0.057737551301730895
21010,0.25683314284877373
21011,0.29207492651415473
21012,0.37704314687371815
21013,0.8002462011917587
21014,0.4709808963179607
21015,0.053435642266102534
21016,0.19374339535895962
21017,0.8456912886218086
21018,0.7979908763655152
21020,0.06706402212175755
21021,0.20938108509656256
21022,0.2042983998785235
21023,0.08233722772678992
21024,0.5721463379189654
21025,0.6781773285584425
21026,0.2452910307369109
21027,0.9074935362667017
21028,0.05642371818353578
21029,0.8265577507931625
21030,0.27692347705964515
21031,0.9650054628509148
21032,0.13774017623241266
21033,0.37268910914498393
21034,0.6627677844242899
21035,0.45150714964918504
21036,0.7721414492449054
21037,0.13207711921601617
21038,0.044742758402169354
21039,0.5674133279022746
21040,0.5915131269041912
21041,0.4701621255969262
21042,0.5754483343827193
21043,0.6072630360269936
21044,0.5084335302574654
21045,0.5196648472248507
21046,0.28596758638641934
21047,0.6991354893610316
21048,0.411262076588903
21049,0.4617960903432917
21050,0.17641427123114292
21051,0.9009997951458412
21052,0.5355287232366903
21053,0.6978574691312381
21054,0.38636244937252023
21055,0.23736536486178944
21056,0.152015734269563
21057,0.1454335890565176
21058,0.5805657585923829
21059,0.9161766310471745
21060,0.9037921744688293
21061,0.23858885076951758
21062,0.12985634223484008
21063,0.08640517095211399
21064,0.35498946045131685
21065,0.3219862914929305
21066,0.12111874455230756
21067,0.9804116107057694
21068,0.7137388327127618
21069,0.11971625817678794
21070,0.9373629183506732
21071,0.770326653860024
21072,0.8089713532969496
21074,0.045936776662126894
21075,0.21843933808993382
21076,0.9676002658714186
21077,0.4391249456373773
21078,0.4413859649364756
21079,0.7043263118612632
21080,0.7562395765175939
21081,0.6433523166508359
21082,0.15358599374636558
21083,0.2522746352221741
21084,0.27918251259176247
21085,0.3360587464145005
21086,0.28956072988351733
21087,0.2719063485765494
21088,0.296627633584067
21089,0.8967856485128841
21090,0.8039217564171162
21091,0.25858719333498437
21092,0.28246401414186983
21093,0.6430569508463517
21094,0.5472749719165599
21095,0.7370229157045913
21096,0.02905110824029348
21097,0.6302450380091957
21098,0.34109496264863104
21099,0.8483633328756045
21100,0.6943964978870462
21101,0.07400055582549975
21102,0.24339186478464145
21103,0.9361669400264964
21104,0.381794617739295
21105,0.20624723100304215
21106,0.5927520325860735
21107,0.9193890865044743
21108,0.07638122724365601
21109,0.5757654178504997
21110,0.41961978245065484
21111,0.20724261272804562
21112,0.9781075613578228
21113,0.39748876141959255
21114,0.3496330317694147
21115,0.4216480783625765
21116,0.076774197307616
21117,0.3805917894079934
21118,0.45801349070471353
21119,0.45016019471360774
21120,0.449074493116088
21121,0.35908054725358357
21122,0.46862783627594684
21123,0.9205539360849424
21124,0.05566069994729793
21125,0.5243318175799065
21126,0.17044099874721014
21127,0.8225949066580631
21128,0.13154537574926103
21129,0.21590144931949262
21130,0.16996305067704043
21131,0.11088483242896396
21132,0.9484349236355458
21133,0.4281446672282861
21134,0.3793400261052035
21135,0.6924434864133441
21136,0.350430760987954
21137,0.36977308275630655
21138,0.062267555790671024
21139,0.045242189444060416
21140,0.05617760062924253
21141,0.6414415315259783
21142,0.20100095503009507
21143,0.658540272411897
21144,0.6015472198363513
21145,0.8164016967197919
21146,0.7946071361408522
21147,0.8544429742418194
21148,0.9775881483696597
21149,0.42489528149063444
21150,0.1447766769919518
21151,0.6396570587775979
21152,0.10893188192036678
21153,0.5852609460430728
21154,0.5253987128682702
21155,0.34695557853468895
21156,0.6886204836220551
21157,0.1483638355464623
21158,0.6367935656487752
21159,0.4202300604504973
21160,0.3108316814569451
21161,0.4157364194392185
21162,0.28540745402801687
21163,0.6043432281202487
21164,0.10520202106281065
21165,0.3396645756457398
21166,0.8922731253370036
21167,0.7495924197492628
21168,0.6795931273791003
21169,0.8948830731016773
21170,0.9704308751990721
21171,0.2392177067138916
21172,0.11345436694131554
21173,0.293077647750363
21175,0.9915517872442141
21176,0.39902723933372064
21177,0.092955325105464
21178,0.9975616279719268
21179,0.19605450503852528
21180,0.6549692031930899
21181,0.06738729285160412
21182,0.9371836464895476
21183,0.0886649662006021
21184,0.3620955270537415
21185,0.24027901266798538
21186,0.25951905836141664
21187,0.4209276058982725
21189,0.6994619439274313
21190,0.1944785407729035
21191,0.9968576561470947
21192,0.8605259600207079
21193,0.961326292077638
21194,0.23487453596368818
21195,0.15859737437763066
21196,0.17960837625225404
21197,0.661349879258157
21198,0.6829498235679522
21199,0.6475369905219656
21200,0.45264378500522384
21201,0.3471150444062117
21202,0.40935298267110215
21203,0.061690922703176505
21204,0.3294132439532468
21205,0.05438336051167874
21207,0.49442560435426974
21208,0.34994869491166375
21209,0.26526024103705903
21210,0.13593408389600037
21211,0.03689702666875769
21212,0.4086604413178118
21214,0.35867092808963474
21215,0.8540791912942752
21216,0.5797026461202747
21217,0.9815744194440671
21218,0.8894424263910707
21219,0.9326404459079473
21220,0.6372145797848595
21221,0.1643811545123406
21222,0.5607838621186542
21223,0.879483620782875
21224,0.5349985211370006
21225,0.5480997143898535
21226,0.4090039356812173
21227,0.9435647256719171
21228,0.9160413858629781
21229,0.05413457779544699
21230,0.828948759114353
21231,0.9111097218794098
21232,0.041352768371747596
21233,0.8286552405176985
21234,0.3713630531823544
21235,0.15972027090102855
21236,0.183945074697965
21237,0.24790126411118854
21238,0.3907960369978719
21239,0.9096196105265547
21240,0.036933493742501954
21241,0.8082874852766996
21242,0.9838246618780341
21243,0.14005023477551334
21244,0.22939034160622385
21245,0.8938528648607388
21246,0.3273854149163204
21247,0.7486286185711513
21248,0.5127688266814322
21249,0.8629628923043663
21250,0.0
21251,0.10495435622242476
21252,0.393449347732197
21253,0.15714647443887328
21254,0.9420297609951013
21255,0.9323446777817027
21256,0.8892958442252842
21257,0.545886365994575
21258,0.5090262533471134
21259,0.49386717099744504
21260,0.8751646900746259
21261,0.2048808854177196
21262,0.45252169694564537
21263,0.47408757518502936
21264,0.5701355522882368
21265,0.4425278993960537
21266,0.1783554603928129
21267,0.324449618303363
21268,0.046179899414077574
21269,0.9398674691655197
21270,0.8924399982954763
21271,0.36416159161293155
21272,0.07052149651656844
21273,0.8271999573473124
21274,0.0533225544893491
21275,0.8253086565727116
21276,0.5685747602008336
21277,0.6973916098644932
21278,0.8936189157599268
21279,0.7308428378708078
21280,0.09270578690924804
21281,0.7027715927489117
21282,0.666847255284824
21283,0.47320667391738386
21284,0.8496287106628063
21285,0.8610078315748912
21286,0.34950298148656744
21287,0.47665957219574495
21288,0.32509432761165935
21289,0.861585328738389
21290,0.7877227165751143
21291,0.4463981166657529
21292,0.18851664713898736
21293,0.9203058447651264
21294,0.2369427728404307
21295,0.4361023781776019
21296,0.8329111841422369
21297,0.3438511792947046
21298,0.22875278599601595
21299,0.5068154274120459
21300,0.6892856540032586
21301,0.5287734333881909
21302,0.4256465279378466
21303,0.47138691279905703
21304,0.4801565300934327
21305,0.8904854921631867
21306,0.3846562578516946
21307,0.4037622642421634
21308,0.3740859391748897
21309,0.43814575144585377
21310,0.414905941560935
21311,0.8413015375815834
21312,0.5668098646102239
21313,0.38452975456736505
21314,0.46165610413470426
21315,0.8778520730515872
21316,0.5083297891500059
21317,0.11951064266234433
21319,0.9863279551586784
21320,0.18691425601591796
21321,0.7603219065338349
21322,0.0794771960112165
21323,0.8507154378879169
21324,0.5772068078169739
21325,0.05214986463808113
21326,0.3360040920970144
21327,0.14930865895597803
21328,0.07017365877495045
21329,0.7695178443900401
21330,0.18098391613895357
21331,0.04740269563157238
21332,0.17986162163207736
21333,0.11574261579010407
21334,0.05046099013807752
21335,0.03403811661511961
21336,0.3915841655598721
21337,0.8141129155577774
21338,0.36440105076817075
21339,0.831784139812917
21340,0.06897133430185151
21341,0.36612490883252696
21342,0.04577200874269837
21343,0.5225129124692245
21344,0.10724856324199102
21345,0.2724079627171883
21346,0.2080517379217897
21347,0.27641468031267036
21348,0.7182998115365713
21349,0.05576846347955978
21350,0.899247496487674
21351,0.1070603602897412
21352,0.13216267021377126
21353,0.991092313757589
21354,0.6605069739745951
21355,0.8892425611142853
21356,0.8587661897973357
21357,0.45227002826661616
21358,0.5003067930793824
21359,0.16117265192302285
21360,0.2762852846234112
21361,0.09627236140276835
21362,0.12428340964537864
21363,0.03635232922732422
21364,0.2873370929211481
21365,0.6905772356454393
21366,0.9571581070661296
21367,0.07010286218513384
21368,0.2647965393137282
21369,0.9040278602622301
21370,0.19846320286673338
21371,0.04582044782243314
21372,0.8658209715403047
21373,0.7457734363576908
21374,0.04702274558488384
21375,0.3587518838003645
21376,0.8622941415990675
21377,0.701777290681354
21378,0.44747337668862447
21379,0.03750114532844926
21380,0.08182403001677872
21381,0.568759278463174
21382,0.06880731645782569
21383,0.6973358297933298
21384,0.8644684592204999
21385,0.7698733573592831
21386,0.6060115753733784
21387,0.7301178085599646
21388,0.9909701468123889
21389,0.3511841366933071
21390,0.5202634831890942
21391,0.8956290813393508
21392,0.13387151988949456
21393,0.45574360141119175
21394,0.47957095751598194
21395,0.5767741221438477
21396,0.42462254209128925
21397,0.3178645905193242
21398,0.7551884166074794
21399,0.10810954954436025
21400,0.4220672227530215
21401,0.7455316600277452
21402,0.09889300069674152
21403,0.3977411099292395
21404,0.4908400777743381
21405,0.3046856275966711
21406,0.33515482643788075
21407,0.9265573728194731
21408,0.8626401542145687
21409,0.8647213919674838
21410,0.23056826677508638
21411,0.8744939949321086
21412,0.16890607953128128
21413,0.36453177552738797
21414,0.06634524094872149
21415,0.17683288492389565
21416,0.8199105365557628
21417,0.9638021007235582
21418,0.23702183971044008
21419,0.5447315218565495
21420,0.08716518238016616
21421,0.4534132409063196
21422,0.0483095046827967
21423,0.29364723654340324
21424,0.856338647543257
21425,0.34410187096408507
21426,0.06894038126722707
21427,0.17490649754212914
21428,0.22618117873278987
21429,0.31388041473723965
21430,0.06818447707880528
21431,0.06910055330620771
21432,0.8006391996466778
21433,0.346798036993367
21434,0.04533102481682902
21435,0.5604020938609312
21436,0.5780535902148568
21437,0.8161597684887721
21438,0.13976019124252687
21439,0.4137572219097659
21440,0.928949023950705
21441,0.96699142644934
21442,0.3789061963170828
21444,0.5425078327967274
21445,0.8075094667542424
21446,0.8770689680743579
21447,0.06626758958908355
21448,0.4948230584212574
21449,0.07818706817097647
21450,0.2268902347251662
21451,0.4741269682864349
21452,0.23534686391607604
21454,0.23257626541196355
21455,0.37387441727165405
21456,0.3983829680223357
21457,0.6886173017115783
21458,0.9918295889357567
21459,0.7778372664395258
21460,0.4429180146519581
21461,0.14866895360872615
21462,0.8846570174222993
21463,0.6920617975386562
21464,0.2960537317120845
21465,0.4444621669912665
21466,0.19571292595043263
21467,0.7452378321294469
21468,0.31905587171906613
21469,0.2449932402828662
21470,0.3698684777807258
21471,0.28282045685791585
21472,0.03441459656063487
21473,0.301543368650147
21474,0.10621768129273565
21475,0.09960825387804258
21476,0.23168388552597674
21477,0.9919936691030217
21478,0.9006157091108942
21479,0.21222562891752758
21480,0.3933525591442115
21481,0.5240540920475938
21482,0.6511060745352046
21483,0.14217593318076321
21484,0.6083880407615562
21485,0.8816954706065057
21487,0.09481352096395389
21488,0.6226186677814899
21489,0.29131667096917213
21490,0.31098683604258087
21491,0.4261919729088663
21492,0.2847705784321461
21493,0.896027276005729
21494,0.2747777992819335
21495,0.09050355523710836
21496,0.7876976246766636
21497,0.46677143007682315
21498,0.597583028538385
21499,0.4264222609584311
21500,0.4164701347363469
21501,0.14541902775518145
21502,0.12051709400997385
21503,0.43319920481800545
21504,0.6666792093391052
21505,0.07190558759605133
21506,0.26307804342620783
21508,0.8558651430806611
21510,0.6361284912899392
21511,0.4556430954061062
21512,0.159093376719803
21514,0.20796653712282
21515,0.2721438239946042
21516,0.3869885776807403
21517,0.2841371417036698
21518,0.5998444937700351
21519,0.06336043591185792
21520,0.3482833165060151
21521,0.17747456698859843
21522,0.8270733751124523
21523,0.9249133346142803
21524,0.6250187629776147
21525,0.05561601264053106
21526,0.7015072251869044
21527,0.12175853804104254
21528,0.604207745454658
21529,0.07376640452197623
21530,0.30967661400077046
21531,0.07365679036396444
21532,0.18815109618330478
21533,0.11109736623683811
21534,0.21208653646516032
21535,0.8946335590581255
21536,0.3278673466751448
21537,0.6022205324003731
21538,0.06878945188139256
21539,0.36855062567884306
21540,0.8765909292309846
21541,0.13519652617821232
21542,0.3117028076151499
21543,0.19292689535877577
21544,0.5213710746930035
21545,0.47670730913033355
21546,0.04372961232365369
21547,0.655358798578554
21548,0.05646637489032323
21549,0.8358972520979
21550,0.37741144113916975
21552,0.8297020521391137
21553,0.8920183059552281
21554,0.9161327049784406
21555,0.20524466505624941
21556,0.8497897709958927
21557,0.2326355385840635
21558,0.24162423654168844
21559,0.7371333667328569
21560,0.05251299107145571
21561,0.824454358223136
21562,0.43046460015072024
21563,0.5861049569518603
21564,0.9921636644730997
21565,0.4156170964054879
21566,0.0435327263294017
21567,0.05205643889919627
21568,0.3562841704910556
21569,0.1896668712554585
21570,0.10743118451847164
21571,0.7847544691848414
21572,0.04551450575856296
21573,0.5546353350809555
21574,0.4430391279646351
21575,0.9038210654675048
21576,0.6740340681578745
21577,0.9405728794756856
21578,0.809821875304457
21579,0.25896418070206734
21580,0.28664144502288075
21581,0.04569163358587114
21582,0.131928058551916
21583,0.15638684484418475
21584,0.1611752044686151
21585,0.9927802263552125
21586,0.44387872266751277
21587,0.6392232195877474
21588,0.1340021092106783
21589,0.9646416598883931
21590,0.21235951670816686
21591,0.9006567935631119
21592,0.47483395032408793
21593,0.31367026994104896
21594,0.3798430977132081
21595,0.8970002329316046
21596,0.9984535416669964
21597,0.929088509110181
21598,0.43453115799544534
21599,0.033849226812367586
21600,0.43342642880584314
21601,0.9880198211222101
21602,0.3802730756312699
21603,0.09285329253743027
21604,0.5945585772615949
21605,0.26154507567940394
21606,0.2169026250185318
21607,0.14396452155881873
21608,0.07616636343993372
21609,0.08263602033997187
21610,0.7011598723150559
21611,0.35845056089930766
21612,0.6003884620893183
21613,0.14409838072848677
21614,0.14763965595900677
21615,0.05871916562474529
21616,0.29367500110537753
21617,0.8900079862739797
21618,0.6845573740451067
21619,0.8758890109875581
21620,0.8614236468519589
21622,0.20866510298992758
21623,0.9864225559747654
21624,0.9928015613281908
21625,0.948739388379846
21626,0.05536025507090407
21627,0.506940144407149
21628,0.6967526746464965
21629,0.06513953711359431
21630,0.11757690751447224
21631,0.10011185665646272
21632,0.9920889426071472
21633,0.1373322099703443
21634,0.2229545862046425
21635,0.09777044120112523
21636,0.7205085300394509
21637,0.7961081874285832
21638,0.062430399030087264
21639,0.07598227276430716
21640,0.6507358354895508
21641,0.3416219185868504
21642,0.7851887437959936
21643,0.08380290413650468
21644,0.8948788935652928
21645,0.9156326090142437
21646,0.8738860780069109
21647,0.07189308840163
21648,0.5253190580078103
21649,0.7504683923608624
21650,0.8237779379438356
21651,0.9085724479145557
21652,0.11076459892834457
21653,0.4803178354027833
21655,0.49156545948391744
21656,0.1631116096572079
21657,0.2604432571535988
21659,0.3238986763093356
21660,0.6748954577027245
21661,0.8762745473878522
21662,0.611234975105964
21663,0.5193830116059274
21664,0.5378037161903823
21665,0.04042905693690835
21666,0.9332524464160634
21667,0.03445151840119864
21669,0.8342190604795923
21670,0.5746462268418653
21671,0.49889979198015416
21672,0.6239442969450147
21673,0.39691795457585494
21674,0.8081922817088294
21675,0.29156407269540935
21676,0.06855389391434916
21677,0.8366757448713354
21678,0.07156376304703872
21679,0.36634319620576417
21680,0.6638843213495569
21681,0.08120284161484162
21682,0.19969026003474669
21683,0.5155989467643369
21684,0.26767002242993027
21685,0.4400572530069726
21686,0.36432877144063175
21687,0.06914084286140139
21688,0.8197075848488514
21689,0.40284325982970204
21690,0.5138266585095047
21691,0.27907110909970106
21692,0.8687466602873625
21693,0.5662923941779321
21694,0.6832451789948794
21695,0.2957204333624154
21696,0.8202600606564647
21698,0.2479846264891808
21699,0.06264960744527039
21700,0.4756186078286364
21701,0.045919636840328314
21702,0.6291470980642738
21703,0.25594790232858455
21704,0.4735270967345126
21705,0.32441776543177536
21706,0.7046660318300292
21707,0.6420212562260674
21708,0.20171672058607096
21709,0.6107910398197615
21710,0.6682038128078719
21711,0.524106294495187
21712,0.24956083686751684
21713,0.7994821490082892
21714,0.3309149809719544
21715,0.2885896917616423
21716,0.32443744025893506
21717,0.4377439888211266
22000,0.0
22001,0.6432026184754028
22002,0.25571509915233287
22003,0.3482086541984732
22004,0.44782314886771135
22005,0.18533456636995807
22006,0.42096776717167766
22008,0.3320410877356452
22009,0.30836739948350006
22011,0.28424013604314935
22012,0.6883440721726054
22013,0.45648555555378273
22014,0.22457081062121315
22015,0.8036738936550509
22016,0.5641677297321405
22018,0.7435083316913826
22019,0.2175321300409581
22020,0.12648115009873173
22021,0.2843762127521888
22023,0.39035918629975097
22024,0.5489724156383029
22025,0.3631307156820825
22026,0.7045826933452669
22027,0.8896138848183045
22028,0.7193260143086053
22029,0.257283532799725
22030,0.4517321589907564
22031,0.49051251553413133
22032,0.1325137964605723
22033,0.12025003887833186
22034,0.4236367608097181
22035,0.46069339092913747
22036,0.10213672822881978
22037,0.3739578872693299
22039,0.8080474412077954
22040,0.1873548052773332
22041,0.6453506225900724
22042,0.7269376124220338
22043,0.13334959519044035
22044,0.2809893701182164
22045,0.8494607934092955
22046,0.49402219273159603
22047,0.22629406826728568
22048,0.3286790987549745
22049,0.699969420824291
22050,0.463032949743294
22052,0.5409843780011195
22053,0.7192054236219383
22054,0.6511823581913149
22055,0.845668289954852
22056,0.41219635480366956
22057,0.34705207218394507
22059,0.6019562983661078
22060,0.665675107249515
22061,0.15332978480225895
22062,0.13763253373674336
22063,0.35290728467105376
22064,0.16972082237729805
22065,0.3530694007619841
22067,0.2335514529426039
22068,0.6087123840517691
22069,0.7298996433561137
22070,0.4040369728428213
22071,0.12180229974960252
22072,0.5512860609283641
22073,0.23372482393442373
22074,0.20332491516250237
22075,0.20228473375235898
22076,0.5962518156146063
22077,0.6006437844176493
22079,0.8336960287331493
22081,0.34120316725642624
22082,0.8498847939970345
22083,0.10800022040697349
22084,0.11416627722009333
22085,0.43252671503829365
22086,0.34387795595323256
22087,0.17791094731353585
22088,0.6419591189922397
22090,0.6900638733559331
22091,0.3753003034268656
22092,0.6448463030293945
22093,0.25478310747087657
22094,0.7787864837378644
22095,0.7328554903456723
22096,0.6459328883056936
22097,0.2648483106602333
22098,0.2050445139989683
22099,0.4970275700728752
22101,0.6255632853952615
22103,0.45471264842566056
22104,0.22826765328153584
22105,0.7472011723724138
22106,0.4952016732835619
22107,0.13768726734311454
22108,0.38939116440937777
22109,0.3402982571615892
22110,0.4760397393131087
22111,0.6413716628358519
22112,0.34928480102317105
22113,0.7064430269412865
22114,0.16586565933742234
22115,0.253511574239301
22116,0.15877254477015676
22117,0.5428605266801158
22118,0.3944050751767486
22119,0.21186156984306764
22121,0.4082467933392507
22122,0.1442619752452131
22124,0.48678943444799083
22126,0.8188065842641014
22127,0.41322244428063265
22128,0.46229598136917577
22129,0.17695852251724914
22131,0.15056465396907165
22132,0.6136546799439843
22133,0.12750610869845297
22134,0.5918504480569483
22135,0.16404607500950438
22136,0.341557335551269
22137,0.1759778314258344
22138,0.4271921491621879
22139,0.7207176333837902
22140,0.11269732216774131
22141,0.6533273240474402
22143,0.6833353343500445
22144,0.37285502274345667
22145,0.1106872239014359
22146,0.509206517983934
22147,0.18415732554618636
22148,0.6350356407123693
22149,0.16806647487524218
22150,0.18513480640229535
22152,0.5483695130296031
22153,0.8636240167536015
22155,0.20357290619559693
22156,0.17384557815440516
22157,0.1925818706214822
22158,0.1749463140019962
22160,0.160736820697678
22161,0.2296205677297051
22162,0.4727643505113718
22163,0.15180347181180984
22164,0.18001646710687544
22165,0.6458374133358546
22166,0.6523611120105388
22168,0.7349142930186392
22169,0.5219064830541411
22170,0.6622319325833764
22171,0.661646083209755
22172,0.5921119656564355
22174,0.6413885851220767
22175,0.09766511748681529
22176,0.3633820103828233
22177,0.4778858502499964
22178,0.3722005240252052
22179,0.5994911042858132
22180,0.24663588426687974
22181,0.1420981269300648
22182,0.29398347756067406
22183,0.20684650418650524
22184,0.7417818373268976
22185,0.08548406205531557
22186,0.8489178411408451
22187,0.51784421426125
22188,0.3706934086002561
22189,0.6125294857656941
22190,0.4123956929938908
22193,0.10887165754142407
22194,0.6890359390837537
22195,0.6366405417549449
22196,0.3806197532690692
22197,0.34029221513268776
22198,0.6367140122007154
22199,0.3744461197493177
22200,0.6389829782662849
22201,0.7226918316578186
22202,0.1495160156097774
22203,0.5496364748163982
22204,0.5744854942333165
22205,0.21021947396124874
22206,0.2759319660428298
22207,0.22679720496741723
22208,0.5832455713015134
22209,0.690400741178178
22210,0.3664418178934479
22211,0.5083613696175046
22212,0.5538108768754512
22213,0.4659048396279402
22214,0.318395650856237
22215,0.3831616761873289
22216,0.4960691516663716
22217,0.12707941825562638
22218,0.6438775267446806
22219,0.6970641267814576
22220,0.18154677543723943
22221,0.5732602696147077
22222,0.3461395427932347
22223,0.20307262883340513
22224,0.5940321617927806
22225,0.19776269876130495
22226,0.534035699457396
22227,0.17043707157134358
22228,0.3389476960785151
22229,0.16112618698578846
22231,0.4400986644584618
22232,0.8152651464114637
22233,0.33488237702846596
22234,0.33785651629473246
22235,0.7368576932874328
22236,0.33288677620234075
22237,0.540283607575806
22238,0.2247133033573541
22239,0.7581711224425707
22240,0.06857061089701794
22241,0.15060203143881729
22242,0.5620266094872073
22243,0.4013195707941302
22244,0.11120496846914134
22245,0.40222564508275616
22246,0.29289271150538976
22248,0.48836470959052874
22249,0.5186455662835567
22250,0.6225654939083707
22251,0.3520800763632884
22254,0.3853506504434517
22255,0.1826631453728095
22256,0.3419476793774419
22257,0.4405196787601768
22258,0.2978303213055744
22259,0.4367102445368213
22260,0.17826987249820148
22261,0.6621361630089471
22262,0.6435795995351994
22263,0.7517738231043865
22264,0.4776016797459111
22265,0.5257033374577504
22266,0.23077742956373684
22267,0.721247866549069
22268,0.5723562108734461
22269,0.5998921602390582
22271,0.7039691058168613
22272,0.2184185292211772
22273,0.7868703907800755
22274,0.7757764164745882
22275,0.1798945467913893
22276,0.319741229665894
22277,0.6095856239207404
22278,0.5857156147741539
22279,0.26878793856828803
22280,0.34533174870846756
22281,0.875616228636942
22282,0.6953725816113284
22283,0.5564899635004441
22284,0.6318386172325275
22285,0.19374469430737495
22286,0.5096814091814966
22287,0.8877477925724392
22288,0.7549209870019633
22289,0.6945607882835592
22291,0.6955299502747575
22293,0.3380462199354078
22294,0.5844036711427978
22295,0.14573544718723547
22296,0.6217730625848658
22299,0.31849845503861884
22300,0.6907677741999941
22302,0.7471975843509293
22304,0.1821481211865787
22305,0.11781378442468828
22306,0.36542080255760945
22307,0.6922857707335629
22308,0.7011059971939281
22309,0.14401407897139312
22310,0.18721671482165964
22311,0.6529291009196181
22312,0.6829070263816361
22313,0.5762190674851259
22314,0.4369532593498162
22315,0.2783812395728821
22316,0.1015934087580959
22317,0.22991904516705933
22318,0.24785455965119002
22319,0.7869563660448669
22320,0.5627302070013035
22321,0.2672372069904118
22322,0.7433273444095383
22323,0.5534355883653024
22324,0.619086188684934
22325,0.8450124766039819
22326,0.11338541601110946
22327,0.3969286789740262
22328,0.42796516809026697
22330,0.5909032895136943
22331,0.12061908023612677
22332,0.7375752408324289
22333,0.13030781910159112
22334,0.22768003879249826
22335,0.60215302516055
22337,0.09810688079977507
22338,0.6964131081857489
22339,0.4035581563457177
22340,0.4470249972546487
22341,0.08975831563061774
22342,0.2668448799563996
22343,0.8092293473626194
22344,0.1694423139303826
22345,0.6096079689717131
22346,0.7896253984295551
22347,0.5348013646449369
22348,0.13156110025509396
22349,0.7739842899367037
22350,0.69723549905512
22351,0.20256642297329988
22352,0.7537301470386422
22353,0.8380988923817372
22354,0.17202040622755949
22356,0.3110769240913725
22358,0.7370897352685205
22359,0.2205763234994119
22360,0.462522299864498
22361,0.5247782660768912
22362,0.6205096726364645
22363,0.8159688671300414
22364,0.34728870795425004
22365,0.2808684278943869
22366,0.2402271611149588
22368,0.752893761594144
22369,0.12575512431191269
22370,0.34393393802977656
22371,0.1254882337396357
22372,0.3928072287880104
22373,0.43610602504469204
22375,0.4914972464597486
22376,0.2259683757914544
22377,0.8408818264179577
22378,0.3590992461327385
22379,0.7759860986637093
22380,0.7822094051921548
22381,0.8043725974654155
22383,0.5198356126516023
22384,0.6641512210685793
22385,0.41544770361331357
22386,0.26623349938127566
22387,0.2148984375157899
22388,0.2881182743917544
22389,0.37031611829188543
22390,0.3728416277344294
22391,0.13839235094134048
22500,0.0
22780,0.0
22970,0.0
23001,0.5180860247490682
23002,0.038142515548515055
23003,0.29841614367716046
23004,0.7792545854332537
23005,0.3465205937920712
23006,0.8793821622705339
23007,0.2788424076281751
23008,0.4949136004600599
23009,0.03162105876661348
23010,0.6815611521959397
23011,0.6775870514625663
23012,0.7177285016840262
23013,0.5858497427262275
23014,0.6953954556670899
23015,0.03285984534735123
23016,0.7531520369305286
23017,0.2771194335315508
23018,0.4527577536750465
23019,0.2432436299420905
23020,0.5784851846678168
23021,0.8259315906166548
23022,0.4432148363765188
23023,0.037817551151466657
23024,0.27964585890252375
23025,0.8062710232424112
23026,0.03170038509211319
23027,0.672528777643864
23028,0.30684374484334226
23029,0.736141236990283
23030,0.8273550895830211
23031,0.6855043002854893
23032,0.553768676866809
23033,0.038648380768139215
23034,0.2680808625150786
23035,0.34891464198376226
23036,0.033481392507147434
23037,0.35524383372525337
23038,0.34444304525735486
23039,0.5059633077052986
23040,0.04060915946516535
23041,0.49362522581587986
23042,0.5672094811548203
23043,0.47986413962247854
23044,0.39076483205630563
23045,0.21875005304036566
23046,0.15585952963665897
23047,0.7614813360201989
23048,0.3913145102945195
23049,0.7534999933946133
23050,0.4211963191391463
23051,0.7614377575226343
23052,0.7700592924798655
23053,0.27173026659641114
23054,0.2763975693898231
23055,0.269607753884599
23056,0.6883644452478221
23057,0.8698772282366194
23058,0.5447800400252375
23059,0.29902171620781387
23060,0.7503742190792237
23061,0.8265356064739361
23062,0.44542142582665706
23063,0.2402313633322314
23064,0.8307987550563515
23065,0.40479136767793705
23066,0.3162270518817308
23067,0.3009264680487225
23068,0.47743696093737303
23069,0.5079231129298754
23070,0.6301285155781061
23071,0.33716295021934256
23072,0.03241521557646647
23073,0.20195388101441242
23074,0.4444132866238597
23075,0.4718801505497796
23076,0.22928414213584417
23077,0.606605054091817
23078,0.6913570569392352
23079,0.4283773173351903
23080,0.3758722620042519
23081,0.7336598364004114
23082,0.037715498863575087
23083,0.39591421461713167
23084,0.4359708427588957
23086,0.3900497604450289
23087,0.2996094583329594
23088,0.736395766819227
23089,0.5959450830149975
23090,0.511220448787702
23091,0.26955785906106633
23092,0.03913229281835919
23093,0.04343044515918448
23095,0.039351784846268535
23096,0.08891717274702736
23097,0.3558677874905316
23098,0.8327802817131332
23099,0.6617746003234264
23100,0.041170056634259676
23101,0.803848755593689
23102,0.03658568847009077
23103,0.3707794835788289
23104,0.4893019199782268
23105,0.43510533515927063
23106,0.030911628085901487
23107,0.9306844064845027
23108,0.38343297019710065
23109,0.7222803781266727
23110,0.2120150903015014
23111,0.042531420063039956
23112,0.3246018697584194
23113,0.8559739722336698
23114,0.03222884343538691
23115,0.26691166044029024
23116,0.47372572621903875
23117,0.5582726146140277
23118,0.8309872016980415
23119,0.8609602026370459
23120,0.49665731234847277
23122,0.7288469819294381
23123,0.32318869238710146
23124,0.7069994040311819
23125,0.1581490984472695
23127,0.32605470813477705
23128,0.5260196641507138
23129,0.19927092755943596
23130,0.32913470806355627
23131,0.21432422655741748
23132,0.6963878390190521
23133,0.6579523658273887
23134,0.8210529021998584
23136,0.42616444776165263
23137,0.5533570148845627
23138,0.5174469058678239
23139,0.487140570685072
23140,0.2888051672294554
23141,0.03893764298060242
23142,0.26730425018951803
23143,0.042286594308501686
23144,0.6616484655946184
23145,0.05735082391126806
23146,0.3487473554435718
23147,0.35134173788702217
23148,0.49789825170908325
23149,0.0386204179784274
23150,0.495736376414807
23151,0.48793936436404983
23152,0.03299805110146539
23154,0.03767410026784683
23155,0.7884763644455591
23156,0.722429918180216
23157,0.7531086282550553
23158,0.3301422230669631
23159,0.3391852665057486
23160,0.4581926933548685
23162,0.8157446600529443
23164,0.3817414431909047
23165,0.8049377485208545
23166,0.386871548111107
23167,0.14343634791000096
23168,0.7825795640738267
23169,0.5454308875567013
23170,0.5348513055124151
23171,0.300756102990817
23172,0.5240061011555424
23173,0.6533147321935643
23174,0.04103621447334971
23175,0.44562687925835087
23176,0.05526859671443292
23177,0.03403186350409051
23178,0.47105766083100453
23179,0.28014707292567653
23180,0.33845024336412644
23181,0.618704767125894
23182,0.38167064467319844
23183,0.7490394270071413
23184,0.3242179188920382
23185,0.5617483924321428
23186,0.8598174238547399
23187,0.03207410587045232
23188,0.8220957202350695
23189,0.5784531540775463
23190,0.5123454622698677
23191,0.7160782412466967
23192,0.042270382873133686
23193,0.05542729090881942
23194,0.3784267682082805
23195,0.04736829155772176
23196,0.36441247039892655
23197,0.796223428720075
23198,0.7007932674427659
23199,0.43106033505485103
23200,0.8164266898344622
23201,0.5115325148966922
23202,0.7014616360126639
23203,0.14715542935200585
23204,0.5283532917040834
23205,0.7099589983692207
23206,0.042404219467433515
23207,0.44743935224232584
23208,0.041678754847368
23209,0.5417621968827797
23210,0.28774025036152534
23211,0.35638267002773116
23212,0.7449903492408884
23213,0.32547361341855496
23214,0.38442359619892186
23215,0.7841933528566929
23216,0.6798091893744559
23217,0.7617831605403722
23218,0.4486920489328865
23219,0.03242910533903517
23220,0.34521763571148
23221,0.8774066617832587
23222,0.7245036702867869
23223,0.7003524699880799
23224,0.7444217770135861
23225,0.3738509180459039
23226,0.3230512079399387
23227,0.6861276122850021
23228,0.28583518855466866
23229,0.3800179378423627
23230,0.7124084377611899
23232,0.7972374104756149
23233,0.2982041852790968
23234,0.5267801185480145
23235,0.04731286513574451
23236,0.03855736387379682
23237,0.6201943055407177
23238,0.35975749209982477
23239,0.03034569330445615
23240,0.5790691204559644
23241,0.42629185270944303
23242,0.03439545845421349
23243,0.9189792839411758
23244,0.38313691485481266
23245,0.04393224035477809
23246,0.742130155133693
23247,0.03782031452430675
23248,0.7019245502984754
23249,0.8024960178994893
23250,0.4759645005976318
23251,0.1501642305270476
23252,0.4108881388500878
23253,0.7277527871388982
23254,0.733913171503641
23255,0.03268707907199834
23257,0.8037574194956727
23258,0.039075537209812244
23259,0.030925732771385318
23260,0.6038492189381666
23261,0.05823846913171758
23262,0.03788234745382406
23263,0.5285116723731417
23264,0.6743231401801256
23265,0.3110827278105813
23266,0.32726590220726154
24001,0.1850331831461793
24002,0.6588424233545731
24004,0.3748629119042816
24005,0.41564184873610016
24006,0.5035954585865665
24007,0.17065941929409567
24008,0.320629578047296
24009,0.28768307007493227
24010,0.17908548879953576
24011,0.7435266358149641
24012,0.35091003190405895
24014,0.17437677227687826
24015,0.47456520362142435
24016,0.21044238919482233
24018,0.055193340328061544
24019,0.04962069108102048
24020,0.05788168788276368
24021,0.5024278893927903
24022,0.552954057031472
24023,0.6106654514241996
24024,0.40793768019186144
24025,0.3466400684917521
24026,0.14970128638743024
24027,0.3974379155804667
24028,0.278773447844141
24029,0.5030061692730483
24030,0.12689781627487606
24031,0.42031180269669793
24032,0.3445494342822925
24034,0.7928547606568884
24035,0.26566146929133677
24036,0.5303563979763295
24037,0.4980660590022864
24038,0.15359086325288498
24039,0.34134383855424155
24040,0.5454387867439829
24042,0.5296192207325882
24043,0.22028083219050343
24045,0.3363362191872307
24046,0.2846199702210771
24048,0.4116531064427091
24050,0.32387476857022496
24051,0.2557653172044559
24052,0.6613507913981943
24053,0.246380808463001
24054,0.3343802408292457
24055,0.31204011224692596
24056,0.34706713105889475
24057,0.11713225796688158
24058,0.20145542160533608
24059,0.0607551068627379
24060,0.33731853916129684
24061,0.6765384414000267
24062,0.15752744408330127
24063,0.3801965763442351
24064,0.4737119007457642
24066,0.6288017223467344
24067,0.5073869293753075
24068,0.3238070087895286
24069,0.5496507847114246
24070,0.2024399123074956
24071,0.24162254497319424
24073,0.5619845814118904
24074,0.4143320501604185
24075,0.32056852770129096
24076,0.4428375689587949
24077,0.5814124820384362
24080,0.17626593873397747
24081,0.3405447236734838
24082,0.4069894378630686
24083,0.3324974893948135
24084,0.5780351647968116
24085,0.4736311766531126
24086,0.3181731094293482
24087,0.5607780508391172
24088,0.5420823601008183
24090,0.19453541965729604
24091,0.3683798186582152
24094,0.1760949573049336
24095,0.170574307277061
24096,0.35332486236868454
24097,0.1041138303421889
24098,0.6218390160762987
24100,0.2297635381532242
24101,0.22452742725647667
24102,0.675227704435301
24104,0.3409173397748198
24105,0.16309698285632915
24106,0.28661727629368583
24107,0.4709926617645953
24108,0.6045781129916722
24109,0.11963401264758078
24110,0.14459697616786593
24111,0.26685105093108974
24113,0.049360901480384994
24114,0.2347873874918519
24115,0.5499757159265893
24116,0.09581024355757871
24117,0.22022088289717762
24119,0.10365184550896218
24120,0.31007005709927116
24121,0.317895750926432
24122,0.5760669241589282
24123,0.5539854159069136
24124,0.33879547769562857
24126,0.3422767977147911
24128,0.1771830543394329
24129,0.45521739203841705
24130,0.1048145054085842
24131,0.6374131925923034
24132,0.4650918196241154
24133,0.20251095466238594
24134,0.25584561849300536
24135,0.7298734547056649
24136,0.8148165529906357
24137,0.4136394046404166
24138,0.24461354525380388
24139,0.18977885633353841
24140,0.4481796773592483
24141,0.14676008666829155
24142,0.4002020161935824
24143,0.4829126421136881
24144,0.36390976970160877
24145,0.4799370275427725
24146,0.7315121820676785
24147,0.5905255501527554
24148,0.44672312015032584
24150,0.372701037169799
24151,0.28405620701362466
24152,0.42526024627206566
24153,0.5124985946824129
24154,0.4391362753520472
24155,0.41954344686652756
24156,0.5997642961340998
24157,0.049847310886612754
24158,0.22804427246915002
24159,0.36765369415526317
24160,0.17528569617102302
24161,0.10061379757549407
24162,0.8530707561714619
24163,0.2615142968504391
24164,0.4936735056158619
24165,0.2535635236501421
24167,0.3009541626617395
24168,0.3804950720465478
24171,0.2921839963486501
24172,0.4357943934474278
24174,0.22726351072923878
24175,0.05923974457752006
24176,0.6488137243290092
24177,0.5845695578505311
24179,0.26003685288165257
24180,0.10698333286267891
24182,0.2595169594014001
24183,0.27473547957599126
24184,0.40235364444541866
24186,0.32974111193685196
24188,0.5757297860585967
24189,0.23468960324768479
24190,0.5407574986160828
24191,0.5955434297851524
24192,0.5426778299714956
24193,0.4246431786490665
24194,0.4455997786122867
24195,0.18230626098485816
24196,0.17343298750392722
24197,0.35221176535206494
24199,0.11336434635802634
24200,0.2915513450386753
24202,0.46281378061520906
24205,0.10570709342848729
24206,0.5560984924773674
24207,0.4515335009084006
24208,0.623970333917651
24209,0.43532289230315924
24210,0.24998731054412923
24211,0.07337091499427079
24212,0.4435407032723066
24213,0.7200575210687341
24214,0.35545874968985863
24215,0.49209769782174384
24216,0.3659143561467816
24217,0.371149685384059
24218,0.27278536954061533
24220,0.5799432533483849
24221,0.39486734700887643
24222,0.5246782668927691
24223,0.47644345965789403
24224,0.5071104239549451
24225,0.4048999700788529
24226,0.31259920814915515
24227,0.21089763012356422
24228,0.5475700461760001
24229,0.13254082963969913
24230,0.5436010468694381
24231,0.17981678142278823
24232,0.47356983788069756
24234,0.10135045260608193
24236,0.15639677261628365
24237,0.35877026526391514
24238,0.45467576461554865
24240,0.46472973531468825
24241,0.556197205449337
24242,0.5536224144292642
24243,0.5046399560394137
24244,0.42080494037105737
24245,0.43177118030227607
24246,0.30757816215501105
24247,0.1690687844171689
24248,0.27783054787457745
24251,0.6599808005204665
24252,0.4296498221621521
24253,0.11949960434617331
24254,0.5041090196671206
24255,0.37605998754433045
24256,0.7115209487600275
24257,0.178922199780928
24259,0.2615760666768583
24260,0.5256337040575498
24261,0.5560938783531949
24262,0.6438334656492191
24263,0.18407933772133483
24264,0.21160314043336984
24266,0.5109947382536145
24267,0.654326532783848
24268,0.3994966244509695
24269,0.12404598373567369
24271,0.40048970168054004
24272,0.3067140806627887
24273,0.344617508258219
24274,0.38816331054633174
24276,0.2672541651686474
24277,0.29492248114028113
24278,0.5893694992382473
24279,0.4106386735215426
24280,0.22620012976313186
24281,0.48580272195563096
24282,0.42171414451872596
24284,0.6742299336579879
24285,0.6028539235654522
24286,0.3291220332183195
24287,0.554396369979705
24288,0.22938099429046147
24289,0.2893325576025513
24290,0.45871470809594594
24291,0.3730755745550996
24292,0.3205336201282871
24293,0.5244183840630561
24294,0.16097273770957754
24295,0.16565551777019363
24296,0.5125674447539343
24297,0.39311016346842015
24299,0.07343539472782229
24300,0.39079389191259273
24301,0.5179939938931628
24302,0.3627890184216863
24303,0.21723206212598561
24304,0.27713463657857035
24305,0.2556734974786532
24306,0.2421926846217388
24307,0.3063123187085496
24308,0.45253447687517695
24309,0.09505667414921301
24311,0.3469582564950078
24312,0.17700261971455014
24313,0.27054690436998813
24316,0.17000436806159014
24317,0.3166612470218144
24318,0.44450806160198864
24319,0.272285771867326
24320,0.2489023828550326
24321,0.24738514110724508
24322,0.6826758845894277
24323,0.17371685592975333
24324,0.0923484988919616
24325,0.1291139595112217
24326,0.3293205506457296
24327,0.7267920461059525
24328,0.2861715998488735
24329,0.3428946843393855
24330,0.21404187388425389
24331,0.41109076295816865
24334,0.45345241318019125
24335,0.2566520093798884
24336,0.4162218859427055
24337,0.24845065956022655
24338,0.7175552797475381
24339,0.2847239588792933
24340,0.38139036143086413
24341,0.46506950276701425
24345,0.60669190142365
24346,0.36387455164766835
24347,0.3619830333361076
24348,0.3418050356606572
24349,0.28000064912607603
24350,0.1938534433636868
24351,0.32657616172234466
24352,0.38259329431308714
24353,0.1426127232834198
24354,0.4318240816157643
24355,0.41941912481405624
24356,0.4893651857242015
24357,0.41863770288816227
24359,0.35587972897796866
24360,0.5538152774069885
24361,0.5844374932307113
24362,0.4348459698905495
24364,0.10539284494502198
24365,0.5615055737825725
24366,0.48683062417438666
24367,0.2571429936190121
24370,0.20970409559459535
24371,0.48299116818938154
24372,0.16544844866887182
24373,0.2869881245199574
24374,0.631837139802931
24375,0.5918465883689931
24376,0.1575985067973975
24377,0.5669783318979605
24378,0.6127969682237875
24379,0.40047127251561315
24380,0.409090283957941
24381,0.31421694062834216
24382,0.5990589539527507
24383,0.3199142541691448
24384,0.18461631245848925
24385,0.4388424167239969
24386,0.28438447273787076
24388,0.41020920152071716
24390,0.7173720474327167
24392,0.3098169312612181
24393,0.4002787290553111
24394,0.11413063833466415
24395,0.34423872217090296
24396,0.4096910961260231
24397,0.27304859859536773
24398,0.28450389517928226
24399,0.35735392573565417
24401,0.40134686917877677
24403,0.3060045011761451
24404,0.5029377991039878
24405,0.56166876229093
24406,0.25286173411125784
24407,0.6262164572563063
24408,0.5317966243862062
24409,0.062154229574619774
24410,0.25475654032156675
24411,0.26818484193159087
24412,0.27632398672329606
24413,0.5239531896602198
24414,0.5145657491171373
24415,0.22014872653555564
24416,0.5357022540783487
24417,0.30593667500101657
24418,0.3862240797292753
24419,0.532673647001359
24420,0.10563750445282138
24421,0.6826635780840439
24422,0.6937215018377727
24423,0.32219049545998274
24424,0.30037627575760734
24425,0.32436732652585176
24426,0.6457152242894806
24428,0.1985183780625985
24429,0.2629389195403979
24430,0.0
24432,0.36762512248412166
24434,0.1687884563351778
24436,0.11425251084025995
24437,0.5606776131318673
24438,0.34734151986942413
24441,0.29748214603044504
24442,0.11404074484389426
24443,0.31537285091474565
24444,0.05412321772630164
24445,0.6775244068996872
24446,0.22360887541512176
24448,0.3452065003020807
24449,0.12611974968879747
24450,0.4094000471364646
24451,0.29316573657424416
24452,0.15866507516225972
24453,0.4348294906828717
24454,0.16895751461366043
24455,0.2465429527529231
24456,0.48122587994314203
24457,0.26808569179305003
24458,0.32347467313200257
24459,0.5334658753834162
24460,0.22304221296182655
24461,0.2762723785367121
24462,0.056514804521397045
24463,0.2302372211191281
24464,0.2638043138497908
24465,0.49350958780873727
24466,0.3309650133366154
24468,0.5974320621132652
24470,0.36272901505178096
24471,0.44359998241581317
24472,0.46182262460966494
24473,0.21302155833202588
24474,0.3025078421171997
24476,0.3364156079002797
24477,0.3547085455479019
24478,0.45073441485422205
24479,0.23881539091911255
24480,0.7332540081425208
24481,0.1606044923018984
24482,0.3133530907167219
24483,0.3030796073904117
24484,0.7257285574777026
24485,0.28050318806293373
24486,0.1600584686923659
24487,0.39766304966068433
24488,0.3585925725404049
24489,0.18583267830839498
24490,0.16317235581707962
24491,0.05174050632931062
24492,0.659626926258264
24493,0.2939375554817698
24494,0.1377454287141297
24495,0.18753554185537746
24496,0.2750152654672114
24498,0.2094285731439155
24499,0.5407391666625568
24500,0.524631638853932
24501,0.36140587591334083
24502,0.04986216769106684
24504,0.2648429658381906
24505,0.309901212825637
24507,0.29276580424342374
24508,0.5206505198913578
24509,0.23060758800876568
24510,0.544899064019376
24511,0.29693729892245024
24512,0.40381817837069656
24513,0.7525830145033339
24514,0.38872262246608297
24515,0.28840487660437003
24516,0.10301544549765945
24517,0.2156270206202975
24518,0.6880134450957619
24519,0.24622769151145515
24520,0.47108640964653176
24521,0.7051919058500111
24522,0.16119145948968663
24523,0.4027397972660207
24524,0.6237131435886131
24525,0.24524632055032325
24526,0.24739520510055973
24527,0.5247001193962108
24528,0.24432491477159085
24529,0.47603901094678414
24531,0.3216160827868221
24532,0.30476504287630024
24533,0.38329775453378967
24534,0.3916731669386084
24535,0.3727556244600219
24536,0.40776232764437603
24537,0.24168962370090996
24538,0.4576201746685486
24540,0.5562046980645017
24541,0.2614093154085387
24542,0.19267016744800627
24543,0.049907873966268244
24544,0.34408568282563795
24545,0.4832256516671395
24546,0.4205982583376762
24547,0.19247537777349927
24548,0.312063312579202
24549,0.4523975584425363
24550,0.3420542410843883
24551,0.36160225970858473
24552,0.28771553440622644
24553,0.381919167415387
24554,0.12396985723812244
24555,0.3804718634648663
24557,0.6740594657342271
24558,0.39284439961374557
24559,0.3481454415988513
24560,0.4026422300200797
24562,0.5885970506044975
24563,0.30412869334769377
24564,0.1729123557932053
24565,0.3595972442261483
24566,0.5809058343407063
24567,0.3215098980768398
24568,0.3691545350191189
24569,0.252116591365447
24570,0.5943309559534194
24571,0.6332570490358463
24572,0.17914855589731984
24573,0.12733724357601006
24574,0.4074109056565224
24575,0.5498350576335849
24576,0.5938878318695091
24577,0.3731979188141161
24580,0.1531857712211769
24581,0.45599093711842253
24582,0.39360513997803015
24584,0.2870270178553327
24585,0.5630314507873366
24586,0.25197078825308294
24587,0.4123175931910139
24700,0.0
24750,0.0
24800,0.0
25000,0.0
25001,0.8794716968489342
25002,0.875948306884336
25003,0.33225592966653084
25004,0.9855412059760303
25005,0.826690904932968
25006,0.7993106235464061
25007,0.6521047872373604
25008,0.9873367725494625
25009,0.7510578427765537
25011,0.2640832970108016
25012,0.76190164939057
25013,0.9123942301048092
25014,0.19349939071697
25015,0.7146266103622393
25016,0.7574744402772812
25017,0.8864557969425594
25018,0.042414594998328954
25019,0.10905955311373128
25020,0.3930502078075936
25021,0.7986171272800842
25022,0.9809703126669693
25024,0.5154226926385358
25025,0.5026476122832411
25026,0.3628150604898981
25029,0.496902115486418
25030,0.18662174558604344
25031,0.29961591713751445
25032,0.053001735156649125
25033,0.9118725213225509
25035,0.221747819534293
25036,0.35441912617025295
25038,0.9486960856336917
25039,0.5736961820156202
25040,0.8128464387377219
25041,0.60759779402756
25042,0.8460890460812771
25043,0.2839160707770073
25044,0.6250368184909941
25045,0.9541044148496625
25046,0.568691154450804
25047,0.09549592237489776
25048,0.20397280544115862
25049,0.7776115058947008
25050,0.5243614737119594
25051,0.8539939834232381
25052,0.6896183553283473
25053,0.9016735761254533
25054,0.21464697077782083
25055,0.13311817179736196
25056,0.31356636206591615
25057,0.28489140085448483
25058,0.7743235671207633
25059,0.9403509691382511
25060,0.46729841748183554
25061,0.7368421451753938
25062,0.5181264718127471
25063,0.9829206619067463
25065,0.9652584470463487
25066,0.11681406432117498
25067,0.10624165636994301
25070,0.4269985099464368
25071,0.9245161381561097
25072,0.3950390926668691
25073,0.8761748214532807
25074,0.6450294522654859
25075,0.39004249891926485
25077,0.5190015166880069
25078,0.6804508489195912
25079,0.28039833509490864
25082,0.15836836529110304
25083,0.7498093607846005
25084,0.8977612163409657
25085,0.45682943880825283
25086,0.20468720702260293
25087,0.039726008595988085
25088,0.0716046159063264
25089,0.678121053018464
25090,0.7248088286975901
25091,0.6519053876385333
25092,0.060491397786644675
25093,0.9747897662573892
25094,0.8333556155472981
25095,0.8487659727226937
25096,0.47674566424791315
25097,0.2921432652126005
25098,0.5446512227069762
25099,0.5261464589547237
25100,0.5637968293126873
25101,0.9078941413498466
25102,0.8701772405461671
25103,0.9081947593541454
25104,0.5258561442223089
25105,0.777719020005722
25106,0.9219591667200829
25107,0.05876543229194124
25108,0.5861587223781834
25109,0.8458433552600905
25110,0.5465472483238094
25111,0.7963701853138939
25112,0.8029948416703603
25113,0.8874685738777945
25114,0.8796123221802519
25115,0.21365173650266697
25116,0.9834332008538128
25117,0.20409654009910114
25119,0.22612285233340587
25120,0.7610098728080165
25121,0.4182897996150776
25122,0.5892132449225095
25124,0.7246355641605163
25125,0.8536650527750778
25126,0.8761787238488775
25127,0.44973985429622954
25129,0.832515518588434
25130,0.8100619202228654
25131,0.423953743198098
25132,0.15570487764840032
25133,0.23967425664580164
25136,0.19309490591993914
25138,0.7163186792225829
25139,0.4973751420112054
25141,0.7357372617633314
25142,0.38000117107847764
25143,0.5547292754146376
25145,0.8947032256967065
25147,0.23193021575760814
25148,0.8711824505443365
25149,0.8700288556586113
25150,0.9792143625380183
25151,0.6962984582824246
25152,0.7368024202827099
25153,0.8757668918931332
25154,0.8683090918577561
25155,0.8056365626796579
25156,0.04017700152863679
25157,0.6075961184722669
25159,0.1503905534153135
25160,0.6522200880493645
25161,0.4691946878460834
25162,0.989897724679012
25163,0.12490584732038078
25164,0.21422913124069723
25166,0.8548338838987269
25170,0.3446196521301735
25171,0.8574476959899365
25172,0.8623591315313849
25173,0.8891195219461538
25174,0.9135784654178505
25175,0.7017248511856725
25176,0.701521006460246
25177,0.8981531064746026
25178,0.907682634796796
25179,0.3542232660601745
25180,0.38191131701869796
25181,0.3363304394756714
25182,0.3511297814316591
25183,0.649494465134039
25184,0.47792604078706163
25185,0.8370434610800858
25186,0.8694247220431374
25187,0.9644676291226398
25188,0.2774059529925973
25189,0.9579529361408887
25190,0.8227087591992831
25191,0.1978203932346261
25192,0.8740249507107805
25193,0.45651708122662454
25194,0.9818625698990683
25195,0.18574312750674352
25196,0.8425101558607212
25197,0.9882026206106471
25198,0.9832115924490085
25199,0.5696771899458826
25200,0.8841099600717304
25201,0.6369237478401583
25202,0.6631246776159194
25203,0.9179850463415868
25204,0.6227911200640097
25207,0.628164081160158
25208,0.46831169575272763
25209,0.795871224984077
25210,0.9848242912686644
25211,0.8199182895553507
25212,0.3527765485719309
25213,0.5320819484886818
25214,0.160376332133693
25215,0.07767627351507525
25216,0.9190642074587332
25217,0.9814081105646922
25218,0.6786440415474783
25219,0.512382608478383
25220,0.9152771980904894
25221,0.7378600237642486
25222,0.5597387195090696
25223,0.523300810450625
25224,0.1868564976917567
25225,0.17315354284352275
25226,0.9030842253435518
25227,0.5793971911130051
25228,0.28828047142919283
25229,0.6109286410674711
25230,0.3874434230667114
25231,0.7241439930963096
25232,0.9375971242249865
25233,0.5445521536875871
25234,0.7932024698571359
25235,0.14395268634135874
25236,0.8280154557692934
25237,0.26096654482060194
25238,0.7572580359417179
25239,0.8794045215997863
25240,0.613135569025087
25241,0.7506572244188455
25242,0.9559937018919001
25243,0.6045257667551527
25244,0.5982832987947413
25245,0.734376448677574
25246,0.04022718562113598
25247,0.3490331774155858
25248,0.6379080709210307
25249,0.7187390154460607
25251,0.06914931153351436
25252,0.5736752584527921
25253,0.817944193825752
25254,0.6674912014383274
25255,0.7867897423848406
25256,0.6117193120978839
25257,0.978204920545028
25258,0.27853693768174426
25259,0.39695042301051997
25261,0.9031590352856874
25262,0.5954120949988632
25263,0.4101771359617506
25264,0.9723839710560972
25265,0.2078118764514504
25266,0.894142163365571
25267,0.7617677925021913
25268,0.9057344113089665
25269,0.9613169396074133
25270,0.33116664557537373
25271,0.9197467114733239
25273,0.8770318578083602
25274,0.9832740584412357
25275,0.9266280025245163
25276,0.03749376250847567
25277,0.3936421827645794
25278,0.8667511199304849
25279,0.362104136576748
25280,0.737749931704234
25281,0.13375272543768418
25282,0.5429184761431401
25283,0.7814624357275275
25284,0.32859510956181576
25285,0.5400060544966592
25286,0.8181169062105489
25287,0.21227772708413414
25288,0.5904973707804849
25289,0.5415798471728458
25290,0.900888621543252
25293,0.583270245816311
25295,0.5628712902598217
25296,0.7084083324685989
25297,0.7308669278779321
25298,0.06847992735915069
25299,0.6333419800719191
25300,0.470801113769235
25301,0.5639781704084543
25303,0.7406037526292655
25304,0.9437214142070592
25305,0.6647131497288968
25306,0.038415539290038755
25307,0.7752534389309323
25308,0.694720071798447
25309,0.658045102969656
25310,0.42599814961667226
25311,0.11081166636764343
25312,0.03841738021441043
25313,0.03919651007148694
25314,0.8524244243265464
25315,0.10165757812411101
25316,0.9198241882329966
25317,0.8016522439486146
25318,0.7881358348133536
25320,0.4852380938787705
25321,0.5915186322975987
25322,0.5471294234482421
25323,0.9851393721273444
25324,0.7024585048498819
25325,0.9004950744376757
25326,0.21819112216388753
25327,0.09828498495863632
25328,0.7665951406020667
25329,0.6675765879997408
25330,0.7648872604589956
25331,0.8203390790105616
25332,0.2589308233160348
25333,0.8318516480899969
25334,0.5963649249767659
25335,0.8682410375746898
25336,0.6895437254958471
25338,0.7987958959436514
25339,0.8271859584890686
25340,0.7266790464888881
25341,0.6644064067666904
25342,0.5712798127961608
25343,0.8953030456559183
25344,0.8848643929551242
25345,0.14503496777028224
25346,0.7636459642650157
25347,0.8190008377587517
25348,0.5816430696850141
25349,0.5970367560142089
25350,0.9819863325312376
25351,0.6624481193498115
25354,0.0656746771640957
25355,0.8454554214831776
25356,0.6663091008387694
25357,0.7823635628564837
25359,0.6672428510368226
25360,0.8889800719298487
25361,0.5972444963453268
25362,0.5456991288484624
25364,0.7291950735518498
25365,0.04576722358872774
25366,0.6233313922538738
25367,0.19494324529320517
25368,0.24465111217144359
25369,0.972558740777342
25370,0.19870927833848556
25371,0.19252255981424898
25372,0.9113562319843485
25373,0.6701828064886615
25374,0.11095239659768567
25375,0.7310199861656408
25376,0.244933647852974
25377,0.3668209121667001
25378,0.9849877467343976
25379,0.7226132747838734
25380,0.7693604494252748
25381,0.29098718652547473
25382,0.14491425426770985
25383,0.18417061569253865
25384,0.45095507290876713
25385,0.661678586643909
25386,0.9088713901752169
25387,0.5944135382396598
25388,0.3671176466434962
25389,0.650747465669066
25390,0.736653421889471
25391,0.6836634820619574
25392,0.5691819491445604
25393,0.8827737347666509
25394,0.9798113211912106
25395,0.7602491744073878
25397,0.2713899077980134
25398,0.7744447684235187
25400,0.679903490269328
25401,0.7166327876709008
25402,0.973050199757054
25403,0.5920801916171006
25404,0.3287371745890129
25405,0.5562073234393433
25406,0.8835948594277914
25408,0.9461630341438801
25410,0.7592159710896852
25411,0.685107883389847
25413,0.39403159367618673
25414,0.8647643251773454
25415,0.4960595677602658
25416,0.6687331100383209
25417,0.6486774198685703
25418,0.9902915138010442
25419,0.37422488434799095
25420,0.3575049260654896
25421,0.8591679195436003
25422,0.898702597601489
25424,0.45554108866403237
25425,0.6455361805339974
25426,0.8789971569385214
25427,0.17817109687993554
25428,0.294986234629523
25429,0.19801881763277776
25430,0.9529660044450857
25431,0.9077157398368364
25432,0.5924841659795415
25433,0.6386986179956514
25434,0.8227682238273022
25435,0.6564381006734926
25436,0.8997328506244128
25437,0.9864378400176234
25438,0.20030156184664877
25439,0.08251765166325821
25440,0.5164915545465588
25441,0.9048261326883752
25442,0.6315636856556117
25443,0.8244681402671397
25444,0.8966776297017117
25445,0.5614472304922742
25446,0.7092747111914998
25447,0.39236084409482486
25448,0.22144922441807266
25449,0.9241635313742326
25450,0.7203388113428869
25451,0.4381820210977427
25452,0.90046548374849
25453,0.9043484785722804
25454,0.2769883382595128
25455,0.2843530240543108
25456,0.6449289709583172
25457,0.565493553658099
25458,0.8978082001460619
25459,0.5231741086759931
25460,0.7267361417267633
25461,0.04396255850003328
25462,0.5619228145095643
25463,0.9106671896726365
25464,0.45074068877655327
25465,0.493351904968282
25466,0.1765750170089295
25467,0.24086529845245125
25468,0.12927756860906836
25469,0.9918530978869522
25470,0.11908356216210678
25471,0.881048839751445
25472,0.4791450202215222
25473,0.7475816401427721
25474,0.11309790775494616
25475,0.8046682308024896
25476,0.9070353270482693
25477,0.2856742107276578
25478,0.8674836309474112
25479,0.050496342134503956
25481,0.9150930711944307
25482,0.9795106354668595
25483,0.4083886073911313
25485,0.8976624990297721
25486,0.44973938909310035
25487,0.5151499684510271
25488,0.6247889282965885
25489,0.7804691777129432
25490,0.1047952634413859
25491,0.9773828548255916
25492,0.04258480056148927
25493,0.49075262328637864
25494,0.4697713161029382
25495,0.2688492244961507
25496,0.7433681022728884
25497,0.9859862225020036
25498,0.9497681890421814
25499,0.36169087788623233
25500,0.6629559238175036
25501,0.4547037570709181
25502,0.19225745334224414
25503,0.9075964556618962
25504,0.6356544288559756
25505,0.34552269376742106
25506,0.0588079727547926
25507,0.8839982488614706
25508,0.1206212742637669
25510,0.9094098525973727
25511,0.9240189931395355
25512,0.6717413065005196
25513,0.36546967787632484
25514,0.6226724389444035
25515,0.5486173904011267
25516,0.043956687453551156
25517,0.5013145178294326
25518,0.10000125802447293
25519,0.6878560610019648
25520,0.7395639883183193
25521,0.9863344822306295
25522,0.6467498128278814
25523,0.9842460520774521
25524,0.12228357029788256
25525,0.5995747067239905
25526,0.29966867078649956
25527,0.17258388469897176
25528,0.7308405311503485
25529,0.9021020521384601
25532,0.7633703561061439
25533,0.5909390550059593
25534,0.42140355220791903
25535,0.5034981785992233
25536,0.9918663478173055
25537,0.8670313159235109
25538,0.06926175082595173
25539,0.9371028942128062
25540,0.9849868007878816
25541,0.5683055734961139
25542,0.26742507105614344
25544,0.898141108162888
25545,0.8588000701871933
25546,0.7413193593381482
25547,0.37119567076162346
25548,0.8658767370425309
25549,0.5770386153036795
25550,0.5774814792066404
25551,0.8605389004216354
25552,0.11352709495411302
25553,0.723286618186472
25554,0.8603838364612355
25555,0.32528250539488823
25556,0.9512805363815315
25557,0.22615461617561383
25558,0.7139210150625894
25559,0.5472648945058105
25560,0.21870209503527704
25561,0.24226080665861996
25562,0.943487011645196
25563,0.1317403356243619
25564,0.22983573052935607
25565,0.6838883450340034
25566,0.0702644414761961
25567,0.5043710598730623
25569,0.69476867834837
25570,0.4109498794175451
25571,0.7778963944302588
25572,0.4893115361221836
25573,0.755218174224121
25574,0.3438456436614326
25575,0.992140704976418
25578,0.6156552923702195
25579,0.06853661201651831
25580,0.2771320773865061
25582,0.9822127230547946
25583,0.9324022568719577
25584,0.656143446211275
25586,0.9242171055468238
25588,0.8557841041860798
25589,0.8901805974286063
25590,0.7081828540909698
25591,0.9705934427163793
25592,0.48012147918999304
25594,0.2360045350750605
25595,0.9005501259127793
25596,0.6983379861716092
25597,0.8944531230910535
25598,0.1837271238257817
25599,0.11831409249404413
25600,0.5765753320720293
25601,0.5793352239813252
25602,0.04391608736908208
25604,0.061275051563013966
25605,0.47857493933162154
25607,0.8879729381631438
25608,0.9834622200546065
25609,0.9556173495644014
25611,0.7721995612593053
25612,0.19143496355544456
25613,0.03943160572733216
25614,0.3269346257104057
25615,0.9802092591337909
25616,0.8310801476715487
25617,0.8945081678105162
25618,0.140074457953541
25619,0.4354065578293801
25620,0.7187371662457156
25621,0.29986090464804027
25622,0.17823502306977707
25623,0.7122134858469692
25624,0.07792906501006842
25625,0.6880764619543548
25626,0.0409663442127489
25627,0.3032612450701196
25629,0.0415689290455683
25630,0.5265924834731754
25631,0.9000611444563604
25632,0.267392209512063
25633,0.8158025388315265
25634,0.5393069866409359
25635,0.9008633120224123
26001,0.35896499712452506
26002,0.11724052751316631
26003,0.6352724437519995
26004,0.24222299758032853
26005,0.1229830531459943
26006,0.1690987287256535
26007,0.7765691306209743
26008,0.8492873059580669
26009,0.13176596391492384
26010,0.44120330307943173
26011,0.22317421066268425
26012,0.18676282539224928
26013,0.12289282670593113
26014,0.8124804832750326
26015,0.33306489871264705
26016,0.18014968446185844
26017,0.40762724672250433
26018,0.15433210650677254
26019,0.3489460810201165
26020,0.62927716938544
26021,0.6226789858225404
26022,0.2932551037237141
26023,0.7867874822456125
26024,0.6856272373399193
26025,0.2975449552868936
26026,0.1510767339593782
26027,0.4006021393763141
26028,0.7353243680009988
26030,0.5118499480476757
26031,0.7782929492514965
26032,0.6874220191029728
26033,0.39703120860915075
26034,0.1361200282953619
26035,0.5093083450200298
26036,0.2493604767196396
26037,0.16758718654368251
26038,0.2642818852382855
26039,0.12696606851636968
26040,0.5226492250302075
26041,0.10932779496992846
26042,0.17436488888227786
26043,0.33668227460611583
26045,0.7191359595110333
26046,0.10348259411219957
26047,0.33883382522102845
26048,0.40921498910877396
26049,0.7052971846132934
26050,0.1633851963089448
26051,0.2705313182556604
26052,0.7456725608516492
26054,0.4062245111602363
26055,0.23783612330031856
26056,0.25001341031611773
26057,0.23168622722784177
26058,0.2732894760126037
26059,0.32094335367246096
26060,0.16013744417066547
26061,0.7613118881512724
26062,0.5757773220793017
26063,0.29773003478252735
26064,0.22047554725692403
26065,0.5623789478439664
26066,0.785565673063998
26067,0.1783081465398646
26068,0.8414967551140157
26069,0.2828437578805278
26070,0.3793532291741493
26071,0.23229611916795354
26072,0.15816302196111
26073,0.37559377860621684
26074,0.366985165380197
26075,0.11617572124251953
26076,0.3412426114160188
26077,0.8158815579351664
26078,0.73184046046092
26079,0.7064459259918761
26080,0.35086321494408146
26081,0.6697533523651575
26082,0.173144205840102
26083,0.6447514605293693
26084,0.1789448689017326
26085,0.1507594545722248
26086,0.26027292332409663
26087,0.7542202401997734
26088,0.1758144160479801
26089,0.11259156301239111
26090,0.6347419905459251
26091,0.17627436961762571
26092,0.8237474788699888
26093,0.11289086632683774
26094,0.7324259724280258
26095,0.8361428178223606
26096,0.8291818809140797
26097,0.17828623855299097
26098,0.20215725620232858
26099,0.3349511249285134
26100,0.807954357405638
26101,0.1458212907473462
26102,0.20105789467055293
26103,0.1487136957828633
26104,0.06511400076648856
26105,0.1090863124888927
26106,0.2376641166308945
26107,0.8489610602803644
26108,0.5453581628746343
26110,0.1739981251744638
26111,0.15315474994157813
26112,0.14865193359016413
26113,0.3993583091725314
26114,0.2842131939909275
26115,0.5265215921584523
26116,0.08218308339565922
26117,0.33192737869631
26118,0.71077151184621
26119,0.13527735717248782
26120,0.0
26121,0.1455040673641207
26122,0.4037582866472627
26123,0.18105535930442643
26124,0.1738500280328025
26125,0.5814272166254683
26126,0.1273528602689421
26127,0.2706542106635036
26128,0.39786935112584787
26129,0.1248566534386197
26130,0.1459515547299533
26131,0.457379996019447
26133,0.722444276211893
26134,0.1557023546877566
26135,0.21295048882118944
26136,0.7983207030845305
26137,0.2058171316861677
26138,0.10562731859035365
26139,0.7168972068375786
26140,0.7428671499365982
26141,0.5714293557254021
26142,0.3064273859554705
26143,0.30002978741984815
26144,0.2733629001612207
26145,0.08515433678005423
26146,0.4028607741879755
26147,0.1598084304862014
26148,0.4935243409438767
26149,0.09844553676933188
26150,0.18499115822312984
26152,0.40322384036217257
26153,0.23138456960708625
26154,0.3314507025601942
26155,0.6021033203166184
26156,0.17776776520348686
26157,0.1551316620993452
26159,0.33140054500989213
26160,0.10955131582717924
26161,0.0803733188125715
26162,0.5973955009843788
26163,0.7445648758993972
26164,0.25640723764227613
26165,0.19341131416118745
26166,0.167294684377562
26167,0.3331335971880142
26168,0.07248604606390582
26169,0.11116740053403457
26170,0.2628623955528281
26171,0.8085532882924185
26172,0.6014888218532679
26173,0.8581022208364246
26174,0.8082110930363381
26175,0.2867327054948441
26176,0.870401418975017
26177,0.808312672296676
26178,0.20263852591311424
26179,0.22497594892854622
26180,0.2753883779819602
26181,0.13063725067066637
26182,0.21101963532115542
26183,0.3079370347095506
26185,0.21108983372788898
26186,0.19158252282705518
26188,0.30001408559761233
26189,0.09358180128932198
26190,0.16277605857051095
26191,0.15244807878566521
26192,0.23649693028205057
26193,0.2171232592499726
26194,0.8530765409965939
26195,0.3177299116025285
26196,0.16091843223047203
26197,0.22109579799766227
26198,0.1774759166739721
26199,0.10905103293247397
26200,0.24285725972358554
26201,0.10141495822323926
26202,0.33271413711534864
26203,0.7734702476553926
26204,0.4742335594483538
26205,0.3440756882560328
26206,0.6100105835378111
26207,0.7309824049437524
26208,0.18213577753760357
26209,0.10415604624390074
26210,0.5736828025789403
26211,0.35966880428693826
26212,0.6938560296509787
26213,0.6427869347129045
26214,0.2568747086029741
26215,0.16952815936220478
26216,0.6984308747809468
26217,0.5612984004452825
26218,0.7496498142031257
26220,0.25730132211572354
26221,0.6195909320463635
26222,0.15203022833746227
26223,0.6356669871250411
26224,0.6180426793245581
26225,0.7603787382662306
26226,0.22597096481417078
26227,0.11211208071186739
26228,0.5588722067414331
26229,0.29069357790027234
26231,0.6993572126842529
26232,0.8173553027451391
26233,0.26826906469413403
26234,0.1798660364070258
26235,0.11060963071607745
26236,0.3071897719006735
26238,0.17022318492081587
26239,0.19874217054207477
26240,0.49815754209792873
26241,0.24744054390490272
26242,0.17575627627618023
26243,0.43943197568275305
26244,0.10486815000747535
26245,0.06716217349783045
26246,0.3167203346056408
26247,0.11439544246991643
26248,0.5322283623124634
26249,0.7831002372102308
26250,0.3963088647935824
26251,0.7515768298675835
26252,0.21681388516477726
26253,0.319253228791461
26254,0.5923332222521216
26255,0.5737979436341428
26256,0.2733475500986427
26257,0.7899616886407753
26258,0.6444396349349871
26259,0.7119493132927686
26261,0.08278442622976852
26262,0.3106474870336008
26263,0.2722822803164778
26264,0.12811088265683412
26266,0.4193721822368149
26267,0.12180074795394429
26268,0.3982115770249876
26269,0.16129096044946115
26270,0.07745637021403422
26271,0.3102320621339459
26272,0.7735411959984534
26273,0.7578581831442761
26274,0.7128752190653332
26275,0.735516457667571
26276,0.24727544894659256
26277,0.6643362553589127
26278,0.14258513466190068
26279,0.12934391848912963
26281,0.18982817254197557
26282,0.27547684075139955
26283,0.1430396740480334
26284,0.08914320961602108
26285,0.23172829355090319
26286,0.2907421706187544
26287,0.8254558781858548
26288,0.1254267372274022
26289,0.38674475682623993
26290,0.1739800860126983
26291,0.46107957538854516
26292,0.13146969883140797
26293,0.6780189900641223
26294,0.8316633521832875
26295,0.1294038572382424
26296,0.3674667291240848
26297,0.0
26298,0.603175552786202
26299,0.47944801353428057
26300,0.08923239668214403
26301,0.8302546762647122
26302,0.37067881667822933
26303,0.13736264156418546
26304,0.15878331246478128
26305,0.7352412309316992
26306,0.17499997889010233
26307,0.39336394762923743
26308,0.2921218623196915
26309,0.33600481549244127
26310,0.7735519165647035
26311,0.31821336941756334
26312,0.16381338133156648
26313,0.20611075111474778
26314,0.723056886188421
26315,0.34654402677988294
26316,0.713256421315598
26317,0.20467920793642813
26318,0.10080999393239208
26319,0.7471071786880783
26320,0.09790550849434344
26321,0.2738245564804762
26322,0.3141894413702975
26323,0.12543929975714005
26324,0.11275961295599296
26325,0.17450407753831892
26326,0.09661302753731636
26327,0.31488625228612105
26328,0.35260830985027647
26329,0.13026877202573744
26330,0.6491229984791589
26331,0.4438202736172006
26332,0.118098904248065
26333,0.12001278261669356
26334,0.7402688142724524
26335,0.507017455311569
26336,0.22232935341206528
26337,0.2438774569160945
26338,0.15065231794484008
26339,0.17064141478010877
26340,0.21151700046860744
26341,0.10210956040025491
26342,0.6140411115464982
26343,0.629746332359611
26344,0.49081339853356165
26345,0.595910588288191
26346,0.26129807348284334
26347,0.22684817333380236
26348,0.33181371678329585
26349,0.6167055707795989
26350,0.26389021796993917
26351,0.2894630729169809
26352,0.7598012372024443
26353,0.363383059068263
26355,0.7958668507618217
26356,0.16961595100609497
26357,0.3982159092691218
26358,0.5809589908092492
26359,0.5120225969041814
26360,0.11526950292319153
26361,0.4565825676285525
26362,0.251566451062092
26363,0.2589175881992914
26364,0.18457313936633524
26365,0.42505428276641477
26367,0.17960130499734636
26368,0.4935013750817593
26369,0.09829818016175473
26370,0.16595251711998085
26371,0.5399264233507363
26372,0.1697348120967773
26373,0.14364872127699557
26374,0.2496265047651176
26375,0.20066190736646405
26376,0.10763826890560191
26377,0.1724330990439216
26378,0.6104116020452094
26379,0.2190445880768703
26380,0.1542856110723933
26381,0.10503586385523202
26382,0.8427491906437811
26540,0.0
26800,0.0
26901,0.0
27000,0.0
27001,0.8419076545796671
27002,0.33407507421374283
27003,0.29083398694151413
27004,0.9823545821035912
27005,0.43502396394005444
27006,0.9180874369173802
27007,0.0
27008,0.36654150925828144
27009,0.9577966542988605
27010,0.7037263633577044
27011,0.9828490906714614
27012,0.8830047842376227
27013,0.9338857598805818
27014,0.8888160645956023
27015,0.3073647750218294
27016,0.8698194422159536
27017,0.8827877605080618
27018,0.8533747973203976
27019,0.4953137188080282
27020,0.9259989394680307
27021,0.8234319344840567
27022,0.4435752644995951
27023,0.9795051741247387
27025,0.4911930127895428
27026,0.822461252098433
27027,0.9856266531361743
27028,0.8454592319110719
27031,0.8971054260045964
27032,0.7365884194080724
27033,0.993623404750879
27034,0.8770972850458831
27035,0.9197124962840575
27036,0.31802189976071876
27037,0.8602925426943003
27038,0.5087323960949354
27039,0.3494462169021267
27040,0.8299368452680618
27041,0.0
27042,0.7371175131713542
27043,0.8892587907434504
27044,0.9793620847382987
27045,0.6451269407393725
27046,0.3155800089198006
27047,0.5337897568984862
27048,0.648368525111413
27049,0.6778277549602587
27050,0.8559726110508055
27051,0.8205218927031036
27052,0.3468719121226261
27053,0.9956595183465944
27054,0.8341051152249211
27055,0.9951558469056279
27056,0.4192522602850003
27057,0.9646043368730043
27058,0.39303534004294893
27059,0.6785736403520585
27061,0.28882233886402237
27062,0.41153226504734786
27063,0.880635791675138
27064,0.9375692782731057
27065,0.18710073226411705
27066,0.7185849001139627
27067,0.6815799061464739
27068,0.7498232934647288
27069,0.958952522748428
27070,0.7668709812480466
27071,0.8951854112887074
27072,0.968954468571412
27073,0.965807174888299
27074,0.9020395221353197
27075,0.7415233082285386
27076,0.9700178322628165
27077,0.3785191166547706
27078,0.9990036938682372
27079,0.39198069852427014
27081,0.9653089878210666
27082,0.9529490750986999
27083,0.34549004314534765
27085,0.48774031543430263
27089,0.39340670972228925
27090,0.293802383880494
27091,0.3452056102996095
27094,0.6964319983089905
27095,0.35352902270234465
27096,0.7396936438887692
27097,0.9700053430316364
27098,0.7329955538793059
27099,0.9546923675959257
27100,0.19152533753412415
27101,0.141216921460323
27102,0.19244291910135355
27103,0.3158130850921858
27104,0.9552442525308854
27105,0.2729980873892524
27106,0.7429086245454863
27107,0.1267913659195412
27108,0.46206321110559717
27109,0.8829405607283555
27110,0.13330205658202018
27111,0.9990003041216241
27112,0.28752409224536896
27113,0.8151188057891667
27114,0.9723380546841591
27115,0.2605464524209502
27116,0.8142727982702961
27117,0.8388921003321375
27118,0.9954267866488931
27119,0.9912261076797256
27120,0.8638097036243516
27123,0.9665556490131355
27124,0.9991385487971025
27125,0.8050559033951432
27126,0.869530480544224
27127,0.9582957193297066
27129,0.8656404075640574
27130,0.25364136290310957
27131,0.0
27132,0.9559072042026899
27133,0.3604867198840215
27134,0.12556784991609993
27135,0.9499141923249799
27136,0.5760110536719759
27137,0.4467054669935117
27138,0.8124013515282913
27139,0.7328473077659969
27140,0.5218855124082208
27141,0.9688658702062461
27142,0.5135318257824676
27144,0.9816818110996359
27146,0.8907633205690285
27147,0.9449847589117528
27148,0.1883215488285328
27149,0.6992266675632921
27151,0.8600742961927156
27152,0.839464029584997
27153,0.6751163349089888
27154,0.7767908153410044
27155,0.4753688107269284
27156,0.40744775789815296
27157,0.5854041743497077
27158,0.9616227346343262
27161,0.9525553356123326
27162,0.8393731069595098
27163,0.12237295975815575
27164,0.8319177412954631
27165,0.8259266295264793
27166,0.0
27167,0.85915847749253
27168,0.9431260726691048
27169,0.9078723674909517
27170,0.8817746959290985
27171,0.9609748737809817
27173,0.88035930219541
27174,0.12213202308068787
27176,0.7797688081930071
27177,0.7853615025567007
27179,0.45214015159772
27180,0.9752153132781585
27181,0.9801266358779824
27182,0.2881621062555204
27183,0.9767677658091362
27184,0.953705961058961
27185,0.992894895891179
27187,0.9489986086236003
27188,0.37458144362956913
27189,0.8680985277253017
27190,0.9725375937923372
27191,0.4557201615230518
27192,0.9522716494844715
27193,0.9343009670789381
27194,0.8648945092897311
27196,0.3469708978104587
27198,0.21735172059637495
27199,0.6685136735445862
27200,0.9542357616822013
27201,0.9506332706837981
27202,0.8948491808451061
27203,0.7266379788719105
27204,0.6528182724696213
27205,0.9275819945973713
27206,0.32780180769926065
27207,0.7279069811293695
27208,0.7374765574718211
27209,0.9122810156659658
27210,0.895856883855731
27212,0.9547895513944902
27213,0.9126371246431794
27214,0.8837067430669967
27215,0.9513639507281911
27216,0.9535129654390496
27217,0.8902888895576156
27218,0.8443612234126898
27219,0.9035879372860414
27220,0.9909685799568116
27222,0.9206453033990175
27224,0.8874923521099687
27226,0.6936599782958379
27227,0.1296456248187055
27228,0.1391008527304271
27229,0.9143807593193529
27230,0.9273253620891422
27231,0.9788632398449499
27232,0.7079631941761508
27233,0.4108368546092815
27234,0.9385719214671545
27235,0.927744482676358
27237,0.7320506685112875
27238,0.9165610817328793
27239,0.8228052931629666
27240,0.7771457673143258
27241,0.9538443760450657
27242,0.5671099644370318
27243,0.41863330732617177
27245,0.5421383956920085
27246,0.9257355003283467
27247,0.9309729429856347
27248,0.3202186920152249
27249,0.4452658106955199
27251,0.8728594159726824
27252,0.7279021311414094
27254,0.9886893414831285
27256,0.8177586817809562
27258,0.16820105276320185
27259,0.9981267096981536
27260,0.18358182398879946
27261,0.9944475354634221
27263,0.12296600899524517
27265,0.0
27266,0.8484098249614277
27267,0.8774889978298507
27269,0.9249483678798269
27271,0.9983615575985535
27273,0.9768993348364449
27275,0.4636781904423059
27276,0.6374772222853325
27277,0.9244976804782472
27278,0.9882232232226521
27279,0.9668943553869556
27280,0.9326001118388783
27281,0.9710871611075977
27282,0.9260446892057913
27284,0.7316473583805664
27285,0.9736757690148967
27286,0.7084590606620575
27287,0.8728785768914341
27288,0.8739710214445198
27289,0.5859137947338188
27290,0.834449559918226
27291,0.3550366057836998
27294,0.8517594236194732
27295,0.8481686670013857
27298,0.8981964279609631
27299,0.9382168862534268
27300,0.8295545768498848
27301,0.8340454309770715
27302,0.8975737404735266
27304,0.6872326621043867
27306,0.8638490973025273
27307,0.9929687024725468
27309,0.9671550458599842
27310,0.6194510684012668
27311,0.7810069167683988
27312,0.9708782299502048
27313,0.9958170235038809
27315,0.9129039890843311
27316,0.18319996631329094
27317,0.13994616944252591
27318,0.8361766266717164
27319,0.17664340397089887
27320,0.9419265198711044
27321,0.8785254384621013
27322,0.949152117823337
27323,0.6740085949334317
27324,0.7176516804916637
27325,0.8559898737434604
27326,0.9778319420317324
27327,0.9921099523177084
27329,0.9763594145978153
27330,0.9615239537624476
27331,0.9858800413986648
27332,0.3544313740899005
27333,0.6768453998726561
27334,0.933229668875306
27335,0.9685357128591907
27336,0.7595184631152176
27337,0.8853359661276227
27338,0.7145979371371791
27339,0.9529239215766963
27340,0.3096790388235981
27341,0.2657185296554885
27342,0.9953471141168758
27343,0.5926920532196102
27345,0.8646763284691211
27346,0.8581568450404405
27347,0.9340998514886443
27348,0.3843405980075583
27349,0.9096958666948017
27350,0.40808646472679383
27351,0.32808329671241415
27353,0.9517742958505954
27354,0.9263890443260471
27355,0.9772043805479353
27358,0.967910962832611
27359,0.8648950851529498
27360,0.8098038071411152
27361,0.17339251180125995
27363,0.2967839009611021
27364,0.8830235322040304
27365,0.33550432201516295
27366,0.8878880538668771
27367,0.920109185723001
27368,0.9756337820979349
27369,0.6891336430590328
27370,0.743709180325203
27371,0.9077836831529021
27372,0.6979372380626183
27373,0.5044567276201126
27374,0.8292740767546873
27375,0.3079765852105645
27376,0.983263546050831
27377,0.5931561059156606
27378,0.45834243970921396
27379,0.6544722618017326
27380,0.35208868380559216
27381,0.34720191254268723
27382,0.9944339833056722
27383,0.3990521707929932
27384,0.2873314329611727
27385,0.15058220662702607
27386,0.9537631948570569
27388,0.6035961273936777
27389,0.9398467432631662
27390,0.3711919867017379
27391,0.9537165189622712
27392,0.6314528451283462
27393,0.13601720256937502
27394,0.3847089010962749
27395,0.6814777690800254
27396,0.8551780948990769
27397,0.589008068046576
27398,0.8045249427552076
27399,0.6607245615886246
27400,0.9990263100460168
27401,0.9061014398319808
27403,0.8808280572097646
27404,0.6183181640344416
27405,0.6373214120704718
27406,0.5118275146838765
27407,0.7504231174758088
27408,0.9909441256546627
27410,0.9298961515458696
27411,0.6914124219056059
27412,0.31811548142588747
27413,0.9016736219215135
27414,0.7002666956800324
27415,0.878220875363939
27417,0.6903799300293758
27418,0.29206550455781344
27419,0.9867183323527573
27420,0.8262960885168787
27421,0.9876501843474833
27422,0.2638644908020378
27423,0.5550719446473068
27424,0.7416501635571865
27425,0.841939233120619
27426,0.6639950162773244
27427,0.8749600725524079
27428,0.9319969873219565
27429,0.9907063011067102
27430,0.6946880240573955
27431,0.8334500063858128
27432,0.857051734194058
27433,0.9641248240335313
27434,0.9344687815322793
27435,0.9141691729761247
27436,0.8502258382700585
27437,0.6300179146367354
27438,0.4296217006147109
27439,0.9449931816664043
27440,0.993399296832135
27441,0.9673290792084414
27442,0.429303984445525
27444,0.8324242503681352
27445,0.6695229568409797
27446,0.9191623009647722
27447,0.8433379021773383
27448,0.5627723231285625
27451,0.9310011537273359
27453,0.8179150604789065
27454,0.8239876676145471
27455,0.7201543526113178
27456,0.31851001975185783
27457,0.302039467169822
27458,0.9454017941006748
27459,0.715756350497357
27460,0.9788373195081231
27462,0.8502484818156955
27463,0.35511504401356114
27464,0.9917391108274209
27465,0.9742987673978264
27466,0.8387311478756291
27467,0.16913440094987184
27468,0.8425869083629239
27469,0.3513489406569514
27470,0.9315121250273275
27471,0.933331712063292
27472,0.9105103541182572
27473,0.9797670350367472
27474,0.9410423371420186
27475,0.9088699597330137
27476,0.13654016641624583
27477,0.9820488238681669
27478,0.9257092744709579
27480,0.7287191247574059
27481,0.46405201469757645
27482,0.9505150197681572
27483,0.9552812764034734
27485,0.549891009765629
27486,0.9476501238793205
27487,0.9085468814752675
27488,0.9253749814403635
27489,0.9493816375383599
27490,0.9113861126876932
27492,0.8571484358482422
27493,0.9336408692368168
27495,0.8911282078292359
27496,0.8097127907512703
27497,0.15963893440442767
27498,0.8686905325723423
27500,0.1630279462848185
27501,0.9922742268897203
27502,0.8601758293970223
27504,0.9949959310490658
27505,0.7503463445048345
27507,0.9871519676737986
27508,0.8950445011457352
27511,0.9263485239290294
27512,0.7324835362234927
27514,0.2208335737937448
27516,0.8329768605181584
27517,0.4947476038169601
27518,0.5268909251678017
27520,0.9594899723087177
27521,0.5435909156518172
27522,0.881894026195095
27524,0.8840308599261345
27525,0.5383346002505603
27527,0.8457718595393351
27528,0.3431832456366681
27529,0.9684557481493393
27530,0.6426023391648964
27531,0.3812687238610487
27533,0.6798514444239175
27534,0.9663807363779076
27535,0.8663337744871008
27536,0.3905279156043144
27537,0.3278185526080645
27538,0.8893687897026427
27539,0.7879600250781632
27540,0.9649609418343528
27541,0.9153095500024772
27542,0.8979080975436452
27543,0.9657083720807417
27544,0.9990407225896853
27545,0.9970891347601268
27546,0.9979517555534314
27547,0.2674308706506368
27548,0.4854184078863403
27550,0.8987774078857691
27552,0.2174619927822092
27553,0.4604054360856334
27554,0.9996857994759831
27555,0.9787502665160431
27556,0.40596854882695843
27557,0.8387586614410685
27558,0.33382814371604863
27560,0.9159320586643837
27561,0.16847412438662707
27562,0.6787011264235047
27563,0.14946561029749644
27564,0.42917105227301916
27565,0.7625529940931122
27567,0.6143406827094442
27568,0.5983694572939809
27569,0.32784543146006967
27570,0.9722997020201527
27571,0.8737873258164811
27572,0.9731239649906415
27576,0.8697963954742951
27577,0.13700548516201932
27578,0.8207355281923443
27579,0.9945685060962776
27580,0.3270371523966563
27582,0.33929106398062236
27584,0.39625274387970727
27586,0.37436887894120396
27587,0.8985457890008152
27589,0.5336618683118565
27590,0.6300430272368104
27591,0.8439831275810697
27592,0.8308182071634769
27593,0.9966094674546234
27594,0.9127298250158794
27595,0.9318130589821534
27597,0.8580304181590476
27598,0.371136008452077
27599,0.4944522869598141
27600,0.0
27601,0.1922734090040984
27602,0.9632486504231207
27603,0.9017899370376409
27604,0.15730320570316775
27605,0.8643086157068703
27606,0.8882435493216544
27608,0.9258500948856577
27609,0.9632566213138242
27610,0.39946430686334555
27611,0.9878886339030097
27612,0.6823339507680523
27613,0.9292425400704417
27614,0.7384621486881636
27615,0.9358775053471805
27616,0.9623434784023265
27617,0.6835037683058335
27618,0.6451240726017198
27620,0.906051128788178
27621,0.9984323836377661
27622,0.8735002348788805
27623,0.9519696461808923
27624,0.9413026020940238
27625,0.8703159706998946
27627,0.33858972425689987
27629,0.7152651580479169
27630,0.8773938759003241
27631,0.9294105914106882
27632,0.6333407302395195
27633,0.8265551113328276
27635,0.8858231270486386
27636,0.0
27638,0.9277639239243403
27640,0.8802156734836629
27641,0.9192952727289584
27643,0.2790821875593331
27644,0.974767997507509
27645,0.12296485449632068
27646,0.13680444569104133
27649,0.7532116707955167
27650,0.9603500558717312
27652,0.9959063100860024
27653,0.0
27654,0.9772248158638077
27655,0.874372706649259
27656,0.1511519500435977
27658,0.9104635118851108
27659,0.9184438996750207
27660,0.7873108466552318
27661,0.35606989881772855
27662,0.15321166478339032
27663,0.9541143532440994
27664,0.4609337861745026
27665,0.1161158598154304
27666,0.9958804044893913
27667,0.40649638701875257
27668,0.957432442462022
27669,0.1266907775213814
27670,0.9053874844503746
27671,0.8953015473416982
27672,0.7497939837376941
27673,0.9072218583198106
27674,0.9724785339697058
27677,0.9556584075165239
27678,0.9737444847898977
27679,0.3662423516074488
27680,0.3213856548396348
27681,0.640494075934019
27682,0.6657606613735023
27683,0.9663114865296233
27684,0.9259303222240182
27685,0.637141805377823
27686,0.9138870447777746
27689,0.528162519279354
27690,0.8215692652135349
27691,0.9735963114899698
27692,0.9554484808905929
27693,0.7358556386753804
27694,0.5495673041954894
27695,0.8777116022220277
27696,0.9990775137845255
27697,0.44186504019091977
27698,0.9236198339242296
27699,0.3436945832920976
27700,0.9947452047558366
27701,0.3177462933185175
27950,0.0
28001,0.5131137073355819
28003,0.5195158389984458
28004,0.30695003378186675
28005,0.491936770300634
28006,0.8746146435872355
28007,0.9367378033409623
28008,0.3199920307850268
28009,0.0740247049721246
28010,0.6775916364311501
28012,0.5934870062370325
28013,0.22782526157470903
28014,0.862869042811805
28015,0.12256248561245849
28016,0.09675615524789487
28018,0.03778721506744853
28019,0.11672107491694778
28021,0.24357382971570787
28022,0.8030880619218856
28023,0.45179316069337067
28024,0.6928953442537752
28025,0.5940658382605755
28026,0.9613663418953824
28027,0.07955355323198454
28028,0.40905241993584
28029,0.08722895721096519
28030,0.5816922389304865
28031,0.04352824137539612
28032,0.266588806117969
28033,0.2348809652518746
28034,0.8875384767853493
28035,0.3451763509741513
28036,0.9599442077121748
28037,0.252157146354107
28038,0.039705273356804294
28039,0.4486282382764225
28040,0.3157985830053182
28041,0.17449635594320148
28045,0.46781012295202656
28046,0.28104604124742805
28047,0.265455596230966
28048,0.25347299453434424
28049,0.37290573893033596
28050,0.9340519759909187
28051,0.5485767394136722
28052,0.8790457719804006
28053,0.8410324830741917
28054,0.7049717597691222
28055,0.682434523084663
28056,0.4310919577397759
28057,0.7990098868357006
28058,0.9705579583075279
28059,0.5430888916732571
28060,0.9274374329193936
28061,0.830743186945734
28062,0.45004496042130343
28064,0.5018439525209157
28065,0.7962769639859246
28067,0.9785539687757113
28068,0.8932208415284112
28070,0.49580207997896864
28071,0.35835307637013575
28072,0.4485663848121889
28073,0.3349844123713454
28074,0.9819455609168328
28075,0.5314274483289357
28076,0.45117527871791635
28077,0.7380275565588281
28078,0.07361547553891344
28079,0.6232006345998921
28080,0.03992142989716896
28081,0.1644139368364022
28082,0.7397032371180619
28084,0.9601400913943937
28085,0.585951563876307
28086,0.8688382002755843
28087,0.8303173478725795
28088,0.6150443517349735
28089,0.6122617297739639
28090,0.5451091465786625
28091,0.870470213083893
28092,0.07264534391707679
28094,0.9707710513632448
28095,0.9894349417521445
28096,0.9791613938966898
28098,0.525259594503782
28099,0.3423408204540157
28100,0.8536574463702143
28102,0.8435199756729106
28103,0.3666634350006043
28104,0.3714194434812915
28105,0.7889088237776692
28106,0.6070040971903035
28107,0.33974649713957106
28108,0.7134480892416261
28109,0.4284980995903869
28110,0.6627297712311471
28111,0.6556335462874572
28113,0.9679042108378202
28114,0.49627607264886875
28116,0.8177485645140925
28117,0.8730085679602632
28118,0.9640464285058195
28119,0.058963632863670935
28120,0.5293745869142764
28121,0.15728511929975988
28122,0.2883261086224853
28123,0.09484955123466096
28124,0.3652241192932836
28126,0.7945993565130575
28127,0.779236125083936
28128,0.920906087871482
28129,0.9616618433669901
28130,0.20122366426082863
28132,0.4297471731383136
28134,0.7397651421227797
28135,0.9250566401466882
28136,0.7671378732803777
28137,0.14591228339316417
28139,0.21569944076458536
28140,0.9429924450242138
28141,0.26419320330716545
28142,0.20224821127930837
28143,0.410787539288243
28144,0.5839232301598035
28146,0.9743891938868662
28147,0.31993399335752826
28148,0.10260997027295887
28149,0.5563276927198254
28151,0.2434321011206931
28153,0.4681081287618459
28154,0.8036080951578853
28155,0.842181780401967
28156,0.21879398314238832
28157,0.7343964265584588
28158,0.4237374044488197
28159,0.5952964913741559
28160,0.699408427307461
28161,0.0944699925249725
28162,0.36789560992016473
28163,0.8710202422975611
28164,0.07711055552255623
28166,0.10445882238688738
28167,0.7376002153759937
28168,0.3411082199220782
28169,0.09591170575100758
28170,0.47215137348839087
28171,0.519473083312147
28172,0.9021658430936034
28173,0.4467403019669459
28175,0.6779768534257209
28176,0.7856563546218268
28177,0.4858928749292512
28178,0.4728987045314226
28180,0.992358591790816
28182,0.7891587483749192
28183,0.07380669052387512
28184,0.9586449809150904
28185,0.4638304943308564
28187,0.9932848470811558
28188,0.33483139152324254
28189,0.07088346883033282
28190,0.7202695502090756
28191,0.9005924256984991
28192,0.820467923482826
28193,0.4685912999434475
28194,0.35812058915102263
28195,0.9256007020860861
28196,0.055217915194906333
28197,0.5918297924224868
28198,0.4355741955639026
28199,0.07439302557030597
28200,0.13843470686391512
28201,0.9700386141406849
28202,0.7017084348808623
28203,0.2052133632903676
28206,0.8132535662433734
28207,0.08371592896889685
28208,0.18007304244708364
28209,0.8764714524196656
28210,0.07562781386163109
28211,0.8068734952629488
28212,0.7805919261670775
28213,0.969942768872676
28214,0.4826403083933259
28215,0.9523603041461365
28216,0.5216712889883016
28217,0.5137356788306394
28218,0.8894521981453023
28219,0.06941481050461237
28220,0.9125467273219919
28221,0.11055327779916474
28222,0.221662319808384
28223,0.5625742728955373
28225,0.959158356774362
28226,0.5431412956427725
28227,0.9417177768842772
28229,0.8439642987008296
28230,0.0815676287749277
28231,0.7809035416765753
28232,0.17644621330284244
28233,0.44535282341989196
28234,0.9742864159946788
28235,0.4932995014231178
28236,0.34585256091646926
28237,0.35433432182077895
28239,0.7211190593867527
28240,0.2809282689084108
28242,0.051631330774218616
28243,0.06990358129255439
28245,0.31004989975967023
28246,0.8554552310244647
28247,0.9744890128861153
28248,0.21881942379280983
28249,0.9532722494756874
28251,0.5127338330234256
28252,0.05406630507986815
28253,0.3283042949642634
28254,0.9141273153443197
28255,0.9958472190644228
28256,0.36905007566093095
28257,0.9550195520279621
28259,0.49612078685582855
28260,0.5360574482072675
28261,0.057175677502359926
28263,0.2718487277331416
28264,0.3240449665720314
28265,0.37789648739877435
28267,0.5642134760828669
28268,0.06811595685361159
28269,0.5179811892234591
28270,0.5042103630481755
28271,0.7205510400659162
28272,0.05898962650323162
28273,0.055327829457492955
28274,0.06514697162527584
28275,0.8138272041718557
28276,0.12258281299956994
28277,0.9100582607387577
28278,0.4248266319323645
28279,0.9239308685171115
28280,0.3580050211039733
28281,0.3099999355924795
28282,0.8321340837273713
28283,0.5513484469688855
28284,0.1029328935551333
28285,0.4374704968822918
28286,0.977106687218925
28287,0.7545855229268549
28289,0.7580456390929488
28290,0.8314995424741708
28291,0.9703206629283537
28292,0.9374202751625104
28293,0.941717896072689
28294,0.0930792619593642
28296,0.19206479526165687
28298,0.962861252033091
28299,0.972486510452884
28300,0.08160108698308961
28301,0.8676759183746819
28302,0.19712118950398524
28303,0.17565433644605707
28304,0.05479207921586601
28305,0.4334334538686368
28306,0.9179519477337771
28308,0.3756888575656946
28309,0.3437182338262593
28310,0.6794240423364104
28312,0.7015465950470238
28313,0.9700817738683762
28314,0.673990765256516
28315,0.2782158255956744
28316,0.46533357336675046
28317,0.9899912173533639
28319,0.06876028064487988
28321,0.9298699169119056
28322,0.29641392410685086
28323,0.6074651447335705
28324,0.7611693438503032
28325,0.8312862449007815
28326,0.05479822182470437
28327,0.04181034753970833
28329,0.46332910719273485
28330,0.40579942575964567
28331,0.37852323403248217
28332,0.5611083789922283
28333,0.4195880251377161
28334,0.44408707381266443
28335,0.12326372121054932
28336,0.7915032175407806
28337,0.8390013394762657
28339,0.8160521734215639
28341,0.6598813378172594
28342,0.4513194978495446
28343,0.9716454590673579
28344,0.9900319494422298
28346,0.6555665110831723
28347,0.47398811600975294
28348,0.4157296457292372
28349,0.9058494803404864
28350,0.8379237586639767
28351,0.3413340761407447
28352,0.9012396676841556
28353,0.462905577262375
28354,0.22824782619963147
28355,0.9610061405371784
28357,0.9438736676219436
28358,0.4227126856271255
28359,0.44803878546785914
28360,0.6227980194531073
28362,0.13760681156094476
28363,0.09691784897216817
28364,0.9114892739771064
28365,0.2566645701305212
28366,0.984391482371745
28367,0.09884232115924403
28368,0.7544328882689878
28369,0.8573748608993048
28370,0.9203629943265924
28371,0.9303633643483834
28372,0.9677228646372654
28373,0.18115800651361186
28374,0.8233966995564964
28375,0.5054399148391696
28377,0.9398895448653453
28378,0.49916334439832344
28379,0.9539893898921942
28380,0.289623045119621
28382,0.8235523972373824
28383,0.3419730879835205
28385,0.3790638895546051
28386,0.5195896839053727
28387,0.8277133821293959
28388,0.41159302802951825
28389,0.39155222098444825
28390,0.7835763717544466
28391,0.6519483084707172
28392,0.07840978532469271
28393,0.7218142015429891
28394,0.7271302232184269
28395,0.44247074632408073
28396,0.5251546894353952
28397,0.47189392275651665
28398,0.05675827514282704
28400,0.3670142432404968
28401,0.34947564679312876
28403,0.3971006374190807
28404,0.6297460592500104
28405,0.5496398477679292
28406,0.05397881799558982
28407,0.6748157857885467
28408,0.1241077609438803
28409,0.05225349679039658
28410,0.38155626145727445
28411,0.9120186406210609
28414,0.9739627195360949
28415,0.7188112155171158
28417,0.9354091339371609
28418,0.5766596735306593
28419,0.8444142000514073
28421,0.9982069455561393
28422,0.2355446788627015
28423,0.9530685908504705
28424,0.7914646291258014
28425,0.20714075307665436
28426,0.06894363935559149
28500,0.0
28600,0.0
29000,0.0
29001,0.6765743383539521
29002,0.8790653995690306
29003,0.3991332750703394
29004,0.2630315757405702
29005,0.33267054857859096
29006,0.7039849079974726
29007,0.43807294556155135
29008,0.30905811601144517
29010,0.391247346903473
29011,0.7226621639251143
29012,0.513401143633784
29013,0.6909919495762809
29014,0.18983729112540224
29015,0.6266987698064492
29016,0.7312512397174264
29017,0.7216087121001302
29018,0.41978097085909066
29019,0.7514600068454897
29020,0.3620951862300555
29021,0.6084458224006306
29022,0.8737975494346892
29023,0.529459399916526
29024,0.28704757590018704
29025,0.3154652883491715
29026,0.32524475095922173
29027,0.24811517696813457
29028,0.3703475062533519
29029,0.13001407551361086
29030,0.5304934972205063
29031,0.32374549560345034
29032,0.7142291361945883
29033,0.18951576620082497
29034,0.9634504404787462
29035,0.6204313543498221
29036,0.7162610151095491
29037,0.45485407466345923
29038,0.711356900297405
29039,0.4603627661716638
29040,0.6066173871345261
29041,0.969954020081451
29042,0.8378246545663434
29043,0.6996569816951508
29044,0.2835542329739888
29045,0.7088414661974418
29046,0.5084051463948721
29047,0.7805966605754714
29048,0.4100879944150053
29049,0.3161194783678063
29051,0.3803515633981497
29053,0.4892343456695322
29054,0.4714361367419581
29055,0.7482300751408653
29056,0.61163309093187
29057,0.36801526160847164
29058,0.7413333988031082
29059,0.30910496401217114
29060,0.5429652164336838
29061,0.7605818663680176
29062,0.26189223046576604
29063,0.3997772627245691
29064,0.6301196581768733
29065,0.4748150832883125
29066,0.46045553659732347
29067,0.19252634542578953
29068,0.337108515015204
29069,0.7217667768948495
29070,0.32280841532421634
29071,0.6607306188453695
29072,0.5635759826120676
29073,0.6892269070246755
29074,0.38577646065654386
29075,0.6749529707324139
29076,0.664797159834648
29077,0.5519549124642491
29078,0.44370818961611946
29079,0.5385187194819181
29080,0.5589873980924532
29081,0.6082623585862443
29082,0.6270248231087813
29083,0.31971633962510276
29084,0.33980233657345366
29085,0.740351816231925
29086,0.573430292902034
29087,0.4437924606812807
29089,0.13931455885032604
29090,0.46307963915818195
29091,0.6548849598474212
29093,0.8774762597281806
29094,0.643201882750753
29095,0.6082408295411411
29097,0.4394400831110328
29098,0.6769842097176505
29099,0.8067826795553996
29100,0.7850980320949936
29101,0.6745305009368903
29102,0.14933945152448114
29103,0.5951620244971092
29104,0.7672207578414842
29105,0.6852640754282141
29106,0.3760841787650485
29107,0.983852701343996
29108,0.4568778597498013
29109,0.5357960739521997
29110,0.9801084320096559
29111,0.6991353552077734
29112,0.6418619518482248
29113,0.8496800412844862
29114,0.8621960457857258
29115,0.7324854089122803
29116,0.419145113729501
29117,0.738826479623994
29119,0.6845991955130863
29120,0.8748551033968457
29122,0.6827365024173483
29123,0.20830205307495445
29124,0.602646090639578
29125,0.6436697721227469
29126,0.8744617514156561
29128,0.370687495099447
29130,0.7589328503378593
29131,0.7227519250944608
29132,0.5817185900581066
29133,0.7818259269993327
29134,0.5307559583850255
29135,0.48835681940835257
29136,0.9279155056888534
29137,0.7000458607831367
29139,0.7577908078041913
29140,0.7397572956944181
29141,0.6173883981309081
29142,0.2801751278769664
29143,0.29875512256330955
29144,0.6627587869911221
29145,0.3257263305704209
29146,0.28955194299564685
29147,0.304208303058982
29148,0.7823578022556709
29150,0.24411755808432123
29151,0.45449424586916154
29152,0.14805236963026971
29153,0.8039542574494939
29155,0.2442265289966401
29156,0.8049508567128958
29158,0.42903965336310057
29159,0.4399209587523147
29160,0.6328304283545638
29161,0.7386884146715772
29162,0.2509328713570866
29163,0.3002975098722643
29165,0.46223807625922436
29166,0.41504177253234753
29167,0.342235722009635
29168,0.34173365316519355
29169,0.32210670431295
29170,0.48794896783936115
29171,0.4440513536002576
29172,0.3907570204220114
29173,0.3659734420649361
29174,0.3981175445499085
29175,0.19021957846634963
29176,0.4484456560358554
29177,0.5971349411491443
29178,0.7148770998517257
29179,0.5138939133833016
29180,0.3443469144872988
29181,0.5616035832362077
29182,0.7096827872107253
29183,0.21550653838687545
29184,0.5254009982641619
29185,0.72090330551992
29186,0.3021443216322293
29187,0.37451962459452826
29188,0.8118851511764897
29189,0.8172351434869581
29190,0.6435150439850685
29191,0.2044914325700302
29192,0.5402145697057327
29193,0.44287209484268414
29195,0.682442857890989
29196,0.7468289422219458
29197,0.3094313437401898
29198,0.526426201189222
29199,0.2693116751166034
29200,0.0
29201,0.5773370036743494
29202,0.7481600540956782
29204,0.37131951045419365
29205,0.16503570144118637
29206,0.6134593465650152
29207,0.29124959185572197
29208,0.6966774150098586
29209,0.7520870180585515
29210,0.3790847036925658
29211,0.5847670516565453
29212,0.7310673803655897
29213,0.7217561373228193
29214,0.5682733427393657
29215,0.3965862868116467
29216,0.3731080084236793
29217,0.23936643584567183
29218,0.33812279147544716
29220,0.5559164278661107
29221,0.5248504945530587
29222,0.302941965429045
29224,0.35678751104350104
29225,0.42230096356898533
29226,0.3725189678168338
29227,0.4099663037045782
29228,0.35906859157180415
29229,0.47901426824393717
29230,0.9685468851744328
29232,0.4981781738308036
29233,0.38167076352336793
29234,0.3478789555301165
29235,0.6962971061356836
29236,0.28407624498176254
29237,0.42576344090091783
29238,0.9173042437642829
29239,0.5414926764198275
29240,0.41148523995476205
29241,0.24619385936028204
29243,0.2924354420340361
29244,0.3414267581006963
29245,0.5868272025022162
29246,0.7913855176675693
29247,0.3927239890611632
29248,0.6651519669847076
29249,0.15044783757930794
29250,0.1219988953643999
29251,0.7893899190853897
29252,0.3196679909398755
29253,0.0
29254,0.6286134771663999
29255,0.5786114864594921
29256,0.6977222766699167
29257,0.7550843376590117
29259,0.6639220198187531
29260,0.7289368868935047
29261,0.8459393048577206
29262,0.7875800997239776
29263,0.2822865308727122
29264,0.361468239140018
29265,0.3884070026897615
29266,0.3488476969372339
29267,0.20808846880912904
29268,0.5739316481446802
29269,0.9676144747516645
29270,0.6807891203594236
29271,0.7002795398468391
29272,0.3533023565205949
29273,0.535055014305496
29274,0.6128514388684407
29275,0.7117799281753159
29276,0.6289900950665677
29277,0.6389438287093805
29278,0.1291672658159913
29279,0.3826982834906197
29280,0.6925708327116402
29281,0.9767831243386222
29282,0.6518153151339905
29284,0.48482849353813867
29285,0.5900665273945281
29286,0.799946539319501
29287,0.632601619662637
29288,0.7510043387551328
29289,0.5900881814630935
29290,0.7564369906094458
29291,0.9716201410025792
29292,0.42731761561838233
29293,0.2607649743075637
29294,0.7247262467914404
29295,0.5121915290683484
29296,0.4368734069777704
29297,0.32355629799243424
29298,0.48000504905585994
29299,0.7814437461324597
29300,0.26518119593216843
29301,0.8253546373215049
29302,0.38094557016734426
29350,0.0
29360,0.0
29390,0.0
29400,0.0
29460,0.0
29470,0.0
29490,0.0
29500,0.0
29520,0.0
29530,0.0
29540,0.0
29560,0.0
29600,0.0
29710,0.0
29900,0.0
2A001,0.0
2A004,0.0
2A006,0.0
2A008,0.0
2A011,0.0
2A014,0.0
2A017,0.0
2A018,0.0
2A019,0.0
2A021,0.0
2A022,0.0
2A024,0.0
2A026,0.0
2A027,0.0
2A028,0.0
2A031,0.0
2A032,0.0
2A035,0.0
2A038,0.0
2A040,0.0
2A041,0.0
2A048,0.0
2A056,0.0
2A060,0.0
2A061,0.0
2A062,0.0
2A064,0.0
2A065,0.0
2A066,0.0
2A070,0.0
2A071,0.0
2A085,0.0
2A089,0.0
2A090,0.0
2A091,0.0
2A092,0.0
2A094,0.0
2A098,0.0
2A099,0.0
2A100,0.0
2A103,0.0
2A104,0.0
2A108,0.0
2A114,0.0
2A115,0.0
2A117,0.0
2A118,0.0
2A119,0.0
2A127,0.0
2A128,0.0
2A129,0.0
2A130,0.0
2A131,0.0
2A132,0.0
2A133,0.0
2A139,0.0
2A141,0.0
2A142,0.0
2A144,0.0
2A146,0.0
2A154,0.0
2A158,0.0
2A160,0.0
2A163,0.0
2A174,0.0
2A181,0.0
2A186,0.0
2A189,0.0
2A191,0.0
2A196,0.0
2A197,0.0
2A198,0.0
2A200,0.0
2A203,0.0
2A204,0.0
2A209,0.0
2A211,0.0
2A212,0.0
2A215,0.0
2A228,0.0
2A232,0.0
2A240,0.0
2A247,0.0
2A249,0.0
2A253,0.0
2A254,0.0
2A258,0.0
2A259,0.0
2A262,0.0
2A266,0.0
2A268,0.0
2A269,0.0
2A270,0.0
2A271,0.0
2A272,0.0
2A276,0.0
2A278,0.0
2A279,0.0
2A282,0.0
2A284,0.0
2A285,0.0
2A288,0.0
2A295,0.0
2A300,0.0
2A308,0.0
2A310,0.0
2A312,0.0
2A322,0.0
2A323,0.0
2A324,0.0
2A326,0.0
2A330,0.0
2A331,0.0
2A336,0.0
2A345,0.0
2A348,0.0
2A349,0.0
2A351,0.0
2A357,0.0
2A358,0.0
2A359,0.0
2A360,0.0
2A362,0.0
2A363,0.0
2B002,0.0
2B003,0.0
2B005,0.0
2B007,0.0
2B009,0.0
2B010,0.0
2B012,0.0
2B013,0.0
2B015,0.0
2B016,0.0
2B020,0.0
2B023,0.0
2B025,0.0
2B029,0.0
2B030,0.0
2B033,0.0
2B034,0.0
2B036,0.0
2B037,0.0
2B039,0.0
2B042,0.0
2B043,0.0
2B045,0.0
2B046,0.0
2B047,0.0
2B049,0.0
2B050,0.0
2B051,0.0
2B052,0.0
2B053,0.0
2B054,0.0
2B055,0.0
2B057,0.0
2B058,0.0
2B059,0.0
2B063,0.0
2B067,0.0
2B068,0.0
2B069,0.0
2B072,0.0
2B073,0.0
2B074,0.0
2B075,0.0
2B077,0.0
2B078,0.0
2B079,0.0
2B080,0.0
2B081,0.0
2B082,0.0
2B083,0.0
2B084,0.0
2B086,0.0
2B087,0.0
2B088,0.0
2B093,0.0
2B095,0.0
2B096,0.0
2B097,0.0
2B101,0.0
2B102,0.0
2B105,0.0
2B106,0.0
2B107,0.0
2B109,0.0
2B110,0.0
2B111,0.0
2B112,0.0
2B113,0.0
2B116,0.0
2B120,0.0
2B121,0.0
2B122,0.0
2B123,0.0
2B124,0.0
2B125,0.0
2B126,0.0
2B133,0.0
2B134,0.0
2B135,0.0
2B136,0.0
2B137,0.0
2B138,0.0
2B140,0.0
2B143,0.0
2B145,0.0
2B147,0.0
2B148,0.0
2B149,0.0
2B150,0.0
2B152,0.0
2B153,0.0
2B155,0.0
2B156,0.0
2B157,0.0
2B159,0.0
2B161,0.0
2B162,0.0
2B164,0.0
2B165,0.0
2B166,0.0
2B167,0.0
2B168,0.0
2B169,0.0
2B170,0.0
2B171,0.0
2B172,0.0
2B173,0.0
2B175,0.0
2B176,0.0
2B177,0.0
2B178,0.0
2B179,0.0
2B180,0.0
2B182,0.0
2B183,0.0
2B184,0.0
2B185,0.0
2B187,0.0
2B188,0.0
2B190,0.0
2B192,0.0
2B193,0.0
2B194,0.0
2B195,0.0
2B199,0.0
2B201,0.0
2B202,0.0
2B205,0.0
2B206,0.0
2B207,0.0
2B208,0.0
2B210,0.0
2B213,0.0
2B214,0.0
2B216,0.0
2B217,0.0
2B218,0.0
2B219,0.0
2B220,0.0
2B221,0.0
2B222,0.0
2B223,0.0
2B224,0.0
2B225,0.0
2B226,0.0
2B227,0.0
2B229,0.0
2B230,0.0
2B231,0.0
2B233,0.0
2B234,0.0
2B235,0.0
2B236,0.0
2B238,0.0
2B239,0.0
2B241,0.0
2B242,0.0
2B243,0.0
2B244,0.0
2B245,0.0
2B246,0.0
2B248,0.0
2B250,0.0
2B251,0.0
2B252,0.0
2B255,0.0
2B256,0.0
2B257,0.0
2B260,0.0
2B261,0.0
2B263,0.0
2B264,0.0
2B265,0.0
2B267,0.0
2B273,0.0
2B274,0.0
2B275,0.0
2B277,0.0
2B280,0.0
2B281,0.0
2B283,0.0
2B286,0.0
2B287,0.0
2B289,0.0
2B290,0.0
2B291,0.0
2B292,0.0
2B293,0.0
2B296,0.0
2B297,0.0
2B298,0.0
2B299,0.0
2B301,0.0
2B302,0.0
2B303,0.0
2B304,0.0
2B305,0.0
2B306,0.0
2B307,0.0
2B309,0.0
2B311,0.0
2B313,0.0
2B314,0.0
2B315,0.0
2B316,0.0
2B317,0.0
2B318,0.0
2B319,0.0
2B320,0.0
2B321,0.0
2B327,0.0
2B328,0.0
2B329,0.0
2B332,0.0
2B333,0.0
2B334,0.0
2B335,0.0
2B337,0.0
2B338,0.0
2B339,0.0
2B340,0.0
2B341,0.0
2B342,0.0
2B343,0.0
2B344,0.0
2B346,0.0
2B347,0.0
2B350,0.0
2B352,0.0
2B353,0.0
2B354,0.0
2B355,0.0
2B356,0.0
2B361,0.0
2B364,0.0
2B365,0.0
2B366,0.0
30000,0.0
30001,0.3159234765852292
30002,0.46217083597765984
30003,0.726371588953479
30004,0.2576366239161802
30005,0.542381626920981
30006,0.2006530203094443
30007,0.4763200773377208
30008,0.5750181418317954
30009,0.33288567644114003
30010,0.44177482067714524
30011,0.6393964047214149
30012,0.6089277545700778
30013,0.726520106807051
30014,0.6728696911169898
30015,0.23596708277084635
30016,0.2888750702524957
30017,0.3048310418135327
30018,0.645442900702495
30019,0.2851833448251032
30020,0.3534999686075911
30021,0.6729534932478923
30022,0.2809703089998514
30023,0.7336671286278273
30024,0.31852238762134527
30025,0.23628041270667008
30026,0.33675489006652054
30027,0.36633880676132385
30028,0.27536555299165516
30029,0.5523161669762646
30030,0.45201786508264524
30031,0.3050205052471698
30032,0.6285022000485017
30033,0.324060029623587
30034,0.8272813586965433
30035,0.2250287105730594
30036,0.35836759132067536
30037,0.43321989545114026
30038,0.25720914041919163
30039,0.3174218044499974
30040,0.28632759821398074
30041,0.7681940535137507
30042,0.4551985647830156
30043,0.31302946933124065
30044,0.49281831539914167
30045,0.33928959396613445
30046,0.3383798238635342
30047,0.38488385337921605
30048,0.33691947579777654
30049,0.826333958016547
30050,0.3158249295484627
30051,0.23668765272178355
30052,0.21684129748364264
30053,0.36154905860007197
30054,0.39881615468758547
30055,0.38804296504844216
30056,0.25744783618092587
30057,0.3178818627265104
30058,0.4022701598998863
30059,0.16598207972864273
30060,0.44173370861042655
30061,0.7299531826436193
30062,0.28736643814106655
30064,0.29219926481649217
30065,0.37311449561171356
30066,0.39057072406082555
30067,0.3935539299907438
30068,0.5149418309448721
30069,0.7373591375147369
30070,0.18135662190879664
30071,0.35101857457617547
30072,0.33367665830286164
30073,0.16423888078226642
30074,0.4074747046803887
30075,0.36538031304372176
30076,0.4093863901277929
30077,0.3231889061906865
30079,0.28873640101210535
30080,0.11310098021341529
30081,0.1883014670711584
30082,0.8866991977126689
30083,0.22744065517760986
30084,0.36016314291484525
30085,0.7991078033925423
30086,0.4610395291254135
30087,0.36375486243913385
30088,0.6879226773231121
30089,0.7654862569543575
30090,0.2677793601878926
30091,0.2857894422010674
30092,0.5227035879046911
30093,0.36683448430670773
30094,0.4148720788304825
30095,0.6797859702761198
30096,0.6090069785049484
30097,0.3867268200946887
30098,0.5285451558262951
30099,0.35404015573384806
30100,0.34199668602518724
30101,0.3566926203238102
30102,0.7428034392972047
30103,0.24615038344598678
30104,0.3265726878173453
30105,0.24266588378192655
30106,0.4377018224668008
30107,0.2639619441326487
30108,0.20096398952393965
30109,0.4708512642454558
30110,0.49541646782829935
30111,0.5441140830030262
30112,0.7642601297616809
30113,0.487031860177017
30114,0.5514170956909181
30115,0.247963854887447
30116,0.19645238438607832
30117,0.2733635907853035
30119,0.5603295799401409
30120,0.35064995118502235
30121,0.6214556171834316
30122,0.7264008512484529
30123,0.2833454718843054
30124,0.501766163247049
30125,0.8557816589171346
30126,0.7152655281453288
30127,0.49331565469423155
30128,0.37295724218827986
30129,0.42653234468834034
30130,0.2638545880021897
30131,0.43642862316790165
30132,0.26641414922784007
30133,0.6262052068793965
30134,0.38473136762310794
30135,0.7762770025115439
30136,0.7069659886928426
30137,0.25244123527576523
30138,0.3538995221369893
30139,0.2907787970847137
30140,0.43249641285692847
30141,0.2012343654410297
30142,0.26808265018387734
30143,0.5966960040689271
30144,0.5285903977508485
30145,0.286196067186737
30146,0.4864137201806224
30147,0.43541168898240284
30148,0.4454958333067351
30149,0.27852725857812244
30150,0.4919308972039403
30151,0.22570914738034414
30152,0.5420204800187775
30153,0.2628862794355514
30154,0.2663064930426243
30155,0.4695790220731993
30156,0.44572277680581607
30158,0.3076732134702112
30159,0.5801137222246743
30160,0.3938954767598344
30161,0.3534555506251697
30162,0.39690503385401565
30163,0.33773523273562434
30164,0.3619798367820746
30165,0.3464432341687413
30166,0.27625186016060815
30167,0.5001311961647628
30168,0.35760976138091005
30169,0.4132218584032622
30170,0.29304673372721585
30171,0.49405362298679867
30172,0.3189423247667929
30173,0.37003339772808275
30174,0.3949200165592751
30175,0.4547010682202239
30176,0.1925511236767246
30177,0.5091707914257068
30178,0.30764278284731467
30179,0.2565546697810175
30180,0.6695287180131066
30181,0.4259605861013161
30182,0.772231356930329
30183,0.4589243822046121
30184,0.5646290766194946
30185,0.23650576843824886
30186,0.32842157810561584
30187,0.3646081350339672
30188,0.3537400949253341
30189,0.5094030884108282
30191,0.29235180575837666
30192,0.3120214402661552
30193,0.9071260266153933
30194,0.3801077941208565
30195,0.2093857370508545
30196,0.42616438219011316
30197,0.4063449074330549
30198,0.16530547162490908
30199,0.27180374387502
30200,0.4770611039111547
30201,0.34375590702101516
30202,0.22711069377198342
30203,0.2065038430035996
30204,0.49447984265183714
30205,0.5510756390608262
30206,0.33436660892081377
30207,0.45303446681135134
30208,0.4205858919982097
30209,0.319809663355661
30210,0.41487213338215095
30211,0.817180491700246
30212,0.2251242921923505
30213,0.6246774684663599
30214,0.32591524529454924
30215,0.5116178869579208
30216,0.45540282459724385
30217,0.26997220372218517
30218,0.4481868051993729
30219,0.33845169749141835
30220,0.3283553146454779
30221,0.3221401307852007
30222,0.3496600249503885
30223,0.5416421169282741
30224,0.7316192624421534
30225,0.14609520392139572
30226,0.2174955520404
30227,0.597603659194564
30228,0.7303010747471407
30229,0.2835996417173944
30230,0.45637532582516355
30231,0.18985273480616918
30232,0.33642989041960636
30233,0.6740604130274471
30234,0.31779755733217474
30235,0.2640556898683842
30236,0.500726673425865
30237,0.4570851512494034
30238,0.27871854376714933
30239,0.20644268364993448
30240,0.301576191860316
30241,0.6736787792836413
30242,0.5676084826996072
30243,0.42093633199936153
30244,0.7702038346845108
30245,0.8626522887423715
30246,0.3280185414929638
30247,0.48480327837934584
30248,0.7603504222740876
30249,0.9257883435940717
30250,0.48898202273177943
30251,0.13316412545513798
30252,0.34708078979889456
30253,0.5149879081563545
30254,0.30222887226512996
30255,0.6427095923672482
30256,0.17872392500316978
30257,0.37409764136360096
30258,0.26491319716931266
30259,0.37402519576682697
30260,0.1882686776495567
30261,0.4868869824452592
30262,0.5812416596284762
30263,0.4407219788281926
30264,0.48424617438967993
30265,0.4616382912814604
30266,0.449409710520434
30267,0.46616966686425826
30268,0.5227813798419138
30269,0.3592585118488623
30270,0.31183032272498623
30271,0.525042695730141
30272,0.2994126548432142
30273,0.6201659878405238
30274,0.29974374473343063
30275,0.34634621723562287
30276,0.6575611816764405
30277,0.6268202153935482
30278,0.27885779559821006
30279,0.2609939794228531
30280,0.35014673897654924
30281,0.7627403489439214
30282,0.2596628360305749
30283,0.30580447151091394
30284,0.3170410503696407
30285,0.4596262113351927
30286,0.6876815344466904
30287,0.3921863653001216
30288,0.21915325362412696
30289,0.44630527592418767
30290,0.18160967601043174
30291,0.714937387294891
30292,0.46273396341410394
30293,0.4582547585447343
30294,0.35594145204769284
30295,0.3697201158988968
30296,0.3534164081203624
30297,0.24642879389707556
30298,0.4500620858634621
30299,0.5267093017046941
30300,0.45330194651962724
30301,0.572958057558886
30302,0.29186339864261096
30303,0.4873682187833351
30304,0.5794639896882217
30305,0.4386762013066958
30306,0.654668680590551
30307,0.27716973336752565
30308,0.7546302646193973
30309,0.5492640125387951
30310,0.2384833122229775
30311,0.37886663912456897
30312,0.35186591292989794
30313,0.5878485019144117
30314,0.4981559831423637
30315,0.2593584564094085
30316,0.27502341776046046
30317,0.26055202905756764
30318,0.40315310151563233
30319,0.45383428832622646
30320,0.37254334967777963
30321,0.7025346406461633
30322,0.29156169236828794
30323,0.2916701666041828
30324,0.7189151881714863
30325,0.29555524604412753
30326,0.2977840700310031
30327,0.47967130645580497
30328,0.19317798017181148
30329,0.35104035272505635
30330,0.37232646049584606
30331,0.19203664934953707
30332,0.3232568872630603
30333,0.33741917743799027
30334,0.6051399885166496
30335,0.49673487319262305
30336,0.6684713958106514
30337,0.4443165063724183
30338,0.28333608484018563
30339,0.41062840758030966
30340,0.1677412757752511
30341,0.1374381434391551
30342,0.11501201970821179
30343,0.21789660573380493
30344,0.225854875674785
30345,0.1459840089402435
30346,0.6446238910220468
30347,0.22725573587101686
30348,0.3546305925879927
30349,0.49773231546178914
30350,0.321181397554385
30351,0.6533030294882727
30352,0.6946735218988096
30353,0.5031027101210709
30354,0.5466580522537422
30355,0.5849772144668793
30356,0.40434727098064893
30500,0.0
30540,0.0
30670,0.0
30800,0.0
30980,0.0
31001,0.29196619638869237
31002,0.8186099361477487
31003,0.9650015250203735
31004,0.18062056122266607
31005,0.7089485218627758
31006,0.4219134344407135
31007,0.47020727587119726
31008,0.21994607511441036
31009,0.8636748296187182
31010,0.8603253176319107
31011,0.7329028559065354
31012,0.7763664461883432
31013,0.21864011613055934
31014,0.8322459036989408
31015,0.9100992996610521
31017,0.9143470050845409
31018,0.13730465636264572
31019,0.8351800459607525
31020,0.631259993075063
31021,0.7971727311165276
31022,0.41942884748465514
31023,0.8130111539996702
31024,0.9561279670354539
31025,0.9992420319757414
31026,0.47126993911048504
31027,0.7039750978730469
31028,0.7491429199885629
31029,0.9196974003765497
31030,0.5339914253632714
31031,0.26373368965567406
31032,0.9610971462168222
31033,0.9577998243998771
31034,0.6580562316877979
31035,0.4407735039849499
31036,0.9680217339564281
31037,0.10171511387514844
31038,0.4434723852744899
31039,0.6679093706314853
31040,0.8211660249761724
31041,0.8627133762827095
31042,0.7720292619533825
31043,0.8988866767548609
31044,0.45666135791165163
31045,0.8308419822143651
31046,0.8000189959392158
31047,0.9332323195844985
31048,0.18791004231873754
31049,0.7258833080750073
31050,0.16173879331415558
31051,0.5690959023317331
31052,0.20134531761542832
31053,0.8068621107950128
31054,0.08905971559445212
31055,0.8975582531436025
31056,0.4166887332930269
31057,0.35126362689008267
31058,0.21328177977181667
31059,0.6698186994062303
31060,0.7379162095789384
31061,0.5934746835958101
31062,0.5770466296756047
31063,0.5525664540557669
31064,0.8463223001426595
31065,0.647255047289121
31066,0.4281592849374576
31067,0.8121522973598846
31068,0.9451067870110267
31069,0.4695493381995793
31070,0.8106552589797316
31071,0.09572498162279719
31072,0.21240096479609816
31073,0.6996005473141229
31074,0.7150122452593375
31075,0.34879490286181586
31076,0.25940257006720757
31077,0.8104533361846733
31078,0.8017088681584363
31079,0.21427825782185456
31080,0.4738138473628844
31081,0.9379548148835902
31082,0.8232679967300426
31083,0.7285189340071838
31084,0.12097142095918678
31085,0.8931616156249144
31086,0.7194194781703572
31087,0.5581518174584827
31088,0.6736735338147221
31089,0.8569219881499968
31090,0.26313342777083965
31091,0.34167800441681656
31092,0.8011424028048744
31093,0.7920347920037426
31094,0.45977904265878583
31095,0.8119418049933731
31096,0.2970081539212383
31097,0.5179940240898703
31098,0.39718415270322854
31099,0.7922333734488874
31100,0.295462149279753
31101,0.7297554653838233
31102,0.8213853124102164
31103,0.5690860878353444
31104,0.2012275417169674
31105,0.9151857476222686
31106,0.803822607812394
31107,0.10710848548570245
31108,0.8006521167164169
31109,0.8315526316600073
31110,0.11848465540311946
31111,0.5283027892242443
31112,0.7036695705494725
31113,0.409541772160506
31114,0.6648121900077323
31115,0.4911738067482601
31116,0.3730116768744062
31117,0.7450429281433453
31118,0.26230682645667575
31119,0.6396154914657487
31120,0.812855612401888
31121,0.947758606784367
31122,0.5892449585788977
31123,0.7735938711595656
31124,0.17754890627044875
31125,0.9413945123234422
31126,0.5635487183716023
31127,0.9398691085155404
31128,0.8799821948176408
31129,0.907550613205285
31130,0.8599929814506657
31131,0.7409607547720164
31132,0.8108889484751106
31133,0.9302988217936146
31134,0.7355753211371194
31135,0.08328077595375455
31136,0.2913594215374367
31137,0.9162231620153852
31138,0.7931434660645675
31139,0.7880712218833668
31140,0.5529230184942475
31141,0.9264154633618304
31142,0.8239539525227871
31143,0.21520170951741305
31144,0.8573568944024029
31145,0.7853985085722597
31146,0.9385987582029576
31147,0.4078516255716624
31148,0.9990835446293936
31149,0.6574100989515705
31150,0.7647228167458434
31151,0.3323323580224343
31152,0.3940057287306359
31153,0.5679795955833647
31155,0.6700171467514292
31156,0.44244848475440474
31157,0.5575281569378616
31158,0.16594462045990152
31159,0.21293155347853623
31160,0.9282655799400118
31161,0.3675135765094713
31162,0.34521865888465086
31163,0.9496653945165213
31164,0.5611326676083357
31165,0.3912162343461586
31166,0.4558629358836001
31167,0.7501337157033119
31168,0.6191044152504438
31169,0.3892264562604781
31170,0.9196120812035224
31171,0.9866650714466276
31172,0.9510775151252241
31173,0.6310541916631421
31174,0.5572868313532826
31175,0.4154476058959124
31176,0.7922181416079757
31177,0.8058806218744963
31178,0.5784650486505645
31179,0.38239882691737903
31180,0.797138406361382
31181,0.18717492521266807
31182,0.3921069163010412
31183,0.13596639746018743
31184,0.4408431428463952
31185,0.7682998324021997
31186,0.4076779791258161
31187,0.646787298142447
31188,0.5604639481883511
31189,0.5995207657880963
31190,0.8963463649922174
31191,0.5021593066168578
31192,0.9337229407012472
31193,0.06834853149290541
31194,0.7073839902100848
31195,0.5270174893718981
31196,0.6755284932337294
31197,0.19135146138600384
31198,0.11786981288128551
31199,0.826125288774203
31200,0.8655421371329481
31201,0.3941651398661522
31202,0.17675808815564764
31203,0.547574341264863
31204,0.6872180844931849
31205,0.3508605753826041
31206,0.6110288563113216
31207,0.8273495758126542
31208,0.6590965997916334
31209,0.6823451361138068
31210,0.10607993858434162
31211,0.8505038806479391
31212,0.7173170381998438
31213,0.9419106581267623
31215,0.8898623734454532
31216,0.6161115174754744
31217,0.8711002014515545
31218,0.6837431880304221
31219,0.5655654282994559
31220,0.28338789602937053
31221,0.9407327215278354
31222,0.8128971427803315
31223,0.47044153847847975
31224,0.24652865878772737
31225,0.5666835669393363
31226,0.587018385201483
31227,0.9991936243950452
31228,0.7204072266385391
31229,0.07342029232078595
31230,0.3448909440904664
31231,0.896040309080961
31232,0.19115985090390725
31233,0.9968051528226328
31234,0.5787308393939437
31235,0.8181298010952319
31236,0.803289755627139
31237,0.7006534042445586
31238,0.24996514600506523
31239,0.25036564104327097
31240,0.9780778030199138
31241,0.7202963153341437
31242,0.9404547657650562
31243,0.8692465530904256
31244,0.8708469366984395
31245,0.7435647327925732
31246,0.2078135429044893
31247,0.22589961645895826
31248,0.9991014044659027
31249,0.9151005738837843
31250,0.7502391439514496
31251,0.5835483958414156
31252,0.8660207733775126
31253,0.8547784360098362
31254,0.4713582596032011
31255,0.8359260485922277
31256,0.9959362293502602
31258,0.5047397386120255
31259,0.5829582117169688
31260,0.1276059437679882
31261,0.08509356907475263
31262,0.0841267008639801
31263,0.9964943024150845
31264,0.923337506498683
31265,0.44559786895644593
31266,0.5730156744481492
31267,0.9186676369064827
31268,0.8204734339259071
31269,0.3468479924698275
31270,0.3719163643015161
31271,0.9266387216565753
31272,0.9258524296345774
31273,0.7481902281166815
31274,0.8183880940143811
31275,0.35001371741889026
31276,0.8131265067268939
31277,0.5464965339543771
31278,0.21976700370044913
31279,0.5538165907419101
31280,0.5630319758606463
31281,0.768942877622904
31282,0.4240251540852986
31283,0.5596080895670271
31284,0.9685025210550547
31285,0.7800826442834256
31286,0.07971030675716732
31287,0.14454183162248554
31288,0.7077837968302318
31289,0.13462732628338137
31290,0.8079418647419551
31291,0.6613522641203269
31292,0.05987456322886181
31293,0.34250034669950163
31294,0.8982568733464921
31295,0.8256643993723193
31296,0.1397997723828047
31297,0.8991536500747761
31299,0.7667686936748234
31300,0.27277044031105097
31301,0.9537453839306046
31302,0.8274227985238085
31303,0.12651952469345407
31304,0.3856256972363029
31305,0.21491789362415878
31306,0.8659056081048283
31308,0.805849448416037
31309,0.7816456907418712
31310,0.7434522778443305
31311,0.7603036706246371
31312,0.5765035864758379
31313,0.754717043485999
31314,0.12123653143510553
31315,0.14255751075725984
31316,0.8188652453867545
31317,0.068977480150971
31318,0.11229842859779073
31319,0.8376907866420499
31320,0.12773647258472498
31321,0.6442539780827433
31322,0.31158130472760365
31323,0.23441367343012073
31324,0.14282961732316968
31325,0.6986649930496276
31326,0.582135532506233
31327,0.08566211358903049
31328,0.14245486980554592
31329,0.8583675424624724
31330,0.9013091639951518
31331,0.924676574296137
31332,0.9147063070575424
31333,0.3624359216388817
31334,0.16706525364585026
31335,0.9391192082819129
31336,0.12570187734866323
31337,0.8747322206037768
31338,0.8590221341414722
31339,0.48796663774658483
31340,0.9994564063856006
31341,0.9131686121940045
31342,0.6624996454883813
31343,0.20688544112724047
31344,0.31681444063678127
31345,0.9597036944849757
31346,0.7024808308544427
31347,0.1797714716617696
31348,0.8036815406260663
31349,0.07518305779082589
31350,0.7173072847509866
31351,0.9569343608159474
31352,0.8156807964437943
31353,0.6461151654415808
31354,0.7941025933149288
31355,0.9625098565721606
31356,0.9277431571070625
31357,0.507187067747321
31358,0.6596664856823776
31359,0.6782508180212232
31360,0.8786575284408239
31361,0.13344800901543244
31362,0.6374672813681721
31363,0.19857017861726398
31364,0.8736073445357737
31365,0.48768220934362255
31366,0.29018546168436327
31367,0.06908981194312185
31368,0.08908928271612329
31369,0.8682016248630793
31370,0.7119615276791766
31371,0.6360169242064069
31372,0.16057169243066127
31373,0.31740810620374815
31374,0.12731153311571547
31375,0.5480371961679228
31376,0.5029956070743036
31377,0.10625103254024824
31378,0.9149989137131403
31379,0.11004709170650845
31380,0.3882437068257482
31381,0.26345605215347556
31382,0.5020955162745052
31383,0.7112302729828793
31384,0.3103585953779577
31385,0.8358041163912645
31386,0.7312980153180457
31387,0.7458537792757903
31388,0.6194713339402239
31389,0.4512118572905124
31390,0.2676988149296331
31391,0.13817377356809374
31392,0.9287828439919625
31393,0.7450831273213002
31394,0.9089124362208342
31395,0.39175952368535777
31396,0.45767570700196625
31397,0.25905759115584376
31398,0.8294567691282578
31399,0.1584685144886448
31400,0.862468020942062
31401,0.9584510485264802
31402,0.9676705851030862
31403,0.8643271878928752
31404,0.9285182194551468
31405,0.8673057491650702
31406,0.06570074125860743
31407,0.6343348932292295
31408,0.8077866244011389
31409,0.3867291466900825
31410,0.34905721148124647
31411,0.3876846211003915
31412,0.29931276598613565
31413,0.6638670686188421
31414,0.6275944684246472
31415,0.767774142805131
31416,0.10210524551270625
31417,0.7034367703825649
31418,0.4420897434874623
31419,0.5023197742532567
31420,0.5875179220663385
31421,0.9991808114126103
31422,0.6788737037169449
31423,0.6416948067591562
31424,0.7257109352349669
31425,0.6874439412644789
31426,0.2646327260550711
31427,0.2563226691479441
31428,0.6228402502498505
31429,0.3763547368094085
31430,0.30461762176211776
31431,0.8822318901888012
31432,0.9423877568267953
31433,0.6209753303550638
31434,0.9402666075873117
31435,0.67717056899664
31436,0.6538660730760293
31437,0.9676403191318448
31439,0.952094299218924
31440,0.15414209920354158
31441,0.7856080822061013
31442,0.924845266896862
31443,0.2075276017024465
31444,0.5443822479291691
31445,0.4136789035263809
31446,0.4783101032308397
31447,0.8570668675358587
31448,0.9992920044682955
31449,0.8259161008216382
31450,0.09647300945988181
31451,0.653727511660614
31452,0.8206488781632276
31453,0.7596435739433799
31454,0.6049597977394215
31455,0.07810090040020601
31456,0.6054470414732741
31457,0.11426012221058143
31458,0.5668187077818997
31459,0.4955262087736139
31460,0.5617144690780147
31461,0.5622588804219165
31462,0.8250657282969613
31463,0.6752140989688192
31464,0.5020228490264673
31465,0.8684525080443458
31466,0.8502668461635453
31467,0.389887196539221
31468,0.8342104722892572
31469,0.6464948798264656
31470,0.8246922119042871
31471,0.7979466751176086
31472,0.7749445791122109
31473,0.8750563197947926
31474,0.5583162661215597
31475,0.8054654516753263
31476,0.07943039008880073
31477,0.7286943659604661
31478,0.6522368676676775
31479,0.22622430593162254
31480,0.9579858146666484
31481,0.6870754172133812
31482,0.38454097779043644
31483,0.3107013545724494
31484,0.4200651696963846
31485,0.8981746795121756
31486,0.19190629925656622
31487,0.8675400101351441
31488,0.45545431069755693
31489,0.6487617115484363
31490,0.2946369798380278
31491,0.615813878334506
31492,0.07122219953608218
31493,0.8421964498023051
31494,0.38851155955913524
31495,0.1939941049690742
31496,0.7047370597653532
31497,0.896442303782432
31498,0.7949599858989027
31499,0.8968884398472282
31500,0.8345984942866254
31501,0.7501852628505078
31502,0.7828847216196794
31503,0.1328774284848371
31504,0.2175624482839251
31505,0.5201296134255011
31506,0.4375087968147753
31507,0.8992088339172342
31508,0.8414249044277894
31509,0.7866963971332387
31510,0.8460870144303471
31511,0.8855251016059627
31512,0.949945347504806
31513,0.871451451485449
31514,0.11424965713239034
31515,0.20675884770726
31516,0.29159714064432096
31517,0.6585184730179554
31518,0.6669576892351987
31519,0.9512411510349406
31520,0.5676918841044494
31521,0.6942632657016267
31522,0.5075275451928908
31523,0.17573648199366992
31524,0.8530804873794198
31525,0.07876413202292437
31526,0.7183593675809908
31527,0.4105629763577484
31528,0.8606983906846691
31529,0.8547707754230914
31530,0.07087332688494818
31531,0.8427635186377318
31532,0.8116601443785858
31533,0.5350298499430882
31534,0.8066559496824351
31535,0.7043368870305959
31536,0.22787690113390613
31537,0.29564385233010865
31538,0.5968280383731128
31539,0.9131798514847362
31540,0.8831239707034596
31541,0.36970993314943157
31542,0.2298920773209945
31543,0.5314447966417822
31544,0.6469417708439991
31545,0.18668628710406873
31546,0.08725918421177557
31547,0.48369168524707357
31548,0.8254974845154615
31549,0.8504897476464185
31550,0.6827754214431571
31551,0.9263040368887209
31552,0.05726350624843814
31553,0.7467075536186786
31554,0.4975640624263597
31555,0.5208004100421941
31556,0.21464785686675783
31557,0.5629869165024769
31558,0.8823409902050137
31559,0.8778962756555622
31560,0.9097966753383185
31561,0.4517536665144823
31562,0.4126728205722163
31563,0.7187559036458327
31564,0.8274241593633277
31565,0.7902251377372723
31566,0.7031596442246887
31567,0.8960804230842595
31568,0.9272575820289194
31569,0.674550856660739
31570,0.6695356835115015
31571,0.4506390600119463
31572,0.9833252731072758
31573,0.8298488920153849
31574,0.9981669393318752
31575,0.5884946045303606
31576,0.115009948667257
31577,0.4882267892686786
31578,0.9919240304478181
31579,0.8458347940521033
31580,0.9991135853363021
31581,0.8336048272378509
31582,0.10926358384339219
31583,0.7619050687615624
31584,0.7258840676622083
31585,0.23386777699055877
31586,0.13854467253163288
31587,0.25768828417713996
31588,0.5844129986787195
31589,0.13768340568813422
31590,0.8119936775628366
31591,0.7642133012393185
31592,0.8529044103524098
31593,0.5375517893186755
31709,0.0
31800,0.0
31830,0.0
31840,0.0
32001,0.1756741455812212
32002,0.13178441344579755
32003,0.17309144170622984
32004,0.552719584388272
32005,0.3044081937825588
32007,0.35951579747755325
32008,0.24695370196494976
32009,0.09900016077707575
32010,0.6297337275444872
32012,0.13354570656567452
32013,0.35347382398016014
32014,0.5179889850538012
32015,0.5384300984721385
32016,0.21091651417544874
32017,0.4235392266781767
32018,0.20551414923861683
32019,0.7331493432292815
32020,0.386337162632263
32021,0.06936584432890021
32022,0.08533622183357176
32023,0.12831267026645587
32024,0.2648090634093446
32025,0.11731684641048991
32026,0.2856894444876588
32027,0.28133286099894667
32028,0.51119122446152
32029,0.18604573647855843
32030,0.27918082917199977
32031,0.0656941342009562
32032,0.06448012467230362
32033,0.11774959924945716
32034,0.3179756543147016
32035,0.21892571518150322
32036,0.11618455107080104
32037,0.26166406139854054
32038,0.11811069074143109
32039,0.6213980936004665
32040,0.5074522612781108
32041,0.3679682322419449
32042,0.3387903999278281
32043,0.11102412857490454
32044,0.22543394486555896
32045,0.20470928256691473
32046,0.45388097673966427
32047,0.7098262202945186
32048,0.287400436285142
32049,0.2713561619021935
32050,0.4981891416124123
32051,0.30847197090172873
32052,0.20320749257245968
32053,0.3450991415966525
32054,0.1311875920269506
32055,0.11176194313363706
32056,0.12526860167063575
32057,0.18553239175378952
32058,0.5578320175153999
32059,0.18652517499453553
32060,0.8111836542930426
32061,0.5116677023559167
32062,0.09885939772478278
32063,0.1713802815198874
32064,0.14430851788409133
32065,0.20959694772401233
32066,0.11948074788230904
32067,0.4902034400569345
32068,0.11955854076708818
32069,0.2119234584214675
32070,0.17209089928078714
32071,0.03350610524251545
32072,0.05961546776098682
32073,0.14313479510949836
32075,0.22607967983005964
32076,0.1375729856260806
32077,0.05886502256025493
32078,0.09855562325313919
32079,0.1073497653754197
32080,0.2123803406248191
32081,0.1381418685156448
32082,0.13603070069323772
32083,0.2067323412082536
32084,0.9351935591741443
32085,0.09057599719560747
32086,0.42068858436485823
32087,0.4520973825228545
32088,0.03944543455848378
32089,0.3650433300036867
32090,0.11632690650838909
32091,0.2450077672198203
32092,0.4569021470274321
32093,0.47855494787517444
32094,0.2715844380706434
32095,0.20770134853258126
32096,0.1214690512291917
32097,0.12812749032453902
32098,0.28933261932539606
32099,0.5925827864147027
32100,0.8928236688815026
32101,0.21426575434131967
32102,0.26226179055077786
32103,0.7750804658952597
32104,0.4940288088778714
32105,0.13174673568339285
32106,0.38478363920529235
32107,0.2810855243399838
32108,0.44810590563664937
32109,0.1442642299844268
32110,0.2838359226468176
32111,0.09363937373770125
32112,0.6187978060987759
32113,0.12608048112898496
32114,0.5597891693539386
32115,0.05573695683878617
32116,0.5822159841964984
32117,0.2951298304227689
32118,0.45685345111622644
32119,0.14363497909207884
32120,0.3560006827941032
32121,0.12539757004658528
32122,0.4702066953293373
32123,0.061907742562933715
32124,0.18908904316137407
32125,0.07358984917915373
32126,0.4169932449746509
32127,0.15879077918415732
32128,0.1391433083523084
32129,0.0775777671698354
32130,0.5756020437701632
32131,0.1838612633326514
32132,0.22501418023437508
32133,0.22988694456469977
32134,0.10748329764665555
32135,0.19743986307979963
32136,0.2190741813182234
32138,0.16667804802744057
32139,0.11006362396285697
32140,0.3215210373082211
32141,0.23421224273670432
32142,0.29154767509263657
32143,0.4614859813780167
32144,0.06482324804705662
32145,0.5478276005911714
32146,0.492518430923044
32147,0.0627105811485013
32148,0.09258582990444401
32149,0.3003481841497378
32150,0.5446311148097148
32151,0.22520739031729312
32152,0.5770328172765351
32153,0.6457679838094667
32154,0.07844930617852058
32155,0.37265951662869884
32156,0.4067876773394928
32157,0.12800821188137076
32158,0.08719520734169343
32159,0.22864440950736553
32160,0.2937237548189214
32161,0.198206343566175
32162,0.1685895993996112
32163,0.19962179491646453
32164,0.12962413758270236
32165,0.13440082747131887
32166,0.353716964216057
32167,0.29907485658176525
32169,0.5469628941266275
32170,0.4113239505591491
32171,0.26970147429053226
32172,0.49230798179140367
32173,0.08136609449335902
32174,0.14848193749326227
32175,0.16182380714220887
32176,0.16034681971747497
32177,0.5364293508356369
32178,0.38455026720614593
32180,0.2053932016946188
32181,0.4157447584623145
32182,0.0814598846609103
32183,0.20739617138887795
32184,0.2368016049958816
32185,0.37069919038668453
32186,0.4560363321303439
32187,0.242994194178305
32188,0.38331400263129833
32189,0.4850143332968915
32190,0.0864949076171572
32191,0.32223113129706216
32192,0.24017193570517967
32193,0.12263332816510282
32194,0.24973005626632844
32195,0.46357287364199423
32196,0.2582754714132714
32197,0.23011447534317273
32198,0.5238961108850069
32199,0.1825959280170058
32200,0.33544882811679694
32201,0.5389768420001628
32202,0.2792619171775372
32203,0.22739230686840828
32204,0.30237129123237466
32205,0.11749118468528458
32206,0.32258773111806843
32207,0.23343292451338124
32208,0.17268235725081754
32209,0.3348828688017633
32210,0.32889941409409784
32211,0.1727318253883799
32212,0.7931408433982452
32213,0.2623932325976697
32214,0.11488888411469561
32215,0.8292754042682475
32216,0.523241718798471
32217,0.09239321117668232
32218,0.14776947872629137
32219,0.10053403790404083
32220,0.3550716067640674
32221,0.14404163632510625
32222,0.32574940129190644
32223,0.09308871813411489
32224,0.2576094824565597
32225,0.5065388501247177
32226,0.8377611321914636
32227,0.08203520349319082
32228,0.4911525225904719
32229,0.40728036060705186
32230,0.27663382875061204
32231,0.09080003030088332
32232,0.43491563252199705
32233,0.2794917823232722
32234,0.1415234678174263
32235,0.07032769232469999
32236,0.1879957308929858
32237,0.1626339729651702
32238,0.3060540647472063
32239,0.1618447261203022
32240,0.09856401886706104
32241,0.17869313307582047
32242,0.5126853089957457
32243,0.13618399384726362
32244,0.463052426683708
32245,0.3713352691498392
32246,0.44065504076416434
32247,0.08516542013454803
32248,0.11589230419813176
32249,0.0764434479481959
32250,0.3488586942993163
32251,0.33951942424426285
32252,0.4267118982855071
32253,0.1110763213590957
32254,0.46082817557869327
32255,0.40083278283654533
32256,0.3907392573568059
32257,0.239893357301363
32258,0.4645165737790581
32260,0.28416016037945174
32261,0.22175257724767072
32262,0.48886213750090657
32263,0.3256525415194098
32264,0.1375839089108847
32265,0.21525609480059052
32266,0.3213081981309578
32267,0.6947515702846043
32268,0.10108449038315942
32269,0.07850180380967459
32270,0.21142693767619913
32271,0.5615545333942691
32272,0.5779995040213453
32273,0.20283329608901132
32274,0.3275988563722948
32275,0.7809710694010895
32276,0.17988717373534086
32277,0.18177482198770853
32278,0.41048199951782177
32279,0.19468662655012262
32280,0.6184326075586614
32281,0.5092899326063203
32282,0.21684406124078168
32283,0.66966759799933
32284,0.2920895477827156
32285,0.10544155972569898
32286,0.46998801252883715
32287,0.21980677117187536
32288,0.08193696766473091
32289,0.305739085916845
32290,0.22168385847254138
32291,0.37795006372877443
32292,0.25368259495595297
32293,0.22092659257812242
32294,0.3110628269897399
32295,0.23565109410309784
32296,0.45692076607002996
32297,0.18769504437760468
32298,0.16487614328848313
32299,0.06545443928992987
32300,0.6907446062539954
32301,0.19471387456008102
32302,0.7166443667150253
32303,0.14145801780565423
32304,0.46537410801228296
32305,0.3988591279770887
32306,0.10588784438018208
32307,0.3792380910541848
32308,0.4743452971906331
32309,0.19980938610588717
32310,0.33573793841606225
32311,0.5783433942314413
32312,0.1882791763157826
32313,0.06871586251267141
32314,0.1817269938686918
32315,0.05463355569310563
32316,0.2979740751154457
32317,0.06103525398527047
32318,0.5244652602578604
32319,0.24275049096778653
32320,0.0873609826720693
32321,0.14480252058258725
32322,0.27219097425718547
32323,0.25873801271582064
32324,0.5616737788209234
32325,0.16406312105575604
32326,0.06944411774951248
32327,0.517764681712607
32328,0.8320029949869191
32329,0.2813060708238736
32330,0.25714850041033893
32331,0.5135583815492312
32332,0.04291007936238194
32333,0.4157608119461845
32334,0.5192844965062365
32335,0.48156296370517215
32336,0.18856965712995152
32337,0.304306473593994
32338,0.06293206920162445
32339,0.09919016878386598
32340,0.13518537201396125
32341,0.2923859730460989
32342,0.20964295541007674
32343,0.2702237470771404
32344,0.36248353094467284
32345,0.19568600553535678
32346,0.03520662907902556
32347,0.30980469881487754
32348,0.2180912929057918
32349,0.48623851483280095
32350,0.19693587037469887
32351,0.3590882377406664
32352,0.11500757883602658
32353,0.20685000300833356
32354,0.20502013894956073
32355,0.35553478864711496
32356,0.2241701111026902
32357,0.27229956578198544
32358,0.05891839234447017
32359,0.16139774325004025
32360,0.1387583493800886
32361,0.3884832066768364
32362,0.18282370605298212
32363,0.5434421083263805
32364,0.10547765219413598
32365,0.38585471101681124
32366,0.43263403606149975
32367,0.13963838417801472
32368,0.3111985601570957
32369,0.13676884766963618
32370,0.0938999640683854
32371,0.11118243887231892
32372,0.39687788054153983
32373,0.29318709935075676
32374,0.20566826168525504
32375,0.3968914181538896
32376,0.39674902248518246
32377,0.10176156912537296
32378,0.5009046722706529
32379,0.411326368244731
32380,0.3241921116709563
32381,0.28827062586405766
32382,0.13817087794855532
32383,0.2157029626065927
32384,0.20316314696484195
32385,0.1308752841025715
32386,0.22298988323062746
32387,0.3536790061066956
32388,0.06328753234231625
32389,0.26743788214394676
32390,0.24991155946589783
32391,0.7306747509287402
32392,0.21513552063763608
32393,0.20540071760526146
32394,0.3067156678031522
32395,0.38489712696886313
32396,0.8036746298346392
32397,0.223724722776423
32398,0.4136394116060618
32399,0.10087148017359038
32400,0.1818819839720608
32401,0.5419824650351066
32402,0.11867300703408305
32403,0.18343574668015555
32404,0.26765637536519593
32405,0.2740922616666306
32406,0.1883879031547255
32407,0.15759355288271867
32408,0.13787561876640317
32409,0.5019422701558998
32410,0.23147426389097484
32411,0.7292842982712504
32412,0.4383922694850306
32413,0.32559987307464644
32414,0.39225597984796706
32415,0.8319357810405358
32416,0.08595983502575383
32417,0.17596828373210627
32418,0.17340551664339746
32419,0.39944003609420353
32420,0.2213284962727102
32421,0.23930070746063717
32422,0.10317933653167091
32423,0.07331992174850106
32424,0.23160554125724958
32425,0.382166582880484
32426,0.7049767379411959
32427,0.5719519603124325
32428,0.40666059087905104
32429,0.4873305761235167
32430,0.5395544751132462
32431,0.31009616821079083
32432,0.28781843987112643
32433,0.21819849637253821
32434,0.12762968357074472
32435,0.33526405367218287
32436,0.07540044142001152
32437,0.12484728455739945
32438,0.49754194469416413
32439,0.4839174344382133
32440,0.15021654146391022
32441,0.4809159211787408
32442,0.14515025414353377
32443,0.1950920908088143
32444,0.41163114994872485
32445,0.2852151067592589
32446,0.36025276437333903
32447,0.4446320890621113
32448,0.10284300311825079
32449,0.33531285191328547
32450,0.12590428278763063
32451,0.16639637727532786
32452,0.11770991218055663
32453,0.676443665503574
32454,0.6621344110988887
32455,0.44091323682588285
32456,0.10157591632229528
32457,0.12772211437890302
32458,0.2919321302996716
32459,0.2319181999099239
32460,0.47882484447427287
32461,0.36932142174774807
32462,0.07717991474515677
32463,0.35025870154239896
32464,0.6139971764530203
32465,0.1953984355547301
32466,0.5416709899901027
32467,0.5193682221439597
32468,0.4057791496947585
33001,0.47950938431934076
33002,0.08452199442529466
33003,0.4283707995317951
33004,0.8691440925692455
33005,0.8154350693722613
33006,0.6825711897044491
33007,0.15138513955811
33008,0.502255243227918
33009,0.8990454861194391
33010,0.6704581346419319
33011,0.7156066881400588
33012,0.7516874400832045
33013,0.5450293280336775
33014,0.43253622156789917
33015,0.5176664340010885
33016,0.36553461323024017
33017,0.1309652326631126
33018,0.11711580848179272
33019,0.7445327362778282
33020,0.32106800928521473
33021,0.0874448336409552
33022,0.4944690834960352
33023,0.3987636329891358
33024,0.3977621840504811
33025,0.4553684813866196
33026,0.6745529146124272
33027,0.6635750571485468
33028,0.9073871113587223
33029,0.6015126214845742
33030,0.07684945985983026
33031,0.6770831475940922
33032,0.4989719312993336
33033,0.9122852752474395
33034,0.742668102508169
33035,0.714412029875102
33036,0.126563968384925
33037,0.3816759185016086
33038,0.3542663161519914
33039,0.6685728413563533
33040,0.609873351275623
33042,0.9084745980802281
33043,0.5491709067643518
33044,0.5435471861425206
33045,0.4194983399560217
33046,0.33414000562885415
33047,0.6636322556674964
33048,0.6740078929054183
33049,0.8464119085308536
33050,0.08607817084868298
33051,0.7647830248650812
33052,0.48441160236927544
33053,0.4199983254892508
33054,0.08832312778200484
33055,0.4294347814529538
33056,0.83807670661998
33057,0.278215201536761
33058,0.7942356008753427
33059,0.7277839918533678
33060,0.6929185274141335
33061,0.9361384973319363
33062,0.4708866274735992
33063,0.6599475840312123
33064,0.374994938623567
33065,0.60877403794925
33066,0.06395263393683494
33067,0.7972606214033621
33068,0.028789371093059398
33069,0.8966336725989102
33070,0.9080957106143255
33071,0.5931585214540068
33072,0.08535975019311642
33073,0.07306005197908058
33074,0.08673132912173699
33075,0.8826398345095321
33076,0.6468677173254734
33077,0.6944161150246693
33078,0.46224660823820174
33079,0.6694117569333634
33080,0.49735712496205514
33081,0.5742597217545118
33082,0.7391621409275234
33083,0.9163117367374052
33084,0.44469461187279635
33085,0.48832670204915424
33086,0.7691699658250659
33087,0.37387457182173023
33088,0.493223437927599
33089,0.1266409517312444
33090,0.9032716437815425
33093,0.7007582470775398
33094,0.28321730594081984
33095,0.049955757530529304
33096,0.49659534865454596
33097,0.5575548353120103
33098,0.6205380085579502
33099,0.5364195455699272
33100,0.7013603742615704
33101,0.7261124685842819
33102,0.5691553272288817
33103,0.4171127573338632
33104,0.3982191996429303
33105,0.5274777701860128
33106,0.09510367601827163
33108,0.42447749399529666
33109,0.35052437607911185
33111,0.6072505816872733
33112,0.19909388310560253
33113,0.454259824950819
33114,0.14504518212856257
33115,0.04032933730354987
33116,0.19216230991127126
33117,0.2247977701977846
33118,0.9276421290152641
33119,0.6059175247064723
33120,0.07786099042966302
33121,0.5143464314492353
33122,0.8635804623609435
33123,0.09087331822667367
33124,0.7212268505557551
33125,0.3809883164534038
33126,0.10484474227912459
33127,0.3774047866807653
33128,0.36900130601438696
33129,0.19071100451132167
33130,0.09983415535251969
33131,0.5921798160751086
33132,0.7938804734423716
33133,0.36682511561768233
33134,0.550467665114149
33135,0.5633320366333174
33136,0.2079661774601172
33137,0.4807691422720554
33138,0.5561982147916193
33139,0.34164738457860216
33140,0.9169348621653485
33141,0.9117786773324436
33142,0.13166292565952703
33143,0.3630523553806081
33144,0.4165878982452653
33145,0.9002679865875883
33146,0.3229179740678271
33147,0.7142137683484272
33148,0.6835904190377847
33149,0.28337793044773485
33150,0.2764927584877919
33151,0.07774978239191614
33152,0.612466823411519
33153,0.3315380936862047
33154,0.9083865713870778
33155,0.08455078888088276
33156,0.6506721210504992
33157,0.7039594105493896
33158,0.4143674895204459
33159,0.08384339785070209
33160,0.15843617410686558
33161,0.7299501963536484
33162,0.8792414334476063
33163,0.560684574974698
33164,0.10595225738982428
33165,0.9436474535506576
33166,0.41421416756491314
33167,0.6516037278006859
33168,0.277740493234048
33169,0.08877172259416882
33170,0.08384031559816273
33171,0.2799766869481346
33172,0.7077467672452906
33173,0.496654994366853
33174,0.5144931238989858
33175,0.3077218051944883
33176,0.553054101856236
33177,0.4340909955038398
33178,0.4850011558561483
33179,0.4979758075423852
33180,0.4776394937585503
33181,0.41208045314814173
33182,0.8101055224493857
33183,0.10990447682170955
33184,0.09704992612331176
33185,0.454462165895662
33186,0.2894871875978427
33187,0.37831549396584074
33188,0.06844519085773387
33189,0.5465038518538334
33190,0.09530759115864149
33191,0.4813057870382657
33192,0.5481801743440238
33193,0.5326413431802883
33194,0.5857089020849362
33195,0.4337548651998204
33196,0.596100781519575
33197,0.8216632705813874
33198,0.7840058070913751
33199,0.8457193734398303
33200,0.8909822255943173
33201,0.8713123538829779
33202,0.6701819498899677
33203,0.7741332484074307
33204,0.07809032896168691
33205,0.07047344912294097
33206,0.43064470337549937
33207,0.7485122219375191
33208,0.4611682587404093
33209,0.45580965807815865
33210,0.3011198302516165
33211,0.8799579798758753
33212,0.7302312188579151
33213,0.37129776172285733
33214,0.43172295205547595
33215,0.5587355513511957
33216,0.6714012758847971
33218,0.73431628952122
33219,0.16345189558131423
33220,0.6666006263319253
33221,0.05683702792533497
33222,0.4716919328050475
33223,0.2342502867570272
33224,0.1996454567852283
33225,0.05772973774414295
33226,0.8651741677883381
33227,0.17598197534778393
33228,0.7007559367318693
33229,0.6811903935317148
33230,0.13045766869688616
33231,0.5379818069682051
33232,0.0887418962505238
33233,0.13498046668464214
33234,0.5601456063292926
33235,0.40942215901319806
33236,0.838873464922972
33237,0.16898943627701887
33238,0.45247680217533576
33239,0.08695692657360658
33240,0.5786914096521373
33241,0.8215551271812029
33242,0.15383142344384082
33243,0.5533006302676047
33244,0.10595609009779383
33245,0.936103419642999
33246,0.26482665240513603
33247,0.4356201224994336
33248,0.2408785420133407
33249,0.5688580116431311
33250,0.24194998167874798
33251,0.6176074781854556
33252,0.9222521771340901
33253,0.5596478442101925
33254,0.08613817588559734
33255,0.5186001535777465
33256,0.9351327519082971
33257,0.5761503944228962
33258,0.392580983510435
33259,0.7069829399018697
33260,0.9080046020939823
33261,0.4102581868890404
33262,0.8944736846196452
33263,0.9165243063512762
33264,0.7227791151045814
33266,0.16618008243524118
33268,0.740870152894505
33269,0.22609148677942595
33270,0.1473523842993598
33271,0.40909534281313614
33272,0.1767971505507778
33273,0.9397169788263777
33274,0.4522553490142671
33275,0.5815534842425664
33276,0.4728026621146864
33277,0.2362189666889631
33278,0.2865241397727697
33279,0.11892591995582438
33280,0.6852863990768584
33281,0.8928896297511961
33282,0.32456962076719914
33283,0.2581234716218699
33284,0.7441325703216382
33285,0.6809248150217343
33287,0.0541298346082102
33288,0.5722746842743632
33289,0.43744917363602526
33290,0.6242503682760234
33291,0.28968212356984785
33292,0.5279775291764482
33293,0.9008572183329954
33294,0.4268942342207717
33295,0.8732855966028608
33296,0.35429270735552604
33297,0.28749494015222143
33298,0.4929582825065488
33299,0.561863751024265
33300,0.9428050234413388
33301,0.49351177890568293
33302,0.6228020102944206
33303,0.6493423493797832
33304,0.38361924491596633
33305,0.12266767557548604
33306,0.08553830072695875
33307,0.1506485552928974
33308,0.5367105948588202
33309,0.49193157402702026
33310,0.6636422198546327
33311,0.7281501827278312
33312,0.9420341140474566
33314,0.5682796891367059
33315,0.48047841773911903
33316,0.21986113063798218
33317,0.6906801365736688
33318,0.879040855371099
33319,0.2814330521828421
33320,0.41485047520124485
33321,0.11346866196004188
33322,0.8327010201654103
33323,0.19397999744919792
33324,0.3178023409759427
33325,0.6850687747369338
33326,0.06683954148117464
33327,0.08535416523377108
33328,0.4744321074489376
33329,0.1319272242527772
33330,0.47475139893163965
33331,0.08924928536639784
33332,0.4233404669332134
33333,0.575089335922336
33334,0.27357246897195175
33335,0.9169478269168516
33336,0.11217523650756064
33337,0.08481603576482692
33339,0.34230519755162286
33341,0.11962804146878872
33342,0.6436328745248999
33343,0.0705772971388667
33344,0.35493916819917765
33345,0.3301465695239153
33346,0.08551318495100138
33347,0.4412965461689636
33348,0.4926381459342194
33349,0.4847750194345749
33350,0.38944024142879197
33351,0.09108272706404881
33352,0.09881629652428413
33353,0.2339842997073996
33354,0.14947439628698866
33355,0.5105661786142227
33356,0.624788035359878
33357,0.09673428561410209
33358,0.5858837115773724
33359,0.4283190137828649
33360,0.23622496669000692
33361,0.2313850642662843
33362,0.7606825160335012
33363,0.912018248656212
33364,0.4619020958643879
33365,0.5001902312501065
33366,0.21150499674574189
33367,0.5662558299111771
33369,0.22078816958847097
33370,0.6907973065728722
33372,0.3022875296997231
33373,0.3445083180376216
33374,0.07869169836209801
33375,0.5193750103195149
33376,0.8365234357838247
33377,0.27746052732764076
33378,0.2457043478809593
33379,0.3813241900925311
33380,0.06885887993315325
33381,0.9124049102847401
33382,0.10481661169778493
33383,0.5925666362096426
33384,0.5438975011786322
33385,0.5536128088488252
33386,0.669047547674629
33387,0.6693918553496729
33388,0.6894047520355556
33389,0.06818457722410731
33390,0.479483011955511
33391,0.4896013947990395
33392,0.518989610845229
33393,0.477489449360412
33394,0.5375311022380923
33395,0.6617773907853463
33396,0.49769745574445945
33397,0.47601401754693223
33398,0.4151615386943462
33399,0.3549816617655525
33400,0.18953748614326008
33401,0.34147282593030487
33402,0.3888205453255378
33403,0.5429961917946711
33404,0.45673630144805916
33405,0.6874650029807247
33406,0.6632072157888119
33407,0.7655435498701474
33408,0.898185422173725
33409,0.5790872455187359
33411,0.6206298029667129
33412,0.40766899670844114
33413,0.8300775633217528
33414,0.6823782135764336
33415,0.17521399628140957
33416,0.10004850135381281
33417,0.33234873809861865
33418,0.23616422187605343
33419,0.30331053653387396
33420,0.5367513507920831
33421,0.4827747763199594
33422,0.9001753277433426
33423,0.38917408647954777
33424,0.291499395564824
33425,0.12259608801479865
33426,0.5100423972432694
33427,0.5478428709611222
33428,0.4378125498440795
33429,0.6890017879371279
33431,0.6393153169087897
33432,0.09332032567511757
33433,0.3849644297159682
33434,0.9951017257098375
33435,0.11389886312733769
33436,0.8142700187789511
33437,0.43429133125807107
33438,0.09861383218987782
33439,0.0904394911036242
33440,0.5547785284914822
33441,0.7325491441625254
33442,0.6540146877456903
33443,0.18667242278372248
33444,0.644128595795664
33445,0.6698102724246892
33446,0.1551415752593338
33447,0.46556484882745935
33448,0.4310348310662452
33449,0.8144715286355892
33450,0.09743135341580378
33451,0.5029114990041985
33452,0.08677273042244082
33453,0.2919427462933988
33454,0.1661333837370075
33456,0.0782776762425938
33457,0.10412032382994656
33458,0.6825577928045643
33459,0.41836482431271893
33460,0.2992962912808358
33461,0.4965661972896917
33462,0.2889075829352773
33463,0.5491643954099482
33464,0.5626145221847666
33465,0.11103441235464202
33466,0.8551318162034766
33467,0.20819209759075707
33468,0.20211794613295955
33470,0.3454110227665485
33471,0.39035007090314217
33472,0.47895688880850057
33473,0.09715474314553546
33474,0.21763024776746195
33475,0.7917345306832693
33476,0.5473378395392855
33477,0.6941798968991683
33478,0.5079996422237245
33479,0.35889974100895217
33480,0.4839176439207341
33481,0.4522048443833423
33482,0.33829505985764036
33483,0.871058005526326
33484,0.2804849018102388
33485,0.384086078519626
33486,0.7059830546637422
33487,0.3605526410928925
33488,0.5115327647118832
33489,0.13850734099587547
33490,0.5591839236787609
33491,0.2557414220615623
33492,0.13596164134661795
33493,0.577815155233648
33494,0.8387354099440727
33496,0.8614299568187379
33498,0.6072941618644087
33499,0.4282740700726645
33500,0.6977409149185173
33501,0.9129839299768746
33502,0.1502499426257554
33503,0.6854871781820366
33504,0.21220807329017438
33505,0.7613976226767996
33506,0.17926082451581182
33507,0.4486402641549679
33508,0.09044892053772556
33509,0.5004912769165767
33510,0.6411249674190946
33511,0.5039156617418176
33512,0.08212740216542214
33513,0.3892437627348644
33514,0.7450910267253905
33515,0.5727349755399316
33516,0.40681300984514385
33517,0.6757207654338833
33518,0.9170790115700612
33519,0.8474563209578637
33520,0.22152149118425166
33521,0.6236700928861711
33522,0.6476571201991869
33523,0.5070559157472985
33524,0.6744890386953936
33525,0.25137628991708816
33526,0.66387785658767
33527,0.7480752296391908
33528,0.7448612721717575
33529,0.771423418638099
33530,0.13852185371614675
33531,0.6688026436314002
33532,0.774024437522026
33533,0.11241318639463843
33534,0.9177046318976202
33535,0.5389517376111883
33536,0.5247850770776347
33537,0.09559647756332078
33538,0.6584086776986446
33539,0.7478095270915589
33540,0.47330156771134163
33541,0.47976610594139196
33542,0.5561326145946105
33543,0.5202678884965706
33544,0.7602264312224851
33545,0.36476389636664386
33546,0.4625499127552759
33547,0.1277445750176542
33548,0.4610624189861043
33549,0.7298555030066503
33550,0.5734618170965018
33551,0.7582173249786529
33552,0.11102205117330279
33553,0.15315114594094262
33554,0.4868412649520346
33555,0.702690414199537
33650,0.0
33700,0.0
33720,0.0
34000,0.0
34001,0.8026418377890546
34002,0.31220789509940405
34003,0.8392289872702744
34004,0.3750248557377124
34005,0.48128304242668635
34006,0.4113387225111891
34007,0.3759751327399038
34008,0.39818257679674685
34009,0.5212914081887954
34010,0.1838100931343592
34011,0.761047984284478
34012,0.7111721577869164
34013,0.3017654243671669
34014,0.8907322173564384
34015,0.3295763051744512
34016,0.3410652585615591
34017,0.4122099316239657
34018,0.7204403118283287
34019,0.3164350928676419
34020,0.5846989186892655
34021,0.26207956511930836
34022,0.3774798678131979
34023,0.2637306373939911
34024,0.33700745058206555
34025,0.6125486729008321
34026,0.48757413455887366
34027,0.43419338684373165
34028,0.5224317787978136
34029,0.7612912793871481
34030,0.6950530396207816
34031,0.19128870562030062
34032,0.3418685495736018
34033,0.7104473509818916
34034,0.5610684133899674
34035,0.31335932714919623
34036,0.23864399476780981
34037,0.653740990257853
34038,0.48929416361567585
34039,0.21100476222135162
34040,0.6916263980050142
34041,0.18117153115286685
34042,0.39542136250201554
34043,0.9571762555699302
34044,0.40680380086435824
34045,0.6292220711720995
34046,0.2982260306782015
34047,0.35508720555058143
34048,0.6911807693696632
34049,0.5135346405023163
34050,0.9004324399710514
34051,0.2978560911343369
34052,0.16687216974076388
34053,0.541272578425491
34054,0.7983570254700264
34055,0.4940291815696745
34056,0.14744021199483567
34057,0.72273181727959
34058,0.3378794633806815
34059,0.5555462504611368
34060,0.47108180228850954
34061,0.7949994514647156
34062,0.40281288588238495
34063,0.35142982359165054
34064,0.19660745171271704
34065,0.5024976089968178
34066,0.8211494638744713
34067,0.445788022496712
34068,0.34438560706016114
34069,0.5089738200508019
34070,0.4232576621517721
34071,0.608552362271709
34072,0.258711339214647
34073,0.2669532901516613
34074,0.6732813263838793
34075,0.5813680378200068
34076,0.1736171594405182
34077,0.8962041421131146
34078,0.48374603233488783
34079,0.18716523518569533
34080,0.40772467894766157
34081,0.2073236624344742
34082,0.573735915200054
34083,0.39286271434292913
34084,0.6033240673345617
34085,0.8559037355264154
34086,0.18715753011056593
34087,0.2753936086200649
34088,0.2436769941259864
34089,0.5569456737363984
34090,0.7239454955227803
34091,0.09376669927424922
34092,0.32439075030074327
34093,0.5109175642383471
34094,0.8029328130307327
34095,0.32609520861953556
34096,0.49969874863333696
34097,0.5778579025982237
34098,0.26657262980886853
34099,0.47116040897217065
34100,0.22389634766198835
34101,0.1569845182284371
34102,0.842395970589376
34103,0.287829495655765
34104,0.6589063106352462
34105,0.7471842557496319
34106,0.17077897680015094
34107,0.35878312437168947
34108,0.2193930745867925
34109,0.7022961786372333
34110,0.6936872081384187
34111,0.37196703718060725
34112,0.8591127315330596
34113,0.2953936016824076
34114,0.1937614634727034
34115,0.31598821525717985
34116,0.613571820712294
34117,0.368204150719776
34118,0.9049901890863106
34119,0.4189865433953299
34120,0.9361031926620929
34121,0.4579483014058368
34122,0.15834187006273182
34123,0.6349643956801485
34124,0.18285066344125206
34125,0.18981673768473148
34126,0.6405443565836939
34127,0.27937076394418386
34128,0.515175815466355
34129,0.4004396541347362
34130,0.6082680794487958
34131,0.72737466130497
34132,0.11700312055263193
34133,0.5784638336010682
34134,0.37068470142102294
34135,0.2696616450743998
34136,0.30156738082698803
34137,0.18976526113036057
34138,0.2964782997827962
34139,0.604604315827705
34140,0.5868663563006595
34141,0.5687630917776559
34142,0.18459504289268105
34143,0.1932648205687083
34144,0.5344516926863743
34145,0.2655740054128074
34146,0.281187318026552
34147,0.7478949895387597
34148,0.19433118977067784
34149,0.8311710647171136
34150,0.7552802693014036
34151,0.20975386519283568
34152,0.7421391707165432
34153,0.8699778366626849
34154,0.6623778112678412
34155,0.5434862505040033
34156,0.7124307984139513
34157,0.15083428716520075
34158,0.5605343945538371
34159,0.31955378963496134
34160,0.4844633789443779
34161,0.18226346245253508
34162,0.18922624391841716
34163,0.48520092647306207
34164,0.9013748985067542
34165,0.21046688011596446
34166,0.21740668931403428
34167,0.15915151121142906
34168,0.6716892427889741
34169,0.8814809220666275
34170,0.5188337879146258
34171,0.41035450793956646
34172,0.4816027327246055
34173,0.17876456328476392
34174,0.3226187466273871
34175,0.7068533959404075
34176,0.3389224269099523
34177,0.5164586319037168
34178,0.7373878475794233
34179,0.5776128274315397
34180,0.3114228833531789
34181,0.696529129503846
34182,0.5326321156691719
34183,0.20233263433826443
34184,0.2883390480235813
34185,0.428414414058143
34186,0.17246949011220053
34187,0.3857190715198094
34188,0.18619986274600556
34189,0.5312739382168374
34190,0.42038156481396177
34191,0.787188406625611
34192,0.8958891353595807
34193,0.20074856889678439
34194,0.32511905167554717
34195,0.4021908508056091
34196,0.11974441721330217
34197,0.6620023152821354
34198,0.7050500867259804
34199,0.5003385263651052
34200,0.5030643538162225
34201,0.29086476713255005
34202,0.288823581242796
34203,0.13931119588705282
34204,0.7563111309886319
34205,0.12729790435572594
34206,0.1883314395569732
34207,0.1514831230789915
34208,0.20146882192351517
34209,0.23240269600113986
34210,0.29760678505278354
34211,0.4687317342440832
34212,0.14280321121761747
34213,0.20586603433246004
34214,0.751524625831071
34215,0.15579369034167057
34216,0.3652381005112261
34217,0.891409326834959
34218,0.2833850322292398
34219,0.40906126557569605
34220,0.2539888758381734
34221,0.4926323092189694
34222,0.7485356295667446
34223,0.781342697741307
34224,0.7949917117825367
34225,0.5922604706875508
34226,0.4602854497177844
34227,0.4182940364294272
34228,0.27559217872071484
34229,0.26699471668060454
34230,0.10015487640583534
34231,0.5159461956197144
34232,0.6074445196623386
34233,0.46613060038733106
34234,0.6088811788278662
34235,0.3113925706689748
34236,0.6267105771009149
34237,0.813422907446363
34238,0.37207972441484605
34239,0.1917983222567605
34240,0.43178585396178504
34241,0.22130338539057073
34242,0.8704585253659648
34243,0.4240140718539917
34244,0.330866857703514
34245,0.3072183497906651
34246,0.2447606989344525
34247,0.8589561476121389
34248,0.8758600408103309
34249,0.935734297348679
34250,0.23576623897335558
34251,0.13714271512261325
34252,0.35929046500975526
34253,0.13821045120896727
34254,0.16524963467891263
34255,0.8849358808777215
34256,0.2941951708228313
34257,0.5048027130549195
34258,0.7593591529516349
34259,0.6175190432030601
34260,0.4703041642323931
34261,0.593831121162408
34262,0.16465517086662543
34263,0.9646763152997437
34264,0.3710371190826869
34265,0.9762925436831947
34266,0.8870611634862994
34267,0.18028721302562695
34268,0.17334211195724503
34269,0.38848264647613484
34270,0.4010070475553726
34271,0.3848698281655497
34272,0.26132590959793256
34273,0.4014833238766062
34274,0.5421848686479468
34276,0.8761389638953366
34277,0.404211909596023
34278,0.5592168880428736
34279,0.4925949062536322
34280,0.922143695497451
34281,0.37254330682629283
34282,0.48895839387890117
34283,0.6195500152564505
34284,0.22322314950707814
34285,0.3699614791744182
34286,0.14413813811256604
34287,0.15033363913595196
34288,0.18343226470738064
34289,0.17577303994486457
34290,0.9118112436811988
34291,0.40648613428670083
34292,0.6987129384592599
34293,0.38181456570849215
34294,0.21060332033707696
34295,0.3595151614975522
34296,0.7225961356141252
34297,0.6918916272092567
34298,0.2632092440725018
34299,0.2354413365169965
34300,0.19567315147266998
34301,0.7494703368309338
34302,0.6935467373475358
34303,0.435164958661713
34304,0.1390294851250517
34305,0.3791716897738196
34306,0.2106745872961346
34307,0.2957731686504072
34308,0.35878605941208624
34309,0.8116786633041814
34310,0.59693248147635
34311,0.5115159110782851
34312,0.4712595844650883
34313,0.304634583106509
34314,0.8978785083134683
34315,0.32515233047009584
34316,0.8093754333221046
34317,0.6035132801194787
34318,0.6456174942222646
34319,0.6335644494664316
34320,0.5240965684108735
34321,0.30454311094969316
34322,0.8258539960219518
34323,0.7028957683829047
34324,0.9062364950250341
34325,0.5532581969270345
34326,0.6429017900377362
34327,0.4267231258323642
34328,0.7702601643840638
34329,0.20789971328290532
34331,0.2140278064711617
34332,0.21583677805286974
34333,0.2852542447490433
34334,0.45391977856637683
34335,0.37522320402952136
34336,0.2923775140495824
34337,0.3393106598938035
34338,0.3196589327972006
34339,0.2836358551263988
34340,0.21269743653468615
34341,0.14727680036755048
34342,0.8389674301684421
34343,0.7972429630004043
34344,0.8982129934694029
34403,0.0
34725,0.0
34820,0.0
34923,0.0
34926,0.0
34980,0.0
35000,0.0
35001,0.3470593626496592
35002,0.8451059415987062
35003,0.8332929488456465
35004,0.8166346443821263
35005,0.5773981179119175
35006,0.06039641524533305
35007,0.8340031055736078
35008,0.5601739923002033
35009,0.1926899515434157
35010,0.41269101843457445
35012,0.3343316296288178
35013,0.3149031863180744
35014,0.6464289656824228
35015,0.7703663171217734
35016,0.2149416437917371
35017,0.3405373441198264
35018,0.48739108024107963
35019,0.8682511946760008
35021,0.5788411768748813
35022,0.7361245563654248
35023,0.17055111951559296
35024,0.4619280366948359
35025,0.2076107886202562
35026,0.6364791691077546
35027,0.07587986779419034
35028,0.630768398612069
35029,0.9004225789693707
35030,0.8528796400310107
35031,0.23037575977351718
35032,0.586218262714823
35033,0.31004452023299806
35034,0.41037494558048815
35035,0.963987492735448
35037,0.5281483824974564
35038,0.0684943249670906
35039,0.3542979746295922
35040,0.35319651461366935
35041,0.8447395821708595
35042,0.6579071096136321
35044,0.939933463783304
35045,0.66781002940013
35046,0.6905481825630811
35047,0.5022194123702332
35049,0.8527953326152081
35050,0.3454346414258983
35051,0.48920108175447746
35052,0.8474777502048785
35054,0.5373131089301434
35055,0.4587758241982264
35056,0.3466320145930981
35057,0.9756395329723995
35058,0.40914364177524376
35059,0.46186521221617344
35060,0.1016364445512654
35061,0.7562549958065763
35062,0.6891761885221397
35063,0.253291559296159
35064,0.2847677026348004
35065,0.41960220498703643
35066,0.5696033045282646
35067,0.67511061978767
35068,0.1504294839431337
35069,0.3144793868915918
35070,0.3926124996351377
35071,0.19321123314662825
35072,0.5019392132894155
35075,0.6201976811203485
35076,0.6142648847179019
35077,0.5715663768995868
35078,0.40916577946273874
35079,0.9583010427744756
35080,0.9399360282964122
35081,0.3893338044378693
35082,0.5127425013883713
35084,0.6830916002852575
35085,0.8657323027614032
35086,0.8823185633701278
35087,0.06591390972401483
35088,0.8940910405580049
35089,0.7844094836110449
35090,0.48436564736571575
35091,0.073804477214702
35092,0.8652642889476649
35093,0.8431957538006155
35094,0.7313718657715851
35095,0.4025143303492976
35096,0.15372498452131142
35097,0.05288586340567392
35098,0.19164177693278991
35099,0.37120893399847177
35101,0.9250733250084651
35102,0.5631340066385264
35103,0.2882986040988434
35104,0.3786613791630246
35105,0.05818861411889198
35106,0.8293216721378277
35107,0.4743903556078786
35108,0.4577300693110487
35109,0.08782440928338181
35110,0.7918423265519913
35111,0.21524392073789078
35112,0.6503018010042279
35114,0.33887268609879484
35115,0.6701886226800232
35116,0.32789776294023953
35117,0.1328204026614029
35118,0.8127414384332111
35119,0.5475625277345966
35120,0.37494789418016233
35121,0.354424594767028
35122,0.6514811024362754
35123,0.5122460816983266
35124,0.17325302534429998
35125,0.6823835592840195
35126,0.7461061453508258
35127,0.4718105960757168
35128,0.49505821147597784
35130,0.3865305808238546
35131,0.4059942146665456
35132,0.3210275183326739
35133,0.09824922776066239
35134,0.35115608840858126
35135,0.4289327603213761
35136,0.6645881069639303
35137,0.5197244055518324
35138,0.49573970378730514
35139,0.5294999434902112
35140,0.8426140604972348
35141,0.8559911630265756
35142,0.37905837430278305
35143,0.08110763398356932
35144,0.972132736028699
35145,0.3296590195353688
35146,0.7065881086310275
35148,0.794839608331751
35149,0.6372988452624243
35150,0.5492072188671596
35151,0.3686193171806523
35152,0.38570911813552394
35153,0.3409427802874232
35154,0.27064756066137197
35155,0.41153249283219984
35156,0.6770043290958789
35157,0.6785967091300789
35159,0.8491271507004581
35160,0.13489854767464848
35161,0.07526757725593657
35162,0.5661929396261678
35163,0.4645267499156167
35164,0.7320575881346406
35165,0.7353674140674781
35166,0.8890275733270391
35167,0.33614090127280505
35168,0.11300891464090305
35169,0.13560047105186063
35170,0.8935409846765131
35171,0.08177385533568386
35172,0.3556834546913087
35173,0.7775670461539729
35174,0.7927734945899079
35175,0.26391679884264097
35176,0.5610468351022517
35177,0.7851846444691075
35178,0.2526438339216261
35179,0.31965624227864403
35180,0.6135894630584418
35181,0.47209629711519313
35183,0.07122194299976538
35184,0.0780099237144138
35185,0.44843865606301503
35186,0.4166734954832616
35187,0.20171963825398323
35188,0.7507925514368803
35189,0.5255757848072801
35190,0.7825014207517307
35191,0.19498311232288243
35192,0.8753838981348351
35193,0.7568833636931322
35194,0.7438125635862095
35195,0.8479114405135939
35196,0.6240630685905459
35197,0.958575117183322
35198,0.6360792273243053
35199,0.576054926092193
35200,0.5741601816229219
35201,0.13379572534155545
35202,0.20928356849193008
35203,0.13401553510196365
35204,0.8984751000718817
35205,0.8426238049387067
35206,0.5729295006975677
35207,0.34779848228373705
35208,0.5986209643584303
35210,0.4189331693697385
35211,0.1256346836325229
35212,0.30462513600449065
35214,0.4705379763503671
35215,0.39553752060546166
35216,0.403068438840193
35217,0.058156769752790945
35218,0.36878798481299285
35219,0.4056855415511663
35220,0.7576057902875807
35221,0.3020907198461853
35222,0.46863836646807244
35223,0.18313245810234371
35224,0.29581975790298004
35225,0.401474946675971
35226,0.37123318385927345
35227,0.350096395350435
35228,0.47487413877481777
35229,0.0675770160274522
35230,0.18371106753792307
35231,0.3143221979377651
35232,0.4427084999381162
35233,0.2349488685227747
35234,0.08107439449738381
35235,0.48548936397140185
35236,0.4548684467433124
35237,0.27569837528814467
35238,0.7276712671181442
35239,0.3283380388506208
35240,0.4335123957493658
35241,0.8147300936615263
35242,0.7136674377129287
35243,0.2431855493831892
35244,0.7151838418832747
35245,0.3000589988978086
35246,0.3035447542656487
35247,0.539041773058548
35248,0.4822196919640255
35249,0.848504023867259
35250,0.9075353645835428
35251,0.9444658175903969
35252,0.06823614921317944
35253,0.35988110382586896
35255,0.8701740949619586
35256,0.7736183749809675
35257,0.2070015908374885
35258,0.34696032114525366
35259,0.43819033973171045
35260,0.8855884237074497
35261,0.7827049194420325
35262,0.5776834088560123
35263,0.8844358758656607
35264,0.1178305610789392
35265,0.3152881193560167
35266,0.6380266042560627
35267,0.0
35268,0.3974204487063096
35270,0.6056927592380609
35271,0.2165265252996822
35272,0.6093607322300358
35273,0.21096307124653343
35274,0.9584840993180309
35275,0.4111252790189249
35276,0.5115488716592702
35277,0.6052193082248134
35278,0.4710920924872177
35279,0.3494380459904158
35280,0.24567784288106434
35281,0.6176104016447851
35282,0.24875897545570216
35283,0.8878629681612464
35284,0.7738886578411169
35285,0.2611060741002808
35286,0.9486647408303553
35287,0.7975992966561483
35288,0.791731095752838
35289,0.4417881187569813
35290,0.6324743358818314
35291,0.47747915054887563
35292,0.7203263940488391
35294,0.31354176423038066
35295,0.5867401821295218
35296,0.7101007773365811
35297,0.19750970343287355
35299,0.7061071880644965
35300,0.39258488921973517
35302,0.0725007443167018
35304,0.8370431969483662
35305,0.14313993544238746
35306,0.39811894983937574
35307,0.6213173684327516
35308,0.42160617545861373
35309,0.703241726828644
35310,0.2166709435547079
35311,0.8551135744560276
35312,0.46690669425508374
35314,0.4441059877229152
35315,0.6979474427834497
35316,0.3964363045527095
35317,0.4320913541786895
35318,0.3387465856839867
35319,0.28691018557827513
35320,0.0987767227933976
35321,0.8837256264143166
35322,0.8682494335003639
35324,0.4987450499406777
35325,0.5659789220619511
35326,0.7292114294382346
35327,0.32088618690418963
35328,0.27498100682162335
35329,0.8944230558544193
35330,0.8776233831984162
35331,0.5185547942857087
35332,0.8156414079636437
35333,0.359365911283951
35334,0.40030940969727996
35335,0.8657653377287774
35336,0.9442924838981339
35337,0.30068898350433165
35338,0.06454775041413574
35339,0.9467306489915169
35340,0.16380432623033062
35342,0.8334973361144284
35343,0.8032955063823614
35345,0.35857456963153717
35346,0.3311726744093981
35347,0.8676439818078121
35350,0.06203085578789255
35351,0.4993691283221917
35352,0.5505988464623963
35353,0.48548154309244007
35354,0.9384764268485931
35355,0.7463991490571491
35356,0.7235766168567221
35357,0.8702437361190148
35358,0.39238906055402256
35359,0.6187069263443524
35360,0.0882132357992626
35361,0.8838854475380127
35362,0.5011759836938475
35363,0.6398236490057191
35375,0.0
35376,0.0
35508,0.0
35510,0.0
36000,0.0
36001,0.42023765426156406
36002,0.21496629067073514
36003,0.6626670687118612
36004,0.8713294076649459
36005,0.5874045591465341
36006,0.11600003971986982
36007,0.4153637604639485
36008,0.04591346010028378
36009,0.730574426515579
36010,0.2423844744910772
36011,0.4145205258125445
36012,0.0659154627735942
36013,0.31399459015646414
36014,0.036480687399211106
36015,0.21524390845206634
36016,0.5585512949206921
36017,0.5101833433535096
36018,0.34841500613936033
36019,0.4151162208325517
36020,0.22361082583122346
36021,0.7132623440289717
36022,0.5293057050068433
36023,0.3482542970542303
36024,0.8055042288327198
36025,0.1863411223252336
36026,0.05775232911710153
36027,0.8242022504644547
36028,0.48672913435842924
36029,0.21593806555084552
36030,0.5350442446183424
36031,0.06164403842423254
36032,0.04363310619596347
36033,0.050927440103269425
36034,0.43004026710930077
36035,0.17691721781412093
36036,0.34115384353384404
36037,0.05610203438913485
36038,0.1180086931202414
36040,0.1778975282190004
36041,0.030828106323689812
36042,0.047432451403481436
36043,0.23218118976811278
36044,0.15962038957091962
36045,0.15063529835990822
36046,0.3500281550130475
36047,0.02900090367178612
36048,0.5115867184387135
36049,0.7622266336698575
36050,0.7743527263545894
36051,0.49153532483255497
36052,0.6879231509160086
36053,0.48368219377410776
36054,0.4162214365860895
36055,0.06512822371490908
36056,0.3819335930618153
36057,0.10466691274571284
36058,0.2515674821220923
36059,0.6606213195564127
36060,0.3978660927600972
36061,0.3811564110967774
36062,0.5310764134225572
36063,0.15823449937277045
36064,0.6353308137225971
36065,0.8089555447667238
36066,0.28730190854295923
36067,0.20621811050007255
36068,0.5706366575392796
36069,0.5874217577905253
36070,0.03465174639239013
36071,0.6676291822147529
36073,0.13031671124667435
36074,0.06885916428381578
36075,0.02895963807234716
36076,0.4947666931766836
36077,0.31977387551265724
36078,0.23433864314293595
36079,0.7634075720732789
36080,0.5612174759547341
36081,0.5664597796083053
36082,0.5286310691602623
36083,0.032901093521205814
36084,0.4014402930910685
36085,0.029008234665838333
36086,0.4571233855349963
36087,0.29624622809420165
36088,0.86252189697822
36089,0.5198794793936151
36090,0.46520171472955835
36091,0.19812964373227526
36092,0.2595662069238454
36093,0.6997325536783889
36094,0.13628999746021292
36095,0.48050818843896254
36096,0.39559166742184115
36097,0.03875018838794287
36098,0.7059474352233951
36099,0.5023302481942301
36100,0.18686785542701473
36101,0.07043516799664361
36102,0.03600102712735652
36103,0.41295608035574066
36104,0.5448060170217395
36105,0.42528032285531364
36106,0.7259198846216144
36107,0.3675198717675497
36108,0.4068555494266642
36109,0.2232314404602067
36110,0.4252692298054985
36111,0.5263228261629859
36112,0.5725541943356732
36113,0.40461693663202297
36114,0.26126029405121864
36115,0.45648156658624334
36116,0.03270789754067133
36117,0.5955758442645436
36118,0.389782854947784
36119,0.3748999833448804
36120,0.23579005113039878
36121,0.5409423716034852
36122,0.03648576466646496
36123,0.14893475638691642
36124,0.13933690055224146
36125,0.8986689757282946
36126,0.34100184511366066
36127,0.2455042910519603
36128,0.09148060518035257
36129,0.20487179396771496
36130,0.14061073258192464
36131,0.04610770106539164
36132,0.14117551635404538
36133,0.26409808620697744
36134,0.030570708889584512
36135,0.42837592411980985
36136,0.054983465168761556
36137,0.4937355981863994
36138,0.11043798889937351
36139,0.5094918186221647
36140,0.805833716306261
36141,0.25102813081494646
36142,0.07072862632018667
36143,0.17001454323513204
36144,0.3307469116515472
36145,0.4161645294745403
36146,0.5782638987579566
36147,0.27226455432887603
36148,0.5805768822532641
36149,0.05618895896844667
36150,0.03300117021092705
36152,0.643615859225796
36153,0.17157303763799056
36154,0.05056756143480178
36155,0.4854247660168974
36156,0.4424877569675659
36157,0.05317314897713653
36158,0.6304881806481677
36159,0.08592902916120677
36160,0.5945244588196974
36161,0.048269686239068195
36162,0.1947348644098653
36163,0.3416970436004265
36164,0.392317730128462
36165,0.3197664494131571
36166,0.5927925943099623
36167,0.5584503537804107
36168,0.587645251281328
36169,0.32027465692903767
36170,0.029646719614234384
36171,0.8601950414106707
36172,0.52577478012858
36173,0.25577053110459874
36174,0.6307610926003047
36175,0.37619263864446867
36176,0.2508532087053292
36177,0.5727537221427338
36178,0.312972318810805
36179,0.7446203297830113
36180,0.20731933372583872
36181,0.6227514765145823
36182,0.6649819250314101
36184,0.21905092796991843
36185,0.40925477993417403
36186,0.4785938992692935
36187,0.6330714002867093
36188,0.08102284258488204
36189,0.2326317104846619
36190,0.85348946926235
36191,0.029395221812283375
36192,0.5260411570550564
36193,0.04304037141570562
36194,0.04766109177236253
36195,0.8487254001933697
36196,0.03634248916714646
36197,0.33601996227446057
36198,0.20005214128977297
36199,0.6287127280467975
36200,0.05827827382444884
36202,0.1087941198402777
36203,0.7078043572344845
36204,0.20718441429007448
36205,0.08266594734936027
36207,0.5448224267219246
36208,0.13174927162854258
36209,0.8210855888832667
36210,0.20358664890525677
36211,0.546203227023383
36212,0.19273900088628837
36213,0.3504213495230488
36214,0.37911203440780555
36215,0.6846696753777504
36216,0.47851003701290074
36217,0.5095268010590506
36218,0.47257210878275197
36219,0.05082876853940735
36220,0.04380407421463744
36221,0.5394322722297132
36222,0.770160599067527
36223,0.18200164503894875
36224,0.4120607211024075
36225,0.05932781816369065
36226,0.2365864202343326
36227,0.10181401440022853
36228,0.30846442976913185
36229,0.3251799087089908
36230,0.03223079847422968
36231,0.06905780654741597
36232,0.11630710621374217
36233,0.4753803286058053
36234,0.22828438824733854
36235,0.3429805412265061
36236,0.11607253160994534
36237,0.234507602988827
36238,0.37045130664760095
36239,0.04216117858319441
36240,0.3692663352995734
36241,0.21491573400567943
36242,0.8123804902297003
36243,0.39479827280547436
36244,0.39450564286997675
36246,0.24583961429643583
36247,0.07569128672144347
36248,0.7527283439807693
36300,0.0
37001,0.6405184572271432
37002,0.8486638499225727
37003,0.20411973469373565
37004,0.716403838474602
37005,0.20134274090181223
37006,0.46778670681360657
37007,0.6795844094816901
37008,0.6571339112215565
37009,0.10070902588766922
37010,0.11118104455424557
37011,0.3193985626014991
37012,0.5228593382348846
37013,0.6256111822622767
37014,0.5539484705192348
37015,0.5935918614608507
37016,0.35412727247405135
37018,0.7069641129868672
37019,0.6986942266565396
37020,0.11159011660177787
37021,0.061526466183707454
37022,0.374992734294358
37023,0.579150505156779
37024,0.2467023019412474
37025,0.6668875135162876
37026,0.6167444285980587
37027,0.5024690409680108
37028,0.2588435793417548
37029,0.5849902249492529
37030,0.7453827312516266
37031,0.23993594163329557
37032,0.5390719431212536
37033,0.35575156454832896
37034,0.49851523829300737
37035,0.5794151302303606
37036,0.39114648551827574
37037,0.4924864159846212
37038,0.6416922058099027
37039,0.06526371808364703
37040,0.421272476583123
37041,0.05577397158456496
37042,0.4708010323023254
37043,0.07351294708445841
37044,0.44529842473818865
37045,0.09049774675346209
37046,0.5129246921152204
37047,0.9972176121714506
37048,0.4180661809263685
37049,0.29978078565753513
37050,0.7174128772048582
37051,0.42543270452159276
37052,0.9620279816111351
37053,0.28120076333175553
37054,0.2838084962356979
37055,0.28744139084744724
37056,0.3554827571701847
37057,0.5294958946961236
37058,0.23774586788874474
37059,0.9339542349902377
37060,0.17281938261210036
37061,0.4666721723942344
37062,0.36013156402943897
37063,0.8830733893461613
37064,0.3285337193366165
37065,0.5136115202222304
37066,0.35076603382887034
37067,0.5863289443390606
37068,0.9174021578805213
37069,0.5245495121594415
37070,0.1478723157664141
37071,0.5123217628542499
37072,0.5681583019731374
37073,0.13503533931446027
37074,0.321080319818693
37075,0.6418513733311981
37076,0.5392910301986547
37077,0.6044328728515009
37078,0.46745352441719457
37079,0.1657714504056844
37080,0.5430748230191735
37081,0.5644112760021701
37082,0.7519623441771927
37083,0.6412102516237237
37084,0.548736101735037
37085,0.49001242281755025
37086,0.1653686483965701
37087,0.5112233374734017
37088,0.46165358600791173
37089,0.41307959720361925
37090,0.7181928410441931
37091,0.47355020187056246
37092,0.9469123404020298
37093,0.5538509345922209
37094,0.4867218564315426
37095,0.06898034854139684
37096,0.6141140036157716
37097,0.31610410344880674
37098,0.08508497902945483
37099,0.6592168128047037
37100,0.3470798111875245
37101,0.4980299744789984
37103,0.4372065070670352
37104,0.6030207361954671
37105,0.6705134115600022
37106,0.7877559468720402
37107,0.4099592320565592
37108,0.0836034779331081
37109,0.9211670846293715
37110,0.37756306764003045
37111,0.061913234389184814
37112,0.9433949400070177
37113,0.30332756726291776
37114,0.7964186187587117
37115,0.0816066471904765
37116,0.6611260251849989
37117,0.31842599731249555
37118,0.41284457990955853
37119,0.5587900443808294
37121,0.8815496101023769
37122,0.5488215554500565
37123,0.2359937540617473
37124,0.5163195297788543
37125,0.5165360761893155
37126,0.8119756963665428
37127,0.8317038109093081
37128,0.3145681744546621
37129,0.6058519834647028
37130,0.593041564667276
37131,0.0878780484157575
37132,0.11401860531415968
37133,0.48484774236466627
37134,0.9758570461406704
37136,0.9463177609859815
37137,0.27203949476717076
37138,0.927545866222719
37139,0.9668402292024719
37140,0.530014621191451
37141,0.3785832243526373
37142,0.08699063086754186
37143,0.8982209739251688
37144,0.520231031182058
37145,0.08524619379276592
37146,0.2898650852433968
37147,0.5865454449926484
37148,0.8603788287531491
37149,0.8399243641306392
37150,0.8649468337367532
37151,0.9435427456514265
37152,0.9437676851545659
37153,0.19592841809162798
37154,0.5877457563915006
37155,0.7984535248351489
37156,0.929416642970197
37157,0.6066620913491905
37158,0.10926742390968103
37159,0.5255302237155539
37160,0.08159467941536674
37161,0.70016621641714
37162,0.45723656202041824
37163,0.22582344525928014
37165,0.8805322168959766
37166,0.11497262931756551
37167,0.06455565740980693
37168,0.1445054913319807
37169,0.5917597017922069
37170,0.03162345130408871
37171,0.9639993254526149
37172,0.3336526430173768
37173,0.4785006601760823
37174,0.0923691077128907
37175,0.9479031485726795
37176,0.08564614840239677
37177,0.5440132917957197
37178,0.5216922167168003
37179,0.32179429479020094
37180,0.4089314373851265
37181,0.27001560205249653
37182,0.9713121671588945
37183,0.10531073499232381
37184,0.39399620821494735
37185,0.18199543907709714
37186,0.620237992593111
37187,0.13364466163627664
37188,0.08844608287826018
37189,0.45059777860952877
37190,0.15817827391070918
37191,0.6817286133788827
37192,0.5112535747047059
37193,0.20276895103064735
37194,0.9195705053529113
37195,0.5624691616142976
37196,0.5961966840473052
37197,0.6104726507533625
37198,0.3623292816696998
37199,0.5752013770347846
37200,0.5475296496332315
37201,0.4932727733278206
37202,0.4964106139395529
37203,0.3584157384391101
37204,0.17420500293899135
37205,0.52623573136943
37206,0.22163792928464687
37207,0.6801717544908145
37208,0.56947535419297
37210,0.5692726692316427
37211,0.5985811877395373
37212,0.34868433242254643
37213,0.05177494290217199
37214,0.5485179475744757
37216,0.16026208189411434
37217,0.9694412202309813
37218,0.6025053860126046
37219,0.9475039354769227
37220,0.4117038100743855
37221,0.0662794371722193
37222,0.07636189213668214
37223,0.2260856424963668
37224,0.8843194165319586
37225,0.9333385016960087
37226,0.08496142160845908
37228,0.2722902226836241
37229,0.190838337403585
37230,0.09361123763267895
37231,0.05197108873001573
37232,0.5685323346036061
37233,0.5964431958364684
37234,0.3050624256434175
37236,0.18612707941352294
37237,0.9882629063267047
37238,0.49742852314119923
37240,0.0731581937937728
37241,0.20248867159965328
37242,0.35385703151297154
37243,0.6691251732189276
37244,0.5384234662224713
37245,0.17798090690980714
37246,0.0646623021451519
37247,0.05878392720226988
37248,0.5483652508218656
37249,0.6917953754966453
37250,0.46966889449469884
37251,0.4275739057141061
37252,0.1553269718395728
37253,0.4847441770254496
37254,0.5143783714132356
37255,0.5386563605856424
37256,0.5416893954299359
37257,0.46524717998142373
37258,0.5971971134698737
37259,0.45186355179052107
37260,0.43943019132988365
37261,0.6789693466648904
37262,0.406673395980469
37263,0.6015038831974003
37264,0.6170823068792956
37265,0.43984618904234424
37266,0.526938441554952
37267,0.6045616768901364
37268,0.5629757118306293
37269,0.06329724628487787
37270,0.9147054109119027
37271,0.6465488895988035
37272,0.640637566277752
37273,0.5408432159095498
37274,0.043057408037092126
37275,0.6956508624618037
37276,0.8328000173165733
37277,0.5462106069992541
37278,0.42119829861974395
37279,0.5495341233420079
37280,0.5150679115391174
37281,0.3332063563521907
37282,0.46070563401283166
37300,0.0
37540,0.0
38001,0.19497579557840394
38002,0.4234440265795129
38003,0.5230300196856774
38004,0.08865973261363765
38005,0.46071764253508296
38006,0.7199083306417046
38008,0.035903700330092256
38009,0.8005886054221935
38010,0.22255519468279636
38011,0.31777263973414216
38012,0.17616987851720914
38013,0.09016793866671972
38015,0.8253890172917635
38017,0.45636865886978883
38018,0.40933894076491045
38019,0.4958584070594393
38020,0.450655635081488
38021,0.0
38022,0.1823112760311493
38023,0.09488150326756377
38026,0.14777946283409005
38027,0.5516635265424742
38029,0.16161835927301613
38030,0.07639489683198303
38031,0.032130273839404366
38032,0.4150010776791475
38033,0.0443841382970773
38034,0.62159765030451
38035,0.7107061944507598
38036,0.043920019020778335
38037,0.7108204103641615
38038,0.8110805933666533
38039,0.7400620643717539
38040,0.6837737393087916
38041,0.6066080135115188
38042,0.5742541288106443
38043,0.7673876222047713
38044,0.7944812045059448
38045,0.7522997225030517
38046,0.8311388617561295
38047,0.8511741606743031
38048,0.7173073511624138
38049,0.4532108807507407
38050,0.1443243418707869
38051,0.7459567376897596
38052,0.3487204440952637
38053,0.19965144682798192
38054,0.09516445949045858
38055,0.12296849104800713
38056,0.4727455234349914
38057,0.5432673916642985
38058,0.47678555110298
38059,0.6178441474912632
38060,0.6448593865733271
38061,0.1614617597865246
38062,0.49871049552932506
38063,0.06447802184688654
38064,0.09810614762901969
38065,0.7590437795745204
38066,0.7504480183892204
38067,0.34000975504348785
38068,0.48403431982131034
38069,0.822273835594525
38070,0.6062823727830585
38071,0.4092211450128659
38072,0.6001373512349675
38073,0.4959339737381866
38074,0.07547748076640509
38075,0.36099155668981914
38076,0.1905412532591484
38077,0.8308380121421146
38078,0.7342330074487033
38080,0.7503757296935499
38081,0.8311914789341217
38082,0.7192244376280299
38083,0.13193861549868305
38084,0.09015600582603876
38085,0.3754630922806173
38086,0.6131610838083311
38087,0.687769493294393
38089,0.7410483211569273
38090,0.522557436911226
38091,0.8213099059076773
38092,0.34012787303579434
38093,0.35993826218083
38094,0.7276790292200853
38095,0.05444896839902146
38097,0.3135407607941075
38098,0.7818783190644716
38099,0.0405185461452224
38100,0.4231210095020668
38101,0.4931191143128457
38102,0.1377629419785927
38103,0.3749227799891476
38104,0.17279099458083216
38105,0.07702513053140839
38106,0.3495239914817152
38107,0.4914915040151245
38108,0.34317536809257077
38109,0.2924508666614307
38110,0.5203108662012343
38111,0.47004021635339754
38112,0.4878945179633708
38113,0.11069391759814555
38114,0.5031043111603514
38115,0.22243026811143685
38116,0.09743703564741492
38117,0.04955385424178062
38118,0.09661740724162488
38120,0.68678084941936
38124,0.16663066297528237
38126,0.7638692808908973
38127,0.06828196846985034
38128,0.03954859277738131
38129,0.33474128197217173
38130,0.413852350559842
38131,0.4827096210994683
38132,0.036225536822613764
38133,0.11771026425997128
38134,0.5928399461575752
38135,0.20522334675412576
38136,0.9277219362355081
38137,0.830873867583624
38138,0.251939232002184
38139,0.08659756092501451
38140,0.6947723587127262
38141,0.8282168071888042
38144,0.7151974053057881
38146,0.2310304314043854
38147,0.822502665185107
38148,0.21584199869531076
38149,0.20103658797380683
38150,0.7556547376982815
38151,0.5798909813345537
38152,0.8330124110765675
38153,0.40600049195483906
38154,0.43239197788401806
38155,0.6317190447616255
38156,0.10929774488154757
38157,0.5265282418501519
38158,0.5723674399601891
38159,0.786832380214237
38160,0.5854960155578769
38161,0.450658018404523
38162,0.15883980433099099
38163,0.6626680404455423
38166,0.4917764423677973
38167,0.828150574094639
38169,0.5564273061542262
38170,0.4460759563242998
38171,0.7289166730718027
38172,0.25449293799390327
38173,0.4198178265767898
38174,0.5510500244938031
38175,0.6627136469503236
38176,0.298354607194031
38177,0.41455917793481645
38179,0.7776508199674155
38180,0.39382483860859263
38181,0.3496404486252963
38182,0.07217748521163285
38183,0.17022543775678473
38184,0.37996250004175347
38185,0.6815528555285476
38186,0.05317825354706002
38187,0.24450402588706835
38188,0.905212384048178
38189,0.32419420110249786
38190,0.9405639667886548
38191,0.4115423942376684
38192,0.9381626016660379
38193,0.3494385921703197
38194,0.06345595169308313
38195,0.039350197886307385
38197,0.923748083275771
38198,0.72844457931108
38199,0.5610363447868281
38200,0.47893753906460784
38203,0.4872678699821318
38204,0.31261488965534323
38205,0.8439952042982889
38206,0.49847407337829924
38207,0.6283133170075121
38208,0.067718909086613
38209,0.3538155840705613
38210,0.2418987229651547
38211,0.7728601860128679
38212,0.7145623925976273
38213,0.7583137097972971
38214,0.5960785616389618
38215,0.8387107089335124
38216,0.06519689577817785
38217,0.08175926528615701
38218,0.5196780559261736
38219,0.33749381376493737
38220,0.0
38221,0.34817382833898275
38222,0.7412357384498264
38223,0.14996927042339486
38224,0.07264894765970069
38225,0.8401467666925543
38226,0.07188333259467818
38228,0.653785022403899
38229,0.7794866595394311
38230,0.13573490498313243
38231,0.8095071737650773
38232,0.5307973915247178
38235,0.0959668940420078
38236,0.5954106666622664
38237,0.5202397320374942
38238,0.6972164006984888
38239,0.1376826370803553
38240,0.6844075206631635
38241,0.03113046935580187
38242,0.08005138239146423
38243,0.08706503877057778
38244,0.7314096623004079
38245,0.7654444074658765
38246,0.3094365266814229
38247,0.18486029210091484
38248,0.1832639662453767
38249,0.7746931603778746
38250,0.878578377484774
38252,0.5843113771289218
38253,0.5310577759193099
38254,0.20821370323912555
38255,0.4983148222667993
38256,0.7072904094595494
38257,0.8256185801840705
38258,0.39583239415158195
38259,0.6864399990090124
38260,0.25223005511220004
38261,0.20134675509817004
38263,0.8088449413238017
38264,0.6000993789366317
38265,0.1317141151858196
38266,0.0689577022132926
38267,0.6427230133016948
38268,0.7881360559084224
38269,0.1417586881347217
38270,0.09048006570710825
38271,0.765048457968836
38272,0.6337382230656018
38273,0.10827695090739854
38275,0.7327406873884271
38276,0.12633803929435716
38277,0.8636022522801885
38278,0.06567847187931762
38279,0.5466920023592713
38280,0.30339963613647425
38281,0.40408246999177505
38282,0.2357044904013258
38283,0.4442668514536307
38284,0.4751650070698552
38285,0.34859734106895507
38286,0.4250711503763868
38287,0.06909274782151342
38288,0.8168055921978412
38289,0.3329045352512309
38290,0.629975690295345
38291,0.37771252629917307
38292,0.6872948408734563
38294,0.3051908991346025
38295,0.12677962661429865
38296,0.2850922256987228
38297,0.19347618879626524
38298,0.538156454653863
38299,0.03806044782893808
38300,0.4106920710840854
38301,0.08936605044161758
38303,0.5461883188207752
38304,0.13992919204363094
38307,0.36837220991697833
38308,0.7422612302326624
38309,0.77234007764124
38310,0.10809800119969319
38311,0.3946498391387717
38313,0.09982427958276047
38314,0.504273011297251
38315,0.2201870856506127
38316,0.34491671782522204
38317,0.531107475789663
38318,0.6388849760716222
38319,0.3806431615417166
38320,0.13085025775253648
38321,0.061461365012525374
38322,0.3161978552735303
38323,0.16424260504409152
38324,0.5592050785645871
38325,0.3849143623277705
38326,0.10982959867097412
38328,0.439135693106367
38329,0.03994598018239246
38330,0.8056073627188165
38331,0.08971327694610497
38332,0.08196773929194263
38333,0.611595309620789
38334,0.617554169814108
38335,0.6213056335653103
38336,0.4797041338113908
38337,0.09239616858281335
38338,0.927260564827421
38339,0.25084025336584787
38340,0.753361688387361
38341,0.36355226642922217
38342,0.0680920426329264
38343,0.20450533875129878
38344,0.5214504124518737
38345,0.10443741051799461
38346,0.7928856525130685
38347,0.47135058194072027
38348,0.1108242896863354
38349,0.6213812744303153
38350,0.6351754407202566
38351,0.8426232661987607
38352,0.28082733141966076
38353,0.7256605127360592
38354,0.7087439157329175
38355,0.38369191685622206
38356,0.3705456633559198
38357,0.15950797119001053
38358,0.8418828698402475
38359,0.6786749809754259
38360,0.556611430992382
38361,0.05520398791738658
38362,0.7657738036715324
38363,0.46528571706190136
38364,0.4841295553178466
38365,0.12123800798616413
38366,0.05975187272908527
38368,0.08712023886359868
38369,0.3626900311322227
38370,0.0779151503259023
38372,0.6613456917589224
38373,0.09944293861212747
38374,0.8171150621512311
38375,0.5180108939433288
38376,0.7303583623758604
38377,0.1797844197529734
38378,0.48442816426309854
38379,0.4212918398354602
38380,0.807801862794023
38381,0.17832599817305647
38382,0.4922188700847983
38383,0.7299317338901042
38384,0.5991284306169746
38386,0.7239015682745826
38387,0.5504142520035179
38388,0.35633180981748747
38389,0.7883322759258662
38390,0.16027033365289736
38391,0.07252981871180915
38392,0.9436583711756585
38393,0.44475177048572706
38394,0.09250461916108832
38395,0.5011135792069483
38396,0.11993293228860719
38397,0.7362686363024561
38398,0.590361654838769
38399,0.8295422484766685
38400,0.13941759882084173
38401,0.3588771925871211
38402,0.45718458127500344
38403,0.055164079883974454
38404,0.7222387601899174
38405,0.8595902041618952
38406,0.6945119613317245
38407,0.1723063687723804
38408,0.8443375347323806
38409,0.07145702098951953
38410,0.11397362139919852
38412,0.719564931498971
38413,0.051491414805424955
38414,0.03841584494116536
38415,0.26996119518162176
38416,0.06320001181607296
38417,0.8523395453462984
38418,0.4868745394730537
38419,0.09896883427668965
38420,0.6959831235013626
38421,0.6186341208554481
38422,0.7713278707861096
38423,0.541842348671112
38424,0.41009659991391884
38425,0.4845384022401913
38426,0.49512016611434734
38427,0.7150587377137405
38428,0.06171220143941859
38429,0.0690514747663305
38430,0.6776655111367097
38431,0.7329964131462131
38432,0.7575922390839542
38433,0.43358517542910247
38434,0.7281279453017394
38436,0.4859037101590133
38437,0.7598687924848333
38438,0.07202778854978535
38439,0.41800397459972
38440,0.3665091579666947
38442,0.8812554725579904
38443,0.040160487069587227
38444,0.051417858032287864
38445,0.5073936405773135
38446,0.7866006611572238
38448,0.48024090874038466
38449,0.3379269924938435
38450,0.17523828688664322
38451,0.2721280188135826
38452,0.8835417107745531
38453,0.0524717200724668
38454,0.044006981662861225
38455,0.12102927381975913
38456,0.04339519871356267
38457,0.39213769755735756
38458,0.22575480056058012
38459,0.7127425814217164
38460,0.7400625639471307
38462,0.3023640244732339
38463,0.04082609464655198
38464,0.09412145947711192
38465,0.12278073694103088
38466,0.44716073676546764
38467,0.8368528952015013
38468,0.7047672975977389
38469,0.05784513597189858
38470,0.06133843047142389
38471,0.9166683298955087
38472,0.9594166634383946
38473,0.3812799202658678
38474,0.4711619210138395
38475,0.3877501355954602
38476,0.6853057529821166
38478,0.5185661278905277
38479,0.6386912089557483
38480,0.6417062534912844
38481,0.10610821740887783
38483,0.25971747553646674
38484,0.6762372553944899
38485,0.5170013500374132
38486,0.5235072299511394
38487,0.5208091498922746
38488,0.21553478448984764
38489,0.07995816231158455
38490,0.594643263188565
38492,0.08616083097579359
38494,0.2603980484206285
38495,0.05869707987458423
38496,0.7502404019782518
38497,0.12370490334862896
38498,0.09714297406784779
38499,0.1476289860098529
38500,0.04271408852201787
38501,0.4134887924432285
38503,0.38845931810119627
38504,0.3107323630347978
38505,0.4910851067287593
38507,0.32817199868642444
38508,0.35007630317065397
38509,0.3843667275286204
38510,0.0
38511,0.45153675399004756
38512,0.8137316419606498
38513,0.06965236260737614
38514,0.3184722124965972
38515,0.9146172581107095
38516,0.5887290644157708
38517,0.0934362970711179
38518,0.08093204260475018
38519,0.742300639443419
38520,0.6939698081648255
38521,0.11076490469447761
38522,0.39399708183004906
38523,0.547411529065267
38524,0.43613764371592934
38525,0.24421443741430873
38526,0.8474496692882124
38527,0.6720749310065977
38528,0.5612705571680993
38529,0.7761878296391279
38530,0.30531396074789363
38531,0.7227777134243318
38532,0.8955732186305377
38533,0.7815542446775289
38535,0.22244651171595164
38536,0.4792111870407727
38537,0.3293014845835977
38538,0.7390286455600545
38539,0.12502494453342577
38540,0.2048262779477627
38542,0.2765237792306203
38543,0.22426877485303515
38544,0.5315581367533545
38545,0.35825992385099925
38546,0.25140658562473284
38547,0.7171595925401157
38548,0.7220699134832611
38549,0.33616772936398925
38550,0.4107130250292641
38551,0.35964949231740156
38552,0.1653645137152132
38553,0.3075324384070062
38554,0.27153175654063844
38555,0.7352565091274365
38556,0.47414321404973037
38557,0.9000089827039321
38558,0.7080897036182988
38559,0.04966718706094235
38560,0.746522278280402
38561,0.33467277207040375
38562,0.5442628269648493
38563,0.1122434628373293
38564,0.7230774736495358
38565,0.2073718933191936
38566,0.08574208796054376
38567,0.752795515529438
38590,0.0
38670,0.0
39000,0.0
39001,0.04961753601760872
39002,0.7668344046087553
39003,0.8073857138380955
39004,0.43672935426013654
39006,0.45524256121875256
39007,0.5066249043514853
39008,0.09969276685488733
39009,0.6615960528917447
39010,0.9515598576617691
39011,0.716236290423625
39013,0.3181674386757436
39014,0.055939359512644136
39015,0.183170623176293
39016,0.8556178326952351
39017,0.08541751148391771
39018,0.829636317827505
39019,0.7021389105381981
39020,0.3883869945872471
39021,0.5527138120218225
39022,0.7914562912707789
39024,0.15012104709885407
39025,0.05275404397310528
39026,0.7828709026566281
39027,0.7630571073403651
39028,0.7209308563281708
39029,0.9539275156139677
39030,0.06531134528953518
39031,0.0742604499929453
39032,0.4069238687388049
39034,0.03217974923964288
39035,0.04224203253555416
39037,0.7611862211350108
39038,0.42316855030848216
39039,0.06492273261224878
39040,0.29972113325811106
39041,0.586380373704129
39042,0.05842797237180171
39043,0.040334565856323015
39045,0.5915602300523817
39046,0.6769396475998177
39047,0.30273671186198836
39048,0.775963919815624
39049,0.03721224348478684
39050,0.18591238484735534
39051,0.0534658026172575
39052,0.5312452106257863
39053,0.33659939372665865
39054,0.036675349025532274
39055,0.4201153594573031
39056,0.6007755762259932
39057,0.7397997564018077
39058,0.6830670743010003
39059,0.7595878041432534
39060,0.9113323006229155
39061,0.657260863982907
39062,0.8372138864938564
39063,0.5013177825936271
39065,0.8267762277726901
39066,0.6229286690305234
39068,0.5555690995414211
39070,0.12689869973039375
39072,0.4886962117406585
39073,0.03415694547549244
39074,0.34534394292319653
39076,0.9693518074891672
39077,0.858549038615434
39078,0.06317458448135539
39079,0.6226629814894657
39080,0.9649613393391366
39081,0.30887224322048695
39083,0.1776354621634393
39084,0.4062708684787796
39085,0.47332990708762873
39086,0.4929319558473738
39088,0.7974968253851167
39090,0.8396598227539175
39091,0.5352631265587249
39092,0.6713475432105123
39093,0.8846237744659728
39094,0.2727934888755424
39095,0.6769199738302093
39096,0.27227757367041333
39097,0.1767592077340355
39099,0.7848397954061684
39100,0.03432201462103408
39101,0.04800607511968883
39102,0.5193291534470769
39103,0.5424830129208925
39104,0.5433055541478433
39105,0.18387950642983794
39106,0.2796072608636573
39107,0.6940124829761622
39108,0.1578304285277773
39109,0.6308942230891234
39110,0.04070779880285895
39111,0.8856735551361176
39112,0.9533912349795824
39114,0.7256740281952355
39116,0.21695911508833465
39117,0.9137627149224622
39118,0.5247217813893155
39119,0.03284950686526308
39120,0.22135775231503782
39121,0.060062700933843596
39122,0.7539152449356701
39124,0.9663731807773742
39126,0.2881191613784226
39127,0.25701250636240486
39128,0.7649813472614335
39129,0.23736451045577106
39130,0.3833093509991289
39131,0.2397600019080492
39132,0.9537379101350459
39133,0.453814934682613
39134,0.5344790192829554
39136,0.03637660408244476
39137,0.8432235618026539
39138,0.7541705320760919
39139,0.8551745533551145
39140,0.9571501800203055
39141,0.04910864857550958
39142,0.7310127764714018
39143,0.5123494775735447
39145,0.7153346352603934
39146,0.7590402883621676
39147,0.4661883318578122
39149,0.6966489988856084
39150,0.11159317217633416
39151,0.689370221480657
39153,0.18880183749366086
39154,0.6280618596919011
39155,0.41938488068381485
39156,0.6410452588513771
39157,0.5423503747841408
39159,0.03297441293989801
39160,0.9070565630018705
39162,0.047746586210307244
39163,0.5302279217046018
39164,0.6268279855962867
39165,0.15186471354533196
39166,0.7842634479432897
39167,0.611261159732713
39168,0.5722165686504803
39169,0.6358683769383972
39170,0.050338307444053695
39171,0.0451523994490425
39172,0.13240190840052585
39173,0.040697115682168765
39174,0.68791181156278
39175,0.3550984168813244
39176,0.645340107977973
39177,0.6978866043674049
39178,0.2258913625785577
39179,0.26967075635649995
39180,0.9643207030260277
39182,0.06351596558498396
39183,0.17441035481644154
39184,0.3955387322549049
39185,0.04068364082491946
39187,0.181549664068326
39188,0.2781241545953565
39189,0.05751325766686144
39190,0.09402119696049228
39191,0.0423506113414448
39192,0.6850334187288031
39193,0.03691144136142814
39194,0.05855445639173652
39196,0.9599759932060318
39197,0.04234076571905804
39198,0.054261271942712345
39199,0.05388601516686253
39200,0.47844619405211586
39201,0.7303535524966135
39202,0.44879444382777683
39203,0.14485688166698749
39204,0.8623413614646885
39205,0.07802025992246146
39206,0.8001530140605376
39207,0.4271455418963392
39208,0.25283008247219824
39209,0.633054740621217
39210,0.14877974491963794
39211,0.9586438754852441
39214,0.15897839649631068
39216,0.48739118724586983
39217,0.6059522797555082
39218,0.09074191454366885
39219,0.10358704831333063
39220,0.06160523015915302
39221,0.14209600155592972
39222,0.7890164315249604
39223,0.6203480918806814
39225,0.785933090637276
39227,0.7221418915491234
39228,0.5635811719088788
39229,0.0461742690797218
39230,0.7257168601809069
39232,0.27443817198569387
39233,0.06088520080492991
39234,0.9614748784592289
39235,0.11839707480816862
39236,0.9057800575683403
39237,0.34201985607795815
39238,0.4012125365250506
39239,0.47614902522989677
39240,0.21965573516699508
39241,0.046238342374496984
39244,0.5216053727942268
39245,0.8497393707362203
39246,0.06973748277240932
39247,0.8314522996640986
39248,0.4349974344065671
39249,0.9129014814665203
39250,0.5877012020851358
39251,0.7417230166091677
39252,0.05776330291212362
39253,0.9490144674829005
39254,0.5460145236791957
39255,0.7194661558122798
39258,0.27084818809039235
39259,0.5865435610884997
39261,0.8513869895816241
39262,0.052701069243191026
39263,0.5227868073039544
39265,0.5531501939387684
39266,0.9575596792596441
39267,0.4477287103111802
39268,0.5104694931033752
39269,0.40826486127445083
39270,0.0570756201512016
39271,0.28343238614055855
39272,0.7902910429667485
39273,0.8618847063356154
39274,0.5956362199923043
39275,0.5452690085097927
39277,0.2329602403697559
39278,0.45490204157923797
39279,0.04879345753275151
39280,0.4954001607510996
39281,0.12891616116803684
39282,0.33296950478266696
39283,0.4551705655825774
39284,0.10822956339925507
39285,0.07973499406499907
39286,0.38924813652029355
39288,0.5916365263709967
39289,0.37927444085279405
39290,0.7967600857183396
39291,0.3957591372406922
39292,0.12299666624427723
39293,0.3905467267110521
39295,0.845297918853993
39296,0.08387702110408979
39297,0.3648285869196775
39298,0.16147201104561149
39299,0.7444873589150072
39300,0.7504396130108208
39301,0.17048071537510442
39302,0.08906909917951095
39304,0.6039190728837106
39305,0.040500731098373134
39306,0.6216462058107596
39307,0.27640192788754203
39308,0.07334487082019812
39310,0.059336472293570475
39312,0.9393751495045094
39313,0.6955912978138861
39314,0.47338760150248094
39315,0.4652409669658942
39317,0.7399300509540523
39318,0.38492126320547493
39319,0.7073050863161829
39320,0.7607433946197005
39321,0.7506592633843824
39322,0.4788463871312918
39323,0.0513729575752211
39324,0.45666289004167526
39325,0.4323255535286344
39326,0.7046956189487853
39327,0.7682604015069101
39328,0.2586839939925608
39329,0.17474566798158137
39330,0.33269123925121674
39331,0.2313056585112824
39333,0.30872088373486944
39334,0.6434743357959092
39335,0.04728438122551767
39336,0.2088232376066857
39337,0.6473478086525997
39338,0.8687726353890975
39339,0.483809471079418
39342,0.04146075498020183
39343,0.9419278471110362
39344,0.7804922784280622
39345,0.06058404264741754
39346,0.7158182931624826
39348,0.6750385981336605
39349,0.6294575479243253
39350,0.7650471621183985
39351,0.48096515661321715
39352,0.08548034759514347
39353,0.9702651026418165
39354,0.033803254463944075
39355,0.48114960624287617
39356,0.7294906442464238
39359,0.8689488210977189
39360,0.3698483662149046
39361,0.3443709565251435
39362,0.6508976531978744
39363,0.9419408567944592
39364,0.1806116255683809
39365,0.6994772097199153
39366,0.42876507404127173
39367,0.42921872183389326
39368,0.376178222934794
39370,0.5577908161965214
39372,0.1070490778672628
39373,0.6225779722157168
39375,0.584169720911007
39376,0.1347723104422391
39377,0.2807935560397458
39378,0.0602500780956592
39379,0.6352666966010596
39380,0.9410299624893786
39381,0.10429847383361751
39385,0.9276090673205108
39386,0.032718817300991083
39387,0.03903210948229187
39388,0.7373091904217274
39389,0.19740689238499345
39390,0.501797866607257
39391,0.13793625747868962
39392,0.39789747475775894
39393,0.15598228926433164
39394,0.3153735842579936
39396,0.07457598588651877
39397,0.45289120579759645
39398,0.7402911500390186
39399,0.7584845596360997
39400,0.11498477065874896
39401,0.033515270340601
39402,0.782527991402358
39403,0.5749845071090335
39404,0.6386789798885409
39405,0.045821832211718455
39406,0.177448022035513
39407,0.3119662976853028
39408,0.6528218942654971
39409,0.41401356998740707
39411,0.6928699847851927
39412,0.7838377605717161
39413,0.7481107426347295
39415,0.6998699539266661
39418,0.8456404246941719
39419,0.20583643835223378
39420,0.9493691060793162
39421,0.6512055766549846
39422,0.6356435782813492
39423,0.5122723391210784
39424,0.23681557596926242
39425,0.4701705628988757
39426,0.3283281889747859
39427,0.15211309226836928
39428,0.15447121870978212
39429,0.96011764729254
39430,0.08366349805772659
39431,0.5018753479362457
39432,0.36778542374650264
39434,0.2718951336749976
39435,0.6419498665126456
39436,0.44185447000289824
39437,0.825230502625654
39439,0.5128069411453204
39441,0.4996855446801647
39443,0.527602153963439
39444,0.45539432001065966
39445,0.5608906466957079
39446,0.47509223722163546
39447,0.05866158398431582
39448,0.03802948427183364
39449,0.052323812540220775
39451,0.08592586813095189
39452,0.109113641912138
39453,0.3814992840545291
39454,0.054140792371886244
39455,0.5317687391948841
39456,0.6517828658935368
39457,0.043096192034492435
39458,0.6186038137887622
39460,0.42474265324846117
39461,0.16133586973201927
39462,0.05865462728061921
39463,0.4273883266829253
39464,0.0881102614825835
39465,0.11831507335059774
39466,0.6866170181716473
39467,0.7233720754678719
39468,0.9619210102269976
39469,0.08301474125800962
39470,0.3579947080310719
39471,0.05685862913931964
39472,0.9505944676828009
39473,0.5039112724689421
39474,0.7742979716671526
39475,0.04210771533221466
39476,0.7943458313831481
39477,0.8530583304266537
39478,0.3716753188226004
39479,0.5646661426003909
39480,0.6048016805896572
39481,0.13788347072135315
39485,0.6866879696463046
39486,0.3290876472314161
39487,0.374830314816724
39489,0.2860253303035279
39490,0.7736338853360548
39491,0.3191454294005195
39492,0.5840105192132423
39493,0.460120813431431
39494,0.27257090102496867
39495,0.41191242542685214
39497,0.3902447076949905
39498,0.11962724290247909
39499,0.75919989195575
39500,0.3993838268072332
39501,0.046332520486918626
39502,0.9166088305775102
39503,0.15285863849008224
39504,0.3069102710452417
39505,0.5943554450359033
39507,0.04839030964003486
39508,0.04597176886803757
39510,0.5281884399733667
39511,0.9605843369245107
39512,0.9640157414887586
39513,0.06257443198609365
39514,0.9495020906775679
39517,0.1331155502167129
39518,0.564298298903516
39519,0.5010204066178656
39520,0.037077438580665215
39522,0.5416313358542387
39523,0.22490810256161828
39525,0.8618160806194166
39526,0.057445869521143986
39527,0.07246206175333159
39528,0.26528555453756375
39529,0.44671837366802153
39530,0.814868479354778
39531,0.2775250609216092
39532,0.8523298319852068
39533,0.04487267181202583
39534,0.4505094631508036
39535,0.27708497509619895
39537,0.04810292635037039
39538,0.6309477410609654
39539,0.4614283163286831
39540,0.18698561496551686
39543,0.1540339530492614
39545,0.22352477523101993
39546,0.7016398757827645
39547,0.4275838575391982
39548,0.2885640334683317
39550,0.8433558149930591
39551,0.704748913012395
39552,0.6137268462886792
39553,0.5856337988848028
39554,0.17847223137073256
39555,0.04719437493710449
39556,0.6447935915705434
39557,0.8517168172524202
39558,0.8118090333987068
39559,0.9697328467741816
39560,0.5826943637426212
39561,0.37241820608107074
39565,0.6636096386788946
39567,0.7121080926508374
39568,0.3009657398002894
39569,0.5831127251266027
39570,0.8569062369173504
39571,0.032989626839534325
39572,0.5087035046758233
39573,0.07873102080564003
39574,0.6478377230952374
39575,0.06283124516362648
39576,0.0452617523206839
39577,0.057022464877128295
39579,0.48545078979567624
39581,0.6974797466884544
39582,0.5702635618987164
39583,0.7435080596047013
39584,0.08214876751552896
39585,0.531117813006316
39586,0.4487418141837506
40000,0.0
40001,0.3626104240953304
40002,0.5963073550364255
40003,0.934668525795383
40004,0.4244221886305642
40005,0.7221452636445712
40006,0.35747456828240654
40007,0.6577281822334342
40008,0.9825594366021383
40011,0.5880234678878559
40012,0.5030046738746063
40013,0.4633580427784954
40014,0.0609510022717559
40015,0.1847303554379954
40016,0.7590128225317029
40017,0.3186114607235865
40018,0.41998367834760825
40019,0.7280348317769009
40020,0.3438767665494262
40021,0.639214367055671
40022,0.2750163429892661
40023,0.3953274407418489
40024,0.3277701019813652
40025,0.32781689049353047
40026,0.35732501995059773
40027,0.6793690522717973
40028,0.5404361358793022
40029,0.7764903423676629
40030,0.08370150112255136
40031,0.4304477400524961
40032,0.3222013663827138
40033,0.19015221446548666
40034,0.7135053833674105
40035,0.8976896736099035
40036,0.5343671143539864
40037,0.22469089835020506
40038,0.44413697336205127
40039,0.12464270376619944
40040,0.5085765798334234
40041,0.6349052546383098
40042,0.883458525911819
40043,0.83206992653674
40044,0.8897373048449838
40046,0.6533925243801341
40047,0.6692674894287616
40049,0.453566728704284
40050,0.1344674008251794
40051,0.17939082134881026
40052,0.3458754649518076
40053,0.038533391177586473
40054,0.6328545049952685
40055,0.32555165685013904
40056,0.15298152637012213
40057,0.7397433030139461
40058,0.05946739028188748
40059,0.8650573790363376
40060,0.03214555263887033
40061,0.26781434608406385
40062,0.24331297595819962
40063,0.7686406831563113
40064,0.8341173130878252
40065,0.5795618571490746
40066,0.18405272139471907
40067,0.20207684435413434
40068,0.6938458571128041
40069,0.6358301949247328
40070,0.4279314445624043
40071,0.7543442257861666
40072,0.6550936519897022
40073,0.7253105646558835
40074,0.5138322143164434
40075,0.5516726856722111
40076,0.4914657035640262
40077,0.5468654392587233
40078,0.4235778505338619
40079,0.5918489300658621
40080,0.28540911671741537
40081,0.22829305869036753
40082,0.7124583793033473
40083,0.6028454922124605
40084,0.7602631386907436
40085,0.33810708479668256
40086,0.6508521746370245
40087,0.07837317740006358
40088,0.8533355735290165
40089,0.31075322745703027
40090,0.6056423388250052
40091,0.31793679520909185
40092,0.4224372304913493
40093,0.14563444302785747
40094,0.20001331240163328
40095,0.7379230434562155
40096,0.07529865776034816
40097,0.6774389259593758
40098,0.3258676718521208
40099,0.6746759868633029
40100,0.2019870930045663
40101,0.8918548103709772
40102,0.19221944450784884
40103,0.15670386841130843
40104,0.7043719161814966
40105,0.09200110608634181
40106,0.7499727156479197
40108,0.767498748532966
40109,0.49650172620584976
40110,0.5929023821209102
40111,0.4309751193511986
40112,0.684876870432726
40113,0.6915312403667738
40114,0.9032987487458468
40115,0.678359363379795
40116,0.3253878789412893
40117,0.4820569494787785
40118,0.36675572217506924
40119,0.574771542483599
40120,0.6277111602402491
40121,0.39026980492863395
40122,0.20513292878599995
40123,0.5120079755267475
40124,0.07253680836308446
40125,0.8837834352290632
40126,0.700866059133618
40127,0.3999791500431129
40128,0.42457734724108215
40129,0.6893782715172458
40130,0.55225269132216
40131,0.1011894026303245
40132,0.43760490858798445
40133,0.6607137585011532
40134,0.41258824215851375
40135,0.031938838662921035
40136,0.8127634258141334
40137,0.2775817091262701
40138,0.503788701552551
40139,0.3191826370977678
40140,0.10929856027003192
40141,0.347096072661155
40142,0.7337739912070042
40143,0.772741382498051
40144,0.4140258663719859
40145,0.7013099089819892
40146,0.24237026282647942
40147,0.3586818248134571
40148,0.18750983767527105
40149,0.037509720379566736
40150,0.3744754231501919
40151,0.6928477056376
40152,0.5997068988592706
40153,0.25687927910362607
40154,0.8784143763558153
40155,0.8114735150083668
40156,0.46081448826958976
40157,0.8018524419884742
40158,0.06388925210559783
40159,0.7124683245588717
40160,0.5627539673571841
40161,0.08397716040714837
40162,0.14628790070136272
40163,0.35920821861090435
40164,0.039576015700571676
40165,0.18941317216811931
40166,0.46154241233420645
40167,0.02898753887804962
40168,0.42344664510954144
40169,0.050071483266602004
40170,0.7114353399484353
40171,0.9834786579004119
40172,0.5372592833891153
40173,0.6514990238467355
40174,0.5858819181270896
40175,0.4371365520077077
40176,0.1526649700491185
40177,0.36491668026265434
40178,0.32601207993102604
40179,0.8611452700387788
40180,0.22201736755748688
40181,0.6872802490785881
40182,0.7692416960880255
40183,0.7461095053917275
40184,0.74648525308578
40185,0.20177392439004171
40186,0.7700522843271427
40187,0.6843636699935656
40188,0.5738520821286714
40189,0.6332363266382518
40190,0.4239570733858338
40191,0.3894444885557024
40192,0.37698515937451865
40193,0.5508732752741864
40194,0.6760789069142674
40195,0.37310327364043666
40196,0.3777302012062376
40197,0.3562346117865326
40198,0.8566023132997181
40199,0.6471288166733965
40200,0.39452694605351935
40201,0.3536284044078632
40202,0.830317700375865
40203,0.5798631363529804
40204,0.38890852280416627
40205,0.6831079520483084
40206,0.5240313448942103
40207,0.826190154990492
40208,0.667372338483492
40209,0.6886056741852932
40210,0.33166015633192797
40211,0.6945824780516576
40212,0.5739166281504259
40213,0.5865384216823458
40214,0.556189761520873
40215,0.40317830934113547
40216,0.8133783216736229
40217,0.7477900749955313
40218,0.11598561810552341
40219,0.7381499608976325
40220,0.6800628704170328
40221,0.507716473526448
40222,0.682959353225705
40223,0.7695741892464898
40224,0.5862036557895599
40225,0.34048033796303245
40226,0.40407829963526204
40227,0.3923961719748531
40228,0.5891804992650023
40229,0.563975389593348
40230,0.7232439592571493
40231,0.554652973394097
40232,0.6335536485317008
40233,0.741325815777709
40234,0.11559658398980865
40235,0.6294770981776755
40236,0.701462895549726
40237,0.687147324137598
40238,0.39918079328045636
40239,0.6784625545828852
40240,0.6467459640484275
40242,0.05549556042224233
40243,0.8629949158901827
40244,0.5061051938718757
40245,0.08604066752832812
40246,0.3805027673933335
40247,0.20489786377841174
40248,0.655627311967053
40249,0.36461070848075205
40250,0.17533305478649108
40251,0.9315183517649362
40252,0.4131881409850098
40253,0.3398126450076771
40254,0.8190702043826017
40255,0.15714162487961017
40256,0.7076695638767684
40257,0.6511358758413671
40258,0.16921647151052643
40259,0.42619432835667614
40260,0.6683300075027909
40261,0.5387636276390522
40262,0.03190369148129517
40263,0.5451738304323485
40264,0.6166941749910227
40265,0.11700526924817704
40266,0.6788459879847638
40267,0.13852704818882594
40268,0.711185743665124
40269,0.7199840138845035
40270,0.6434873835938427
40271,0.6692104066718326
40272,0.8357251592659474
40273,0.652005236368179
40274,0.23645000274086944
40275,0.6521281755535557
40276,0.7730291618747273
40277,0.8226339548091494
40278,0.6204508433148938
40279,0.8244078677285922
40280,0.21231361257672135
40281,0.2682918485816205
40282,0.4285332756345732
40283,0.7649264129190443
40284,0.44312638700480805
40285,0.13207839435011884
40286,0.7763883358002092
40287,0.9159157125281081
40288,0.08320500000272604
40289,0.7014249687979044
40290,0.20788507470963952
40291,0.4176329314312793
40292,0.777852606649921
40293,0.47863564875231757
40294,0.8061754486800726
40295,0.567854390438821
40296,0.3823734071951379
40297,0.03371218861453858
40298,0.4177461131692681
40299,0.4584020708270435
40300,0.8465294186575627
40301,0.8535479345889119
40303,0.15726002871278627
40304,0.422740336302071
40305,0.24324132610055524
40306,0.4259613506665209
40307,0.16772187670553723
40308,0.8042342085474401
40309,0.2020639174145691
40310,0.5231038280835955
40311,0.5394432846769995
40312,0.7124894458500822
40313,0.2324508607775712
40314,0.903019197436115
40315,0.7394330974630169
40316,0.5351960408802886
40317,0.36538062402171434
40318,0.4024660122604102
40319,0.7749347653330675
40320,0.24119892817747957
40321,0.6832677534084026
40322,0.8607937861586621
40323,0.035877373119742956
40324,0.5260573934754182
40325,0.648652493285466
40326,0.7528071210557088
40327,0.06706928426333561
40328,0.7592487198239816
40329,0.46120906316288096
40330,0.38665980101959263
40331,0.39882020853441713
40332,0.4180528341074239
40333,0.324384162655832
40334,0.8517268426790077
40600,0.0
40800,0.0
40990,0.0
41000,0.0
41001,0.46575843425991803
41002,0.039757651775773326
41003,0.37501202453068955
41004,0.3362700602889519
41006,0.6090583786539763
41007,0.4887232478258941
41008,0.4206151855234554
41009,0.7226245841004056
41010,0.2891649882018583
41012,0.44777016834030625
41013,0.6738989557428552
41014,0.3148739430982693
41016,0.055021420156542336
41017,0.710715131793677
41018,0.5507010154631458
41019,0.8833586968428107
41020,0.4544501627919315
41022,0.7036680163319586
41024,0.5945569769476803
41025,0.8837498564576288
41026,0.3036297711998444
41027,0.8790942585934105
41028,0.2541877327081409
41029,0.8458077053635397
41030,0.5384568575391186
41031,0.6857879947209395
41032,0.6713785305085741
41034,0.8446916729805193
41035,0.677814925492983
41036,0.7281941465678499
41037,0.6811851263121038
41038,0.05504585643178895
41039,0.4444444444444444
41040,0.7108157718278336
41041,0.5974774853051735
41042,0.47116887977324656
41043,0.042076412245016355
41044,0.14567986071891945
41045,0.7977462305458715
41046,0.17465325704897045
41047,0.7324405108295429
41048,0.6979756391261903
41049,0.05295359179389109
41050,0.568052527058436
41051,0.12247440861068472
41052,0.6342136120313068
41053,0.45960144462419106
41054,0.5987815956556095
41055,0.815866922766644
41057,0.9006021503408981
41058,0.8732288227645421
41059,0.3588285492420807
41060,0.5546806722654702
41061,0.627188397373543
41062,0.6309893282971354
41063,0.39140875573258516
41065,0.2872712382835583
41066,0.46191976070529656
41067,0.6009520845945736
41068,0.9292633873853082
41069,0.5605043021803527
41070,0.3465156698714701
41071,0.8712552832659467
41072,0.30176233066482355
41073,0.3226167413524491
41074,0.6402424231644093
41075,0.4438938993499677
41077,0.6875528211258327
41078,0.30694992100499163
41079,0.3126971608567459
41080,0.038173684167764205
41081,0.938072215790486
41083,0.9068377593739797
41084,0.10118002189123985
41085,0.9634774976963038
41086,0.34924399210786683
41087,0.5007482907675087
41088,0.37075841284348315
41089,0.4923134636520588
41090,0.8036262202954069
41091,0.540221183537765
41093,0.37398222656535196
41094,0.8087480042479125
41095,0.22155844707708128
41096,0.5543604369827669
41097,0.058259417819526094
41098,0.6355013809873158
41099,0.08813455342622724
41100,0.4436501175096789
41101,0.4378300846932337
41102,0.34937808610479537
41103,0.4988088109320767
41104,0.6826456313281345
41105,0.8836384022645427
41106,0.1150958026984375
41107,0.5675702347801964
41108,0.9755495631648657
41109,0.39643929870075084
41110,0.1231471847947353
41112,0.09527286564059236
41113,0.5442052028405259
41114,0.3921348990865454
41115,0.2349166964701748
41116,0.32219271190822496
41118,0.91777467915963
41119,0.8556134197770646
41120,0.46464573961838873
41121,0.8610176496767109
41122,0.13295739449738028
41123,0.871481381350972
41124,0.3201683779808627
41125,0.8773926671782191
41126,0.045719783857338006
41127,0.9055662350478515
41128,0.5398454740899677
41129,0.8731338378253706
41130,0.9084851774560541
41131,0.3511755033349337
41132,0.04044934771725057
41134,0.5857418893070132
41135,0.13078934703773007
41136,0.4724718086465701
41137,0.766318101518572
41138,0.46545803435841887
41139,0.34126994848083486
41140,0.8370851728688868
41141,0.48357147768308867
41142,0.4527196402233997
41143,0.5789393306991146
41144,0.7905364395429991
41145,0.8709884031736183
41146,0.036996694303715445
41147,0.8600687270545898
41148,0.9073525913757907
41149,0.5618121768493919
41150,0.6639461614492609
41151,0.04287592320007462
41152,0.7486667377156683
41153,0.5133028748051782
41154,0.31969219530956905
41155,0.8884120499561425
41156,0.5062704493180623
41157,0.3593047984197163
41158,0.40878441768195395
41159,0.8989794055150792
41160,0.8620400958456437
41161,0.0935547254109926
41163,0.30256766062056967
41164,0.04690972722242121
41166,0.7256080309139371
41167,0.8206246643644042
41168,0.1260813790923585
41171,0.672476710133443
41172,0.5126317295574215
41173,0.5907153939914513
41174,0.4072708846782805
41175,0.27496553086684483
41176,0.6274238518203816
41177,0.5418060619032715
41178,0.8592652359463304
41179,0.6291869851490519
41180,0.0405349739967817
41181,0.03842048961488917
41182,0.61937667131288
41184,0.49518202316138465
41185,0.09860777977194989
41186,0.3528158097747487
41187,0.30920022913252354
41188,0.8906948332577651
41189,0.6794669652906247
41190,0.3966479358195254
41191,0.8627880314400835
41192,0.5453231887828225
41193,0.7228647193432335
41194,0.09833210251457779
41195,0.056045390479178614
41196,0.7948257583836472
41198,0.06735042228234023
41199,0.597263179423376
41200,0.3111763633056754
41201,0.49469041963309807
41203,0.4721041929530128
41204,0.5575797421817938
41205,0.17169960482575433
41206,0.6086102780111292
41207,0.8934560931771377
41208,0.22857705656849414
41209,0.3760937044458983
41211,0.12333461452238895
41212,0.654046187381694
41213,0.5465404170476564
41214,0.3405229258930396
41215,0.5108397401321237
41216,0.3696249208916494
41217,0.0383191900531187
41218,0.05517595175175204
41219,0.7102929522639
41220,0.3459173758672174
41221,0.5045604444404789
41222,0.12058781208751788
41223,0.43711316312570114
41224,0.5835519789841761
41225,0.45377505020617326
41226,0.39383604264600025
41228,0.5214462479399786
41229,0.04055436776610594
41230,0.49997355409155564
41231,0.07924560983819119
41232,0.10394357954002645
41233,0.7057392389868611
41234,0.3770957452963988
41235,0.25467529766901514
41236,0.5279681132243175
41237,0.7063549818928276
41238,0.2754020852962005
41239,0.6188206775574405
41241,0.6142496495468053
41242,0.5487322302244384
41243,0.9756192805450477
41245,0.3955060532054805
41246,0.6648750864081505
41247,0.34053250380784006
41248,0.3416197417521149
41249,0.6010655581545875
41250,0.2922013908142247
41251,0.6828389163046014
41252,0.46549819571102236
41253,0.4210369377318195
41254,0.30733152589976437
41255,0.4195356520708397
41256,0.09694323589249258
41258,0.04011361434152689
41259,0.3747090902776324
41260,0.8618838380992032
41261,0.6438103015218101
41262,0.6100566568179013
41265,0.4177075956935237
41266,0.8517370554818146
41267,0.052155446934130684
41268,0.37855402881180195
41269,0.5250930049955604
41271,0.88135366239255
41273,0.18817827007958104
41274,0.5668871872293844
41275,0.2620227875527008
41276,0.6504243263330632
41277,0.36766576800396655
41278,0.5405755853759396
41279,0.3845195174539165
41280,0.08210938060393072
41281,0.6837164894083552
41282,0.08198926482758925
41283,0.6383909803025389
41284,0.860250651870207
41285,0.9512417076562828
41286,0.5468793086744139
41287,0.3142633651040819
41288,0.5357423189908456
41289,0.7403088967496543
41290,0.6272472364532883
41291,0.9430169711570141
41292,0.45564142651152534
41293,0.3064901053272568
41294,0.42869160039985876
41295,0.5655698907627339
41296,0.1001457948691819
41297,0.11174374132100708
41400,0.0
41800,0.0
42001,0.5953615256534296
42002,0.8267632474703246
42003,0.04713579913903505
42005,0.27284009339429655
42006,0.17274531841255578
42007,0.8403149389698574
42008,0.6639574147732207
42009,0.5239279051685964
42010,0.8553631232045315
42011,0.04893055874336443
42012,0.36230462622880866
42013,0.49461988648412386
42014,0.31612743995514564
42015,0.5111106915263379
42016,0.5607326286776603
42017,0.31829290851641484
42018,0.7817685149329533
42019,0.7286301269469033
42020,0.06792154437911523
42021,0.537703636288375
42022,0.23221792748134798
42023,0.22646384854348028
42025,0.9483469413780294
42026,0.5817120470091582
42027,0.6980213175272472
42028,0.03773414702206735
42029,0.5385429844215164
42030,0.07833276984258367
42031,0.6586751344727451
42032,0.644656438931389
42033,0.8515364838945758
42034,0.42916022930040126
42035,0.7304034540946218
42036,0.6182593540247423
42037,0.7490671793752307
42038,0.06148104813234007
42039,0.7581678231050542
42040,0.8277502057644762
42041,0.07059827130783107
42042,0.9101858176755439
42043,0.27412316559971883
42044,0.6566606321607379
42045,0.9093608808263017
42046,0.49811078571342954
42047,0.5218627060562114
42048,0.7508443335532414
42049,0.04287933179966769
42050,0.3536610025719719
42051,0.6593514700797812
42052,0.7637507218041508
42053,0.5764965614535701
42054,0.535132533897443
42055,0.9395665336308653
42056,0.715246737551838
42058,0.4259561073050972
42059,0.5236554986778781
42060,0.4478230446180636
42061,0.6901251932908784
42062,0.8288335849098231
42063,0.24820063382147173
42064,0.7019195638706138
42065,0.06418649721428231
42066,0.05953285296634658
42067,0.2584024854132177
42068,0.714367032931007
42069,0.08350956395759399
42070,0.5521076396313457
42071,0.12398751465810769
42072,0.7797584160534792
42073,0.5038503882314802
42074,0.6715980930631251
42075,0.100543199966959
42076,0.694691611021971
42077,0.05697496851792831
42078,0.030082656674517774
42079,0.8613104048832564
42081,0.08832116383155696
42083,0.4088131622243913
42084,0.7941506481380076
42085,0.29587083897857397
42086,0.5854800612178026
42087,0.48833819550846874
42088,0.449198995094171
42089,0.4108131984709593
42090,0.5246708925995855
42091,0.2715952865323699
42092,0.3816211857109915
42093,0.6178406894528132
42094,0.11393424699734975
42095,0.6324475035047221
42096,0.9740213659786721
42097,0.3152929935841951
42098,0.27250725658245417
42099,0.6066204995774213
42100,0.9702345824703916
42101,0.2786500143323016
42102,0.953253178971694
42103,0.6429949678865984
42104,0.7999061705819153
42105,0.05741146224168986
42106,0.893722983907166
42107,0.378968982185075
42108,0.0722389864005028
42109,0.7964164324608296
42110,0.6722126595005263
42112,0.9334919456630083
42113,0.5466693593932412
42115,0.7643028744077712
42116,0.8079943417514073
42117,0.5262794331588402
42118,0.32710001924367615
42119,0.7569825888666847
42120,0.6622697871675532
42121,0.4693639641566521
42122,0.4291921417502451
42123,0.6266554779390051
42124,0.8268795774853479
42125,0.8854217321937456
42126,0.4744630888003026
42127,0.09221355834367236
42128,0.25543888847149415
42129,0.6978413705665257
42130,0.07199828921349635
42131,0.6894638169501132
42132,0.72622059604026
42133,0.9608650187486655
42134,0.5904617852043098
42135,0.07024442839633704
42136,0.5278515444762426
42137,0.5154886970433574
42138,0.40246086249320623
42139,0.7380810939195513
42140,0.33118861623398566
42141,0.7306670220401669
42142,0.22381217432321085
42143,0.0502460625341245
42145,0.7117392855149752
42146,0.3793310702920984
42147,0.6091317528974355
42148,0.7381227114525442
42149,0.08205794198049712
42150,0.6018312542938434
42151,0.05750371979632578
42152,0.7143070891520531
42153,0.05858235506285046
42154,0.4764027505841986
42155,0.0430585845694881
42156,0.050325103331794026
42157,0.05413282161677598
42158,0.5343777985622897
42159,0.34831440161484584
42160,0.8272944937840502
42161,0.07498429262036163
42162,0.5522741042051896
42163,0.03469247013280167
42164,0.7726525771979349
42165,0.49898941459868024
42166,0.08469085004152072
42167,0.9139130243402058
42168,0.8944396686630036
42169,0.6380123187504076
42170,0.08421319368184396
42171,0.047888141721808955
42172,0.35006277057693413
42173,0.03843694272282075
42174,0.05825392607654168
42175,0.5426248002597529
42176,0.06843817671447439
42177,0.6176300548965693
42178,0.06807116052920331
42179,0.6606120376502043
42180,0.06081090831074375
42181,0.36256287195914055
42182,0.45888732038823404
42183,0.7166538948994498
42184,0.11501357222716227
42185,0.0993417438851127
42186,0.6032937274465828
42187,0.19701624792472677
42188,0.569730809983384
42189,0.3445372757858008
42190,0.0
42191,0.8983329990389024
42192,0.5393271326566824
42193,0.5686864505522237
42194,0.029244831528296156
42195,0.7218422937277714
42196,0.7988818204225371
42197,0.5449837506845124
42198,0.6506612813755275
42199,0.4804126858034441
42200,0.569743084920757
42201,0.1114825836969764
42202,0.5052018356623709
42203,0.031022696716355887
42204,0.5366881309189258
42205,0.4564308814114746
42206,0.27269988891156083
42207,0.3918452014779114
42208,0.956508971804986
42209,0.545720259523763
42210,0.5908408926884479
42211,0.22317877580003884
42212,0.06549031433885236
42213,0.2747012380771229
42214,0.5771432507828675
42215,0.7306056930722473
42216,0.8186285130519693
42217,0.7706949873010468
42218,0.4713756646483848
42219,0.6881578812222579
42220,0.04936774579613073
42221,0.043843234724964396
42222,0.7627864183058652
42223,0.3651682432412784
42224,0.2884902840175394
42225,0.611489427697418
42226,0.040265849301494655
42227,0.7086764653415208
42228,0.5346618592496992
42229,0.202990732366132
42230,0.26095653319812223
42231,0.05679484734550803
42232,0.5357412777580579
42233,0.05052890596839725
42234,0.30811048861305446
42235,0.35315180168883487
42236,0.6426515706702584
42237,0.5197563766668396
42238,0.3236816754094944
42239,0.6649765196375702
42240,0.4439337469148274
42241,0.05025200339599851
42242,0.5709085259848412
42243,0.2735098603183531
42245,0.41755358770056417
42246,0.10371703976247944
42247,0.7968221412715032
42248,0.6696263154452704
42249,0.05970700479897832
42251,0.5001734987722721
42252,0.782567975223463
42253,0.08350945678727965
42254,0.05268199069643869
42255,0.7118130865977861
42256,0.6358415220935633
42257,0.029412094193539896
42259,0.5885364458215049
42260,0.6344914763181435
42261,0.5346843388721567
42262,0.8846441672363778
42264,0.822560642986379
42265,0.7193531868723041
42266,0.40131983253026243
42267,0.5906702320569625
42268,0.27248275573580755
42269,0.7717393062748124
42270,0.6499092517679326
42271,0.6276550436075161
42272,0.7085810329080893
42273,0.557395740210092
42274,0.7633401578681648
42275,0.4454464258099704
42276,0.6346430990759557
42277,0.0543826079198845
42278,0.38985220864209524
42279,0.25775777935441785
42280,0.9187502682263072
42281,0.640569591894155
42282,0.474943364223761
42283,0.9550612451335893
42284,0.07009834123390613
42285,0.5422499641600882
42286,0.6596082260224989
42287,0.6344425319814241
42288,0.7279055878482987
42289,0.06374285709176343
42290,0.5150348229957775
42292,0.0
42293,0.7318907795894655
42294,0.09931822876440306
42295,0.5590956252067393
42296,0.5303910474507275
42297,0.5366613515766419
42298,0.47724247576879236
42299,0.5622486871338334
42300,0.8573081572855787
42301,0.6132271670268282
42302,0.3890847949117444
42303,0.2873377883423155
42304,0.6405275480079197
42305,0.47324010992742566
42306,0.3158190965554181
42307,0.3930532990787975
42308,0.6808740268417254
42310,0.25338793373061025
42311,0.4165919774124841
42312,0.5228105653475036
42313,0.5512821178496242
42314,0.6080343600842554
42315,0.07623493885298249
42316,0.6276620965535745
42317,0.028948014596010624
42318,0.16176965357927034
42319,0.5460205400051783
42320,0.9985019522937492
42321,0.8262218822898262
42322,0.31414093518973074
42323,0.2391363716358748
42324,0.22155418268325544
42325,0.056068942467794966
42326,0.24583097550386945
42327,0.7349504014277458
42328,0.4076163071175744
42329,0.26038431726809785
42330,0.42537751554694886
42331,0.6594428033372179
42332,0.07448989088470846
42333,0.8773140143954278
42334,0.3114462729352029
42335,0.46917601161579314
42336,0.45101891927331816
42337,0.041437211114342364
42338,0.07505421915259804
42339,0.3790352055239792
42350,0.0
42800,0.0
43001,0.19046386778154942
43002,0.27209722814482973
43003,0.039826680034371696
43004,0.4701660939998327
43005,0.19100304990523745
43006,0.5901182367803951
43007,0.1811107557613885
43008,0.11131943179590276
43009,0.19659510175603456
43010,0.15545006734212258
43011,0.20541245621370263
43012,0.6051561935874066
43013,0.04167692622803332
43014,0.7186118586577496
43015,0.6132023498143804
43016,0.21017401587259668
43017,0.21163762426171662
43018,0.17434453361531257
43019,0.0795022110518208
43020,0.143603570300849
43021,0.5406412567433213
43022,0.10181075338580396
43023,0.09947009002229543
43024,0.13151563000995153
43025,0.13803707405622662
43026,0.26081955316565775
43027,0.22860550441767943
43028,0.19711675066004378
43029,0.6154084693365602
43030,0.19294939891290191
43031,0.39622518589619343
43032,0.1778635215352697
43033,0.08261683936685983
43034,0.22977942631631595
43035,0.08260154453445609
43036,0.12266516976723574
43037,0.05637479755215317
43038,0.1075554897443291
43039,0.10000209840922528
43040,0.31031083498546497
43041,0.26773573811899737
43042,0.09260742208179797
43043,0.07810726760078533
43044,0.08671318205919405
43045,0.11999981057603032
43046,0.2602238621616951
43047,0.4964616796302906
43048,0.12017089806125539
43049,0.42394717843878466
43050,0.09631130180496039
43051,0.12307960768843314
43052,0.5012057805494475
43053,0.17984117600558114
43054,0.7666288931148839
43055,0.16924229276437683
43056,0.37497912620237456
43057,0.2006752819633219
43058,0.2829170172781053
43059,0.07495467942586204
43060,0.3988683271955915
43061,0.16149454153132473
43062,0.11787850431512657
43063,0.08724613543256562
43064,0.7219521005861665
43065,0.3265727468153561
43066,0.17058106450449134
43067,0.04527561219458573
43068,0.2802984366439631
43069,0.31135135387398316
43070,0.38141257241914445
43071,0.1030759800252361
43072,0.15931482594731783
43073,0.23399886274807954
43074,0.2653711894944685
43075,0.41140617379570305
43076,0.08464239344740024
43077,0.11560380077657147
43078,0.15528580566582229
43079,0.09116955351508467
43080,0.204476510539999
43082,0.20755515423980894
43083,0.35403450464570035
43084,0.13659441599819955
43085,0.19311074171806109
43086,0.09488285077074166
43087,0.29618455575334246
43088,0.10123600521151947
43089,0.19247191617676704
43090,0.2602540953648115
43091,0.22576867287729
43092,0.15115514986182152
43093,0.07964221388796522
43094,0.15479593107948805
43095,0.044624243444736575
43096,0.2013273331813745
43097,0.2044885668829569
43098,0.3483063190328376
43099,0.09657590034029025
43100,0.15115930811933767
43101,0.5744467964511618
43102,0.12384135668300973
43103,0.09013666243978699
43104,0.8632007836166822
43105,0.45052646012506914
43106,0.04030209139389283
43107,0.23143046698617575
43108,0.07954310975680474
43109,0.5528140910956494
43110,0.21372088890137314
43111,0.04818196057652402
43112,0.2140182377774381
43113,0.28945820174015996
43114,0.2875396808567423
43115,0.33014492104484355
43116,0.2953896403685542
43117,0.1732413713977379
43118,0.40478817014569984
43119,0.5900844130387003
43120,0.113993926033575
43121,0.11268062591577997
43122,0.09720126563775988
43123,0.14024244033199967
43124,0.10537887252575814
43125,0.07454545838842992
43126,0.14868772506051214
43127,0.6872598057733369
43128,0.08521187383056784
43129,0.11181803561083598
43130,0.13941459758121932
43131,0.058056789291002595
43132,0.05546128815279654
43133,0.7303896081932714
43134,0.47078290836425163
43135,0.36497594436553615
43136,0.22985216506868322
43137,0.18895919972871383
43138,0.09827418885571314
43139,0.45495112032597934
43140,0.2194401971466072
43141,0.15530493784499755
43142,0.1276894015538536
43143,0.20173929595484186
43144,0.3086180398786419
43145,0.06392236556866017
43147,0.2589973191008945
43148,0.09547995450859804
43149,0.4114041678296918
43150,0.17897920937771877
43151,0.26225152911159855
43152,0.14582243811550413
43153,0.5422707979060667
43154,0.09641743445175639
43155,0.37929526628163385
43156,0.3533319910236259
43157,0.1903150946685923
43158,0.1312891226083965
43159,0.1539277010798759
43160,0.04088975501826794
43162,0.4030211424774514
43163,0.1925177147586533
43164,0.3080241488087274
43165,0.15846243559539017
43166,0.2802214791826269
43167,0.37792747221068235
43168,0.09083134276463276
43169,0.30186673758610555
43170,0.09115996458918571
43171,0.2992285163988798
43172,0.15004911599577392
43173,0.04628691814395989
43174,0.11388372590983156
43175,0.34755604391966277
43177,0.5410552121680348
43178,0.28152424382706454
43180,0.08119803463373412
43181,0.13995023281928487
43182,0.14472408677121112
43183,0.03963548167592572
43184,0.5682315386551277
43185,0.09021629405983675
43186,0.15484456104429642
43187,0.4018899321769633
43188,0.06920048304923851
43189,0.11991429480556118
43190,0.16609430882531587
43191,0.15214052926892682
43192,0.03736692511288373
43193,0.7699162571596223
43194,0.14292436876700193
43195,0.16910306153500929
43196,0.1077004199582867
43197,0.09011312659220302
43198,0.10110245600682902
43199,0.22953743784767802
43200,0.1295471103219873
43201,0.14798229429646612
43202,0.426831485859111
43203,0.16909621842061806
43204,0.11491964563484801
43205,0.6042992170592775
43206,0.19443320732558536
43207,0.23006424473421136
43208,0.414562174428799
43210,0.46430219762250674
43211,0.1263840600545705
43212,0.17239077965013683
43213,0.2133365627536833
43214,0.16706751441812462
43215,0.08424350946160672
43216,0.1149586308581721
43217,0.1533850914055029
43218,0.14007833825746507
43219,0.5528184027952491
43220,0.3130346515518374
43221,0.45648810222303343
43222,0.09285259577633836
43223,0.31025542841564724
43224,0.17639640330105108
43225,0.2646585454957469
43226,0.8311177261927623
43227,0.6959876257967627
43228,0.09332470662300939
43229,0.1329423209223914
43230,0.5284855701577005
43231,0.42080141145090677
43232,0.10803257822393642
43233,0.13501287619492694
43234,0.22678441162663787
43236,0.23826922683505433
43237,0.08209169916480429
43238,0.09609072959994819
43239,0.04562779986501515
43240,0.39710792841637377
43241,0.11553389334312586
43242,0.2421831141814579
43244,0.1769419259114622
43245,0.19694395317247557
43246,0.3219656453564632
43247,0.800691385024994
43249,0.3250283596899129
43250,0.3106293240345495
43251,0.1568511777476431
43252,0.03759845185844009
43253,0.07956247859218207
43254,0.08446907330243283
43256,0.2955801649800809
43257,0.15663998664035914
43258,0.09078351512538607
43259,0.08188789093682936
43260,0.5098662826780758
43261,0.23012422631885662
43262,0.1893329570108234
43263,0.385548974212498
43264,0.1685138414206656
43265,0.15765813601430645
43267,0.4152446080972954
43268,0.22908532044729574
43580,0.0
43700,0.0
43750,0.0
44001,0.6400977291394874
44002,0.22258557996558345
44003,0.459453448391062
44005,0.2799625863320593
44006,0.6722764955895757
44007,0.273797761898119
44009,0.41620902832220014
44010,0.738437772703604
44012,0.49891572302028825
44013,0.20265448337107264
44014,0.3043095514081317
44015,0.22994680418461336
44016,0.773759314174737
44018,0.7221568391775331
44019,0.12376478140004057
44020,0.5111443961713363
44021,0.5003274734025264
44022,0.6425674153390439
44023,0.12220775798635417
44024,0.7054291246877509
44025,0.14954107001780484
44026,0.4184053711755438
44027,0.9173485180447466
44028,0.8914800258552841
44029,0.8748170681738445
44030,0.7284059733312308
44031,0.6640807563001817
44032,0.5783095039285044
44033,0.1856908917773539
44035,0.4839788185142563
44036,0.7669641564956386
44037,0.2910833655830226
44038,0.40921735867176356
44039,0.7191167963268826
44041,0.8552907341009616
44043,0.802676926821122
44044,0.22023427698551504
44045,0.20459711464334793
44046,0.7106549963383231
44047,0.37337333737130346
44048,0.3155082302317974
44049,0.7751554903709451
44050,0.24394626089890586
44051,0.10048305182120416
44052,0.47997207039097034
44053,0.1727505948244015
44054,0.597894892155645
44055,0.7353319154012511
44056,0.14142221694711932
44057,0.31101788866890767
44058,0.36830465733920215
44061,0.5220620181409125
44062,0.5267637534422187
44063,0.6426811431986217
44064,0.7279687743150173
44065,0.7645559162180776
44066,0.4565392726093853
44067,0.863378628971343
44068,0.5188341481405699
44069,0.7010848906639194
44070,0.6429873604382269
44071,0.43714100544527756
44072,0.3707274404153728
44073,0.273325160215299
44074,0.49698333309751264
44075,0.7033904737772266
44076,0.10843747020528954
44077,0.757269712031324
44078,0.517796541616843
44079,0.6702816970869363
44080,0.1584783630544595
44081,0.7382799406352312
44082,0.7352791564251957
44083,0.5837073872311094
44084,0.5632353301664499
44085,0.7496921374115566
44086,0.6298610030618024
44087,0.6316682514464799
44088,0.7241378856882188
44089,0.13223162219502288
44090,0.5348106880079141
44091,0.11366523625873867
44092,0.8573659910502647
44094,0.890715618142518
44095,0.8388706840221857
44096,0.3099103444723604
44097,0.7628498959309526
44098,0.14709032566751504
44099,0.7166150784296194
44100,0.799959201542375
44101,0.7493401280557425
44102,0.22377448248757922
44103,0.6389879126122953
44104,0.22166302340955463
44105,0.1543629817754535
44106,0.6266702160756147
44107,0.7205956029136029
44108,0.38860101099385774
44109,0.4660602150107438
44110,0.758845062293202
44111,0.19727642862754713
44112,0.3715974874952543
44113,0.11972155761454713
44114,0.41219611444502313
44115,0.5974183910852262
44116,0.7679369049956745
44117,0.5445086305386406
44118,0.49452448986135344
44119,0.5430441463925494
44120,0.666132317914338
44121,0.5887453964384786
44122,0.8263514168589392
44123,0.10896972917417587
44124,0.38619068164482157
44125,0.7417115123686946
44126,0.7095531703979258
44127,0.15011164102665858
44128,0.7933907315013772
44129,0.23602541942949487
44130,0.35618459380527717
44131,0.3784188738761673
44132,0.7065784571638277
44133,0.6162796956428775
44134,0.6050376739800576
44135,0.7205378882732607
44136,0.8312522044538855
44137,0.18494177651048246
44138,0.11364423508294441
44139,0.7770950841448481
44140,0.26541311972906656
44141,0.7681691746328707
44142,0.15024990800809157
44143,0.4572405434042358
44144,0.6251818442205119
44145,0.48541589929751505
44146,0.5643422724959197
44148,0.8054134709644291
44149,0.12384609326477865
44150,0.4406866462664615
44151,0.6847131033610971
44152,0.15011106678774094
44153,0.6381894238410538
44154,0.8128939795097013
44155,0.7139430913329629
44156,0.577654452718593
44157,0.631663141516871
44158,0.3290599600501738
44159,0.6405271834491374
44160,0.0
44161,0.5355373516782043
44162,0.5295094023831246
44163,0.2550006961573314
44164,0.3950861340851896
44165,0.7020044857523523
44166,0.728590977975049
44168,0.5274454972585095
44169,0.4269444057262312
44170,0.5838431480914569
44171,0.6981319319632925
44172,0.48655295815021693
44173,0.18156553956255947
44174,0.7571031784423498
44175,0.7035263842956587
44176,0.5918862860709416
44178,0.5763290841673122
44179,0.7868937323824438
44180,0.4151739377727765
44182,0.6672053346605042
44183,0.6877972475203719
44184,0.6895583991450329
44185,0.3724891580796292
44186,0.3911232820374396
44187,0.6411167676048629
44188,0.6478365510753257
44189,0.21310531475764205
44190,0.44644249975848754
44192,0.6366217055184712
44193,0.7423842092302452
44194,0.4204560265081624
44195,0.15944788403773635
44196,0.3859547115379567
44197,0.7974919652030575
44198,0.38348198305491354
44199,0.3611618497703541
44200,0.8517561017412346
44201,0.6130436773677244
44202,0.6936248264825978
44203,0.2598768891744414
44204,0.4099739830321367
44205,0.6875730823773438
44206,0.712901046607565
44207,0.6851849174017793
44208,0.7452815127775052
44209,0.42795888607631566
44210,0.7078294547511771
44211,0.666349750415098
44212,0.33961531979263515
44213,0.2270051354995971
44214,0.1288355915096354
44215,0.36004188506874746
44216,0.1265010062080455
44217,0.35160313093345963
44218,0.3457388998452111
44220,0.42605628710032867
44221,0.13203917895816777
44222,0.24351290007448176
44223,0.8168501520916293
44224,0.1311161523974256
44260,0.0
44300,0.0
44350,0.0
44400,0.0
44500,0.0
44522,0.0
44720,0.0
44800,0.0
45001,0.04399411419058922
45002,0.5877715853068973
45004,0.8043906173957108
45005,0.5274622969729592
45006,0.16249053979370387
45008,0.20466267358008516
45009,0.8140574682299395
45010,0.06439789570954647
45011,0.0368901033910982
45012,0.8954440583082492
45013,0.6812006246203554
45014,0.5392550126656175
45015,0.8227340341244478
45016,0.5820408319343435
45017,0.5253970597122033
45018,0.08501416434996227
45019,0.3651014993323125
45020,0.5321604720490203
45021,0.6069990335754529
45022,0.5643596922576114
45023,0.03058642596197248
45024,0.6029821684121092
45025,0.7462560164483565
45026,0.7349058734722013
45027,0.4014527324737706
45028,0.4768597553181084
45029,0.03576499871617958
45030,0.08153767136599378
45031,0.44634514835309813
45032,0.7656354287417133
45033,0.5561614923263085
45034,0.8289145161093644
45035,0.5645407890369423
45036,0.05074827922057902
45037,0.5717600307078471
45038,0.5826905656798509
45039,0.398677193457335
45040,0.032775572144967555
45041,0.07512778497406676
45042,0.5345159258469243
45043,0.7887655784619861
45044,0.9260467294370924
45045,0.6577507259041138
45046,0.7932079989667055
45047,0.05343466550906695
45049,0.2559446002981941
45050,0.6703783148986941
45051,0.31028454076127265
45052,0.6541211956858108
45053,0.05806647400016275
45054,0.5836831589963257
45055,0.8296783742295426
45056,0.6747259775587061
45058,0.8403082299123474
45059,0.7846302594388376
45060,0.05611750177434671
45061,0.054144354683374606
45062,0.1948392240446334
45063,0.43021860705134707
45064,0.8092523784420164
45065,0.5465598672695527
45066,0.5756414468088122
45067,0.15236479265627975
45068,0.08100918864057594
45069,0.5781430225757687
45070,0.6087905034250627
45072,0.8293770834475521
45073,0.05365717693121156
45074,0.619490974927113
45075,0.18590336571142446
45076,0.9427720867065829
45077,0.6903882403114974
45078,0.7975000796842685
45079,0.7496054870014895
45080,0.8998732837203369
45081,0.7282748011617828
45082,0.4279275524750887
45083,0.790229836366825
45084,0.34684992349727295
45085,0.5420380987544805
45086,0.7702572840265244
45087,0.29584428671075974
45088,0.658462365909417
45089,0.8523817619054765
45091,0.8599463403135906
45092,0.08442793082317712
45093,0.13284044140623583
45094,0.8147650342683674
45095,0.5689935310764996
45096,0.05178769597146441
45097,0.05398004652394917
45098,0.47855906603603426
45099,0.7929014301482069
45100,0.8379721567952245
45101,0.3727195918754167
45102,0.8605241894946429
45103,0.08524752667574356
45104,0.062856749238228
45105,0.8518590560960366
45107,0.5295373606466574
45108,0.5205924146215357
45109,0.8333116238866127
45110,0.6390271103226794
45111,0.04232849141251069
45112,0.7571781701427082
45113,0.7250989492522587
45114,0.05625108269055665
45115,0.04695496131316131
45116,0.4080584615876043
45118,0.7523182310203825
45119,0.6039392296235652
45120,0.2972758674876124
45121,0.564510062647644
45122,0.5461322811642121
45123,0.8433602473686268
45124,0.7311304214112919
45125,0.7569236911605575
45126,0.7434646334662252
45127,0.0987914072568427
45129,0.7465548348787208
45130,0.4533506295266414
45131,0.5818933201076366
45132,0.07945729868440776
45133,0.526612216374767
45134,0.5778608382719239
45135,0.5454836635713914
45136,0.6667147077413972
45137,0.04775668921244688
45138,0.8688253422165135
45139,0.5104729781045377
45141,0.030845777928444364
45142,0.6397816548275813
45143,0.726632211933452
45144,0.7740571731473102
45145,0.057092869764887894
45146,0.13220852346278789
45147,0.8097864388502946
45148,0.07512871289846905
45149,0.72909199857112
45150,0.6595856872732698
45151,0.5648626081095882
45152,0.7552389425131487
45153,0.35574521454608093
45154,0.13996840220238943
45155,0.09205390091732968
45156,0.052291685871665786
45157,0.5739903041731625
45158,0.055973919141260015
45159,0.6022857502384577
45160,0.5433536234769664
45161,0.06739065309782073
45162,0.5357510050291899
45164,0.24446150737721653
45165,0.8534713607915122
45166,0.11910709712765997
45167,0.4523362666510428
45168,0.6869786635976836
45169,0.19255445200385496
45170,0.8860224175887993
45171,0.22154278956482892
45173,0.7753462058779697
45174,0.5696877327450458
45175,0.8830249587706456
45176,0.0821285672536752
45177,0.05587367247080893
45178,0.5594859072189269
45179,0.42094013658421386
45180,0.06334516792845672
45181,0.9016673431501495
45182,0.8969692454874014
45183,0.7794309682276176
45184,0.49482076595680713
45185,0.07784199840164714
45186,0.07943333482792012
45187,0.4884121003192858
45188,0.8940050975303578
45189,0.8750141880500043
45191,0.5294347245030928
45193,0.8549531382259042
45194,0.7739490828629569
45195,0.03879608613882986
45196,0.48911060442302884
45197,0.8541991992722514
45198,0.5220091383120448
45199,0.7065839426733016
45200,0.793643251609602
45201,0.728210971184141
45202,0.5809262780517473
45203,0.541581536245015
45204,0.1657815609309181
45205,0.6450497148342428
45206,0.05435495022561535
45207,0.08532160617638895
45208,0.1488247632300945
45209,0.6246927361430947
45210,0.6891656805070655
45212,0.8386928173818637
45213,0.7916813717470099
45214,0.5569047891660445
45215,0.5768634097821633
45216,0.8686785598787977
45217,0.8359374811219198
45218,0.05178846100026562
45219,0.6136721051177263
45220,0.6202373880261806
45222,0.05597601023770375
45223,0.3502591064378013
45224,0.8628469132702581
45225,0.6100398767604485
45226,0.30383852432650943
45227,0.5607756216788717
45228,0.5362155699762547
45229,0.07873589354758681
45230,0.7307665637829759
45231,0.8191064944015661
45232,0.19568659016705736
45233,0.5682368628455559
45234,0.22998198200894157
45235,0.18365199524798723
45237,0.7247235260474479
45238,0.3546677880907924
45239,0.8429606749522391
45240,0.6098779867641929
45241,0.5393636703262169
45242,0.07362249316878296
45243,0.5287369893707764
45244,0.4507549044806297
45245,0.04367990932715624
45246,0.7916509861927452
45247,0.08040707521375892
45248,0.7474679853483557
45249,0.08248657771814238
45250,0.7177770558628535
45251,0.12393594253578687
45252,0.6677942464540383
45253,0.06524812891052473
45254,0.5540792720264565
45255,0.057833867195393775
45256,0.585251472109026
45257,0.0671783481115509
45258,0.6766975451591694
45259,0.434556750203202
45260,0.5451725710722031
45261,0.9304276992313348
45262,0.9852474142711918
45263,0.8772535021017921
45264,0.7587943174478813
45265,0.7406116966679815
45266,0.12549706774128022
45268,0.42815544237354275
45269,0.9148040650127941
45270,0.24253152837246383
45271,0.05418511011334334
45272,0.15627195164872235
45273,0.5888454087261431
45274,0.775239337800208
45275,0.8206622106087502
45276,0.04705443295736965
45277,0.6739271146795166
45278,0.6526641379509367
45279,0.8231523779875666
45280,0.5842931701670302
45281,0.04269157779081366
45282,0.16729380259913232
45283,0.8545084247572841
45284,0.8011188305481335
45285,0.22770537675593466
45286,0.8153122628425772
45288,0.061552005878523344
45289,0.973870299293596
45290,0.20606671285006484
45291,0.5239699710957548
45292,0.4497022500335692
45293,0.08556572275319474
45294,0.6067846360714914
45296,0.7662754196184718
45297,0.4031485743468948
45298,0.19282093160230682
45299,0.7271935489673527
45300,0.7377101039983822
45301,0.036679805949252645
45302,0.28048886070517765
45303,0.6856799180141803
45305,0.6811869734030453
45306,0.869569549412755
45307,0.7269396928947816
45308,0.8256465353280821
45309,0.7757279710111792
45310,0.8963135394059324
45311,0.39214077818823834
45312,0.8715111726003544
45313,0.11956598795347177
45314,0.688488505902018
45315,0.3367379464115878
45316,0.35935061447456895
45317,0.48512495567446506
45320,0.8914187117850756
45321,0.7633456339686263
45322,0.8841618538804705
45323,0.030913673067369758
45324,0.4614589491006959
45325,0.690033941115501
45326,0.6395253315062511
45327,0.7249829969074574
45328,0.05395424259317736
45329,0.7307073181091723
45330,0.7615991816669382
45331,0.24924298519590168
45332,0.07881129669327723
45333,0.8236709014054654
45334,0.3960250624061093
45335,0.7517410152263975
45336,0.24069503093886077
45337,0.38739011330284473
45338,0.14478449824464235
45339,0.5719155176100729
45340,0.2239732059903258
45341,0.6850261704291168
45342,0.9318739350188594
45343,0.05740334362905481
45344,0.46319775667277113
45345,0.09792124903344954
45346,0.3998413169202499
45347,0.04546304157688486
45348,0.6174906929181706
45380,0.0
45430,0.0
46001,0.36698033151713905
46002,0.5985909274717213
46003,0.47809738497643317
46004,0.5474929390148898
46005,0.6109539353424496
46006,0.5746319079548106
46007,0.07472084370037207
46008,0.5562908739297697
46009,0.14215187573650753
46010,0.0720814951441897
46011,0.5415593509068803
46012,0.7381507830525736
46013,0.3088365862453196
46015,0.6889837447931415
46016,0.04919323675838805
46017,0.609605229917465
46018,0.10720317761887277
46020,0.3479591685034838
46021,0.162024728900158
46022,0.36831709646403715
46023,0.0517733414480857
46024,0.48745701996336155
46026,0.42336673487717175
46027,0.5451109335235953
46028,0.601169017973895
46029,0.6674190332164841
46030,0.5143948280619155
46031,0.29301704652782473
46032,0.33214017314189176
46033,0.2767240429640832
46034,0.5457940130594711
46035,0.16520083865929364
46036,0.617741717375843
46037,0.6136727434449726
46038,0.6869813300161932
46039,0.4233151636866128
46040,0.05465207476662536
46041,0.534507763645534
46042,0.208239486452319
46043,0.4640905403723499
46044,0.5269246838001186
46045,0.43228074674992617
46046,0.3768309824897976
46047,0.5940336168595377
46049,0.23260716225054434
46050,0.4009326555999025
46051,0.17343718461188348
46052,0.19290684070034675
46053,0.22688918611932152
46054,0.09153447990554114
46055,0.47292104655268363
46056,0.5560700366669392
46057,0.6924448645233712
46058,0.5245713445319781
46059,0.045609001649306646
46060,0.4098499872788058
46061,0.5627312867094348
46062,0.577788827585879
46063,0.2529883453638116
46064,0.542653235264086
46065,0.6761932034175258
46066,0.6295536374927923
46068,0.31051195860685665
46069,0.24111865571082203
46070,0.0730489172035087
46072,0.5157423463879911
46073,0.5017637831626575
46074,0.559969678827063
46075,0.1459273816800881
46076,0.4438041422304323
46078,0.5760445189414971
46079,0.058382027163938165
46080,0.4967817738949757
46081,0.47176114768302124
46082,0.06650828892933427
46083,0.10428053080118711
46084,0.4890676124723844
46085,0.21711068014617987
46086,0.0477265501713081
46087,0.51210516432773
46088,0.5022037379946156
46089,0.5752068040649784
46090,0.1041745979471832
46091,0.448062785624906
46092,0.20781965836671024
46093,0.13204392745297214
46094,0.09085536467349645
46095,0.5459162984110418
46096,0.609163203775566
46097,0.5573226628623116
46098,0.6266495256749232
46100,0.2076709766025126
46101,0.20987305943212609
46102,0.4371697260514348
46103,0.2676965302238645
46104,0.10673796944611733
46105,0.08159845582632366
46106,0.5471337988551812
46107,0.4331489917752961
46108,0.17003569696423315
46109,0.06595678768818053
46111,0.8554771295211397
46112,0.06517837903106748
46113,0.4737091763966403
46114,0.48985118952443485
46115,0.5469005687369469
46116,0.6143535442259271
46117,0.543769457545204
46118,0.07952119891414167
46119,0.30836851993728975
46120,0.5635633500154799
46121,0.04753082167217068
46122,0.4879939587161902
46123,0.5645994863136097
46124,0.6023043208373606
46125,0.41599243224338583
46126,0.5650282010044057
46127,0.7268723099955228
46128,0.4267818525537159
46129,0.3933148402104867
46130,0.49715782946525433
46131,0.11236157411639812
46132,0.46066048019088485
46133,0.5893739466064866
46134,0.5425182156445627
46135,0.4012230173351301
46136,0.4872710310036741
46137,0.2951708678734041
46138,0.06513606110171324
46139,0.6207256887505487
46140,0.07177178969274978
46142,0.47521371324523864
46143,0.6235620017248011
46144,0.5804009344024005
46145,0.04759346050293153
46146,0.6121392271373095
46147,0.6159677232167229
46148,0.09138492622164836
46149,0.09069536754523938
46151,0.582212356978216
46152,0.5669845527859594
46153,0.058297686933969854
46154,0.422120530021873
46155,0.25204241668472466
46156,0.07680639987591226
46157,0.6315905690207894
46159,0.5811742785696697
46160,0.5229103417456467
46161,0.4700758993939645
46162,0.8248943747303815
46163,0.45887472934435963
46164,0.6129740192744122
46165,0.5473751115134016
46167,0.5447874442324627
46168,0.2490685215338129
46169,0.5436855016149459
46170,0.8114551269810226
46171,0.45040174995523435
46172,0.06801636504692184
46173,0.46798690718683966
46174,0.7108850987580505
46175,0.20569656359450866
46176,0.16220764734283954
46177,0.517435833828951
46178,0.5350968401347831
46179,0.36054362489721614
46180,0.28540152592128737
46181,0.0955768835704583
46182,0.48766998621065943
46183,0.2584748238478003
46184,0.6489683855817818
46185,0.5561200456834722
46186,0.3751380258199772
46187,0.29602311630679845
46188,0.07348401555049844
46189,0.6773942312979444
46190,0.28087240842301203
46191,0.5982816480899668
46192,0.510619196918914
46193,0.49331843066409997
46194,0.5851465004989651
46195,0.5831159137404954
46196,0.5970350338677953
46197,0.07346809199490932
46198,0.4815975972032109
46199,0.5637159129283312
46200,0.5335397585576602
46201,0.1378598951988941
46202,0.05801125035831534
46203,0.6046049123985554
46204,0.04620487633299943
46205,0.5147794878401498
46206,0.1067922115397416
46207,0.196905108358212
46208,0.479930363192719
46209,0.3809855999493272
46210,0.060521985541886786
46211,0.5051778248150783
46212,0.4287108224778081
46213,0.5089160031463005
46214,0.5138238220117236
46215,0.6013468050190914
46216,0.5417553968285772
46217,0.059598096901320244
46218,0.642324891190968
46219,0.6042347415223319
46220,0.053866129413583375
46221,0.24980154843364094
46222,0.6176913373117021
46223,0.49822715170963744
46224,0.4344056050958296
46225,0.5676935715250578
46226,0.6588810058979094
46227,0.4665804446517523
46228,0.5979541040501406
46229,0.5124927826263291
46230,0.5058463511173832
46231,0.5942880667143627
46232,0.06326572948907118
46233,0.08242445595211723
46234,0.6750836141654574
46235,0.10331487449565527
46236,0.6703052306051555
46237,0.15600779020049116
46238,0.5065993702095355
46239,0.3197519228496911
46240,0.5596203462422111
46241,0.6137478204668819
46242,0.4863509204236747
46243,0.7216507428895361
46244,0.6472797504916975
46245,0.5786774666492146
46246,0.7625798203581331
46247,0.2833820162142577
46249,0.6590642760143354
46250,0.49202114477057357
46251,0.6277555398413616
46252,0.45779816360054804
46253,0.6085165382619432
46254,0.3485708566412095
46255,0.6076425689914816
46256,0.5176800654712119
46257,0.6370689857311851
46258,0.5562040675666257
46259,0.5823349169619346
46260,0.6900854118767972
46262,0.1275677452767631
46263,0.23901400682128754
46264,0.4629212389586864
46265,0.5287220443616188
46266,0.23792433300828458
46267,0.4922331753905232
46268,0.07304133630465122
46269,0.35550269307470556
46270,0.3408630499141502
46271,0.579916373244463
46272,0.22274490358480545
46273,0.5124749128064195
46276,0.3598871443504891
46277,0.5390388831096461
46279,0.5952894735475408
46280,0.5109817493144486
46281,0.4993938068489503
46282,0.54352809808103
46283,0.5672531952493656
46284,0.490497937531004
46286,0.5564998783435716
46288,0.7489126388597815
46289,0.6130763174939681
46290,0.6987292222031349
46292,0.12588272353228486
46293,0.04953653509253655
46294,0.35336696321455763
46295,0.5757454100086686
46296,0.41115251416398824
46297,0.5800889635219086
46299,0.3511662853291447
46301,0.4583801613750188
46302,0.4077112480887064
46303,0.4043112147526044
46304,0.04425957453272639
46305,0.29144405251383615
46306,0.12230491077146612
46307,0.4093211711977197
46308,0.04749887136400476
46309,0.06856051690779381
46310,0.042043980851092386
46311,0.20041239314553427
46312,0.5127734743408047
46313,0.4913322415846361
46314,0.5474740052449353
46315,0.5605568712243468
46316,0.6764106257195593
46317,0.5012023644000565
46318,0.4091332641656545
46319,0.4546487829907245
46320,0.44610450085275133
46321,0.46064495301404057
46322,0.42797254402249885
46323,0.263836013144588
46324,0.6781934840462238
46328,0.277480372049147
46329,0.3403095323231845
46330,0.5364061205049926
46332,0.38393414038332435
46333,0.40634760799141634
46334,0.593888356144322
46335,0.41259197789971574
46336,0.5169812065241218
46337,0.05024254191555297
46338,0.42468545767924765
46339,0.5015425474416657
46340,0.09107430870688983
47001,0.3112640553947922
47002,0.5724923144294702
47003,0.25059150177095424
47004,0.07571146702266904
47005,0.552327346473655
47006,0.4019783905571982
47007,0.07215144867325834
47008,0.04813168491600905
47009,0.49332312857950056
47010,0.4610297437522225
47011,0.21531602389802057
47012,0.5232967188100305
47013,0.4862440356288397
47014,0.2949966464080068
47015,0.610097790878922
47016,0.18024944624768593
47017,0.28711584799873596
47018,0.22292608837201885
47019,0.6827171968878524
47020,0.2226679864717353
47021,0.18284434590261117
47022,0.7668338560934581
47023,0.43366990091942753
47024,0.36747923221300205
47025,0.4566171427384554
47026,0.5141047081535972
47027,0.4760685671852469
47028,0.5590980588232651
47029,0.43901395828071155
47030,0.5039372302732172
47031,0.2860517136671972
47032,0.26075022459702996
47033,0.3825249613800626
47034,0.09446631252885178
47035,0.20575936284065535
47036,0.3163101590120424
47037,0.2760764468976665
47038,0.5967186305090063
47039,0.24926611866219098
47040,0.2160780197819534
47041,0.7091993355078534
47042,0.4169713335566088
47043,0.0729301384564947
47044,0.23085926267627943
47045,0.7017726732778286
47046,0.09254878996348379
47047,0.5256595121485963
47048,0.4182995322220838
47049,0.3538421993414489
47050,0.5645709110113297
47051,0.24181194584657065
47052,0.7283973487417333
47053,0.6268435963206459
47054,0.33852052399335764
47055,0.5379128534465963
47056,0.25207525990892465
47057,0.20995461852898203
47058,0.0564027342439938
47059,0.2901090261434096
47060,0.13122942361951842
47061,0.11393945101030595
47062,0.5427428427605521
47063,0.17359727866095076
47064,0.32209041894688545
47065,0.4841909968273542
47066,0.7010967219073728
47067,0.11952774245642706
47068,0.07944092125536692
47069,0.18683046883384957
47070,0.5194294946268223
47071,0.3894422613030156
47072,0.28638186612322675
47073,0.7325770538536228
47074,0.07530656143587043
47075,0.6666355616116213
47076,0.18824207692493003
47077,0.540680104856361
47078,0.08974153518437816
47079,0.3122773710225909
47080,0.32741790664865167
47081,0.516951388092007
47082,0.3273745741775682
47083,0.32021487245694336
47084,0.2640886711316315
47085,0.27893169307836274
47086,0.20982828578468848
47087,0.6475959497946838
47088,0.602047091140083
47089,0.12241196692601032
47090,0.5665905132759682
47091,0.23928759455176793
47092,0.23001647872173137
47093,0.36249211580376994
47094,0.6767375380045042
47095,0.6554891518617509
47096,0.20259670510174974
47097,0.06951366579167531
47098,0.6189507701562786
47099,0.3838291579223702
47100,0.7121699278300808
47101,0.10742960683779165
47102,0.6068678424589381
47103,0.482285444234877
47104,0.7621028097519013
47105,0.36573679596098335
47106,0.5024820893002458
47107,0.6002317494346007
47108,0.10637282800253961
47109,0.34138576244614177
47110,0.5786232841015919
47111,0.5015757564989058
47112,0.5644018672906357
47113,0.10177538507254584
47114,0.09353308220141315
47115,0.42578352128359875
47117,0.30161357328522553
47118,0.5949945513872572
47119,0.2126681939769316
47120,0.06504428774310796
47121,0.5171692187724971
47122,0.44583504801930535
47123,0.4954018041532023
47124,0.5224154478236553
47125,0.6906625360554702
47126,0.6967624843381531
47127,0.5114438036696898
47128,0.19713389417051627
47129,0.5416302034618211
47130,0.6924057227322162
47131,0.2641214848784099
47132,0.16500865825881555
47133,0.785104654528009
47134,0.24070523196022225
47135,0.3069008139361214
47136,0.3216208444457943
47137,0.1476979986603347
47138,0.6023080999708619
47139,0.5433827340875158
47140,0.8037768689031818
47141,0.36758390376687256
47142,0.138350511186853
47143,0.4777155486710046
47144,0.21521720292913518
47145,0.1617489935282458
47146,0.3728519194248713
47147,0.2351934028190457
47148,0.07865591588169847
47150,0.6537452183070209
47151,0.26504079841593653
47152,0.20766174081012193
47154,0.806332269164412
47155,0.7619493746446676
47156,0.08320307853461131
47157,0.11646263092060949
47158,0.8725349312543019
47159,0.13140520641404
47160,0.2904783225295967
47161,0.4644755750169976
47162,0.48196064013415435
47163,0.3389781966626739
47164,0.30265033096697297
47165,0.060700362928067415
47167,0.32149264709303577
47168,0.4341538740488663
47169,0.20033985284488126
47170,0.4289547121560766
47171,0.5965907191562518
47172,0.15282071287513857
47173,0.4734896288072754
47174,0.2922821242197172
47175,0.4118910216692364
47176,0.05641263917468731
47177,0.06538339912442849
47178,0.6019318783230165
47179,0.4703647595718142
47180,0.14589101699709786
47181,0.4509258101126668
47182,0.37434874639144466
47183,0.23998489411567714
47184,0.21048742388003716
47185,0.4673711091926841
47186,0.15102657731443517
47187,0.240652792749853
47188,0.2206792894561597
47189,0.3747862598172973
47190,0.5975766677942028
47191,0.09470551290571579
47192,0.39748369500282765
47193,0.372477293370658
47194,0.4894020363567192
47195,0.45330179172986
47196,0.5082003078150354
47197,0.7008695988704474
47198,0.5071732833767678
47199,0.16571348670170233
47200,0.18632618167590045
47201,0.27348602879572664
47202,0.35671173133114664
47203,0.30094497726429287
47204,0.5976988587904085
47205,0.3848751204163586
47206,0.4486252811194577
47207,0.2928412086536431
47208,0.2968798042940658
47209,0.7810391729004579
47210,0.0722922821887943
47211,0.26393834038893776
47212,0.5035067420713081
47213,0.7041921869634225
47214,0.06933492171767502
47215,0.4041610412919461
47216,0.49755015588392076
47217,0.11148949038347568
47218,0.44866300956445915
47219,0.27546036539296725
47220,0.08447891245628299
47221,0.12647319900983783
47222,0.4581918683799788
47223,0.35420317005721913
47224,0.4801507736984353
47225,0.23654420144411079
47226,0.40007311695595393
47227,0.42057891973643013
47228,0.5747439405951194
47229,0.22966770428903052
47230,0.617083014030106
47231,0.32943398005415886
47232,0.41250523499758474
47233,0.09222006414156259
47234,0.4764561734890526
47235,0.18316559679089164
47236,0.24802102623110905
47237,0.42472948015108225
47238,0.2341203210125863
47239,0.3628788929679364
47240,0.2475528583429627
47241,0.27149077493701035
47242,0.5282905328216072
47244,0.09542597358730671
47245,0.24688873789650448
47246,0.16341302073130548
47247,0.37565983593609137
47248,0.14840436943157648
47249,0.7104755923152533
47250,0.07909282855939712
47251,0.06634542012448452
47252,0.3537882838508923
47253,0.11304583473074081
47254,0.43791379236067407
47255,0.389650343895067
47256,0.19575400040885962
47257,0.24834329896773055
47258,0.4796762684729732
47259,0.241860413925704
47260,0.21564608358489648
47262,0.1263082971803281
47263,0.0972700913867476
47264,0.36864607542950467
47265,0.4294083680397557
47266,0.2690409111884366
47267,0.0573424088146378
47269,0.14169936791000481
47271,0.21770184892601854
47272,0.21912693563831026
47273,0.6047145851279633
47274,0.11852600884787813
47275,0.7024898061492676
47276,0.5637650631620247
47277,0.0696825793407978
47278,0.15222599834208786
47279,0.1179665381194062
47280,0.38236868166430016
47281,0.11411391726812738
47282,0.8274212460113417
47283,0.4999325779584602
47284,0.486537088208929
47285,0.11146294373808734
47286,0.31894950172626957
47287,0.735358055928858
47288,0.6606334167406869
47289,0.39573630244987074
47290,0.275013632268206
47291,0.5410574210930947
47292,0.43962254554888763
47293,0.17391375817886803
47294,0.13824680008612622
47295,0.5786727808247984
47296,0.34671876795806056
47297,0.6332271595268052
47298,0.09576249741230577
47299,0.16951518794304665
47300,0.20590385979073592
47301,0.542955361789875
47302,0.16140329762003192
47303,0.3931878977245755
47304,0.0970918003703173
47305,0.3786993147931993
47306,0.5028123111255083
47307,0.31087996435389853
47308,0.06242657559947846
47309,0.2877286523253742
47310,0.5499151720713255
47311,0.21598001563556618
47312,0.2989955835870021
47313,0.3389660676085879
47314,0.3276268348265793
47315,0.5491929922703999
47316,0.5928335350008723
47317,0.40220778636274734
47318,0.05995902367013641
47319,0.2858856228798895
47320,0.06759521519210142
47321,0.20970481988990639
47323,0.4407577275340564
47324,0.31777675832841606
47325,0.08532934651055171
47326,0.373328888160817
47327,0.043269506042160254
47328,0.6361853231885999
48001,0.8866865520778965
48002,0.20712335012037394
48003,0.20613718924071572
48004,0.2993231792761284
48005,0.0301291312960442
48007,0.9274355436269582
48008,0.12046103947190218
48009,0.05842659147563487
48010,0.05133228864588897
48012,0.14504007259764423
48013,0.5781707940399236
48014,0.0
48015,0.1703784442932399
48016,0.09356842911856633
48017,0.06339777556608571
48018,0.09071712482061467
48019,0.0628304008253193
48020,0.13190657848163936
48021,0.1739184265652593
48025,0.07464795923173614
48026,0.17429082302772397
48027,0.13865060597556517
48028,0.07027165707042471
48029,0.18564350847748115
48030,0.5735542629326607
48031,0.5138265911637339
48032,0.029285187022203906
48034,0.04650160360811711
48036,0.09196703291291389
48037,0.5339055178756791
48038,0.03827534797702291
48039,0.06972435030595267
48041,0.138463788631355
48042,0.21907736933038358
48043,0.12032538987531126
48044,0.7513623022082692
48045,0.1181049015229173
48046,0.11384304378183903
48048,0.14832890013433653
48050,0.05879232618872762
48051,0.12592895593432465
48053,0.19232665537704058
48054,0.500803989712618
48055,0.07876968418466883
48056,0.07599025953264847
48058,0.5427700375029997
48059,0.09332947082823853
48061,0.0694990020199038
48063,0.16231269761534112
48064,0.928754296027524
48065,0.33741647584432793
48067,0.1446003829798748
48068,0.2889253642485244
48069,0.21575792538965066
48070,0.05391246157946941
48071,0.3817635673059179
48072,0.0645236306048283
48073,0.8694026425273891
48074,0.19540222607855623
48075,0.08337335769133948
48077,0.706488065695675
48079,0.7856634309679162
48080,0.1839019046351316
48081,0.4815182612100233
48082,0.1381241803007101
48083,0.04567069740894098
48085,0.054017170972609746
48086,0.10118516237338021
48087,0.029447465495957663
48088,0.43205489674136827
48089,0.6306776503980611
48090,0.730814970829943
48091,0.1527689395978284
48092,0.04030348363949482
48094,0.06934833430640198
48095,0.7093666015218532
48096,0.2321496135269131
48097,0.16852762617405623
48098,0.142901409989646
48099,0.030115383647600732
48100,0.1195213007525171
48103,0.0741197243232334
48104,0.2031375097373352
48105,0.11008352258912728
48106,0.9204488032678269
48107,0.06303170507248448
48108,0.03248301288669044
48110,0.665788118991194
48111,0.17570789649317506
48112,0.1359777087096048
48115,0.15504054532083353
48116,0.09644682260665138
48117,0.3536818227265694
48119,0.22876009063838146
48121,0.09175462998401619
48123,0.2153026662854533
48124,0.2373471929495384
48126,0.14460584283055353
48127,0.06210608048030769
48128,0.0663967150694764
48129,0.15115079282076638
48130,0.2996910493078638
48131,0.5976146012644559
48132,0.18114179549557669
48135,0.3901311755979734
48136,0.07557307000032563
48137,0.10461241069627862
48138,0.03128137979769908
48139,0.04736215874657509
48140,0.11449380998596777
48141,0.19839381320906835
48144,0.14715276917113992
48145,0.04739581471812452
48146,0.06449119896162114
48147,0.08673974317871994
48148,0.24314760837085764
48149,0.047535574033554996
48150,0.12805774057254868
48151,0.15548840471011113
48152,0.09437966027255941
48153,0.20651105369675474
48155,0.12009058165667195
48156,0.06017859305372282
48157,0.5404572277875762
48158,0.09794770976146289
48160,0.11989421041408581
48161,0.7707787263419918
48163,0.1923909017163522
48165,0.02892978522067464
48166,0.059983730750096796
48167,0.9664842295520811
48168,0.030473787777214434
48169,0.10965452241081614
48170,0.22587103407391587
48171,0.07795032025412992
48173,0.12163339193710551
48174,0.03226402841431251
48175,0.6744115911304454
48176,0.3582581201522211
48177,0.11932045619311933
48178,0.08253245402991989
48179,0.7079803493997563
48181,0.06509392463024381
48182,0.26181625273277503
48185,0.030901246049447054
48187,0.47385580143948053
48188,0.049682199006343894
48190,0.8866866304520495
48191,0.07909718347329768
48192,0.40181730704504637
48193,0.1282604762521719
48194,0.2390691381757184
48198,0.4144617178120107
48210,0.0
49000,0.0
49002,0.2948096245589966
49003,0.31590981304631105
49004,0.0
49006,0.0
49007,0.4927885291076883
49008,0.4478261099057542
49009,0.222237969607625
49010,0.27029738650739144
49011,0.3489148171637773
49012,0.4656900743544676
49014,0.0
49015,0.5675146532208553
49017,0.6028152596114318
49018,0.2633365716795221
49020,0.6544767859371338
49021,0.34675877118457255
49022,0.2640245764417756
49023,0.1899049764725716
49026,0.8229402198332931
49027,0.41515103821210725
49028,0.8619363865109528
49029,0.6764900200897926
49030,0.27024147463816645
49035,0.5388256939615647
49036,0.2491000198084765
49038,0.2762808869775947
49041,0.408593250805841
49045,0.3702605302229231
49048,0.8599286613388756
49050,0.5612685891492865
49053,0.33023153558023555
49054,0.5625453789937208
49055,0.32225716571002005
49056,0.29978904588439276
49057,0.39486869009257747
49058,0.9425673060859142
49060,0.2550403697649977
49061,0.30823685844978654
49063,0.307683927390589
49064,0.5451684703508152
49065,0.0
49067,0.5334529400218103
49068,0.27009717884912704
49069,0.3009907892803963
49070,0.8090188345065247
49072,0.0
49076,0.7308296439883338
49080,0.3925848345499014
49082,0.7531294270539537
49083,0.0
49086,0.2570421050207375
49089,0.482815433338809
49090,0.7149327073848072
49092,0.13725186689060842
49094,0.0
49099,0.33982071844431855
49100,0.23302560598087968
49102,0.44482373071195763
49103,0.0
49106,0.0
49107,0.8875995418308655
49109,0.7821289287014821
49110,0.18562759488912678
49112,0.25270809480338186
49113,0.3416665800793392
49114,0.8307176096090307
49117,0.0
49120,0.3245983750382565
49121,0.3663150896245869
49123,0.45670419676442486
49125,0.2756539499918718
49126,0.0
49127,0.1697017786233025
49129,0.3382451047766319
49130,0.794476885632842
49131,0.3508807598919061
49132,0.6241067120812018
49135,0.6815534082033163
49137,0.0
49138,0.1967382706306993
49140,0.46883380570196187
49145,0.0
49149,0.0
49151,0.0
49153,0.0
49155,0.6151170476400218
49160,0.198836255281665
49161,0.6484205201434096
49162,0.0
49163,0.09184378421731408
49167,0.32182325712463855
49170,0.5418862521208105
49171,0.8376278621939388
49172,0.0
49174,0.11053494006601557
49176,0.3880366216447766
49177,0.0
49178,0.5377051599801219
49179,0.0
49180,0.27586138151393536
49182,0.3131254035785505
49183,0.4550630991700293
49188,0.09342434770258438
49191,0.0
49192,0.35198816875089106
49193,0.28300321757757435
49194,0.3344678912828728
49195,0.2840374311725631
49196,0.0
49200,0.4490383627242689
49201,0.6916161677569397
49205,0.501647859381981
49206,0.0
49209,0.7327435304035618
49211,0.4464447736284229
49212,0.0
49214,0.5023129339420669
49215,0.22855208496761076
49216,0.16402376527724746
49217,0.392727877839893
49218,0.5738883488841975
49219,0.5043036092714337
49220,0.3591834559376124
49221,0.5994367416483841
49222,0.2887415570938141
49223,0.34950746788152603
49224,0.2916716104036542
49228,0.37670428886851187
49229,0.0
49230,0.0
49231,0.26288132269151204
49235,0.4820578879044497
49236,0.7224559130996887
49237,0.6378812739236729
49238,0.0
49240,0.9125304475850944
49241,0.3095085321496056
49242,0.0
49244,0.1799001993696833
49246,0.4121859629044113
49247,0.8152876628179068
49248,0.2037123728381034
49249,0.0
49250,0.0
49253,0.20385397760569868
49257,0.1275402383354569
49259,0.27097622321853543
49260,0.4187719747264032
49261,0.4274458268066823
49262,0.38053263416266686
49264,0.0
49266,0.3860269119658443
49267,0.37462103479856484
49269,0.25089905211081637
49271,0.42342874730786956
49272,0.7630510068648525
49276,0.0
49278,0.40968055746304927
49282,0.0
49283,0.4767910645823455
49284,0.33871703065193637
49287,0.0
49288,0.384906079007454
49289,0.0
49290,0.0
49291,0.2924281384613587
49292,0.20942768086717348
49294,0.5019709965432138
49295,0.0
49296,0.0
49298,0.500062745272513
49299,0.44564041954571404
49301,0.31104194313017597
49302,0.6332981784000036
49306,0.5092538450993552
49307,0.21004533012666762
49308,0.324637661048873
49310,0.39215090556550897
49311,0.2774815371463652
49313,0.0
49320,0.0
49321,0.18345039847080832
49323,0.36594083323946003
49326,0.2595872837808385
49328,0.4138289885747148
49329,0.8454666740442863
49330,0.7779913377331958
49331,0.3866378037997279
49332,0.2454227959216517
49333,0.10866921039903972
49334,0.6966927897991392
49336,0.6690854399821853
49337,0.0
49338,0.29374143363290856
49339,0.8578513942351811
49341,0.5014917278267659
49343,0.230280119978619
49344,0.5394563509970313
49345,0.10215053774173773
49347,0.7155073372146273
49349,0.0
49350,0.0
49352,0.8562849479400545
49353,0.40482705316853096
49355,0.2992817527592259
49358,0.4651958231529405
49359,0.329307658322348
49360,0.0
49361,0.3502059399042609
49362,0.37896824560574804
49363,0.0
49364,0.2427639749375929
49367,0.39813281535383876
49368,0.8591305725448664
49369,0.7787441800734658
49370,0.6481242693270076
49371,0.826949033585843
49373,0.2218597535013477
49374,0.33053376844367094
49375,0.0
49376,0.0
49377,0.2435909831230627
49378,0.3235299398120338
49381,0.8766506599057621
49400,0.0
49540,0.0
49800,0.0
50000,0.0
50002,0.5764565055420872
50003,0.4358168818427701
50004,0.5978507946258436
50006,0.4979448453982181
50008,0.6849637527226365
50013,0.5973476730342744
50015,0.6143618946463275
50016,0.16953733315147637
50019,0.4840182476395929
50021,0.7354532821073202
50022,0.3009726108215281
50023,0.16549790199684913
50024,0.6586253650314396
50025,0.374083123255474
50026,0.1941883545630493
50027,0.36134477739683374
50028,0.4876848681242669
50029,0.3412019329119181
50030,0.7597034245640026
50031,0.5864148047875699
50032,0.39657614685754017
50033,0.583308608262877
50034,0.47809617884156724
50036,0.4835176616004674
50038,0.679601170879796
50039,0.792342616799505
50040,0.6597697246200377
50041,0.7117045378712795
50042,0.7343084638504518
50044,0.43236802695871807
50045,0.6649398769612178
50046,0.7183311422149173
50048,0.1757497843336457
50049,0.37220868835638726
50050,0.14992350946213445
50052,0.5294070601107489
50054,0.34898406768259976
50055,0.4493791596219214
50058,0.39198234512310554
50059,0.2235177033557124
50060,0.19327967339281235
50062,0.8738582919604515
50064,0.44338215389034796
50066,0.7910043628151601
50069,0.6637202548755036
50070,0.1992023777366369
50072,0.35519330809207644
50074,0.8373998237121646
50076,0.7109045642258899
50077,0.8683285697013082
50078,0.5779456534359076
50079,0.6489426058536014
50081,0.6297872490901346
50082,0.6406959070489145
50083,0.6931245424639081
50084,0.37924878453503735
50085,0.684706743507092
50086,0.7055531139375197
50087,0.6359171980197252
50088,0.696951525388706
50090,0.3062415927889567
50092,0.43553655688727294
50093,0.47033226768719905
50094,0.4778551409211855
50095,0.41201251032854463
50096,0.7351099116940346
50097,0.3566423436840743
50098,0.49378338951412687
50099,0.22440606786744943
50100,0.0
50101,0.8146190694093846
50102,0.9326007058418667
50105,0.41896525611002705
50106,0.63780763087681
50108,0.40480864073291134
50109,0.5174516605927375
50110,0.6718935781349002
50111,0.45654118295227836
50112,0.1555660284390782
50115,0.8012418476066182
50117,0.8197573797261474
50118,0.16606077275840236
50120,0.6906086943939409
50121,0.753159862567247
50124,0.8131072408130292
50126,0.31378782991951204
50129,0.8621130770297599
50130,0.1751909661062217
50135,0.739747613369845
50137,0.18851957321673507
50138,0.32325782634666683
50139,0.3632967178200409
50142,0.6949060131713813
50143,0.6091364852268126
50144,0.8029731662325763
50145,0.3631968955571383
50146,0.5430772246984957
50147,0.517096324840889
50148,0.7155336565434992
50149,0.7287658038318765
50150,0.3333333333333335
50151,0.5614237633499579
50152,0.795896146494889
50155,0.38738410497180914
50156,0.4657806640743983
50158,0.7597469812518355
50159,0.7111155493643823
50161,0.599995303601298
50162,0.8928468722571684
50164,0.1511925183101191
50165,0.7300453220397269
50166,0.3521543866285691
50167,0.8292251062445626
50168,0.33115217174873657
50169,0.18247040551098026
50172,0.1903848534449122
50174,0.6849495239403746
50175,0.1779672109406167
50176,0.7037497655235863
50177,0.45929658802888573
50178,0.808255073708792
50181,0.5127351176943062
50182,0.42595623616471506
50183,0.462128101950138
50184,0.6307448672693003
50185,0.23346209825698636
50186,0.30013086684981316
50188,0.7100962382737044
50190,0.15766627903131622
50192,0.16856781700654247
50193,0.5754016037633211
50194,0.1824455977471749
50195,0.7448922825723222
50196,0.5416196913330241
50197,0.45713364528807243
50198,0.41406884070724714
50199,0.9186712869629468
50200,0.48958876992830597
50205,0.31891383940246626
50207,0.5214944857937731
50208,0.4643211663869732
50209,0.8435158238819761
50210,0.37874007268782034
50214,0.17257657638908713
50215,0.3080922527398726
50216,0.5867733899503567
50217,0.8113813551119946
50218,0.7455772527002782
50219,0.3593310461929225
50221,0.5108374964422918
50222,0.6583461297421007
50224,0.0
50225,0.8132682294263445
50227,0.18352926765109884
50228,0.4866837485781151
50229,0.8986792526192389
50230,0.7336992400862392
50231,0.6301596691090443
50232,0.3815694945387831
50233,0.44795230377240686
50234,0.7827994169866666
50235,0.49599193354356286
50236,0.2780528183927237
50237,0.6933640327879479
50238,0.6909203201179636
50239,0.4088133177375611
50240,0.731616774454333
50241,0.28078446249769573
50243,0.3418881792513436
50246,0.20015082337789736
50247,0.7110694810775191
50251,0.4018103196677639
50252,0.6028880581651738
50253,0.6085694875761206
50256,0.6472682058203977
50258,0.17634623377059025
50259,0.3674630041672294
50260,0.5470518062151348
50261,0.3591373724718503
50262,0.1901012818393484
50263,0.37316029005301143
50265,0.6367822314462607
50266,0.5269824812179144
50267,0.4196555639693317
50268,0.3008799142270343
50269,0.19153554638956494
50270,0.47864074610066926
50271,0.824079933581614
50272,0.6364561272894663
50273,0.35635222334704986
50274,0.4529786504314193
50275,0.8252413848731686
50276,0.3279605077705
50277,0.6503663465593829
50278,0.6486400322008364
50279,0.4747533585466519
50281,0.6297755015416667
50282,0.15872567670330182
50283,0.7027968601869403
50285,0.5460016687826109
50288,0.36339033763793266
50289,0.4945898547807198
50290,0.8937036523852235
50291,0.18284795834660109
50292,0.39302633486386196
50294,0.7670139330006164
50295,0.7820940489149079
50296,0.8501804538994929
50297,0.6645676153791169
50298,0.167326295446173
50299,0.4121796764623127
50300,0.8783380216986085
50302,0.41009831976123545
50304,0.5172087459598825
50305,0.7109208585049555
50310,0.545557730437266
50311,0.16219356857891856
50312,0.8182432791717735
50315,0.6321820701698279
50317,0.9282962864218678
50321,0.43124909062375966
50324,0.6223875979040633
50326,0.48785287159764407
50327,0.6460411223951511
50328,0.4026470765643258
50332,0.6219929648851074
50334,0.1661857538307515
50335,0.6023713233454622
50336,0.522276004984759
50338,0.17435405224618408
50340,0.778844999265988
50341,0.2199378663525096
50342,0.6930623858202458
50345,0.37360512009370855
50347,0.45225093377720504
50349,0.6305112530963138
50350,0.41650928735354315
50351,0.973654856491404
50352,0.412786200996992
50353,0.9720201609363702
50356,0.7852536561883495
50357,0.16315741696255345
50359,0.38352747019726785
50360,0.5171310459407489
50361,0.855944466236536
50362,0.40637002354361335
50363,0.7465141530572317
50364,0.4426583964327297
50365,0.5983244430883735
50368,0.7616578752726909
50369,0.5466885055054975
50370,0.4793919270909752
50371,0.6060911547676004
50372,0.40795960182707003
50373,0.21514285799863866
50374,0.3676671597364572
50376,0.3389943628759351
50378,0.677229996075166
50379,0.8024664482061609
50382,0.8573432094210359
50384,0.5689652515893985
50387,0.43365477453009116
50388,0.3422411984817808
50389,0.410635907649036
50390,0.17140103141114327
50391,0.4848568376243815
50393,0.14322826353819143
50394,0.5649120915755971
50395,0.35941722077587307
50397,0.7302710752235408
50398,0.3472008355786897
50399,0.8102267724585966
50400,0.15824305388484666
50401,0.4882335478426246
50402,0.48202505138937074
50403,0.4508967594245531
50405,0.43495282006389413
50407,0.35459074654767453
50408,0.38845688840775977
50409,0.4649571941167256
50410,0.5528788732945779
50411,0.323065069203318
50412,0.4101514060240678
50413,0.3913583619973608
50417,0.3686226000477904
50419,0.37877343968464816
50420,0.522108014034503
50421,0.3034914543778615
50422,0.4504472713813177
50423,0.4673978739388809
50425,0.6092818119616097
50426,0.49978321360313066
50428,0.7202589147537491
50429,0.48595871731955387
50430,0.45907827532065826
50431,0.42719787053680847
50433,0.5366600811797498
50435,0.7251508230884612
50436,0.47827201564607447
50437,0.45462839059729143
50442,0.41743615046164245
50443,0.8725311654570933
50444,0.13364281741018239
50445,0.8094386518779224
50446,0.3824121671967441
50447,0.581594603731792
50448,0.42750217866769946
50450,0.6466547126513952
50451,0.3216054946854698
50452,0.501281410473891
50453,0.21801223584716184
50454,0.8275820588978874
50455,0.8075553636892976
50456,0.5372813297304433
50457,0.4640598289505262
50461,0.2253530996261827
50462,0.28951700943168995
50463,0.44537744780314387
50464,0.3813181389473892
50467,0.16834801728354318
50468,0.5872722624548944
50469,0.518258260520313
50470,0.0
50471,0.48270119755436036
50472,0.14629843870714435
50473,0.7098875232585825
50474,0.34648849547715366
50475,0.46331940745054473
50476,0.7117219738523175
50478,0.3900833566974009
50479,0.24682031672252577
50480,0.5053874294057624
50481,0.3651173180504032
50482,0.43286213376870525
50483,0.46621254111407323
50484,0.5695098441921841
50485,0.0
50486,0.4453708419159016
50487,0.31807718947036606
50488,0.6225580129327819
50489,0.3287368672098592
50490,0.5035332335408406
50491,0.7724861018234568
50492,0.3271384379367992
50493,0.5599038167028008
50495,0.8683540311639678
50496,0.9393269795542061
50498,0.5547764922125394
50499,0.7884560389563077
50500,0.8925800062983037
50502,0.5767689805753947
50504,0.15510365530663808
50505,0.3358414822175862
50506,0.3960829410573918
50507,0.16101872678490683
50509,0.17116938167744083
50510,0.5061623593361045
50511,0.5155218749853906
50512,0.7252899211295457
50513,0.6648871321078869
50514,0.6260285571696628
50517,0.2088601581591643
50518,0.818498811602753
50519,0.7366990295407922
50521,0.7539036412163774
50522,0.45840399338664434
50523,0.26741979351938555
50525,0.8093599648772026
50528,0.39162133594659393
50529,0.8065264518860564
50531,0.9017144213563004
50532,0.6246430673050503
50533,0.469013275109891
50535,0.15109547219631958
50536,0.7027019844141112
50537,0.44916151934291104
50538,0.36054902497484953
50539,0.76687239826035
50540,0.8127337351909717
50541,0.6102008166948929
50542,0.8448517118321025
50543,0.3394320968639895
50546,0.33187381311222186
50548,0.3453907867716988
50549,0.6945674908519059
50550,0.2819995650652642
50551,0.497216120565352
50552,0.4977802280856132
50553,0.49376279437078907
50554,0.3382571557476664
50556,0.4086847465020018
50562,0.5593979388095399
50563,0.15438106882273006
50564,0.17860918562400036
50565,0.7856993697643841
50567,0.6263168425051223
50568,0.3493070084222829
50569,0.44736869046671085
50570,0.37689399901822596
50571,0.23538028047277387
50572,0.6140031935578751
50574,0.5264801549260822
50575,0.7648643600383898
50576,0.7678383623701311
50577,0.4812850989886568
50578,0.2303631623794171
50579,0.5832564404436075
50580,0.683101210439914
50582,0.5897387082839095
50584,0.9062528460206213
50585,0.5106615257298455
50587,0.4236852110033151
50588,0.5132450117154925
50589,0.5678672134693791
50590,0.7016621677544164
50591,0.34831125068253294
50592,0.17573897640795486
50593,0.5939699293845092
50594,0.7259697865655631
50596,0.7234690032475302
50597,0.15009386289781573
50598,0.6675056516297652
50599,0.7621109683951455
50601,0.1399108103187954
50603,0.3336590875857353
50604,0.7146616054442899
50606,0.6748387655490858
50607,0.17213249768231018
50609,0.21110414883431822
50610,0.9391504257462794
50612,0.39157975967517417
50613,0.6394308611176479
50615,0.5520563119418986
50616,0.39969092411872015
50617,0.31499463263652416
50618,0.759539441992504
50619,0.6394806469524499
50621,0.3593335536388476
50624,0.3790999622678002
50626,0.5185404931912605
50628,0.8293240070212875
50629,0.28365929088781855
50633,0.6377470526903759
50634,0.6180491654774323
50637,0.8043143504432476
50639,0.2141285997494787
50641,0.8526417729615481
50643,0.7249047899802701
50647,0.7463673034591747
50648,0.5249588886361888
50880,0.0
51000,0.0
51001,0.11637249649539055
51002,0.7538825962112965
51003,0.19578034522625634
51004,0.3608492184682469
51005,0.05126777361053365
51006,0.42891095440142557
51007,0.9538104380857502
51008,0.09530384472023552
51009,0.37896746515894264
51010,0.31560164687801934
51012,0.11344974349271363
51013,0.1322749416740909
51014,0.8734492107106996
51015,0.0731747079593582
51016,0.7303797289464239
51017,0.5284024470446058
51018,0.9073943580052553
51019,0.7710769849965242
51020,0.967402727627315
51022,0.11396792567736916
51023,0.9381561927998414
51025,0.46490712749270224
51027,0.4698523434230521
51028,0.9348705248877701
51029,0.9048407480677809
51030,0.8641297170900243
51031,0.8743295722511173
51032,0.39350827234581204
51033,0.7203985016906695
51034,0.15109259536950295
51035,0.2404143226892135
51036,0.261690472148042
51037,0.5767137296979286
51038,0.9409958719830562
51039,0.7837818832336171
51040,0.8263322340402158
51041,0.4164056637558097
51042,0.16706180519173372
51043,0.5582897087914843
51044,0.34228307360496474
51045,0.8434549226022173
51046,0.7003036692066958
51047,0.6944002507534954
51048,0.9515016045448801
51049,0.7401341201903917
51050,0.22500630463507065
51051,0.3864395682066968
51052,0.8986731090353934
51053,0.4432656456511013
51054,0.15112170740543637
51055,0.49502904573307766
51056,0.47110643271007957
51057,0.2346682350161572
51058,0.4950354717637222
51059,0.08369057518650375
51060,0.615951103102961
51061,0.3434056722168549
51062,0.6172228304175356
51063,0.8580815410658542
51065,0.0789508027791623
51066,0.6020230703660128
51068,0.6286901482412455
51069,0.9681593168985713
51070,0.1838012420515102
51071,0.6641733369656097
51072,0.9673150907840452
51073,0.9885064256711368
51074,0.5553205733547881
51075,0.5369700635632055
51076,0.8775388407846695
51077,0.9673106665054575
51078,0.16836079250935929
51079,0.9665853822024288
51080,0.43839929536593714
51081,0.8436552701262763
51082,0.07002420350292556
51083,0.3645235547899315
51084,0.5011894382108492
51085,0.6252595605461101
51086,0.7085574117086133
51087,0.9865204693916034
51088,0.42707981050571664
51089,0.3322972885136563
51090,0.07105356434892858
51091,0.7042371076953069
51092,0.04430638200840942
51093,0.7685794562060004
51094,0.7016697345038869
51095,0.7625448956740155
51097,0.18755709206009002
51098,0.1800267265980446
51099,0.9793197425176995
51100,0.5551002851946707
51101,0.8914223312477735
51102,0.49826690690204156
51103,0.544863983467705
51104,0.3899786266745823
51105,0.46787974835968377
51106,0.9852125915909659
51107,0.9164986706578186
51108,0.42376668214949836
51109,0.4975420416202972
51110,0.9069442260575654
51111,0.5623607332806816
51112,0.9552757135560486
51113,0.19640915189775607
51115,0.575608553862781
51116,0.16167752108533803
51117,0.9341665072764606
51118,0.46888026257541043
51119,0.9334187029176129
51120,0.9494149587643153
51121,0.6921765327566508
51122,0.7223000787645125
51124,0.5024840940834184
51125,0.37737257471101154
51126,0.05621987401095552
51127,0.3068492140607063
51128,0.2155264214296051
51129,0.12450864947736517
51130,0.0929819049718808
51132,0.32913325777424013
51133,0.3706872400710117
51134,0.5472121868102926
51135,0.31538839348394193
51136,0.8460762874943737
51137,0.12925782371498698
51138,0.0589398221222957
51139,0.09089563545387368
51140,0.9470983514007583
51141,0.12523492391322516
51142,0.8365377452776873
51143,0.39139646656503
51144,0.6428880053213767
51145,0.48005546246015274
51146,0.8902216862280499
51147,0.23289100033470217
51148,0.18697859030630876
51149,0.243383371191137
51150,0.9334244253037414
51151,0.17806973787400357
51152,0.9671386665716188
51153,0.8257578954418158
51154,0.5974910233520975
51155,0.4205944242818211
51156,0.5528195502835292
51157,0.38170579427613033
51158,0.24275559411237743
51160,0.31933501501489703
51161,0.9186045416788815
51162,0.6727046151699722
51163,0.46508285238846697
51164,0.34081743313004453
51165,0.07470953228248665
51166,0.14920275356926832
51167,0.33071909929381255
51168,0.2806766883335403
51169,0.746997508585657
51170,0.1971110088627607
51171,0.34043830107020917
51172,0.7293462539782346
51173,0.943862110942174
51174,0.6744496493216267
51175,0.35142907271039797
51176,0.14656821592144864
51177,0.3946921043891
51178,0.9839558988692622
51179,0.9636998495867182
51181,0.8530178152085974
51182,0.6950957220558855
51183,0.4621162674135847
51184,0.22605950221932614
51185,0.2428693809785868
51186,0.7331591231080655
51187,0.6416148768602032
51188,0.968182512310081
51190,0.9640034271781214
51191,0.4648016956760768
51192,0.6959794217691493
51193,0.22935406085159318
51194,0.6086020420516313
51195,0.09286018198585039
51196,0.8776136820786518
51197,0.867994553145986
51198,0.6375676579452737
51199,0.968821820595691
51200,0.8337519823027192
51201,0.8905684896750673
51202,0.9052242912589918
51203,0.24711648487995636
51204,0.8874514461499556
51205,0.18852371741100032
51206,0.9044665158125649
51208,0.9739831649695484
51210,0.9129134781161307
51211,0.07246591218281483
51212,0.43912154230814576
51213,0.5201093772540013
51214,0.4713177579697643
51215,0.7742847340631221
51216,0.9429663579320957
51217,0.7047926272515133
51218,0.4929532666568736
51219,0.3504480182340712
51220,0.06617782417694819
51222,0.34713603199305926
51223,0.8382406037307468
51224,0.06822331531827729
51225,0.4581719817516865
51226,0.5687689423801822
51227,0.2593501834808958
51228,0.06163676346168764
51229,0.41749324736785226
51230,0.8739012501110506
51231,0.1838159835157196
51232,0.8663017753736985
51233,0.2001351009935594
51234,0.5115795446979433
51235,0.07204838903504823
51236,0.48906247545347176
51237,0.100529937419185
51238,0.6153640310370229
51239,0.7667374886413003
51240,0.6118127685230651
51241,0.30821310870011337
51242,0.36896259706440165
51243,0.4750493842813089
51244,0.5194498263872614
51245,0.5125411342591039
51246,0.08292360238273802
51247,0.4711971847458776
51248,0.2940952873120464
51249,0.850403522937841
51250,0.6363720318232489
51251,0.8475688688559638
51252,0.9157937880133274
51253,0.06444273941526826
51254,0.49273373302231
51255,0.2632805915059391
51256,0.9663816883357258
51258,0.30515628714229115
51259,0.17931450991441253
51260,0.8988502923105581
51262,0.11951559704419139
51263,0.324534977980067
51264,0.22079574381000247
51265,0.15518437799925006
51266,0.9668510715870153
51267,0.4091939655901007
51268,0.8675497668880418
51269,0.15505318184030406
51270,0.46877169351522013
51272,0.38264594871837904
51273,0.8692137498854448
51274,0.07703137164401118
51275,0.06736275243120339
51276,0.9391023684045056
51277,0.6850498927328709
51278,0.1882174069681835
51279,0.34250737094337097
51280,0.19917322282861025
51281,0.924768432822693
51282,0.39201153418774437
51283,0.053248943820627774
51284,0.08972869411500428
51285,0.5436190724625246
51286,0.09117085228162311
51287,0.9065726339309985
51288,0.09069594391403024
51289,0.5341767084371095
51290,0.6444637073523785
51291,0.5202001416740774
51292,0.4487917518058368
51293,0.586176742643324
51294,0.7556440140602889
51295,0.275205831129392
51296,0.9519301161483379
51298,0.8518643221180957
51299,0.8318434550102879
51300,0.8570918197297077
51301,0.2122095390452872
51302,0.9391922349231261
51303,0.9345527054599453
51304,0.3830025692971576
51305,0.42811393285165605
51306,0.25304842052738563
51307,0.7930255354535255
51308,0.8396604320262672
51309,0.9057820844152419
51310,0.4109645238931797
51311,0.45682182787550557
51312,0.20179911586031854
51313,0.05511834963184485
51314,0.14647308132598633
51315,0.09113286275893893
51316,0.08634656063217229
51317,0.8582999024872572
51318,0.871085769974202
51319,0.3946619078383768
51320,0.8679700946860819
51321,0.2366011889634016
51322,0.40730972712241864
51323,0.039286843027039546
51324,0.048122081778989266
51325,0.8183635468965265
51326,0.18681979105980653
51327,0.662940225357193
51328,0.09007226713656552
51329,0.40956795698421344
51333,0.4231005282150406
51334,0.08887335724812093
51336,0.5564861984420766
51337,0.6319287349743948
51338,0.3916630774447231
51339,0.2249746516136402
51340,0.31724336385257607
51341,0.4192332583875173
51342,0.8186805347326532
51343,0.6717215376940165
51344,0.8652001963864029
51345,0.8581033650077932
51346,0.8567377605670943
51348,0.9638914588513793
51349,0.2684971133900651
51350,0.38463775520399396
51351,0.6950624561047803
51352,0.12656550113536963
51353,0.3200741064176576
51354,0.18493180211966712
51355,0.39342933736808017
51356,0.06509934883001688
51357,0.9177280012259549
51358,0.6386239999334778
51359,0.34021007897903716
51360,0.06168813817763874
51361,0.9438905115015519
51362,0.4155445359354553
51363,0.08400045955837214
51364,0.4334332501150848
51365,0.46001066933814627
51367,0.8295142642114316
51368,0.3853808201685001
51369,0.06780702026374681
51370,0.06710759177728139
51371,0.24162563821963706
51372,0.2682538036325739
51373,0.8480267432866189
51374,0.16364810981175987
51375,0.528940074438821
51376,0.4712940482986709
51377,0.46697126876542394
51378,0.8492993669172583
51379,0.768744420038134
51380,0.34814491189599756
51381,0.6727566998153063
51382,0.9336053611465036
51384,0.7784134552831563
51386,0.3403823476563346
51387,0.7709830126113865
51388,0.982087084994783
51389,0.18384792601744246
51390,0.860209475998212
51391,0.35409864771987926
51392,0.9377987994414106
51393,0.9244752582820629
51395,0.3703829819748691
51396,0.8388190440743242
51397,0.407014282704639
51398,0.9808985618515303
51399,0.0649331448433894
51402,0.2162703414641018
51403,0.967904017596172
51404,0.28988058896623925
51406,0.07014455614200774
51407,0.09310146782021748
51409,0.9074519339907425
51410,0.8749371121845136
51412,0.05591349701155006
51413,0.8678458145388482
51414,0.22608118765966304
51415,0.1793126261021495
51416,0.6047461399498447
51417,0.09007124890687426
51418,0.45719679342965003
51419,0.40686632992983945
51420,0.7101586445878589
51421,0.16129376113952343
51422,0.4103271329760853
51423,0.5896762456264979
51424,0.3553219606133274
51425,0.047068535341963
51426,0.04355653998413195
51428,0.34188228587366815
51429,0.8362103509525028
51430,0.6412893867907494
51431,0.9179114370199303
51432,0.05439257836077311
51433,0.080218299919933
51434,0.8855258786677406
51435,0.9579608811164245
51436,0.1890401660111803
51437,0.3541156261469816
51438,0.7304985731937287
51439,0.8742882265715493
51440,0.43646199800125063
51441,0.6865227043883295
51442,0.08446953918654283
51443,0.5403842870236687
51444,0.4880676859673744
51445,0.9514923533004435
51446,0.09953174464622459
51447,0.6321657470132864
51448,0.8486493487097602
51449,0.36059799808304993
51450,0.44901548301002103
51451,0.26120280383247807
51452,0.911719603136435
51453,0.26913462608831273
51454,0.5076502566657402
51455,0.08000387754124871
51456,0.29439257604643276
51457,0.8941437084090611
51458,0.1593946373959314
51459,0.32472002689830753
51460,0.35857861787822587
51461,0.44305453147222207
51463,0.5314405997958176
51464,0.6698139122347219
51465,0.9378120328973178
51466,0.22879646123033742
51468,0.40364398284941727
51469,0.917120596942282
51470,0.22662241791220308
51471,0.48364641125484215
51472,0.07244248930903638
51473,0.7105651438695836
51474,0.4805329114892675
51475,0.4919899826654948
51476,0.19734739327437295
51477,0.5655461215804989
51478,0.10678744348821351
51479,0.4478855189400213
51480,0.05275639850006953
51482,0.21842806159945125
51483,0.36062039201503604
51484,0.4708229753583178
51485,0.18093763870142882
51486,0.7127113527055009
51487,0.27635407020083436
51488,0.9395505918384397
51489,0.1431508716184686
51490,0.9793729638991304
51491,0.8652890959281808
51492,0.4470676522449873
51493,0.505501964543904
51495,0.05501180896780312
51496,0.07500794889047108
51497,0.6338157558577434
51498,0.9012154704247027
51499,0.9502752563830054
51500,0.2732529990924863
51501,0.17832381500680125
51502,0.12712871361698347
51503,0.8274966681293139
51504,0.4355088807695784
51505,0.8151422810654448
51506,0.37376981320910446
51507,0.10782459525079405
51508,0.9425869412243021
51509,0.9066849130482124
51510,0.08698061924988898
51511,0.3042873070096701
51512,0.9865159140564684
51513,0.40977974772888287
51514,0.051531062884793255
51515,0.1503903388081235
51516,0.3040233175853438
51517,0.23242688235921985
51518,0.4822789838684042
51519,0.6861353319128055
51520,0.20584045280109448
51521,0.09614869119842556
51522,0.09913608168444345
51523,0.5740661319191415
51524,0.8796279999953961
51525,0.3605288145443165
51526,0.15398230122369275
51527,0.8220549218386924
51528,0.6703460155305707
51529,0.5982637866863717
51530,0.2819755420237558
51531,0.5858677763780052
51532,0.9472750296175321
51533,0.37858381710326766
51534,0.40483145771120627
51535,0.07905047613454493
51536,0.4041653785968383
51537,0.3207647540615867
51538,0.2680132169313553
51539,0.45491940380688206
51542,0.16426734488828296
51543,0.05171539022131403
51544,0.3896122421012058
51545,0.735163009732823
51546,0.4211528959880665
51547,0.8679308062938712
51548,0.16438086803041715
51549,0.24876100169504056
51550,0.3788582885599199
51551,0.41479637035970346
51552,0.1311823292271728
51553,0.11304609514536094
51555,0.4278234395980344
51556,0.8813084297232056
51557,0.0726298094891958
51558,0.8204396179236686
51559,0.48085909344280187
51560,0.8310119672152216
51562,0.5250275290331179
51563,0.16204510569206995
51564,0.9372494184836827
51565,0.7069684093048394
51566,0.8830898971862683
51567,0.09091406336020606
51568,0.493032813312249
51569,0.47072684290462863
51570,0.390492335912016
51571,0.29786646865608
51572,0.6278722126118759
51573,0.5187464320222506
51574,0.20606300028178703
51576,0.9300021574380756
51577,0.5269312101125853
51578,0.7163442654449339
51579,0.8911374293764769
51580,0.3102871868523711
51581,0.8511984190601766
51582,0.8583229448488774
51583,0.6806318023774425
51584,0.5914462530838005
51585,0.7658805169038757
51586,0.669376888121068
51587,0.24561287736846615
51588,0.07370461771307914
51589,0.35638157994649067
51590,0.43044035461978064
51591,0.7810542321903445
51592,0.1292453630440858
51594,0.4667237912792686
51595,0.9837838922309957
51596,0.19230214664704492
51597,0.9000233063188486
51598,0.07786795250041859
51599,0.24639274582615076
51600,0.8201126079722416
51601,0.6822572219117752
51602,0.7979310652100271
51603,0.9412825272049731
51604,0.7225859114996388
51605,0.9136439856852817
51607,0.5959159328469728
51608,0.1461544910583522
51609,0.47866214828817916
51610,0.08311998794998776
51611,0.7691731870268554
51612,0.7889146531931842
51613,0.3659091529233842
51614,0.3439276803303091
51616,0.2067614328627152
51617,0.2003167358529374
51618,0.8200624554240223
51619,0.296090300620443
51620,0.4553407385057285
51621,0.2016723859884748
51622,0.4304985371183386
51623,0.9798062974309173
51624,0.323963042167044
51625,0.33422247387613085
51626,0.10680046295324108
51627,0.8282710329754179
51628,0.27963722125918705
51629,0.48082075705365496
51630,0.8788839890711049
51631,0.5120197389541349
51632,0.3464896917510302
51633,0.5405486079225583
51634,0.878772623462648
51635,0.15251325205710892
51636,0.3156040303090966
51637,0.8928484272215085
51638,0.7828508253363982
51639,0.523757998095296
51640,0.4094352310548941
51641,0.18012452524731407
51642,0.5944407598810721
51643,0.8409075348511413
51644,0.6762888007313297
51645,0.0737942911014134
51646,0.4330248193626669
51647,0.1358540753511106
51648,0.1962118993369463
51649,0.24360187925351168
51650,0.06441765654880593
51652,0.3355215875758543
51654,0.10362627926250426
51655,0.9424886138868355
51656,0.18373327448631946
51657,0.42095693210835156
51658,0.24642372753443126
51659,0.8152408507003326
51660,0.8222595354911749
51662,0.6002925938393079
51663,0.9226204223750943
51700,0.0
52000,0.0
52001,0.8260551066975316
52002,0.963301930451683
52003,0.381437446204524
52004,0.23997038443619928
52005,0.9054902003302496
52006,0.22083828272978254
52007,0.27281081626029663
52008,0.4819820153810866
52009,0.9492231574336816
52011,0.12790489037919694
52012,0.41681126605833324
52013,0.9167099598741336
52014,0.08353529475847095
52015,0.8922245236627215
52016,0.9425656264392366
52017,0.7231136283072254
52019,0.453581524907515
52021,0.811500059943773
52022,0.8518403410710891
52023,0.0562824727951246
52025,0.9526541399784655
52027,0.05807723503874755
52028,0.946956853559911
52029,0.07638292692328434
52030,0.06392603499216384
52031,0.8458206615917985
52033,0.19372788311223707
52034,0.7081886535831329
52035,0.06805323506539059
52037,0.41223643403088256
52038,0.9652766297296008
52039,0.7663061267489144
52040,0.837444435750784
52042,0.05126528362035736
52043,0.5196792478132053
52044,0.27295921064706313
52045,0.2114183759018482
52047,0.33805280229537155
52050,0.639965347574689
52051,0.9178108771387823
52053,0.8301830203448207
52055,0.557966396046083
52056,0.09877989590563689
52057,0.3914779390610826
52058,0.0627677879108655
52059,0.17286615668702424
52060,0.6685424538015248
52061,0.7067397242959407
52062,0.8216424076830753
52063,0.2338416092694441
52064,0.315666775090619
52065,0.18581533776767334
52066,0.5650270302047395
52067,0.285374604695628
52069,0.09267927644296488
52070,0.09188534959900821
52072,0.14611510359527818
52074,0.9118580173441191
52075,0.5715979480128754
52076,0.11584470201330305
52079,0.7743953691222919
52082,0.061654804331090454
52083,0.09260920639568511
52084,0.3660710993440115
52085,0.9676230942121999
52087,0.8577622371179338
52088,0.05112172934205673
52089,0.9120099647790706
52090,0.34004917127393336
52091,0.032863608673289364
52092,0.042075927146355135
52093,0.27362859635065756
52094,0.8625867785516613
52095,0.4383006939106629
52097,0.1756128911037119
52099,0.10046564467135331
52100,0.0
52101,0.0727323867634371
52102,0.40591734026138376
52103,0.8943930744217133
52104,0.19375544303575737
52105,0.9632633477795255
52106,0.10342602438598167
52107,0.539717527350209
52108,0.3962616319255244
52109,0.43451244263356337
52110,0.5245310468252199
52113,0.8969668989032817
52114,0.0997763822989971
52115,0.40249681893594286
52116,0.39235749523327146
52118,0.07291538928170445
52119,0.2956536191710572
52120,0.13953595073830183
52121,0.0812862718607331
52122,0.057252595091299534
52123,0.10014568724857562
52124,0.8095709796471625
52125,0.16016577830089795
52126,0.672270041702996
52127,0.9412202804908026
52128,0.4838857806806339
52129,0.40750536202832544
52130,0.6008164858093449
52131,0.16505134975335284
52132,0.953195921566749
52133,0.6520310071571818
52134,0.791988713968709
52135,0.8883898151527154
52136,0.8300144149335429
52137,0.27412798992356124
52138,0.8768694393261394
52140,0.19996164575075967
52141,0.166289292143718
52142,0.5009923446520036
52145,0.6371646313703511
52146,0.9498808611321
52147,0.11129241227111464
52149,0.7596999442507363
52151,0.8937347654339419
52155,0.383007861654914
52156,0.07966123083171463
52157,0.2673720981451618
52158,0.3690317158668079
52159,0.9658569559927245
52160,0.19451730659517025
52161,0.9729524224866615
52162,0.13624775824823213
52163,0.958660978103906
52164,0.7218812569876003
52165,0.9095256292420276
52167,0.6089060219496191
52168,0.8776270177601873
52169,0.8026446455877708
52170,0.7833184357711164
52171,0.7770130515158998
52172,0.746423229782248
52173,0.40370709968878254
52174,0.9615312372864067
52175,0.03872847856423666
52177,0.03395744403580281
52178,0.5674483195608916
52179,0.8595972628617549
52181,0.20722513660463748
52182,0.06843039718094922
52183,0.4598240456908783
52184,0.315457589400175
52185,0.2546128172221769
52187,0.3331486481613306
52189,0.04803205743538944
52190,0.882136319887228
52193,0.1750403595747074
52194,0.13467964036844438
52195,0.20707407209743797
52196,0.04229209083032132
52197,0.05922682775499536
52198,0.7656640453853771
52199,0.6326329645549302
52200,0.10784432371848825
52201,0.5118511734504155
52203,0.10988821733076977
52204,0.7042496788387664
52205,0.04910032447862327
52206,0.16806805719668713
52207,0.138378241635571
52208,0.2553453141976078
52211,0.04346234066887565
52212,0.055013330124754074
52213,0.18645305968034287
52214,0.035577254817221286
52216,0.8826310485767479
52217,0.5506404161634474
52218,0.7374163875778355
52219,0.7381299371321739
52220,0.850409509894609
52221,0.8458480208037624
52222,0.18614908495200336
52223,0.19875343211649876
52227,0.031249321471857962
52228,0.9332265746842621
52229,0.7462244163443514
52230,0.03619747943938535
52231,0.8040463381586238
52232,0.09846231299144598
52233,0.5175823634159217
52234,0.76471040228038
52235,0.10183584971069222
52237,0.37855032010641865
52240,0.9009607846865533
52242,0.31002358856086165
52243,0.7790707543578232
52244,0.09549281287602479
52245,0.18862402489749294
52246,0.06592084949461195
52247,0.34611597169901526
52248,0.769537407888689
52249,0.3900043828237805
52250,0.08664852874858683
52251,0.15029331426710602
52253,0.8159159670160225
52254,0.6580866152837368
52256,0.5166450302981019
52257,0.43816478869479203
52258,0.052652162478033206
52260,0.05364325439428565
52264,0.7060156741888348
52265,0.11311138961646869
52266,0.554677702249545
52267,0.09697442635619812
52269,0.45495740204228813
52271,0.8111510922568373
52272,0.8048491125033808
52273,0.8312937925333318
52274,0.8432786710840541
52275,0.9075147198578792
52276,0.6761463532992558
52277,0.13812237324045928
52278,0.7002808063091669
52280,0.4041159791335736
52282,0.061274959338881586
52284,0.3155747140173206
52285,0.05760685147980511
52286,0.17468244875820835
52287,0.9634896208124241
52288,0.17989653099687375
52289,0.5173895506860393
52290,0.10490405265543261
52291,0.9576602266323259
52292,0.8692100773996801
52294,0.1976475388721247
52295,0.8063738664106831
52297,0.8326216342450795
52298,0.8783605097171268
52300,0.7846353200244103
52301,0.9574504800320012
52302,0.09523128312050072
52303,0.920144565632047
52304,0.772943363911235
52305,0.8122596446864239
52306,0.22590615549911783
52307,0.04286010835075531
52308,0.5470249584247332
52310,0.263564833063176
52311,0.898816034949631
52312,0.05564316430562903
52313,0.5665550780339454
52315,0.693986692981206
52316,0.609383180505137
52318,0.2212216628959276
52319,0.9373111155529615
52320,0.9379642044741103
52321,0.3637351893292013
52322,0.13586658810969554
52325,0.9207906996496225
52326,0.3420429276883506
52327,0.10827503243020527
52328,0.8309203903907836
52330,0.6548378170688897
52331,0.08253052758049534
52332,0.20687441581025792
52335,0.1358184822888501
52336,0.7636625166418918
52337,0.24254127558111532
52341,0.7066014900710088
52342,0.2881103894041856
52344,0.9177485497884164
52346,0.04429995060755531
52347,0.11554020627062533
52348,0.9500731495054124
52349,0.055360547552951035
52350,0.39115953467411746
52352,0.9637375431625457
52353,0.8376883154811726
52354,0.8802565461651349
52355,0.12285763166092961
52356,0.05456657893915276
52357,0.4694366741682878
52358,0.9757632511657558
52359,0.3923625479813862
52360,0.028860374746847627
52362,0.4182471023642633
52363,0.413671981431525
52364,0.08274620951474444
52365,0.12821774015236664
52366,0.047080532608747824
52367,0.04705760207852184
52369,0.1803529920694208
52370,0.05878349698805322
52371,0.048182481525951934
52372,0.4167716656642571
52373,0.6710888263412805
52374,0.8984302126248656
52375,0.9134456240396789
52376,0.22599086920237288
52377,0.6913727768152247
52378,0.8587105044277146
52380,0.40794882843967983
52383,0.07864998020818229
52384,0.13928670664632914
52385,0.9670449568218159
52386,0.0983872527264647
52388,0.03950772117445378
52390,0.486763362308456
52391,0.1485500549303066
52392,0.9341931778715686
52393,0.8851077066912273
52394,0.0324977547581556
52395,0.10606028938636215
52396,0.8807461917825733
52397,0.9472143535995633
52398,0.061712669448143576
52399,0.9043817199961554
52400,0.7222949406654539
52401,0.7279547213061841
52403,0.8570008359564883
52405,0.7501375079360026
52406,0.03362384624078972
52407,0.43543844032986406
52411,0.048190173557078775
52413,0.7651825981422679
52414,0.107069229660726
52415,0.7812604597421956
52416,0.7808658558866484
52419,0.5792975936875042
52420,0.13763867556400686
52421,0.0680798982135175
52422,0.059069546419562385
52423,0.19172587251421283
52424,0.9346281403919748
52425,0.04084431363179897
52426,0.25987144017674235
52428,0.5417708877567915
52429,0.10749022481572168
52431,0.9037049833435207
52432,0.06182800456837429
52433,0.21171219006409334
52436,0.03456619985088409
52437,0.8619620375120733
52438,0.1613334943463453
52439,0.9428981047031102
52440,0.03905845677456088
52442,0.0767508048586184
52443,0.2129892902162586
52444,0.22626958864951682
52445,0.937695922831199
52446,0.8548602560270534
52447,0.057158291492178395
52448,0.19832976881591474
52449,0.37596137333922297
52450,0.8436964423425275
52452,0.05611523860767186
52453,0.4004275534531588
52455,0.4509688217316438
52456,0.04834854190790272
52457,0.39510469343345794
52459,0.8041685976773101
52461,0.12910629647767494
52463,0.2824243095580807
52464,0.5448877117396855
52465,0.7808610803461601
52467,0.21755696778907138
52468,0.21530636958259172
52469,0.0710333748052151
52470,0.6871980529368594
52472,0.8013781538096758
52473,0.33178769249151285
52474,0.8071077432946601
52475,0.8327686298002479
52476,0.3795591318229878
52479,0.1991702676451257
52480,0.0441051398136708
52482,0.03985820721652925
52483,0.8730061689456514
52484,0.09102945865603056
52486,0.8582280455984473
52487,0.04370760585432169
52488,0.09464395922400717
52489,0.9538751210348551
52490,0.06964427782580535
52491,0.1824177483795389
52492,0.3729085266892805
52493,0.15626267917930778
52494,0.8195570859346857
52495,0.36166841865326377
52497,0.11043590110686587
52499,0.050464801472733106
52500,0.12108234963639304
52502,0.8284358210358501
52503,0.21316094028771865
52504,0.9278418561766967
52505,0.37033965410405806
52506,0.7475107409166247
52507,0.8930316533954481
52510,0.738811317694875
52511,0.04066511526808648
52512,0.0950308408089892
52513,0.48765734628916707
52514,0.8536026167321531
52515,0.8794807581366371
52516,0.8211025787702774
52517,0.3221553761144309
52518,0.8077303971400746
52519,0.046711469135950964
52520,0.7304359714731095
52522,0.046820747989957195
52523,0.15351986650461266
52524,0.03964162599668842
52525,0.736845054289531
52526,0.9088830930299422
52528,0.6614097724246885
52529,0.8373277247743928
52534,0.11611613868050372
52535,0.18303709447372368
52536,0.06961861336617793
52538,0.06070027752468489
52539,0.9713009245039109
52540,0.8649452374948278
52541,0.8535538394713319
52542,0.8686286124812661
52543,0.16084158395376613
52544,0.1883349224141437
52545,0.07943502746848846
52546,0.22029225406462064
52547,0.04334925434402174
52548,0.04805495836108548
52549,0.962438674236493
52550,0.7949451384727849
52800,0.0
53000,0.0
53001,0.12280548381905998
53002,0.6907474367752213
53003,0.4173304917168117
53005,0.5518689909772363
53007,0.1066039630579872
53008,0.31446268621893547
53009,0.688509845352719
53010,0.5104090078883479
53011,0.7416193750948848
53012,0.6287793466138988
53013,0.27819944846941136
53014,0.0
53015,0.411615716173326
53016,0.5197750896033624
53017,0.38986796516604816
53018,0.5290062055588268
53019,0.05324964390205589
53021,0.3584231241149618
53022,0.04877456878125456
53023,0.5193701205091793
53025,0.7234290868837067
53026,0.6760179580935132
53027,0.4373080022627618
53028,0.30858178440216644
53029,0.5586919413601458
53030,0.6913658590663334
53031,0.9055526624635072
53033,0.7389759179537362
53034,0.1468574765993691
53035,0.40707364493706016
53036,0.5977953238933652
53037,0.5206830626775507
53038,0.48151493295398584
53039,0.3869109624310469
53040,0.37085735431304706
53041,0.5503418235543062
53042,0.3466464572230826
53043,0.48418366367495064
53045,0.08641989566924149
53046,0.7240570699628046
53047,0.39267584050205334
53048,0.4449236693918069
53049,0.607318139784677
53051,0.32596112402564764
53052,0.5064142527097413
53053,0.4320360419549844
53054,0.14829700614032784
53055,0.29837098917767824
53056,0.10752849097826081
53057,0.5771682562031665
53058,0.6922233401550618
53059,0.0662732473515376
53061,0.5595953837333225
53062,0.8435397357059863
53063,0.7253431220531559
53064,0.42609823091728677
53066,0.6628468661863449
53067,0.5123555115394178
53068,0.6694345232667825
53069,0.4499070116584332
53071,0.34207105545775357
53072,0.48453497763811865
53073,0.5587914903711412
53074,0.47136576523031515
53075,0.7180997829844358
53076,0.06138037383647332
53077,0.5452545349792083
53078,0.7701562293419089
53079,0.36538062644228414
53080,0.5097222397799146
53082,0.6721527079847746
53083,0.3015315370298942
53084,0.6869521873578832
53085,0.3784231463534499
53086,0.4007662921748372
53087,0.5193827949855552
53088,0.6049484921475534
53089,0.6768353327605469
53090,0.6702291636275095
53091,0.2879028984260957
53093,0.4087740502635386
53094,0.7423045929317336
53096,0.4657775136507636
53097,0.4057158944862222
53098,0.5809932741145309
53099,0.755718433476645
53100,0.32810254790237875
53101,0.664896779367176
53102,0.6152270693981032
53103,0.10412056638439633
53104,0.6847475518545401
53105,0.6527366782517114
53106,0.48764937735574126
53107,0.42099915818207656
53108,0.09311539473222163
53109,0.635231025970567
53110,0.6815425975198435
53111,0.28562263073784944
53112,0.26356646638621695
53113,0.49294091236220045
53114,0.5414134548438949
53115,0.3658983573058002
53116,0.30031013802912354
53117,0.7299231283897291
53118,0.4526212922575163
53119,0.6534497936167779
53120,0.27521153410301535
53121,0.4144315068849758
53122,0.6865744139949864
53123,0.4142600059387658
53124,0.6551808800700104
53125,0.3973273102834629
53126,0.3594820085267821
53127,0.4064512425878279
53128,0.6422003169912868
53129,0.508581562407406
53130,0.18760768574135905
53131,0.37164217939232125
53132,0.41583267933882184
53133,0.34378182665397816
53134,0.4192096682739454
53135,0.3849024675038054
53136,0.6594187148112663
53137,0.10719148546014316
53139,0.48018296392821025
53140,0.1282353580915599
53141,0.7874123047220842
53142,0.38943089819638455
53143,0.7278027294202444
53144,0.35614487893149377
53145,0.8182947745061158
53146,0.5791087538962394
53147,0.4766008309523256
53148,0.7033023284246014
53150,0.6547561415420304
53151,0.618750925896093
53152,0.6874350744147123
53153,0.42293943102542364
53154,0.45025239638977466
53155,0.3353631977262829
53156,0.7117035217336383
53157,0.7149889231099308
53158,0.6430054388750537
53160,0.2691943805387651
53161,0.47414189493084324
53162,0.42483899321458213
53163,0.5782808666168164
53164,0.5069170651731418
53165,0.4377383462353254
53168,0.6868436029240345
53169,0.09378121079275752
53170,0.38379670392660586
53172,0.7354785630413045
53173,0.5142195058040295
53174,0.4212709708382514
53175,0.6888046823515196
53176,0.4109050800013646
53177,0.7499989599326548
53178,0.8365414235668402
53179,0.9188597758548254
53180,0.6444590022890953
53181,0.5455895973356591
53182,0.5342898833884653
53184,0.6474117992986145
53185,0.443445642351559
53186,0.7422146233996494
53187,0.5574983845196897
53188,0.6942766750518431
53189,0.5484040683858554
53190,0.42325911748337675
53191,0.5246302219306043
53192,0.5454254769758212
53193,0.5860631995575244
53195,0.6909508984926773
53196,0.4012100434615506
53197,0.542547739774498
53198,0.3032007900814559
53199,0.39210201255694954
53200,0.38809034621450933
53201,0.13811099999622167
53202,0.4364772873345545
53203,0.6130411463542936
53204,0.4032825780782088
53206,0.6990917858235429
53208,0.35373189392067134
53209,0.07850033246988264
53210,0.5450095682393813
53211,0.2995536618221929
53212,0.5163064614152929
53213,0.4670913668171527
53214,0.2801790420209366
53216,0.3354608952405328
53218,0.34723636182428075
53219,0.5284791795462205
53220,0.060175803905368995
53221,0.514389286120266
53222,0.8353807405612567
53223,0.17703634132655385
53224,0.1122366835082542
53225,0.5199838581166657
53226,0.32521492868122576
53228,0.05665184929183618
53229,0.11446830521207514
53230,0.4578192416376883
53232,0.04623774220117845
53233,0.42447354550938643
53234,0.3117183929403194
53235,0.48046340930790676
53236,0.22948553941727884
53237,0.4720502776133687
53238,0.4183829586233382
53240,0.55798039328551
53242,0.5257191987012282
53243,0.09647791124822466
53245,0.45253554915323596
53246,0.4803124838606873
53247,0.07479967622836071
53248,0.12273974581303215
53249,0.1911919277998234
53250,0.680889032067128
53251,0.6360260260515379
53253,0.5189849507516825
53255,0.04390174730476017
53256,0.32701547873697234
53257,0.45483857247540366
53258,0.443570925859097
53259,0.2858216167209456
53260,0.8479195604862384
53261,0.4515839082884054
53262,0.08060992757021013
53263,0.4602357585977152
53264,0.06307973574441526
53265,0.5124517915461606
53266,0.3543627719422913
53267,0.0498495146625884
53269,0.42011237456117
53270,0.5472152956506307
53271,0.41301487993524477
53272,0.2984096560885346
53273,0.7359457310511067
53276,0.4597528099507758
53410,0.0
54001,0.8487665710641363
54002,0.5806477594348093
54003,0.07916534671023755
54004,0.5480276421123312
54005,0.14493633638782855
54006,0.8206172755503159
54007,0.5021639452770637
54008,0.7382088134108178
54009,0.21604221987080605
54010,0.8190386745177332
54011,0.4010295682271576
54012,0.7630710690211886
54013,0.5254200423017337
54014,0.6615413552571139
54015,0.7278788093421762
54016,0.8860660358246156
54017,0.660437400698544
54018,0.8872761298191542
54019,0.7907738457545671
54020,0.44720462421554147
54021,0.9158405301980675
54022,0.9268427723299916
54023,0.5456994124070399
54024,0.8906441538084608
54025,0.579527570118483
54026,0.8133751322869998
54027,0.357660092798714
54028,0.8252723076479874
54029,0.7413356322111082
54030,0.07542726106462032
54031,0.45865151593772974
54032,0.3820502612301978
54033,0.5225473529397054
54034,0.9399797206690887
54035,0.7031984445902084
54036,0.7737790508953364
54037,0.39803815278137256
54038,0.27131876607106603
54039,0.27413974021062903
54040,0.7337963678067466
54041,0.6960602720402499
54042,0.11918400171992417
54043,0.9794498519356112
54044,0.09360036033083058
54045,0.3541776063021377
54046,0.6048737550935701
54047,0.6547487714649795
54048,0.6310754490440831
54049,0.7634814242985228
54050,0.7403162195879857
54051,0.8152201812076045
54052,0.3136891965651461
54053,0.7869662289869016
54054,0.20485045942610317
54055,0.907051220771857
54056,0.7618443714519323
54057,0.28425690117345626
54058,0.8184420759063141
54059,0.41231595491753553
54060,0.48335575042313117
54061,0.12399897216924309
54062,0.35087547464012575
54063,0.5796928395313963
54064,0.6979778462082094
54065,0.2909497450957619
54066,0.9466547596291726
54067,0.6888828513148196
54068,0.43321030670625404
54069,0.62967541529771
54070,0.9124384056308973
54071,0.47709754217235917
54072,0.4550584313070381
54073,0.3824189653105099
54074,0.8316940648412434
54075,0.7929333986128834
54076,0.21307582806254954
54077,0.09437637895330082
54078,0.11469208016355907
54079,0.3789175481531792
54080,0.6703456016067969
54081,0.760975141604975
54082,0.5670465612184227
54083,0.7688560757895178
54084,0.6683021568334095
54085,0.7785063816348883
54086,0.8311055032524439
54087,0.4162030102876569
54088,0.8381342089422273
54089,0.7609384261741432
54090,0.659515804116183
54091,0.5064804031386436
54092,0.05262749141939997
54093,0.24573023035505845
54094,0.09510482070216585
54095,0.9331374468770772
54096,0.5608416696235724
54097,0.6129158795759903
54098,0.20614698377621343
54099,0.9273639360633182
54100,0.7181981902704353
54101,0.23914976097585455
54102,0.2598513957198176
54103,0.589731100008821
54104,0.9569721188045871
54105,0.8127740577758811
54106,0.8588730729336705
54107,0.10350951069562164
54108,0.37769883707328145
54109,0.37718321450468734
54110,0.7849540930272668
54111,0.4511257784760768
54112,0.49559105860702013
54113,0.7655008044725324
54114,0.49560008399540634
54115,0.5322574431802446
54116,0.23261191424723018
54117,0.09099474447261664
54118,0.28179234349538085
54119,0.5892793161911688
54120,0.22723335228456848
54121,0.291602452394575
54122,0.5117013668360371
54123,0.5033560444135343
54124,0.7629148453829349
54125,0.27179755506291503
54126,0.9119836793781078
54127,0.5531550948332122
54128,0.2298733195685032
54129,0.19897290694966865
54130,0.8025029745159856
54131,0.8767464592652326
54132,0.2815258021536137
54133,0.8310428457216362
54134,0.37779232175678934
54135,0.6325551805484294
54136,0.6818113200903243
54137,0.5453064251083122
54138,0.6239926149106358
54139,0.9613034948297431
54140,0.09147225657549087
54141,0.5338112251511722
54142,0.21053038675847782
54143,0.716276456217286
54144,0.7217788317888821
54145,0.4538517030718709
54146,0.6954722237033696
54147,0.7975211554957365
54148,0.15510764967793167
54149,0.5825409381386103
54150,0.546081481422091
54151,0.5632342229071755
54152,0.418829609942007
54153,0.39199891142168447
54154,0.20349101057820687
54155,0.33102878704189004
54156,0.05618317560704495
54157,0.4434988117163414
54158,0.4646272673512281
54159,0.5526008755422375
54160,0.9920248839166579
54161,0.5352650866706122
54162,0.23593257569499376
54163,0.10979027917016222
54164,0.07093417924235611
54165,0.5757026387953023
54166,0.8200533244174083
54167,0.607413800180512
54168,0.8105778182085733
54169,0.5441546334004597
54170,0.2849059865768421
54171,0.7715422407157974
54172,0.7807996509146603
54173,0.9421850774249335
54174,0.2974864363208791
54175,0.1894340534006308
54176,0.8348947070954821
54177,0.7301299188953422
54178,0.2776786786375526
54179,0.38000060298751903
54180,0.7492171062657775
54181,0.5839153949266858
54182,0.42204758563724404
54183,0.7222283732153544
54184,0.8103463113143041
54185,0.481968585339731
54186,0.5304892929393432
54187,0.41172704725994247
54188,0.5138354358276849
54189,0.32057227399224364
54190,0.3856418254898498
54191,0.7369984440486155
54192,0.9946268127802963
54193,0.6514533635767871
54194,0.570747807648735
54195,0.4715377608064457
54196,0.3836657300881422
54197,0.5383935176184546
54198,0.8499510065305024
54199,0.27358161168811884
54200,0.4988680115489704
54201,0.8095798440539997
54202,0.49975891216219337
54203,0.13154336379736012
54204,0.04925386507114756
54205,0.2072240083991354
54206,0.14976074326814934
54207,0.06112129583898151
54208,0.895857684631396
54209,0.20567242400381106
54210,0.10898263783551776
54211,0.18284890489021147
54212,0.4906048974430631
54213,0.5342166751294021
54214,0.4743459044639551
54215,0.6564568328134276
54216,0.17516455845167583
54217,0.2541534368277688
54218,0.3221830266071434
54219,0.9616911487379246
54220,0.7739155585787263
54221,0.26317982317092053
54222,0.15346487625889738
54223,0.917412353309006
54224,0.10231392225662414
54225,0.9920224952721924
54226,0.9197514104055957
54227,0.753094806395481
54228,0.721149199602988
54229,0.2652377298356671
54230,0.1489649548574066
54231,0.8143227201078814
54232,0.4911836467220417
54233,0.7628808846412487
54234,0.5532107757903364
54235,0.7112192726135833
54236,0.5674989390853207
54237,0.08135347506972303
54238,0.1108278015436009
54239,0.9536269621126962
54240,0.736208997971332
54241,0.08252761524263938
54242,0.32453017081175767
54243,0.24911672414468897
54244,0.8192610520221155
54245,0.20363866843830541
54246,0.8077533094763398
54247,0.8374078800923443
54248,0.6620838325309734
54249,0.3176575161736681
54250,0.9498539693515763
54251,0.11662992390721819
54252,0.16627151695686185
54253,0.6656883776857633
54254,0.6015717089781557
54255,0.18820828811065224
54256,0.3336807007506426
54257,0.5592200188642987
54258,0.8998241412842587
54259,0.11986882037528346
54260,0.19859576807323662
54261,0.6874467060226928
54262,0.594434010732602
54263,0.8300819316122167
54264,0.9550991454251516
54265,0.6007195069141614
54266,0.30128352068496456
54268,0.054555026042839155
54269,0.48668810340677016
54270,0.5662267870707546
54271,0.13356289373028282
54272,0.9389266327984985
54273,0.6495315443679448
54274,0.8105629944762466
54275,0.6628806300209334
54276,0.9008175543404252
54277,0.5030782013570158
54278,0.05909765505074442
54279,0.3335705946567453
54280,0.9494110254219089
54281,0.20436082020018417
54282,0.6367250484786071
54283,0.8009230872398736
54284,0.6073399375378632
54285,0.5267208277624672
54286,0.6042843978732251
54287,0.270524644712233
54288,0.7359645308727548
54289,0.795774823399829
54290,0.5345428113904878
54291,0.3203534146882366
54292,0.2004937088868417
54293,0.19380562014025818
54294,0.4203029045252752
54295,0.6411824886815501
54296,0.78794418927773
54297,0.12104665164597271
54298,0.2191632630971505
54299,0.2023236284567801
54300,0.45936747266864003
54301,0.9129810853786604
54302,0.8857085903740163
54303,0.13865761096644733
54304,0.5390062116766337
54305,0.579615257977037
54306,0.1947115958559652
54307,0.10273446922497094
54308,0.6010647546541161
54309,0.2780664186862845
54310,0.15022748921356313
54311,0.792150355685495
54312,0.43144321169296473
54313,0.8774618101778748
54314,0.6575112120459127
54315,0.9195006843312725
54316,0.5060192870591741
54317,0.5133697590918748
54318,0.41461393642542593
54320,0.42557068741345133
54321,0.7368740325543045
54322,0.43822902916389384
54323,0.7110718365741946
54324,0.2762291386955441
54325,0.759533819503455
54326,0.8779781121007411
54327,0.21749366340955611
54328,0.5420838168008038
54329,0.30964560944128905
54330,0.4424922298068689
54331,0.7469429660190597
54332,0.7997763812537427
54333,0.8002687208798733
54334,0.7078105548168571
54335,0.8620779477987213
54336,0.9764238218299943
54337,0.6974530608914159
54338,0.5376477053902426
54339,0.5949551038817906
54340,0.6284004572125602
54343,0.538424382295073
54344,0.13303077862679438
54345,0.5939160938950054
54346,0.8920452453431397
54348,0.9885212231630922
54349,0.1226068642649178
54350,0.1392448744326835
54351,0.5246901898730353
54352,0.42980989474264814
54353,0.4469339417342179
54354,0.9816439475322297
54355,0.7822189882297494
54356,0.754601342392351
54357,0.5554414908029436
54358,0.7319611788685609
54359,0.22433533592901653
54360,0.7724279049183886
54362,0.7697742591297657
54363,0.6329631952682845
54364,0.5111973857221195
54365,0.20436697703110412
54366,0.466556393628863
54367,0.6339409809628377
54368,0.7229787055579371
54369,0.4978250761188015
54370,0.8289589121234159
54371,0.7973466164705278
54372,0.9265880531399864
54373,0.18340890498940857
54374,0.5128864820485445
54375,0.6835100596676131
54376,0.922464862815468
54377,0.7269825880037633
54378,0.4817704726828994
54379,0.7167342314375266
54380,0.2401008830078147
54381,0.806953928118775
54382,0.7097501748281967
54383,0.17348243696000842
54385,0.5279980823317293
54386,0.18283770621758663
54387,0.4270905595159361
54388,0.8149374710266571
54389,0.829650102111248
54390,0.4461663805737864
54391,0.7702966627620043
54392,0.778904840558405
54393,0.25920663111148023
54394,0.6060328686246683
54395,0.6028459081591556
54396,0.2748489925032945
54397,0.48137953676426076
54398,0.7136672549543636
54399,0.2451576836779714
54400,0.8453440039105298
54401,0.8083250027366123
54402,0.5999438953776672
54403,0.7707663819428734
54404,0.6828059109518381
54405,0.8417828863145185
54406,0.11346562719474411
54407,0.6223620104674461
54408,0.42404413786826317
54409,0.2575353459104532
54410,0.8799128560602116
54411,0.17808412658690453
54412,0.15055869657034962
54413,0.8808856731012
54414,0.27691856176190544
54415,0.9042741936413549
54416,0.3149421396754903
54417,0.9129536667946697
54418,0.8653662360596605
54419,0.6768551797821923
54420,0.7376957767926082
54421,0.5468128759603574
54422,0.7812746850887513
54423,0.7895371681083285
54424,0.8560491275829781
54425,0.6176728766689493
54426,0.46395841211126054
54427,0.865874998983008
54428,0.7617109201108396
54429,0.9826758621317755
54430,0.5739276253720713
54431,0.4667931867965615
54432,0.9809958369614253
54433,0.3382496244081882
54434,0.09777055918230032
54435,0.7490995598171086
54436,0.5958588034441852
54437,0.40018545749289475
54438,0.0913894506831088
54439,0.8278190348413242
54440,0.46252160547117466
54441,0.4126122302290112
54442,0.20421990068803794
54443,0.6648610117034283
54444,0.8879991404166321
54445,0.8177871337692679
54446,0.8306548370342242
54447,0.686952681703034
54449,0.2058334027457514
54450,0.7344189435139377
54451,0.6427451687917505
54452,0.7785939483874132
54453,0.8659123572866462
54455,0.7718266464740424
54456,0.7578094826078464
54457,0.6999491231581076
54458,0.10167509744822502
54459,0.44265935234203196
54460,0.9540682750998716
54461,0.2913700194215597
54462,0.5284892220263154
54463,0.9635866556043174
54464,0.8948522234373527
54465,0.1583970708012133
54466,0.7777754417241821
54467,0.8279539223876997
54468,0.9566462413374979
54469,0.8261225378404965
54470,0.4041550939014144
54471,0.807510925434015
54472,0.11854993010777301
54473,0.05675279255900887
54474,0.39324409644342023
54475,0.710696918510803
54476,0.20253887975002113
54477,0.8481293579871422
54478,0.6562426613537684
54479,0.30483269025306703
54480,0.12071360332104929
54481,0.7788107309112896
54482,0.6050632520464901
54483,0.6021394814079976
54484,0.7222322304023729
54485,0.485694300670456
54486,0.266782205624582
54487,0.7582252228401242
54488,0.7210166496509626
54489,0.7430692392987848
54490,0.9289729270670791
54491,0.6193501733301674
54492,0.7988875374124926
54493,0.6724802325412753
54494,0.34776794997622873
54495,0.8236210776787233
54496,0.7868491184562405
54497,0.08574521728153546
54498,0.8166631644221187
54499,0.34267640160554474
54500,0.5792510042519111
54501,0.6989536448373019
54502,0.8090513571930259
54504,0.557114896025988
54505,0.5116862866224633
54507,0.8314562039754434
54508,0.9235841504034407
54509,0.5124105245094701
54510,0.6736068893394671
54511,0.27380506234361296
54512,0.21308301948294142
54513,0.20368353740155565
54514,0.47585627980568257
54515,0.9379235509627991
54516,0.08171469541439799
54517,0.726520506569116
54518,0.4746361997230086
54519,0.25898436690631754
54520,0.1452196900211827
54521,0.6049856262903011
54522,0.29960239831876334
54523,0.9346146955731295
54524,0.8594698702059232
54525,0.5731387545789894
54526,0.8156285102225231
54527,0.4042431749383294
54528,0.4692535284116124
54529,0.4189880238547981
54530,0.4179076360695851
54531,0.44952221437666956
54532,0.9519862774465017
54533,0.8383491927757333
54534,0.18361517959708232
54535,0.5502934866929331
54536,0.942865443262486
54537,0.800511712720428
54538,0.6695427636257341
54539,0.22451412304614823
54540,0.6641123590985692
54541,0.8043091953273327
54542,0.7048494289408282
54543,0.6815171369387455
54544,0.9293382379422892
54545,0.38519361213507136
54546,0.8833938862611049
54547,0.5572841454003209
54548,0.7720800526758731
54549,0.5825311123773409
54550,0.27168703653426746
54551,0.773005539783291
54552,0.07617571821228926
54553,0.09535427341333487
54554,0.10517033918306823
54555,0.7654649962357577
54556,0.1049721690986604
54557,0.42722239018884245
54558,0.7869578437596808
54559,0.9922202728457425
54560,0.21998977076441206
54561,0.864618908816875
54562,0.07458767055022154
54563,0.24556866176405778
54564,0.5479713656023129
54565,0.46365442512176674
54566,0.7724891512894619
54567,0.12298448049142034
54568,0.9065636824226982
54569,0.44327202153219475
54570,0.871262611793342
54571,0.44856644885682895
54572,0.5110559989111109
54573,0.9591355883822641
54574,0.5606795803460407
54575,0.5621873264058701
54576,0.2174439036396417
54577,0.9341347260851874
54578,0.5269227243117689
54579,0.8691346941143465
54580,0.6687658105079718
54581,0.3876158215612239
54582,0.3921328795726756
54583,0.4865628720403216
54584,0.456085593911071
54585,0.156909123634635
54586,0.9486831163828137
54587,0.7709087182977592
54588,0.25710906812966733
54589,0.9183261919586251
54590,0.4388835308792218
54591,0.3476466594873559
54592,0.12589234597524793
54593,0.8626772382861099
54594,0.3814029207655719
54595,0.1718755844100895
54596,0.9836047712226357
54597,0.05904594855291956
54598,0.5230458511177499
54599,0.37081676187942975
54600,0.770204035307924
54601,0.8688762951982939
54602,0.7469219349293524
54700,0.0
54840,0.0
55000,0.0
55001,0.0
55002,0.8765500927597578
55004,0.23215762369927936
55005,0.22291297891411574
55007,0.8578299987386514
55008,0.33678566197348553
55009,0.18274981805361729
55010,0.1175737321691771
55011,0.7777777777777777
55012,0.20359550453431066
55013,0.6660925977750618
55014,0.038020861891244186
55015,0.11807352358798712
55017,0.14290975776264697
55018,0.896324354986366
55021,0.33416470726624403
55022,0.5478011232548781
55023,0.6612534605576165
55024,0.8513745545241491
55025,0.33438532556578054
55026,0.04061564030415002
55027,0.3167403086856308
55028,0.15859432766630208
55029,0.40190989064158583
55031,0.8583385489603982
55032,0.5606664682323002
55033,0.06902077066018575
55034,0.1276821715261778
55035,0.12088025572223961
55036,0.4472298858756425
55037,0.4840848585776179
55038,0.04844340883453307
55039,0.7913976205975821
55040,0.02877395804466442
55041,0.2831513113080774
55042,0.3102975966754873
55043,0.8198976005527704
55044,0.3927973723739754
55045,0.279619270890848
55046,0.2881021709313024
55047,0.8709920318306931
55048,0.6430901637535698
55049,0.4649176600190274
55050,0.8357106919190176
55051,0.2935609694103364
55053,0.6524899751135896
55054,0.1889943535663375
55055,0.9128148114047444
55057,0.34994282235446994
55058,0.18983684524046476
55059,0.16649253578484752
55060,0.17774330477365696
55061,0.7726475006545458
55062,0.18737854148714772
55063,0.5405374841961403
55064,0.7317267937463032
55065,0.1469454926642046
55066,0.8021334753785424
55067,0.31274282816092136
55068,0.11888271142202979
55069,0.3714714433572946
55070,0.7732244933658383
55071,0.5793586236176066
55072,0.17491802992911212
55073,0.7075546030607232
55075,0.34504719034664527
55076,0.35906718498294415
55077,0.5267939626458341
55078,0.2828576082967439
55079,0.35445665878342053
55080,0.3432455542337702
55081,0.15566056200463466
55082,0.12411786462492624
55083,0.12540326084942544
55084,0.7109393376271805
55085,0.3117149268538295
55087,0.27415410416581143
55088,0.17417985010636852
55089,0.3661999277731726
55093,0.15835255987189284
55094,0.2633359271086791
55095,0.3900942326963856
55096,0.07245092475196983
55097,0.6513270594348897
55099,0.7486240457350369
55100,0.5534612995717038
55101,0.21091363748498015
55102,0.6901575339038193
55103,0.1279060291255444
55104,0.23593725709441504
55105,0.25215505425093326
55106,0.8435390408491568
55107,0.7796798118890191
55108,0.16831421845010472
55109,0.11557041352907813
55110,0.11011171936240145
55111,0.18485305797677892
55113,0.13789903685495733
55114,0.04738928414210669
55115,0.12048047726975751
55116,0.054030189629618156
55117,0.04649452787183257
55118,0.233828125837101
55119,0.2837712525867613
55120,0.35607273772676595
55121,0.378242606917382
55122,0.0742493039460491
55123,0.1529657697105165
55124,0.7977317909048436
55125,0.5957540996280614
55127,0.5412777954775011
55128,0.07971206052681243
55129,0.0544696293777006
55132,0.09317844724052247
55133,0.34966825692827663
55134,0.7767138784200219
55137,0.580838642504324
55138,0.735887056879076
55139,0.7918539273343809
55140,0.21002317636493628
55141,0.723799241227681
55142,0.36568506838044645
55143,0.8390070189273979
55144,0.40964147277589924
55145,0.7163675628865666
55146,0.5840017682121783
55148,0.09006806794901545
55149,0.5404776912570461
55150,0.4771834704268783
55153,0.9017422187707267
55154,0.20133169016307778
55155,0.8552185315563263
55156,0.40099936778642403
55157,0.4540379664662575
55158,0.42481117675766167
55159,0.07201706510534117
55160,0.4383775455787106
55162,0.40848452008583686
55163,0.12282358858935534
55165,0.2539902337233434
55166,0.2202807790991298
55167,0.28596076459078873
55168,0.45277044932115584
55169,0.15148081293000154
55170,0.36142399238233813
55171,0.679016572556865
55172,0.6420007846927562
55173,0.04255469050583519
55174,0.10988052076876073
55175,0.249939153164389
55177,0.17118747062709522
55178,0.3672611872936079
55179,0.06896417521936218
55180,0.6889386091919076
55181,0.5027305138662167
55182,0.4173495314485158
55183,0.716158297222784
55184,0.10211945222961263
55185,0.11000532738636025
55186,0.32475000015177036
55188,0.12683813789968662
55189,0.7150120093572313
55191,0.4832221349180751
55192,0.2394555259141919
55193,0.7394450600923759
55194,0.1389161403572239
55195,0.11302621859666827
55196,0.3572815323838104
55197,0.31048530775135413
55198,0.1620134240545469
55199,0.036264701001841385
55200,0.6623215446711458
55201,0.5050872103941255
55202,0.058141624465894964
55204,0.8247919365146761
55206,0.7688240067845389
55207,0.8858054974414488
55208,0.1838982619805114
55210,0.4291925089321213
55211,0.9674954272678216
55212,0.25567153012086474
55214,0.1006516411161755
55215,0.06844426099712884
55216,0.25437026323192463
55217,0.3230280801794986
55218,0.956927764053939
55219,0.19764574364857443
55220,0.18620185367183786
55221,0.770998400548224
55222,0.1265062928640439
55224,0.12310680349016134
55225,0.4463274088160704
55226,0.10787216076549302
55228,0.22521516082763607
55229,0.14923965288865468
55232,0.11892047877138195
55236,0.2833651721255087
55237,0.22218739187587835
55239,0.7543430875307225
55241,0.2571862248419355
55242,0.1231153522181272
55243,0.35226582681306745
55244,0.18033040360223004
55245,0.12696926487850782
55246,0.3176904493192469
55247,0.03447573022636932
55248,0.37731561183337703
55250,0.5021501681494177
55251,0.912568338312087
55252,0.12805905013122346
55253,0.054922346954692655
55254,0.029614387321055653
55255,0.454056123457385
55256,0.11987211221526055
55257,0.8652202952932091
55258,0.4601060988579588
55260,0.1118941142133564
55261,0.830640612773451
55262,0.10665134287833958
55263,0.17140386335040536
55264,0.12126166746110548
55265,0.14662151049595976
55266,0.2085408680667756
55267,0.10871584262607682
55268,0.4290668755292649
55269,0.08730044622624687
55270,0.26427083402823276
55271,0.15508668107311802
55272,0.2027849986433265
55274,0.19495511022703366
55275,0.1171002337859624
55276,0.1961852317396493
55278,0.05506286261927392
55279,0.2544195806809843
55280,0.4455017289646765
55281,0.15689166800670748
55282,0.6552167103046571
55284,0.11914474994733468
55285,0.17243948640610748
55286,0.15420103504582047
55288,0.20784769729539332
55289,0.604290551145266
55290,0.7186172802975173
55291,0.12047992751050143
55292,0.29482631478222426
55293,0.2682109986638663
55295,0.1504688245390179
55296,0.3672186153528572
55297,0.398824489142867
55298,0.8935587739613258
55299,0.3000252146903303
55300,0.23293514775073731
55301,0.1694452332805614
55302,0.5737574394821494
55303,0.17681567276907087
55304,0.20020020673347722
55306,0.4384449868403901
55307,0.7833317222119446
55310,0.39735710467254576
55311,0.11171687812955497
55312,0.16647378124920334
55313,0.6063189675016345
55315,0.1575505997898328
55316,0.8225679865023195
55317,0.18118713450993368
55320,0.10826087983728779
55321,0.7631206288054188
55322,0.5549183138579182
55323,0.12709423005459716
55324,0.46842624509300373
55325,0.9526186474979688
55326,0.22690495114065704
55327,0.6249507852159917
55328,0.2725700668915403
55329,0.18543545330405217
55330,0.05548112271902809
55331,0.7770927320745611
55332,0.078400726560016
55333,0.6468518738389181
55334,0.045822130812034845
55335,0.12444429069186615
55336,0.3931678708526142
55338,0.2627405002846851
55339,0.9700213525780984
55340,0.6202891603373394
55341,0.780983023764588
55343,0.1612329244727169
55344,0.34814984965234935
55345,0.26523204706828696
55346,0.16819390713395188
55347,0.8241830819924103
55348,0.3295375143777421
55349,0.23637821337634568
55350,0.12038070815404917
55351,0.20228418180887256
55352,0.12280171858438078
55353,0.19482615491117988
55355,0.7041271099154457
55356,0.9052939417145175
55357,0.969680645399221
55358,0.07605467620219679
55359,0.3674807688272921
55360,0.7872733124715896
55361,0.22902806687698757
55362,0.6194151568556796
55363,0.12696008139514228
55364,0.2939632985214225
55365,0.24642131063810624
55366,0.25826332794077117
55367,0.3285812646766773
55368,0.0420137388800671
55369,0.32505551941922106
55370,0.33501799804942806
55371,0.076165126066564
55372,0.09305899883357895
55373,0.13481642338431352
55374,0.1564131981955714
55375,0.15542242562554892
55376,0.3565718223558096
55377,0.12868016038554267
55378,0.24588336580125394
55379,0.05921247785094038
55380,0.03064456930265347
55381,0.35350579993148856
55382,0.22006213116095538
55383,0.039550365001827126
55384,0.3238100705681399
55385,0.1663118107325125
55386,0.07297958991033142
55387,0.5417784397380657
55388,0.6311229770830411
55389,0.030693003242263008
55391,0.1166460163204213
55394,0.8649618458612495
55395,0.5328247104307559
55396,0.15074438532948078
55397,0.5820219500682647
55398,0.17910235637039232
55399,0.12028164960732429
55400,0.27275524123939127
55401,0.17521732819649544
55403,0.4245832656218955
55404,0.07445495306472154
55405,0.45244217159386146
55406,0.1208645840601311
55407,0.22214496525343333
55408,0.504128158354387
55409,0.06901884967103683
55410,0.12174571920976543
55411,0.5174318139326228
55412,0.4382994774498262
55414,0.4819409077248585
55415,0.7685969046754949
55416,0.03835103783435446
55419,0.8461492143268137
55420,0.8368051103358928
55421,0.8531399628273092
55422,0.7636632480810661
55423,0.12023637142247234
55424,0.6169467588694195
55425,0.448115769815762
55426,0.5191666841246922
55427,0.5554187432886577
55428,0.677310503993116
55429,0.12669464031802796
55430,0.30016147891694783
55431,0.2318989322067375
55433,0.6872194970905339
55434,0.678807649295365
55435,0.7796760849534218
55436,0.31785505639746686
55437,0.7277850869143149
55438,0.12031118960011708
55439,0.19842537477258357
55442,0.1788975971773801
55443,0.42897350757723735
55444,0.31635490569397057
55445,0.5780852763836872
55446,0.34704186605731063
55447,0.12465988759356969
55448,0.18185045217005016
55449,0.17678173658394092
55450,0.6503013970211424
55452,0.26913179961797007
55453,0.2500976723032205
55454,0.06598420212581388
55456,0.16731123947893548
55457,0.10639560730988033
55458,0.3753537730819403
55459,0.24926658944849472
55460,0.24250903607477253
55461,0.7913197402680552
55462,0.22170205561803633
55463,0.1372046583524785
55464,0.5900163620850843
55465,0.497566651994065
55466,0.653207741164363
55467,0.17856903799673185
55468,0.7683357403599373
55469,0.2721316770340197
55470,0.3696802131123265
55471,0.27126545943289004
55472,0.057193562793970754
55473,0.14812475914422138
55474,0.5501678002173654
55475,0.7008505373925726
55476,0.41973152762244836
55477,0.11828260998026732
55479,0.2747447787250742
55481,0.24475200265399288
55482,0.6119587002410176
55484,0.2395717240479625
55485,0.5338104374696463
55487,0.3600032888758856
55488,0.848488585826274
55489,0.17761974549156156
55490,0.7737793034423696
55492,0.23246911862449865
55493,0.572592857793932
55494,0.14242320130351901
55495,0.6986831004268246
55496,0.12077829071093951
55497,0.13319524268776997
55498,0.5650497433823926
55500,0.2392207677548487
55501,0.13036789434082519
55502,0.19322240376357475
55503,0.2888924438473763
55504,0.8541559591120135
55505,0.750193790399168
55506,0.13223518598043493
55507,0.3913713536641677
55508,0.5237669139373168
55509,0.4785465231988864
55510,0.11135729052302605
55511,0.10157022644475737
55512,0.835941634944949
55514,0.3499558866691976
55515,0.20890258782605886
55516,0.25485977221540806
55517,0.14539057429388297
55518,0.7293796699413455
55519,0.09990419710390148
55520,0.14790148614221824
55521,0.6023646689164903
55522,0.6712952125817451
55523,0.7730891888633334
55525,0.1440662742934189
55526,0.22189810964719942
55527,0.16733010685453695
55528,0.23021996230040037
55530,0.17419387523001845
55531,0.5717163162736211
55532,0.07815200750045916
55533,0.47019830965073267
55534,0.32603854621013123
55535,0.33370122457786167
55536,0.14390651093845724
55537,0.7613209341045137
55540,0.7191030247664918
55541,0.25234462173720756
55543,0.12048797195314356
55544,0.1919992919868279
55545,0.3301428997706836
55546,0.11910945898339392
55547,0.11919084608531721
55549,0.056080567235564475
55551,0.05546982918974935
55552,0.11528204834557235
55553,0.2564778672623633
55554,0.1331924005806726
55555,0.34294023726026257
55556,0.8459903288654053
55557,0.17833353224175164
55559,0.6579848849544887
55560,0.1866287440771093
55561,0.15645238990570487
55562,0.2528878456822454
55563,0.8632643587160113
55565,0.15144769632100966
55566,0.8585408332076451
55567,0.11873442116321614
55568,0.3558658556947269
55569,0.19652159472445072
55570,0.3757444545436308
55571,0.3195177863318451
55572,0.43053644470076335
55573,0.08340629046858812
55574,0.28686441918399513
55575,0.29752505312763017
55577,0.1497873528280225
55578,0.48060867313898487
55579,0.2099111582890039
55580,0.7614886275455302
55581,0.08825766296984809
55582,0.33888806477530875
55583,0.32565092284231795
55584,0.4844736621801447
55586,0.17152982094887803
55700,0.0
56001,0.34719632113690485
56002,0.17622067557197335
56003,0.4076690963456193
56004,0.16627282178990152
56005,0.8635017878803913
56006,0.1373305858311399
56007,0.4602630668394833
56008,0.35073933805260804
56009,0.3066421117561274
56010,0.21005836957815105
56011,0.49980025315452437
56012,0.12736522070263812
56013,0.743435732809105
56014,0.3558379396399901
56015,0.1988411856717297
56017,0.10559418610755163
56018,0.14345174270458452
56019,0.5296707679871372
56020,0.2617123438781911
56021,0.2889414410966502
56022,0.8614865578002111
56023,0.2988850018254232
56024,0.763734455452589
56025,0.7763931251146715
56026,0.2840014910551561
56027,0.09126893533486435
56028,0.4444640754410727
56029,0.6552592545657292
56030,0.6950171624635798
56031,0.2305206425280605
56032,0.12280115370267516
56033,0.5746739025125869
56034,0.2504191200786163
56035,0.20075013889403628
56036,0.4086147976992635
56039,0.14714216811424818
56040,0.6883527958528881
56041,0.30685639893477895
56042,0.5421646513067048
56043,0.6966612013070832
56044,0.6712265575329157
56045,0.19804630582375224
56046,0.3468086493485773
56047,0.8484689730811922
56048,0.4638620660162457
56050,0.1547732124371128
56051,0.5365440379735461
56052,0.651611818732317
56053,0.43757906499260874
56054,0.45021055563697765
56055,0.7451696120607147
56056,0.938320687097941
56057,0.3692439537675887
56058,0.16148088718121995
56060,0.6307717310641635
56061,0.7180171739116172
56062,0.846755469339896
56063,0.4215287225805808
56065,0.19391505779011786
56066,0.41153107576670395
56067,0.6514947727156641
56068,0.9392560899558038
56069,0.8426051591693775
56070,0.13949853623004718
56071,0.1155506617556887
56072,0.42107270505452643
56073,0.5621385357179013
56074,0.1708084951080669
56075,0.2000719176579887
56076,0.335119882436559
56077,0.5028347942174974
56078,0.3824956629846378
56079,0.12026421276460071
56080,0.9410626424406402
56081,0.44008598285937434
56082,0.15550161695498602
56083,0.336129889924866
56084,0.7419203651332142
56085,0.09990434374690077
56086,0.3362330733411428
56087,0.8134916514219838
56088,0.9377666240558248
56089,0.4606714599904212
56090,0.3730711294332285
56091,0.20896965185787608
56092,0.4425005894462591
56093,0.17126098190273129
56094,0.3151504149274924
56096,0.37368980325029183
56097,0.3211948818737521
56098,0.4968584650846787
56099,0.3080753278434777
56100,0.3456924431719426
56101,0.19236294696056572
56102,0.12010945007829618
56103,0.10387889031104612
56104,0.5971918691058875
56105,0.5138278431845288
56106,0.8993680505951024
56107,0.7455631036036512
56108,0.21897786285715432
56109,0.23041745256337284
56110,0.23485966765858082
56111,0.3659627039356742
56112,0.5942647896307017
56113,0.3777351566567938
56114,0.30282316253774544
56115,0.6367120286736276
56116,0.7521049044295155
56117,0.13014194135163185
56118,0.7687324847761079
56119,0.32457165175662683
56120,0.6080880541174566
56121,0.45502198643772657
56122,0.6583655063604463
56123,0.5154438628743323
56124,0.26363185326901656
56125,0.32991447803387897
56126,0.13460898934241206
56127,0.6427787720424889
56128,0.7010803922045394
56129,0.09815298426305412
56130,0.3748232478392854
56131,0.4955261465790829
56132,0.6921708971238709
56133,0.1971961229430614
56134,0.9377924836942374
56135,0.16192840298442027
56136,0.6670801976682277
56137,0.42987152719541505
56139,0.13552533458712174
56140,0.12536923699241176
56141,0.13030197457583037
56143,0.15834590788349284
56144,0.13539163956574973
56145,0.7576241298535987
56146,0.3189192517482467
56147,0.13087959825628404
56148,0.3561571797502295
56149,0.13444204502820598
56151,0.37447019626493533
56152,0.5310497749151928
56153,0.11539889402150934
56154,0.6057705834222358
56155,0.7138842962834243
56156,0.25721082282950697
56157,0.5507852311829216
56158,0.36787272373594876
56159,0.19098274859592
56160,0.09513208520289801
56161,0.25574044483567876
56162,0.3615589999086205
56163,0.2896766888823112
56164,0.4037779870583563
56165,0.24479765922822597
56166,0.624850018240629
56167,0.37116675272593647
56168,0.4548687355282549
56169,0.7597553222911866
56170,0.5417905939366557
56171,0.4258078034689336
56172,0.4472208856704587
56173,0.14469579339127545
56174,0.1257238286691671
56175,0.3099019691896836
56176,0.3646914442552523
56177,0.25671433953691664
56178,0.4447818221773086
56179,0.3677792588558524
56180,0.13597924859518343
56181,0.831204622898768
56182,0.2780105051420531
56184,0.5866637012332437
56185,0.47358805600315035
56186,0.6792256046831423
56188,0.1440913244234991
56189,0.10553553031083263
56190,0.7654162544301892
56191,0.7745787727153786
56193,0.7873082957797061
56194,0.3131664130857842
56195,0.1874356764364725
56196,0.6518991051404402
56197,0.12117621191887641
56198,0.8591503184663477
56199,0.5446584731236918
56200,0.6740170533805896
56201,0.26886723867873596
56202,0.19180535943163793
56203,0.12756790739590265
56204,0.10140462005404821
56205,0.7445419762913539
56206,0.3516385102461701
56207,0.16766694810197538
56208,0.7366155558699793
56209,0.15371640301590508
56210,0.33753406651713735
56211,0.5856528133379882
56212,0.11774349336310064
56213,0.34759363386127995
56214,0.8311002522309344
56215,0.4000700692467916
56216,0.494852729560907
56218,0.5195624710722115
56219,0.1973099533260069
56220,0.7729864470101642
56221,0.5260433066325179
56222,0.473073720645042
56223,0.3450495473988013
56224,0.8369664653582339
56225,0.6887705520991952
56226,0.1430567346830311
56227,0.9450470444711693
56228,0.21235866125373176
56229,0.7106530075354832
56230,0.7096843667067391
56231,0.28533968717886915
56232,0.328131063851888
56233,0.7945630832571674
56234,0.5371620307005809
56236,0.1502751237192157
56237,0.42030372829668794
56238,0.44901768743243825
56239,0.5795258084716943
56240,0.7480394355455519
56241,0.3413111801084634
56242,0.3413891310647611
56243,0.35289624386228347
56244,0.21345295545615953
56245,0.6001828412044878
56246,0.4465975958339771
56247,0.24108796887033346
56248,0.24531540703519747
56249,0.1260226912742386
56250,0.4077543039368665
56251,0.2994575308878202
56252,0.6771595493406537
56253,0.8234371555565968
56254,0.3169351458744204
56255,0.26921116429395897
56256,0.7559372656310527
56257,0.926517699133911
56258,0.5191929552664614
56259,0.2445261650408142
56260,0.5447622966713278
56261,0.6680396019831852
56262,0.367918364524344
56263,0.3508685856367821
56264,0.38787930121801084
56300,0.0
56730,0.0
56760,0.0
57000,0.0
57001,0.8352909896198315
57002,0.9134280998155296
57003,0.6739988943526017
57004,0.5609381031007594
57006,0.46555758535562747
57007,0.8145981483471401
57008,0.7983407954056674
57009,0.8782786460821691
57010,0.5345866800478513
57011,0.5828779973565976
57012,0.7233937884330867
57013,0.759434134348918
57014,0.871689552017792
57015,0.8153304442468042
57016,0.5875825574806584
57017,0.8422783700850759
57018,0.48547078603958155
57019,0.7529404264957407
57020,0.8915873405474002
57021,0.6133740014408027
57022,0.6843728959891465
57024,0.8682503098138498
57025,0.4431952224030427
57026,0.5425057996296843
57027,0.761717990444889
57028,0.7572024025323765
57029,0.8086278949026889
57030,0.9222292517059851
57031,0.6630800832057941
57032,0.6353413512870769
57033,0.30121814630260135
57034,0.2488939661812862
57035,0.740635163592647
57036,0.6273145092196031
57037,0.9221854283734272
57038,0.6041971886373273
57039,0.6282880268927288
57040,0.8075344694918838
57041,0.6353695265244156
57042,0.7419900264291179
57043,0.7713998183381023
57044,0.8211212093292084
57045,0.6083197302962411
57046,0.4874825989054752
57047,0.7546479908177123
57048,0.26857124478723826
57049,0.7422101287369454
57050,0.26549996228777883
57051,0.5891313382522471
57052,0.5078753329031138
57053,0.5251987061214985
57054,0.6531868154761162
57055,0.9063900317336425
57056,0.3440306468048514
57057,0.8009943059116166
57058,0.7582421051551428
57059,0.5233475020226587
57060,0.5496483511656727
57061,0.5948260242705139
57062,0.6427667505580663
57063,0.8180429382669417
57064,0.29193818602391547
57065,0.684695544182904
57066,0.8945865195108268
57067,0.6862117504944804
57069,0.8882364147991328
57070,0.5551967993186373
57071,0.910135581876263
57072,0.9155257398043535
57073,0.6039178542239221
57074,0.4594933688563779
57075,0.917379066574004
57076,0.6372613601130793
57077,0.7802530295201533
57079,0.42895555360696896
57080,0.5947660858462634
57081,0.4929127205938482
57082,0.8728267083088505
57083,0.6405877359523995
57084,0.6349841225277172
57085,0.259047356256939
57086,0.974521342330056
57087,0.8754180618273787
57088,0.8371091935537361
57089,0.5401688305647508
57090,0.5173681736601988
57091,0.4394543235218128
57092,0.47207381110789337
57093,0.5529825545128126
57095,0.3780183329928347
57096,0.6309352713535155
57097,0.3647762807950788
57098,0.5361493484886625
57099,0.42228349275270566
57100,0.2927481775656057
57101,0.7627742595773558
57102,0.729988651130025
57103,0.7043606687881029
57104,0.7515550606482467
57105,0.817926279845831
57106,0.5435575591834506
57107,0.561285087210885
57108,0.5917441594576274
57109,0.7176708972989498
57110,0.6068116596286368
57111,0.8594655401107528
57112,0.25283341115010954
57113,0.323523703930372
57114,0.30182259979819903
57115,0.780501216211992
57116,0.9389877458830687
57117,0.846771012330712
57118,0.8776306396172435
57119,0.4371862483440151
57120,0.4252435905781433
57121,0.8771738360316301
57122,0.5424234221322414
57123,0.44468722825435186
57124,0.6525558678584257
57125,0.8628039838824398
57126,0.35934469448301576
57127,0.9809434536860417
57128,0.47653498917756226
57129,0.8570885028228042
57130,0.553752605288379
57131,0.5839239857364962
57132,0.4519435074403413
57133,0.41961527065431603
57134,0.6187704662764022
57136,0.4880773529832877
57137,0.5125836946249965
57138,0.6856836698367578
57139,0.9426144432971957
57140,0.7536121333768627
57141,0.5407639482770406
57142,0.6532760221895935
57143,0.9629841774249733
57144,0.5561895337525959
57145,0.6587423297681064
57146,0.6210615916598416
57147,0.9444700024266054
57148,0.9006696780850341
57149,0.49387869446648297
57150,0.47512006635428894
57151,0.5195434804445446
57152,0.6551503586977624
57153,0.6077360475209959
57154,0.7254856371807841
57155,0.4879587388872462
57156,0.9196205571871632
57158,0.6783682449090572
57159,0.816165941554997
57160,0.870871355922641
57161,0.9503860660244644
57162,0.6610153211336536
57163,0.7003132276626423
57165,0.8133789162245298
57166,0.5444928786849969
57167,0.8251566803088185
57168,0.299806804494806
57169,0.29416494726526743
57171,0.4693321575463982
57172,0.23685770936131115
57173,0.9654241844909845
57174,0.5534093652987634
57175,0.24905399997572902
57176,0.4969620980849603
57177,0.7936993691032239
57178,0.9421910331834659
57179,0.674391978298553
57180,0.8558642320746473
57181,0.5123640229906349
57182,0.5423193266609582
57183,0.6162466544615219
57186,0.7612040151264308
57187,0.5875821605214169
57188,0.42760897841453954
57189,0.7500016372057096
57190,0.7653173301237663
57191,0.7300443065279058
57192,0.5686497229183582
57193,0.7456550398506296
57194,0.7784890922589508
57195,0.4577335636256787
57196,0.4806083413022991
57197,0.4432138325896281
57198,0.8482208399671475
57199,0.7753094256726458
57200,0.5131761043908547
57201,0.666826992919702
57202,0.7389002877237938
57203,0.8637621134338235
57204,0.6317646912625946
57205,0.8375157795071714
57206,0.7095779066005611
57207,0.6466507541983292
57208,0.5609056411587182
57209,0.8103240270313117
57210,0.8746015805475141
57211,0.751282210502604
57212,0.6231319540268987
57213,0.49278433328683996
57214,0.7403691156485346
57215,0.352967949068911
57216,0.28483911385322885
57217,0.8404702075460563
57218,0.7435420607919968
57219,0.9189067334803801
57220,0.7732238496709948
57221,0.714808509941855
57222,0.7430150082470062
57224,0.8440844420427451
57225,0.5002025171952189
57226,0.6841895100786362
57227,0.7728991791246973
57228,0.854214980701287
57229,0.176098515272052
57230,0.25774235437927984
57231,0.7818999379304719
57232,0.8097951711614745
57233,0.7725624811170091
57234,0.5544838826878117
57235,0.45866911601603516
57236,0.8649362951274847
57237,0.9047100320329565
57238,0.33622985492690644
57239,0.8691288807852565
57240,0.5509403329614437
57241,0.9086234343077769
57242,0.7442975774006788
57244,0.747295961156661
57245,0.629947319769707
57246,0.44585972382045824
57247,0.451319210564297
57248,0.7095428449189791
57249,0.5648254947399879
57250,0.4930331308414329
57251,0.9307411948117067
57252,0.5259131782489537
57253,0.2159843930462947
57254,0.6331761981410399
57255,0.8759217570629365
57256,0.6955786173920759
57257,0.36854613015360793
57258,0.8509557743901222
57259,0.3981956647658195
57260,0.7381140444663572
57261,0.43396136666088425
57262,0.8122486218747059
57263,0.42581088858973404
57264,0.4747450324127349
57265,0.5337848881051632
57266,0.5821239320556207
57267,0.5156179964283465
57268,0.5551337295170485
57269,0.6838118878459483
57270,0.5228304750026767
57271,0.5226266841345839
57272,0.8650460860592808
57273,0.5235588816493398
57274,0.8614775685914249
57275,0.8999258780380855
57276,0.7279967922400186
57277,0.6769208498688398
57278,0.6910145766680328
57280,0.2922710119724761
57281,0.4397856415374491
57282,0.8480995622852491
57283,0.7701204823771064
57284,0.2827847631266073
57286,0.40206047185716126
57287,0.7005970718737955
57288,0.8593712360769012
57289,0.445161622355898
57290,0.4087390388086869
57291,0.5649506684982039
57292,0.7321595246183819
57293,0.7618539081613901
57294,0.48548403310999577
57295,0.37340033028104547
57296,0.8269609901843494
57297,0.6764035442308365
57298,0.7510429005965311
57299,0.7292831744443781
57300,0.7307118189991534
57301,0.4780990643966903
57302,0.2603827664851759
57303,0.816738010765784
57304,0.8118865722363252
57305,0.6503608943305802
57306,0.7629369903944822
57307,0.508061647429448
57308,0.8564989188637846
57309,0.6691364353488772
57310,0.9042112314611758
57311,0.8501407423554448
57312,0.2852106278378415
57313,0.7339217558064058
57314,0.2774193065948357
57315,0.2871463951164868
57316,0.6579549466199593
57317,0.29771502302914993
57318,0.30519734516677405
57319,0.7744800151765329
57320,0.25462055010815565
57321,0.3391171997879787
57322,0.6781585933514221
57323,0.7747668988572743
57324,0.317513793918822
57325,0.8336077232836597
57326,0.30563314094251537
57328,0.6370857419843198
57329,0.5276495347666055
57330,0.41020206909562956
57331,0.8314188482225904
57332,0.49969500201626404
57333,0.32107096427841586
57334,0.7594014566074008
57335,0.7534126365320754
57336,0.4550697116037895
57337,0.5024789039223957
57338,0.40251440500519864
57339,0.8391822042035347
57340,0.5654399848109558
57341,0.6606448782219848
57342,0.20028010010497563
57343,0.7008723419083853
57344,0.3948310891264987
57345,0.8625736443661911
57346,0.7807759103525919
57347,0.7528101034262953
57348,0.54870495390592
57349,0.6905626626471505
57350,0.6335163681552445
57351,0.7814625503134608
57352,0.6812059437305651
57353,0.4256726087384056
57354,0.7224335664125124
57355,0.6410854783916045
57356,0.8370621272307723
57357,0.9242670797054636
57358,0.8511027990298735
57359,0.755463865011756
57360,0.7562166016671935
57361,0.591236953354469
57362,0.2789691795265023
57364,0.4934112564831435
57365,0.45701588031553586
57366,0.5460451325929421
57367,0.8317340251867271
57368,0.7893851573380029
57370,0.687952419267414
57371,0.6451661564721978
57372,0.6935844918679825
57373,0.80766991577488
57374,0.758596058975787
57375,0.6738277825202775
57376,0.45853456597575554
57377,0.24454864124569825
57379,0.674582254111553
57380,0.8380285142599057
57381,0.39597890747769027
57382,0.9135050914993372
57383,0.20443656968444363
57384,0.9121908048068174
57385,0.90707909879648
57386,0.8789850435484687
57387,0.5167542048215293
57388,0.5340994127806334
57389,0.8952700731589203
57390,0.40745911613849595
57391,0.5903203459515544
57392,0.9190759311271579
57393,0.39550417114627184
57394,0.7690692685131573
57395,0.6684277915225887
57396,0.690442477048387
57397,0.8137307750995344
57398,0.8657393728250448
57399,0.40304430985288475
57400,0.0
57401,0.5695663937787482
57402,0.6866207286648877
57403,0.9380752069167263
57404,0.6228683986645789
57405,0.6193341587384306
57406,0.6671653683192973
57407,0.290737069945722
57408,0.8204549756169079
57409,0.9239114688816579
57410,0.677236742321936
57411,0.7674469831457077
57412,0.7588042890111341
57413,0.4444612964601133
57414,0.27246433730814384
57415,0.6663774988061169
57416,0.9174885670291043
57417,0.9583411611132975
57418,0.9183096103546656
57419,0.5028268841292522
57421,0.6417321275056376
57422,0.9497111223476646
57423,0.4978113536583133
57424,0.6820705142894086
57425,0.8859499454729705
57426,0.8755880900990514
57427,0.29868208681503305
57428,0.4679267333271143
57430,0.7554641618145919
57431,0.8911325051865259
57433,0.8087856723507059
57434,0.7357405602826531
57436,0.8330850052760153
57437,0.6722875417665726
57438,0.7537207376423796
57439,0.39554667175245783
57440,0.8845813415723845
57441,0.7314336405176945
57442,0.7077037273446415
57443,0.7557276698556201
57444,0.23408102063073097
57445,0.5826594259047516
57446,0.5217928420126158
57447,0.6429561103326715
57448,0.4254847204877184
57449,0.6133990165716195
57451,0.528218570908751
57452,0.6902969631761307
57453,0.8969310489019316
57454,0.9200959514725184
57455,0.7547647497517996
57456,0.5156788052870067
57457,0.6049005969614204
57459,0.41443631773180983
57460,0.8709471770658399
57461,0.7399923086074497
57462,0.5532941806091869
57463,0.7088087862416306
57464,0.849090174154276
57465,0.7380172303285375
57466,0.47488099771820624
57467,0.641201968070593
57468,0.32627906867075573
57469,0.9766952175084033
57470,0.5512333559608389
57471,0.2344850787981779
57472,0.7939896575597315
57473,0.7790033503309717
57474,0.7723619416152833
57475,0.8429607212757471
57476,0.6634646698518133
57477,0.6013882503012735
57478,0.5500966804157653
57479,0.6068640973660604
57480,0.7007093492114762
57481,0.8383738272736189
57482,0.6144431054180094
57483,0.6934549034411416
57484,0.7683235698234602
57485,0.34383635028558734
57486,0.6558624918627445
57487,0.7413568066350265
57488,0.6357967446189964
57489,0.4415893268120192
57490,0.3263093107354662
57491,0.943186212618398
57492,0.9537506196585478
57493,0.4433665468241425
57494,0.6659528004731035
57495,0.27988539544119895
57496,0.49795170436057035
57497,0.7920274878576626
57498,0.7820927236258937
57499,0.4553049296741882
57500,0.26235311557346
57501,0.6392546683851128
57502,0.6208685819575541
57504,0.7789455284034174
57505,0.33765199564318493
57506,0.8641356147278005
57507,0.2874930690339071
57508,0.7473446735383786
57509,0.7790211951791259
57510,0.6511289979546753
57511,0.7510557484122639
57512,0.6678666013412694
57513,0.40595834303847816
57514,0.7969238378501069
57515,0.9015930080424753
57516,0.6231981715253396
57517,0.4036304970326242
57518,0.912338744642541
57519,0.2961478375778886
57520,0.5667569746196285
57521,0.7921052120020556
57524,0.8047410507250461
57525,0.5627090502730764
57526,0.42560883994428617
57527,0.9412538674369693
57528,0.5434528350541962
57529,0.7375775570492216
57530,0.5956408938142447
57531,0.6510022424815092
57532,0.9701786300652093
57533,0.9097234752395247
57534,0.68880914468714
57535,0.491494309456983
57536,0.9122976322150741
57537,0.8531479937313045
57538,0.6066371208719543
57539,0.5595301017655584
57540,0.3548297199234426
57541,0.37734662917075884
57542,0.7606390364098028
57543,0.8620028893971098
57544,0.7539155422522292
57545,0.7103949935926023
57546,0.8613562584574149
57547,0.949830805056268
57548,0.9098583865855238
57549,0.881067271200893
57550,0.4238748955993641
57551,0.5381299814063942
57552,0.783299139543793
57553,0.6100000796636447
57554,0.9401645774275915
57555,0.7403382308335399
57556,0.4690075118615445
57557,0.7592038821239444
57558,0.42889066610352444
57559,0.46400779825606764
57560,0.6531346741008447
57561,0.6885839981301431
57562,0.8036183444213832
57563,0.7778367860220444
57564,0.18087236829610148
57565,0.9023743784431862
57566,0.3776460928728565
57567,0.5632945200759057
57568,0.5569915541111357
57569,0.40407768384666964
57570,0.8170298880173352
57571,0.4436527869018956
57572,0.8387301576684831
57573,0.7499949564963481
57574,0.7842271421526001
57575,0.597797640215926
57576,0.6173506593871588
57577,0.5124043739157836
57578,0.615464128057168
57579,0.864458856644417
57580,0.45133508305985365
57581,0.4233726734370901
57582,0.7336561660808786
57583,0.20126721107107595
57584,0.45225621073529954
57586,0.7856054178781409
57587,0.5583763850898102
57588,0.6883906546880645
57589,0.7072977218140518
57590,0.636977998723875
57591,0.9558869621874815
57592,0.8820368790807269
57593,0.8482693027285667
57594,0.4514586970119796
57595,0.9643530182253521
57596,0.740883547188212
57597,0.9672633597630562
57598,0.8079619018249566
57599,0.614297904235418
57600,0.7957445979573615
57601,0.6396395249411984
57602,0.7043405286502203
57603,0.9466701901211736
57604,0.6757556668301474
57605,0.843818239593116
57606,0.5262953432124222
57607,0.5822604774304919
57609,0.7450125249589739
57610,0.5031796647048687
57611,0.21929758065753308
57612,0.8602021584541752
57613,0.9058012085042196
57614,0.2863950394345226
57615,0.7725734844372294
57616,0.6736450696428901
57617,0.9655537703741739
57618,0.28164017085302134
57619,0.5186142850531006
57620,0.8405574683372228
57621,0.4152684127659519
57622,0.8573440597169313
57623,0.6773933819782056
57624,0.7030053521156293
57625,0.3116722081835883
57626,0.8564465122946595
57627,0.9140196006096906
57628,0.35490876109444497
57629,0.3408091653455459
57630,0.5558720885934415
57631,0.6482050865884974
57633,0.5237336169541733
57634,0.8600017848441749
57635,0.5604203920889258
57636,0.6818850259993203
57637,0.3495137259503923
57638,0.8261912524485355
57639,0.4721941838117892
57640,0.35582122891331086
57641,0.59944078986056
57642,0.7186440974073522
57643,0.9076350443255489
57644,0.6049947880081683
57645,0.7787062493531346
57647,0.8103750605932369
57648,0.8387510965036986
57649,0.6364658401766983
57650,0.6435862271375846
57651,0.428037862188968
57652,0.9330049534396819
57653,0.9442438408434651
57654,0.5564848723666057
57655,0.9347641122923322
57656,0.9079800340181372
57657,0.5697837270450127
57658,0.519258024356849
57659,0.7536505308675955
57660,0.7753150990037626
57661,0.3770408595369822
57662,0.6510208233981389
57663,0.8049139867441555
57664,0.5498761853670333
57665,0.8181849800718025
57666,0.7905149253091542
57667,0.7327292897337994
57668,0.9142627770078099
57669,0.5421640066580078
57670,0.7255950086229699
57671,0.7326732019045983
57672,0.6735855255904053
57673,0.7184920899786622
57674,0.5136797147087292
57675,0.6075281217711773
57676,0.7970899978090444
57677,0.7107061226485436
57678,0.6433883293622238
57679,0.8596899847280518
57680,0.731001346457412
57681,0.7277344882965961
57682,0.6258080418079554
57683,0.7073539267546816
57684,0.9039031787218541
57685,0.4784572218942844
57686,0.8990983507416339
57687,0.7260966648681701
57689,0.7479318400051853
57690,0.8179718863301987
57691,0.5721734377788106
57692,0.4554630130151829
57693,0.653771903758006
57694,0.6283536615903624
57695,0.3544406013381256
57696,0.8823479110445848
57697,0.7708091254346325
57698,0.6369830300719578
57700,0.5938106879093167
57701,0.6769647640305118
57702,0.4292735686746644
57703,0.5575265615768141
57704,0.8326683525345143
57705,0.5835652044256182
57706,0.5031608880043462
57707,0.6864467490333139
57708,0.9612049774903718
57709,0.2947231464209053
57711,0.7361885631871544
57712,0.26871802255961064
57713,0.3070114923152616
57714,0.2729264505116739
57715,0.9341946133924528
57716,0.8613847830028075
57717,0.7324493486698158
57718,0.7317195906346472
57719,0.5457872074651484
57720,0.7609131675012183
57721,0.3040947201612357
57723,0.6084629013519888
57724,0.8499970808986453
57725,0.8123871715245748
57726,0.826547283957425
57727,0.5327560201030472
57728,0.879172464501649
57730,0.32391466547974385
57731,0.8625261654951296
57732,0.40595452264390697
57733,0.6915287565976675
57734,0.7892948620902603
57736,0.9018924398783785
57737,0.8245295561210412
57738,0.6789277476707197
57739,0.4516847471579909
57740,0.48179673259767225
57741,0.6409727095020042
57742,0.6878458519016549
57743,0.2933115997350161
57745,0.4281281750574474
57746,0.3734077230792241
57747,0.2837889235794595
57748,0.6490853884421279
57749,0.709265983974745
57750,0.46226236679979305
57751,0.6783576634546813
57752,0.47372236725781003
57753,0.549278760000249
57754,0.5091584302175292
57755,0.5440128589571752
57756,0.29568239188277706
57757,0.7348537646701465
57759,0.5916604999695664
57760,0.4178367230992002
57761,0.2927980949061327
57762,0.34581226522759073
57763,0.6185733301047445
57764,0.7710138104851282
57765,0.4368100993486994
57767,0.7088176899541722
57970,0.0
58001,0.6079163880593125
58002,0.592589960135428
58003,0.25772080910899525
58004,0.38134656240447057
58005,0.7217825510355412
58006,0.32732938065688677
58007,0.03519924690708771
58008,0.4470216573398452
58009,0.2231164357831907
58010,0.5050971676050524
58011,0.35138423908345146
58012,0.3611860890458182
58013,0.7642860198085996
58014,0.7940302711373722
58015,0.7836581187964814
58016,0.4349936458779378
58017,0.4725633251244386
58018,0.8147077198262129
58019,0.5123095757810573
58020,0.4858819668569293
58021,0.02901281066617527
58023,0.5805557265637
58024,0.6234021054704468
58025,0.6988081883266666
58026,0.674705733402961
58027,0.3968216280597718
58028,0.5449705793872881
58029,0.8901254830974447
58030,0.22168731400753555
58031,0.3502619613569906
58032,0.38842392198932807
58033,0.3053827989019225
58034,0.5774112610444062
58035,0.32539128446695753
58036,0.2982192853385606
58037,0.31455717184024645
58038,0.2540555536600564
58039,0.3735485775441089
58040,0.3651063113844407
58041,0.7978708645148943
58042,0.03641232594339656
58043,0.6453333795674077
58044,0.03814003694096822
58045,0.2300029673581656
58046,0.4764688457490079
58047,0.4712067501097996
58048,0.19219672320488643
58049,0.7431237940152992
58050,0.6924527138675236
58051,0.052919702702350344
58052,0.6428928572034341
58053,0.16311477400272137
58054,0.7375134557367102
58055,0.496407814358351
58056,0.03912927027221099
58057,0.029456121670719246
58058,0.19319347593762412
58059,0.0463693882602726
58060,0.49515948069301735
58061,0.22975293465650426
58062,0.7556356168276442
58063,0.815980181544387
58064,0.22146880545299774
58065,0.48048628755786305
58066,0.4774144686131252
58067,0.03997097600087309
58068,0.4025353802797441
58069,0.6685026838627295
58070,0.7738866181257384
58071,0.7638749695189538
58072,0.041337962432632866
58073,0.3854105807809646
58074,0.40708779451604876
58075,0.6670843123011553
58076,0.4652945479250961
58077,0.4790610003352839
58078,0.32819937635615437
58079,0.5507302582295033
58080,0.6349229444284987
58081,0.1206226971214373
58082,0.4843672045402812
58083,0.8009425863296437
58084,0.8335854034383139
58085,0.20859017522188258
58086,0.06950701429579564
58087,0.3374948589719018
58088,0.06634395253258168
58089,0.5713121197537566
58090,0.2644942012350313
58092,0.4851597299697099
58093,0.2586594726421752
58094,0.20653226380570278
58095,0.6243970332812501
58096,0.6872297865325988
58097,0.34947078041176177
58098,0.7385084691242355
58099,0.4825140875810437
58101,0.30526822536893056
58102,0.502927029492684
58103,0.3634427102005728
58104,0.7792105700503461
58105,0.6321485328878648
58106,0.3975199148118779
58107,0.5473426781221951
58108,0.5732757120460334
58109,0.3533859613228632
58110,0.60099078696306
58111,0.6929506358994951
58112,0.5288037141556697
58113,0.34233211690437715
58114,0.3726415088767411
58115,0.5785598929953625
58116,0.6695943520168585
58117,0.06650339657370852
58118,0.39325862146659923
58119,0.3503780963394946
58120,0.3818087683409095
58121,0.05682502974131882
58122,0.03512048691111812
58123,0.6476668187881829
58124,0.04365337780504406
58125,0.49777576941127283
58126,0.663268095954503
58127,0.25288403896074163
58128,0.5947370733119691
58129,0.4065564232853287
58130,0.7749913614700256
58131,0.6399930208834367
58132,0.5891160422059174
58133,0.6284928382506111
58134,0.6674792745443929
58135,0.18562283215587802
58136,0.44054184443319805
58137,0.4062343267966556
58138,0.02972949207597004
58139,0.5882102813582307
58140,0.40752781237707275
58141,0.4898184653110978
58142,0.23777527047005104
58143,0.5424098068946591
58144,0.029007342188384824
58145,0.38712844014521564
58146,0.5468708377826469
58147,0.37377397344103314
58148,0.7143450856314374
58149,0.5232163225659675
58150,0.6409259887110896
58151,0.45036217422318636
58152,0.04243090984782217
58153,0.44115877806979725
58154,0.492850453553739
58155,0.03845357741006342
58156,0.2575351966058665
58157,0.7078760848183695
58158,0.03692858945624933
58159,0.55021501585198
58160,0.6976711776271175
58161,0.32134695065258556
58162,0.28536862089911585
58163,0.7222634186719218
58164,0.03784032169701304
58165,0.663080421507205
58166,0.578272866980037
58168,0.35058712037446377
58169,0.4852517462522316
58170,0.7461207713209022
58171,0.23490959050838744
58172,0.3204356618966048
58173,0.2975650824257947
58174,0.5001295712726904
58175,0.3587405886578834
58176,0.04160811521739
58177,0.7108182389568423
58178,0.349154401474197
58179,0.5406706113106736
58180,0.5223262841049489
58181,0.7858064935224011
58182,0.30280803007317003
58183,0.53645243558056
58184,0.5021329898705422
58185,0.380057270125803
58186,0.3094691138071908
58187,0.041492615115600866
58188,0.33914934654000745
58189,0.030241586278127546
58190,0.4321923513571258
58191,0.6622821139452232
58192,0.736578299962263
58193,0.03816934522972567
58194,0.12230789089305075
58195,0.3642939024637947
58196,0.688054393050948
58197,0.5917475548890418
58198,0.2620490175070729
58199,0.5440177442106435
58200,0.2997336624210386
58201,0.23626569076753776
58202,0.42056868058931457
58203,0.46403862060092577
58204,0.5313892355171128
58205,0.3346702866622817
58206,0.8923467532346581
58207,0.043152073048637676
58208,0.5880385944562957
58209,0.5379935621881865
58210,0.45564956025892217
58211,0.33871601894427655
58212,0.5898458307625168
58213,0.602238628878375
58214,0.053481002189687425
58215,0.03852695631333969
58216,0.39646818286884977
58217,0.28524233636820584
58218,0.5039787424698448
58219,0.33995701694293706
58220,0.031073577749355093
58221,0.3443264099550141
58222,0.3503411482525342
58223,0.26326719217120453
58224,0.5096876533417286
58225,0.040979653621467854
58226,0.4124210740752135
58227,0.254465878162867
58228,0.04187603697013062
58229,0.7019886883076127
58230,0.6146581246122941
58231,0.5489589032871834
58232,0.5093242283704493
58233,0.5589540566263503
58234,0.24917952619819161
58235,0.4096925594965242
58236,0.4855487889405694
58237,0.6445929202549959
58238,0.05615173605100922
58239,0.557309206349066
58240,0.33500281063593923
58241,0.5295127984449791
58242,0.7486584500410944
58243,0.4031474044100812
58244,0.5229941677348597
58245,0.35376262014034004
58246,0.5179419183635289
58247,0.6321377676542906
58248,0.7317700685675224
58249,0.40496037426353304
58250,0.7131695191510945
58251,0.5767434524599752
58252,0.14893235057083276
58253,0.4218755482104899
58254,0.04569323248930553
58255,0.6104841542176139
58256,0.0493584913531087
58257,0.5372344485947892
58258,0.6131412294826103
58259,0.6720280133890435
58260,0.03712232741812495
58261,0.05139129926117545
58262,0.38156449984767377
58263,0.28223254012645993
58264,0.029513280338331407
58265,0.6529397610784166
58266,0.5184049339778993
58267,0.6258959571992125
58268,0.3981020009162084
58269,0.5645220091291735
58270,0.37830027857785903
58271,0.7000015245673318
58272,0.5819997376546581
58273,0.04355557470481822
58274,0.6399869904098111
58275,0.261563665104905
58276,0.38114747745511107
58277,0.3565067115040073
58278,0.05338529224654411
58279,0.4532208598939425
58280,0.5439947666607983
58281,0.680412283415891
58282,0.268650035825862
58283,0.7787786923869024
58284,0.7012606990255502
58285,0.3554087354020198
58286,0.7282549439783627
58287,0.4253795880638049
58288,0.731765568696724
58289,0.4097638229853091
58290,0.3198502936762757
58291,0.452901352496199
58292,0.23452422047278998
58293,0.67573364851262
58294,0.033677155870386305
58295,0.05800551070389852
58296,0.03395500513243649
58297,0.4461092940594224
58298,0.04031660703941066
58299,0.22862816454849072
58300,0.048218772216762046
58301,0.32095432752359393
58302,0.03183366501642617
58303,0.07819514854797915
58304,0.5980801904187301
58305,0.5116060831700647
58306,0.42740572687621636
58307,0.45488868258959014
58308,0.704352320194967
58309,0.48971940041888856
58310,0.2826598954958181
58311,0.4300600944459045
58312,0.2898924215455099
58313,0.5555039630006512
59001,0.4547631058568976
59002,0.9977018408779359
59003,0.5230986457676466
59004,0.9991081914134483
59005,0.9979949895246327
59006,0.3530055909949849
59007,0.9973677142027275
59008,0.9970903370203619
59009,0.9605963528915104
59010,0.24526108082691173
59011,0.9924063867185392
59012,0.24195786075636838
59013,0.9905792103613205
59014,0.6628912615079279
59015,0.9948368876479191
59016,0.9564669656323399
59017,0.9545374701765222
59018,0.9116379760947924
59019,0.5458484207855038
59020,0.0
59021,0.593819536751835
59022,0.9381886687778376
59023,0.9917541998425131
59024,0.9969973880750268
59025,0.9784889507365359
59026,0.9924469544067656
59027,0.6669678711648616
59028,0.8741445104361466
59029,0.9929811972317725
59031,0.3124917330484224
59032,0.63352127169652
59033,0.6891251486027561
59034,0.9484794971616783
59035,0.3451719764802265
59036,0.4313027361493365
59037,0.7484767963036708
59038,0.4857966915441722
59039,0.6748493012981711
59041,0.6144725456172402
59042,0.9994203833270683
59043,0.8904732935911474
59044,0.999767331571898
59045,0.47604751529617895
59046,0.821391214042279
59047,0.5513451868190328
59048,0.46937701553821853
59049,0.5518202481111911
59050,0.37807723770038687
59051,0.9747419543043901
59052,0.9767757005103047
59053,0.3357443273658304
59054,0.9232955489946226
59055,0.4939480803676091
59056,0.9562763837818414
59057,0.7024323574479705
59058,0.4108613358258236
59059,0.7813358129704128
59060,0.8251680379377171
59061,0.3992679532342274
59062,0.5002608326712323
59063,0.7298133789175869
59064,0.6315653933664553
59065,0.3623216080236381
59066,0.5109024623998186
59067,0.940899386967292
59068,0.6153016913298485
59069,0.8990614775769993
59070,0.3475848717387263
59071,0.995340730962292
59072,0.6864973992652036
59073,0.8168893512204849
59074,0.6749049376092113
59075,0.7981380943753554
59076,0.7282795404337468
59077,0.43014430364193607
59078,0.3482952285081553
59079,0.9868466383732878
59080,0.9937299136247688
59081,0.68646895038926
59082,0.9333274271112855
59083,0.9019782201787152
59084,0.9220433532063064
59085,0.8775456423631617
59086,0.9284102836518182
59087,0.9161817823901254
59088,0.9489958665959087
59089,0.9593917759058189
59090,0.9823257598081145
59091,0.9429240363755584
59092,0.5487832398472644
59093,0.3538817655077479
59094,0.8764426326532203
59096,0.9995763583435815
59097,0.2284779543097624
59098,0.9949587622814574
59099,0.398152642048178
59100,0.9934062318743424
59101,0.7235067083023693
59102,0.6707827485044537
59103,0.3905187115935973
59104,0.6034776974163766
59105,0.9967683799709258
59106,0.999275252221989
59107,0.9872577340209928
59108,0.6584699603928165
59109,0.993452002171583
59110,0.9391775546733169
59111,0.9596941453638692
59112,0.9990401576833183
59113,0.9965905230280593
59114,0.9972958085865853
59115,0.9939582104718736
59116,0.4280437119541619
59117,0.9951319915178347
59118,0.9342084239562999
59119,0.9111547850993377
59120,0.848608109096655
59121,0.6970835253750474
59122,0.4425011711821252
59123,0.9325017459986183
59124,0.9996047463540267
59125,0.2771876695817931
59126,0.9973295230410795
59127,0.8579238941181263
59128,0.9693004887105738
59129,0.9969555899022218
59130,0.9214971973785158
59131,0.9660082935038957
59132,0.6660282380519441
59133,0.9312424574741641
59134,0.2530942891061798
59135,0.9251531931444319
59136,0.6280004947137171
59137,0.33024488184837786
59138,0.6932391812384483
59139,0.8022685968588347
59140,0.9640804673573675
59141,0.6808822842310421
59142,0.5943283818185113
59143,0.9570805714756954
59144,0.9964525603378837
59145,0.9377156426598258
59146,1.0
59147,0.5602991237680084
59148,0.4766040493320224
59149,0.9595779614573139
59150,0.9995081939483691
59151,0.54200451073041
59152,0.9949866897700435
59153,0.9956137131762449
59155,0.9662872347959208
59156,0.9880969344320093
59157,0.5701980612944954
59158,0.9985122261119361
59159,0.9426467035312637
59160,0.9955261969435243
59161,0.46989742826192976
59162,0.9002347775800544
59163,0.9857784064277888
59164,0.5235723949495522
59165,0.8610537323672259
59166,0.5133007532686189
59167,0.4366630163587271
59168,0.9991616580534418
59169,0.38419486475317355
59170,0.9883136000474766
59171,0.9263491965524023
59172,0.6190608060766383
59173,0.9994939584433021
59174,0.45360928079792473
59175,0.3400998938670232
59176,0.9375850561080569
59177,0.36344175492265895
59178,0.9931830345006244
59179,0.5633198332884459
59180,0.9801639410970073
59181,0.3728938756774794
59182,0.9688211727965511
59183,0.9717608787910963
59184,0.9314371097317989
59185,0.9970294840729084
59186,0.5259834519401333
59187,0.42800401815777706
59188,0.42782933423505215
59189,0.8281149291883891
59190,0.593648918706764
59191,0.9276370934921386
59192,0.9975294221378901
59193,0.9700976458728424
59194,0.5424321596336993
59195,0.9716235800729671
59196,0.9642059483234026
59197,0.9428249438368749
59198,0.32773783250015076
59199,0.9967802870678332
59200,0.9469981306358366
59201,0.9634622133513615
59202,0.9357974506706163
59203,0.996590778204599
59204,0.8559334546027336
59205,0.577691176698371
59206,0.3712978095684711
59207,0.9980933802752919
59208,0.9645202774531976
59209,0.9432537559251633
59210,0.9273131888386396
59211,0.8612427554893314
59212,0.9711912024486791
59213,0.6638041870104522
59214,0.996298739305957
59215,0.5413742855802223
59216,0.4345866890447252
59217,0.44961435186067894
59218,0.27233667046363946
59219,0.4863122935206273
59220,0.9675891792418025
59221,0.6092733096228472
59222,0.9993299536937109
59223,0.2412001047670118
59224,0.9930839539670926
59225,0.427493897637699
59226,0.3093251569397452
59227,0.997029185484678
59228,0.9874827380237017
59229,0.4333007142561498
59230,0.41006450503841296
59231,0.6394309460104555
59232,0.4423004669453746
59233,0.3756079120797783
59234,0.870452720076675
59236,0.2460334481599715
59237,0.8318178278374511
59238,0.9937862234905972
59239,0.9974957421388451
59240,0.38186784224416037
59241,0.2726245126407616
59242,0.3661516479172689
59243,0.7062094329060454
59244,0.32911773197092864
59246,0.4849464563461502
59247,0.9984449923233308
59249,0.3885872310954489
59250,0.9891636099323604
59251,0.41322699418980824
59252,0.9995958248492612
59253,0.9975855399781282
59254,0.9933724824386105
59255,0.9914481360126546
59256,0.9530549483962215
59257,0.9871753926610775
59258,0.9958503524382998
59259,0.684675549903088
59260,0.9412097892111599
59261,0.312296184735455
59262,0.7944727222059781
59263,0.9980113091572482
59264,0.3749218921593543
59265,0.3624480372146277
59266,0.9377407393301453
59267,0.4928214822637623
59268,0.9661280148673755
59269,0.5268152089386248
59270,0.39206583877932055
59271,0.9713467165223967
59272,0.9182599968989321
59273,0.889463896228322
59274,0.32858355574433806
59275,0.9991981259404494
59276,0.9960110673410383
59277,0.8166980688252231
59278,0.9674476965800793
59279,0.9943165637552097
59280,0.9981017834997998
59281,0.9815193470657294
59282,0.914834481028818
59283,0.3400662477866524
59284,0.9934170485289974
59285,0.5214022965126703
59286,0.9685599801209533
59287,0.9644024814052766
59288,0.6046806788527884
59289,0.8858515678447642
59290,0.3511554291711346
59291,0.46658609194548284
59292,0.6028419362770153
59293,0.9126360258183603
59294,0.3922444805112203
59295,0.9675525095182039
59296,0.5332830099978139
59297,0.9827282460367751
59299,0.9941480378206867
59300,0.4882075713882257
59301,0.9954988393905861
59302,0.6725381123933915
59303,0.985278852152618
59304,0.9981323933118333
59305,0.8487380940156645
59306,0.48051975802733754
59307,0.9251604667362249
59308,0.9374046140847444
59309,0.9324175730050166
59310,0.30249847864553686
59311,0.9830412908468913
59312,0.6035356125325019
59313,0.5020190969124986
59314,0.9978754069989103
59315,0.35450065555378235
59316,0.9423183310254226
59317,0.9580902394554779
59318,0.8141886523954954
59319,0.9279098530228159
59320,0.9823772819541471
59321,0.7263322401077303
59322,0.46722789297648454
59323,0.4750545324476434
59324,0.647672351823793
59325,0.6281267093979472
59326,0.9398406508117398
59327,0.9975440599472291
59328,0.9614447840450474
59329,0.988869917547357
59330,0.9971452178029551
59331,0.36942569198118774
59332,0.9978273261908195
59333,0.3218146418885342
59334,0.8633867482170446
59335,0.991498345829828
59336,0.9982538940808828
59337,0.9586848116348284
59338,0.9397185666406981
59339,0.9916792629092827
59340,0.9924283169738167
59341,0.9419484769675144
59342,0.455434555780156
59343,0.9702445565628234
59344,0.6394561984519278
59345,0.9978985086132017
59346,0.9813180258256853
59347,0.30099372928175344
59348,0.5242107297177935
59349,0.6961154388582573
59350,0.9651050018581895
59351,0.43503161327317186
59352,0.9969788875029121
59353,0.2771558348253389
59354,0.9961690419876329
59355,0.0
59356,0.9982355766004473
59357,0.3354858159270826
59358,0.9529564634241493
59359,0.9211316655599097
59360,0.9616240238567126
59361,0.5640787516784518
59363,0.6220697206708063
59364,0.9998856435610676
59365,0.46574383737105507
59366,0.9682007920082958
59367,0.9931837754498501
59368,0.9681215467774875
59369,0.6015037097186559
59370,0.408048257319499
59371,0.992439582865939
59372,0.8908970296507379
59374,0.4979060858688002
59375,0.9915419240858304
59377,0.25520406356116065
59378,0.9797659856342379
59379,0.9976018156167096
59381,0.5055494913963724
59382,0.9268169590480245
59383,0.6366435577083348
59384,0.36756440337129365
59385,0.6494547650620467
59386,0.9791435191556982
59387,0.5334973813045588
59388,0.9823179092704949
59389,0.5005591019251198
59390,0.9965726503687873
59391,0.5567500964705056
59392,0.5188816505203347
59393,0.9968431742105613
59394,0.956114828389709
59395,0.4337706887037266
59396,0.30126300682572354
59397,0.9407257540523493
59398,0.9976087093059188
59399,0.8437077980094866
59400,0.9396736618803584
59401,0.8234668524146114
59402,0.9248751070279516
59403,0.992999665096507
59405,0.225118998941796
59406,0.6670754962229862
59407,0.9484713550995969
59408,0.9993870165372988
59409,0.9956738619004833
59410,0.9664875880504057
59411,0.9962501874561567
59412,0.5466898935142027
59413,0.6953634463612045
59414,0.9968020369314728
59415,0.8897953418631294
59416,0.8958887116249564
59418,0.9965588925188154
59419,0.999197951709104
59420,0.4099715439628667
59421,0.9856506015218595
59422,0.8700932082293888
59423,0.9631347305021782
59424,0.46964573917928326
59425,0.6998206036841055
59426,0.9890666877900378
59427,0.9331909308915766
59428,0.4356066935808955
59429,0.5424005383035614
59430,0.5785547590121718
59431,0.9241903654299078
59432,0.6674357523208766
59433,0.9389943298212675
59434,0.9976558455643009
59435,0.9924291943200293
59436,0.8993182657238238
59437,0.9497498135827613
59438,0.2878615150558258
59439,0.5415668554787109
59440,0.5313379167159191
59441,0.3074625666954197
59442,0.5193030795967754
59443,0.9334602349944197
59444,0.9974665198114561
59445,0.3081875858776647
59446,0.6563008981829095
59447,0.9989992202773312
59448,0.9219787902430026
59449,0.9990155500703657
59450,0.34632433776094423
59451,0.43162833615745433
59452,0.9008584828403687
59453,0.8262080279772243
59454,0.9389562013660794
59455,0.48262766082068487
59456,0.9974698596570223
59457,0.9977348898237317
59458,0.9992657500611316
59459,0.8056439491399482
59460,0.0
59461,0.4565638146540778
59462,0.9370642432583867
59463,0.9225256061572604
59464,0.5312640069932187
59465,0.4733986955217131
59466,0.9981998849596773
59467,0.6187385866415754
59468,0.6266995122386985
59469,0.9574652907774845
59470,0.9652167358447836
59471,0.5365812541828751
59472,0.4111534337764434
59473,0.41757664511606435
59474,0.2120237109562452
59475,0.6820860007072757
59476,0.39385768273088373
59477,0.9911891906930863
59478,0.8989336182960528
59479,0.9974321972322847
59480,0.9432416790195086
59481,0.6640257894000775
59482,0.9971616736936811
59483,0.5452868549454464
59484,0.9964875797990674
59485,0.7230387360599569
59486,0.998150040126288
59487,0.9532543750848714
59488,0.3749538219039035
59489,0.9990446052723071
59490,0.4646650385460417
59491,0.9832163618684684
59492,0.40710862586217733
59493,0.39265796198215813
59494,0.5933935274499803
59495,0.558158608852211
59496,0.3759450684156883
59497,0.8998384236151961
59498,0.6558990243851552
59499,0.9410632019120055
59500,0.21606346434329224
59501,0.9956981538041598
59502,0.8791508879555606
59503,0.40060776402566245
59504,0.572243901125385
59505,0.9973952241047905
59506,0.7837439857081525
59507,0.9743893024518964
59508,0.9885947818653444
59509,0.9985305035046406
59511,0.992104595256547
59512,0.9848213791740146
59513,0.9979993333773742
59514,0.4645982726056643
59515,0.6937864137314773
59516,0.9339430994336912
59517,0.564831076902056
59518,0.7227080403628641
59519,0.9900086117307639
59520,0.6929477763807457
59521,0.37905895453781857
59522,0.9973801242619924
59523,0.9534853190171446
59524,0.9867181463026915
59525,0.32784649215195444
59526,0.9981031555687924
59527,0.9806151693494715
59528,0.8925936817183069
59529,0.3999006285516876
59530,0.993995306474542
59531,0.5609967753294907
59532,0.8738780353518252
59533,0.8820557242999474
59534,0.3493568531051456
59535,0.8143747818503281
59536,0.9227981658535337
59537,0.9751857077329832
59538,0.9101122405964975
59539,0.9069100141237673
59540,0.0
59541,0.8829548870825682
59542,0.5771853278879588
59543,0.42580135336612007
59544,0.5904324954442812
59545,0.9216094702440465
59546,0.854715596601374
59547,0.8786032949118736
59548,0.3472049624065207
59549,0.6869877626175513
59550,0.9769211963925941
59551,0.9911450815480097
59552,0.4180857995423636
59553,0.9653823717453242
59554,0.993055220409747
59555,0.4454300291132063
59556,0.5380780704540832
59557,0.557920380352775
59558,0.9776761770798292
59559,0.48682526165068335
59560,0.9546636881598555
59562,0.3131642626969456
59563,0.4105892459733776
59564,0.711892310043303
59565,0.7676847281326619
59566,0.9676173891477371
59567,0.682743650848846
59568,0.9622177385298772
59569,0.9900526649409165
59570,0.9017662005521841
59571,0.6987885991416695
59572,0.48191757117808226
59573,0.49242241711886153
59574,0.9964695795851757
59575,0.9409385725701797
59576,0.954518861676473
59577,0.9386803986993177
59578,0.9445617007133057
59579,0.9322072813733462
59580,0.8387219236701051
59581,0.8885767392571353
59582,0.9632123167249981
59583,0.4762408384960003
59584,0.30786012223720083
59585,0.9566388277658567
59586,0.9978511998826254
59587,0.8286873496126295
59588,0.9306261465367717
59589,0.5807294518217208
59590,0.8867796337545089
59591,0.9954010232962982
59592,0.996112834340488
59593,0.4364578870326966
59594,0.9970430691830678
59595,0.4218753288784258
59596,0.9936635192601685
59597,0.3992759005015292
59598,0.9970372535059666
59599,0.9859832268738868
59600,0.9358990941106436
59601,0.2526304833404176
59602,0.99060620437728
59603,0.689607138524581
59604,0.6890431204008417
59605,0.9906157271422611
59606,0.6842286281027092
59607,0.6169718518479941
59608,0.9353882738047011
59609,0.9637134662862195
59610,0.9415103334870742
59611,0.9932184263284388
59612,0.8481598909010252
59613,0.9974849712784158
59614,0.7070924500302166
59615,0.9407854103683245
59616,0.9958414388239166
59617,0.3728248208892186
59618,0.6659610093844055
59619,0.6040611533045243
59620,0.9954553728171556
59622,0.8956349155503851
59623,0.4706871308621019
59624,0.6703374455884014
59625,0.5214528515986422
59626,0.45427434606229383
59627,0.6690659343480926
59628,0.9561971907450578
59629,0.9970380644492812
59630,0.9264001600880185
59631,0.9607669128027406
59632,0.980254786674676
59633,0.2870641772123035
59634,0.9486637110714111
59635,0.6863886658800922
59636,0.9827177356789737
59637,0.998891410961811
59638,0.9994928125183796
59639,0.44765869826103566
59640,0.42184285279284955
59641,0.8949215938686549
59642,0.9988051754134408
59643,0.9993646198893821
59645,0.5118417023576256
59646,0.9855944186200141
59647,0.9215340975883153
59648,0.9579261586563831
59649,0.37927820839404863
59650,0.9844995304639538
59651,0.6376819151350364
59652,0.5270081198870428
59653,0.9942413642913348
59654,0.9901697386829266
59655,0.9147161678875867
59656,0.9946231559833053
59657,0.8795731827510457
59658,0.9869975531784875
59659,0.43561877720733067
59660,0.999848339865786
59661,0.513495673251007
59662,0.8150114916486704
59663,0.9002855879723433
59664,0.9252292671424616
59665,0.8829191825009077
59666,0.9559782197274292
59667,0.9432693581882434
59668,0.9899633414806359
59669,0.9204450508661364
59670,0.9977579764860817
59700,0.0
59770,0.0
59810,0.0
59811,0.0
59830,0.0
59850,0.0
59960,0.0
60001,0.6707335726547876
60002,0.6793299206226608
60003,0.99147668326641
60004,0.7479633556399777
60005,0.9834259164584865
60006,0.9508129884218828
60007,0.8810988037656328
60008,0.748977512864466
60009,0.7800880225744427
60010,0.6224857633927353
60011,0.95682265613454
60012,0.919483426087537
60013,0.9010798814971994
60014,0.9068852030860716
60015,0.9936525323868125
60016,0.8914632176572623
60017,0.9641204026497803
60019,0.30131160437476656
60020,0.9597971142572536
60021,0.6456385098704593
60022,0.8761407244290078
60023,0.6373779098055943
60024,0.18508192602376927
60025,0.7561500916418976
60026,0.9676574437961075
60027,0.7862734889956612
60028,0.8646968544126377
60029,0.9049785994378926
60030,0.6482544478460797
60031,0.7310063434714725
60032,0.8535906670108115
60033,0.8701909887133612
60034,0.8404058370851003
60035,0.9834896220117091
60036,0.8915622678780513
60037,0.6626789044435021
60039,0.9283557137343982
60040,0.8702318737115973
60041,0.9253453043416474
60042,0.8731439072160473
60043,0.7232874774028526
60044,0.9695040680558743
60045,0.2805134226148217
60046,0.2587891764185471
60047,0.8580615430268878
60048,0.698984363281898
60049,0.945588693893746
60050,0.959758103793928
60051,0.9658782049101181
60052,0.926848361221979
60053,0.9780816967498537
60054,0.879619933980049
60055,0.7205781659629026
60056,0.9545213223467429
60057,0.8018061673431457
60058,0.844789017844314
60059,0.653367565020776
60060,0.7176450078563538
60061,0.8976853590413068
60062,0.9015416028513906
60063,0.6547838764513896
60064,0.7864616097341142
60065,0.9929329457221713
60066,0.8755427906276217
60067,0.9430194625941015
60068,0.9467500229202306
60069,0.26844756756168187
60070,0.6989611441074252
60071,0.895798332530397
60072,0.7902216120893292
60073,0.8895304877580023
60074,0.9372560567005435
60075,0.42001493922664396
60076,0.4296986206340838
60077,0.96858371119966
60078,0.8921764615556916
60079,0.28159979278262076
60081,0.7012165576303515
60082,0.428308509757701
60083,0.24016543519263253
60084,0.7801927392833508
60085,0.9273724194580959
60086,0.9249488928613159
60087,0.2944705283809639
60088,0.6400992952472482
60089,0.6077328249220005
60090,0.7218726905204573
60091,0.9823838393508594
60092,0.9525518151516078
60093,0.21469081453295044
60094,0.9337829941230155
60095,0.5469755419045176
60097,0.8261753582228742
60098,0.5388937015685158
60099,0.9492212602170029
60100,0.24832481711711835
60101,0.9862430622667842
60102,0.9176168118287491
60103,0.9082209461667653
60104,0.7112315471939467
60105,0.6511877631818777
60106,0.8503300276108785
60107,0.8661773783556338
60108,0.6925859850188173
60109,0.6734909268770143
60110,0.6460263265636838
60111,0.9139734622039026
60112,0.9114984347660106
60113,0.9435074795695215
60114,0.692933788557842
60115,0.8634814961559113
60116,0.9631820676680865
60117,0.9450397778669244
60118,0.8631927183456816
60119,0.7537139294776605
60120,0.9267948451652399
60121,0.9746400563005255
60122,0.6450200835144358
60123,0.8925212405502543
60124,0.9786668722921503
60125,0.1876263387577198
60126,0.7776848670264276
60127,0.2253954696920433
60128,0.6900352966962711
60129,0.6424265643221625
60130,0.8763512189059154
60131,0.9171725864498356
60132,0.9756348412125125
60133,0.8835102034696094
60134,0.9307565362705469
60135,0.9961842734918916
60136,0.9639296314436194
60137,0.969037554332759
60138,0.35585745679805736
60139,0.7315355582279479
60140,0.6336197334341916
60141,0.9170364093542336
60142,0.45760738914744575
60143,0.7588781141387324
60144,0.9381811184707893
60145,0.7573121495922561
60146,0.9245120441490609
60147,0.7322611328179364
60148,0.4228943301430289
60149,0.22082129486394983
60150,0.7416403399164305
60151,0.6554848418900469
60152,0.8986178202470348
60153,0.9699929864431208
60154,0.9326098607270861
60155,0.9707319002804503
60156,0.6972799103812555
60157,0.8744081687194543
60158,0.9727064581159728
60159,0.6716691343235847
60160,0.225089166358903
60161,0.9685206933976632
60162,0.9133858671545156
60163,0.44106491075164705
60164,0.8382233081406327
60165,0.9475014254268144
60166,0.68627085183611
60167,0.7692874448627844
60168,0.8858490864455548
60169,0.6718587498842464
60170,0.8651323469951052
60171,0.7757513779683083
60172,0.9396458450408172
60173,0.9161361986614769
60174,0.23532377216296158
60175,0.9171140460716398
60176,0.39750980484027076
60177,0.9728761974014618
60178,0.9631815417736709
60179,0.9713914389122511
60180,0.7466950088511602
60181,0.6280020619583578
60182,0.5275183881770827
60183,0.41946682228309334
60184,0.760377879978534
60185,0.9516506645432629
60186,0.9064062200961068
60187,0.8367128503339658
60188,0.722679822487264
60189,0.8598182262568098
60190,0.9495227403876
60191,0.289684560669062
60192,0.9491641968865553
60193,0.7612554061243844
60194,0.9605869398013821
60195,0.6092315231787494
60196,0.9125630053626944
60197,0.984284382604701
60198,0.9298489517509811
60199,0.4457474021584746
60200,0.9345194575966806
60201,0.9042973000206886
60203,0.7856477547963543
60204,0.9780111588517134
60205,0.7506836535210657
60206,0.918510078936584
60207,0.6140828705566588
60208,0.7961161574482561
60209,0.831210819387065
60210,0.8846260872366175
60211,0.6752229175900364
60212,0.9870134239572864
60213,0.6847202145994538
60214,0.682011605932911
60215,0.7955229001588976
60216,0.9147748814346192
60217,0.571951955642498
60218,0.5742782178345446
60219,0.20997062169904102
60220,0.8988853541142107
60221,0.5250591448135787
60222,0.9567109856847885
60223,0.8830439389588166
60224,0.9753246660120465
60225,0.8425891936088934
60226,0.7157292863542878
60227,0.7649904589080936
60228,0.7309330463219245
60229,0.2053180257813724
60230,0.9034092648934167
60231,0.7309659465239268
60232,0.9021507479733658
60233,0.6108337119189455
60234,0.8577255103381926
60235,0.7239042773815356
60236,0.9396139791498227
60237,0.44971343585447326
60238,0.8636928316981756
60239,0.8599571585611343
60240,0.3922427705736409
60241,0.316982898571149
60242,0.7027543924610461
60243,0.7024456481394669
60244,0.9407471800959083
60245,0.6029170834918859
60247,0.9726093308222705
60248,0.5756439347619186
60249,0.967599131915565
60250,0.8442994851456284
60251,0.6944806202144193
60252,0.9118662375130365
60253,0.6016485052892262
60254,0.892131434452363
60255,0.9491281061016997
60256,0.9107576563536085
60257,0.8975301729724237
60258,0.2268056452720048
60259,0.940843285679962
60260,0.8325304747439292
60261,0.8591362473951264
60262,0.8776291238104976
60263,0.9845885599718737
60264,0.7203131982428024
60265,0.6420033576410098
60267,0.9386793424372879
60268,0.867491563695701
60269,0.6279187401260369
60270,0.7184777653837628
60271,0.6422815967351879
60272,0.7711330045465482
60273,0.7052366503229346
60274,0.8819699315228515
60275,0.825135639156309
60276,0.9038923655064918
60277,0.9146702797242013
60278,0.8970107525786741
60279,0.21681111863601918
60280,0.5422016549168376
60281,0.2732927812137706
60282,0.9128844612301279
60283,0.47423436424215265
60284,0.20020017046820265
60285,0.9837442522729183
60286,0.8424509470298175
60287,0.6396396649272407
60288,0.6288333460481361
60289,0.9633477886563531
60290,0.6892466118861023
60291,0.9246782934904529
60292,0.9429223737293001
60293,0.6471979562455085
60294,0.9020899650037654
60295,0.7442982697498232
60296,0.7018048176346505
60297,0.9666967600106889
60298,0.7616428522816987
60299,0.5087676756271707
60301,0.8380374512666747
60302,0.9635304971763745
60303,0.5418088778583372
60304,0.7989278908415802
60305,0.7376727671025461
60306,0.690013853570433
60307,0.99459558640439
60308,0.9902324220939007
60309,0.9105697883264857
60310,0.8138491354202538
60311,0.9169407396561633
60312,0.7215356553490924
60313,0.9835242798159559
60314,0.929277855276831
60315,0.9315812559058892
60316,0.6486428420194122
60317,0.9939643913158653
60318,0.23025700827568463
60319,0.9341709845836285
60320,0.18535978663847874
60321,0.8687998066923902
60322,0.7437016242084113
60323,0.7035970769858089
60324,0.7335786947982876
60325,0.7014627153633619
60326,0.21993227178212563
60327,0.9005013270272489
60328,0.9918366314226974
60329,0.945431858928127
60330,0.9371024212150867
60331,0.9404743728158718
60332,0.8903948877600463
60333,0.9059039488461185
60334,0.9953326985314578
60335,0.7158679879810129
60336,0.9894370018489009
60337,0.6874960685030853
60338,0.6188572325796642
60339,0.6863644041564724
60340,0.9780917690527489
60341,0.7049784976483097
60342,0.8942404318045944
60343,0.7272701406219384
60344,0.9168880479496866
60345,0.8537202959022291
60346,0.9129647159147916
60347,0.10415797498040609
60348,0.733292587621634
60350,0.9337571038893347
60351,0.2465682723258923
60352,0.6777629942895029
60353,0.9664492397234621
60354,0.9600558357015985
60355,0.6887643454372203
60356,0.7144494457319637
60357,0.9740912121832118
60358,0.25716557299417886
60359,0.8462700438059855
60360,0.9278951798548698
60361,0.6168192104652064
60362,0.9839898257587932
60363,0.675066511590098
60364,0.9054391011847281
60365,0.9552742253487205
60366,0.8858877197260493
60367,0.7317772726896413
60368,0.7115303550722428
60369,0.20508273252811107
60370,0.8763790246298395
60371,0.7161118295860579
60372,0.9902302493591029
60373,0.7407046821770471
60374,0.916265868295923
60375,0.8648986766273424
60376,0.9923890209787956
60377,0.5716183359718974
60378,0.7408495536455301
60379,0.9489501018281689
60380,0.8625332182136375
60381,0.9828341203255606
60382,0.7260083912295506
60383,0.2632820242748714
60385,0.7146456103933329
60386,0.3262118799053578
60387,0.7542675525909905
60388,0.6994773992970978
60389,0.9262422252947013
60390,0.9903320907476645
60391,0.9755311674505086
60392,0.7377181969506665
60393,0.9739992881589226
60394,0.9821126802547117
60395,0.6042353862389732
60396,0.8748769589697606
60397,0.9670906622575699
60398,0.7161811676723532
60399,0.9216005042644438
60400,0.9448885365330447
60401,0.9164468963236638
60402,0.19899648515494706
60403,0.7981842237384247
60404,0.9152812037378314
60405,0.5726278842868391
60406,0.929452145253867
60407,0.4632029817071348
60408,0.24337718095673952
60409,0.903260914894978
60410,0.6477461107646233
60411,0.9202464247185006
60412,0.5761598703641606
60413,0.6110075533134788
60414,0.8952880880253438
60415,0.928299831099427
60416,0.9772369139459037
60418,0.9788976885801772
60420,0.5707389884635732
60421,0.3393386504043025
60422,0.9436721401193642
60423,0.7245771262472172
60424,0.9465418313715347
60425,0.9522051565768224
60426,0.9210000491982259
60427,0.9074256897772544
60428,0.8379281162385693
60429,0.9520816455442653
60430,0.7505108897264755
60431,0.6663391420737306
60432,0.40649053361910953
60433,0.993425315145464
60434,0.9112182018457622
60435,0.6814039900978376
60436,0.9207911593045076
60437,0.9949464908862594
60438,0.7942782119529259
60439,0.9942728486503545
60440,0.9862896414119879
60441,0.1773736359545304
60442,0.9909588371629114
60443,0.9497726495523084
60444,0.6520527830398045
60445,0.8052846085878909
60446,0.46563257742519604
60447,0.8701166060661891
60448,0.9598964567592039
60449,0.8569339249554583
60450,0.986230217429814
60451,0.8678840661462309
60452,0.9360077704944333
60454,0.8880165855306118
60456,0.9827480781457705
60457,0.9903794167397784
60458,0.8406151567087146
60459,0.2977037786242465
60460,0.7982663101110425
60461,0.7164219155087929
60462,0.9937161331183358
60463,0.8952175447682228
60464,0.8499835329507865
60465,0.9892953200474545
60466,0.9668349337712178
60468,0.8898893731365793
60469,0.9958327757286335
60470,0.949775840781702
60471,0.6961781336341074
60472,0.965051215062649
60473,0.555786834653728
60474,0.977932441121666
60476,0.5483910381913867
60477,0.9119473265229541
60478,0.2362988755805076
60479,0.3632095928838144
60480,0.6964785854182778
60481,0.7936944690077099
60482,0.4251813148801306
60483,0.8939015732236522
60484,0.8562468674275108
60485,0.5680605569171742
60486,0.891464026044354
60487,0.672940229242546
60488,0.7338839914637516
60489,0.368148982961813
60490,0.8043643215039231
60491,0.7938056791217958
60492,0.7907425281522872
60493,0.8752262788016351
60494,0.4453306734591815
60495,0.9129704528038876
60496,0.9145864384846407
60497,0.9487263813861063
60498,0.9221454026766733
60499,0.9395196422924716
60500,0.6894377588508883
60501,0.7021366474486656
60502,0.8998746201930901
60503,0.9159169311698327
60504,0.9536226607414967
60505,0.3865026333623755
60506,0.7365112861436228
60507,0.6666733446000058
60508,0.2580693505773543
60509,0.2828797349295145
60510,0.9205480688745622
60511,0.7554362392299179
60512,0.9044277232977459
60513,0.9354870362822122
60514,0.9244896645179661
60515,0.9670837451434339
60516,0.7209601839022379
60517,0.966775337659247
60518,0.5948673876783946
60519,0.9259277834611793
60520,0.9482897726979654
60521,0.18997324346144812
60522,0.8776793426219693
60523,0.9338844449964783
60524,0.9286062330882574
60525,0.9208962350651719
60526,0.9060841879489812
60527,0.9849810397321754
60528,0.6230945479418215
60529,0.9670282471887433
60530,0.8930776594057885
60531,0.20471723259933855
60533,0.37492817018243924
60534,0.8212491210102177
60535,0.9902708260695708
60536,0.24012647318101701
60537,0.8291840441814481
60538,0.9038226807154867
60539,0.9000463748992171
60540,0.8364517467013707
60541,0.24513104757600684
60542,0.6936033622572935
60543,0.8646443843631327
60544,0.9149545373819622
60545,0.5624073236949667
60546,0.41559789352739607
60547,0.894793167960986
60548,0.979305511108934
60549,0.9684049198098285
60550,0.7423176833682111
60551,0.9242858793289082
60552,0.35751032751955
60553,0.9786748117679497
60554,0.9741026788984691
60555,0.8683982193194929
60556,0.8198205284695279
60557,0.6446971452092144
60558,0.23364057071308905
60559,0.893094048736591
60560,0.22188476316610758
60561,0.2072582007444843
60562,0.8865898786572217
60563,0.9040049425733445
60564,0.9680633053794707
60565,0.8814937773347636
60566,0.47979100872702946
60567,0.9029099286726429
60568,0.7867191748068199
60569,0.7875874100069112
60570,0.8609108079430137
60571,0.5598804292795388
60572,0.7140987402442396
60573,0.5506212851781178
60574,0.9938234140718865
60575,0.9990126741963691
60576,0.9338737278145505
60577,0.7197595166348864
60578,0.9787381075413568
60579,0.8149477190997033
60581,0.918910999040203
60582,0.7229956162166896
60583,0.9372608553135314
60584,0.887620364208541
60585,0.9734502532866691
60586,0.7278254057056184
60587,0.9535289958491789
60588,0.5956085184785636
60589,0.9236793330138736
60590,0.7821387751888108
60591,0.9310583847707224
60592,0.7467109577570729
60593,0.7867861393915032
60594,0.6886624035011703
60595,0.8644069088410898
60596,0.9291338576893886
60597,0.7873092396373722
60598,0.6679634200394975
60599,0.5790403630453628
60600,0.8049269861517299
60601,0.9077704193137617
60602,0.19368825350561147
60603,0.6421006367908267
60604,0.646995838899749
60605,0.779461926998413
60608,0.8334856873141379
60609,0.9176742664189743
60610,0.676089740287248
60611,0.722888230233306
60612,0.40928800217477557
60613,0.9118187772287932
60614,0.5929725924012825
60615,0.916220401014891
60616,0.7157671283742992
60617,0.9432493157545955
60618,0.7905006973501262
60619,0.6234183176192851
60620,0.9669179928912467
60621,0.9791440873617678
60622,0.96227510654002
60623,0.6021489105538788
60624,0.9440108165612109
60625,0.7609820812032368
60626,0.7165834999635752
60627,0.8680370614484226
60628,0.7432501085558846
60629,0.5247418887657591
60630,0.8308184022660082
60631,0.3901820143793513
60632,0.9392616008651404
60633,0.7143590935327404
60634,0.978805722035728
60635,0.9253014528018171
60636,0.7350473857764246
60637,0.9333040826297253
60638,0.9935914953727293
60639,0.7487125014334173
60640,0.9053091196655034
60641,0.8406546864475187
60642,0.8764812648274488
60643,0.9334185230399187
60644,0.6399248165648977
60645,0.6809442412578728
60646,0.8419397972555459
60647,0.7672604912582964
60648,0.5083193727149986
60650,0.843073073208114
60651,0.9862871663408357
60652,0.913253490420625
60653,0.8775532984307566
60654,0.9250194062985906
60655,0.6774663450574862
60656,0.9740588176345732
60657,0.7668514598363805
60658,0.1640803843373874
60659,0.6798790318067469
60660,0.9243500363852327
60661,0.18552746739974277
60662,0.8982886704053774
60663,0.719376021275232
60664,0.867406598326137
60665,0.7450233610546082
60666,0.7179107309226195
60667,0.18911289770955345
60668,0.8203823425031906
60669,0.9235350862698997
60670,0.8665598101885806
60671,0.4765491139231596
60672,0.16511827954459496
60673,0.8722478111575098
60674,0.7361750452425555
60675,0.24950196032551178
60676,0.7368062653859772
60677,0.9237877362552013
60678,0.8620540948496555
60679,0.9248233134168148
60680,0.2501818473370196
60681,0.9125123172376758
60682,0.28069757564139064
60683,0.30670145468916044
60684,0.9162914806704407
60685,0.926511085138552
60686,0.9491312569907969
60687,0.7379207815173069
60688,0.7618473083578211
60689,0.7352032723632413
60691,0.9269866107270687
60692,0.4603543381058065
60693,0.8847628786962682
60695,0.8962576043296608
60697,0.7402729909312442
60698,0.9850215443079611
60699,0.7811896132452155
60700,0.7018850107662511
60701,0.9441867469574277
60702,0.8890648636743991
60703,0.9228976916841414
60800,0.0
60870,0.0
61001,0.36913160524753147
61002,0.1057712096315565
61005,0.3231059090057222
61006,0.23376586024202076
61007,0.41964286631155895
61008,0.37246976282904115
61010,0.05894785338590039
61011,0.65906370493601
61012,0.8281307854586696
61013,0.720459214136683
61014,0.6270514069436438
61015,0.03292523161138511
61017,0.0732268810845637
61018,0.09231506660360594
61020,0.41812844140156813
61021,0.6999935256064821
61023,0.6232340482032347
61024,0.6559427218028916
61026,0.33946843315499525
61028,0.6211169978172442
61029,0.20415974596480718
61030,0.6885217916970147
61032,0.31501756382434787
61034,0.44598227124177037
61035,0.6041332624419895
61036,0.13501657187613114
61037,0.44620228743630974
61038,0.33857561607586784
61039,0.677458407584985
61040,0.48186121410463306
61041,0.36515804556032655
61043,0.2389040133545314
61044,0.5955881920193395
61046,0.4247835758067643
61048,0.22256352095871057
61049,0.1279415197967458
61050,0.20632730027390203
61051,0.43537794240357947
61052,0.8201839453614499
61053,0.7012769557045068
61054,0.08397864226419657
61055,0.8660928662560157
61056,0.6954799575028822
61060,0.35766210000068654
61061,0.13367816257789492
61062,0.19736581509127454
61063,0.456356975150955
61064,0.05037907730960735
61066,0.21572545905554355
61067,0.3099224350656205
61068,0.7120857878065957
61069,0.5923803393762702
61070,0.6273557225099721
61071,0.18608978168338058
61072,0.10927263473887013
61074,0.5347076583701516
61075,0.42279714457870005
61076,0.7555147127959125
61077,0.32779315368365114
61078,0.6139556906448322
61079,0.038145667101216855
61080,0.5278007362008321
61081,0.028641043954326654
61082,0.23326163631674643
61084,0.6618893144406445
61085,0.5827028062229227
61086,0.44853686752602406
61087,0.34361695644660734
61088,0.07006775914656109
61089,0.3792096597071815
61091,0.4647432715600728
61092,0.43781110917042104
61093,0.5516631488628956
61094,0.7457833075427215
61095,0.6151761600016723
61096,0.48474104345664654
61097,0.22567438638160361
61098,0.6829168711796775
61099,0.36909097346002506
61100,0.4584038161538368
61101,0.09940249946617956
61102,0.6479893246851538
61103,0.06674707307371092
61104,0.5927100618074524
61105,0.45752689460689844
61107,0.5432149937018924
61108,0.049244927238993444
61111,0.22862434839871956
61113,0.23567048235916635
61114,0.2116489267672607
61116,0.15097469412147058
61117,0.27278999746334776
61118,0.23093348894847518
61120,0.5080348320245949
61121,0.22492870264502274
61122,0.033366616368072456
61123,0.6378511069219522
61124,0.6692412388091413
61126,0.17380622489852082
61129,0.2431957550423152
61130,0.2418916842669038
61133,0.3030440641072226
61137,0.41141367775783594
61138,0.0350285182478219
61139,0.259225072758793
61140,0.45411792600578654
61141,0.6023299859703435
61142,0.30947482988212777
61143,0.305667353138881
61145,0.4828251643007051
61146,0.6237390091670183
61148,0.5291494445174377
61149,0.5905725642544715
61150,0.23789442671668706
61151,0.43697730392594275
61152,0.5903088576441736
61153,0.15539561815110686
61156,0.696651670586053
61158,0.45441536666441046
61159,0.1702176860662522
61160,0.15460416655530596
61162,0.3102610336719723
61163,0.6717001286456532
61164,0.8517161016652062
61165,0.5167179972402585
61166,0.12662187891161858
61167,0.19013572855791988
61168,0.848057273400399
61169,0.6912709071912064
61170,0.18987428001433793
61171,0.6357417950767482
61173,0.0
61176,0.8947029700066169
61178,0.05892223958898411
61180,0.1859772916133999
61181,0.041997446638587496
61182,0.5545957255957408
61183,0.14973612570020153
61187,0.8190984709784986
61188,0.06969797088717807
61189,0.42447155709148976
61190,0.24533860834551197
61192,0.03544131336773225
61193,0.3924039724342058
61194,0.20279761418731623
61195,0.6960223594861126
61196,0.271542230947297
61197,0.6085698802765492
61198,0.09964310120693573
61199,0.18929401162957388
61202,0.5910888014210572
61203,0.26264301192392636
61206,0.32290033476668123
61207,0.2136769512407986
61208,0.9632968387091553
61209,0.5149632324448875
61210,0.3851705040587842
61211,0.37998188814135686
61212,0.17098152788728654
61213,0.6260048706206146
61214,0.5240254661926885
61215,0.12616661526385617
61216,0.5451706628130427
61217,0.42084200518251585
61218,0.6329356006069736
61219,0.6786366202593763
61221,0.5214799398043211
61222,0.6312554730233609
61224,0.5671392857381807
61225,0.031275043645792776
61227,0.42595921210706067
61228,0.5282868807688482
61229,0.21241939534739204
61230,0.18580144325902495
61232,0.42232776167469627
61233,0.7300247552285661
61234,0.25383865328157823
61237,0.4037365523962582
61238,0.6725573626888575
61240,0.061629842351865353
61241,0.3879810874055648
61242,0.2927661936470337
61243,0.6493203105640756
61244,0.2842589506635559
61248,0.31292245577353606
61251,0.3286416620242723
61252,0.04311405072805834
61255,0.20879747901022175
61256,0.11572154306429763
61257,0.5089572752796545
61258,0.31962730219204716
61259,0.33917663162479567
61260,0.47547856619338474
61261,0.5618337245748058
61262,0.7119900377571166
61263,0.5217769981734508
61264,0.0657526169477145
61265,0.379560049929523
61266,0.3482720468053159
61267,0.6775127079476885
61268,0.04088859363837366
61269,0.6158166743194987
61271,0.8616458810580803
61272,0.0323988865994559
61273,0.48006573575169487
61274,0.21488558727138368
61275,0.06342346120367852
61276,0.692973840523581
61277,0.20210384885038538
61278,0.619882449326383
61279,0.563723853410189
61281,0.8591602153454855
61283,0.20038832549669133
61284,0.2301258428225367
61286,0.6623239433396269
61287,0.6755080020694338
61288,0.11432940100226802
61289,0.6228929734157832
61290,0.4360417516709085
61291,0.6973764530471935
61292,0.6702276567118414
61293,0.2853347502902756
61294,0.12289324728676826
61295,0.6156933426650484
61297,0.7846941006702761
61298,0.24266366145487833
61300,0.13991281073031328
61301,0.58014864985598
61302,0.5054615580710149
61303,0.20368916315003135
61304,0.5455460929562173
61307,0.053880834219741186
61308,0.2023011308334569
61309,0.1267504780785444
61310,0.2257149119781726
61311,0.0
61314,0.715805655083135
61316,0.6472137483049452
61317,0.03201779667336279
61319,0.386701655618434
61321,0.6180365681542019
61322,0.5585429413129667
61323,0.29709217393440096
61324,0.24075622226147927
61326,0.6051503504682859
61327,0.6817533217023243
61328,0.507214455663402
61329,0.2868487054275132
61330,0.11831478935574831
61331,0.2858871734846461
61332,0.43020911021405334
61333,0.10861244498149529
61336,0.3989396413279592
61339,0.35521493209943616
61341,0.343197105727779
61342,0.3446692583367932
61344,0.535053773321095
61345,0.16834525331539926
61346,0.4910210304654939
61347,0.04007958261132282
61348,0.315680641054511
61349,0.2014702090601461
61350,0.5638090487329606
61351,0.08256984295269816
61352,0.20237300222389593
61357,0.629260631143316
61358,0.6802101958869267
61360,0.6581205161816936
61361,0.41410285656456436
61362,0.6706612936270223
61363,0.6926600815384358
61365,0.2514910379915026
61366,0.09873402738012897
61367,0.3295018753783559
61369,0.38744558326835393
61370,0.3816204305241973
61371,0.42953042745103703
61372,0.6057446762311046
61373,0.1790787913948536
61374,0.667227015992221
61375,0.14672663566187052
61376,0.6077586870089443
61379,0.24437592473019348
61381,0.5037054069704678
61382,0.573585837865077
61384,0.5219320014491323
61385,0.047257830555446266
61386,0.27305384569509616
61387,0.36096658299311296
61388,0.2561921900372255
61389,0.26798103458386513
61390,0.5653685247880961
61391,0.6642315512308135
61392,0.15219440486822813
61393,0.09746570466590482
61394,0.3080079010078453
61395,0.18620391180904897
61396,0.3561737866255655
61397,0.350784868110092
61398,0.21638740885332952
61399,0.585513719288336
61400,0.7490849461674451
61401,0.38959092741867385
61402,0.40614281558127363
61404,0.23235841982903988
61405,0.24467450053974235
61406,0.3297835572532183
61407,0.6347368679101282
61408,0.6582050244781189
61411,0.4754420343508448
61412,0.2940587415888405
61413,0.5208942674870346
61414,0.29472274634960277
61415,0.4806712539369833
61416,0.038310095274076014
61418,0.29168231320449606
61419,0.5599684405267957
61420,0.5863618378702176
61421,0.26855806584042763
61422,0.8641773601317313
61423,0.43174832810910657
61424,0.4701984578468496
61425,0.7504653001225923
61426,0.3090105198741415
61427,0.5246342978139701
61429,0.3808931342827108
61432,0.4881878634980446
61433,0.5943398455278772
61435,0.48371613415261755
61436,0.5160819672713866
61438,0.30661243977550456
61439,0.4957219091197667
61440,0.4717566031785658
61442,0.4660399799145294
61443,0.5742550368435416
61444,0.5842910035079318
61445,0.837386994295976
61446,0.3029779724141161
61447,0.7370453692326576
61448,0.2772533653917448
61450,0.22460086895506604
61451,0.7182325252937387
61452,0.31557218837028095
61453,0.5317440624786823
61454,0.28142962267158367
61456,0.5053834212784053
61457,0.32012959144083974
61459,0.6681943911629129
61460,0.06874591957400662
61461,0.1571685657098741
61462,0.29260022681991404
61463,0.5849013034459766
61464,0.06272859201049069
61466,0.616888644760878
61467,0.22689543029502937
61472,0.6949314654494886
61473,0.39171284696152947
61474,0.10479670515935566
61475,0.6594723872706757
61476,0.49532699445305506
61479,0.19456528117240823
61480,0.8472133838541519
61481,0.2922349793935799
61482,0.5488170189150965
61483,0.6395701220115045
61484,0.29276244832281556
61485,0.09844291519697851
61486,0.48808976247028807
61487,0.333818771039073
61488,0.499077896716225
61490,0.539216446150964
61491,0.24529494966395357
61492,0.2510908112372527
61493,0.12116116721973733
61494,0.6666666666666669
61497,0.2998205491092667
61498,0.37928584173427626
61499,0.5188273296293541
61500,0.3473238533287751
61501,0.19275304202444324
61502,0.8268925709027811
61503,0.7291048045605935
61505,0.5817979652402975
61507,0.1888834795868622
61508,0.1558598018553873
61510,0.4173045050877776
61512,0.41192938231767584
62000,0.0
62001,0.5825362075443262
62002,0.9336610437247672
62003,0.9797689571704582
62004,0.8981833999131406
62005,0.9295189797481028
62006,0.9207671822562895
62007,0.8468338507879338
62008,0.7253530724817363
62009,0.9906777202058441
62010,0.7088162567461586
62011,0.8335495750345692
62012,0.8388844172101014
62013,0.8633175603682646
62014,0.5972047195062111
62015,0.35859747380413687
62016,0.3450673398027759
62017,0.7164798691254262
62018,0.6119925112543234
62019,0.6132414872943629
62020,0.743917206091699
62021,0.5306144128816019
62022,0.7287456703499724
62023,0.5066831361133549
62024,0.6444031611587965
62025,0.8634441852682699
62026,0.4441780401122221
62027,0.9657953237099763
62028,0.43828709918269326
62029,0.4360359368783772
62030,0.49724848157970475
62031,0.8875484508326416
62032,0.643218697810163
62033,0.9368331497331603
62034,0.6282494050510549
62035,0.6355188573649021
62036,0.7643516641099742
62037,0.8333706846713188
62038,0.6994681525316874
62039,0.6352347970539116
62040,0.8716793475852517
62041,0.9093258854110285
62042,0.5572286844610849
62043,0.7482372294877169
62044,0.5075397343860824
62045,0.8312874831501968
62046,0.7855091970255837
62047,0.814738724558305
62048,0.5325818080622007
62049,0.4293447949878311
62050,0.3482442633779526
62051,0.9518368294655545
62052,0.8386459634669526
62053,0.6046790911397794
62054,0.9140710444623108
62055,0.8249489195262292
62056,0.9309075095170057
62057,0.7010269292576623
62058,0.8701214865955604
62059,0.7236655395209953
62060,0.7334253189733096
62061,0.5793272180725121
62062,0.7258718160574048
62063,0.9452738949303481
62064,0.28671626633335223
62065,0.6606387623804564
62066,0.3978664675066762
62067,0.73652764398914
62068,0.9635579557771375
62069,0.42121665248316353
62070,0.6106064427188749
62071,0.8733814365048355
62072,0.9385380218574213
62073,0.5741925417146977
62074,0.942840641629415
62075,0.7515815672510812
62076,0.5975772018602434
62077,0.8479009369666074
62078,0.8577746784801207
62079,0.283175832546529
62080,0.40746003099160416
62081,0.7352322120014552
62082,0.11372964739116033
62083,0.8505311746496432
62084,0.9293185747309843
62085,0.9725693402668558
62086,0.9282134256151244
62087,0.6643358644898679
62088,0.7314801739257293
62089,0.8504536205118574
62090,0.40312789740389887
62091,0.9240872720822728
62092,0.9685412908031669
62093,0.22621709759231648
62094,0.3897900514666944
62095,0.7217236917908592
62096,0.9330667279012732
62097,0.9779569082637656
62099,0.86779942517757
62100,0.5873730460042452
62101,0.4858556164448651
62102,0.732429620899101
62103,0.9083408531669204
62104,0.761521131611491
62105,0.7735057277930233
62106,0.998657668933487
62107,0.9374735488988998
62108,0.7693556069357836
62109,0.764804689350559
62111,0.9245365119561174
62112,0.9399303197711479
62113,0.7797790352574521
62114,0.43575465747736025
62115,0.9820674358367713
62116,0.6152124808741295
62117,0.18680940875224605
62118,0.8147341834931368
62119,0.6691215705923316
62120,0.7893456363844975
62121,0.32223111928436665
62122,0.878462794411645
62123,0.5160144350976463
62124,0.44391161049571365
62125,0.8454546545926384
62126,0.6135117455947703
62127,0.7784291747203337
62128,0.570235943956633
62129,0.31492038000342365
62130,0.9101272251170085
62131,0.9276811637824242
62132,0.969134056586754
62133,0.9362907547913983
62134,0.5880248239970559
62135,0.9783734123235559
62137,0.7804425397626786
62138,0.38835919205570346
62139,0.7147465140910895
62140,0.6303157632880437
62141,0.5148860731657898
62142,0.42103716870559
62143,0.6666191581440202
62144,0.42697981186090594
62145,0.8056319443985186
62146,0.9913879635928525
62147,0.991970220550566
62148,0.8355541247411635
62149,0.7281261054054531
62150,0.2687851283028021
62151,0.9875863925794821
62152,0.9879967375674785
62153,0.7705074452051041
62154,0.5869313701683313
62155,0.9011674033636606
62156,0.8643239641037797
62157,0.5988265445306065
62158,0.6165089136514432
62160,0.8851508275883061
62161,0.8668714309556288
62162,0.4876101951993675
62163,0.6670138906220807
62164,0.2881533833152133
62165,0.6776716196626247
62166,0.8413501358769839
62167,0.7726516477877586
62168,0.5707797511221329
62169,0.6874621208846998
62170,0.5699773721540732
62171,0.8091147518567249
62172,0.3922872513981966
62173,0.9885731871697696
62174,0.856575690052441
62175,0.42249599470646243
62176,0.416322588088569
62177,0.7404990335411615
62178,0.5829248107988184
62179,0.6382821143176972
62180,0.8657663073415013
62181,0.9224010756705439
62182,0.5845512609811154
62183,0.6964228282426367
62184,0.7129776761296784
62185,0.36438477469596137
62186,0.6450432220094335
62187,0.9402747748598936
62188,0.4802262823194057
62189,0.15485083487774662
62190,0.5038221501432004
62191,0.9533325784053437
62192,0.7386001392526267
62193,0.8796803709438858
62194,0.8658387521939729
62195,0.9086953325752423
62196,0.36609038246398634
62197,0.8619180086414332
62198,0.8481249758540208
62199,0.8536061046473313
62200,0.9718162753870514
62201,0.6930546654984927
62202,0.6161987222496539
62203,0.9305557635439313
62204,0.6158282807075341
62205,0.9014639278133045
62206,0.32135468091196434
62207,0.3162032309416494
62208,0.9489463846113758
62209,0.4750540293984733
62211,0.8393499990060991
62212,0.3544875378263851
62213,0.5740290601564966
62214,0.7699823482009535
62215,0.9197077261570737
62216,0.9333137775175836
62217,0.8834772201416536
62218,0.9739295230573642
62219,0.2791662907318366
62220,0.3931554002463719
62221,0.6774087776309453
62222,0.30237899934002077
62223,0.44572931201895183
62224,0.55125951098186
62225,0.8655016248445989
62226,0.0
62227,0.7058049046274788
62228,0.8390629415447436
62229,0.7571125083896219
62230,0.7315488500024866
62231,0.22741765624373056
62232,0.7635158264181829
62233,0.26892109087813426
62234,0.6377143382773185
62235,0.7860603545875133
62236,0.5369358879314695
62237,0.8278041830694698
62238,0.8666539659508468
62239,0.9337257548075472
62240,0.9866259354456021
62241,0.7118861006729309
62242,0.7761854454693746
62243,0.8769528387126773
62244,0.8282339905565853
62245,0.6412409572670179
62246,0.42236759129739115
62247,0.41263661124713646
62248,0.9360114801162265
62249,0.8799041326229607
62250,0.882261366078326
62251,0.8449316499267812
62252,0.93194884398432
62253,0.8733412185355235
62254,0.7340805111202919
62255,0.7225106174848249
62256,0.6110465903959549
62257,0.33999918439181476
62258,0.5022893717166934
62259,0.3843445639954036
62260,0.5236838403601439
62261,0.7123041907693003
62262,0.9639186840606089
62263,0.8516835087682825
62264,0.7112402687974729
62265,0.48016619680518263
62266,0.9494157198650177
62267,0.7519332808654183
62268,0.8418434476637084
62269,0.8017258545676152
62270,0.8156398959785723
62271,0.7323487287520243
62272,0.9623184207181246
62273,0.8387517692935101
62274,0.8816619417772573
62275,0.45473341939814116
62276,0.9604881217789094
62277,0.8557246733006986
62278,0.6052383748344231
62279,0.8579034680409661
62280,0.7985238435238302
62281,0.8125359492973767
62282,0.4283003031194665
62283,0.8730250189365681
62284,0.794248374760844
62285,0.3622493774404018
62286,0.4819853444936789
62288,0.5817846107732632
62289,0.29336877934526673
62290,0.59475643908959
62291,0.9134584930090933
62292,0.5710616984412318
62293,0.6474301545940471
62295,0.46352231668911037
62296,0.7184785273400505
62297,0.7887103231901379
62298,0.9683831744703848
62299,0.7968689950646942
62300,0.9065794098792824
62301,0.7350155175333424
62302,0.6095610112189166
62303,0.434245188438278
62304,0.8266867636831711
62306,0.3592145927319286
62307,0.8302754381734192
62308,0.5777406798702758
62309,0.5980776122789716
62310,0.8762575421433096
62311,0.9840389297662712
62312,0.4497073810985732
62313,0.46491506397584015
62314,0.9959308042460315
62315,0.4838448658496937
62316,0.9418639776391267
62317,0.8095638132684563
62318,0.6342794246180047
62319,0.7957770172438781
62320,0.8567957784693617
62321,0.8860495066152513
62322,0.6513912639508366
62323,0.5417067505537569
62324,0.6231751644015462
62325,0.694974787401141
62326,0.33323104100177375
62327,0.7331746086513443
62328,0.45397641532012223
62329,0.8429674770189471
62330,0.9390695182000586
62331,0.5648611710574931
62332,0.9817386008611704
62333,0.7707717570478839
62334,0.9290809023364379
62335,0.8135446772474448
62336,0.809879051439497
62337,0.691856519102151
62338,0.9366443300469419
62339,0.48589027254515527
62340,0.8798786774108917
62341,0.9033356541272266
62342,0.8293113287036322
62343,0.39586948896157637
62344,0.7926755075041028
62345,0.2931562972252554
62346,0.5953420619216486
62347,0.9332254192351265
62348,0.5448413644745078
62349,0.6277227470361545
62350,0.6546864305908997
62351,0.9348601520029212
62352,0.872925256965188
62353,0.23938781750792118
62354,0.6141286587996474
62355,0.5816921738167071
62356,0.842207872696886
62357,0.4640414029851312
62358,0.8254059276182792
62359,0.3606499055655912
62360,0.8862791844739744
62361,0.72259266257842
62362,0.8730942992379556
62363,0.8379779544974831
62364,0.5268179328607733
62365,0.7719894100211236
62366,0.8335963563653241
62367,0.5918240278677904
62368,0.7427007515189669
62369,0.5728034766379626
62370,0.26983867761612407
62371,0.6218309834753541
62372,0.9817638018799155
62373,0.9708484987189463
62374,0.934712431955571
62375,0.91088202758509
62376,0.563223485740881
62377,0.631208491687867
62378,0.8359154175650961
62379,0.936733353286883
62380,0.8616808424164139
62381,0.4862825896465341
62382,0.5167872481862087
62383,0.9838009736344466
62384,0.2449445404408914
62385,0.8738235735877344
62386,0.6546902780960069
62387,0.8386734732628486
62388,0.41618044810652344
62389,0.7827972938353922
62390,0.7063251629539385
62391,0.7837284926390419
62392,0.5242281921867645
62393,0.721854346139293
62395,0.3117288352661628
62396,0.9589624402632201
62397,0.9377316216466737
62398,0.3990328731192997
62399,0.8146493283970495
62400,0.5772300501216195
62401,0.9300214913473618
62402,0.6988557774761364
62403,0.6082041598347622
62404,0.6566631330337432
62405,0.8196494234908802
62406,0.9909955481277947
62407,0.7709426889313862
62408,0.8102006753801235
62409,0.9213489178000458
62410,0.9219419652231224
62411,0.8211779909245166
62412,0.9588037151495407
62413,0.8496303242291571
62414,0.9969982161720772
62415,0.825729161215844
62416,0.5053703038459052
62418,0.9498113041557266
62419,0.5010992386706448
62421,0.21387721130340692
62422,0.837609351507736
62423,0.595144409461442
62424,0.9612160453571599
62425,0.9923437652943049
62426,0.4297834276302716
62427,0.891887299443463
62428,0.42054457695567565
62429,0.6896352037851328
62430,0.7222944016312198
62432,0.6420961958246278
62433,0.9347257603418714
62434,0.9283020676365541
62435,0.5232954883994114
62436,0.6408628336732075
62437,0.6454154921753391
62438,0.8176437961644313
62439,0.9909032640407139
62440,0.21422066773786871
62441,0.7917752500946577
62442,0.5013112465574192
62443,0.5741070030746777
62444,0.8513951371514986
62445,0.6430090032304295
62446,0.8146215820638086
62447,0.5777739306099005
62448,0.8109962403366697
62449,0.5651094494355716
62450,0.8317886634682681
62451,0.7432767885567989
62452,0.6184539322192385
62453,0.5795070011624082
62454,0.8706515559888581
62455,0.8216228447473952
62456,0.5780658537428848
62457,0.8107721739449367
62458,0.8490067438617978
62459,0.9490300269460846
62460,0.7545243456950582
62461,0.3916629003857415
62462,0.8402656351326441
62463,0.5691891440698827
62464,0.9364552706577175
62465,0.8888888888888888
62466,0.625725421261199
62467,0.42707661530422697
62468,0.44219756573004443
62469,0.6242575510331613
62470,0.4223313147553392
62471,0.5237976946528742
62472,0.5752071768355412
62473,0.8141436662810931
62474,0.8302648551643685
62475,0.6276014315204085
62476,0.826520678338605
62477,0.7610109270718934
62478,0.947041050996716
62479,0.5820362627296414
62480,0.6197147663840494
62481,0.2578121564607057
62483,0.8090491785295356
62484,0.9196980855722032
62485,0.7359790816859294
62486,0.8763074808484401
62487,0.8483281324480041
62488,0.8155575023782743
62489,0.5476702016837535
62490,0.9900886363536135
62491,0.9729408082735693
62492,0.5207262039990066
62493,0.9305406112149767
62494,0.14442584298694103
62495,0.6343521647697756
62496,0.6356947675739664
62497,0.9921896961246124
62498,0.9077860608130464
62499,0.25598248342286617
62500,0.45567387462668185
62501,0.7114527285995598
62502,0.9432413332020368
62503,0.8379451025068322
62504,0.6266665384068518
62505,0.8711204525727091
62506,0.8702880990338195
62507,0.9255331511185199
62508,0.43468385705428525
62509,0.5019881745248431
62510,0.7098353712982812
62511,0.9632852440426538
62512,0.44528129020987045
62513,0.6632122404563213
62514,0.5930766492549141
62515,0.21916499599971082
62516,0.5256363570254967
62517,0.5237678204029572
62518,0.9542430809378557
62519,0.6606168627201537
62520,0.903602314320457
62521,0.4484972809968219
62522,0.5765056911780001
62523,0.916556823432772
62524,0.844701073245949
62525,0.7450786371990064
62526,0.6575779691438269
62527,0.5729460332802563
62528,0.9121809490478686
62529,0.9706526354693439
62530,0.5345319314570469
62531,0.6478106975371485
62532,0.5125562498779624
62533,0.5153866370702888
62534,0.6676667132356663
62535,0.45580266923587587
62536,0.689696810091792
62537,0.949679885005135
62538,0.6210703563900808
62539,0.5563598873759245
62540,0.8327361248154699
62541,0.42371570989931795
62542,0.4788671774731445
62543,0.5260549023824829
62544,0.9832795509819503
62545,0.5593095209918731
62546,0.7897800386127185
62547,0.6255102062155999
62548,0.8037845499993364
62549,0.6847108630361439
62550,0.4654086585957663
62551,0.6839700613278558
62552,0.5420475826043147
62553,0.8501558926138332
62554,0.4797160524925186
62555,0.8575681372932477
62556,0.42335462213125513
62557,0.8166812928807403
62558,0.5976708168089577
62559,0.7196950744996278
62560,0.8622608826144894
62561,0.889403553952564
62562,0.5404200043625994
62563,0.6226935765824496
62564,0.543313592457879
62565,0.617263576547757
62566,0.8237269505238616
62567,0.8452088480051466
62568,0.9562463164583443
62569,0.7671767703256378
62570,0.909994618109715
62571,0.680266378430553
62572,0.9462732841104969
62573,0.9666847492787197
62574,0.8294139375395221
62576,0.9329536735416943
62577,0.6950175294778924
62578,0.9456677054944641
62579,0.9276453329904819
62580,0.6431237273055916
62581,0.7866038572459364
62582,0.5136800263545802
62583,0.7505976412960518
62584,0.899626043228626
62585,0.49823672563219856
62586,0.8268612397968659
62587,0.8643477906751502
62588,0.42752654875256413
62589,0.8270155655725527
62590,0.9593553208823089
62591,0.89087386329185
62592,0.8508923057609961
62593,0.17034151656076624
62594,0.3568967025624274
62595,0.8652716446559269
62596,0.2898768258666378
62597,0.9905396284095273
62598,0.65208545170325
62599,0.6705537492774463
62600,0.7875633718673601
62601,0.3923339936650808
62602,0.21152708938416953
62603,0.7442677160336819
62604,0.7420463342664899
62605,0.48366021101889556
62606,0.9872458389963333
62607,0.5391477666005831
62608,0.9760559436521079
62609,0.5860428184299189
62610,0.42596566614455805
62611,0.5068936641285122
62612,0.5887477705077245
62613,0.6162678442863152
62614,0.7223368350508976
62615,0.8657317870456176
62616,0.5644704060574038
62617,0.5962214507574709
62618,0.6712998286761812
62619,0.9424124401193203
62620,0.5262650008615513
62621,0.6616999154061047
62622,0.6553703914550357
62623,0.833714433357705
62624,0.8927216756381807
62625,0.42873228574192257
62626,0.6466455740564495
62627,0.9847991129738503
62628,0.9151478552139172
62629,0.9911152871031317
62630,0.9886765542917385
62631,0.6754993644545927
62632,0.5976877884864817
62633,0.4497304309429064
62634,0.7978254245656642
62635,0.5342519570489903
62636,0.852859785072114
62637,0.9085635571758183
62638,0.7612389544273993
62639,0.5783521688133423
62640,0.6542631818692131
62641,0.616719868415399
62642,0.8056169814234923
62643,0.829815882346849
62644,0.7954976988587223
62645,0.8562561783776581
62646,0.9972704568677435
62647,0.38639624352928853
62648,0.736018313985539
62649,0.6803893274201298
62650,0.520398379386785
62651,0.6349219165577292
62652,0.8646355387231159
62653,0.8168802275818602
62654,0.8673724851104921
62655,0.514822842718768
62656,0.5410419876914281
62657,0.8510126614619
62658,0.7936548175512446
62659,0.37742843762668116
62660,0.5586042770072489
62661,0.48511216433478455
62662,0.6636206503572372
62663,0.705941490129669
62664,0.8989585318061833
62665,0.5246296239029641
62666,0.9496947942405167
62667,0.8838891412431995
62668,0.7333533291315687
62669,0.8655219325488825
62670,0.6450282515083203
62671,0.946393326247822
62672,0.7921557277960458
62673,0.9292013554554762
62674,0.603375453273105
62675,0.9644935685906725
62676,0.5515626979535885
62677,0.3526423446459
62678,0.5604343370367598
62679,0.904034041220411
62680,0.841725016853406
62681,0.8981332239211143
62682,0.6707628025378453
62683,0.8974660020510378
62684,0.9436294965434168
62685,0.5380781890627101
62686,0.6149099959516021
62688,0.3986379099123427
62689,0.9521523714731791
62690,0.25704024865848146
62691,0.5324823973466711
62692,0.5360076569090949
62693,0.7962113161502021
62694,0.6641014255424804
62695,0.671090608753467
62696,0.7527534729736753
62697,0.802144590180498
62698,0.5203347433328991
62699,0.6763114956665713
62700,0.29735712276644316
62701,0.4957544083601423
62702,0.8186724648830791
62703,0.7944925431388402
62704,0.567991402543381
62705,0.7806224510496687
62706,0.9537745234699302
62708,0.2650319469666992
62709,0.9532922780398525
62710,0.6501259038536824
62711,0.8397803928676161
62712,0.97867594587378
62713,0.8768449258725162
62714,0.5907091887686567
62715,0.15148723092563063
62716,0.8529352875211026
62717,0.5975254095337702
62718,0.5447042127086289
62719,0.33392995356347005
62720,0.544295293269792
62721,0.5691451657371177
62722,0.6805107953823063
62723,0.21189876655347722
62724,0.9350009960963607
62725,0.46221844128346634
62726,0.4046578849629885
62727,0.8470276073913129
62728,0.7614942322388143
62729,0.7258505486665443
62730,0.877775411942902
62731,0.9777666275464807
62732,0.8560537983683205
62733,0.8234521937830388
62734,0.8189584145100953
62735,0.627350501544383
62736,0.9175246315823565
62737,0.6046968713930014
62738,0.3471751412863033
62739,0.6596616712744456
62740,0.8329310331057117
62741,0.8638167084019113
62742,0.5702564084397189
62743,0.5118329800744059
62744,0.6455673656173653
62745,0.6722133398552322
62746,0.8019499082848353
62747,0.9229806130072509
62748,0.8182409033878819
62749,0.39800166716263313
62750,0.46477608505152423
62751,0.8394311105460335
62752,0.5145797356413695
62753,0.6070638974953614
62754,0.3825796526278826
62755,0.8241007760650365
62756,0.845425089236015
62757,0.696449614131734
62758,0.8631688600502964
62759,0.7742413831671584
62760,0.7712386845671195
62761,0.4312076807891113
62762,0.6053095878872043
62763,0.633581757889874
62764,0.6468185610620446
62765,0.8528360607776623
62766,0.8033087730720059
62767,0.7204614890849965
62768,0.5567892597688089
62769,0.8288866158235257
62770,0.8484359233840422
62771,0.9138141632229307
62772,0.7499028376059096
62773,0.8620061375074678
62774,0.8643946819915107
62775,0.7144518363246269
62776,0.33803121971137595
62777,0.8456573567449555
62778,0.948789970600358
62779,0.7321828156579634
62780,0.7513485894740393
62781,0.7391912652432198
62782,0.7870510064451237
62783,0.5648302685859862
62784,0.8830698065307518
62785,0.8188429646704561
62786,0.6230000642144411
62787,0.7677256761398928
62788,0.6685144453373135
62789,0.7155667006222036
62790,0.48031961455312194
62791,0.7012389589264871
62792,0.8342350079886399
62793,0.8542531722486295
62794,0.619284711008377
62795,0.6862158690549885
62796,0.9740754748411501
62797,0.5201437179791867
62798,0.9031967167172805
62799,0.34795045027422317
62800,0.7596262778040748
62801,0.6066668745788523
62802,0.6124007736909627
62803,0.5728883177775476
62804,0.8527665512000664
62805,0.8366307364574596
62806,0.8981683398520925
62807,0.0
62808,0.6167058411956274
62809,0.5134274776393614
62810,0.606403113546414
62811,0.5005078155405555
62812,0.6163480669928469
62813,0.8152561602133069
62814,0.7369842819325094
62815,0.22214650133630037
62816,0.8046588916678352
62817,0.5883643175717785
62818,0.5097283319033376
62819,0.8363347893484532
62820,0.6792735215701617
62821,0.6760349602546791
62822,0.27231221289167384
62823,0.5759708169143284
62824,0.4984779590144105
62825,0.8257198006258998
62826,0.7685334340228324
62827,0.6314422263209996
62828,0.4688543457605061
62829,0.1628119620223017
62830,0.22159014953783512
62831,0.6102911326528687
62832,0.5623426545801359
62833,0.6479383347413517
62834,0.34758884219996294
62835,0.834930009195496
62836,0.6217524297494016
62837,0.7935925729560974
62838,0.8130417595102144
62839,0.31089842430647974
62840,0.9316637855032089
62841,0.6118000765374875
62842,0.9193199338235526
62843,0.45707156927311204
62844,0.5434717976412757
62845,0.72776844499377
62846,0.6509788575359934
62847,0.6212059657250706
62848,0.6219066751466532
62849,0.351017911068394
62850,0.3646129951707421
62851,0.9704482638864016
62852,0.804466121805996
62853,0.7937593105909461
62854,0.946763402625444
62855,0.13257365877139304
62856,0.7999063765689897
62857,0.8400845939653658
62858,0.7565683343634201
62859,0.6595207565467842
62860,0.9818841797005783
62861,0.6076682053583495
62862,0.6550488362302324
62863,0.9616985342634912
62864,0.7867843168754042
62865,0.750601434500937
62866,0.3157845076805369
62867,0.8420530055681494
62868,0.4646745440571236
62869,0.9711162141356855
62870,0.2692721918353558
62871,0.41678160970779543
62872,0.3102223320106026
62873,0.5341994432871665
62874,0.9722405538587116
62875,0.9105144217138665
62876,0.8639871081742562
62877,0.8090197543320754
62878,0.8550364818166395
62879,0.9222028784646049
62880,0.7623587294434427
62881,0.5380507026585662
62882,0.5321529426337859
62883,0.5618818633979046
62885,0.38289907031197923
62886,0.5944523547020295
62887,0.6871075680144573
62888,0.8812288197551978
62889,0.746073573458621
62890,0.45592627505298816
62891,0.5419667490922523
62892,0.630504110644103
62893,0.771238355508177
62894,0.7687923651556479
62895,0.9610962495186778
62896,0.7433393962011273
62897,0.6352533766158152
62898,0.6471651749451921
62899,0.8348129016474936
62900,0.5352874119185808
62901,0.9176608384646532
62902,0.6734651646486799
62903,0.6923983905264559
62904,0.6725083351134602
62905,0.6033170840548931
62906,0.6878348347383476
62907,0.9256912378391072
62908,0.8079352494612954
62909,0.9726920230478981
62950,0.0
63000,0.0
63001,0.11533077005920267
63002,0.33123989393483366
63003,0.4558634648836734
63004,0.6210036447452753
63005,0.08060458308594091
63006,0.1513269771751153
63007,0.4529852693701207
63008,0.3325507092488692
63009,0.4184227803498745
63010,0.36511426743490893
63011,0.23536160300459216
63012,0.07901386296924098
63013,0.08631400967186409
63014,0.3942131167450896
63015,0.6170814827426258
63016,0.6320045425780659
63017,0.4849906787833377
63019,0.31003303382471536
63020,0.7220750177599161
63021,0.22083001764233262
63022,0.07395929503618469
63023,0.5507015558119723
63024,0.4262407558685194
63025,0.2832179074824972
63026,0.7481241275162321
63027,0.34238407142798316
63028,0.3713471846271253
63029,0.6854610968604753
63030,0.39331039141296925
63031,0.07669282390641032
63032,0.2927631253867372
63033,0.6257584139724903
63034,0.3959967840365162
63035,0.1039973351732386
63036,0.09281082195100679
63037,0.26404693237369997
63038,0.19301123258951502
63039,0.26224549048466567
63040,0.9100311169248263
63041,0.29580626923915754
63042,0.8192232375612869
63043,0.3670011251984826
63044,0.88026198664324
63045,0.8133836160442123
63046,0.45142517666991955
63047,0.16518058321358467
63048,0.1084670105535702
63049,0.9428876421145462
63050,0.08290990050457628
63051,0.09082706117521633
63052,0.07997343294470864
63053,0.0695461444198068
63054,0.10173257357974856
63055,0.04121164178447499
63056,0.7167101752433492
63057,0.8596928000642724
63058,0.1765183422157473
63059,0.9275912680260578
63060,0.3160778040661383
63061,0.11337215433130907
63062,0.341154717987707
63063,0.2555300342066906
63064,0.251116671923349
63065,0.30974827674359007
63066,0.28631213200564326
63067,0.2837780565659087
63069,0.24089380975839797
63070,0.7969449052512566
63071,0.8135399559762254
63072,0.3271041160765076
63073,0.10874535378216679
63074,0.07542602862969133
63075,0.831540438701047
63076,0.46869358126137917
63077,0.19875504119793827
63079,0.6792152365717208
63080,0.5825887426162978
63081,0.4888777244561967
63082,0.159540582874238
63083,0.776558439307292
63084,0.2002057198341512
63085,0.37103616473161294
63086,0.20763557117788417
63087,0.4004982435785891
63088,0.7146204381245436
63089,0.43038239457451927
63090,0.11534328028061579
63091,0.08272955939680102
63092,0.8590255527249391
63093,0.11548740839310785
63094,0.23622962473205447
63095,0.42234391468584487
63096,0.91855434137478
63097,0.6324451607162253
63098,0.28407636631910765
63099,0.22659834278537797
63100,0.6263860367878323
63101,0.3533839358547123
63102,0.3870068607207024
63103,0.23376184364447036
63104,0.45807776227142977
63105,0.3406020244773059
63106,0.930829062094254
63107,0.4091987156458231
63108,0.1747353633303519
63109,0.6656665901047898
63110,0.2838854390298829
63111,0.44883500923985886
63112,0.18794654038380876
63113,0.34230041882272794
63114,0.07427232185894547
63115,0.21026225510138905
63116,0.13046892400853466
63117,0.09324654768221798
63118,0.13342336418172676
63119,0.8147073592995866
63120,0.20185476693954751
63121,0.14370736683454938
63122,0.439282041794053
63123,0.8130147776635714
63124,0.2978156254115296
63125,0.362370484667708
63126,0.2122178625175636
63128,0.1008458413293756
63129,0.16426795343035416
63130,0.08992482780450718
63131,0.33064139554460587
63132,0.6133795174380401
63134,0.6877164310623749
63135,0.1286374116348294
63136,0.23300758306474997
63137,0.48739374018506865
63138,0.10467398181743594
63139,0.2914025521244738
63140,0.561452598587969
63141,0.8219169847593282
63142,0.5684340639704444
63143,0.1058545779689473
63144,0.09069977826619602
63145,0.6988325768013733
63146,0.8320522604713285
63147,0.28559844354876496
63148,0.18641183737976236
63149,0.9422123310821614
63150,0.8608762773461703
63151,0.11914307339484934
63152,0.328018829370303
63153,0.07671608104837019
63154,0.9119247972183688
63155,0.8030382215106839
63156,0.7290159429351754
63157,0.8398138925337659
63158,0.4362298690936896
63159,0.2759538780627247
63160,0.0811507939080772
63161,0.34514146973077203
63162,0.41594876632689937
63163,0.030131080474514755
63164,0.27177021026502085
63165,0.6883109126560337
63166,0.08454741065131682
63167,0.12267516143060722
63168,0.8918222570006938
63169,0.0861999977476849
63170,0.029879368738632086
63171,0.3909127933744605
63172,0.45312257645192283
63173,0.3478151164653026
63174,0.28245392951769493
63175,0.7344886662847122
63176,0.029773612475399832
63177,0.8022088084234517
63178,0.13324565333772087
63179,0.25202468159970937
63180,0.8265668050841188
63181,0.12034010100305857
63182,0.7232152556116238
63183,0.48382294902398176
63184,0.34748172606369443
63185,0.6846497964475562
63186,0.2103247908657696
63187,0.58738401198061
63188,0.9148882720220963
63189,0.03219657891675769
63190,0.4909695509748946
63191,0.09048097193053302
63192,0.1264846978777662
63193,0.31763870327732335
63194,0.36456454790576354
63195,0.2300099205774057
63196,0.46144958307079226
63197,0.3209292689920337
63198,0.19311581337677028
63199,0.6590409666498592
63200,0.19954592256945652
63201,0.46866855345882313
63202,0.4553778346620487
63203,0.7970098759109241
63204,0.2538084810618037
63205,0.7551244102355225
63206,0.12638126981035946
63207,0.21419267736443148
63208,0.08679055642249317
63209,0.0730725648307511
63210,0.678217828232033
63211,0.32107187712670016
63212,0.28367651467283794
63213,0.4229130364099199
63214,0.20534655994631953
63215,0.18145367956622505
63216,0.8514349887096254
63218,0.27475868110116325
63219,0.5661956268429417
63220,0.32405948415994856
63221,0.25667713686532034
63222,0.6917548571654948
63223,0.24706330137654742
63224,0.24387155947942146
63225,0.13512262800308752
63226,0.8156374015700684
63227,0.8838172328651606
63228,0.25831417733640977
63229,0.9459939173126699
63230,0.6400151317977948
63231,0.26870629404199253
63232,0.46233265405536433
63233,0.2040720149220972
63234,0.534249370151999
63235,0.11837521689301134
63236,0.527145067946294
63237,0.24428702343789716
63238,0.038643376947602524
63239,0.8803140373100685
63240,0.11443733781698354
63241,0.1751777594279963
63242,0.0868720863975289
63243,0.29177854958426
63244,0.11775430332447327
63245,0.28687903042407925
63246,0.15902861546807934
63247,0.32796305108471296
63248,0.7985173549812954
63249,0.4143096817586035
63250,0.11810753081784225
63251,0.2521028474074967
63252,0.8122039594747033
63253,0.2949520340579426
63254,0.8188654256372879
63255,0.08624308056751906
63256,0.35490860955461984
63257,0.5440971131315059
63258,0.31153883376912317
63259,0.6525909862012563
63260,0.6348228512489111
63261,0.10749067477122606
63262,0.23022580335200277
63263,0.7677817407514725
63264,0.29149144449293074
63265,0.12135871045553052
63267,0.26066620558641257
63268,0.08265434197757471
63269,0.15876424368492154
63270,0.10987164881928108
63271,0.09266352540393315
63272,0.31807949543351793
63273,0.9131976842432081
63274,0.03846795353295605
63275,0.08516381488271639
63276,0.13405056789572228
63277,0.5937809577778453
63278,0.19975521517689612
63279,0.10221422883170928
63280,0.8991198656237742
63281,0.1002377998115127
63282,0.15887559578384422
63283,0.2384575191194915
63284,0.22030536464045047
63285,0.06544140047394081
63286,0.3200218684655673
63287,0.09861741534069511
63288,0.17474877024006136
63289,0.02904985043585743
63290,0.8901635112001945
63291,0.43065195628800546
63292,0.36317134948692165
63293,0.09324251469677983
63294,0.6832805685812066
63295,0.6065383351495419
63296,0.8782948979669604
63297,0.9175108109552202
63298,0.8829728980739198
63299,0.4357509399340406
63300,0.37040886257457456
63301,0.4871927109927117
63302,0.24811635128694895
63303,0.14244980549208627
63304,0.32923636939421735
63305,0.4269821584007457
63306,0.9027441411293816
63307,0.24572483087371685
63308,0.7950050750607673
63309,0.24557353923367178
63310,0.2622454617661773
63311,0.15851343874339482
63312,0.09406818851398005
63313,0.09647637091103885
63314,0.628620848411371
63315,0.19707004942008857
63317,0.7061554217369924
63318,0.7287224725054521
63319,0.3514939621400566
63320,0.15118530006707528
63321,0.07869307143404974
63322,0.2195444331253248
63323,0.350935788347264
63324,0.3305607186244953
63325,0.9555274769829657
63326,0.47979619866820333
63327,0.19379420657999447
63328,0.5291432429046258
63329,0.5902316181887283
63330,0.6341613340508725
63331,0.3841380782506799
63332,0.47854174143958983
63333,0.5707315295966708
63334,0.4400590663787708
63335,0.34926375518839897
63336,0.11939275468163346
63337,0.5705075878706267
63338,0.226637965607622
63339,0.1386614221284698
63340,0.5467816377517799
63341,0.45179910136644846
63342,0.4133142947521301
63343,0.2922887672026497
63344,0.3173883322085296
63345,0.7678949048883901
63346,0.11811578714767515
63347,0.10920719384843385
63348,0.512649557956716
63349,0.577383627442633
63350,0.9130336074329793
63351,0.08553628911223458
63352,0.07850833498949744
63353,0.32347146435500296
63354,0.5011274186278986
63355,0.19319249279314232
63356,0.07984680135963902
63357,0.4207251449729756
63358,0.13121915005277401
63359,0.49441820652501395
63360,0.2593344118772015
63362,0.7869583322844599
63363,0.4544568549461583
63364,0.12045740228749023
63365,0.775216961346315
63366,0.5983419016206736
63367,0.7080350368396755
63368,0.8975468442009104
63369,0.3524702692635694
63370,0.07381761079254848
63371,0.3644233850541477
63372,0.8135114250836908
63373,0.3103658909968906
63374,0.40607932300051464
63375,0.08122581484434231
63376,0.7400211106642502
63377,0.3761476707127373
63378,0.9026401055757214
63379,0.08625149683312636
63380,0.2994413853026641
63381,0.18219357387865412
63382,0.08838145806304921
63383,0.21917442879105056
63384,0.23533562420440718
63385,0.042158219492756215
63386,0.30059733190867793
63387,0.47590944390434836
63388,0.4534315760500908
63389,0.7598110690029003
63390,0.08308909873483833
63391,0.316623710694325
63392,0.18379325890321285
63393,0.23380331670313698
63394,0.33021439946839204
63395,0.1705070105029453
63396,0.6957859147945669
63397,0.07614457125617245
63398,0.440210813361782
63399,0.08593945768769815
63400,0.3707432079274915
63401,0.179115012199593
63402,0.20827324059915864
63403,0.43926466408365156
63404,0.09711795768069972
63405,0.873624615241955
63406,0.13812596371160524
63407,0.24362960145004367
63408,0.5517315056819895
63409,0.4035997214549016
63410,0.7554181518071283
63411,0.11563728609435973
63412,0.2132075194075908
63413,0.20232820992987294
63414,0.30093539622487925
63415,0.707710093036769
63416,0.9171514137579924
63417,0.7919587780284064
63418,0.3546999227330232
63419,0.20749956169540074
63420,0.9100803578996459
63421,0.5291210730598804
63422,0.07368985210939298
63423,0.731386388223091
63424,0.7809163358187964
63425,0.19924729154292978
63426,0.41649582425381704
63427,0.14319356408589373
63428,0.12002088888314918
63429,0.7795794229385883
63430,0.17560877149757956
63431,0.3508617268158082
63432,0.10925170861314325
63433,0.0661961291714794
63434,0.2672748026737907
63435,0.5876053398979594
63436,0.22415895700154673
63437,0.31781906154446726
63438,0.2933551904152556
63439,0.7003584861950665
63440,0.1752018392695936
63441,0.2649502895823033
63442,0.7990551905304774
63443,0.2018084029197321
63444,0.07975096596076843
63445,0.9239553494800993
63446,0.08083707438318856
63447,0.3021422409299772
63448,0.47092429619038045
63449,0.354278149007331
63450,0.7418494659197727
63451,0.4359469197732646
63452,0.3974671363866772
63453,0.9493642692683705
63454,0.25644430527834555
63455,0.20780280936239276
63456,0.07883530982969442
63457,0.17016776228526567
63458,0.08002849792029683
63459,0.6413920290528249
63460,0.2056418086306668
63461,0.33400161439331266
63462,0.10419025869145103
63463,0.3121710846696522
63464,0.6857435791783082
63465,0.3911920389852804
63466,0.6240348758834652
63467,0.22177285911934094
63468,0.8735571388889564
63469,0.6431206814268666
63470,0.8473616731130736
63471,0.11732281275811626
63472,0.12809703693698613
63473,0.17246991923511507
63610,0.0
63712,0.0
63780,0.0
63969,0.0
63980,0.0
64000,0.0
64001,0.9268759279380445
64002,0.8078862446103839
64003,0.3009273855784101
64004,0.5555555555555556
64005,0.37458423466231805
64006,0.14976509897134604
64007,0.3022761879568696
64008,0.17323465799749113
64009,0.7784281535737673
64010,0.233501725078047
64011,0.2031887736185638
64012,0.3126772433906469
64013,0.1846276705828418
64014,0.742655863672865
64015,0.19807869092216177
64016,0.21365174775881227
64017,0.296024571592366
64018,0.25991925987640746
64019,0.8564853656428382
64021,0.26895947712977414
64022,0.4494377671879367
64023,0.6293293836459599
64024,0.7601210247578233
64025,0.40945599341635475
64026,0.22189221908182505
64027,0.7921520414096751
64028,0.5836465259941536
64029,0.2198744588720898
64031,0.976270875358368
64032,0.8548213295202763
64033,0.8618691861066591
64034,0.26148768905475067
64035,0.7085018791498267
64036,0.25014013379879396
64037,0.36018084839511094
64038,0.7096864035292988
64039,0.6435886604558244
64040,0.1379954027649697
64041,0.7692021777959646
64042,0.26275031903474794
64043,0.4850060947962023
64044,0.5189717988266166
64045,0.1894918915914622
64046,0.3772846265622098
64047,0.783200981514385
64048,0.6871461947651981
64049,0.25081677083839754
64050,0.35922416601945006
64051,0.8409579536132539
64052,0.1563877382673303
64053,0.8499960985356287
64054,0.7655248375533324
64056,0.1457897418304364
64057,0.24839904376934532
64058,0.8013468258905115
64059,0.2792202581600125
64060,0.3738518218406596
64061,0.3747020975608887
64062,0.3362330346786856
64063,0.37594625104861923
64064,0.2384807637947029
64065,0.7282653019884658
64066,0.2830129032150284
64067,0.687379882538604
64068,0.4858575640652441
64069,0.21213236642156919
64070,0.48655923478701973
64071,0.5585344956762635
64072,0.5988974104511658
64073,0.6451154836856592
64074,0.3190535730860494
64075,0.8324473705274417
64077,0.4122049077283179
64078,0.4642492109242263
64079,0.14251671566100763
64080,0.338613011792342
64081,0.25119730257397305
64082,0.9109298532203033
64083,0.3964892713340302
64084,0.16187564569656002
64085,0.21863501566107627
64086,0.7480852684410839
64087,0.4417762160889389
64088,0.26125800584719916
64089,0.8303204178087638
64090,0.09378831983398539
64091,0.8749670367850687
64092,0.24637812803609016
64093,0.3788672194521195
64094,0.6172972648228362
64095,0.7774843511236446
64096,0.4278771698944658
64097,0.24672876730928256
64098,0.2683767119189844
64099,0.6121993289775173
64100,0.7556763301296028
64101,0.7764767205179929
64102,0.8071638820430223
64103,0.8846741815399347
64104,0.3770611309045722
64105,0.5527676093398418
64106,0.2412052862674513
64107,0.21919308142896413
64108,0.32348558555930396
64109,0.7627988747842585
64110,0.2918076140529405
64111,0.6106062293768421
64112,0.2782283591874456
64113,0.8904760450837053
64114,0.7775190732446132
64115,0.3689717631223319
64116,0.5635675720576849
64117,0.3987670473809394
64118,0.25375265009291365
64119,0.7795805441033121
64120,0.19220752143173434
64121,0.33451028602385274
64122,0.8025150983528297
64123,0.41725925927140817
64124,0.36167504070223316
64125,0.770327102474786
64126,0.4827892584339412
64127,0.23953534357064182
64128,0.32586019871581856
64129,0.502211544643118
64130,0.751397035521671
64131,0.32350300274979726
64132,0.45346157494173495
64133,0.2470182806016598
64134,0.7695237444925956
64135,0.5903845958734013
64136,0.18380817748100914
64137,0.7753923172372591
64138,0.6525146957284511
64139,0.7329313231706317
64140,0.7551364770399016
64141,0.10309933801345159
64142,0.3074549746732766
64143,0.48568953806319465
64144,0.664892038850668
64145,0.7702232232366374
64146,0.7241631456528322
64147,0.7394358524211345
64148,0.623162986337544
64149,0.6219493838864394
64150,0.18549069491192077
64151,0.4541744388085538
64152,0.370522314993491
64153,0.2040595387180264
64154,0.18144865514594324
64155,0.21836813058005394
64156,0.8726571313291881
64157,0.6147286441476091
64158,0.4025373793053981
64159,0.1445002119503448
64160,0.7690860271780738
64161,0.41514372874300065
64162,0.2536873760401144
64165,0.9251948765304407
64166,0.2886656657722219
64167,0.3098354595768139
64168,0.8139739985566798
64170,0.5676583077838145
64171,0.32551395856378224
64172,0.5722466370196458
64173,0.9071212672235914
64174,0.5834480030243491
64175,0.24312976862350974
64176,0.7991147801174827
64177,0.29207071862452805
64178,0.5607981786258532
64179,0.2745681322637934
64180,0.2455747084421963
64181,0.2553578876039171
64182,0.24860052958580597
64183,0.6755128559115269
64184,0.34163691151717046
64185,0.2933674668481423
64186,0.41160456609820917
64187,0.3657750642620736
64188,0.4054932385915853
64189,0.8236102347649923
64190,0.13751967400695822
64191,0.7020186467561921
64192,0.1630055145031332
64193,0.2018875390139484
64194,0.6476957043374202
64195,0.2596596983212581
64196,0.23283333539010437
64197,0.7602715781032137
64198,0.31575614708933913
64199,0.33837925245110173
64200,0.25825025394393303
64201,0.5058201908577973
64202,0.251245070176881
64203,0.4824168028023682
64204,0.22081575985509028
64205,0.9043807951458991
64206,0.31999052512557397
64207,0.5044702442634754
64208,0.7531487586511215
64209,0.5042569225031476
64210,0.24151607964324387
64211,0.8541522944501168
64212,0.24880981764246418
64213,0.7425984261709119
64214,0.3651987772101349
64215,0.430011405085267
64216,0.27295082119613656
64217,0.22509528278805022
64218,0.28749227575030983
64219,0.5610106340252123
64220,0.4741568004237273
64221,0.25591761662074247
64222,0.26071029255439576
64223,0.25609300575616245
64224,0.4368711177955254
64225,0.2960637493838929
64226,0.5597721840039003
64227,0.7630745271245946
64228,0.5006899362956851
64229,0.17964082720573962
64230,0.5456745941439882
64231,0.3651119017129095
64232,0.16724249623540235
64233,0.2285631636905844
64234,0.42792154145318645
64235,0.23609716478538068
64236,0.2212805813849584
64237,0.7166119546550823
64238,0.2829905770618949
64239,0.6826772346369456
64240,0.19012589743334804
64241,0.7829387499134938
64242,0.8329851631479147
64243,0.6026292978943802
64244,0.7775542210287492
64245,0.5350130175595589
64246,0.26284566924511354
64247,0.37389263719029875
64249,0.809772982129006
64250,0.6396677860099379
64251,0.41986973939111233
64252,0.34482115852977
64253,0.4301536758077163
64254,0.6461696076462548
64255,0.7916798468485906
64256,0.6249155881404774
64257,0.686921177128175
64258,0.256057213376108
64259,0.5482450966918021
64260,0.7981948919387742
64261,0.542736346502937
64262,0.7575131497419122
64263,0.8350654446850515
64264,0.5310179584333015
64265,0.27796389263371485
64266,0.7696996912326146
64267,0.20246944961969116
64268,0.3524152412959183
64269,0.41344223643331324
64270,0.6919985295896228
64271,0.4301167486174943
64272,0.8681201001232349
64273,0.45243261257122436
64274,0.24697351249069702
64275,0.3094997054791981
64276,0.2049284231219026
64277,0.6974363572701178
64279,0.6375685749063138
64280,0.3585087027443396
64281,0.536488401322017
64282,0.7300609416502595
64283,0.22095334311741116
64284,0.7446038682796912
64285,0.1867437853877742
64286,0.33133333961350303
64287,0.7905884993502909
64288,0.37789826910252267
64289,0.7976638903837066
64290,0.38162948057280033
64291,0.9106432851091647
64292,0.8146971517809023
64293,0.5559951649100014
64294,0.8708786532438152
64295,0.7110875348294461
64296,0.7231418623358985
64297,0.19973394703635353
64298,0.3189866021852289
64299,0.6401554853643296
64300,0.3474274475472925
64301,0.6166256223533939
64302,0.7826619085652038
64303,0.3054440950033274
64304,0.703161421742997
64305,0.32516874164648407
64306,0.5984399307314529
64307,0.23281116215190778
64308,0.28917371469752884
64309,0.8696205650706998
64310,0.23529901249439183
64311,0.4015131535753389
64312,0.2972336720153315
64313,0.167575847567181
64314,0.2131899203679404
64315,0.5885448983088762
64316,0.2733203751536924
64317,0.7927683343198003
64318,0.5537052588712355
64319,0.17750956312693433
64320,0.11408011328971418
64321,0.4845739160173115
64322,0.2774973392294783
64323,0.22716181452368
64324,0.5150091075994984
64325,0.7304272396264764
64326,0.485392584376291
64327,0.16235549140872946
64328,0.4422502735861483
64329,0.35109808673729287
64330,0.11709842981716209
64331,0.2847602787268183
64332,0.2891180585250485
64334,0.4034760875750206
64335,0.4122840342670464
64336,0.22132229133270792
64337,0.22809653847579348
64338,0.8303753745856208
64339,0.6698848234395975
64340,0.2993203679087504
64341,0.9009991214758863
64342,0.2537429665623761
64343,0.2586300568394077
64344,0.25131986400336837
64345,0.1887580620983507
64346,0.8453504900408191
64347,0.6790301406987257
64348,0.4838173174708701
64349,0.2680931460211834
64350,0.5422505375722235
64351,0.28744019531836107
64352,0.248620941927408
64353,0.22810480979765213
64354,0.26888178816924935
64355,0.40167979977528717
64356,0.3796801226992098
64357,0.5421533122548738
64358,0.24662802157410413
64359,0.5635475080602359
64360,0.368259771984182
64361,0.6410941877545675
64362,0.2089507562312624
64363,0.5958235223026772
64364,0.4379973901003846
64365,0.35841579963191605
64366,0.17212040575360688
64367,0.25756894840231276
64368,0.8754658184553015
64369,0.47413820830671266
64370,0.3277559259015286
64371,0.5107282114494718
64372,0.9226331350812732
64373,0.7702169419409318
64374,0.6890713305844121
64375,0.4559792058136057
64376,0.7262384476609045
64377,0.41103219000603464
64378,0.3500777262523011
64379,0.19508589212713853
64380,0.33727696884072705
64381,0.6100285737758909
64382,0.7144208816815224
64383,0.49709638871851464
64385,0.43231683953300937
64386,0.7714463913462327
64387,0.6411087008639796
64388,0.9021266215311474
64389,0.7279934486456187
64390,0.23217021967395435
64391,0.42778358112933845
64392,0.2583036679035393
64393,0.5030268298024786
64394,0.30449881279672664
64395,0.3465894116588919
64396,0.6288564125403577
64397,0.4498942996197836
64398,0.8642060432805939
64399,0.3786041839497463
64400,0.70008442708059
64401,0.17924135480667652
64403,0.8500325696788972
64404,0.3551219623075061
64405,0.31659480748248586
64406,0.512256395154415
64407,0.687365676470825
64408,0.5932400866813424
64409,0.3397369015611369
64410,0.7166497021015457
64411,0.36898726586384223
64412,0.9453329627187658
64413,0.7491653697964453
64414,0.815930789561116
64415,0.6724819167151064
64416,0.6200862786462027
64417,0.7578844639550578
64418,0.7363439027895734
64419,0.2671846180952082
64420,0.5079586207470562
64421,0.8919631679111562
64422,0.2926941094327551
64423,0.5423410093241384
64424,0.25340441170187833
64425,0.7577269425315523
64426,0.8038943568520674
64427,0.4815302833177179
64428,0.8056860080585818
64429,0.17952389876152533
64430,0.4433898223944169
64431,0.33364425282433946
64432,0.3771218239973971
64433,0.19744835128975466
64434,0.8825982104844662
64435,0.4001606504133725
64436,0.26291072804434634
64437,0.19076954230392598
64438,0.2729542001773802
64439,0.31122364772735117
64440,0.30730035420218355
64441,0.15124657838644107
64442,0.7857760756584131
64443,0.4650241518866607
64444,0.8653172330725193
64445,0.49384403287952244
64446,0.3805113098834079
64447,0.44925127253375957
64448,0.36043315739005
64449,0.6924898003663928
64450,0.6276700063408776
64451,0.8876064451228474
64452,0.8910611796254277
64453,0.2544614497713213
64454,0.8970228207697942
64455,0.35018821952858653
64456,0.23793568122639147
64457,0.206023673144388
64458,0.785198316027505
64459,0.7148315691487938
64460,0.4981098014569985
64461,0.31492031367178003
64462,0.2537307289076501
64463,0.7103092813719415
64464,0.20049176047013578
64465,0.8147031062472361
64466,0.8328786587067138
64467,0.7397094189200809
64468,0.6706756437619744
64469,0.8380731891306893
64470,0.6757276701906738
64471,0.647686071236403
64472,0.7425169338406213
64473,0.29130356046572503
64474,0.9816849466011841
64475,0.15610345310046955
64476,0.46757088837368904
64477,0.34518293145226064
64478,0.5768847559322405
64479,0.6851356685685843
64480,0.41892877491983493
64481,0.7788383878409562
64482,0.8021803354471241
64483,0.8233685528625141
64484,0.28664794053012765
64485,0.4404750161490358
64486,0.15361311844924444
64487,0.5225924142734377
64488,0.8008373487536752
64489,0.511264835145748
64490,0.31355124147031554
64491,0.6823290023839402
64492,0.1470881248213033
64493,0.25258702987942
64494,0.4097858680168216
64495,0.7532234795964461
64496,0.7677848657295729
64498,0.6964109578824125
64499,0.35434378277762235
64500,0.31900801486893854
64501,0.2541698539107957
64502,0.6674865047254932
64503,0.3590088184021192
64504,0.736571775483013
64505,0.276794968157288
64506,0.31547488139682506
64507,0.8317425343210142
64508,0.734152933742609
64509,0.426887210069696
64510,0.6738161730400725
64511,0.32745009720689344
64512,0.627741217078806
64513,0.41284917876653804
64514,0.6532091311575869
64515,0.7657371992656581
64516,0.7563315450645746
64517,0.1759895302591486
64518,0.31867258073413346
64519,0.3576145967020566
64520,0.31040369970448545
64521,0.3473533490669582
64522,0.6217195765853092
64523,0.40255532708151415
64524,0.374084848402589
64525,0.3433152647536604
64526,0.279639279692264
64527,0.7695327491223249
64528,0.2030697305468594
64529,0.45436222280396643
64530,0.579079094339366
64531,0.43782595165068183
64532,0.17146526619422753
64533,0.40368270596635747
64534,0.16879481202146585
64535,0.37705778091782527
64536,0.41965407691502626
64537,0.2953343508446667
64538,0.2963564794632548
64539,0.15826032683250998
64540,0.7694724996207862
64541,0.3072450591097456
64542,0.43801467544226474
64543,0.1927561193403196
64544,0.838013817131073
64545,0.7325746687851705
64546,0.7161489943001972
64547,0.6778526820195828
64548,0.5782802732147768
64549,0.31466124586879773
64550,0.7365001934552904
64551,0.40953387304226696
64552,0.20769540222099855
64554,0.7284072942508781
64555,0.5466646886294874
64556,0.6234447681581341
64557,0.3639663447164674
64558,0.712301519107574
64559,0.38805657042469005
64560,0.4708828326885042
64600,0.0
64646,0.0
65000,0.0
65001,0.9537293663619084
65002,0.8514216318006966
65003,0.9579128764249022
65004,0.9693548530670814
65005,0.3193015493917083
65006,0.9308886939918952
65007,0.9249945575986473
65009,0.14070864622163892
65010,0.2996871620511937
65011,0.9187390748513875
65012,0.7938045581774043
65013,0.7063345385619666
65014,0.7587293425252671
65015,0.9419656262630629
65016,0.987046033279071
65017,0.9178845930685251
65018,0.8681257498424437
65019,0.989735611221966
65020,0.9211269104081017
65021,0.9460855848259713
65022,0.9465634044827534
65023,0.9263923229108978
65024,0.9821717043322064
65025,0.9743552572472516
65026,0.90592417794981
65028,0.8586237567307887
65029,0.9446489387452538
65031,0.938693967862916
65032,0.8454344480665075
65033,0.9835415241171821
65034,0.9498289101034142
65035,0.8942668591886145
65036,0.9530639246597015
65037,0.9789799005956342
65038,0.9856338376153704
65039,0.9444669000293212
65040,0.9146851640509948
65041,0.9490094779972696
65042,0.9471133827553704
65043,0.9862135754203301
65044,0.9800025424785853
65045,0.9381190406116305
65046,0.9381235807832461
65047,0.40428273623213135
65048,0.9282907893417293
65049,0.26103722811628255
65050,0.9465705140212369
65051,0.15531462128790985
65052,0.9332973466206977
65053,0.7329146663641154
65054,0.13426648041001882
65055,0.9603900935268536
65056,0.9644718567617669
65057,0.33758122323992334
65058,0.9469425545399579
65059,0.9203479957503041
65060,0.9492410944064736
65061,0.6737224710463466
65062,0.35471539134451935
65063,0.9894515191016768
65064,0.9359878522502795
65065,0.8484545322082585
65066,0.9371359756215252
65067,0.933015849456756
65068,0.8496702850813923
65069,0.18488011614016683
65070,0.9321184086773271
65071,0.9566548246902123
65072,0.9174603919712299
65073,0.8929696503345059
65074,0.8474311990279465
65075,0.9451924529597897
65076,0.9536202433337241
65077,0.9465040235326733
65078,0.9436054229680375
65079,0.14846888526879912
65080,0.8585380979385967
65081,0.13673646765659625
65082,0.9687192350338313
65083,0.9912165458865136
65084,0.9894550460590071
65085,0.8594633386179272
65086,0.9763858008521209
65087,0.7939319288622682
65088,0.7409200607751225
65089,0.9128676808111233
65090,0.9074058003894413
65091,0.970824463774437
65092,0.9440439418930894
65093,0.9489229585121692
65094,0.13881404370190312
65095,0.9438626472558337
65096,0.974780006182788
65097,0.950310814631203
65098,0.9672422785238284
65099,0.9409433545103055
65100,0.36179015728106984
65101,0.24391144740011364
65102,0.965774596317845
65103,0.9821815750838261
65104,0.32421635248950237
65105,0.9639944136757864
65106,0.9636526585459364
65107,0.9280418796894239
65108,0.9289677908959327
65109,0.9519722722059388
65110,0.9715172114032793
65111,0.9528042105083105
65112,0.942438801282087
65113,0.9735676188120993
65114,0.5966052591251985
65115,0.980505908031027
65116,0.9401255822598754
65117,0.9829950048397208
65118,0.9715919658126857
65119,0.8819827720536206
65120,0.3000282605500792
65121,0.902338480345018
65123,0.930473827755919
65124,0.9579648777952232
65125,0.17577805809753574
65126,0.9236345979731958
65127,0.20649964054691936
65128,0.9560426156063385
65129,0.8762709227158778
65130,0.2816560460551096
65131,0.9833768763295476
65132,0.18464484278552412
65133,0.9830326821972569
65134,0.6656695579111622
65135,0.9745785886252688
65136,0.9392320077188828
65137,0.381351881143919
65138,0.9009062242194235
65139,0.861897932908885
65140,0.9393398151626848
65141,0.9425012163191768
65142,0.9775355036961091
65143,0.19966594590400746
65144,0.980011634619898
65145,0.9258616994237308
65146,0.9299209444603194
65147,0.21447357462814431
65148,0.931761930010499
65149,0.20858840691411845
65150,0.14493264332236333
65151,0.985786870787744
65153,0.9861542380617121
65154,0.7594118310158801
65155,0.9008222037191023
65156,0.9862824101325807
65157,0.9558389730959267
65158,0.8139710796382135
65159,0.1628345586753324
65160,0.9570219414374213
65161,0.9799073672156275
65162,0.9613433646506445
65163,0.9538710521154123
65164,0.9226947277488775
65165,0.946176285443417
65166,0.9597916201014495
65167,0.9629717145882941
65168,0.9609612726194545
65169,0.870128417724966
65170,0.8557238750409845
65171,0.950118400436873
65172,0.9625767064331624
65173,0.9412889062849806
65174,0.2967167455528606
65175,0.9383380454338852
65176,0.9318343701133338
65177,0.8685879710464317
65178,0.9135474078143216
65179,0.9539207192283105
65180,0.9336374907717297
65181,0.2845710525245674
65182,0.9426080957872396
65183,0.9400067997413388
65184,0.961537111086728
65185,0.23618263531057698
65186,0.8474391743400035
65187,0.9419144658044373
65189,0.9295298033739073
65190,0.9629399119038919
65191,0.9529800260918162
65192,0.8830109180445074
65193,0.8692394139137868
65194,0.8678246857194085
65195,0.9371796553035634
65196,0.7862342255504712
65197,0.9753267906723402
65198,0.9760815332149946
65199,0.9426861280163422
65200,0.9677126902987367
65201,0.9703383393251382
65202,0.9603904460676177
65203,0.9864208895839339
65204,0.9860174588387001
65205,0.948475168326558
65206,0.9830672733488232
65207,0.9783993787347229
65208,0.9532343348639659
65209,0.9400835241321985
65210,0.9269806168598086
65211,0.9503916760847134
65212,0.9478446218569124
65213,0.5552523468628877
65214,0.8614233764136245
65215,0.28553083369773824
65216,0.9861163086387422
65217,0.9528866937035682
65218,0.9493715860079037
65219,0.310611928951736
65220,0.8671234233779258
65221,0.9882857048731335
65222,0.9878277979759135
65223,0.37883050259514517
65224,0.9675335734719377
65225,0.9875260880562888
65226,0.37379892919488517
65228,0.9500225704263013
65229,0.7848574198483006
65230,0.8089855543114687
65231,0.133975816701546
65232,0.9783022436371202
65233,0.9149548543566747
65234,0.9386845435504039
65235,0.3986860030678031
65236,0.9319167463779773
65237,0.9782727045714404
65238,0.9810940609507711
65239,0.9591817217983372
65240,0.24509771640407574
65241,0.9515041088257014
65242,0.9781709242492218
65243,0.3525673454095613
65244,0.9020196483872513
65245,0.20324620040365815
65247,0.9864412869368469
65248,0.302232736951988
65249,0.7082956770478489
65250,0.8755775871231329
65251,0.46754877248630355
65252,0.8464268363488936
65253,0.9721267430607717
65254,0.9724034283335352
65255,0.9390024724543035
65256,0.1961005630564112
65257,0.8657535081706157
65258,0.20539490045666836
65259,0.2850494514126039
65260,0.8709106836494191
65261,0.9402415553073377
65262,0.39330148428768846
65263,0.5952917537237559
65264,0.3117887534575236
65265,0.29026103892786465
65266,0.846178786705855
65267,0.9640763566821625
65268,0.9893878386966231
65269,0.9801253631772401
65270,0.28550688928340884
65271,0.9297525498937432
65272,0.2578720876233108
65273,0.8386946063080728
65274,0.9331340853035404
65275,0.9614410991176889
65276,0.9900878166320063
65277,0.14591477830910174
65278,0.9549173487104269
65279,0.9597362193416793
65280,0.9211666468244555
65281,0.9875847569825709
65282,0.9262330027677893
65283,0.9513591641497399
65284,0.38501339087290437
65285,0.9850515200185391
65286,0.925658563967118
65287,0.8209631892696214
65288,0.9527892232304133
65289,0.9658875424987806
65290,0.9871745977675683
65291,0.8963849095667451
65292,0.25126844355145206
65293,0.941071110082008
65294,0.16746857854117445
65295,0.9072879426829119
65296,0.35533160863376384
65297,0.9774076200617186
65298,0.9838275565010278
65299,0.915455535526539
65300,0.950636280214008
65301,0.9798332431455476
65302,0.0
65303,0.28219441918791943
65304,0.3563805454151222
65305,0.8602534089253775
65306,0.16990656109679345
65307,0.21080443356882925
65308,0.8777374324917353
65309,0.9625208538594223
65310,0.9841191031699692
65311,0.8329195983960433
65313,0.9482490055469719
65314,0.6204166700409051
65315,0.8261640605015373
65316,0.8550518593211868
65317,0.9458699113863099
65318,0.9507153314919156
65319,0.13928398982378368
65320,0.988316630880018
65321,0.9903208311127016
65322,0.14385986041165483
65323,0.9515324334673745
65324,0.20896890073957064
65325,0.955020856920519
65326,0.9754843130677077
65327,0.13845021216436476
65328,0.9836611099115894
65329,0.9582524239811061
65330,0.44965799070170104
65331,0.395348864819655
65332,0.9893647740909192
65333,0.24462305918277008
65334,0.8852844000471909
65335,0.9867373314041373
65336,0.8570376001281211
65337,0.975178122522164
65338,0.9864207080003312
65339,0.9267301018252991
65340,0.9426014099983244
65341,0.9102046350705818
65342,0.9710779849204029
65343,0.876686229781928
65344,0.3008029150973061
65345,0.9841805209124581
65346,0.2674624141884356
65347,0.9524462126736308
65348,0.9680933553044965
65349,0.9676547117519145
65350,0.916450129230448
65351,0.9724138299582323
65352,0.9663330028512068
65353,0.21050677179501173
65354,0.9529999666667707
65355,0.9268941021063357
65356,0.17603185887539335
65357,0.2072119721162247
65358,0.5947891330815083
65359,0.9794065914835988
65360,0.8874611724189463
65361,0.9789377484388694
65362,0.9571070626160507
65363,0.14913089101523958
65364,0.9468636905259138
65366,0.9243740030188112
65367,0.2316048482726138
65368,0.9075904476557775
65369,0.9871290284780967
65370,0.9864189139456255
65371,0.9595420726573348
65372,0.9107537709962187
65373,0.5805522125275663
65374,0.8744500343021409
65375,0.8211962343584573
65376,0.9386976940402643
65377,0.8655976007250399
65378,0.18801107445531925
65379,0.9399453395661603
65380,0.9878280004344153
65381,0.9226702539750348
65382,0.9593729494547187
65383,0.6115558027817333
65384,0.97042068546128
65385,0.9658210499621577
65386,0.9802963372812283
65387,0.19507680426700708
65388,0.9274037091965666
65389,0.14474670165127893
65390,0.8952110404785795
65391,0.860438437364513
65392,0.32893618181933504
65393,0.9661283317141073
65394,0.155255004522033
65395,0.8069213378534824
65396,0.9537825330595407
65397,0.9701699067266716
65398,0.7998049534818179
65399,0.9356179677876133
65400,0.9450822330289593
65401,0.35661377784238985
65402,0.8592441994153375
65403,0.9048238004094022
65404,0.7192715020002418
65405,0.9608809648798786
65406,0.9209858331125472
65407,0.807409665930834
65408,0.9497951222303517
65409,0.8596285562461475
65410,0.3692334256705342
65411,0.9590100420523473
65412,0.2748984366988474
65413,0.9255489773046476
65414,0.7757884473019223
65415,0.8509059744337121
65416,0.9603278042278378
65417,0.4685594786189456
65418,0.8370028328423404
65419,0.9292345256232696
65420,0.9557164249060401
65421,0.9836873611223357
65422,0.8364156952877915
65423,0.9754560433679488
65424,0.9215487025788093
65425,0.9107007494193495
65426,0.24538164708148516
65427,0.8076661695635976
65428,0.9428419828459697
65429,0.29592511846559766
65430,0.9838200777793676
65431,0.8070391755636263
65432,0.3155932644673326
65433,0.4349129971889986
65435,0.9497981811122322
65436,0.2810455686176535
65437,0.8614684330412592
65438,0.9053850536877048
65439,0.9004771313114948
65440,0.48806858027421074
65441,0.7876514359651089
65442,0.47108753615296084
65443,0.9816715710938301
65444,0.20053389352341075
65445,0.1378092310177222
65446,0.9134521874970649
65447,0.23658500253337061
65448,0.9259719069219267
65449,0.9314783880650185
65450,0.9185311944897092
65451,0.9853435418468122
65452,0.9305080429302862
65453,0.8048798645216558
65454,0.9720048475374422
65455,0.14379037275496923
65456,0.14360597536896685
65457,0.9087051459514165
65458,0.9499572732476119
65459,0.9805262083066353
65460,0.8838624752980448
65461,0.8789896438281596
65462,0.2778661979695255
65463,0.9294277049544644
65464,0.9885140887307101
65465,0.93011828674176
65466,0.9493991548778681
65467,0.9544069437539459
65468,0.9132170100921828
65469,0.9319816973769233
65470,0.8791629284663284
65471,0.9658454683790736
65472,0.3082275367712614
65473,0.9454005962674225
65474,0.9559892861566623
65475,0.911664454373486
65476,0.9331057408717943
65477,0.9114487746479859
65478,0.9257222126506178
65479,0.9889904045613738
65481,0.9196584039990858
65482,0.14733263912007366
66000,0.0
66001,0.7894333441344712
66002,0.765238473205099
66003,0.350738278599972
66004,0.6675602573060887
66005,0.381028826129785
66006,0.6292448183605024
66007,0.28899648634468805
66008,0.6158977809206089
66009,0.37720631356342277
66010,0.3752680870679454
66011,0.9112071034147993
66012,0.6724396874046636
66013,0.9480221321041871
66014,0.6661521920616764
66015,0.7400741708739292
66016,0.6134325876131637
66017,0.488588412436082
66018,0.9486886072931263
66019,0.3405242312231757
66020,0.7284774749512279
66021,0.7460494494582459
66022,0.2797398939514483
66023,0.34878608034426223
66024,0.7007965894314814
66025,0.41358736057845386
66026,0.8507805619376948
66027,0.46601617304495596
66028,0.7871663361462533
66029,0.8067010673568923
66030,0.8647900780926183
66032,0.8916457445101744
66033,0.5535575714972688
66034,0.28597812342916984
66035,0.6937329347892645
66036,0.4290140747568893
66037,0.7475371689819362
66038,0.6930132061996517
66039,0.7228095458760809
66040,0.34860776526851417
66041,0.8644526277690581
66042,0.6992623785611066
66043,0.3681607086454398
66044,0.5506483792659004
66045,0.4105454564308554
66046,0.5830118819137821
66047,0.6000310256981023
66048,0.6493571906216489
66049,0.43615538353824035
66050,0.6275593479863909
66051,0.3036829227687053
66052,0.3530525252191807
66053,0.5788949230831335
66054,0.22947009218649345
66055,0.5196504998728613
66056,0.6342497046857951
66057,0.2927138918720141
66058,0.6917687792249363
66059,0.7669276085880202
66060,0.421331128876098
66061,0.6628450680497544
66062,0.3598272367066533
66063,0.4979896650484504
66064,0.5789257673860301
66065,0.7385738260865428
66066,0.3066359326372268
66067,0.3793143812185853
66068,0.21140825945543615
66069,0.8709197332256793
66070,0.2927881853988641
66071,0.8552726079353782
66072,0.4311233276223865
66073,0.26250463615482317
66074,0.31601816443542374
66075,0.3623754384944354
66076,0.6343539798963105
66077,0.5810505067518332
66078,0.28323317076659515
66079,0.2764282179833991
66080,0.3336486045429743
66081,0.7301046824012345
66082,0.6189505210990526
66083,0.5517071212245128
66084,0.8737230421987633
66085,0.25876314310793463
66086,0.27612528898546923
66088,0.45346728331104724
66089,0.2926887436989876
66090,0.3697036884742228
66091,0.3453970816011552
66092,0.7106832021832766
66093,0.7469629089741789
66094,0.7353704301166891
66095,0.284054803151603
66096,0.6851989627948512
66097,0.5652900798388384
66098,0.5217387239697119
66099,0.6695184539604705
66100,0.36384446020109285
66101,0.9138950408739326
66102,0.8000508173905818
66103,0.30690344430202016
66104,0.3554728076046043
66105,0.5951216758287615
66106,0.35076456043253257
66107,0.45330631791502785
66108,0.6589567173851355
66109,0.2957763859415745
66111,0.29598754947364
66112,0.9198134962334694
66113,0.4061575852073104
66114,0.7836168291426069
66115,0.6338428364080868
66116,0.3329728058326754
66117,0.4676975746881378
66118,0.8782126125964269
66119,0.5789736101202998
66120,0.4243396953734789
66121,0.6075011954147402
66122,0.33361198986954604
66123,0.37855251222155234
66124,0.5520001479302508
66125,0.3961984942568169
66126,0.5387590157261798
66127,0.9308359050771452
66128,0.4310813595698076
66129,0.7183456807320407
66130,0.36006573530612
66132,0.3482591095774985
66133,0.7231382587380494
66134,0.6768029960764367
66136,0.730545493388827
66137,0.9071407508962674
66138,0.7232170110432836
66139,0.7615453012786765
66140,0.7232903184835845
66141,0.7455810369999042
66142,0.3987817416550252
66143,0.6776271180108107
66144,0.8234304582438394
66145,0.77217010319248
66146,0.11399154626953556
66147,0.3016174405193515
66148,0.6168741323025808
66149,0.4649707963479929
66150,0.3547558119528655
66151,0.7607634096847244
66152,0.3758976481554364
66153,0.88691367043743
66154,0.7004764388085154
66155,0.5432343937277757
66156,0.7226387351991743
66157,0.6933737787513445
66158,0.6130365058096497
66159,0.7002305953188463
66160,0.4711974046964683
66161,0.31134089058847925
66162,0.3008705120272991
66164,0.7017639145207061
66165,0.3450809906113048
66166,0.2192220829591061
66167,0.447012499994746
66168,0.6987085834196626
66169,0.6624323303423123
66170,0.8728964078238942
66171,0.7452709908957846
66172,0.6954642602635805
66173,0.6815774066459116
66174,0.6967189549259849
66175,0.8087677977906306
66176,0.5223537989041006
66177,0.9166816648042093
66178,0.6028155092474016
66179,0.4054899042307772
66180,0.5131625981168122
66181,0.4191401784452669
66182,0.7309762277543951
66183,0.5061417744196233
66184,0.6145510155411187
66185,0.3839935033069613
66186,0.7506948452086313
66187,0.5064740905929584
66188,0.4164379861953447
66189,0.8131717644915286
66190,0.49908674195389224
66191,0.6912820721186785
66192,0.41487763310104486
66193,0.23481441742496773
66194,0.3835482922598152
66195,0.6746745348313704
66196,0.5197059528610771
66197,0.37827134217320957
66198,0.8031740967700566
66199,0.4843355167639234
66201,0.2872863384651477
66202,0.6429214636785089
66203,0.9539631728046555
66204,0.252043751750596
66205,0.8132333818192008
66206,0.3502772558918149
66207,0.8921501155974534
66208,0.8078377337857898
66209,0.38513068214931073
66210,0.6902736044834759
66211,0.9092966792788393
66212,0.5244466603011652
66213,0.695773517832512
66214,0.6890637518416247
66215,0.7611635717987846
66216,0.8106378366287044
66217,0.8734704892428506
66218,0.3924395303103906
66219,0.9259231615423995
66220,0.7704465309305105
66221,0.9400343347498762
66222,0.2532245091429335
66223,0.29124028752689635
66224,0.7651206418498647
66225,0.7698702490048482
66226,0.8988243644980174
66227,0.7998397620540354
66228,0.734730032574081
66230,0.32315573543585857
66231,0.8922417363363917
66232,0.5540329756582026
66233,0.6017909137189604
66234,0.619030469963545
66240,0.0
66247,0.0
66253,0.0
66273,0.0
66420,0.0
67000,0.0
67001,0.8179364336917705
67002,0.5605583604330593
67003,0.38311899784027453
67004,0.4980197947066145
67005,0.4914786320309221
67006,0.7885664422499284
67008,0.6718598747131551
67009,0.7056251927019788
67010,0.25730373522386074
67011,0.7496064844765746
67012,0.7359447162425231
67013,0.7304209194956602
67016,0.7816605034693881
67017,0.5775963116064945
67018,0.6071332620135682
67019,0.7219573347058076
67020,0.3460553563261436
67021,0.26988224577040937
67022,0.36503889502654746
67023,0.5398172818646388
67025,0.8276862637995319
67026,0.21418354712058596
67027,0.2965671192378693
67028,0.7184473584847898
67029,0.48175319444974507
67030,0.6497125931827764
67031,0.45274032881644893
67032,0.5433620727270869
67033,0.6543807759207467
67034,0.7729105607874686
67035,0.6425124481438494
67036,0.49815959906905616
67037,0.5375257358484767
67038,0.9530377247990123
67039,0.7003243939501022
67040,0.7542172856958591
67043,0.9207370947228563
67044,0.5985449167341975
67045,0.5841257505659575
67046,0.7308647167443886
67047,0.4415520954965059
67048,0.627356295313266
67049,0.7670067161674
67050,0.2263257364750924
67051,0.546794959308288
67052,0.6094868638449014
67053,0.7202683164536836
67054,0.8379937795872432
67055,0.6656026194924843
67056,0.7270178750543103
67057,0.3303357328869402
67058,0.4954457125984573
67059,0.18848594230686005
67060,0.47669816989530994
67061,0.2683456747317577
67062,0.38057764248189835
67063,0.3299658526160017
67065,0.7982998814971506
67066,0.12837676090793892
67067,0.6756726432060908
67068,0.6567703782260337
67069,0.8672969709605648
67070,0.4775214857032788
67071,0.7626835873314857
67072,0.5889958895116274
67073,0.29613330160541074
67074,0.5908167302614752
67075,0.7471607183379712
67076,0.17098100655026974
67077,0.52401357332571
67078,0.6099381746427973
67079,0.9108913036561479
67080,0.6945391339544889
67081,0.8210764072980771
67082,0.6461871585256374
67083,0.3705466595073814
67084,0.2460634351964397
67085,0.6627955175890523
67086,0.8251922428909075
67087,0.6804269980315021
67088,0.5787117969483606
67089,0.2734962518150992
67090,0.7510896910774301
67091,0.8646357405315517
67092,0.41809532903629254
67093,0.5016736545942365
67094,0.2754710379579043
67095,0.6046016874495189
67096,0.497919628889533
67097,0.7978411007809337
67098,0.6309559518942646
67099,0.42876106764335653
67100,0.6868165225370341
67101,0.7154431346069029
67102,0.9267554364289783
67103,0.2466060166396215
67104,0.6243295757196654
67105,0.7400341599814801
67106,0.7124873930892801
67107,0.8877136638144449
67108,0.7985060066908019
67109,0.9181198087926474
67110,0.7002854625176729
67111,0.5738926227429443
67112,0.7552597762170843
67113,0.7675509108191436
67115,0.3029061047005644
67116,0.27434279073543055
67117,0.27984188895144213
67118,0.9210349388711481
67119,0.7567008078539873
67120,0.2896694391672647
67121,0.8127622665145045
67122,0.6724773499254566
67123,0.6143668587274613
67124,0.8235768924198315
67125,0.2572428775755631
67126,0.5234267155576666
67127,0.7032274233904177
67128,0.749949705213098
67129,0.31858579603079884
67130,0.8857529102334991
67131,0.9563147272925698
67132,0.6479815526388386
67133,0.23923446802338136
67134,0.5242125535808708
67135,0.6808359173713305
67136,0.5131185199950014
67137,0.9373899924113432
67138,0.9031315558085117
67139,0.5415469595454744
67140,0.7701853756949101
67141,0.5600107866131218
67142,0.6887394357338175
67143,0.35947801299191534
67144,0.2510192878086401
67145,0.8987192512568042
67146,0.6994179418701746
67147,0.5672646305573323
67148,0.7965546661292203
67149,0.5031353200425907
67150,0.7391922950656299
67151,0.814863262027215
67152,0.8187451637848053
67153,0.3335834632836453
67154,0.8088202300560092
67155,0.42028690685237563
67156,0.6963343022446409
67159,0.8995515533512929
67160,0.6546603982221688
67161,0.5387665445445516
67162,0.3434330548920987
67163,0.9397412455898275
67164,0.4791683012403913
67165,0.4768503016572735
67166,0.7097772842708127
67167,0.36695957742643015
67168,0.6172197983185596
67169,0.7985226798334719
67172,0.6268218488721699
67173,0.8075592169755871
67174,0.6034229061380924
67176,0.5259093107942227
67177,0.5053625525115714
67178,0.5207092353941725
67179,0.4803267164923642
67180,0.48206256570677314
67181,0.7686664966065458
67182,0.8077634605532461
67183,0.37144509169696627
67184,0.6338034205311429
67185,0.302718362309878
67186,0.7260398314295554
67187,0.7857780843370177
67188,0.578625077824341
67189,0.337475175752698
67190,0.7732998044272832
67191,0.36051265144978945
67192,0.6699267090250989
67194,0.7678632136762742
67195,0.738792407844634
67196,0.5173212643495563
67197,0.9133059232093814
67198,0.7385126069915342
67199,0.4208422097929554
67200,0.9449446069744831
67201,0.5575239950837054
67202,0.5703784478823453
67203,0.5350467464489589
67204,0.9206398106938678
67205,0.7433765093575491
67206,0.6486793272988706
67208,0.722586155246039
67209,0.9156676751651155
67210,0.664349383524275
67212,0.8266618469316861
67213,0.6664680343708673
67214,0.7828334139829812
67215,0.5018235089966269
67216,0.556926193759957
67217,0.95350902198104
67218,0.942067826637461
67220,0.5232967878008487
67221,0.6799513049202645
67222,0.503970631486837
67223,0.6848938808487949
67225,0.6520576551417233
67226,0.7865156388284247
67227,0.5504012883683063
67228,0.9366424510336618
67229,0.5249020984277664
67230,0.9026213069743835
67231,0.761295713795382
67232,0.6958235539340452
67233,0.7282510692152239
67234,0.5083216224849395
67235,0.7570498464055782
67236,0.9549709540888354
67237,0.8327233625527722
67238,0.6655777624774746
67239,0.34714505992480194
67240,0.8035209419692538
67241,0.8607154482585482
67242,0.5568733845695458
67244,0.5685834156078208
67245,0.6476632071271293
67246,0.25889475218610764
67247,0.7699612446768176
67248,0.6374480274554253
67249,0.6564475773184161
67250,0.6259177775823646
67252,0.9587525184173493
67253,0.8195217451418363
67254,0.575446788547556
67255,0.32014065187674584
67256,0.7993815230517528
67257,0.6570953870188737
67258,0.8811959475528999
67259,0.5040276482152624
67260,0.6318159908563084
67261,0.8199211909497299
67263,0.4329021737563544
67264,0.703860164102852
67265,0.49130852440826656
67266,0.9158402473445785
67267,0.9371337221085129
67268,0.917063955142432
67269,0.8674156014695601
67270,0.3973341050162693
67271,0.6963742614196048
67272,0.503659385291454
67273,0.6980600665318885
67274,0.5899571546359522
67275,0.35023638330954654
67276,0.32604846184803093
67277,0.7136644243846526
67278,0.41925104375375605
67279,0.8617106092590545
67280,0.3226175166976823
67281,0.7406795121730743
67282,0.7929970133054085
67283,0.46760237553752215
67285,0.744400350351132
67286,0.5431598303595904
67287,0.4155339269920052
67288,0.6028289670844458
67289,0.553263456732345
67290,0.5761596377752521
67291,0.6020962809764885
67292,0.6386159043476435
67293,0.5236468315333691
67295,0.32130147709882056
67296,0.9170060435884827
67298,0.7597606840120825
67299,0.5252198942247641
67300,0.6311367487747787
67301,0.5899119782826187
67302,0.34786881908451234
67303,0.6615543056300772
67304,0.7436871693322201
67305,0.8214700781325577
67306,0.41951524082145025
67307,0.7331700000908224
67308,0.7616355373823034
67309,0.8291983414531642
67310,0.7404559825196674
67311,0.7115605599466761
67312,0.5695348677297043
67313,0.6730762000457622
67314,0.31862222320972905
67315,0.8241962613963247
67317,0.4382398263018281
67319,0.8655590405787175
67320,0.4045823784059274
67321,0.3052149329314422
67322,0.21972480807315536
67324,0.4643055409438244
67325,0.5464107007037331
67326,0.917947511503187
67327,0.8772989470978628
67328,0.6482359515564257
67329,0.5110201845226572
67330,0.7873139781102002
67331,0.5521801569132028
67333,0.5392745385681407
67334,0.606252288022089
67335,0.8047546885536295
67336,0.9168490854688727
67337,0.5357131144095585
67338,0.8385229031972415
67339,0.5623480359722036
67340,0.5086630157494001
67341,0.6692524533208982
67342,0.3983179285269532
67343,0.82488850992515
67344,0.7376142357729097
67345,0.7279635862887929
67346,0.9218924844736719
67347,0.537566477226267
67348,0.5043863795207396
67349,0.7395757585145029
67350,0.8263558414654442
67351,0.7194819633320704
67352,0.4966667740681807
67353,0.34444012075498137
67354,0.8012863832011112
67355,0.6646603490025362
67356,0.7968581634442944
67358,0.6376621432432075
67359,0.6220132127987847
67360,0.7668277981149633
67361,0.7370907677288805
67362,0.3477834351498368
67363,0.7506430591810282
67364,0.7825379684564331
67365,0.9496470167902432
67366,0.3413025922236323
67367,0.46950897438794376
67368,0.6094831694607459
67369,0.796842481725253
67370,0.6742190388108386
67371,0.6496708291008042
67372,0.6779801020984876
67373,0.27871551454115284
67375,0.9049458758034311
67377,0.1314670592842065
67378,0.9449452899634362
67379,0.5764869711393132
67380,0.3163268880819087
67381,0.7869574377432563
67382,0.7629282676604884
67383,0.7278325826208206
67384,0.12468676439876948
67385,0.6014939921114864
67386,0.5990867619900813
67387,0.5444309779125138
67388,0.470580913835594
67389,0.8203500208655063
67391,0.7048798949421313
67392,0.46279838901968856
67394,0.6787513978500608
67395,0.48949647079875724
67396,0.4040585376662336
67397,0.5249908716437827
67398,0.7413845972183313
67400,0.7404436062600408
67401,0.4899883462118098
67403,0.6633252891900305
67404,0.6315478778686078
67405,0.7355552862961257
67406,0.9196300612196462
67407,0.7236653989198009
67408,0.5401708903896847
67409,0.8641179794128289
67410,0.7102255974271305
67411,0.3237424463426136
67412,0.5270589579517324
67413,0.5675026935520363
67414,0.1773993734130373
67415,0.5316588842554728
67416,0.7425245529019858
67417,0.6264340040679317
67418,0.69783425626231
67420,0.3833082002105533
67421,0.20588188367467425
67422,0.7330698413389696
67423,0.8702441417158985
67424,0.21322434433609444
67425,0.3004142276840335
67426,0.349957179297529
67427,0.4134898736803989
67428,0.7585243578134883
67429,0.31690189474732955
67430,0.39940305465362647
67432,0.981615111271765
67433,0.7464178033505109
67434,0.5429144367579202
67435,0.4774202348248865
67436,0.2745303883512727
67437,0.3284295456326796
67438,0.8715348035782713
67440,0.7860095207357249
67441,0.6573539851170553
67442,0.8011390737527858
67443,0.8312607933168139
67444,0.4946967791163066
67445,0.2920322306348289
67446,0.5745688808424237
67447,0.9276375167180466
67448,0.18210814787991322
67449,0.6576122679659703
67450,0.6782651424006412
67451,0.7727625551477306
67452,0.918407836786441
67453,0.8094749415700653
67454,0.7562972875623952
67455,0.68437122810999
67456,0.4815642882271103
67458,0.6804628960405612
67459,0.48424648056438246
67460,0.5464672592211226
67461,0.766344753792328
67462,0.3738885487234333
67463,0.7328493338000404
67464,0.5573246786497699
67465,0.6535757000366283
67466,0.9000563557472528
67467,0.5281947849199933
67468,0.4122219281938169
67470,0.2382668141681311
67471,0.9376897291470495
67472,0.6475194791913418
67473,0.7199639463043321
67474,0.6326426148303419
67475,0.5192730091191341
67476,0.6758068871324907
67477,0.29601680336863234
67478,0.2838853459170336
67479,0.7497775236727142
67480,0.5456368182157146
67481,0.2723782981696465
67482,0.9334965760981675
67483,0.7277400778251214
67484,0.812136025518977
67485,0.7928561979756242
67486,0.6932789076049979
67487,0.636086832220625
67488,0.4552210081891024
67489,0.5140729892998886
67490,0.42207559608382905
67491,0.7175898140063423
67492,0.742361558303722
67493,0.4038192661888873
67494,0.8710411050797604
67495,0.9338663771516723
67497,0.7647370854815099
67498,0.5758429164748038
67499,0.3018869980071326
67500,0.40144848238112196
67501,0.7656716033904918
67502,0.6446574543438183
67503,0.5741480350865071
67504,0.473494053523974
67505,0.5787424004663978
67506,0.8130927869871122
67507,0.38373782448068416
67508,0.42212921350208316
67509,0.5761140381515361
67510,0.5651766689264084
67511,0.5674703046017947
67513,0.2278202875850994
67514,0.5727985835921322
67515,0.4314110232772533
67516,0.5942655300832261
67517,0.708392725675149
67519,0.8577354522334303
67520,0.6700305125924367
67521,0.5552068318572615
67522,0.7814559883517281
67523,0.7230833438197357
67524,0.5565878783169945
67525,0.5811104893323809
67526,0.7479169420992008
67527,0.5728070109934174
67528,0.5235900950027372
67529,0.8056866083175483
67530,0.3917142612359028
67531,0.2766703533535284
67532,0.7853513510718855
67534,0.3928973653662681
67535,0.4867817504670846
67536,0.5349350636739334
67537,0.6753207347519837
67538,0.5318037664536126
67539,0.6269259403155025
67540,0.653643133579745
67541,0.7587501743812709
67542,0.7957385980611208
67543,0.23243595113862087
67544,0.816807310031237
67545,0.7469666051877363
67546,0.4973948876459931
67547,0.7062281990668472
67548,0.7747310447935132
67550,0.6705364960003856
67551,0.8386635067506347
67552,0.5041352743960006
67553,0.7947919698414078
67554,0.8229203940807783
67555,0.6444341596211205
67556,0.9037349528884541
67557,0.4259389667724792
67558,0.5592266783318098
67559,0.7420261825133656
67750,0.0
68000,0.0
68001,0.799639458863066
68002,0.8733564475509139
68004,0.8592833654204247
68005,0.26834883580289076
68006,0.2647643883946605
68007,0.3242466338654925
68008,0.8128447912811227
68009,0.8330521122517226
68010,0.8782918738999557
68011,0.2823704982325871
68012,0.4890497258253306
68013,0.8575362124596173
68014,0.5289708063175036
68015,0.4581007260507168
68016,0.8829068253424536
68017,0.8517008173151981
68018,0.23213003300675603
68019,0.8223164375064818
68020,0.9191627566184324
68021,0.8236621927724994
68022,0.4153823165731538
68023,0.3620919403960239
68024,0.18659617446090673
68025,0.6815458885548246
68026,0.37746698114540345
68027,0.9895042075456537
68028,0.35929550539456145
68029,0.5035895515366939
68030,0.44938436860788383
68032,0.5643457357444049
68033,0.8996933166565524
68034,0.8554104729055524
68035,0.819707531637615
68036,0.7683022681562703
68037,0.24474036118286338
68038,0.37986314080747496
68039,0.5697075984835559
68040,0.597306415291295
68041,0.8628037668106521
68042,0.8327123908994137
68043,0.5790801286247728
68044,0.3710430096081593
68045,0.690485432851751
68046,0.5110881530178987
68049,0.7852462513581953
68050,0.18838442168574124
68051,0.3590642266190713
68052,0.1883078418491251
68054,0.8288575865048922
68055,0.8155089011561268
68056,0.45953114399758244
68057,0.9073307982265749
68058,0.6756722749325558
68059,0.2877390668012679
68060,0.2704226052288646
68061,0.7908762704693948
68062,0.8289000694048149
68063,0.5784872208659728
68064,0.8977404428202098
68065,0.9306637921426038
68066,0.3980087854041421
68067,0.6048136650640663
68068,0.898919693892703
68069,0.8041141728918666
68071,0.22821549113873088
68072,0.8478026355237602
68073,0.7446288626634814
68074,0.6050974075468837
68075,0.7809473666320998
68076,0.8197819771725802
68077,0.8663510095025904
68078,0.2766152738671893
68079,0.8973556650774744
68080,0.9260553522531914
68081,0.8748334411861098
68082,0.3897463665994069
68083,0.4453010987352898
68084,0.8495771994601359
68085,0.1835209331812756
68086,0.2215634303175587
68087,0.6215077016294274
68088,0.6013464535825704
68089,0.32783921654103004
68090,0.8111782294760148
68091,0.8971019442832343
68092,0.8468960152056563
68093,0.9430046584872452
68094,0.9058153103414092
68095,0.8188379179805412
68096,0.9910738068104749
68097,0.5061060565896144
68098,0.6499411593802927
68099,0.8749512135381402
68100,0.8142026982293342
68101,0.2923147763378828
68102,0.533388230378456
68103,0.8579070995930196
68104,0.8478996120838121
68105,0.2403098030042059
68106,0.607012374874662
68107,0.9019155303056229
68109,0.5040570404430234
68110,0.8029911876384831
68111,0.44760085832859314
68112,0.4932491418253837
68113,0.3524175132291667
68114,0.9291823036316617
68115,0.45112989371513723
68116,0.2743467654990081
68117,0.4977737025325125
68118,0.8311007934766537
68119,0.8584963880348063
68120,0.8727671700331135
68121,0.8996327517742162
68122,0.5495261716470091
68123,0.4653726846577504
68124,0.9535973844549945
68125,0.22557656310479537
68126,0.8312008240638632
68127,0.8826133657883699
68128,0.6506964893781767
68129,0.3099044099443032
68130,0.7314750031147259
68131,0.9937538191356351
68132,0.9928769407260337
68134,0.2697145811069035
68135,0.8267097972224902
68136,0.8314623145235503
68137,0.673625491447631
68138,0.8098557620630991
68139,0.7830260298991202
68140,0.29717682611905333
68141,0.3904556481269128
68142,0.47351893657399086
68143,0.3622362715155016
68144,0.7870457925284919
68145,0.3922465044506962
68146,0.5057471527123953
68147,0.7360828283860673
68148,0.9913896051346254
68149,0.8931575574396117
68150,0.5493118132245304
68151,0.4767156000447188
68152,0.8879899792401738
68153,0.3327100043257059
68154,0.5530050083892145
68155,0.3797530624163476
68156,0.5568919693108465
68157,0.8404057942955325
68158,0.9919469983668922
68159,0.5223228463277855
68160,0.9201021600420612
68161,0.5399794040681637
68162,0.26869711626412146
68163,0.8261189698228592
68165,0.8093505632088124
68166,0.5179586214785727
68167,0.6930498259529172
68168,0.9636951691401432
68169,0.6643568303814739
68170,0.9666406707877209
68171,0.6499980546089533
68172,0.774635049543057
68173,0.5094059340245392
68174,0.9974603654803624
68175,0.47283420818989835
68176,0.5828770429103353
68177,0.6483318412023877
68178,0.6954717185023466
68179,0.6697556792831794
68180,0.6874334232094138
68181,0.7300905135967297
68182,0.8954089046620405
68183,0.8452903811912024
68184,0.6331731926649633
68185,0.6637988568588415
68186,0.6392126282776771
68187,0.8793952507625079
68188,0.6890328598339094
68189,0.28939527581343827
68190,0.6574002840991108
68191,0.9371418747798198
68192,0.8877865731072286
68193,0.4057602667705411
68194,0.7498499182915784
68195,0.4548035962306634
68196,0.9037507518873237
68197,0.9652632034608191
68198,0.9939802397440932
68199,0.5255375089813199
68200,0.8779491907547362
68201,0.6495164511329159
68202,0.8555717607952248
68203,0.30801993761658847
68204,0.22944609147043207
68205,0.3282663190240419
68207,0.873466062378836
68208,0.9646146168315746
68209,0.32711764728120307
68210,0.474103375216498
68211,0.4765785173611792
68212,0.6245244498237981
68213,0.4210721163810135
68214,0.920550430530693
68215,0.9035030903700263
68216,0.5672292188103535
68217,0.49374542460875465
68218,0.44174398033091233
68219,0.1737437800930817
68221,0.8876236729391581
68222,0.887843540627127
68223,0.31549105326818866
68224,0.558153864991269
68225,0.3478609356243325
68226,0.5096665168535013
68227,0.8439596578067498
68228,0.2694445176570148
68229,0.7408172138323593
68230,0.8191807496013184
68231,0.83698327260836
68232,0.8714711201638455
68234,0.25402405002350525
68235,0.25002914029739565
68236,0.0
68237,0.4995091058752348
68238,0.9502016802257945
68239,0.7205013986345693
68240,0.8685616141552389
68241,0.2626055639008376
68242,0.22992794118178436
68243,0.7586223710329045
68244,0.5299939725133679
68245,0.9660399262719244
68246,0.7397731390633557
68247,0.3933546156989249
68248,0.8337966484229956
68249,0.3173869685991505
68250,0.4385478177598394
68251,0.7469445116093469
68252,0.3786607180715897
68253,0.7745927492140711
68254,0.8053816839647646
68255,0.4108765811431304
68256,0.4823570114661569
68257,0.5342041926785915
68258,0.6251398580600559
68259,0.7224275421254429
68260,0.5749944420819654
68261,0.6125752297992804
68262,0.4340850122583561
68263,0.9381180449525556
68264,0.9746143212055527
68265,0.9956588355591988
68266,0.35026513729488373
68267,0.3205102964847674
68268,0.8951688411176303
68269,0.29899112511996406
68270,0.45111889595830956
68271,0.5239492908530649
68273,0.7320950766376719
68274,0.6787950865208564
68275,0.6223245877326901
68276,0.7308351390530826
68277,0.5457063990349035
68278,0.4774350518364964
68279,0.6787056796858326
68280,0.33495883398649634
68281,0.8939527078764633
68282,0.882231108229492
68283,0.41831813659464984
68284,0.7749289367867219
68285,0.3739166252447281
68286,0.8020628973600656
68287,0.22460885056214452
68288,0.6748542892594709
68289,0.45910829303865647
68290,0.8894021349245557
68291,0.9239189822557846
68292,0.4922913237535077
68293,0.18645963167129434
68294,0.43250467962870615
68295,0.2685054149368856
68296,0.35088255238607463
68297,0.8736269702690551
68298,0.4768690197729291
68299,0.8679862343553325
68300,0.5627413337238453
68301,0.8480345725964586
68302,0.29050784990604783
68303,0.9502418596521707
68304,0.6866629897183886
68305,0.5610865806084702
68306,0.5482787815369111
68307,0.695574718598152
68308,0.6648408077988145
68309,0.8343273946889044
68311,0.4860478616848733
68312,0.716977014826691
68313,0.2225942671141627
68315,0.5099986705099815
68316,0.5509972580509402
68317,0.31285304127129687
68318,0.3685736124079218
68320,0.8868966359501673
68321,0.6017175707731074
68322,0.48935669144692046
68323,0.9740907635548889
68324,0.9712953292051941
68325,0.9468523715891726
68326,0.20746069856494034
68327,0.9395305325357981
68328,0.3747483697977396
68329,0.25272172641933616
68330,0.9557056187208938
68331,0.30332569425996214
68332,0.8880431598259654
68333,0.9584820672198316
68334,0.6731234776828243
68335,0.890237976829988
68336,0.8738446196747293
68337,0.9305371950306822
68338,0.5084423539193649
68340,0.5610961257981909
68341,0.8297878564871924
68342,0.4976550811268468
68343,0.6086974636417065
68344,0.3428378879834761
68345,0.7911910232547448
68347,0.7879851439876709
68348,0.5129453909660717
68349,0.8351736485015734
68350,0.4697744215348052
68351,0.7019439345655857
68352,0.7936671340973673
68353,0.9944225443838609
68354,0.5704948981710574
68355,0.769478478375928
68356,0.884885819254577
68357,0.8387621823077557
68358,0.4628767863982521
68359,0.5281908852290067
68360,0.799285180038433
68361,0.6367268478642069
68362,0.8704192631418682
68363,0.7951408534884505
68364,0.4636888791737598
68365,0.3120528992254784
68366,0.347127777021438
68367,0.7534564898975284
68368,0.5424336026902418
68370,0.6869939623915404
68371,0.9293985980043938
68372,0.6004713082758448
68373,0.6125663118486206
68374,0.5118571068884822
68375,0.3423655173048683
68376,0.5524110467444728
68377,0.8572661803035091
68378,0.8988741876587589
68379,0.7898725561034039
68380,0.8387092192096651
68381,0.536563337878228
68382,0.9934847792923972
68383,0.35102907729594496
68384,0.9244711096459447
68385,0.5787281350091692
68386,0.779026790420254
68390,0.0
68500,0.0
68590,0.0
68790,0.0
69001,0.3450677258079034
69002,0.172047235437377
69003,0.8375541297859158
69004,0.6441676350552835
69005,0.6304608777127331
69006,0.3133639481919502
69007,0.4970517952033321
69008,0.3429635924535115
69009,0.5740529146059322
69010,0.5773469564439335
69012,0.41176904541377246
69013,0.5960584812488082
69014,0.31499341080003906
69016,0.2152464524339562
69017,0.6060199549390218
69018,0.6626780107326276
69019,0.49160293761017654
69020,0.5863827883593244
69021,0.6637867070171286
69022,0.6794122333967776
69023,0.771373835299114
69024,0.7545240395125926
69026,0.5533054881345878
69027,0.7078835342686283
69028,0.6937977008954301
69029,0.9866381008175888
69030,0.3834606167613231
69031,0.514878289571813
69032,0.5246230548542754
69033,0.8427666979100109
69034,0.9776687342751954
69035,0.7263478512660276
69036,0.4628113410211366
69037,0.7209997026175801
69038,0.502279859101064
69039,0.740331185662133
69040,0.9660600079208272
69042,0.5389284096360201
69043,0.7295515160935396
69044,0.7755299280795559
69045,0.45772120587387893
69046,0.7967598651999983
69047,0.5432384572326459
69049,0.7415176216893088
69050,0.5140690411062016
69051,0.7785079198129918
69052,0.5785045865282438
69053,0.49523926789072115
69054,0.3451679967373059
69055,0.6436437226579333
69056,0.5258810224881245
69057,0.7299823824577961
69058,0.733903459623852
69059,0.6067385859405063
69060,0.4622033885687215
69061,0.7528914297217996
69062,0.9270725256962861
69063,0.874774596055096
69064,0.6468732945895983
69065,0.4964458570362686
69066,0.5471247121919403
69067,0.6869497759408075
69068,0.9526308166407184
69069,0.7458183095753143
69070,0.6551739534532142
69071,0.8323235645863346
69072,0.7852480520991045
69074,0.7689386527930681
69075,0.6806768570514712
69076,0.6366822894411316
69077,0.5211292595920296
69078,0.46200996942015743
69080,0.40732897948675684
69081,0.8157315303403581
69082,0.8303893709713487
69083,0.521762523386855
69084,0.4175466600007119
69085,0.8382243757907232
69086,0.5613955525957119
69087,0.9865396499048423
69088,0.9597679478641887
69089,0.7919781893331731
69090,0.6136296149471699
69091,0.6034330966299506
69092,0.6137730484570331
69093,0.5386924342675384
69094,0.7059233935615606
69095,0.32007082337367837
69096,0.6441368226656263
69097,0.42917636721081204
69098,0.38518843385979395
69099,0.3677825731872106
69100,0.8290868954578535
69102,0.29569593679477224
69103,0.7897232585766202
69104,0.8210653032114518
69105,0.8069979808455648
69106,0.551362030040551
69107,0.687242019620214
69108,0.47615183544173456
69109,0.6983961752282406
69110,0.875723779607953
69111,0.5991448148413965
69112,0.5837340043350099
69113,0.7502124145108983
69115,0.6817190188466709
69116,0.9007023360129893
69117,0.7700561865964749
69118,0.45328410794437
69119,0.371907345974848
69120,0.6661653154553537
69121,0.590311202189832
69122,0.5992500953217036
69123,0.8876712701561698
69124,0.662146858031251
69125,0.7377672471216893
69126,0.5850154416540344
69127,0.7284869844387237
69130,0.5523503059829995
69131,0.6711675439007015
69132,0.32034996383919523
69133,0.6364688596452102
69134,0.7814189885375775
69135,0.62584002988975
69136,0.6125219741974782
69137,0.8042177841311408
69138,0.511629141285456
69139,0.6493895107186943
69140,0.5581332673918148
69141,0.7872270311325996
69142,0.86362209872046
69143,0.8192897810440332
69145,0.7968924374646803
69148,0.7379110899724097
69149,0.7914225873989225
69151,0.7323486493551452
69152,0.8897977739215533
69153,0.7951377377418224
69154,0.6550165540103006
69155,0.45236703114810833
69156,0.5978528381378704
69157,0.40289732158009234
69159,0.6998464530265303
69160,0.30535486398209993
69161,0.30684879969810674
69162,0.6819758273321332
69163,0.624539568965325
69164,0.4229748432035772
69165,0.6991395654957414
69166,0.882235804893725
69167,0.7340800552820463
69168,0.7928877346101497
69169,0.673714697615226
69170,0.7715052925881574
69171,0.7350232698197634
69172,0.8000624024326445
69173,0.519662502089249
69174,0.29058358815865987
69175,0.5071214528966558
69176,0.6506410064450983
69177,0.5642575142464071
69178,0.3811405639683764
69179,0.45842717531993826
69180,0.7973141270424846
69181,0.7986055565620115
69182,0.17667369780861783
69183,0.44378126032940757
69184,0.8366880902757874
69186,0.22452335833213188
69187,0.5480802181236645
69188,0.35959899185152855
69189,0.5481404836742739
69190,0.7103159191771824
69191,0.9786936093651631
69192,0.7354674719872494
69193,0.5193740889505564
69194,0.9060060073278773
69196,0.4477233175597375
69197,0.799583760034434
69198,0.7849723435965653
69199,0.9902002646559699
69200,0.3564880736720295
69201,0.45721520146584455
69202,0.8019482147582222
69203,0.35426902527850873
69204,0.7637851723126179
69205,0.7610414388837324
69206,0.49383674365469293
69207,0.7479194750520435
69208,0.4904818366080551
69209,0.20583351469795821
69210,0.0
69212,0.5946516416670948
69214,0.7363878645792785
69215,0.5115002236345485
69216,0.5857791931526951
69217,0.5835263805471952
69218,0.47951388845468873
69219,0.7881859927457733
69220,0.38398064876346105
69225,0.3853917635477941
69227,0.7228487089277178
69228,0.36842013808481333
69229,0.41011242029742656
69230,0.7707675899251702
69231,0.6789247426854592
69233,0.9760322448287405
69234,0.44305382987568154
69235,0.456587044544585
69236,0.43538045890242033
69238,0.5964540290925272
69239,0.45774523347582247
69240,0.6511965533707733
69241,0.7304057110999184
69242,0.5541527861727311
69243,0.3989609362270063
69244,0.787910333524589
69245,0.8087955983568876
69246,0.5962808406096399
69248,0.5980615272461152
69249,0.8065459473656779
69250,0.6878304146591344
69252,0.3920227188345687
69253,0.4763983278792785
69254,0.30029154869121416
69255,0.6177053123192744
69256,0.9415215051380439
69257,0.7042543751257297
69258,0.7564976837296611
69259,0.8489104039860166
69260,0.8051450269205301
69261,0.5815905610492099
69263,0.7024847706759872
69264,0.7553829564773605
69265,0.7455097235257345
69266,0.9744090193562382
69267,0.4224499076545407
69268,0.7978966019054297
69269,0.8236837885353173
69270,0.7789975389407118
69271,0.978000129235876
69272,0.638770628361515
69273,0.8161692731060519
69275,0.9420851824315732
69276,0.8100582278135667
69277,0.9332111100591859
69278,0.7880971596525733
69279,0.8873214021933387
69280,0.8761319041175392
69281,0.7735521168725378
69282,0.8964772507013198
69283,0.8225285460710833
69284,0.832557315827766
69285,0.9782242686239966
69286,0.8880090445152656
69287,0.8604218606936603
69288,0.863558741334041
69289,0.7552247283791873
69290,0.8479946843251029
69291,0.7827824584374202
69292,0.9104746462519436
69293,0.8793753516291605
69294,0.6778777264870521
69295,0.7312870778547128
69296,0.9386525908173661
69297,0.6464218584099264
69298,0.8195332825616064
69299,0.539030924432027
69380,0.0
69400,0.0
69440,0.0
69460,0.0
69480,0.0
69490,0.0
69510,0.0
69530,0.0
69550,0.0
69560,0.0
69570,0.0
69590,0.0
69610,0.0
69620,0.0
69640,0.0
69790,0.0
69800,0.0
69840,0.0
69850,0.0
69860,0.0
69870,0.0
69930,0.0
70000,0.0
70001,0.942454603993992
70002,0.8359677447698814
70003,0.6432429757026523
70004,0.22731450716346718
70005,0.479561036614702
70006,0.16513391348681403
70007,0.3146956080152777
70008,0.5119026962661215
70009,0.2763173883675217
70010,0.34609850360304883
70011,0.660870325944869
70012,0.9298008849222724
70013,0.4507823002920033
70014,0.20938417999852216
70015,0.21535723429557016
70016,0.586039845483285
70017,0.837984566455053
70018,0.586246970738208
70019,0.4538533333004312
70020,0.4330229903815759
70021,0.24715073634466522
70022,0.755349322413863
70023,0.47553779829539533
70024,0.5525539731676484
70025,0.14051885003004377
70026,0.6728656905844567
70027,0.1504838532651202
70028,0.9161490720174053
70029,0.19923371029008957
70030,0.4877951114222615
70031,0.884732742344212
70032,0.69246054815139
70035,0.5239263354390521
70036,0.8775577779852027
70037,0.4443522179302344
70038,0.8201130320412579
70039,0.518921210201978
70040,0.25477530761096734
70041,0.5121626560281104
70042,0.480198916051462
70043,0.5186628379219587
70044,0.2561149686949686
70045,0.5099814272624212
70046,0.48713166398445445
70047,0.39632805013696165
70048,0.23734793410430982
70049,0.3710832262328473
70050,0.9748704562858784
70051,0.29714867749869744
70052,0.6613617121061933
70053,0.057701520905049625
70054,0.5456429667201009
70055,0.32389872435432576
70056,0.9251669698038498
70057,0.4354891552502639
70058,0.5563447278832001
70059,0.9538667363107309
70060,0.9750061800896439
70061,0.545312654271969
70062,0.9490512199720698
70063,0.5448113952549133
70064,0.44780409885198696
70065,0.9439196333116833
70066,0.45486000073653154
70067,0.41604502472414223
70069,0.41376942517140947
70070,0.5131949845081135
70071,0.22743974448357535
70072,0.8617797171940553
70074,0.4944751792989515
70075,0.27280698410688403
70076,0.9863706484229464
70077,0.7905528519372956
70078,0.37639880575502055
70079,0.2878457385012643
70080,0.5800123211001192
70081,0.20733844638934765
70082,0.8897579659097736
70083,0.4655541644959084
70084,0.8697490245414291
70085,0.8711619233988571
70086,0.2882780651488869
70087,0.7368415052340231
70088,0.15278539346055336
70089,0.17630006565661857
70090,0.9680915930768754
70091,0.23639532973290964
70092,0.26392028840954707
70093,0.32795653594136676
70094,0.664603826870908
70095,0.8501215499397575
70096,0.25813736944454196
70097,0.6755371496554932
70098,0.39417876395935
70099,0.20096043116143564
70100,0.58439218544066
70101,0.35083541463424567
70102,0.9053528939323603
70103,0.6706704815685005
70104,0.37758858432998527
70105,0.8651975235397514
70106,0.7283033912740715
70107,0.8628892220920016
70109,0.8713892963715848
70111,0.24321666819839355
70112,0.4419442825114805
70113,0.9531724929595977
70114,0.46553459840097733
70115,0.8284788153961139
70116,0.5242381234172925
70117,0.949398406844829
70118,0.8422287825943567
70119,0.990669255811678
70120,0.8465298515596688
70121,0.49317369298721125
70122,0.27970380622707863
70124,0.737606135807783
70125,0.5571003264302874
70126,0.260965391943182
70127,0.8240591382569579
70128,0.3413364473730999
70129,0.7145705557557902
70130,0.41624505075102197
70132,0.5093079772481299
70133,0.1955474918167151
70134,0.27325472782473004
70135,0.0330086848815771
70136,0.2971013222682835
70137,0.7316231367191296
70138,0.866209055160614
70140,0.4252824667292003
70141,0.22448775229934004
70142,0.2378010940232601
70143,0.03912195198855514
70144,0.03940781476756461
70145,0.9879509080659598
70146,0.22499441778819343
70147,0.9826203676414703
70148,0.8835683671313267
70149,0.4846002999085549
70150,0.8293176149643757
70151,0.1624366824555819
70152,0.19737837146304124
70153,0.03361467841488369
70154,0.8122850418156387
70155,0.3159530950503829
70156,0.1586143524196959
70157,0.31244857705915874
70158,0.9248899496569059
70159,0.9009853018765929
70160,0.5178548668718771
70162,0.2842305367648147
70163,0.26492177412637413
70164,0.23875279435265417
70165,0.20046688367416585
70166,0.3290324303030732
70167,0.20738223111960385
70168,0.7463112663150123
70169,0.13504202482309227
70170,0.7293253561697253
70171,0.19988656252974535
70172,0.9483364936602797
70174,0.4840926386074163
70175,0.04304662278878209
70176,0.2560382002376832
70177,0.6380683768157047
70178,0.22930147093188652
70179,0.38128223287370355
70180,0.932991933356703
70181,0.9850695394358954
70182,0.4153038489121199
70183,0.7673059503012257
70184,0.532499937951718
70185,0.7906569803090908
70186,0.26941767166520886
70187,0.9721508167881255
70188,0.23301094458570357
70189,0.8863805673664846
70190,0.9217789281076075
70192,0.2596280896655462
70193,0.49186850841111096
70194,0.4564333612908102
70195,0.37558629018389966
70196,0.6292024684219484
70197,0.8063439804690418
70198,0.4005400145133416
70199,0.25463527739005454
70200,0.432354902426294
70201,0.37477464997490356
70202,0.35607930621588874
70203,0.2713612979559078
70204,0.5051427637941169
70205,0.990040446084499
70206,0.5610664881040724
70207,0.30027822220889794
70208,0.3545897632132643
70210,0.5442852197375965
70211,0.6698134135874451
70213,0.4095930031328139
70214,0.8288225842452289
70215,0.9415051207340861
70216,0.31593728915041885
70217,0.5963896608927142
70218,0.5393650331168568
70219,0.5220611590884456
70220,0.7299402668347247
70221,0.4642957965083205
70222,0.08841293220549776
70224,0.9898893827331277
70225,0.5123956264546502
70226,0.7921100661359471
70227,0.67358874172474
70228,0.949777293027775
70229,0.3631666353310923
70230,0.7282464509960196
70231,0.23412515910468362
70232,0.23002355729252263
70233,0.6871633583220109
70234,0.8210172498129278
70235,0.45103375267129314
70236,0.9596039049232168
70237,0.27843908356934355
70238,0.5600838276000408
70239,0.27311114805375963
70240,0.233213007723026
70242,0.35055578096092666
70243,0.9660461340679019
70244,0.6857289143520994
70245,0.20843055171169342
70247,0.18881126293710335
70248,0.9533396765810683
70249,0.7090346628661844
70250,0.1906629772298799
70251,0.21884859726747247
70252,0.6485806480108317
70253,0.09583371276594721
70254,0.32745973948617885
70255,0.5701154652817514
70256,0.5275259922038698
70257,0.08022702033380266
70258,0.3147768431527825
70259,0.30880163035054053
70260,0.25359088289546466
70261,0.3792687784110014
70262,0.2689064498924334
70263,0.4198795926201714
70264,0.8571488103709483
70265,0.5179001905600837
70267,0.39201126358794114
70268,0.9878497956167697
70269,0.4240386543944363
70271,0.5016065889561148
70272,0.04902223024637382
70273,0.857045313910848
70274,0.2945714794640385
70275,0.2975743225678013
70276,0.957934146181542
70277,0.9703410009847319
70278,0.30828818692942206
70279,0.6199474103917938
70280,0.6736924186495404
70282,0.37947363966842457
70283,0.19061840968158986
70284,0.6455642750208848
70285,0.5730678022333916
70286,0.2834081385650345
70287,0.3354799591737968
70288,0.7448492251299175
70289,0.7388449263115712
70290,0.4549799156762826
70291,0.23807071549561526
70292,0.3927731766468966
70293,0.5413625248450638
70294,0.5834299602058951
70295,0.5461335795778927
70296,0.9530152011707408
70297,0.24498035162954376
70298,0.03902430083980701
70299,0.27111707800955587
70301,0.2856836157643886
70302,0.4822953424355549
70303,0.2642200863820233
70304,0.5297572823526926
70305,0.701797792490975
70306,0.277133285484504
70307,0.45806418964168066
70308,0.6172990601508306
70309,0.9488090317337038
70310,0.3887942729468259
70311,0.4203219694416506
70312,0.5176188555046262
70313,0.2497521834488027
70314,0.7091134919877412
70315,0.5956057480727663
70316,0.34373545933884736
70317,0.41783714961125784
70318,0.25035775531685434
70319,0.30545632137245016
70320,0.6098732539584008
70321,0.26353161537556286
70322,0.41891184103756324
70323,0.28075205901738554
70324,0.33022702365861173
70325,0.29312455312487135
70326,0.6489646543449951
70327,0.2518510215933135
70328,0.5422537025366541
70329,0.036071946441370704
70330,0.5587650892069753
70331,0.4906114539859415
70332,0.5241654978357693
70334,0.8715151955519761
70335,0.9486947471258915
70336,0.8424977706852188
70337,0.03869734063739307
70338,0.41663584944423515
70339,0.5649779585014958
70340,0.367968243964956
70341,0.9153137627234844
70342,0.43960486892225414
70343,0.827093777903521
70344,0.8350984391398695
70347,0.8857276642037654
70348,0.19597994348302183
70349,0.4748481140655397
70350,0.0326258466300391
70351,0.24991328491624767
70352,0.314064784493722
70353,0.30775012013203457
70355,0.8206054006761103
70356,0.9873019164383658
70357,0.9539330030276139
70358,0.2576064231224659
70359,0.32518586955907475
70360,0.375191498888899
70361,0.5899840334938028
70362,0.045143878603909136
70363,0.2672478564491852
70364,0.23018922849629211
70366,0.2828120646180754
70367,0.4428473124610969
70368,0.4632404381254389
70369,0.23969077581392442
70371,0.6132539677538348
70372,0.5244669227314387
70373,0.03496158143338101
70374,0.3028585043852802
70376,0.5010492503201384
70378,0.34767686255384456
70380,0.8506022923031646
70381,0.7731374682646596
70383,0.8333186111074402
70384,0.29308030665639045
70385,0.22125018509350794
70386,0.18822201346241707
70387,0.8233128882315712
70388,0.33513204409694997
70389,0.5448585846522349
70390,0.2735094596972446
70392,0.04046830073605064
70393,0.4118205943600176
70394,0.19305839453830934
70395,0.5635287439619127
70396,0.5673993734153423
70397,0.954664649345692
70398,0.9335127925058009
70399,0.2857934827136884
70400,0.040667724819558757
70401,0.8540455340272983
70402,0.7071534186889147
70403,0.23504912014064158
70404,0.35319691222046434
70405,0.8047339032139892
70406,0.5891821921960914
70407,0.8838937646177095
70408,0.24285421514744213
70409,0.4051348689707203
70410,0.9875357926602848
70411,0.5000133139932894
70412,0.6602973599374136
70413,0.8864628843954604
70414,0.9029289149542975
70415,0.2732984867125025
70416,0.26975274316790687
70417,0.9275434471441532
70418,0.37083900644541395
70419,0.7927301755905123
70420,0.37372031853255994
70421,0.2359373304609119
70422,0.571858516768799
70423,0.03482646315566686
70425,0.6605847353530822
70426,0.9665003445726718
70427,0.9490304118059272
70428,0.39238209755499726
70429,0.3491460002292706
70430,0.032674745509764395
70431,0.7574085675717372
70432,0.19301347041729297
70433,0.27155600862543355
70435,0.22922440651193648
70436,0.45296046198465484
70437,0.3860461343383535
70438,0.23591184524760342
70439,0.9126253591757642
70440,0.2520822371297983
70441,0.22925360253178662
70442,0.2946103624388045
70443,0.44210388557089897
70444,0.21245019674934568
70445,0.713399556601587
70446,0.5085253854343792
70447,0.7374995112516081
70448,0.17453454759720102
70449,0.96668368403587
70450,0.032320011085601605
70451,0.5634035808915868
70452,0.35058464611955276
70453,0.3052807353833592
70454,0.3980769445424603
70455,0.32710819528810875
70456,0.792077933108656
70457,0.7860796550074876
70459,0.48515804332416296
70460,0.5086314750839098
70461,0.5663910905052476
70462,0.9358959798406188
70463,0.693767722016864
70464,0.22133837132755063
70466,0.7703605270346963
70467,0.554555177655106
70468,0.39438215913429586
70469,0.6686619629697427
70470,0.2512913110715175
70471,0.721091535684306
70472,0.8264492867070167
70473,0.3625264940422472
70474,0.44076798144759605
70476,0.7201040078378318
70477,0.4120140896344706
70478,0.24135449677505164
70479,0.7608385114992138
70480,0.22919739249533247
70481,0.41307831425135755
70482,0.20306430913339552
70483,0.28802668848819846
70484,0.9756811158790393
70485,0.34247439247690653
70486,0.04771948715501326
70487,0.869989217791535
70488,0.7391718201614407
70489,0.15066972865791503
70490,0.42071268907425524
70491,0.48822305782181563
70492,0.534479247486306
70493,0.8442699885935153
70494,0.33013921309022665
70496,0.7384273276881449
70498,0.4890699806693286
70499,0.24302198810128076
70500,0.8153266086269577
70501,0.9519029128317006
70502,0.1662943889488859
70503,0.7962585100228129
70504,0.9026452463126446
70505,0.5308143975690404
70506,0.5212475277007754
70507,0.7157803236923249
70509,0.296838873170553
70510,0.48176482452139335
70511,0.37817924986129375
70512,0.18413971432117662
70513,0.3555508330964166
70514,0.15903015641645266
70515,0.5234837763168498
70516,0.7972593574082565
70517,0.43036005298929697
70518,0.8507592764695346
70519,0.979207039911154
70520,0.24740242463534218
70521,0.15563578141275344
70522,0.8638747114182519
70523,0.6786873445707121
70524,0.2579214717681762
70525,0.2831351295239338
70526,0.3690839820119791
70527,0.08709753651503623
70528,0.7747755956859133
70529,0.5804520606209969
70530,0.9549682760020497
70531,0.3293296833981051
70532,0.40525844443478143
70533,0.16186075114459111
70534,0.4263273683660141
70535,0.3851509652229706
70536,0.41607983078564714
70537,0.2270560741639868
70538,0.7299819137612187
70539,0.3359185951527233
70540,0.18696756564778244
70541,0.8303234649546781
70542,0.17977083827722096
70544,0.8985883813196255
70545,0.7342211008686813
70546,0.533763668230372
70547,0.5318570733666061
70548,0.3007827981321948
70549,0.47439275725198576
70550,0.5239179507650796
70552,0.4574137629199039
70553,0.796422761149693
70554,0.2634088600649283
70555,0.8329447273935897
70557,0.1850619775393407
70558,0.4103590932481486
70559,0.33134455335862717
70560,0.3764401727504373
70561,0.43962821914821604
70562,0.43234828959703464
70563,0.27519834014722644
70564,0.3708954280106098
70565,0.9664986139807676
70566,0.24628578641184953
70567,0.9816846675554959
70568,0.31974665430186117
70569,0.8555725221802213
70571,0.41179997229700743
70572,0.35184064697015843
70573,0.6844915841908715
70574,0.16602519655211107
70575,0.8661273152237469
70576,0.2857442620262526
70577,0.22597184989406563
70578,0.9904401565693469
70579,0.5806785466874747
70580,0.903914372663966
70581,0.20232148898575206
70582,0.7127017634400022
70583,0.9569916063044147
71000,0.0
71001,0.12051998979324605
71002,0.7785513733029958
71003,0.9080951240695853
71004,0.30720233727610297
71005,0.25479360089228476
71006,0.32842957958075136
71007,0.6387112966076658
71008,0.20618712654812552
71009,0.47090470289656156
71010,0.5168454505261526
71011,0.4024102524500674
71012,0.23879354786710086
71013,0.7429818032093266
71014,0.6308081353115689
71015,0.4680970097371755
71016,0.7905030083862106
71017,0.9297994847040684
71018,0.8712759130132746
71019,0.22727329499202698
71020,0.27036731244897516
71021,0.07456320830509135
71022,0.2668125456547673
71023,0.9921662610315414
71024,0.4121434614423221
71025,0.03344382719610403
71026,0.22336779706103274
71027,0.041174589002930445
71028,0.9627343286365031
71029,0.9491887706420892
71030,0.031100872023435273
71031,0.24453851482514613
71032,0.2763539204466204
71033,0.29073416317809986
71034,0.2284370848821445
71035,0.7938342664120536
71036,0.7253976653347376
71037,0.6992423671871852
71038,0.048044152197165256
71039,0.7699299035963324
71040,0.07778390661419059
71041,0.8475471396480355
71042,0.2874392682710815
71043,0.21331357508478796
71044,0.5580578547203967
71045,0.44102025609811835
71046,0.7267172626600837
71047,0.5390559588890472
71048,0.3390627566540899
71050,0.22750232556647038
71051,0.1696355536545695
71052,0.18189541475885637
71054,0.1885019568338289
71056,0.6109231115325169
71057,0.5965941721626645
71058,0.7091245461346187
71059,0.05230326003022548
71060,0.7958964939152142
71061,0.7874497526361655
71062,0.4741765927988673
71063,0.41912128076168714
71064,0.714416622775608
71065,0.5124877969700635
71066,0.8317254548400729
71067,0.667930245525128
71068,0.49102371279238904
71069,0.31358186445557223
71070,0.23603697495929188
71071,0.27278131682028167
71072,0.18416624235392423
71073,0.17933706745787276
71074,0.43916458711823714
71075,0.8056324248232734
71076,0.3818608778997448
71077,0.27870041170562704
71078,0.2569021351155104
71079,0.048591821219556214
71080,0.731334072438203
71081,0.34870825030766706
71082,0.05180082675228012
71084,0.6096498083807146
71085,0.11527438067172079
71086,0.07303636364756215
71087,0.6606751330559838
71088,0.6598718008915416
71089,0.8731437869200404
71090,0.5662984269538751
71091,0.033448410727337355
71092,0.688721118182575
71093,0.688647924143609
71094,0.7300447029450038
71095,0.21972727899625447
71096,0.5836893232733554
71097,0.825339836725097
71098,0.6118665487479956
71099,0.31521636337577774
71100,0.1612965223362992
71101,0.05252528754471783
71102,0.18670746952988498
71103,0.5075553844154405
71104,0.09720427549289408
71105,0.35667036714763606
71106,0.09205102470018009
71107,0.2547672262029653
71108,0.8229867287920519
71109,0.15671012821162333
71110,0.44220270265798356
71111,0.06978314362680996
71112,0.03210079232641227
71113,0.44133301766958766
71115,0.23521420038200072
71116,0.2079301140858251
71117,0.3898906510601616
71118,0.27025999046337257
71119,0.18455012807073357
71120,0.33761955848779374
71121,0.909643463153417
71122,0.21981994498624416
71123,0.34022364595915694
71124,0.8928855514455908
71125,0.30153245744715906
71126,0.37230338003618535
71127,0.5569874315689854
71128,0.23481881286612796
71129,0.3748932256304159
71130,0.61633307050632
71131,0.2162395179209159
71132,0.048182428510649244
71133,0.29656122960325876
71134,0.035475496776544706
71135,0.2732711850719757
71136,0.8215409625654883
71137,0.183317466721898
71139,0.5853089632133828
71140,0.6372947493689026
71141,0.17760323314568746
71142,0.37210292235996173
71143,0.047635621987920575
71144,0.3384140013737286
71145,0.6268970469221596
71146,0.7417499144729619
71147,0.25130046936970546
71148,0.5196107334953252
71149,0.06901442201309835
71150,0.4880772738800222
71151,0.4370423063131841
71152,0.4704251009728271
71153,0.6026604370601895
71154,0.24339253088569665
71155,0.20843936690656992
71156,0.7594227944782362
71157,0.05033375178184833
71158,0.8059496339058037
71159,0.6170185083345887
71160,0.2066906439298933
71161,0.8171118114314543
71162,0.4048255006890242
71163,0.03286937743260209
71164,0.3892768785289123
71165,0.454849573404451
71166,0.45692947004450474
71167,0.26362595992909804
71168,0.44519591407296943
71169,0.32124374268376815
71170,0.8912720497359209
71171,0.22994142175045057
71172,0.7275699310173381
71173,0.26812200237564404
71174,0.13081473633836213
71175,0.5905689031245516
71176,0.07176921167380568
71177,0.07515452491369203
71178,0.03208346683461144
71179,0.8076705218238137
71181,0.7784602978088369
71182,0.20356016984206088
71183,0.3431232169170114
71184,0.3533987547604697
71185,0.3310574949308697
71186,0.13652517667727654
71187,0.051635499183100994
71188,0.6639647121736747
71189,0.22795682919270688
71190,0.6739815311735357
71191,0.07081378755029101
71192,0.4377587078459297
71193,0.7970211426600801
71194,0.27660995231877905
71195,0.158472990778635
71196,0.04346775605122111
71198,0.03985867160221304
71199,0.5265198131234489
71200,0.5512557784124528
71201,0.6076473915898991
71202,0.2402733365062155
71203,0.07204129504589554
71204,0.2977347818004533
71205,0.5410212553686181
71206,0.9715384259245711
71207,0.6746253320155148
71208,0.051199405796867124
71209,0.04070493590309571
71210,0.3407864119174812
71212,0.06999160441386168
71213,0.7191745853650134
71214,0.6092940457627207
71215,0.31473572478260026
71216,0.7379578551669638
71217,0.7425891479779113
71218,0.1712871104904728
71219,0.9809026067836786
71220,0.031892126722754974
71221,0.18208106522402442
71222,0.042491891438445104
71223,0.5044717300353607
71224,0.9291595887989745
71225,0.27682462424028215
71226,0.7955765699865958
71227,0.4369574528536138
71228,0.7781970806724224
71229,0.8360901598811172
71230,0.8311513537073563
71231,0.4144340123127791
71232,0.05951500451593637
71233,0.4547357421165806
71234,0.896640988910159
71235,0.26228397068467774
71236,0.8144246703582912
71237,0.3243543468465832
71238,0.4355725522891148
71239,0.4282650655134832
71240,0.1725459303074307
71241,0.22642091631952743
71242,0.5324425731475494
71243,0.053751036041871245
71244,0.8294777792104917
71245,0.17105967725125618
71246,0.548938907263516
71247,0.8272847629082665
71248,0.14729794133933666
71249,0.20397089571000565
71250,0.3022652208850448
71251,0.3908871664073009
71252,0.9540156511672958
71253,0.34780632729887534
71254,0.6726041380741488
71255,0.38909689805534103
71256,0.7399831851870912
71257,0.25355523357975346
71258,0.31658740795288076
71259,0.6067661152048215
71261,0.8700639951230408
71262,0.049794592180583956
71263,0.7624250816341138
71264,0.5326953387152342
71266,0.2823333374913627
71267,0.7607006313760984
71268,0.088985377230324
71269,0.2828107002751744
71270,0.28841515052431493
71271,0.44764999333547
71272,0.6309380443151955
71273,0.41362649131601864
71274,0.12915512333148105
71275,0.5313976413368248
71276,0.06308478189967305
71277,0.056807036892483224
71278,0.043714182055595165
71279,0.5831452986908877
71280,0.4569155768432677
71281,0.7873110597877487
71282,0.5153867950758354
71283,0.9520564046072315
71284,0.7209637376686385
71285,0.9099937807902823
71286,0.5930401897646489
71287,0.6931630082645117
71289,0.3220738635284925
71290,0.13663048121676377
71291,0.4391953637494669
71292,0.18345349450589893
71293,0.8674001843318783
71294,0.2222222222222222
71295,0.25961973880040634
71296,0.8968501636438816
71297,0.5582959791109393
71299,0.286790385679212
71300,0.04181313744373526
71301,0.4152870583460976
71302,0.2055832409624551
71303,0.7860845306380658
71305,0.18849815678323828
71306,0.10444545146810681
71307,0.42831771014744446
71308,0.1860465994180838
71309,0.5573961813353453
71310,0.05790286545708083
71311,0.7040939998560083
71312,0.2602968614297864
71313,0.38079617552290634
71314,0.9181276178789578
71315,0.058270462643303024
71316,0.03427629651205896
71317,0.6521555844787792
71318,0.8377934669809979
71319,0.9261807521103815
71320,0.647475952181492
71321,0.13177995327835362
71322,0.6133302905405826
71323,0.033885193072252344
71324,0.2206567077174476
71325,0.05071268371688697
71326,0.9149020390771629
71327,0.22135517659723794
71328,0.17649272610525907
71329,0.05261413118805242
71330,0.7815196403621906
71331,0.09189271690601025
71332,0.9904906583803958
71333,0.3350742532815475
71334,0.06715877248819897
71335,0.28729331062755126
71336,0.8309466734435719
71337,0.760728204132273
71338,0.6213528496599504
71339,0.03985790228854632
71340,0.06834629218454577
71341,0.9392872508044833
71342,0.09230538643349542
71343,0.17921512611986642
71344,0.35817466580144464
71345,0.7957296327099309
71346,0.04970516584626183
71347,0.07317546630742804
71348,0.831532168250112
71349,0.8182465096184535
71350,0.27284179665403907
71351,0.8279581638856497
71352,0.4965034328760225
71353,0.1282508305565369
71354,0.5515914680303031
71355,0.05291538255475682
71356,0.039669766972750486
71357,0.06523395151830381
71358,0.25704325231836467
71359,0.11427092409873976
71360,0.3193377560137992
71361,0.34212304859159876
71362,0.7967998295682005
71363,0.6886259906385171
71364,0.489589508008433
71365,0.8449608202789686
71366,0.7638733508157333
71367,0.787728145835027
71368,0.33264226695318627
71369,0.16718514234019874
71370,0.7826743479546955
71371,0.20439787244738464
71372,0.5125815324694336
71373,0.7470301467885793
71374,0.24823608999344796
71376,0.7005774647688295
71377,0.7923406859280216
71378,0.16756536787009574
71379,0.03632167654002321
71380,0.04353992190920873
71381,0.2243199586467333
71382,0.042538243697214144
71383,0.42132786092639984
71384,0.23228828757943124
71385,0.5574915876427454
71386,0.9538294958490424
71387,0.24991457758914848
71388,0.05231085044842191
71389,0.031533732694923496
71390,0.04590344258353705
71391,0.2128271056791292
71392,0.8408066490502624
71393,0.5012438282734131
71394,0.04555195815117907
71395,0.869929089369336
71396,0.8161689803598157
71397,0.21859886438791507
71398,0.8047073806746385
71399,0.6722883081084033
71400,0.5625365762749381
71401,0.8134615904770834
71402,0.21513545772602505
71403,0.24332496975639642
71404,0.2531323394431944
71405,0.06625082781559748
71406,0.8031813914198086
71407,0.37242888791288764
71408,0.648200817969648
71409,0.5458015940210544
71410,0.7314031530108764
71411,0.7422772485979091
71412,0.04992533847386145
71413,0.5379223256011623
71414,0.3881207356849168
71415,0.6203509864753992
71416,0.7824624503882448
71417,0.76501412491643
71419,0.366494911307638
71420,0.9935245126651328
71421,0.33776498943875816
71422,0.21049582945350687
71423,0.8900967610884534
71424,0.4049406402637522
71425,0.2391970339471628
71426,0.19955080129019365
71427,0.47964332610827626
71428,0.4794976416257681
71430,0.7454918837301655
71431,0.11955697057339154
71433,0.35000996783632143
71434,0.5833103372202184
71435,0.04731444046655707
71436,0.050268627140147217
71437,0.21635746674415848
71438,0.49965535335824923
71439,0.1003011948344381
71440,0.4100689315561134
71441,0.6962308438408544
71442,0.23340775238713063
71443,0.871921664433579
71444,0.21268722131316226
71445,0.3262522373829887
71446,0.539261210272775
71447,0.2571648822411618
71448,0.34467405646123767
71449,0.04386826061565016
71450,0.5047604036782875
71451,0.5926473982884257
71452,0.2607404713991117
71453,0.2661051953608085
71454,0.7375214919008788
71455,0.6463022266111358
71456,0.20753056724005622
71457,0.8626034481976229
71458,0.5800078351048172
71459,0.7476383145125931
71460,0.8522981480023145
71461,0.6646101992113679
71462,0.23218758452471458
71463,0.41690921949530135
71464,0.12253073964719466
71465,0.04202779590957363
71466,0.5549917507662044
71468,0.5034213584842534
71469,0.34950165932297816
71470,0.21667635102013003
71471,0.057107420861624195
71472,0.5666359891696691
71473,0.18266045272622053
71474,0.69739286858915
71475,0.2630567544899505
71477,0.8027067157741963
71478,0.6892310339030353
71479,0.5087639114539785
71480,0.1384829001933852
71481,0.5348676097488752
71482,0.4949829334451864
71483,0.19046517923826428
71484,0.3140164019029692
71485,0.785136223418209
71486,0.05095634307830382
71487,0.5289765486726544
71488,0.32354387207478374
71489,0.9871245745332681
71490,0.058220789401938235
71491,0.05452393159026159
71492,0.2944249928904582
71493,0.48573242885065615
71494,0.3346643926334891
71495,0.42701723324985735
71496,0.19031439966468794
71497,0.3889803894251938
71498,0.7281564744905247
71499,0.04912331936398814
71500,0.40840792776401996
71501,0.1977876907874368
71502,0.3276175349794415
71503,0.8974439038081462
71504,0.10711381402658882
71505,0.7100903640090517
71506,0.04393764589252876
71507,0.6569046084220722
71508,0.8635027365225888
71509,0.7272870650777458
71510,0.25708546919521075
71512,0.20203686361085046
71513,0.31197516788793656
71514,0.45641759965549644
71515,0.7365233808092111
71516,0.299968576648891
71517,0.06127281712686107
71518,0.2770056035433122
71519,0.5325388285415387
71520,0.2220993945748113
71521,0.221365525796105
71522,0.1255765440346517
71523,0.2673625984639165
71524,0.030921969186797217
71525,0.2516894221926224
71526,0.29821549254844015
71527,0.4884459927626308
71528,0.6852526084935432
71529,0.031093205262157135
71530,0.4228984947554329
71531,0.6505655869541722
71532,0.6725301638107879
71533,0.42531467475859647
71534,0.5493078367467655
71535,0.46492664625625846
71537,0.351084588376216
71538,0.32203936753798074
71539,0.6539919734807524
71540,0.06602146611617109
71541,0.914732825024074
71542,0.7795308061884128
71543,0.22525352412559496
71544,0.05347895275812428
71545,0.8022409947883403
71546,0.03389882887498639
71547,0.031861951079626714
71548,0.7432115293294554
71549,0.105003202932373
71550,0.16659274563670431
71551,0.7988341960026836
71552,0.6811398525595217
71553,0.20855519996911007
71554,0.8018482631701969
71555,0.2591402284222295
71556,0.4284373930361578
71557,0.06201914930725992
71558,0.04130105109949888
71559,0.21530197463077816
71561,0.3966435002965897
71562,0.07668334302384691
71563,0.5180382244850101
71564,0.05772862912741152
71565,0.761239989594851
71566,0.2570461757816148
71567,0.3229022894194588
71568,0.2670511479979564
71570,0.27672636073402873
71571,0.031743660766331595
71572,0.13906535995397978
71573,0.4582384987854132
71574,0.2945519322894865
71576,0.12276254298864839
71577,0.86368283030447
71578,0.06112808878341214
71579,0.07627709338755947
71580,0.6992548694023002
71581,0.4438377377760001
71582,0.2502197920576997
71583,0.4208427619680475
71584,0.2293039938639849
71585,0.2681366352664069
71586,0.06491120591358021
71588,0.08700740447240402
71589,0.4358393255264527
71590,0.06888476895478068
71591,0.23349516692609526
72001,0.20824473215884381
72002,0.7659415171760735
72003,0.8892773341603438
72004,0.8528339599352187
72005,0.18828634485083343
72006,0.4185740166711553
72007,0.7403341213131491
72008,0.9012876191546636
72009,0.8681805626927844
72010,0.4938132102382163
72011,0.5711895734630714
72012,0.8763945650517145
72013,0.38306352205094735
72015,0.8894757239580561
72016,0.43577617662716794
72017,0.8793119168532247
72018,0.3357480976636307
72019,0.05606799693575617
72020,0.3068884747671793
72021,0.6562685257616926
72022,0.13844113049353163
72023,0.2873372150295588
72024,0.18200890717998872
72025,0.1383422217840759
72026,0.8004996315348379
72027,0.4341983033861318
72028,0.36228899919401886
72029,0.21821625917390947
72031,0.04879834847579609
72032,0.4508832265672494
72034,0.271064656135449
72035,0.38482139462500786
72036,0.24956443845014553
72037,0.9122266843888521
72038,0.048987954141489286
72039,0.379473299314168
72040,0.39761942643200693
72041,0.045331122115755434
72042,0.36971359390096936
72043,0.19289732112637914
72044,0.7672316955586921
72045,0.22250033237276334
72046,0.4889928337359682
72047,0.19184553500196552
72048,0.483631108013986
72049,0.03794163252161626
72050,0.05946222886253969
72051,0.7623975135070674
72052,0.3199488619154823
72053,0.6253186341960961
72054,0.13616516685480257
72056,0.28635215090035043
72057,0.4641558721724143
72058,0.2509491880691985
72059,0.728220788101684
72060,0.461186815751577
72061,0.11685171416563142
72062,0.2784889398551572
72064,0.3215143190159159
72065,0.3174931832182828
72066,0.8565451571518579
72067,0.04650138231332421
72068,0.49673456364787083
72070,0.04906228539837488
72071,0.05698596309442786
72072,0.5561235712453451
72073,0.1706947727572982
72074,0.047008553216104865
72075,0.8574181896752324
72076,0.25878660820450816
72077,0.5655580779417138
72078,0.13172352473745894
72079,0.2055594768240914
72080,0.055469152247513746
72083,0.4311428127489937
72084,0.7872929444060094
72085,0.25936624132806674
72086,0.41595426577029704
72087,0.25223004326386717
72088,0.8283688881151791
72089,0.7567640924393113
72090,0.04784261697984883
72091,0.8002091180351034
72093,0.04192809806203424
72094,0.3564440272528455
72095,0.24786672911210547
72096,0.14307660290270577
72097,0.0
72098,0.6225160434758096
72099,0.8644659796083891
72100,0.813890351720921
72101,0.7824043409527588
72102,0.24836723173641742
72103,0.44489381733790184
72104,0.6133176162263
72105,0.03766417283519107
72106,0.4037362617729135
72107,0.8727638077070423
72109,0.10158073056028578
72110,0.1363491430411121
72111,0.17523587201055046
72112,0.3094329050936148
72113,0.23471465854722473
72114,0.3682030493802974
72115,0.06295684716143181
72118,0.44434853389862233
72119,0.8078193818148566
72120,0.10039692218110745
72121,0.6126936224179915
72122,0.040804210177061914
72123,0.8224413953836222
72124,0.0778960063731161
72125,0.1588866490824763
72126,0.044526739630428934
72127,0.2769714600919775
72128,0.13982028381693457
72129,0.13771494582183774
72130,0.17069280634476885
72131,0.788551761073733
72132,0.38702046818041114
72133,0.9080174588224526
72134,0.35638848218096614
72135,0.8095884993017348
72136,0.5004338194399394
72137,0.1767657693932284
72138,0.13956373046416817
72139,0.17301129890764488
72141,0.6946138720766826
72142,0.1457401944004369
72143,0.5516563372230009
72144,0.03165678534808388
72145,0.18794724678115804
72146,0.9259536174715546
72147,0.93908346176341
72148,0.410229229276456
72149,0.0523042021429057
72150,0.9408148767326041
72151,0.46974812710677205
72152,0.09895316072216556
72153,0.5029399963222455
72154,0.8813355155864219
72155,0.6549821309887257
72156,0.04128400859880825
72157,0.20689658042722583
72158,0.41186006049676077
72160,0.03795594683037595
72161,0.36740998821409476
72163,0.9225491494610883
72164,0.8476492821089855
72165,0.13221475000768743
72166,0.9120552145783865
72167,0.13163173654120158
72168,0.059250685057319764
72169,0.2458955996611776
72170,0.15894066300051884
72171,0.8861410887620643
72172,0.04669991232014308
72173,0.04044432718280062
72174,0.24605430651260443
72175,0.6584101289467675
72176,0.7478169546514377
72177,0.8107177691501282
72178,0.2634212059657496
72179,0.8523701972336662
72180,0.7470164040943246
72181,0.20206828252982453
72182,0.698932133229895
72183,0.36418674920573024
72184,0.07015431006690903
72185,0.8338147504185397
72186,0.25265101303472803
72187,0.04402407675506635
72188,0.6638966524637794
72189,0.23912366453919204
72190,0.2397261531720357
72191,0.03815338045971867
72192,0.7456675015286139
72193,0.06348577866737942
72194,0.03627828319623521
72195,0.73998443079649
72196,0.7779691361292713
72197,0.8183753690568376
72198,0.25906580409249486
72199,0.6152855151970666
72200,0.8736508644515455
72201,0.25144598957792974
72202,0.36213579059670886
72204,0.24429475728909106
72205,0.3333021606359729
72208,0.07061892242736542
72209,0.3532355719582456
72210,0.30683128994964004
72211,0.1477111424772846
72212,0.6135211446677523
72213,0.8946048886542609
72214,0.25497684600355547
72215,0.8131930661669065
72216,0.7648514174760063
72217,0.2162068815976329
72218,0.6152200700635899
72219,0.7710491357376855
72220,0.3798215734462736
72221,0.04332555975076458
72222,0.03482366096410419
72223,0.7334285907436368
72224,0.4997473675015873
72225,0.6636645041727278
72226,0.7456487000228792
72227,0.7780837918005239
72228,0.13417144718039392
72229,0.6428734746794785
72230,0.7323986920505442
72231,0.12516510921842192
72232,0.06607794940269851
72233,0.2962132478535504
72234,0.2694759800831978
72235,0.11098369787252495
72236,0.412174667058576
72237,0.9331465665476296
72238,0.5479618616151125
72239,0.4626463425977609
72241,0.14412651868369258
72243,0.3274464974443339
72244,0.06379346124207522
72245,0.3329462046992312
72246,0.5420047058516296
72247,0.26553254384526637
72248,0.5654557662160771
72249,0.20690738099822573
72250,0.17932469756059558
72251,0.1051099267584099
72252,0.6318419541686803
72253,0.8442104566991981
72254,0.16263464296261781
72255,0.3557001191471511
72256,0.256713416638196
72257,0.22432564958995926
72259,0.36498443677353504
72260,0.2577551380664665
72261,0.5533070499749791
72262,0.3071147103175666
72264,0.4855685367792634
72265,0.3926579394636028
72266,0.681299322523736
72267,0.3776615806139029
72268,0.5227152271575234
72269,0.2264588513219008
72270,0.7686257509151716
72271,0.5434460492393901
72272,0.15033198840656148
72273,0.7076264060519031
72274,0.7756917876069906
72275,0.12961272592850662
72276,0.45556691746520395
72277,0.6205206684303465
72278,0.05848827434541263
72279,0.28183937424592426
72280,0.30222376057638983
72281,0.3715336080602274
72282,0.550346358280691
72283,0.3886870493804183
72286,0.19472332339584641
72287,0.7161299947175754
72289,0.9424086521627816
72290,0.3118488644207357
72291,0.7815343465962921
72292,0.038719792207828015
72293,0.758029268867194
72294,0.5298925131052007
72295,0.7863046027022672
72296,0.060536054917775674
72297,0.2833859653548744
72298,0.37947778433388457
72299,0.06925488108778564
72300,0.12751066033455782
72302,0.05814353171940407
72303,0.35907998254058954
72305,0.5670087511568859
72306,0.5518951605629282
72307,0.44114015252678634
72308,0.32138446000034476
72309,0.5873302120424113
72310,0.30040955284461357
72311,0.05090249266003066
72312,0.8047918688480922
72313,0.2873543485422624
72314,0.497964586499941
72315,0.10911299814808831
72316,0.38368333935021404
72317,0.77724645924645
72319,0.9433322774859227
72320,0.41605296946325093
72321,0.5363922369061664
72322,0.03184914756084627
72323,0.5920245466838181
72324,0.33733225097001546
72325,0.428632798798672
72326,0.6979056579494872
72327,0.4496951685119452
72328,0.20751044748332217
72329,0.15761168476136508
72330,0.7344123335116505
72331,0.054300275952939826
72332,0.32377055197418325
72333,0.5149794677286924
72334,0.17621325734095605
72335,0.8316222226798345
72336,0.6235964490204374
72337,0.546411278764618
72338,0.963485585181047
72339,0.2352995754194769
72340,0.8968587915668637
72341,0.685963983645135
72342,0.32727521429850853
72343,0.43230612239130234
72344,0.901946084053163
72345,0.651497302414539
72346,0.7593761340156703
72347,0.7444603535468386
72348,0.058657671009977964
72349,0.2839184335494498
72350,0.19422006547507467
72351,0.664124921784314
72352,0.5745181932564669
72353,0.03401041310894828
72354,0.6744765547257273
72355,0.8274009402736595
72356,0.416487936740561
72357,0.8018627689059158
72358,0.03581051726187991
72359,0.7650354692606007
72360,0.2297170824990542
72361,0.32583222574504267
72362,0.9128125809974588
72363,0.04079185211955007
72364,0.037981771062597314
72366,0.3772810218775789
72367,0.7516662500010275
72368,0.2934194875732746
72369,0.44493349639467583
72370,0.9169553399183091
72372,0.7795710074335592
72373,0.4082108198435668
72374,0.7703973198012414
72375,0.09269846443276313
72376,0.37260710698245936
72377,0.804771135261513
72378,0.44131038753675084
72379,0.05785687337061993
72380,0.09357597125849235
72381,0.877661631915053
72382,0.6039482826727572
72383,0.5874190416145034
72385,0.6552971857081409
72386,0.17128921856109575
72400,0.0
72530,0.0
72700,0.0
73001,0.3563243725318959
73003,0.40789229752140127
73004,0.8435570288805786
73005,0.8020281382362279
73006,0.4721224979820141
73007,0.2127018705866906
73008,0.5888021080028121
73010,0.3861295891406409
73011,0.5159722351413273
73012,0.333203843853966
73013,0.5567024042176311
73014,0.6162115635379632
73015,0.3564456224392418
73017,0.48695220362754355
73018,0.3995792022646305
73019,0.2563131040427939
73020,0.7672635809137356
73021,0.7364752962876021
73022,0.29334388466554506
73023,0.49406627313315676
73024,0.35648091529508746
73025,0.24426420143693756
73026,0.4266956293845904
73027,0.3117968483962649
73028,0.6578105946509315
73029,0.55837845905747
73030,0.5249245805440257
73031,0.5155062616131252
73032,0.4087319283137092
73033,0.8174176887343427
73034,0.716347153390279
73036,0.771097024065082
73039,0.23079568353701474
73040,0.3732465086882438
73041,0.26017119542291967
73042,0.7427456502014322
73043,0.43480028763847006
73047,0.9113814074947955
73048,0.3266295121870781
73049,0.322645988129435
73050,0.8231311522263711
73051,0.3852465230482383
73052,0.9012097382694212
73053,0.2048260098910377
73054,0.5129184888785691
73055,0.7540370624987369
73057,0.3269800124009729
73058,0.2875176433561921
73059,0.4646955890295792
73061,0.3736192757426566
73063,0.37532287638366985
73064,0.5501159731708615
73065,0.5402370910024622
73067,0.14478877326441134
73068,0.2727257266211919
73069,0.2565849898977575
73070,0.21106689362284395
73071,0.830137119784894
73072,0.9079223773694653
73073,0.566285066697659
73074,0.15319999218495878
73075,0.8115245228492776
73076,0.7294298129540159
73077,0.48836121252221726
73078,0.9932142570464375
73079,0.30773308497276647
73081,0.7209052761935034
73082,0.39342276406506016
73083,0.1272602498499403
73084,0.4870191840703032
73085,0.636712629860792
73086,0.33634271087067497
73087,0.47535749086120105
73088,0.48547195031661117
73089,0.3209768379228055
73090,0.8106865390134149
73091,0.6373890964957049
73092,0.8833108541860146
73094,0.5246921815906458
73095,0.8606038690526375
73096,0.3755783349467403
73097,0.49116827877403235
73098,0.5972796494139894
73099,0.8095287284819371
73100,0.24827975023344487
73101,0.7640624580131967
73103,0.6234560813363935
73104,0.307573410828628
73105,0.7452103070888892
73106,0.7582738731235072
73107,0.9019989074756521
73109,0.15521922011518788
73110,0.41511517427698535
73113,0.3506465644470066
73114,0.4414417629415686
73116,0.39559648215498394
73117,0.5757254395199487
73119,0.6073428323460722
73120,0.26371950130141575
73121,0.40114289397767533
73122,0.273219919024253
73123,0.47103671929896374
73124,0.5893545245546673
73128,0.5187607299235772
73129,0.21248779601739967
73130,0.5291598994586367
73131,0.3237429398600034
73132,0.5139012321970282
73133,0.29120776687360045
73135,0.28571858717277526
73137,0.5484450709499984
73138,0.20021511892420918
73139,0.7867271511279065
73140,0.6949247174706135
73141,0.3386709477870033
73142,0.6707806041145732
73145,0.3342361458067409
73146,0.7183087741744874
73147,0.95225193206341
73149,0.7159919292265496
73150,0.6203612791651665
73151,0.43917020398747486
73152,0.33708204159903393
73153,0.5937599068435222
73154,0.42480254025702385
73155,0.6608861861627829
73156,0.8683335677574242
73157,0.555954373971032
73159,0.3375631181809481
73160,0.483734497181558
73161,0.3124088270531869
73162,0.3068633407921637
73164,0.48854733233971054
73166,0.2906990747381485
73168,0.31040728308281834
73170,0.4410077442144581
73171,0.4363854317208705
73173,0.3881079138357376
73175,0.891204746691325
73176,0.8121532916185794
73177,0.1889254030765803
73178,0.7171253973335283
73179,0.4555782727517862
73180,0.6830066318693623
73181,0.4888263471727538
73182,0.5909508740107247
73183,0.6662722152811517
73184,0.3597019329443686
73186,0.4277151270576732
73187,0.3966110779881033
73188,0.39969183459744556
73189,0.1444323158213619
73190,0.40438526841326045
73191,0.33267983481113816
73192,0.8214270179007496
73193,0.8228012712805909
73194,0.6456493835543928
73196,0.42361562239558054
73197,0.7458976927932032
73200,0.36125084909010197
73201,0.78182253164847
73202,0.3633966493468633
73204,0.2651443655493791
73205,0.2056744758621807
73206,0.8450614737981607
73207,0.7530286110688851
73208,0.5689680969085494
73210,0.9050134687046422
73211,0.31409958614652983
73212,0.8455016565964237
73213,0.5572986802461405
73214,0.26135023763433596
73215,0.7870535993906285
73216,0.37738531321080515
73217,0.8642651796456247
73218,0.6846510768417972
73219,0.3277447271861126
73220,0.1884640648169742
73221,0.12086743602100695
73222,0.47050333707216263
73223,0.6069725982693913
73224,0.175841711480163
73225,0.5509092314737432
73226,0.7654053085214187
73227,0.4723001012625921
73228,0.8784739582836022
73229,0.8057101648644398
73230,0.5042271940269734
73231,0.12310209453033294
73232,0.8034100934475485
73233,0.7860943862830846
73234,0.8364256041862618
73235,0.18661293522170433
73236,0.22637994470065967
73237,0.2925212003434872
73240,0.37834068827252293
73241,0.35128490546341323
73242,0.4252485469915565
73243,0.47081712208013266
73245,0.7968833936011828
73246,0.8790407946943944
73247,0.35667359868990806
73248,0.3625986459479991
73249,0.6085133754417772
73250,0.35111752953276837
73252,0.17651030485676714
73253,0.33915368263271767
73254,0.9233664255014374
73255,0.17269887314131108
73256,0.49093268599095363
73257,0.3626176659413187
73258,0.4214618655002121
73259,0.15422275780531514
73260,0.0
73261,0.48886946354415106
73262,0.4545904909356238
73263,0.9051560527702904
73265,0.4578746174234017
73267,0.4078063761243936
73268,0.40325886485961726
73269,0.8037179503649033
73270,0.3159991792641017
73271,0.9397596947585755
73272,0.18046177284444156
73273,0.7106102228283497
73274,0.8766578177134997
73275,0.7859411656453952
73276,0.3182595154041333
73277,0.8292806842648842
73278,0.14858558860138066
73280,0.5616325006735365
73281,0.4008570831017884
73282,0.9083685211196987
73283,0.36727456838337824
73284,0.3554232804805461
73285,0.6025691721615134
73286,0.6955282755585237
73288,0.4609452025450633
73289,0.8199952093765879
73290,0.6639133087801833
73292,0.6023151845269735
73293,0.9017966315619775
73294,0.4056951781707803
73296,0.943225778854507
73297,0.45089513533518605
73298,0.3636061257049703
73299,0.7160164630107938
73300,0.6049290023133348
73301,0.5208099619331197
73302,0.2788374279157094
73303,0.4759478123223521
73304,0.9092895699800524
73306,0.3196759138235121
73307,0.4251471045317781
73308,0.41775520754952933
73309,0.7645176359161304
73310,0.4195006798761711
73311,0.8309748631912652
73312,0.3593861290557996
73313,0.8757639395427771
73314,0.3027422459225732
73315,0.8680977899470708
73316,0.8651867545640908
73317,0.7010905706632463
73318,0.499700377138115
73320,0.3712727591021272
73322,0.5131763807145227
73323,0.8204197489946568
73324,0.3135057910136451
73326,0.38354782791533604
73327,0.5958884592528448
73328,0.6669073213761305
73329,0.48706363188441304
73330,0.692077462560421
73570,0.0
73700,0.0
74001,0.5028690192506795
74002,0.5333279470777048
74003,0.7970266020656542
74004,0.7951930953998375
74005,0.5755717867008919
74006,0.5924800834731855
74007,0.39258101084603153
74008,0.5885118335137773
74009,0.6600440038628974
74010,0.7356655046493511
74011,0.0
74012,0.6243069178521129
74013,0.6558999321919803
74014,0.3559599380126614
74015,0.9523891297738464
74016,0.41462194134851
74018,0.3803376857938553
74019,0.6410443855900899
74020,0.5922855507857795
74021,0.44965664003134354
74024,0.38906940456198563
74025,0.5444620881935854
74026,0.5576770623913331
74027,0.8109712452609893
74029,0.5370262972925971
74030,0.6141461089639
74031,0.3800994391597106
74032,0.7071131987514412
74033,0.6050345513035251
74034,0.626868001990925
74035,0.5214017273894831
74036,0.7570939668135482
74037,0.49461358941685907
74038,0.7671324629185439
74040,0.45331223952088834
74041,0.6354752917725394
74042,0.46497777300778015
74043,0.5657123515496196
74044,0.44401607101431223
74045,0.8639807489186342
74046,0.5623213693730144
74048,0.5772422227593942
74049,0.34441013195927767
74050,0.5248345279101149
74051,0.5722930840838061
74052,0.6202142814182561
74053,0.5417300270550954
74054,0.5089264259082917
74055,0.06885654115960946
74056,0.555094476312833
74057,0.6641228275534538
74058,0.6196489716218095
74059,0.6350181950396543
74060,0.8643447308467057
74061,0.5772879466517851
74062,0.6005301793152996
74063,0.5623452925373666
74064,0.36271568898311746
74065,0.48634024754831023
74066,0.9309385080581377
74067,0.6193203290883581
74068,0.10317036827289573
74069,0.2644907348351055
74070,0.726011101239063
74071,0.17780638090749498
74072,0.7856548319340317
74073,0.634482906778444
74074,0.1929426811851571
74075,0.6434792529027091
74076,0.5207580057890078
74077,0.15666588569845324
74078,0.5716615346496917
74079,0.7716465186242384
74080,0.6548270515537301
74081,0.4216571019014737
74082,0.4048397889654131
74083,0.4645824620120123
74085,0.8170643911347649
74086,0.6659230396577764
74087,0.4042170652371435
74088,0.6482757983352778
74089,0.43001784573968277
74090,0.3941932936992838
74091,0.48174349834432717
74093,0.0
74094,0.456543840935128
74095,0.7548716419335851
74096,0.5654545996961556
74097,0.4727033467062456
74098,0.6198401350192088
74099,0.6402404100518794
74100,0.41228567180516346
74101,0.2526535843065796
74102,0.7902563666388267
74103,0.4917355245843144
74104,0.8176930382907526
74105,0.7410460926849918
74106,0.5044674591333753
74107,0.6606286415874404
74108,0.8345280788521868
74109,0.12118054925148174
74111,0.8532089204061579
74112,0.6478599444645252
74114,0.5040261398639534
74116,0.6197338396847585
74117,0.9292161524322294
74118,0.4916861189999448
74119,0.8556210093347877
74121,0.7450811577253216
74122,0.3644045273999924
74123,0.7891413624289197
74124,0.38644502155650146
74126,0.5454859102324934
74127,0.5564267366449394
74128,0.41020631560998166
74129,0.6595225765789173
74130,0.06987925906723232
74131,0.5145519806503033
74133,0.5071492567730895
74134,0.5170395406622642
74135,0.8302724171706393
74136,0.6862900124140572
74137,0.5699765171206149
74138,0.5091213732088157
74139,0.5148988235720937
74140,0.5127101247997543
74141,0.8636794040689766
74142,0.5087136242630481
74143,0.5812551188136844
74144,0.2575730438305508
74145,0.6475842752008646
74146,0.6549058828292788
74147,0.8317967971925647
74148,0.8227620836138946
74150,0.5503120862746723
74151,0.7765735264539484
74152,0.5906027903937636
74153,0.5469169491188506
74154,0.7448011227446294
74155,0.7502021720979646
74156,0.5721705957795828
74157,0.5472703643718567
74158,0.5636679371575173
74159,0.37243928077627286
74160,0.5123927708141767
74161,0.5546451174448593
74162,0.3845615808734375
74163,0.5802261464218196
74164,0.3681403946038389
74165,0.5251875208701563
74166,0.6338942964973838
74167,0.8062601848170898
74168,0.7156276614773761
74169,0.410181913796556
74170,0.8112971912583672
74171,0.7377801672808669
74172,0.7668956169307639
74173,0.5170635079361319
74174,0.7427300990792354
74175,0.7787705197090159
74176,0.7702097309844623
74177,0.9284088745169818
74178,0.6539550268168666
74179,0.7409468621591255
74180,0.7307506433782506
74181,0.0
74182,0.0
74183,0.4166895560151272
74184,0.670776653144027
74185,0.4551700429721016
74186,0.6196553015436401
74188,0.3995074036432527
74189,0.349974196750071
74190,0.6446215895734616
74191,0.4368310347353226
74192,0.7816712880528196
74193,0.9215366903778883
74194,0.5296280796262187
74195,0.6614351675490646
74196,0.3731754781580219
74197,0.4473964047388604
74198,0.8387018498597447
74199,0.8223181353826704
74200,0.8315061832329009
74201,0.4461381478488177
74202,0.7873344779018402
74203,0.8478629553402274
74205,0.6845977099707756
74206,0.5082981988053836
74208,0.4075524392137155
74209,0.36446242187511674
74210,0.587497380032133
74211,0.3887414831151373
74212,0.28078846102731103
74213,0.6243733582190368
74215,0.44943981948526546
74216,0.36122651627089536
74217,0.0
74218,0.6628990780638071
74219,0.580018266085918
74220,0.38039749608544715
74221,0.4229633958590463
74222,0.6762888824723255
74223,0.4743256293206541
74224,0.6069688917080223
74225,0.6076240431196547
74226,0.7331402454875016
74228,0.6710105487312472
74229,0.5893989389486116
74231,0.8630185735427195
74232,0.845848650940507
74233,0.5388136165918709
74234,0.8729911313906811
74235,0.0794558455439174
74236,0.3698314314265904
74237,0.8391149718876088
74238,0.36208658624907275
74239,0.7120947821368977
74240,0.38899682226726906
74241,0.7698931040632755
74242,0.830579829768848
74243,0.454377211209752
74244,0.37851477224537056
74249,0.6431083519864005
74250,0.42106553097709004
74252,0.3503279078706351
74253,0.5549352252517995
74254,0.5500829713255467
74255,0.8776495057531806
74256,0.5213526304171173
74257,0.7223185921265416
74258,0.6352410188657428
74259,0.9049992339246796
74260,0.23013447551811791
74261,0.5378328722524253
74262,0.4035465214120201
74263,0.5465684988495132
74264,0.39757623261276503
74265,0.8431952839792894
74266,0.6045444923568755
74267,0.8065823673836429
74268,0.0
74269,0.5235296510732477
74271,0.8410241092828626
74272,0.5468747455501084
74273,0.6744788336711907
74275,0.7869154662139098
74276,0.4446790003855056
74278,0.3833836724838483
74279,0.7796621380567623
74280,0.7453673480320373
74281,0.6810256052799858
74282,0.5186724871931879
74283,0.6783166153840523
74284,0.7790570217823615
74285,0.10824969589813144
74286,0.579539476016359
74287,0.6131995818839276
74288,0.25209190279338667
74289,0.7499076792636464
74290,0.7191911515885827
74291,0.13279288998124172
74292,0.7280980467051222
74293,0.5857905214359054
74294,0.43159066210659663
74295,0.6627404619042547
74296,0.2889087493805108
74297,0.8570657493471011
74298,0.5480630100255719
74299,0.7598712363294129
74300,0.0
74301,0.7653744132357864
74302,0.6982949044848951
74303,0.5905565175919327
74304,0.7800641343863487
74305,0.5884877569962302
74306,0.6899014640931787
74307,0.6038310954303677
74308,0.6744620976453548
74309,0.3076425871076219
74310,0.5424374248913216
74311,0.7003793524525833
74312,0.3979409171550836
74313,0.9029797184459816
74314,0.2172565068062218
74315,0.8072411917606185
74800,0.0
75000,0.0
75001,0.0
75012,0.0
75014,0.0
75015,0.0
75018,0.0
75020,0.0
75056,0.911907181011807
76000,0.0
76001,0.24936091685755218
76002,0.23354759453163276
76004,0.6763633724509015
76005,0.7697352356198335
76006,0.5423080939211798
76007,0.7285307204812014
76008,0.6584715623413724
76009,0.733786159498423
76010,0.5511451426976253
76011,0.6947158332583894
76012,0.765522743221229
76013,0.6829207930977358
76014,0.8631247176294491
76015,0.14872737157717184
76016,0.5557835752994862
76017,0.870905681417284
76018,0.4846188160887124
76019,0.574114535603751
76020,0.932336249692215
76021,0.6555421041829079
76022,0.8896056205824875
76023,0.5985616993895396
76024,0.8593755350579513
76025,0.8513000334998618
76026,0.6834960442933002
76028,0.7066267381942031
76029,0.13993598423647627
76030,0.6243581484298225
76032,0.5939607488250792
76033,0.7313927577737128
76034,0.3885375023560572
76035,0.22844233946805365
76036,0.5253600625703738
76038,0.9418374615529256
76039,0.4144324308467673
76040,0.49294438629028353
76041,0.2741303813992975
76042,0.35108065554257767
76043,0.8310625164861678
76045,0.34823795943616936
76046,0.8854377129540867
76047,0.7088828617951021
76048,0.6889457951107028
76049,0.7976374288117564
76050,0.6265649882859411
76051,0.44040506096393606
76052,0.23494621669074506
76053,0.9100012291648105
76054,0.7740725629853061
76055,0.3811208121290894
76056,0.9591401413811799
76057,0.7348400878876814
76058,0.570256498960515
76059,0.674172752588884
76060,0.7473353010093972
76062,0.2465408492993842
76063,0.33732604661021764
76064,0.8508957825255871
76065,0.8132093220645417
76066,0.406410686460795
76067,0.47247211665571714
76068,0.6251904098414492
76069,0.8819640779861543
76070,0.8897005321545922
76071,0.6655755406652659
76072,0.5145248125722036
76074,0.6476091935894148
76075,0.4453732088962341
76076,0.6091438608959244
76077,0.497625684954568
76079,0.8178336923180962
76082,0.20163752382630507
76083,0.6427533411916265
76084,0.6094295790344757
76085,0.47752850788861406
76086,0.2948380586571642
76087,0.5140047057073182
76088,0.939305671544623
76090,0.2570808969300839
76091,0.7705966651146198
76092,0.826485826831801
76093,0.6062189919449852
76094,0.5202270064039076
76095,0.7540287684403509
76096,0.2879977837601657
76097,0.7512582976059122
76099,0.9430764627762553
76100,0.8640639840598003
76101,0.23641541621160778
76103,0.6738770608723215
76104,0.21572914810238808
76105,0.37572767801665813
76106,0.9089083590809056
76107,0.7812731441756723
76108,0.6448115977835159
76109,0.706573107828659
76110,0.76017150436348
76111,0.9074976107432314
76112,0.6171370780745477
76113,0.8810611200355111
76114,0.2586456352012267
76115,0.2671167328601641
76116,0.9675179948417825
76117,0.7948521542502454
76118,0.817618450038599
76119,0.2639092976219806
76120,0.748971712025985
76121,0.7146882638288231
76122,0.14337447107418444
76123,0.9779310469229782
76124,0.6850937952003299
76125,0.9672934530183462
76126,0.4811449516408209
76128,0.6213274951410591
76129,0.6948904378087716
76130,0.24271166825964738
76131,0.36044000455382025
76132,0.3122362674037841
76133,0.6364492890186931
76134,0.15592604082828465
76135,0.7265774331285209
76136,0.6369091847031542
76138,0.8573744929908145
76139,0.31485400987727996
76140,0.5407973390075332
76141,0.23378080809012758
76142,0.5381344481709864
76143,0.7109008198592192
76144,0.7018352354785325
76146,0.3602018104987107
76147,0.2909091819046309
76148,0.8436047198091483
76149,0.39105606948770755
76150,0.0
76151,0.1554080107361143
76152,0.5345935757202972
76153,0.42614567779693346
76154,0.5411325893183929
76155,0.5253869546057577
76156,0.521332681964354
76157,0.6748091203744602
76158,0.5237391618539563
76159,0.4485153086608899
76160,0.9839854566755002
76161,0.5854951138066855
76162,0.856052104044283
76163,0.8911479368061689
76164,0.7648250065475437
76165,0.9797815552750769
76166,0.8034310048905307
76167,0.914269845372151
76168,0.8603832177936906
76169,0.6903088715391261
76170,0.8510980440931156
76171,0.7178787587705796
76172,0.6156300881676269
76173,0.5243450082404522
76174,0.9794376131888316
76175,0.23240716259758562
76176,0.5461720322470089
76177,0.9888294917647895
76178,0.3854252576421427
76179,0.9504885981045147
76180,0.7090349638932582
76181,0.227851233839672
76182,0.2147876256532956
76183,0.6631195892934868
76184,0.5668302671371724
76185,0.8102347493800427
76186,0.6352064911339067
76187,0.690048560959755
76188,0.2509363658108769
76189,0.17136656129218267
76190,0.6045629012968979
76192,0.5050967949321041
76193,0.9050439513891875
76194,0.7521034265376592
76195,0.7188656455315421
76196,0.8787976131062347
76197,0.4561504779362396
76198,0.3085269589721044
76199,0.4426694776801106
76200,0.26385315005357474
76201,0.7025245916969416
76202,0.7597212214397768
76203,0.6592436887412481
76204,0.8472409733627829
76205,0.5252299441109886
76206,0.8411645002117013
76207,0.8296155458889708
76208,0.6881630954742104
76209,0.7536732834897826
76210,0.9151155774974337
76211,0.7495591058780249
76212,0.7444554562383895
76213,0.6072417306051353
76214,0.4752631550600429
76216,0.6757803533856526
76217,0.8405019326924091
76218,0.9201700913352786
76219,0.5206962982420679
76220,0.8230614072051295
76221,0.15847834638425715
76222,0.9337708246025174
76223,0.4218778687262468
76224,0.7459404595764478
76225,0.2559434111114753
76226,0.7120870232814237
76227,0.3336428177739989
76228,0.35599732837823095
76229,0.5860914079581262
76230,0.7376157901537335
76231,0.9627245913847263
76232,0.7551150707558333
76233,0.2292722661482719
76234,0.9401733225570477
76235,0.8072888219600347
76236,0.23121701595240202
76237,0.9546363628391709
76238,0.8772442969421719
76239,0.37848861441266235
76240,0.8102844046141989
76241,0.1224772155706484
76242,0.6874789599212375
76243,0.8538378226716922
76244,0.3078511174577093
76245,0.7595967967858028
76247,0.9560652575541931
76249,0.9101864531869103
76250,0.3789213708714758
76251,0.5132091852110233
76252,0.6030308664705262
76253,0.2494017161618379
76254,0.8533923115964408
76255,0.5536306299138243
76257,0.14668156212963923
76258,0.30015132424182306
76259,0.7902364110972365
76260,0.7111073214828842
76261,0.750677558292928
76262,0.1989241644465269
76263,0.4636192829852766
76264,0.36158287300329944
76265,0.3374047537376118
76266,0.5116405222489637
76268,0.7144475817366195
76269,0.28241974742663556
76270,0.8888549611732547
76271,0.9538188394457281
76272,0.4551156414965998
76273,0.7238246752309938
76274,0.8037970037882208
76275,0.9215350498825341
76276,0.7509139292092022
76278,0.14318971226590263
76279,0.22374350201659574
76280,0.729199086723642
76281,0.8343635992909348
76282,0.4148116297427044
76283,0.8775515883919249
76284,0.3237906180937926
76285,0.919739477068489
76286,0.6469889986557499
76287,0.6762945061136203
76288,0.8970795864784273
76289,0.8133169826838174
76290,0.39223517450188017
76291,0.7969629752944788
76292,0.6060721864418793
76293,0.5171694832600398
76294,0.5998818538309032
76295,0.6341412990967233
76296,0.4670939056568629
76297,0.80577236314996
76298,0.7232958688555062
76299,0.5915397948659499
76300,0.7525658506646923
76302,0.7932825017850784
76303,0.35737228209920796
76304,0.7551665295607639
76305,0.5222378293924775
76306,0.7327228270869199
76307,0.8702532792683987
76308,0.4263817863951862
76309,0.5156939496974138
76311,0.9788383336664577
76312,0.8117935609396475
76313,0.8644357602303271
76314,0.36398742475889373
76315,0.6576961430154847
76316,0.8731073048937108
76317,0.6987082622268307
76318,0.891935156940052
76319,0.36164867285078234
76320,0.6892176302986267
76321,0.8244848463725127
76322,0.7197709789321841
76323,0.3650678734979583
76324,0.7291141662700036
76325,0.30458283087858934
76327,0.6967247610245072
76328,0.29011979748182615
76329,0.7295495901559941
76330,0.7056487157241353
76331,0.9632552451780374
76332,0.6358793778637102
76333,0.6249352772611854
76334,0.6350814740155264
76335,0.33232721513568775
76336,0.14494459891585512
76338,0.768955146391333
76339,0.709039747756839
76340,0.5473445004184114
76341,0.9150468028915837
76342,0.23532230427620957
76343,0.6964504294276563
76344,0.1784928586880624
76345,0.9015806932821712
76346,0.5519247426695683
76347,0.2654931300320185
76348,0.22920986115309272
76349,0.7216201742806613
76350,0.37875608559186624
76351,0.9229051353022205
76352,0.4513663362333344
76353,0.5270577707920077
76354,0.6951912850515706
76355,0.8346529573815399
76356,0.6690980521815486
76357,0.9021724936003026
76358,0.6425538551775043
76359,0.716887945051222
76360,0.45557326783800484
76361,0.9261707584696303
76362,0.8224333906491573
76363,0.5547190384785535
76364,0.6367493361678606
76365,0.1778617932498763
76366,0.7039241418056139
76367,0.6002518552257562
76368,0.26289265149777535
76369,0.3503097693804304
76370,0.45488103750633635
76371,0.8347331524420022
76372,0.18651735646420547
76373,0.7361701878530832
76374,0.6451871014900542
76375,0.21358084969616548
76377,0.7325165237693914
76378,0.8144163122532635
76379,0.42124861813640374
76380,0.7047305938049693
76381,0.7920426131058598
76382,0.2574542470531956
76383,0.7751751825545635
76384,0.5529294859021681
76385,0.41014109217041395
76386,0.5910411795836352
76387,0.736088619495536
76388,0.8476458808435096
76389,0.46384908735265307
76390,0.6749180752689613
76391,0.3233343263217071
76392,0.700360227460297
76393,0.7201331703835956
76394,0.6867278796126768
76395,0.638711959983225
76396,0.4959292767176306
76397,0.4672197354344746
76398,0.8375883319083276
76399,0.23018096669563212
76400,0.7006050911177675
76401,0.7382855597680278
76402,0.6892450658144846
76403,0.48584233297012
76404,0.9056173313283975
76405,0.5514613074572563
76406,0.7683135132504648
76407,0.18473127291731786
76408,0.7716485810471156
76409,0.93463426760773
76410,0.731291308576964
76411,0.21340983864061128
76412,0.8897662575136472
76413,0.6633446554382713
76414,0.7502588214339972
76415,0.3075905177653968
76416,0.8300033352289946
76417,0.48895655335115934
76418,0.7620755244763975
76419,0.3665027580816289
76420,0.7619787514675841
76421,0.2813548559364836
76422,0.8247287257536827
76423,0.8474620441101346
76424,0.22854647485738386
76425,0.6399181181073724
76426,0.6941574879099931
76427,0.8556803669963613
76428,0.14360904681113973
76429,0.7849680025333522
76430,0.8516235324846035
76431,0.6655243689599022
76432,0.8916537590920134
76433,0.6689743384231717
76434,0.9777036929085635
76435,0.8275918539299011
76436,0.3352793748698825
76437,0.919814585594086
76438,0.6255674333684575
76439,0.22322043890070645
76440,0.6842863183812433
76441,0.1806270029818094
76442,0.6871204287878478
76443,0.7063763233218504
76445,0.8150342925841393
76446,0.6399806559944295
76447,0.8756315022456016
76448,0.9815411080180662
76449,0.7570288724527147
76450,0.6304258313678028
76451,0.6733279289220058
76452,0.7482832595837009
76453,0.6100298894862617
76454,0.18492682677858027
76455,0.46272589318519675
76456,0.3449724640866638
76457,0.3676113686706621
76458,0.8465842785214495
76459,0.40730311704100647
76460,0.19026899760691318
76461,0.31695804995343313
76462,0.35334202833723466
76463,0.7447809930767876
76464,0.9575261276287693
76465,0.29183463386176
76467,0.12265098649941392
76468,0.21669481100615032
76469,0.41620790726941675
76470,0.5959095447349053
76471,0.8523224966311914
76472,0.8351944772616209
76473,0.7719223254168481
76474,0.7106052167739477
76475,0.8681726017441259
76476,0.5741067664755442
76477,0.878470844462619
76478,0.8578249343479714
76479,0.22449319257068526
76480,0.1449240900209598
76481,0.9171734015029442
76482,0.6195343649690072
76483,0.8005160195611083
76484,0.4092966533311341
76485,0.45469764347533215
76486,0.35679719124315046
76487,0.8452843811005307
76488,0.5534990748720776
76489,0.4269519866856164
76490,0.7487125040747553
76491,0.28253092952890757
76492,0.6949845760030322
76493,0.38432954295416516
76494,0.27444912548157313
76495,0.7437602059347501
76497,0.45061699154719637
76498,0.7115300432286593
76499,0.5091349991723411
76500,0.15596844521049394
76501,0.8350751742278995
76502,0.5606470026466137
76503,0.7373755094346033
76504,0.14319992535061207
76505,0.7196366943001675
76506,0.8812454625187022
76507,0.5121809040668552
76508,0.8420964905806698
76509,0.6641274580911988
76510,0.5169987128534881
76511,0.1397238133363323
76512,0.6344869014059391
76513,0.964215331136929
76514,0.9673983893967999
76515,0.6921181684198683
76516,0.3422259400644233
76517,0.6708708529804
76518,0.2668811297607577
76519,0.7099921463706803
76520,0.7566321924235022
76521,0.798087836738603
76522,0.6969213458275071
76523,0.7033581656330573
76524,0.6891270541683657
76526,0.8685398144116363
76527,0.8343035980430573
76528,0.1812875777262195
76529,0.5792893246966604
76530,0.8478616870723883
76531,0.23214863020520876
76532,0.4087917263529359
76533,0.46622078512750287
76534,0.8728528221045866
76535,0.7240852094074344
76536,0.7105634229344693
76537,0.7650221234849719
76538,0.8741183816878504
76540,0.7083704105636867
76541,0.7266149062738883
76542,0.5606973430583395
76543,0.2047668932276757
76544,0.6963305078997871
76545,0.788942830990178
76546,0.6902731110801048
76547,0.5109509052097588
76548,0.8029793802521403
76549,0.7272776690786494
76550,0.3800639964094828
76551,0.40004982653932236
76552,0.9222050819349331
76553,0.7580866699714898
76554,0.8088477101980122
76555,0.6107842344443706
76556,0.7614165877376083
76557,0.6861281169157682
76558,0.8659300380098802
76559,0.8433174628798125
76560,0.9355492674522689
76561,0.43576597393549543
76562,0.6145583570463776
76563,0.3823524202555154
76564,0.6070415446064831
76565,0.7388396654859445
76566,0.939838425759769
76567,0.19491222651921825
76568,0.7677993620682665
76569,0.16702427539188267
76570,0.5045106228700046
76571,0.3482279640702233
76572,0.6402218534238114
76573,0.8074626608061111
76574,0.3744375686447505
76575,0.458729506644631
76576,0.2548999794590371
76577,0.8520500288529118
76578,0.9258792738012672
76580,0.6554428748332568
76581,0.4705863623775896
76582,0.8859833400998687
76583,0.9613382948348984
76584,0.20048198355847155
76585,0.826318421811716
76586,0.32326113965996733
76587,0.6413858163745866
76588,0.8315541644438387
76589,0.8450428973652464
76590,0.9166817463053663
76591,0.7065860153447756
76592,0.5862170188720304
76593,0.25384128768230635
76594,0.711499653533352
76595,0.8710441871038554
76596,0.42334937614436374
76597,0.6919460807532399
76598,0.7372723788416793
76599,0.7446596855218137
76600,0.772571209182435
76601,0.3472565668744524
76602,0.27214179649416387
76603,0.7589585823518818
76604,0.41633686224227906
76605,0.764420423951914
76606,0.22839546376181605
76608,0.8913756534452435
76609,0.8743944711970438
76610,0.48727697710912676
76611,0.32633315870026147
76612,0.6850824380793709
76613,0.6173498636814484
76614,0.9447464441916464
76615,0.9336382239577975
76616,0.8624813423235443
76617,0.7307425727256343
76618,0.5864828374434817
76619,0.4520038350536635
76620,0.2844347451506506
76621,0.29862889213895344
76622,0.8280623779127543
76623,0.7000675581153972
76624,0.8128314437630833
76626,0.9454464981777803
76627,0.6375059717975716
76628,0.37365234128889796
76629,0.668950624822188
76630,0.8253560343993008
76631,0.744558630937515
76632,0.5448449771851139
76634,0.9681327264532102
76635,0.5775397956481474
76636,0.6820065097004845
76637,0.7009139908872115
76638,0.5440036359057961
76640,0.9786691921088514
76641,0.6804890629650494
76642,0.582839358026558
76644,0.4957571351492834
76645,0.7869962374235978
76646,0.27845263008587684
76647,0.36921328426378947
76648,0.34526646545239004
76649,0.4818354142509988
76650,0.8349229463403374
76651,0.26102910762997944
76652,0.8674654414752457
76653,0.5293255800949167
76654,0.5187998219599129
76655,0.3141999105362772
76656,0.8973507778125019
76657,0.36492523520377906
76658,0.7536739943980898
76660,0.4070870309019735
76662,0.7442680912280454
76663,0.6881937301699778
76664,0.480088140188919
76665,0.6887552770762646
76666,0.7063595328323056
76667,0.5966726112014098
76668,0.35780120529834014
76669,0.7122314187299199
76670,0.7342144316142083
76671,0.8190118992363842
76672,0.7645725331085665
76673,0.8927184460535652
76675,0.4485178352299054
76676,0.7956496463127523
76677,0.13650050071903028
76678,0.79199079412611
76679,0.7229448168586021
76680,0.5961891327805952
76681,0.6884309877519706
76682,0.4150995442990401
76683,0.5890248173765191
76684,0.653737926968962
76685,0.70478874306261
76686,0.6774249240088303
76688,0.5860834585535942
76689,0.5686641907091947
76690,0.6806772195732267
76691,0.7405977806711286
76692,0.599225500823112
76693,0.8285313863761571
76694,0.6237116429029944
76695,0.5978447328850208
76697,0.832894508216099
76698,0.897947256084905
76699,0.7181739041161085
76700,0.2359639923737104
76702,0.8376942020141791
76703,0.6220396682682513
76705,0.48507580120663807
76706,0.6954631460325614
76707,0.6316209884873485
76708,0.7053029053647903
76709,0.813930219631748
76710,0.6769134275040136
76711,0.602370058421311
76712,0.8822606467042778
76714,0.3048203584302325
76715,0.8792706645734671
76716,0.8928334100160776
76717,0.39925802669220245
76718,0.30952776250139735
76719,0.5449703979367352
76720,0.7757552979949793
76721,0.37449550063726617
76723,0.5023638539762151
76724,0.19118918656591669
76725,0.26812399175971496
76726,0.8228011329776603
76727,0.6900238592165355
76728,0.7087063625355843
76730,0.7478200563771085
76731,0.6641480072076898
76732,0.5667775015436533
76733,0.3008047323746938
76734,0.8889756490865586
76735,0.16871339094018198
76736,0.5086007024533349
76737,0.29431123016756144
76738,0.4279939132862948
76739,0.5773496611476537
76740,0.6126478617660204
76741,0.8425040302945483
76743,0.7961205189923466
76744,0.14118954986374946
76745,0.7530394742442267
76746,0.629014019523403
76747,0.30980616946399775
76748,0.2913688773821126
76749,0.6104849045503193
76750,0.831352720890217
76751,0.2563025744602222
76752,0.3014679367724741
76753,0.9676773798650289
76754,0.7802583786991057
76755,0.6745323940134167
76756,0.427970960596372
76757,0.2310740473524521
76758,0.5328511057582208
76759,0.962698344646999
76800,0.0
77000,0.0
77001,0.18633294365991035
77002,0.5622430128110623
77003,0.7594936550708762
77004,0.93289065577226
77005,0.9825040093641955
77006,0.18412292673575292
77007,0.8316375382499811
77008,0.27551085719283913
77009,0.8103247374699024
77010,0.9295718201738158
77011,0.8723367764597915
77012,0.7928566244850903
77013,0.7148135912289763
77014,0.7172774731243639
77015,0.9084394529967393
77016,0.11021154440416661
77018,0.9112169595991919
77019,0.08354509803522359
77020,0.7924197359650178
77021,0.0950225260165862
77022,0.47697219374072536
77023,0.9973620549388649
77024,0.7726159569353039
77025,0.08564523173837033
77026,0.7490367176561531
77027,0.6021435765018691
77029,0.8586015007112355
77030,0.9093893002716584
77031,0.8573085484234737
77032,0.8780473863123047
77033,0.8694042514010558
77034,0.20402992143018078
77035,0.9296694599939872
77036,0.8851598499680711
77037,0.8940868436037251
77038,0.9514518170280754
77039,0.9516352903825841
77040,0.9279176774157777
77041,0.7223912057189865
77042,0.6719278861933102
77043,0.8061309118467109
77044,0.9591540126031216
77045,0.9055640151661964
77046,0.6815162012174213
77047,0.8620286592782027
77048,0.1644901169466792
77049,0.8475393133621459
77050,0.05766397533282401
77051,0.8726992563664899
77052,0.9428562399351585
77053,0.6954135022264291
77054,0.10173856838277487
77055,0.977266972992397
77056,0.7753032891606085
77057,0.7756967240527854
77058,0.8770007386769606
77059,0.8276722849619362
77060,0.6787532349107173
77061,0.10743186220562978
77062,0.9837558279609042
77063,0.974019671517942
77065,0.25629564899602175
77066,0.4486688238540896
77067,0.4427208420672002
77068,0.8797936051297379
77069,0.8577604881229905
77070,0.6657321256208183
77071,0.06669387335311318
77072,0.666720243611217
77073,0.7600364598051168
77075,0.9991620958323331
77076,0.8283793260629203
77077,0.9960008379665503
77078,0.2129148821615122
77079,0.7383524734992503
77080,0.8253066796732518
77081,0.28843624497366716
77082,0.193963368605076
77083,0.8069012393712924
77084,0.7806273069218047
77085,0.9110868146381033
77086,0.13994115374585214
77087,0.8339182804465858
77088,0.14596004888078687
77089,0.9271811098452453
77090,0.8837128797472599
77091,0.9891051642673221
77093,0.3933678690865593
77094,0.9990238288375077
77095,0.9990314081172966
77096,0.9040129698415904
77097,0.5570183737330767
77098,0.8839154483812096
77099,0.10390450496138144
77100,0.19647998550815524
77101,0.0979754985450813
77102,0.8980254952411516
77103,0.1839892156404498
77104,0.9872217495960082
77106,0.6641298057843037
77107,0.8993168765913571
77108,0.987131119030895
77109,0.7805247758057678
77110,0.9818562020900559
77111,0.9509433765007996
77112,0.86415653762488
77113,0.8255597122455879
77114,0.7862635060349816
77115,0.936604113761914
77116,0.5973557014489894
77117,0.7424947064800989
77118,0.9847719199874461
77119,0.910386298529223
77120,0.19393579774313252
77121,0.8209554411745572
77122,0.5563928273155868
77123,0.9427705794405917
77124,0.8945299663657977
77125,0.912715357347574
77126,0.9279264071356961
77127,0.998648641160232
77128,0.8959639741029217
77129,0.13004417826720283
77130,0.8464569218490672
77131,0.807672058137415
77132,0.9674567974352186
77133,0.09362720830968294
77134,0.9660702661646006
77135,0.8359126004857205
77136,0.9550544682376234
77137,0.8416779476326236
77138,0.8509019691293289
77139,0.9870193602375315
77140,0.9185386293662522
77141,0.9000401052462579
77142,0.8407582483520085
77143,0.9941878846374224
77144,0.9939696017186568
77145,0.2797360290429844
77146,0.7732603605996806
77147,0.8899955846796681
77148,0.9697188277882519
77150,0.999239301167514
77151,0.8259136393712075
77152,0.9481941197624224
77153,0.7731948047883943
77154,0.9777541963233786
77155,0.9949261659932327
77156,0.14917076871455853
77157,0.14314183965092622
77158,0.9753217911020275
77159,0.9076655932966181
77161,0.8514282373499165
77162,0.9016793960961935
77163,0.9487984134598585
77164,0.1047038502531724
77165,0.9909212622411864
77167,0.872898858606073
77168,0.8125323974559209
77169,0.7971551296015453
77171,0.9992002540092318
77172,0.10399234784537098
77173,0.9316849002251066
77174,0.803281173437651
77175,0.4594821235838609
77176,0.9691744102063153
77177,0.8446048959597631
77178,0.8132504961137509
77179,0.8068959513035722
77180,0.8121467033217821
77181,0.8634849273124897
77182,0.646542647935372
77183,0.36709078561964154
77184,0.8559393405931572
77185,0.24168703856424512
77186,0.17133854014804523
77187,0.6264831793886718
77188,0.9496389820144449
77190,0.9230693857546324
77191,0.9337349116947228
77192,0.8974779090465439
77193,0.9985837665566839
77194,0.11729727949768862
77195,0.2629504970350863
77196,0.9989916547542113
77197,0.8776619828667461
77198,0.7414565456680278
77199,0.831490356286654
77200,0.8033186158330833
77201,0.9796235316692454
77202,0.12264816596425891
77203,0.9965987866674832
77204,0.9461922459246208
77205,0.9988521441983886
77206,0.9709564095333871
77207,0.652974391530132
77208,0.8903324167165297
77209,0.8769838114137217
77210,0.11671890397801976
77211,0.9231463228252015
77212,0.07936767607332397
77214,0.9494971469280449
77215,0.9977726165461629
77216,0.13327291696287
77217,0.5387494756616624
77218,0.9194277943873184
77219,0.9724284414544717
77220,0.7986045670335474
77221,0.887001196947279
77222,0.9364723696863323
77223,0.9054101339804239
77224,0.9993495683569937
77225,0.8029539343484547
77226,0.7572727159500393
77227,0.8030248446243357
77228,0.7611559255662644
77229,0.9890412691006297
77230,0.8225806191154377
77231,0.9268550340526444
77232,0.9974993591647917
77233,0.9995275844235999
77234,0.9934884631612936
77235,0.2481935445853135
77236,0.8022977050996177
77237,0.8984657810191814
77238,0.7872773187362204
77239,0.7934960637452586
77240,0.5822784556619147
77241,0.9372178609636396
77242,0.8190302221855827
77243,0.9823879933252957
77244,0.12827111392493887
77245,0.10013238513970965
77246,0.7071957675011973
77247,0.4495564035534642
77248,0.9975989222643712
77249,0.8230409538131229
77250,0.8501886996519838
77251,0.6171598632546683
77252,0.36154496391969065
77253,0.3330256492670215
77254,0.9400386619682595
77255,0.9138062266829209
77256,0.7928374725676061
77257,0.9382844154981217
77258,0.7821008435232187
77259,0.7981947412265451
77260,0.8381894351293808
77261,0.9139971518569012
77262,0.6157860438716147
77263,0.8241999110486453
77264,0.9011696838136188
77265,0.17744790962508422
77266,0.12912181099657863
77267,0.9195434343757601
77268,0.9397430721130385
77269,0.3335951930416435
77270,0.9750413001152226
77271,0.9018506201992024
77272,0.903881110436823
77273,0.9291292641611291
77274,0.9966842732188795
77275,0.831228069695836
77276,0.8760665678000225
77277,0.9862764757837595
77278,0.6492310121445872
77279,0.10346884706282622
77280,0.9380990260575232
77281,0.9724784205629494
77282,0.561533704982754
77283,0.9401580492313009
77284,0.9945222312187496
77285,0.9537822298756006
77286,0.9013567512713997
77287,0.3651316175777911
77288,0.3886989129574975
77289,0.5721770527703886
77290,0.17241080386234028
77291,0.5861365267153512
77292,0.9984405986856888
77293,0.08517128743854613
77294,0.9398720475311297
77295,0.2825904704672618
77296,0.4478294470635626
77297,0.8642351788183152
77298,0.8950562123446969
77300,0.8076582936588966
77301,0.37611132158055294
77302,0.13363719335467233
77303,0.5316933626294046
77304,0.4228211369144486
77305,0.1432958489578514
77306,0.3667785182066862
77307,0.9259557419246967
77308,0.9363419203384831
77309,0.9990405351158856
77310,0.8150968575026634
77311,0.9191395394223429
77312,0.6788798069541939
77313,0.9788594516122123
77314,0.4613911537362136
77315,0.9335650667300899
77316,0.6901576888192468
77317,0.9380352974462113
77318,0.9957026888648512
77319,0.725119377909958
77320,0.9658934999412775
77321,0.8184683246736439
77322,0.47715433317823314
77323,0.8193822603083325
77325,0.8192148497896286
77326,0.37282454523979797
77327,0.9641378832938516
77328,0.7349440294027836
77329,0.09689108884439011
77330,0.8595732763256209
77331,0.894715773400403
77332,0.941678397410068
77333,0.17805824934044703
77335,0.9955502156204173
77336,0.992767824069566
77337,0.7984056052621887
77338,0.8472426394675499
77339,0.13001083875702882
77340,0.11629818727355949
77341,0.9263278280982111
77342,0.8848042409437743
77343,0.9469199947580902
77344,0.6716445176581831
77345,0.7881796510804717
77347,0.8105670979605132
77348,0.8346539825043434
77349,0.7539739123642568
77350,0.8264047641915381
77352,0.9449107825120797
77353,0.8931161665634799
77354,0.9915065722904074
77355,0.8328256325743387
77356,0.9123147355036652
77357,0.8061057335592614
77358,0.9936307093669067
77359,0.2903596006019155
77360,0.9766934851311514
77361,0.8605136036222002
77363,0.9837542337666341
77364,0.9993538781104112
77365,0.8483688102634948
77366,0.9992625911440869
77367,0.9084371793817411
77368,0.7869370494235121
77369,0.9973896604920177
77370,0.10686246119219188
77371,0.9700950444332621
77372,0.9812377664571633
77373,0.7680252781092648
77374,0.8440913319247805
77376,0.9990598463897166
77377,0.9974951092818496
77378,0.40960695089187876
77379,0.819746746135857
77380,0.9446182683823543
77381,0.9821253118304312
77382,0.8803018818765579
77383,0.9015442313951638
77384,0.43615943278849256
77385,0.9334790342246958
77386,0.15339517820627283
77387,0.07399373392881216
77388,0.7683469308361419
77389,0.925950835350287
77390,0.7545769657755096
77391,0.721329436402086
77392,0.7369287552466418
77393,0.8655618964037194
77394,0.3609510618470372
77395,0.7022254353959543
77396,0.9645408064186617
77397,0.7829012458898272
77398,0.7591175340248996
77400,0.7589607978463055
77401,0.16260923448221112
77402,0.8703002311174866
77403,0.7450998510258926
77404,0.7697779183712448
77405,0.7314425462547053
77406,0.9241929654971847
77407,0.3950687634321012
77408,0.8310889284332742
77409,0.10890562666224238
77410,0.331728971658039
77411,0.9357335618016642
77412,0.27305800981225714
77413,0.9159374929576732
77414,0.7947421357768855
77415,0.7886187049774773
77416,0.942464855949565
77417,0.9336009769603696
77418,0.7351920956626021
77419,0.8313293531579273
77420,0.9334204789394633
77421,0.4855875311286692
77423,0.5231402095512557
77424,0.32012519104741427
77425,0.21802928320832618
77426,0.17319232107209603
77427,0.9463624532885887
77428,0.9344879257029934
77429,0.7854322871475903
77430,0.6534638978505408
77431,0.14402465152671082
77432,0.6080151168698609
77433,0.6328412550145583
77434,0.8065426989692662
77435,0.3245275470704477
77436,0.6198534868768116
77437,0.9991731120268754
77438,0.8693513389970321
77439,0.8136652747705325
77440,0.27224621411339234
77441,0.7620924954454514
77442,0.7585026844335262
77443,0.8286409300540781
77444,0.3900519025110209
77445,0.46734719948844305
77446,0.8148142154334431
77447,0.983899919049967
77448,0.857655661580768
77449,0.9203038414586715
77450,0.7592626794482285
77451,0.2567495781398483
77452,0.8329328242755253
77453,0.22465059924754374
77454,0.7977430583306824
77455,0.9524030667106648
77456,0.7587606615864441
77457,0.997787746383801
77458,0.09648458980772019
77459,0.7341865830417986
77460,0.21773783471405292
77461,0.8267983942611042
77462,0.9389303630572169
77463,0.7311710269098589
77464,0.9846302064685019
77465,0.8558403335197267
77466,0.9794011688958523
77467,0.08719450715826851
77468,0.796680519261809
77469,0.8528285860341481
77470,0.9889097006442349
77471,0.7432720052606385
77472,0.899654946168607
77473,0.10814525593799781
77474,0.9985125241457439
77475,0.8716007020946338
77476,0.9270209551106086
77477,0.19428558446415448
77478,0.27393660016933535
77479,0.7935347388300136
77480,0.12019584398021792
77481,0.8948469253537061
77482,0.13079048277991684
77483,0.9964080778112959
77484,0.832479859600935
77485,0.12612712173156823
77486,0.8309902188955544
77487,0.9289353787636921
77488,0.0
77489,0.9150504970591419
77490,0.1783992757738259
77492,0.6786047488256886
77493,0.9233419256506467
77494,0.12345427099465842
77495,0.44978759376135924
77496,0.8845501148608527
77498,0.998623034399304
77500,0.9165744246363674
77501,0.8561358103187182
77504,0.8135379188814729
77505,0.8153041871640397
77506,0.8315315730972059
77507,0.9191477977616394
77508,0.8666500977008078
77509,0.9069579383455102
77510,0.8800526125658865
77511,0.8313168007923168
77512,0.7422373444677264
77513,0.9973608919067118
77514,0.944161639605488
77515,0.9990131050527045
77516,0.8531905862078044
77517,0.978365343840278
77518,0.8884110670954285
77519,0.8253930764221588
77520,0.13573671187698128
77521,0.8831396672750822
77522,0.6403335811295446
77523,0.9045797975719256
77524,0.8777779418678022
77525,1.0
77526,0.9715987116480584
77527,0.8015304450798912
77528,0.38456283013311815
77529,0.8634757892644942
77530,0.8148811375230055
77531,0.936617201891192
77532,0.7375089650422284
77533,0.7652659074816788
77534,0.939397483474805
77700,0.0
78003,0.08478439095025382
78005,0.9049100851781823
78006,0.9531887204719518
78007,0.6938990073567194
78009,0.10919353442106947
78010,0.4580774492214803
78013,0.9760155839295508
78015,0.8716538536347676
78020,0.9508470878671174
78029,0.4324450043089221
78030,0.3991762373136553
78031,0.3175647687170182
78033,0.39427627129431597
78034,0.7411514075959912
78036,0.7409421149635294
78043,0.7897289642868904
78048,0.5123144054452405
78049,0.42274118189218113
78050,0.7314458603081475
78053,0.6867221187549046
78057,0.49322410858319604
78062,0.7876235432772548
78068,0.6162002598589137
78070,0.35410782839863253
78071,0.07876556395166695
78072,0.962055202023325
78073,0.7313751688571247
78076,0.9533980106359252
78077,0.9095134360603792
78082,0.4442422573277898
78084,0.7185347148064337
78087,0.2558237605677931
78089,0.48414171567619985
78090,0.4313549324606303
78092,0.8431692694015537
78096,0.4770053101470605
78104,0.3053492084325346
78107,0.9990809671174434
78108,0.3533395529509188
78113,0.9364212287061064
78117,0.8591100165525372
78118,0.4977327339527839
78120,0.23671242333724823
78123,0.6826060746967487
78124,0.9754118222400017
78125,0.9304984032051996
78126,0.8400453828969248
78128,0.9398879128996835
78133,0.7150745025000401
78138,0.8760283110179165
78140,0.4506849690501235
78143,0.988154888117627
78146,0.9537925306557685
78147,0.5554620171147912
78152,0.9962847890940596
78158,0.8315495142245817
78160,0.9609850152715361
78162,0.37068724273986436
78163,0.9671421244064957
78164,0.14298098155023536
78165,0.6208636628431671
78168,0.529656207327903
78171,0.9526164506345026
78172,0.8908790422123062
78179,0.0
78180,0.0
78185,0.9585825854245483
78188,0.5031526285556918
78189,0.9791267739976998
78190,0.9600229829743846
78192,0.9560772057136109
78193,0.9607811168080319
78194,0.47729030195822375
78196,0.9947336511483446
78200,0.0
78202,0.9538306309768393
78206,0.4606851356017402
78208,0.574538090247732
78209,0.89814416647677
78217,0.3624464061000285
78220,0.43385609431296296
78224,0.7727734193376908
78227,0.8879493534721844
78230,0.378437743113566
78231,0.963223416091971
78233,0.5585572075797038
78234,0.9619001558723479
78236,0.9676379340121656
78237,0.9907121292228055
78238,0.44974306643610923
78239,0.32109530635827627
78242,0.6673243110874115
78245,0.4222984807722145
78246,0.8984084911763222
78255,0.46321131994071457
78261,0.8621502415062253
78262,0.7011316361786876
78263,0.4983601996210408
78264,0.5916138131693646
78265,0.6786427367201708
78267,0.3602299018490197
78269,0.25625251237084223
78276,0.9621892135880202
78278,0.9727793111265732
78281,0.37111390063774047
78283,0.9471973891300657
78285,0.8919202426481668
78289,0.6414358260645868
78290,0.4568391650077096
78291,0.3139860179628306
78296,0.3764113853494476
78297,0.779150365924139
78299,0.8704957554455697
78300,0.9686399227448582
78302,0.9769947126748767
78305,0.9928602058016621
78307,0.8596117938890049
78310,0.4860131597588367
78311,0.9770381152461961
78314,0.35443253280291265
78317,0.9612384776835619
78320,0.5452480106778718
78321,0.5028994279002741
78322,0.8704982452507416
78324,0.4537662735370193
78325,0.9726044209134341
78327,0.36100122032459286
78329,0.9198727711929846
78334,0.49825107216156955
78335,0.3671972242385869
78337,0.5172508747486024
78343,0.8589809396203718
78344,0.5001824751145342
78346,0.9985894053377709
78349,0.19815079940768407
78350,0.8311790240386471
78354,0.3570056122596688
78356,0.7026069106436493
78358,0.9460147483586216
78361,0.3677944563499179
78362,0.37702913730075
78364,0.9784332742179993
78366,0.7567561033171128
78367,0.945902466768388
78368,0.9921944319834144
78372,0.8207138133146985
78380,0.9745092670270462
78381,0.5001982373916731
78382,0.8754819407095983
78383,0.5288864104428865
78384,0.5460788163599527
78385,0.9990453429774968
78389,0.7204546583040757
78391,0.4580234145628205
78396,0.9530586307872413
78397,0.5557595611723087
78398,0.9770542636775318
78401,0.4092705189827616
78402,0.3423781160352359
78403,0.37125643168185557
78404,0.6130269904354894
78406,0.9842326864417995
78407,0.9701240364633914
78410,0.9658587038776781
78413,0.9989284511230625
78414,0.0
78415,0.9810046507191489
78416,0.9427417687439723
78417,0.9550915637222798
78418,0.9508666077025307
78419,0.0
78420,0.6963542072937032
78423,0.721957731261577
78431,0.502041255368833
78437,0.9689586550351257
78439,0.9611256064159679
78440,0.42789644367917296
78442,0.8220164708372558
78443,0.7712448454858187
78444,0.9990507877223328
78451,0.40191647057450774
78455,0.767728317193208
78460,0.8642713938115134
78464,0.23932395460817849
78465,0.6091961262287375
78466,0.5249522466906116
78470,0.19824343039824016
78472,0.1016419050774712
78474,0.9535003248206972
78475,0.9499719248925154
78478,0.09595972801679581
78481,0.9526630406072997
78484,0.44623237780051384
78486,0.3700674680841862
78490,0.5675672829400478
78497,0.24112814412834707
78498,0.692903770218213
78499,0.15417300009776921
78500,0.0
78501,0.345360829123148
78502,0.9565170095499461
78505,0.9580062894283217
78506,0.11553848476392319
78513,0.674468279202135
78516,0.9008208685881749
78517,0.3242717573565883
78518,0.6680193884905778
78520,0.5126050747779037
78522,0.19928082230893102
78528,0.4669439294719288
78530,0.9484390375781142
78531,0.45882256488262363
78536,0.9574210711322645
78537,0.1959157025571469
78545,0.6948016914529549
78548,0.9674004675069913
78550,0.8062112104118707
78551,0.8150056977296443
78557,0.8851302999222856
78558,0.46644256833372333
78559,0.9991294874289379
78561,0.5704000432713239
78562,0.6175517080849864
78564,0.10147043940013133
78565,0.9514194377324978
78567,0.43547414459346323
78569,0.1521088894349215
78570,0.0
78571,0.9242987694263359
78575,0.4618184946336701
78576,0.44934663417373955
78586,0.9754349857111654
78588,0.9793268954087394
78590,0.9545398384522057
78591,0.943737783552645
78597,0.29609824631368137
78601,0.11627068341637065
78605,0.5480091093778363
78606,0.9770663739917572
78607,0.0
78608,0.9989449936149862
78609,0.8759786196000011
78615,0.8276556893207024
78616,0.9753744368198476
78618,0.9534865246950329
78620,0.9844411888171317
78621,0.601502950059632
78623,0.7760914887764001
78624,0.5424699850016401
78638,0.8864661404710378
78640,0.888804207575196
78642,0.4545023980099045
78643,0.49527976685901304
78644,0.5768521304346765
78646,0.8122495290171082
78647,0.2915587175638414
78650,0.9517413403811662
78653,0.7353760495756138
78655,0.3653620860200383
78668,0.508845000334839
78672,0.5737204908017834
78674,0.72587171884896
78677,0.9526189696409766
78681,0.969908970232127
78683,0.7945668298576462
78686,0.8572179908225622
78688,0.6988455376240251
78767,0.0
78780,0.0
79000,0.0
79001,0.48756208893423114
79002,0.5271493978982947
79003,0.42826319596021245
79005,0.11519650714451549
79007,0.49193756293541935
79008,0.2549584023966046
79009,0.5437153944575678
79010,0.5989157462596097
79012,0.7591023774289518
79013,0.4861045245414426
79014,0.190723821480706
79015,0.20220899462604489
79016,0.10430167110997939
79018,0.897086004807449
79019,0.6344899449541345
79020,0.7783445281819086
79022,0.10757082563048619
79023,0.5030027430868247
79024,0.4837513920388761
79025,0.19449243346827746
79029,0.22619281080688278
79030,0.2517580450945575
79031,0.6481399125612837
79032,0.7843539003310387
79034,0.6107817947074132
79038,0.1584565984795035
79040,0.30273536622984293
79042,0.5078146527738195
79045,0.0
79046,0.47730097718547887
79047,0.1238011345646673
79048,0.3331583629597572
79049,0.23187889903261683
79050,0.1447567971683923
79055,0.30727302239273535
79056,0.31539956783518797
79057,0.38013907979700584
79058,0.8400726045820208
79059,0.5615591766910969
79060,0.17095805150800922
79061,0.24370328663370067
79062,0.5623942895773606
79063,0.505416073110537
79064,0.1057029809705513
79066,0.2905245636152601
79069,0.6053414631394336
79070,0.47592546682524434
79071,0.39495761921081934
79074,0.11071760615763962
79076,0.573644152671856
79077,0.5124464127631991
79078,0.33231810208629786
79079,0.14015613588792952
79080,0.24486379222497986
79081,0.45667736101905765
79083,0.7153230378488641
79084,0.45545482099516194
79085,0.2298404749360624
79086,0.36469821008089087
79087,0.43837741574536493
79088,0.18308184025675722
79089,0.48406164279109437
79090,0.20784012717308573
79091,0.14372687674606796
79092,0.7970433341216092
79094,0.6218993342473325
79095,0.12797252068777137
79096,0.1587007208635888
79100,0.5277274260368345
79101,0.8006705274430946
79102,0.6945474116897934
79103,0.4921608208137735
79104,0.44595674039590866
79105,0.8496396784114068
79106,0.5118685306351322
79108,0.5707434982990207
79109,0.42623971839075375
79111,0.19445782546638457
79112,0.5690153219392252
79114,0.6601935769004018
79115,0.45875722974867705
79116,0.16150169501563805
79117,0.8532058506209541
79118,0.6896806548759868
79119,0.6865953207597615
79120,0.3925098420627892
79121,0.3498191880968315
79122,0.6909613485579663
79123,0.5038679527032364
79124,0.8557100856293136
79125,0.5295973151182334
79126,0.8391245949872812
79127,0.5408024527882915
79128,0.40727132025645374
79129,0.33317781245189204
79130,0.4163750171816487
79131,0.15449935953584054
79132,0.44777899290388695
79133,0.3587204787572058
79134,0.11990721592296748
79135,0.2016959571345391
79136,0.10755379348423773
79137,0.4879038313035226
79139,0.7057377325331466
79140,0.708424044885914
79141,0.1224091733790095
79142,0.22320278897610715
79144,0.8425851747419194
79145,0.2346769443217797
79147,0.4375989979043437
79148,0.33017672513837953
79149,0.6415547367139465
79150,0.14570465830500304
79152,0.1214947216772543
79153,0.6845281271775656
79154,0.6490009340141946
79156,0.0970250390802389
79157,0.31426078675553404
79158,0.8539575737752321
79159,0.6985237365198967
79160,0.2663729457658033
79161,0.23941585082676084
79162,0.5609784858612437
79163,0.11448279904611189
79164,0.11050437570132605
79165,0.2259030458402686
79166,0.45697327518649844
79167,0.1207560259361485
79170,0.46413464534053167
79171,0.0
79172,0.3264273934977185
79174,0.23767561555463973
79175,0.13658587634117142
79176,0.39463544144536533
79177,0.13627477038278085
79179,0.44543903702982757
79180,0.13995671652485667
79183,0.40963506289925194
79184,0.7792836441147499
79185,0.2768216858258877
79189,0.34817898246471907
79190,0.5953840590221119
79191,0.5156459652766152
79195,0.17281684164506572
79196,0.12417262421769364
79197,0.36818640863934354
79198,0.9153134273825144
79200,0.6584938146428798
79201,0.3609810244270799
79202,0.3031607831301725
79203,0.7702982800564966
79204,0.3920762908155457
79205,0.7807441836144821
79207,0.13700617768998272
79208,0.20769060147492277
79209,0.14953225356466843
79210,0.1396996163907849
79212,0.11441879244407231
79213,0.22591726714760185
79215,0.4535121501228979
79216,0.38678785998935344
79217,0.2745266565297278
79218,0.6240073184699311
79220,0.4684253989662612
79223,0.6559272295998132
79225,0.8383725735284753
79226,0.566989248969738
79229,0.5488696749048526
79230,0.215662183952322
79231,0.3467544407289177
79235,0.4477522203555921
79236,0.49440944120856745
79238,0.6843770358901846
79239,0.20722606860726506
79241,0.3301842877597234
79242,0.5935616677303196
79243,0.11161587089162137
79244,0.3075747432483593
79246,0.34667492376994213
79249,0.4073256976510175
79250,0.6772733919967191
79251,0.11645638653853752
79252,0.2048225064900116
79253,0.6922088664340094
79254,0.6032250908442472
79255,0.5784397587223762
79256,0.5204046881922588
79257,0.5773132104410318
79258,0.35189679281847847
79259,0.3303959605320703
79260,0.0
79263,0.6618592193489544
79264,0.0
79265,0.3036171361636843
79266,0.0
79267,0.7274982894806427
79268,0.09616658778549499
79269,0.6671252307305956
79270,0.7792031209768562
79271,0.332637576316916
79273,0.8377916168487801
79274,0.8029836004872885
79276,0.7364639523045795
79277,0.19721393619363117
79278,0.5166169272670313
79279,0.0
79280,0.3604427684209106
79281,0.7267100287183533
79283,0.3433390923537399
79284,0.3909619053181326
79285,0.20119958563067686
79286,0.49078072711108267
79289,0.300301553342666
79290,0.3114871359343216
79292,0.0
79293,0.5644107411996843
79294,0.8557067404688322
79295,0.17984366629894155
79297,0.7652645239251097
79298,0.4674345836035053
79299,0.2725643216018388
79300,0.30064542366316444
79301,0.10157763445099385
79302,0.7400344919720231
79303,0.34329295406553456
79304,0.45315358557762236
79306,0.3888148432652136
79307,0.15063412666072953
79308,0.7411208030595899
79309,0.5724372583768579
79310,0.7966874810134894
79311,0.45053258595676443
79312,0.3200024464786012
79313,0.4212428815367734
79316,0.3758282713314253
79319,0.7383416161371258
79320,0.7874173425656422
79322,0.22284616077569708
79326,0.10986527126745346
79329,0.2911490400173511
79331,0.7898745043829477
79332,0.5431567662271107
79334,0.3425950597771014
79335,0.5816836041928931
79336,0.43081327892502697
79337,0.44601867899614656
79338,0.14245040201379663
79339,0.3859389493196103
79340,0.8707090744130861
79341,0.86685165470368
79342,0.39078829616114674
79343,0.34540971549984606
79345,0.34937071655483537
79346,0.6937997501211188
79347,0.23519549326274736
79348,0.2286369090294336
79349,0.852783316222892
79350,0.4198437508504538
79351,0.5954740941026772
79352,0.20785535373409378
79354,0.2320016640766083
79355,0.4277366522395313
79357,0.8601736047779304
79378,0.0
79425,0.0
79543,0.0
80000,0.0
80001,0.4103359902227579
80002,0.2498830443377231
80003,0.8727470192676177
80004,0.7575969026455057
80005,0.6596943278377242
80006,0.5516081723247469
80008,0.7196508770081484
80009,0.2851551369093687
80010,0.6681024107016357
80011,0.4218771045151167
80013,0.8703209786400995
80014,0.9789895887877673
80015,0.8656068522182818
80016,0.9355843532526291
80017,0.8609179855769423
80018,0.6410598158620677
80019,0.9129828861567731
80020,0.5912387305092568
80021,0.6051418366743694
80022,0.7056531030674802
80023,0.5194669805396924
80024,0.5175204193068944
80025,0.670402436747594
80026,0.8377760036673417
80027,0.9921060274705222
80028,0.8219541474143017
80029,0.7780563370267066
80030,0.2130847892086478
80031,0.40644996138959416
80032,0.8877052594554699
80033,0.40324708805196335
80034,0.5480421234725379
80035,0.383462747445463
80036,0.5974958910027992
80037,0.9671437183639155
80038,0.9594883610946235
80039,0.632666533676957
80040,0.7521738030551232
80041,0.7700016647979313
80042,0.6968326857877921
80043,0.7476212050369688
80044,0.5046398535589078
80045,0.8908897035821488
80046,0.9438168882598704
80047,0.8392957411937583
80048,0.8425727190072066
80049,0.8810846269119523
80050,0.5730247124535532
80051,0.8647792767564314
80052,0.9689998334236106
80053,0.9845327367468503
80054,0.2494003171682516
80055,0.5691281712417238
80056,0.9778273593720557
80057,0.7809786127100434
80058,0.9713345315820292
80059,0.8944984725435395
80060,0.7520287831070346
80061,0.23644406231863324
80062,0.28466696978977735
80063,0.6748916638793221
80064,0.39765697276780454
80065,0.7977315366456269
80066,0.9613031789261526
80067,0.4549474710258549
80068,0.6913276039823335
80069,0.8009572953872021
80070,0.7468318788538937
80071,0.5559763685034566
80073,0.926683331272812
80074,0.9860499861556664
80076,0.3585542418458211
80077,0.9527586514810589
80078,0.409126797728301
80079,0.8000676711095727
80080,0.3692900527732954
80081,0.951002697153387
80082,0.3606751942575639
80083,0.7930110323421056
80084,0.7376422235222442
80085,0.6408660350767434
80086,0.695910055205124
80087,0.22548428042592303
80088,0.6288125469674323
80089,0.6173121128262398
80090,0.32494917647627924
80092,0.48571914795675136
80093,0.8301641335910814
80094,0.5252103179931839
80095,0.8110727353726953
80096,0.6526598295069951
80097,0.9755161555518773
80098,0.32580329756818166
80099,0.8200279198054637
80100,0.27217440005024457
80101,0.23822036230430857
80102,0.24189378930579694
80103,0.9900599499322861
80104,0.24529706471888552
80105,0.9887544523398782
80106,0.37110323949703233
80107,0.49112822928999944
80108,0.695926649148798
80109,0.39636233390940895
80110,0.7399618588073053
80112,0.9016178510025525
80113,0.7294835923226533
80114,0.6004099621807794
80115,0.17766305502768662
80116,0.48642032289743714
80117,0.2133542243110602
80118,0.26272389579020866
80119,0.9834290306650993
80120,0.19962909410788904
80121,0.9806615337859227
80122,0.6342901068107965
80123,0.8502562492865913
80124,0.7167472006586004
80125,0.9815569630190744
80126,0.2088926699108611
80127,0.6430486749490028
80128,0.6160124629153574
80129,0.8555747593320513
80130,0.9914480689423342
80131,0.5169850233344063
80132,0.9507923988267554
80133,0.4915859362046305
80134,0.8240597727033104
80135,0.3928515732533154
80136,0.843901662002216
80137,0.8736395024885742
80138,0.964704431025405
80139,0.9867939099428991
80140,0.609380104806397
80141,0.7704687333300663
80142,0.9877647161657116
80143,0.6948443065866863
80144,0.9264685995661113
80145,0.2083438831604471
80146,0.8197990464936808
80147,0.34961375371868264
80148,0.6336394773929921
80149,0.3082035474480458
80150,0.8703342728306231
80151,0.9180125483221866
80152,0.21007407249947063
80153,0.7651077615328398
80154,0.8466286451318654
80155,0.2719829855677678
80156,0.562017741440634
80157,0.47051814145824794
80158,0.9816319262066043
80159,0.4354373926332674
80160,0.5641114651514358
80161,0.38198423787165914
80162,0.44059841336867855
80163,0.2877685154413855
80164,0.6080294331529608
80165,0.9523072020661362
80166,0.7971204079180102
80167,0.5815591934845002
80168,0.6001391155337217
80169,0.7788448077248816
80170,0.9031219901330022
80171,0.3868313289136751
80172,0.9236409738412309
80173,0.5665908798382893
80174,0.9039109162078961
80176,0.29565451423205064
80177,0.5717286802105398
80179,0.3377010236687614
80180,0.9483717035430395
80181,0.4503722778323481
80182,0.7550687880898399
80183,0.7814355779719101
80184,0.9721169391550004
80185,0.9828673409973644
80186,0.22813816002005874
80187,0.41760523073515393
80188,0.9373580951345343
80189,0.2899124615508073
80190,0.7613610556750989
80191,0.2517914837704723
80192,0.969821994600213
80193,0.9334785279200499
80194,0.9284320716670231
80195,0.9169008461137494
80196,0.88039616077786
80197,0.8752754955752668
80198,0.5655026227473776
80199,0.20302644465241773
80200,0.29697177207026976
80201,0.7776508313572912
80202,0.5463115000370729
80203,0.9525843602824773
80204,0.17488581391122898
80205,0.21385109214512216
80206,0.8717763081284267
80207,0.9724384660135529
80208,0.6576523535669118
80210,0.8384579835374352
80211,0.8774291091479258
80212,0.9090279048316926
80213,0.48725219095452965
80214,0.9118638102217899
80215,0.673795524752108
80216,0.8775495516126889
80217,0.9428105633143405
80218,0.45355308910052516
80219,0.8297384630579587
80220,0.8561786842541789
80221,0.6704390176273572
80222,0.22118309372137832
80223,0.29222168790852215
80224,0.9882846798277316
80225,0.966843423373383
80226,0.5639841992225276
80227,0.5005045357578102
80228,0.6891164310632628
80229,0.8291967302701548
80230,0.23960895005002578
80231,0.18885846847403862
80232,0.29805628695708736
80233,0.24528641562118136
80234,0.5343987742766142
80235,0.6248744074847179
80236,0.9827360354442105
80237,0.3497631076929507
80238,0.9015086363166027
80239,0.5954682202414888
80240,0.8553406203577865
80241,0.2076647680939152
80242,0.40736294747352786
80243,0.7907353964413664
80244,0.6174090929349196
80245,0.6624733306589944
80246,0.9758594553320225
80247,0.2625670464981467
80248,0.3713168797272696
80249,0.6715242576164071
80250,0.5377496449818584
80251,0.303322845041702
80252,0.9653780262381283
80253,0.7158062930606179
80256,0.46968503315346943
80258,0.9549288005898523
80259,0.7727355960729333
80260,0.2983104067883823
80261,0.7340660779505807
80262,0.40871825929544753
80263,0.26825597781263866
80264,0.8607240933483271
80265,0.5896409668194875
80266,0.8698773549945847
80267,0.5919417257776607
80268,0.4662213662580331
80269,0.8877481966994047
80270,0.6797422146760281
80271,0.9605395175916582
80272,0.6341340118692289
80273,0.4016143806126724
80274,0.9120890925762131
80275,0.9675162424642921
80276,0.7887178658438597
80278,0.45240869802273914
80279,0.9829347362604545
80280,0.3276690342040736
80281,0.6881951858102564
80282,0.8914008294443864
80283,0.9585085077137597
80284,0.913757363622669
80285,0.6554806381561017
80287,0.7910469564404957
80288,0.3516382933072874
80290,0.4844618555091105
80291,0.9572664260869617
80292,0.25058364365247193
80293,0.891229637167548
80294,0.8017552617714853
80295,0.9074704520896233
80296,0.22008293926248565
80297,0.9495765374589079
80298,0.20474479618218577
80299,0.9266218479660511
80300,0.6123696967598604
80301,0.796915695670376
80302,0.8921269312196743
80303,0.6878466222854328
80304,0.3095477175023561
80305,0.5877451062284521
80306,0.9886188000951605
80307,0.22189816906010318
80308,0.7712802282132325
80310,0.7402975813414467
80311,0.8607029952733433
80312,0.9726449725134815
80313,0.25845788110827395
80314,0.25359886645064394
80315,0.6022240617874084
80316,0.4252746555678798
80317,0.8422334880737008
80318,0.26673854273487324
80319,0.9790781860090592
80320,0.46361259940218863
80321,0.8767861231057913
80322,0.25824444489646353
80324,0.8566933052790668
80325,0.9392083038589452
80326,0.8172796240064076
80327,0.5011936080684892
80328,0.7616878930811223
80329,0.8566126009267246
80330,0.8481836773723473
80331,0.6053186194783066
80332,0.25198205626500125
80333,0.7449509303424179
80334,0.9912739291891869
80335,0.5654120173921302
80336,0.6345243985249657
80337,0.5594560258458368
80338,0.5780103950500773
80339,0.26624021040933915
80340,0.2322162989212463
80341,0.8853155233056297
80342,0.9900708399522533
80343,0.18854963592660703
80344,0.3343330302859585
80345,0.7876162217206809
80346,0.6774156423066902
80347,0.26812140839036513
80348,0.6716319472883967
80349,0.5450898384852659
80350,0.9775621729561628
80351,0.9584251481645828
80352,0.8555198337878405
80353,0.2631134340008328
80354,0.8309161364282123
80355,0.8406725947016455
80356,0.8452333818429704
80357,0.9679737955140846
80358,0.3954542432644498
80359,0.3009009580911864
80360,0.6872241981050177
80361,0.8282391336344013
80362,0.2547186917820936
80364,0.6647563717605223
80365,0.4875009125432443
80366,0.8921069579420924
80367,0.2139677859248854
80368,0.7556454170870365
80369,0.7439567578595312
80371,0.5128236244194335
80372,0.9177288762578045
80373,0.6777647133166228
80374,0.4980086128383378
80375,0.23814203110358315
80376,0.45261235951061596
80377,0.5223601784054911
80378,0.16367992072705984
80379,0.5954117873040229
80380,0.6272318810309911
80381,0.7301101996914903
80383,0.4246056006723358
80384,0.8619060000292285
80385,0.3215954845295621
80386,0.8600462505125407
80387,0.9702199751812768
80388,0.3137912863855419
80390,0.9119864464357499
80391,0.990437585225667
80392,0.5197778763898306
80393,0.298542390026811
80395,0.4558594626341281
80396,0.4882390755389683
80397,0.2611837377717166
80399,0.5747982680809999
80400,0.9886090054671632
80401,0.8998101448671084
80402,0.7877790369140305
80403,0.9627519876760744
80404,0.9717200024977215
80405,0.5225535438744129
80406,0.8671313381770113
80407,0.5499321262386573
80408,0.8343383514712112
80409,0.2507490804371617
80410,0.9366260866380013
80411,0.8986234087655178
80412,0.5569165603761799
80413,0.625581826044559
80414,0.4044552919605676
80415,0.38380216467257017
80416,0.23604186889572557
80417,0.9883998805265739
80418,0.17322730685577803
80420,0.9782589222286747
80421,0.2669592533601786
80422,0.2965300288706951
80423,0.8483267637621228
80424,0.6088401859205304
80425,0.8604374055550789
80426,0.9736079916269014
80427,0.5024121518474697
80428,0.20124288057761233
80429,0.906777521062235
80430,0.2577961728265887
80431,0.9871648849277946
80432,0.5466931068968758
80433,0.9897992101483718
80434,0.9703581110225789
80435,0.9535679155521327
80436,0.2616580121220517
80437,0.9065644114435346
80438,0.9714177105800867
80439,0.7795047344040134
80440,0.6737554938007511
80442,0.9294464747929588
80443,0.3121746794721763
80444,0.37635437512020997
80445,0.7530146711277733
80446,0.3282284355214442
80449,0.40461754582125453
80450,0.7159585398828182
80451,0.9010649030787705
80452,0.6825967632253047
80453,0.9886093792704557
80455,0.3640463759328599
80456,0.25184679254191694
80458,0.9809541238663805
80459,0.904696067022619
80460,0.3546150815928969
80461,0.5434772031014397
80462,0.6237268685592147
80463,0.4983675888066336
80464,0.709672408561526
80465,0.9873450799741494
80466,0.747190268321345
80467,0.2832609051155324
80468,0.9552922483567323
80469,0.5788124775596947
80470,0.8456733126753243
80472,0.16523414456799768
80473,0.27863683331091804
80474,0.9896153416422631
80475,0.976459692618297
80476,0.8725206057014966
80477,0.7111066106051956
80478,0.9881230965729765
80479,0.27340518072197784
80480,0.706329326694394
80481,0.5335227105239068
80482,0.33690778328338106
80484,0.6937486346827247
80485,0.6557536512044608
80486,0.23633217307877327
80487,0.9643167280871888
80488,0.7849811125719466
80489,0.6136173174809878
80490,0.8948529300368965
80491,0.5224579323455164
80493,0.8121050475078367
80494,0.9389910238983
80495,0.5557938543945979
80496,0.7912979357612993
80497,0.19755259133889577
80498,0.8730778390759635
80499,0.954652886013149
80500,0.6627550157204211
80501,0.6707056714618194
80502,0.7383358955120225
80503,0.48381358577287803
80504,0.9762464062057252
80505,0.8641114748380457
80507,0.5185703103689687
80508,0.9865893902716946
80509,0.23428112907888626
80511,0.9798152705218955
80512,0.42504225653407507
80513,0.864961816187221
80514,0.7963285305297825
80515,0.2554734013312839
80516,0.9678241318440759
80517,0.9907601776209962
80518,0.2928870269356385
80519,0.9828405324923295
80520,0.24553619217733996
80521,0.1795763502697447
80522,0.6846583379246273
80523,0.8973369649100883
80524,0.9898279860722349
80525,0.30165716320227504
80526,0.7797693424701166
80527,0.6550229953638792
80528,0.9561794365861
80529,0.9055183455867278
80530,0.9601190953950179
80531,0.9468206503567124
80533,0.6512073921557888
80535,0.9262097990004295
80536,0.7615758668986289
80537,0.730880788942991
80538,0.21000408276465632
80540,0.8066304346479638
80541,0.8736360924357502
80542,0.9883720178033087
80543,0.9079728652849868
80544,0.8141727723123016
80545,0.39579225922214256
80546,0.392989003911386
80547,0.8484863385150796
80548,0.5800879599161488
80549,0.8083669611431232
80550,0.962374327750387
80552,0.22465495150110196
80553,0.9106181582764288
80554,0.9725403803525489
80555,0.614174557682199
80556,0.7941284788543045
80557,0.584789603333656
80558,0.8392013170747509
80559,0.946855950062441
80560,0.8577939400481488
80561,0.8922631515588285
80562,0.9636715176373245
80563,0.447901471211992
80565,0.8810542669637886
80566,0.725286875856323
80568,0.9880204563857226
80569,0.9679515748802363
80570,0.4721252595133291
80571,0.9687915891688047
80572,0.9308645085294434
80573,0.22153292908542654
80574,0.2206376342494448
80575,0.602024510877623
80576,0.9867521500992543
80577,0.42617983849083235
80578,0.37037130227616744
80579,0.9295903382459525
80580,0.20893463444655233
80582,0.9106052339522169
80583,0.6994635306591704
80584,0.8049386630952049
80585,0.9880021778654108
80586,0.1806808510764914
80587,0.25482970629859286
80588,0.39505986593647474
80589,0.6756784173217353
80590,0.6029316256178572
80591,0.8526313504262717
80592,0.6307786856649531
80593,0.9141415769319493
80595,0.9525021440459166
80596,0.6452988385091112
80597,0.7505201506524463
80598,0.3066264717015069
80599,0.5017266878031711
80600,0.3471178022601803
80601,0.9786188051825871
80602,0.524563877642361
80603,0.7772086464265071
80604,0.27671038619632143
80605,0.9620350654241562
80606,0.8095894351735171
80607,0.9867180177722463
80609,0.7054608773774567
80611,0.6816665887826895
80613,0.5771697223483976
80614,0.737965602748502
80615,0.8766790446313389
80616,0.618096063041186
80617,0.25475731050281886
80618,0.7331928848603946
80619,0.7683060890475978
80620,0.2552096084604555
80621,0.22124562888359678
80622,0.8637817016481794
80623,0.8826305103123754
80624,0.9907284646158876
80625,0.9818210668598973
80626,0.9654121228103179
80627,0.5794285639385635
80628,0.3865984714988207
80629,0.6314065203875207
80630,0.34052369824685497
80631,0.5712927362699298
80632,0.6522255703588207
80633,0.27026247008030285
80634,0.9351021850540493
80635,0.3592002230583616
80637,0.41365623878276575
80638,0.9887481711184896
80639,0.5684396767529323
80640,0.9134115461709167
80642,0.6710647733397822
80643,0.9672747206493555
80644,0.9111353225729125
80645,0.9674554618590343
80646,0.2526811146351593
80647,0.2503818440982165
80648,0.8117625983430192
80649,0.5513802619202048
80650,0.539920238739091
80651,0.6799312776762588
80652,0.44653004503488586
80654,0.8627425509598046
80655,0.8946034440457051
80656,0.9612525847028083
80657,0.8512844927130462
80658,0.6466550377971731
80659,0.901818890095083
80661,0.919622415876546
80662,0.2444510506033658
80663,0.17662876564860014
80664,0.1770332565722097
80665,0.19782175441115876
80666,0.8588364074020028
80667,0.88984797489372
80668,0.9619995462232195
80669,0.9845123324449778
80670,0.9624446869654308
80671,0.8958219394073089
80672,0.9662673111924347
80673,0.923650577683371
80674,0.7823706349735189
80675,0.5288332642599579
80676,0.25775627559271147
80677,0.9737935949973322
80678,0.8890642558128562
80679,0.6339780103678697
80680,0.988944220885041
80681,0.9563678599297745
80682,0.49315228715547377
80683,0.9758015813804539
80684,0.9870370285686249
80685,0.3821600942983982
80686,0.9100733287404996
80687,0.8794442067267271
80688,0.26229518659388584
80690,0.9687623608930547
80691,0.29074690648426116
80692,0.41238902782775205
80693,0.9718481945173775
80694,0.9772318839394911
80695,0.17710855615757085
80696,0.6954060859238766
80697,0.7565691521690149
80698,0.3837573052054849
80699,0.7041990446864627
80700,0.7016078633324714
80701,0.6174525722293203
80702,0.6703122857487659
80703,0.23066673837358914
80704,0.9627196017441649
80705,0.8365016180640327
80706,0.19920245318106272
80707,0.7195341033401013
80708,0.3524351188899013
80709,0.8586620200787699
80710,0.29437396534064847
80711,0.20978930267518692
80713,0.7242966075699742
80714,0.6016363782841735
80716,0.34135201263317977
80717,0.6991456349727027
80718,0.4736293096951348
80719,0.3201662708845896
80721,0.7153358782750472
80722,0.42929125535235607
80723,0.9224972582139607
80724,0.6417305125321179
80725,0.6818036781387411
80726,0.9351458095928904
80728,0.3403225788226479
80729,0.9636727587562126
80730,0.46512159287910654
80732,0.6735437281677417
80733,0.8650268528929914
80734,0.8099202468035117
80735,0.9900294271129955
80736,0.9043829889026798
80737,0.9672997802036959
80738,0.8704857185871359
80740,0.977941733587377
80741,0.2768701765858176
80742,0.20881239625020187
80743,0.8443130615035048
80744,0.892672862575684
80746,0.8515514621701813
80747,0.9503109035644379
80748,0.9520113274297577
80749,0.5577887940145424
80750,0.6296300559754013
80751,0.49628955995160584
80752,0.5436805217602062
80753,0.8754165364020537
80754,0.4634483387021126
80755,0.959104130042267
80756,0.7445500941798409
80757,0.9670466013856152
80758,0.9772450149982501
80759,0.2368335572986676
80760,0.6486275608073121
80762,0.9673837656931652
80763,0.34307310872702446
80764,0.3336880868701755
80765,0.3090788712201037
80766,0.9152141906313419
80767,0.19155312121026372
80769,0.961726518705375
80770,0.7224053598112536
80771,0.9611319791561584
80773,0.9849738190700695
80774,0.5332392811187576
80775,0.7765955927048109
80776,0.901216142454639
80777,0.7980829101060306
80778,0.20924246042684347
80779,0.4919932843789468
80780,0.7401647375043457
80781,0.9896187986360719
80782,0.45517228932658454
80783,0.8185167896070316
80784,0.9243055505638686
80785,0.4786066304365168
80786,0.8947912577350192
80787,0.2131641658706477
80788,0.8783638861292007
80789,0.24456112860828408
80790,0.9871932657774195
80791,0.6243437986490702
80792,0.7956182599086039
80793,0.36641647931537547
80794,0.9747537096206509
80795,0.21575738007570774
80796,0.6398540171585791
80797,0.48241114878717584
80798,0.8784773524853023
80799,0.6130570814735712
80800,0.8455254426119914
80801,0.2631783391430842
80802,0.9583995691779699
80803,0.32308850277175444
80804,0.22347813957395468
80805,0.9124148098093356
80806,0.23519869193456172
80807,0.9537732088793056
80808,0.17546394224376602
80809,0.2929269013843607
80810,0.5125262717657847
80811,0.973766502448407
80812,0.6258863313729646
80813,0.8278305345257921
80814,0.9885619614865997
80815,0.2072488405322358
80819,0.8834599638811663
80820,0.9198146773591295
80821,0.8408027563507039
80822,0.9863791244253993
80823,0.4728452765116227
80824,0.9803709714405613
80825,0.8853291770300556
80826,0.7074641710744208
80827,0.7402954687355788
80828,0.8860222187484719
80829,0.6024223753330532
80830,0.3065359277585688
80832,0.729245476747443
80833,0.7844973045495272
80834,0.674448904659745
80835,0.8068499472537187
80836,0.39343919568103775
80860,0.0
81000,0.0
81001,0.43799896616636047
81002,0.5767628594392972
81003,0.45504613187859894
81004,0.6721680025704712
81005,0.39567739732911983
81006,0.4643789379035838
81007,0.3734040790537414
81008,0.6251202349635299
81009,0.4692853551285354
81010,0.501348571660837
81011,0.5214049922816609
81012,0.526180369563303
81013,0.8002847605399089
81014,0.3130836720626848
81015,0.5741618842802315
81016,0.8868690264523323
81017,0.4764382142286096
81018,0.4454449952502788
81019,0.4499180756601923
81020,0.5164553948544011
81021,0.6364976027210483
81022,0.5081886790085045
81023,0.32532985647420765
81024,0.7393479312183516
81025,0.5694209883279946
81026,0.6551221968880487
81027,0.665835691645038
81028,0.3713471123512517
81029,0.39248250711708577
81030,0.49152513043365065
81031,0.5450497125748298
81032,0.587515445803107
81033,0.4386247118667474
81034,0.6545341095030496
81035,0.45663814240366607
81036,0.5938928793842166
81037,0.4811937884385159
81038,0.29375559378274424
81039,0.7541977006040506
81040,0.48003256462473637
81041,0.5711965461078267
81042,0.6900065472436873
81043,0.5399429677743584
81044,0.6483247285856467
81045,0.447467816044275
81046,0.3150355957050989
81047,0.4478174240046506
81048,0.49121934411946727
81049,0.6812912686940176
81050,0.38167248119150443
81051,0.5861912426608723
81052,0.46494445735063256
81053,0.5976126536097488
81054,0.6684273738946822
81055,0.7354280544912862
81056,0.3550960021720047
81058,0.5122239867131345
81059,0.45688938615885155
81060,0.46818433329047116
81061,0.8333671621921029
81062,0.2644538665684312
81063,0.4498501227486898
81064,0.18455429086152633
81065,0.6016428816467959
81066,0.5986382398689899
81067,0.7560925512535013
81068,0.7031586970969955
81069,0.5434005510370066
81070,0.25690533859763803
81071,0.6718255600537796
81072,0.8002703631210222
81073,0.604868469312593
81074,0.48118827905037304
81075,0.6890079977918907
81076,0.4782358224720027
81077,0.2626991793567926
81078,0.6010574836807508
81079,0.7425051793107339
81080,0.689869950380555
81081,0.7695712233113742
81082,0.41999664272197434
81083,0.7272238403289063
81084,0.7295007665037703
81085,0.25762367195735647
81086,0.3660275750244131
81087,0.7410309233474479
81088,0.8335070131973938
81089,0.4844129552781202
81090,0.8229285856018822
81092,0.5305395095137898
81093,0.3973265592986852
81094,0.5074963961082198
81095,0.5180146256943454
81096,0.3948051917201173
81097,0.6529883733863213
81098,0.5510444903610815
81099,0.23546616804742743
81100,0.5544424752991582
81101,0.4544878416162912
81102,0.6918878532148482
81103,0.3375170976279123
81104,0.2534862184461779
81105,0.5561496417995645
81106,0.4303485489005916
81108,0.34171727102991717
81109,0.4981576808262589
81110,0.5778511196962338
81111,0.3309341963428972
81112,0.3845288586352253
81114,0.6921258132586231
81115,0.34729733183664135
81116,0.572686180479211
81117,0.5400382962809953
81118,0.5109809398685494
81119,0.7303554202303044
81120,0.5610510053717914
81121,0.3549294036963534
81122,0.17362849821346774
81123,0.7200877383119306
81124,0.2913942064106144
81125,0.36062414638688695
81126,0.6046764934608393
81127,0.47478596554475605
81128,0.571001175103108
81129,0.7746274436396451
81130,0.5793504039627987
81131,0.3742139409650695
81132,0.6854197493341583
81133,0.39744768431917177
81134,0.516651327953433
81135,0.583232761628095
81136,0.19271622412280784
81137,0.5689425507294068
81138,0.5695338338299017
81139,0.49587280695154734
81140,0.5373799409113649
81141,0.15059359592944396
81142,0.6469429003677727
81143,0.6634800524242344
81144,0.5448691421700903
81145,0.15084770972229403
81146,0.6090883068158751
81147,0.723672533442974
81148,0.36766101582543886
81149,0.2530359113905261
81150,0.2739754338203118
81151,0.5803328273958185
81152,0.7588523061802459
81154,0.30601375735070874
81156,0.4260977314927968
81157,0.5155021480631102
81158,0.22550068419748123
81159,0.5279348102297731
81160,0.7986655129116487
81161,0.26014991797995646
81162,0.4635200985784979
81163,0.505862716299064
81164,0.29507754808069164
81165,0.3470034696249577
81166,0.6821904698400347
81167,0.2701599425085796
81168,0.6340444678281684
81169,0.4643192569157481
81170,0.640530166779067
81171,0.21549331813852288
81172,0.1982868265218391
81173,0.6605472541921695
81174,0.7281224650554157
81175,0.5836919542823559
81176,0.627037587286193
81177,0.4772343308547517
81178,0.5024669274990432
81179,0.7364754345502027
81180,0.5830735483150526
81181,0.4918656058890408
81182,0.5230798079863549
81183,0.6801312635081183
81184,0.6273818448988022
81185,0.7733470595909804
81186,0.2983995109305899
81187,0.48432852456980635
81188,0.22924810793437106
81189,0.4362729205932047
81190,0.5955768335921995
81191,0.39964882935036855
81192,0.30627615546448755
81193,0.32802632778515445
81195,0.6086559237605578
81196,0.5865595156260995
81197,0.6818571545951444
81198,0.819409815903561
81199,0.7150415440165109
81200,0.5765156801662922
81201,0.19549573730465372
81202,0.27247816218396914
81203,0.31774949945025227
81204,0.5839255760296354
81205,0.4756469643283774
81206,0.24910171426748193
81207,0.48350327247083913
81208,0.2369556160261526
81209,0.5775740331056296
81210,0.5925395010185527
81211,0.7674691074838785
81212,0.5018294978289692
81213,0.5668527855783975
81214,0.842964330283814
81215,0.47262020897905094
81216,0.4539565751834799
81217,0.19054096527302222
81218,0.43192534365347196
81219,0.4918351304607447
81220,0.19397540844847236
81221,0.4310521934611857
81222,0.7447294117402827
81223,0.6500278317037708
81224,0.5455395252757315
81225,0.32261187434864474
81227,0.6035676555899306
81228,0.5925945710097843
81229,0.6911267209420883
81230,0.41191429761608717
81231,0.3554334011480902
81232,0.425000066311782
81233,0.46945309599952784
81234,0.24017638651286913
81235,0.7647783781969804
81236,0.6139966303187134
81237,0.6695167094281071
81238,0.4482693224818157
81239,0.3819239289500338
81240,0.3084891488617883
81242,0.6645132896536675
81243,0.496968829560526
81244,0.7300935091805798
81245,0.6134230087371517
81246,0.4971586911349552
81247,0.6802057297379791
81248,0.7159031665739238
81249,0.33605299107145425
81250,0.7186449991350334
81251,0.6496993326261282
81252,0.5117586470508614
81253,0.6506516461036388
81254,0.35032774126441235
81255,0.2531490400776431
81256,0.7218060164483214
81257,0.46998680339131577
81258,0.447586354448621
81259,0.7016556918257866
81261,0.2598842135598986
81262,0.5237509472165229
81263,0.7022774933020635
81264,0.49981118849416467
81265,0.25216977618959363
81266,0.640193974316391
81267,0.41561469323888905
81268,0.3183417415786411
81269,0.6740128273101736
81270,0.5861167663385529
81271,0.3292030879268169
81272,0.4937986163646471
81273,0.6221227549083272
81274,0.47287240034702077
81275,0.6690008461962124
81276,0.2541682669941586
81277,0.4218206584040854
81278,0.38344398025709425
81279,0.15315002244279166
81280,0.5225501025595994
81281,0.6534854480383206
81282,0.3953475488626217
81283,0.6685849365489798
81284,0.5372089562630076
81285,0.55025452330583
81286,0.6421388906907957
81287,0.748105630807848
81288,0.670308324667585
81289,0.687119950697202
81290,0.5752305904660501
81291,0.44531680666551987
81292,0.17278159716349234
81293,0.5864222420470657
81294,0.26264762811966175
81295,0.5313727566121863
81297,0.5084842184571383
81298,0.7706869832179991
81299,0.5267235843977773
81300,0.30957469775718194
81302,0.16456985158796325
81303,0.5653327821265786
81304,0.7245181681370172
81305,0.4811079016921212
81306,0.40576145495293336
81307,0.6154106217083092
81308,0.7111534570226254
81309,0.23321080219108584
81310,0.4636430640319952
81311,0.4261333340118065
81312,0.6731474893785815
81313,0.49869038498768886
81314,0.24937935655621069
81315,0.7229430348964334
81316,0.48927614806635594
81317,0.5742134207312242
81318,0.4429026329984083
81319,0.6997541504948223
81320,0.39548535630579745
81321,0.4794682703602461
81322,0.6773058642995636
81323,0.6026107070355634
81324,0.4745674092958715
81325,0.6447236805683618
81326,0.885276262408964
81400,0.0
82001,0.8923483216587212
82002,0.17468117189696666
82003,0.894007007948128
82004,0.10961217543592763
82005,0.7541101693245559
82006,0.07873228290590227
82007,0.07881778186532157
82008,0.09866210947013948
82009,0.9118140646851648
82010,0.09224895729817882
82011,0.855294743023086
82012,0.8328019934485469
82013,0.20024194531846393
82014,0.7874764018155072
82015,0.3432524231941451
82016,0.3333281166016864
82017,0.14913804472759998
82018,0.23920763532190245
82019,0.828532554619509
82020,0.6341610423470022
82021,0.11015087916438211
82022,0.17560316370039994
82023,0.5447303302303119
82024,0.2829999094707839
82025,0.2341602667428427
82026,0.16166963347648744
82027,0.1556177090282165
82028,0.15095554738424904
82029,0.48955479093405513
82030,0.13875084330730947
82031,0.14144048668351247
82032,0.39513402361337924
82033,0.19677232669080857
82034,0.2970844067933359
82035,0.15389717788060803
82036,0.0650323642583017
82037,0.11258076516943412
82038,0.2874860870687665
82039,0.4297640977868623
82040,0.5866848860697582
82041,0.34203546211266284
82042,0.2516363363547949
82043,0.7183102052806638
82044,0.23887814958030207
82045,0.5302085136802138
82046,0.9493179481182035
82047,0.076388646015613
82048,0.14281605577439738
82049,0.11976180281458033
82050,0.12196934230450424
82051,0.3473175642636309
82052,0.5976918713031507
82053,0.07029951750423885
82054,0.10946903758744962
82055,0.20685744737092562
82056,0.21139232639666955
82057,0.17463006263998088
82058,0.97788294495626
82059,0.07397564955555984
82060,0.44186406825127117
82061,0.23203176281375312
82062,0.6264569239396469
82063,0.4130751456579772
82064,0.3253837150386572
82065,0.10110888688409242
82066,0.8161769094322628
82067,0.9417078106575955
82068,0.07037064270053102
82069,0.4161372598504187
82070,0.188014458693688
82071,0.07626158747776822
82072,0.12056588026223489
82073,0.11527692146379974
82074,0.08718746534936471
82075,0.15533039791697342
82076,0.9298012744369674
82077,0.7079102807941484
82078,0.7977800363732808
82079,0.16460717356632426
82080,0.8503093140788256
82081,0.47200411147538424
82082,0.2596295184300207
82083,0.18568084953142724
82084,0.2899779462146903
82085,0.23360632798439376
82086,0.4910347336323087
82087,0.8395316905047758
82088,0.697772948188545
82089,0.12232642140219002
82090,0.18666675359918017
82091,0.18114513051637476
82092,0.053017147379916245
82093,0.4191134162577536
82094,0.13308200701145403
82095,0.5327170818801399
82096,0.898192096770371
82097,0.9418514919735868
82098,0.2030018878113634
82099,0.885892553708289
82100,0.31231939597653735
82101,0.18106042073750167
82102,0.05777701479845987
82103,0.06386185927536343
82104,0.17496264486495797
82105,0.5391100036441422
82106,0.06509679590765208
82107,0.8878704555911092
82108,0.8538062042126294
82109,0.1251950061409826
82110,0.9731291016681701
82111,0.28329253385036174
82112,0.11146437886397385
82113,0.7673511262349143
82114,0.7949794238609716
82115,0.4344463616012815
82116,0.12036410946573056
82117,0.18783944720037982
82118,0.4725181687184274
82119,0.058587182692966255
82120,0.9231645397834686
82121,0.37058173728297555
82122,0.28872351167734445
82123,0.15481456726650641
82124,0.22563087092579517
82125,0.15523104203637386
82126,0.06077747162116617
82127,0.37406147783274
82128,0.9085161893438357
82129,0.8981108283707588
82130,0.2933262186708292
82131,0.05191858785612474
82132,0.15975652546525665
82133,0.9435542058277998
82134,0.4887998978446185
82135,0.830890858674765
82136,0.8409232089691291
82137,0.45160511991872254
82138,0.41008354380507345
82139,0.14873645604857355
82140,0.925385838782804
82141,0.11920199564770054
82142,0.20429308164725343
82143,0.19434764331101662
82144,0.8551190734011332
82145,0.22062675277736887
82146,0.8869829245397273
82147,0.45057463628953
82148,0.825052719487332
82149,0.12498100324380652
82150,0.7855832560956157
82151,0.3818553881687601
82152,0.13653587409545212
82153,0.41674952749469496
82154,0.2627204802607156
82155,0.24782118720467705
82156,0.8841558312908347
82157,0.45001728592645635
82158,0.06674662151301779
82159,0.17424298207706618
82160,0.4216741541862638
82161,0.19156012576118164
82162,0.5553298510374132
82163,0.26158864638573714
82164,0.11464005249718752
82165,0.0982882524316338
82166,0.1118536700099926
82167,0.77934732472733
82168,0.3512662981005354
82169,0.14769492973839296
82170,0.4425685490541225
82171,0.9054651250602761
82172,0.33232686445395343
82173,0.4395630249818687
82174,0.10795948940467623
82175,0.8647753483749934
82176,0.8093396232028668
82177,0.09665722560802081
82178,0.8260431817161382
82179,0.1885583492885785
82180,0.34880408816493247
82181,0.707692627818132
82182,0.12074588772165042
82183,0.11333705552885927
82184,0.4332640352472595
82185,0.23969905595802507
82186,0.13623580163125637
82187,0.5583707893894746
82188,0.7399674561401257
82189,0.645870342119089
82190,0.7522238810766009
82191,0.38890553049702925
82192,0.8178416802928514
82193,0.31478332338949866
82194,0.7642574693228478
82195,0.9305574724246337
82200,0.0
83000,0.0
83001,0.46244983311366844
83002,0.1865868217728509
83003,0.4972060256168334
83004,0.3405000186956208
83005,0.21442947743916574
83006,0.6746259444331971
83007,0.39220960114908915
83008,0.35686330789159776
83009,0.4529105888127269
83010,0.3980985061487917
83011,0.5097309227249354
83012,0.6051978048708653
83013,0.31801132422171324
83014,0.28730176984981853
83015,0.2748118359298475
83016,0.4712666756051124
83017,0.8368385585245964
83018,0.691295211137275
83019,0.5244335124547879
83020,0.45950076452212013
83021,0.10341402497166212
83022,0.4228718288540948
83023,0.1502968654733149
83025,0.5901105811304118
83026,0.1255942634600819
83027,0.42843139079858356
83028,0.6408599007987955
83029,0.37088270477198115
83030,0.12449204189844786
83031,0.17948518515506826
83032,0.4891774317967177
83033,0.6910964843767071
83034,0.7108970965526995
83035,0.4099500957272876
83036,0.7784821323254997
83037,0.1319580173589453
83038,0.6356104029139695
83039,0.6601891642551029
83040,0.23174060658405346
83041,0.6971325001367566
83042,0.6296286890058957
83043,0.7186904080634712
83044,0.4276189387176459
83045,0.4686289674630106
83046,0.427732213536724
83047,0.6511781843384599
83048,0.6375157756363502
83049,0.796904959964896
83050,0.6840109195755936
83051,0.4814648809538613
83052,0.4212903522724893
83053,0.5313271452524924
83054,0.7720969498529328
83055,0.7386328833755463
83056,0.5840587962820659
83057,0.13379707698527651
83058,0.6120652121209906
83059,0.6358000564886869
83060,0.18557945007206292
83061,0.43077763123838114
83062,0.7857738250181521
83063,0.5255719373844846
83064,0.5458064183094601
83065,0.6750853698087589
83066,0.29193271527339354
83067,0.8304039304979205
83068,0.6149458671363853
83069,0.5515911629495299
83070,0.5710238979188987
83071,0.6280592999865822
83072,0.15823858970688695
83073,0.15579288446420303
83074,0.21429962841676897
83075,0.4175950640338452
83076,0.5619878859946853
83077,0.7755345066246558
83078,0.27327649105547147
83079,0.49849379636084323
83080,0.43446234150538604
83081,0.40790535835083
83082,0.4431083107134435
83083,0.4955931635378215
83084,0.2625195860054002
83085,0.2654689426416029
83086,0.295092198474002
83087,0.8249468144151398
83088,0.7061671228408061
83089,0.09951355250691789
83090,0.6286326934633438
83091,0.7838281034039066
83092,0.7105579587376728
83093,0.8215110965891571
83094,0.5945623223401607
83095,0.5362642088416595
83096,0.13117965290327324
83097,0.13910156437285512
83098,0.7132825306545496
83099,0.40976920966228947
83100,0.7320667768935281
83101,0.6822825442184934
83102,0.18546416127695386
83103,0.6996545845314073
83104,0.6877556457104941
83105,0.8335623578747398
83106,0.7023312957898625
83107,0.3585063423459938
83108,0.511617503273183
83109,0.35579756996853457
83110,0.5932047786509842
83111,0.6156008593997677
83112,0.4512239636926588
83113,0.1685983088647363
83114,0.6781469845173481
83115,0.794750089053598
83116,0.12985466308548613
83117,0.826823330739546
83118,0.8024014414490969
83119,0.7958582969343626
83120,0.8249697124033593
83121,0.36056249689475545
83122,0.27598476555660495
83123,0.52593740997153
83124,0.48385237251986296
83125,0.09920391325713439
83126,0.6411033686770804
83127,0.8511436693019294
83128,0.3769576039484757
83129,0.5628729673615138
83130,0.6864921762112697
83131,0.8409228376309317
83132,0.7302581916502962
83133,0.48043130704941867
83134,0.22257417381475325
83135,0.2839131971299669
83136,0.5317722722878474
83137,0.7340875752232975
83138,0.5016237182571606
83139,0.5418846718813367
83140,0.10850795529909182
83141,0.6240131280865288
83142,0.29997473189168467
83143,0.12331271991402916
83144,0.751173614381273
83145,0.2841331529989977
83146,0.12871071981113172
83147,0.26478749313282435
83148,0.2980763691344601
83149,0.5662652116782265
83150,0.22168620630947605
83151,0.11318820582643901
83152,0.776075784337887
83153,0.8935476496576041
83154,0.6234438307708929
83250,0.0
83270,0.0
83310,0.0
83350,0.0
83440,0.0
83470,0.0
83480,0.0
83500,0.0
83502,0.0
83570,0.0
83600,0.0
83630,0.0
83700,0.0
83790,0.0
83820,0.0
84000,0.0
84001,0.897892319363997
84002,0.476319673776429
84003,0.5787730646643673
84004,0.728218367141085
84005,0.17696940296853525
84006,0.45946386431077
84007,0.34774379849868675
84008,0.7604703846681198
84009,0.6157617367999695
84010,0.6138788375943064
84011,0.8647143216984734
84012,0.7067820032339628
84013,0.4274282919379151
84014,0.24690238361238692
84015,0.9272539797212636
84016,0.2698978307760121
84017,0.5567173075394467
84018,0.6802295021789384
84019,0.11453584743583926
84020,0.2436551724712598
84021,0.2958137042763076
84022,0.17256363084438664
84023,0.32134264685398106
84024,0.45439103723160373
84025,0.5457916709922389
84026,0.4330741889474336
84027,0.14247324791795823
84028,0.4837639289897981
84029,0.43841992818467723
84030,0.7040015558156321
84031,0.8094441781699476
84032,0.31733173620935523
84033,0.4592473212664717
84034,0.22613491444928785
84035,0.18008763417027882
84036,0.2581684327662912
84037,0.22985474211639265
84038,0.13443440155846326
84039,0.2734282119074619
84040,0.4571701470375955
84041,0.7262656956963561
84042,0.4294020377606632
84043,0.3051553456356385
84044,0.2188666544230557
84045,0.21735436725264642
84046,0.5882566351764572
84047,0.2828512239808664
84048,0.6919412762299043
84049,0.61531964173086
84050,0.3280448557296055
84051,0.4077462512230399
84052,0.635351972419515
84053,0.3284603273518351
84054,0.6792310863222555
84055,0.3114689627386697
84056,0.21740900462952095
84057,0.5170234103687369
84058,0.46135153086433034
84059,0.8295621692639844
84060,0.35750659063378215
84061,0.8659161592079705
84062,0.5733113860580035
84063,0.084359555096042
84064,0.08325025584353629
84065,0.4542743686569356
84066,0.36505801750396843
84067,0.7610491826326693
84068,0.4178506772846472
84069,0.5700556498608915
84070,0.7415717136444006
84071,0.48392836548473894
84072,0.665889820683436
84073,0.45333135106738665
84074,0.5613993790145532
84075,0.6904079395239646
84076,0.2758957959523739
84077,0.686759704057215
84078,0.12160934814132798
84079,0.21559491313540285
84080,0.8071520762089124
84081,0.28852737192480876
84082,0.6671041424012607
84083,0.20232410679064397
84084,0.4527797280775266
84085,0.7064679303126329
84086,0.4738835845186647
84087,0.21116318662694547
84088,0.7812708043400006
84089,0.40406856268119523
84090,0.6488653968438653
84091,0.15544651047579686
84092,0.3612864005342999
84093,0.5261682572704012
84094,0.27789492359655243
84095,0.40840854907821295
84096,0.37435333495060025
84097,0.2917880410130827
84098,0.1761810691496772
84099,0.504066340411043
84100,0.8523196039406024
84101,0.8593599180493622
84102,0.26715115259939093
84103,0.2932541702768918
84104,0.611993371760068
84105,0.3242664081675617
84106,0.724042729457509
84107,0.351806123751693
84108,0.8638327052123693
84109,0.8636467082466891
84110,0.312189912636263
84111,0.2559747261573811
84112,0.38100286886914453
84113,0.5807321291567995
84114,0.4210177542568814
84115,0.6920853899424061
84116,0.2365865100611634
84117,0.48837944762513696
84118,0.168137392685936
84119,0.28611295646889967
84120,0.2851758173386361
84121,0.6272485092084495
84122,0.6202090750486232
84123,0.22552980045109336
84124,0.8205034595467398
84125,0.2964666322316546
84126,0.5006242792210074
84127,0.803890398894946
84128,0.5684200249000209
84129,0.2859359783291817
84130,0.7666485036557409
84131,0.11211639507580302
84132,0.7071721122019071
84133,0.25089424638748997
84134,0.6875851789166705
84135,0.1333454278688374
84136,0.6999694924261305
84137,0.21998774106696176
84138,0.21897364669717365
84139,0.8688192927859916
84140,0.4289300674571735
84141,0.34725682359247995
84142,0.7922796384135437
84143,0.7428200678172081
84144,0.30451380625959995
84145,0.17923133608119662
84146,0.1978839007857454
84147,0.5645959887293482
84148,0.7108012735462912
84149,0.6606628322636783
84150,0.2423379893345888
84151,0.49815049713050236
84260,0.0
85001,0.7749268365361849
85002,0.9851721285899206
85003,0.7055197788490168
85004,0.6706816707935292
85005,0.6612725852259754
85006,0.6152714284277474
85008,0.5335825220287845
85009,0.12398447461116946
85010,0.41772010572235785
85011,0.9609017016598039
85012,0.9684787420176393
85013,0.8894483971889576
85014,0.651675411331062
85015,0.8973919628706871
85016,0.6185567669998064
85017,0.2755888621419624
85018,0.9675875015021563
85019,0.9073392677731752
85020,0.32452806798289935
85021,0.6413160625848069
85022,0.3383196486373144
85023,0.6654045516905656
85024,0.6313013213865185
85025,0.7746381839585393
85026,0.5435184274428091
85027,0.0
85028,0.22325694764425108
85029,0.7663762459279196
85031,0.6557803558420644
85033,0.6338318583463938
85034,0.05992080582486632
85035,0.9872665238500522
85036,0.3990943344254336
85037,0.5358379211475907
85038,0.17586754695404702
85039,0.7088790449057905
85040,0.6375884380648387
85041,0.6441998402230229
85042,0.04526613301627169
85045,0.9871622312047592
85046,0.5115938698077086
85047,0.7284868206764269
85049,0.03812119525596854
85050,0.44273204007375244
85051,0.08152055746968727
85053,0.49948489424915965
85054,0.7331857551808202
85055,0.7068113195748851
85056,0.7630832927433912
85058,0.38408421470955967
85059,0.8027470888080449
85060,0.0
85061,0.6895986129806074
85062,0.967735841635452
85064,0.13691277477701075
85065,0.3215486466014203
85066,0.6850425634121423
85067,0.5473747100635111
85070,0.7809419389851129
85071,0.6632113030424329
85072,0.2923545351745483
85073,0.05598329407625603
85074,0.6512243017795472
85076,0.6725487274396748
85077,0.42757269785994395
85078,0.5502526233461587
85080,0.12742234867376853
85081,0.7666893561967062
85082,0.8291323415927799
85083,0.9696228631976653
85084,0.1267974170496842
85086,0.5979234422756768
85087,0.649789107446139
85088,0.9730170515414519
85089,0.5380875324989696
85090,0.5409732854155684
85092,0.22704002962282713
85093,0.5723728577243175
85094,0.6137607004968112
85095,0.5977667524745793
85096,0.6588438334218716
85097,0.2970830315333425
85098,0.77298789541679
85099,0.7768062939289998
85100,0.9737231998583213
85101,0.3444406882614502
85102,0.7576389704253585
85103,0.7723716342953879
85104,0.43782920630432004
85105,0.5840431518681322
85106,0.9694542583268883
85108,0.13253982029423864
85109,0.3230587251043779
85110,0.6932576224802701
85111,0.48829929263969335
85112,0.9422904445105026
85113,0.8789055577804661
85114,0.7523988189711898
85115,0.7652893812117263
85116,0.41271553861670723
85117,0.38682673463127176
85118,0.6717622634233646
85119,0.7752665316222798
85120,0.9026796822832589
85121,0.1260580854154877
85123,0.20846247437285959
85125,0.7581435831151591
85126,0.14553514020049002
85127,0.43746736877990994
85128,0.08573464630068882
85129,0.8653441764890153
85130,0.5972419376629693
85131,0.37094357332019395
85132,0.5643905881879634
85133,0.5559042096293829
85134,0.825933700320544
85135,0.6061208356136967
85136,0.6406793980931779
85137,0.6237929221661835
85138,0.7809582475640322
85139,0.6953643514102731
85140,0.5882285430970218
85141,0.5638081274184891
85142,0.9274364351288444
85143,0.6112134366500682
85144,0.9444426873531002
85145,0.6509204695955126
85146,0.15239361035982688
85147,0.48015298432225106
85148,0.11410907012376093
85149,0.049321773665430224
85150,0.0
85151,0.2924936784764348
85152,0.7739728207922383
85153,0.8138866959808237
85154,0.5220475853670713
85155,0.8382035383341373
85156,0.38874427056655536
85157,0.6510444331966222
85158,0.5905025170303191
85159,0.05184151502809122
85160,0.5154858017642233
85161,0.5594082368058196
85162,0.2262072357539016
85163,0.9645360861880456
85164,0.968461827178555
85165,0.0
85166,0.0
85167,0.5841711944200824
85169,0.9285135026592067
85171,0.394579693171947
85172,0.9776983478733929
85174,0.1302200759616833
85175,0.0633841285821244
85176,0.5579673466887716
85177,0.11175253923721311
85178,0.751423660438695
85179,0.6688741845791291
85181,0.6483867765446208
85182,0.6642099398271268
85184,0.5580111889941777
85185,0.03687645435024612
85186,0.35896746850923245
85187,0.5335931111964973
85188,0.7684386055506269
85189,0.9696869502534843
85190,0.7432500130154519
85191,0.6610007829015199
85192,0.7830910815821696
85193,0.6805911933663629
85194,0.9991506457236609
85196,0.12127618008319224
85197,0.11297963452336997
85198,0.24378712069958217
85199,0.052825120043774994
85200,0.3761917094214198
85201,0.3619611927203978
85202,0.12887880874432703
85204,0.6090767010768463
85205,0.5875454729750642
85206,0.5740813196712563
85207,0.40042674031533
85208,0.8847640469843997
85209,0.04997196522955359
85210,0.7718426423393869
85211,0.7061216366759658
85212,0.0
85213,0.4192398026152463
85214,0.8969998625931054
85215,0.9075014797880875
85216,0.07104120592107296
85217,0.0
85218,0.7423719303644133
85220,0.768906153787952
85221,0.9655064874158266
85222,0.9844990323451227
85223,0.06647005246714567
85224,0.0
85226,0.9741010179849298
85227,0.5950288528112005
85229,0.5922448586567416
85230,0.0
85231,0.5565563224934453
85232,0.08779153483039076
85233,0.05878292399175591
85234,0.9868776800694
85235,0.746743064235089
85236,0.747089258038899
85237,0.6573263500864188
85238,0.19770099622037646
85239,0.969077176059475
85240,0.2528369358894233
85242,0.8388848585021638
85243,0.9896646694343694
85244,0.17119444342649648
85245,0.7898576510928712
85246,0.16224470910117816
85247,0.2502436350568171
85248,0.7140741462552862
85250,0.852838943487418
85251,0.5977199215645188
85252,0.6148850691388738
85254,0.4106255083220444
85255,0.597619744747272
85256,0.6395642151644169
85259,0.8163856436345451
85260,0.5976246806933405
85261,0.09146611249544691
85262,0.6646651163754282
85264,0.4530576112586406
85265,0.15447919673040741
85266,0.7642104560519499
85267,0.0359332367912672
85268,0.9695441189739813
85269,0.6717602659045794
85271,0.6408632182435919
85273,0.9683714510494751
85274,0.7889339514310696
85276,0.935054969774871
85277,0.34841259467757446
85278,0.727808272598245
85280,0.7433275913784655
85281,0.1275301670754725
85282,0.7005550905860024
85284,0.974052995168122
85285,0.8582658524673862
85286,0.6086849744839024
85287,0.5003783558470294
85288,0.7495363479571375
85289,0.6863832107574276
85290,0.054380568394618085
85291,0.5384523557193063
85292,0.6254513202007232
85293,0.7832536441720288
85294,0.9614802444432718
85295,0.746762681633923
85296,0.7218429391777444
85297,0.406813234018298
85298,0.8421474585137059
85300,0.6299782351004989
85301,0.23346399829987113
85302,0.2613545428642945
85303,0.5257693399300455
85304,0.5863001076522484
85305,0.6290188573136013
85306,0.7223514404653628
85307,0.0
85400,0.0
85540,0.0
85740,0.0
86000,0.0
86001,0.044188440006039276
86002,0.1489376127895045
86003,0.17219230566575647
86004,0.6242877236331061
86005,0.36169642679873804
86006,0.36282065258041973
86007,0.34453731976421836
86008,0.8157084083027974
86009,0.6496016719570905
86010,0.38070465124578506
86011,0.5135275457730177
86012,0.1158091331580299
86013,0.2481843277932512
86014,0.34021992560122627
86015,0.07051255605317283
86016,0.358252944793227
86017,0.341949121336363
86018,0.3408652208907869
86019,0.42065429603244975
86020,0.8032030060149289
86021,0.0
86022,0.3759456062791177
86023,0.6755368633417205
86024,0.4834345655476482
86025,0.2731913079452369
86026,0.5512324744979431
86027,0.43487003122591644
86028,0.3833829976489383
86029,0.1399086605833314
86031,0.6928701043027022
86032,0.8323450503236408
86034,0.18343660892180688
86035,0.5216155642891307
86036,0.35848710663516326
86037,0.18766816970380723
86038,0.1971085220369691
86039,0.1373845181666492
86040,0.6404609253945575
86041,0.4299565574625471
86042,0.14342354718294645
86044,0.8792870829232421
86045,0.2730299598240091
86046,0.3876775388413182
86047,0.9126810996518723
86048,0.36684903398263424
86049,0.346542589268639
86050,0.3535491413201856
86051,0.18896017689108366
86052,0.7117658169579542
86053,0.20874073091052534
86054,0.7246544580786646
86055,0.09568895250010867
86058,0.8629296778905811
86059,0.6571639675609573
86061,0.11093944770080605
86062,0.5526335188565865
86063,0.771181743587355
86064,0.45417035172909603
86065,0.3469904005142559
86066,0.4810193544985048
86068,0.14355377483458778
86069,0.2271337239026917
86070,0.39496112004592127
86072,0.8933809986088048
86073,0.3177395287030536
86074,0.7266509548553495
86075,0.10938144586036674
86076,0.3884063637201416
86077,0.11593671420205173
86078,0.21340950264352818
86079,0.28289586900598884
86080,0.43198426038751037
86081,0.3718070055497948
86082,0.16745366668891404
86083,0.6476072190168479
86084,0.12579752800158747
86085,0.204157839359828
86086,0.743077230819321
86087,0.09007904241021769
86088,0.7414400607938482
86089,0.10362392588792509
86090,0.7278230715394878
86091,0.3711594183498583
86092,0.22989386398606648
86093,0.24972306713187364
86094,0.10038790398060245
86095,0.48539175812967555
86096,0.6608519253574274
86097,0.5188358262924074
86098,0.3997870819900638
86099,0.24215127813641357
86100,0.535181858214497
86102,0.7369574476874928
86103,0.2823659700625187
86104,0.15528256387999081
86105,0.5437870957216298
86106,0.3609922691709726
86107,0.0631085287237674
86108,0.10385682668603952
86109,0.2558047446508951
86110,0.28400882474453887
86111,0.2987097670337609
86112,0.5969292298601538
86113,0.4794011317503639
86114,0.7148414104010274
86115,0.34094951793207817
86116,0.40183951065767276
86117,0.617649790345456
86118,0.338022369096302
86119,0.9382459099880989
86120,0.039609295168317855
86121,0.6612750032982436
86122,0.3696892085677347
86123,0.5570027406117668
86124,0.8156198295098005
86125,0.8595057881336507
86126,0.4071759392997297
86127,0.9167954209948316
86128,0.920205652109843
86129,0.6939225155677632
86130,0.8212498746995015
86131,0.08082653406223332
86132,0.2842790889215113
86133,0.583741189596787
86134,0.11612311690447027
86135,0.8869036402867727
86136,0.8498984526550651
86137,0.47050098860540385
86138,0.36198009707833895
86139,0.4174477195264306
86140,0.09581279212119805
86141,0.2396279148793292
86142,0.449383778552261
86143,0.7765602692911389
86144,0.5387954275333399
86145,0.3691224110167921
86147,0.3649990697647578
86148,0.46703466488929457
86149,0.2927310801045481
86150,0.5208321801278711
86151,0.2164416422313929
86152,0.09378228641026093
86153,0.07309011870458794
86154,0.103821693776556
86156,0.5451357048104851
86157,0.4176168404179037
86158,0.39122921707097175
86159,0.49429118899026264
86160,0.17722566835955522
86161,0.13977749354953944
86162,0.9043559132915591
86163,0.34319942070881987
86164,0.7754714928477489
86165,0.7029260659602908
86167,0.26500346779299944
86169,0.5041278599853114
86170,0.07914114965454233
86171,0.43105324905373116
86172,0.36214309071587136
86173,0.3400877163931679
86174,0.40537033727366767
86175,0.33839942153718355
86176,0.7319543455694297
86177,0.3915193058425136
86178,0.31830070185228015
86180,0.37207701539631727
86181,0.5409807964256654
86182,0.8261508390797901
86183,0.1711094997157783
86184,0.892533376444573
86186,0.25875787737030276
86187,0.3418463121988324
86189,0.09954540851822141
86190,0.061909820829903026
86191,0.6081227621914487
86192,0.049473292108219755
86193,0.9729353319678967
86194,0.47128541967016924
86195,0.14387714358566125
86196,0.41185936403403006
86197,0.5080268554948275
86198,0.61731318328417
86200,0.13011647611845417
86201,0.6237274867623183
86202,0.7218510665983111
86203,0.5235437305016728
86204,0.39603039547070396
86205,0.7980826086890421
86206,0.49732512289683956
86207,0.6182155004965042
86208,0.0
86209,0.8942892895455639
86210,0.5543698804027394
86211,0.7156119858313499
86213,0.3562488191598212
86214,0.4215242552284048
86217,0.856537348282015
86218,0.40669234247321956
86220,0.1750889455320123
86221,0.8879828048579982
86222,0.3361735663450927
86223,0.3619983889449683
86224,0.8833393500892326
86225,0.11424603275416785
86226,0.3416906356176535
86227,0.8228338035006686
86228,0.206254692592407
86229,0.4357706918947841
86230,0.30934916697610865
86231,0.13424118860875708
86233,0.09096992290950895
86234,0.35562468315761986
86235,0.2363713302204598
86236,0.5954323028422474
86237,0.18116987545498434
86239,0.7320094163426226
86240,0.0
86241,0.7363987922049974
86242,0.860644662484797
86244,0.28372923940806605
86245,0.7688167549298088
86246,0.39534231325380076
86247,0.1265435711829272
86248,0.5198620049447747
86249,0.6446560451613403
86250,0.5517526114055042
86252,0.5774378120641678
86253,0.408595781048912
86254,0.06280590987492497
86255,0.16693359841042227
86256,0.34301804688217913
86257,0.7798525034691374
86258,0.8794598924030925
86259,0.0
86260,0.6770794867313419
86261,0.3813925400927029
86262,0.07276109448754112
86263,0.42891743038419916
86264,0.8180136221581942
86265,0.8839129997812226
86266,0.8346874899033981
86268,0.1803916281929912
86269,0.35256320115005707
86270,0.2075412759128537
86271,0.2443284513122835
86272,0.30831612930156554
86273,0.28817952730790036
86274,0.41444862576399283
86275,0.32023930985520976
86276,0.3792442462178044
86279,0.29562542809603715
86280,0.260945489537048
86281,0.22173476649890173
86284,0.1999365242119828
86285,0.07931725553115943
86286,0.21556763046393843
86287,0.591028597128113
86288,0.7264909510748826
86289,0.4537982014655413
86290,0.8853552064470488
86291,0.35211558413354754
86292,0.7500787327143831
86293,0.3401506929662011
86294,0.7528442715897201
86295,0.13617003601745312
86296,0.1900301586145685
86297,0.4042877466647356
86298,0.8268433846446699
86299,0.6184457444292862
86300,0.3538657298453247
86310,0.0
86320,0.0
86330,0.0
86340,0.0
86350,0.0
86360,0.0
86370,0.0
86400,0.0
86410,0.0
86440,0.0
86460,0.0
86470,0.0
86480,0.0
86500,0.0
86550,0.0
86600,0.0
86700,0.0
87001,0.4054855952930139
87002,0.10887222775469822
87003,0.03051351919285936
87004,0.3720340108479706
87005,0.9559835045422117
87006,0.5956566178811807
87007,0.7589863300594482
87008,0.029910343593611426
87009,0.6407112908023765
87011,0.039034854016025605
87012,0.03733765320339952
87013,0.030844868632009755
87014,0.03060771634885715
87015,0.6104831137204879
87016,0.8326641027741221
87017,0.035934787606150605
87018,0.03839088911060164
87019,0.13653584103439312
87020,0.11575408375520742
87021,0.9936915010547793
87022,0.10452627034366202
87023,0.9733468288745002
87024,0.4421906309626805
87025,0.9911050082205946
87027,0.11903213245222477
87028,0.04053565180398133
87029,0.16992217752536615
87030,0.20508241695219484
87031,0.30474151950055434
87032,0.1832440485377163
87033,0.2856746791169825
87034,0.15316640097258064
87035,0.6576929868413494
87036,0.1829469821886718
87037,0.15390262798279608
87038,0.1404953808950656
87039,0.03195756657225673
87040,0.6067483410715427
87041,0.02918115710268447
87042,0.9181985824453615
87043,0.8552524322683396
87044,0.42278119009430976
87045,0.8284361824490618
87046,0.37959042045472774
87047,0.0832858531919363
87048,0.15071501943406093
87049,0.43096454443087207
87050,0.15522212747262898
87051,0.7018696725277027
87052,0.03189126751956148
87053,0.04508178178419802
87054,0.22571170071861354
87056,0.02999285097429522
87057,0.037241605000031694
87058,0.768153351365853
87059,0.03166986261585763
87060,0.1347342232342348
87061,0.03001243685733373
87062,0.9105932750642979
87063,0.11764260369652105
87064,0.3820229760964073
87065,0.17330649280612195
87066,0.3542764356337335
87067,0.03090319064059471
87068,0.03039982093447459
87069,0.031642073960225614
87070,0.9380378882039265
87071,0.31884157625182735
87072,0.032990612128159805
87073,0.3320336487465702
87074,0.03178002536894552
87075,0.44597755801416217
87076,0.8154573423446242
87077,0.8928054014117403
87078,0.18276854774925316
87079,0.905427248795373
87080,0.03401238653819831
87081,0.9472877004120739
87082,0.18140733417728297
87083,0.7184401772607852
87084,0.6313973515006496
87085,0.21399918284100175
87086,0.7336943665405754
87087,0.23924661463704572
87088,0.032958501808620484
87089,0.029158363993657427
87090,0.05267652787676283
87091,0.32750303250708074
87092,0.16848641934960137
87093,0.6068189141031208
87094,0.6721897591497392
87095,0.03238139612166899
87096,0.667292229587251
87097,0.03116323130528729
87099,0.7123074716019249
87100,0.905373682455999
87101,0.9016951825479377
87103,0.2965076325751522
87104,0.6415886203277729
87105,0.3684915658835324
87106,0.6197645927992862
87107,0.41614057617302386
87108,0.03997795285014493
87109,0.030570733640012095
87110,0.21837069697606917
87111,0.4429219091295586
87112,0.14118614861744574
87113,0.17404684028313896
87114,0.17980823851515704
87115,0.15351211570276643
87116,0.03959299177679921
87117,0.722694049999996
87118,0.40037753808192256
87119,0.07331249260602937
87120,0.03207552254756926
87121,0.03647622312451302
87122,0.05184024809991421
87123,0.6649119709829634
87124,0.2696534465907255
87125,0.13881996972722607
87126,0.14339189868607732
87127,0.42159659273159017
87128,0.03393693957205195
87129,0.9251088530126023
87130,0.6603350692285374
87131,0.1782855679205648
87132,0.36903174169773617
87133,0.030251726568265955
87134,0.3203948965479799
87135,0.7288753522998892
87137,0.35690997815408654
87138,0.8578992062818224
87139,0.029495991555868625
87140,0.29685945798872854
87141,0.9507949259051297
87142,0.8458193781763499
87143,0.2971517803627328
87144,0.062161190553542855
87145,0.05187858931904479
87146,0.03204418176133671
87147,0.8986304839104229
87148,0.10241360428481863
87149,0.029580932952169143
87150,0.7538646074482795
87151,0.08079204579246986
87152,0.367825065198424
87153,0.6875146209165984
87154,0.27920673633635285
87155,0.037894121206200136
87156,0.9440093427232494
87157,0.9385549955138274
87158,0.34821319059901745
87159,0.03512179495684394
87160,0.03435575339495495
87161,0.911023443582262
87162,0.3640298193999849
87163,0.02994419312081456
87164,0.23551530682881122
87165,0.20362238420694836
87166,0.5438825827968433
87167,0.91834778949199
87168,0.32540653475146397
87169,0.937431954097203
87170,0.7754115941665612
87172,0.03066468531647515
87174,0.937227671949984
87176,0.03418950293561168
87177,0.3547294084243009
87178,0.9370123727321074
87179,0.03085152688564941
87180,0.030320313565805404
87181,0.6939856058269209
87182,0.041057183165195715
87183,0.07178601743936401
87185,0.31292419193836657
87186,0.8360457717416689
87187,0.44188126319680315
87188,0.38690535956983657
87189,0.2893646953319446
87190,0.7841435102807204
87191,0.5197517318678732
87192,0.12620378680521377
87193,0.7558633100716182
87194,0.8727819362932805
87195,0.03090768397961999
87197,0.37538841437181036
87198,0.16107230346260787
87199,0.4961386530526483
87200,0.3243283927581385
87201,0.39233814406907314
87202,0.33311679584731363
87203,0.03885714147175283
87204,0.5896363287584251
87205,0.11605697387356115
87206,0.030429748801176076
88000,0.0
88001,0.10900546368323141
88002,0.7798396014915318
88003,0.05450247302032567
88004,0.25420764533613377
88005,0.939433199188926
88006,0.09164547476318403
88007,0.2642063640480327
88008,0.14604889521220493
88009,0.3588311969282311
88010,0.3966526417764462
88011,0.4828659739847578
88012,0.33386007314931604
88013,0.4233761779315577
88014,0.2453001625875893
88015,0.39389769228307603
88016,0.3615113041184536
88017,0.9560268863494453
88019,0.6646536126052556
88020,0.7971300000029569
88021,0.20516151336812335
88022,0.07209838620884909
88023,0.727953814963211
88024,0.1175862010218497
88025,0.8957307774068127
88026,0.36646671634148636
88027,0.3013215124239427
88028,0.33877760908172555
88029,0.2596903613497135
88030,0.04300164423141948
88031,0.08182166099150996
88032,0.2264854537326253
88033,0.23135470034728522
88035,0.8785224441219662
88036,0.5821570118182461
88037,0.46214488460780745
88038,0.09473944172443216
88039,0.06926999066742033
88040,0.36529914359648524
88041,0.8607417340487321
88042,0.8213208142098266
88043,0.8305533570240817
88044,0.4292824626925614
88045,0.49896953843533903
88046,0.2644953528616145
88047,0.084178811774531
88048,0.3821898575788276
88049,0.48111448715056077
88050,0.4004254675655519
88051,0.09485600618335695
88052,0.43037844661371794
88053,0.3177897541760739
88054,0.3398919200823083
88055,0.5600110301257054
88056,0.10149216881616976
88057,0.3457614192535168
88058,0.07277516291682505
88059,0.43198147573985696
88060,0.09939570237374445
88061,0.5532903342901443
88062,0.057747584755052817
88063,0.21434320971137039
88064,0.9326697835783074
88065,0.51002842637559
88066,0.053220181792290926
88068,0.33243403495073626
88069,0.20056133993420508
88070,0.7396990146473545
88071,0.17637485795484406
88073,0.5140436655912456
88074,0.655622334912336
88075,0.274014973291528
88076,0.41821613541270036
88077,0.1903988783927245
88078,0.49733880845586304
88079,0.06537271316469673
88080,0.28147388292868986
88081,0.31666313349541475
88082,0.8760840270184369
88083,0.49409517701601424
88084,0.12675467241408775
88085,0.25506915433140054
88086,0.47987234049414346
88087,0.3456644749518025
88088,0.45974488789511875
88089,0.41342431098184046
88090,0.46789655654741
88091,0.4062293591429937
88092,0.6796165715281798
88093,0.2845394986334145
88094,0.5860167188644462
88095,0.10470574775275429
88096,0.24939923721985682
88097,0.10020836114481395
88098,0.22661312859090457
88099,0.36502622863819045
88100,0.08560732891178072
88101,0.3041095684258327
88102,0.8936306680546369
88103,0.19505043754384171
88104,0.46446205062170326
88105,0.2627263964284011
88106,0.22156189301263304
88107,0.6851066753915734
88108,0.48223774533324637
88109,0.2682802131521017
88110,0.7301151201207642
88111,0.30917064605164335
88113,0.32987155084639863
88114,0.0841108930916913
88115,0.3097783384903897
88116,0.5150015515675029
88117,0.08573161759149062
88118,0.4118581530506236
88119,0.0823215839825026
88120,0.357763106139141
88121,0.3649440249208749
88122,0.18275437790699967
88123,0.8297752063857887
88124,0.45979521607329604
88125,0.10164219012713023
88126,0.24376849378155577
88127,0.7177478157521585
88128,0.2937161499433262
88129,0.7906296501324092
88130,0.28229741953251825
88131,0.3646094070425369
88132,0.31256468928996134
88133,0.38256916068013036
88134,0.5490142141319749
88135,0.37086476331657936
88136,0.3639168189967655
88137,0.46260864906244303
88138,0.45835601782724505
88139,0.061959497968137926
88140,0.10433698717429483
88141,0.12025443710064737
88142,0.2874861367396315
88143,0.9849080785623555
88144,0.8388270486294575
88145,0.38844021748330887
88146,0.8512518926356603
88147,0.7167670189417186
88148,0.32008136674616794
88149,0.04506508737621498
88150,0.07434488618327942
88151,0.14002219788329331
88152,0.34053132809508924
88153,0.7005372116224878
88154,0.3408806792420193
88155,0.11178744868530534
88156,0.2384059624233941
88157,0.900676165285582
88158,0.3636613151249741
88159,0.3086419889010414
88160,0.3496881129812175
88161,0.21738875087811657
88162,0.06398719906061617
88163,0.4817496120964948
88164,0.8318812378374394
88165,0.20613465298073683
88166,0.5590909905740458
88167,0.34704349947365853
88168,0.7498898566155024
88169,0.4981718824669215
88170,0.2672622656987238
88171,0.20419942184635465
88172,0.2886091713294535
88173,0.1616564788442561
88174,0.2435871725401377
88175,0.9851430311228565
88176,0.2797461582609984
88177,0.287871135928851
88178,0.3177634540403114
88179,0.34314772697493795
88180,0.5203626461263087
88181,0.3633910482638736
88182,0.35433193279048036
88183,0.5040528652737414
88184,0.8861956939611931
88185,0.06609293773178312
88186,0.06555546338593699
88187,0.04226319374883623
88188,0.2954503257863097
88189,0.742807007973409
88190,0.6003459622207318
88192,0.09379626234412773
88193,0.3097865922624703
88194,0.07188747843527996
88195,0.4457083463276546
88196,0.2778864329617324
88197,0.47012777321741644
88198,0.25209596434173503
88199,0.9155060765415975
88200,0.22003358912889712
88201,0.7419382217292532
88202,0.7670514527168955
88203,0.3161653659112848
88205,0.25150148532730715
88206,0.0861251080657651
88208,0.21465416476709917
88209,0.4183386389546378
88210,0.19728152172027597
88212,0.6131605207120856
88213,0.28184946349679174
88214,0.3324415282390254
88215,0.3097393896472578
88216,0.49338196269384466
88218,0.2193243048446601
88219,0.34920142052092135
88220,0.23101836918460047
88221,0.3608702469899739
88222,0.9818857055005569
88223,0.8612206921228507
88224,0.8610031372376364
88225,0.4188984267022017
88226,0.0732564090135794
88227,0.05876588197092117
88228,0.7143167860300298
88229,0.7212279719204906
88230,0.6836093474656976
88231,0.08140459366628881
88232,0.6996599113501717
88233,0.6743781901643634
88236,0.3414144304778714
88237,0.2027768795844658
88238,0.2914174696728341
88239,0.10503965084820693
88240,0.22607624435638912
88241,0.09573304927689975
88242,0.4276105504876827
88243,0.21005425567905642
88244,0.3242592610234227
88245,0.2330183126671985
88246,0.5708449999254117
88247,0.6366177770034015
88248,0.4326705185003072
88249,0.45997444193391485
88250,0.31636414458960765
88251,0.2095347591658547
88252,0.8109437029472556
88253,0.4382771086079752
88254,0.8002700703168857
88255,0.7310044990850234
88256,0.319797757221013
88257,0.06537177344407745
88258,0.48749520547005765
88259,0.4924018996359673
88260,0.5198895724963543
88261,0.47407358279236383
88262,0.40905585375534775
88263,0.29247329132732985
88264,0.04103674738573968
88265,0.8538364003632203
88266,0.3489949633208026
88267,0.7873416253622783
88268,0.3213355934836958
88269,0.2721997907660498
88270,0.7587434139595335
88271,0.08527046192962759
88272,0.24734117163807123
88273,0.2897959824321524
88274,0.12216724446457386
88275,0.29946438090474314
88276,0.2936816045198225
88277,0.937504244960372
88278,0.46919094769209635
88279,0.08274743021913017
88280,0.9031656652664488
88281,0.17446759627412745
88283,0.05265881964335152
88284,0.36478633530769655
88285,0.06175335247616325
88286,0.09632728302050755
88287,0.9125097757127929
88288,0.07821689618626507
88289,0.6301009551425886
88290,0.7049763362233095
88291,0.24977886181355752
88292,0.10717738733843825
88293,0.37956533870191456
88294,0.22112040597159652
88295,0.11222978926639351
88296,0.4468008424252546
88297,0.5434421899698769
88298,0.6343552276208311
88299,0.0657288443106408
88300,0.32016382572635393
88301,0.18910569844521483
88302,0.30879070211710363
88303,0.9080829524018801
88304,0.11913388459909137
88305,0.42854537267436627
88306,0.3272332254678504
88307,0.44926987549177166
88308,0.4886415722029419
88309,0.06778304486099392
88310,0.44978658864366866
88311,0.46992359065054845
88312,0.07757274760646293
88313,0.5450606465653375
88314,0.5077131769114067
88315,0.31282063192561743
88316,0.05805681896076467
88317,0.2572422453980778
88318,0.9781095657496632
88319,0.20409610843429615
88320,0.32207541135000695
88321,0.6839574665162991
88322,0.34469942307277607
88324,0.12223524687025249
88325,0.08252136634217826
88326,0.3807946613003883
88327,0.5973654464395963
88328,0.24370793300246046
88330,0.47583131179226995
88331,0.9791332149588957
88332,0.1147796808774411
88333,0.9425691564329446
88334,0.0602886304320675
88335,0.09582095022845666
88336,0.0968286683019809
88338,0.7930825834734201
88340,0.2985468805190676
88341,0.35270931202122185
88342,0.8821971941402718
88343,0.9608967215851005
88344,0.6575133370250997
88345,0.30998953849904465
88346,0.329321860512103
88347,0.06626515567713837
88348,0.9091557628776444
88349,0.2963377450579204
88350,0.48004581211794856
88351,0.28244237329547733
88352,0.44997080210291446
88353,0.04076742444087183
88354,0.09424622180774897
88355,0.5473022273595698
88356,0.424951450559619
88357,0.11008562388555716
88358,0.47658735559961324
88359,0.49181378714461116
88360,0.6188880064353408
88361,0.27369831747759205
88362,0.3349459038597728
88363,0.6933148590413388
88364,0.07630671304809147
88365,0.11250927226190512
88366,0.4418949922009673
88367,0.324592558917805
88368,0.1137758773927485
88369,0.3066987429551299
88370,0.06407275158000238
88371,0.37706738808650303
88372,0.4915056716319339
88373,0.6595078633993744
88374,0.8123063017441237
88375,0.35464839026299644
88376,0.5220440446761786
88377,0.2355939452543507
88378,0.5648371693525837
88379,0.8294023938659675
88380,0.2537635655154986
88381,0.4876774096185323
88382,0.10910947702829976
88383,0.3196391565468072
88385,0.07441415863702339
88386,0.3457974168763196
88387,0.4064635904773341
88388,0.9186909066909468
88389,0.057847162800542966
88390,0.03180028814822061
88391,0.5558784159236987
88393,0.5220465901538998
88394,0.8266687912822432
88395,0.23084402137384927
88398,0.9308230062270426
88399,0.3833967632787495
88400,0.059564736296074755
88401,0.4527024731047898
88402,0.232718170443674
88403,0.07287221038927602
88404,0.030791134104755983
88406,0.453039542938486
88407,0.7177046875812247
88408,0.32611602746277224
88409,0.32766703251294826
88410,0.20695254167057817
88411,0.06544595993752628
88412,0.21778924757365198
88413,0.5911808297157195
88415,0.27024916838869123
88416,0.8387749111310812
88417,0.24253212793398185
88418,0.24619771087877979
88419,0.6587962636155806
88421,0.4171532546088391
88423,0.3711932882942452
88424,0.49609568856959796
88425,0.6422817217244459
88426,0.29697677125822963
88427,0.07752332561484081
88428,0.2792429781402447
88429,0.36854886560023153
88430,0.0741051782456011
88431,0.07978264060529097
88432,0.7226741181100508
88433,0.06876786451889906
88434,0.08657934138652215
88435,0.2099224530745924
88436,0.29366012959274695
88437,0.5781083440268086
88438,0.25395628281413113
88439,0.26458680037698135
88440,0.10324908948418528
88441,0.04466609863814704
88442,0.2411253418174045
88443,0.42292025513935777
88444,0.3074534266569164
88445,0.357165099551998
88446,0.05244500748118252
88447,0.6092726782318244
88448,0.03540870426037451
88449,0.3889617310650164
88450,0.22014515426494047
88451,0.29769275416283447
88452,0.5005434182269493
88453,0.34155359258115436
88454,0.3501895178601319
88455,0.4419119524433792
88456,0.7697626381203496
88457,0.4040238204844366
88458,0.12714671235894234
88459,0.4638252993344809
88460,0.45605361372927716
88461,0.10325391310020236
88462,0.22590517842287872
88463,0.30994659075269293
88464,0.24210835162573283
88465,0.3072404266312619
88466,0.09568697753737933
88467,0.4600727579248282
88468,0.43091840343110704
88469,0.10948307021433137
88470,0.2769260287735062
88471,0.20767548091208576
88472,0.06840349681761539
88473,0.48725661291761935
88474,0.4851142997996271
88475,0.05850218668543963
88476,0.05997400381642694
88477,0.41789086621575167
88478,0.7530145819414387
88479,0.5585590844894897
88480,0.4980418330628223
88481,0.8901710122784339
88482,0.828731986481512
88483,0.29100833939238496
88484,0.7571912029575572
88485,0.8064629622776985
88486,0.29688555666221333
88487,0.21590474408317986
88488,0.06235185043948707
88489,0.06253449617534347
88490,0.08347838315698204
88491,0.041888214248972745
88492,0.21307102344053455
88493,0.5192512507590318
88494,0.8220120930990218
88495,0.3879495088369436
88496,0.0574830693350329
88497,0.6227979167652724
88498,0.2813597957042858
88499,0.09138127730910692
88500,0.33324134666990773
88501,0.3355873432249006
88502,0.449033181293711
88503,0.6940777714889176
88504,0.4434015012202581
88505,0.4162371554039302
88506,0.29690421472067824
88507,0.1111111111111111
88508,0.14537060549592012
88509,0.3488907615970189
88510,0.6029902110111188
88511,0.6637870167822721
88512,0.5198252824961438
88513,0.5451058072792833
88514,0.08981392467491897
88515,0.3158778368207055
88516,0.11425316866762611
88517,0.9175178481789622
88518,0.9446577546642421
88519,0.24032409246805106
88520,0.46354092017098086
88521,0.27180181134894094
88522,0.10025535455536073
88523,0.44272726127054995
88524,0.03539884246800973
88525,0.10502636638891816
88526,0.2973684572822767
88527,0.7104286881467106
88528,0.27642112154335563
88529,0.10552857744359379
88530,0.7091840731194285
88531,0.229771790100696
88532,0.8691832928103255
88600,0.0
88800,0.0
89002,0.5350378418992225
89003,0.13161108512252312
89004,0.38871494825053754
89005,0.7056687773962974
89006,0.5910111650596952
89007,0.273903342760591
89008,0.11177919410429016
89009,0.6158708004820432
89010,0.6154789504323365
89011,0.7231153256803721
89012,0.910609989306794
89013,0.3352863305302676
89014,0.9147748084559627
89015,0.5322789047790683
89016,0.5794864284112747
89017,0.6078530782613563
89018,0.9173947121505224
89019,0.44119681987542525
89020,0.35850251827896196
89021,0.4905534288358919
89022,0.12638696648937237
89023,0.20825296351984313
89024,0.29086060696423466
89025,0.14286429448837798
89027,0.07461129786905063
89028,0.6038516580093443
89029,0.9552929382614863
89030,0.6575196912030233
89031,0.9800203502975422
89032,0.8898452865853022
89033,0.9488945651665643
89034,0.17907213293561236
89035,0.9124983945528578
89036,0.9180677479686813
89037,0.06093965978026017
89038,0.7503198621754102
89039,0.5368921202466914
89040,0.5907592340728942
89041,0.5825918330813081
89042,0.8731390835587254
89043,0.9079325906733391
89044,0.598472405136684
89045,0.20232676191204835
89046,0.7301414961706174
89048,0.7975989437019482
89049,0.6291241181453613
89050,0.9537949931309874
89051,0.9664620892882252
89053,0.23107261842878432
89054,0.978693501201922
89055,0.9816760340600009
89056,0.9203551526640634
89057,0.5964940643692401
89058,0.08313666912877658
89059,0.8045723635567209
89060,0.08896847807714138
89061,0.7910475644644277
89062,0.7795651684150796
89063,0.06676751144200886
89064,0.6230059780493358
89065,0.7824718853844228
89066,0.946052063115884
89067,0.8351188632902573
89068,0.20796597955407667
89069,0.8124600491645997
89071,0.5017642849365326
89072,0.6644042004190189
89073,0.8291188081232486
89074,0.9839391501897364
89075,0.9286428194488925
89076,0.7896275745771504
89077,0.7312373400823957
89079,0.9073007545976436
89080,0.0657770207652361
89081,0.6617356779541363
89083,0.222241087581543
89084,0.5393239662944264
89085,0.9466705895399222
89086,0.048461954878410436
89087,0.603002830636458
89088,0.8881467612686872
89089,0.8007379856322522
89091,0.4357391584467408
89092,0.8143925010123504
89093,0.9845197269434917
89094,0.9248365827323889
89095,0.4745418792342266
89096,0.24396941669677716
89098,0.6799736683114723
89099,0.9479436864805757
89100,0.907595621243363
89101,0.6898524782202516
89102,0.8589883079247324
89104,0.4874411241009353
89105,0.31569175857355636
89108,0.18877387063605863
89111,0.9766733035999959
89112,0.48766726515197756
89113,0.15251912965085782
89115,0.8155630796103297
89116,0.14049986953784413
89117,0.7234571009133408
89118,0.6943231752368898
89119,0.30650603625798994
89120,0.7708947119647909
89122,0.055712360837602934
89123,0.1585150038757187
89124,0.07959010443569985
89125,0.33986566996812656
89126,0.11413553526669476
89127,0.17977957313376236
89128,0.08992351845637767
89129,0.31002120641585085
89130,0.13036079927871344
89131,0.5732352981379675
89132,0.3436541638848231
89133,0.0999249258258239
89134,0.11604016649728256
89136,0.07242095788805361
89137,0.6443362548743145
89139,0.7357742925712321
89141,0.09562981210283084
89142,0.9386415086094343
89143,0.9231564089311691
89144,0.9134079285814034
89145,0.6816189396361684
89146,0.5799772094306611
89147,0.7054954327003206
89148,0.48802682143375103
89149,0.7445225825434844
89150,0.94958566895458
89151,0.12508909146293254
89152,0.9419555689923356
89153,0.6703827191857198
89154,0.7314706722687928
89155,0.6968935983690254
89156,0.969124571199776
89158,0.417925148854943
89159,0.7336126904058468
89160,0.9729379062726021
89161,0.36580274507550503
89162,0.06583603871548163
89163,0.0567236136331064
89164,0.2934032937006314
89165,0.05825880366300788
89167,0.20190360749184325
89168,0.426158657880997
89169,0.7593358576423184
89170,0.5128101973137441
89171,0.0714758908049573
89172,0.9791131018319044
89173,0.696583159558772
89175,0.5693176340538334
89176,0.4440644239664487
89177,0.7114091209983197
89179,0.42256075428164963
89180,0.15384138421988072
89181,0.7596801996029655
89182,0.37664486889061755
89183,0.7977556139507217
89184,0.6052632799869463
89186,0.6223874577719819
89187,0.238780652336814
89188,0.6018832258127713
89189,0.06084327170604053
89190,0.571903369659883
89191,0.6416336898061382
89194,0.07220166124317536
89195,0.900677567495744
89196,0.17081178460048316
89197,0.11395261523852657
89198,0.2985525154214722
89199,0.6998651079240369
89200,0.9176347602383836
89201,0.20318766436536193
89202,0.2196623330742581
89203,0.6599894039893347
89204,0.9085527171326677
89205,0.662557641517016
89206,0.9030787988384053
89207,0.757301728111661
89208,0.07701638787620665
89209,0.8197792009811017
89210,0.5152920796114809
89211,0.6094404582924331
89212,0.7175065283631628
89214,0.07253496290715421
89215,0.38280530035489124
89216,0.7098962380274887
89217,0.7227135852178884
89218,0.9171452297274383
89219,0.5376038753611742
89220,0.27344320223704127
89221,0.5534019621793594
89222,0.4401450661449227
89223,0.6167542891196495
89224,0.06280811274894403
89225,0.24353382433317536
89226,0.718681517694933
89227,0.7819570418309012
89228,0.9577226318131911
89229,0.9789438631091527
89230,0.9199095736372426
89232,0.09942776303534562
89233,0.6742885526489799
89234,0.3203967639328323
89235,0.12990928304380228
89236,0.9211387520861938
89237,0.457068439003445
89238,0.27964073504116005
89239,0.8989557403609327
89240,0.9632657403632762
89242,0.6450008899812224
89244,0.905412639420301
89245,0.933144282191907
89246,0.08750744786496979
89247,0.5488813608853031
89248,0.6231373060725154
89249,0.9335733563149684
89250,0.7643357138390209
89251,0.8659491331207666
89252,0.47922027417499996
89253,0.35032421610586967
89254,0.6951268160812887
89255,0.8400439186335895
89256,0.7138377127451183
89257,0.9399969787543916
89259,0.6718573302363534
89261,0.0869220437828017
89262,0.5273424342817932
89263,0.3141620576099153
89264,0.907420262849703
89265,0.18907120750979456
89266,0.38288380736586725
89267,0.11344802383602443
89268,0.9030576671597598
89270,0.5504131999248076
89271,0.6695516290035547
89272,0.7643027039470344
89273,0.42124904237619926
89274,0.15018735077491155
89276,0.5777818836632572
89277,0.08660655839145195
89278,0.9679740858107132
89279,0.05170842666007702
89280,0.3544624629938674
89281,0.754862330031973
89282,0.9557235064149686
89283,0.4385925832364663
89284,0.7221460874926721
89285,0.9782517039091198
89286,0.8958320839650769
89287,0.18258082403235348
89288,0.9589031306365079
89289,0.9239955631398529
89290,0.6368200148475879
89291,0.9333457537337939
89292,0.7214426598081145
89295,0.31815924982195365
89296,0.3571422828430162
89297,0.5470002134619031
89298,0.05984735869681296
89299,0.680776351837419
89300,0.9096727077755441
89302,0.974501615603632
89303,0.464524935679797
89304,0.25153370096307753
89306,0.7322801021669262
89307,0.8147050134517922
89308,0.9672687570814817
89309,0.8584424879009296
89310,0.6874341008419513
89311,0.902325036609627
89312,0.7279649209304421
89313,0.09120503752091988
89314,0.6083683963781051
89315,0.09455299523717935
89316,0.11861339302369833
89318,0.7069984260523908
89319,0.23240613071710553
89320,0.6767006231537626
89321,0.3417424910532298
89323,0.804427000783205
89324,0.7313913027223362
89325,0.6023870975549254
89326,0.9677988644775078
89327,0.9317602652603438
89328,0.8722076083105786
89329,0.6577808885082818
89331,0.2822466887290758
89332,0.9846708726296709
89333,0.12480679907499591
89334,0.8770927416579628
89335,0.8365954812968726
89336,0.09263228876683659
89337,0.1711735458883459
89338,0.19692888480443033
89339,0.10219372783967347
89341,0.09016424890799897
89342,0.0924751624696117
89344,0.4077457274895037
89345,0.7522662575000523
89346,0.852167485806399
89347,0.808502426833859
89348,0.915761597437727
89349,0.8019178045922121
89350,0.058395387601960336
89351,0.08852667635255833
89352,0.6086405789630364
89353,0.055932891750591275
89354,0.1917179967148828
89355,0.5116520286154184
89359,0.5797226634097029
89360,0.9588402621148424
89361,0.9743733343480999
89362,0.6919873516639955
89363,0.6486648176786576
89364,0.5033635724943254
89365,0.6212610221323669
89367,0.37042900759744435
89368,0.4119352279933795
89369,0.9805258959729091
89370,0.9341619387743578
89371,0.503385040572702
89373,0.75836562802796
89374,0.8047222939478946
89375,0.9058346988514268
89376,0.7906748197386111
89377,0.09587452068535947
89378,0.15748418221797342
89379,0.11158305383152152
89380,0.05211410933773925
89382,0.22136705256309575
89383,0.3888306508017056
89384,0.20552901799388362
89385,0.296040256656808
89386,0.3206844172379691
89387,0.2670273780626271
89388,0.08030662236599198
89390,0.8509591000421198
89391,0.8322213950440016
89392,0.665926629475432
89393,0.5951001739263135
89394,0.6320064776994285
89395,0.9491041294230046
89397,0.7555659378566462
89398,0.4404433853851848
89399,0.07607376186600767
89400,0.7169782146756456
89402,0.5432959612543599
89403,0.355982203270974
89404,0.16605244424129897
89405,0.34431638288622823
89406,0.9522801172899049
89407,0.5186894734890954
89408,0.6212228930305487
89409,0.6119049635826116
89410,0.7014148911403417
89411,0.9532465571368496
89412,0.94197264602552
89413,0.7065016136180525
89414,0.05552753308355997
89415,0.10090048242331809
89416,0.3697278500307911
89417,0.609512489520544
89418,0.6669365657890947
89419,0.8838645111280645
89420,0.29262707217693174
89422,0.6951503125137153
89423,0.6898156225231501
89424,0.7087132653247848
89425,0.5436289010690102
89426,0.5918506900606767
89427,0.7587494810381268
89428,0.9370563833891015
89430,0.8330193125333165
89431,0.8946911117292561
89432,0.9349264546007436
89433,0.6231724266621045
89434,0.951838849553697
89436,0.5893177093771986
89437,0.8437959384666827
89438,0.2413715189885542
89439,0.8332425029303134
89440,0.08326548557356762
89441,0.054911040561584114
89442,0.06441505857245056
89443,0.9649043456181016
89445,0.8217273407293653
89446,0.4024080320075069
89447,0.806613725778949
89449,0.11568974216400577
89450,0.13667565022899492
89451,0.9385898132710806
89452,0.9369497511205044
89453,0.8760204708239452
89456,0.8647354365585209
89458,0.15200181865157208
89459,0.14168289716339702
89460,0.13572274678439153
89461,0.12522302035352334
89462,0.7316034003810723
89463,0.2218046456830143
89464,0.9200442443762175
89465,0.13831964041373743
89466,0.16729237966326593
89467,0.9800735829318379
89468,0.9389189541746077
89469,0.6202299608486629
89470,0.5117274900837505
89471,0.9699733413389403
89472,0.7025441509271724
89474,0.7227686714989929
89475,0.757151658389241
89477,0.8144110987137411
89478,0.6737035663587252
89479,0.6996121826366891
89480,0.08521620305907661
89481,0.7516363685221916
89482,0.603368141223625
89483,0.694891544777055
89485,0.6514019810225381
89486,0.492060399302654
89500,0.0
90001,0.36783155622943353
90002,0.17781273866945585
90003,0.19345072712780914
90004,0.3046941828362081
90005,0.8899903388306768
90006,0.8790274550121412
90007,0.2711139148316871
90008,0.31737676059866055
90009,0.8539020372443038
90010,0.3017454773984647
90011,0.2766488970011806
90012,0.33012128795547524
90013,0.20842472038653947
90014,0.8545762572911862
90015,0.3275074261032441
90016,0.19149206278333034
90017,0.25124463104118316
90018,0.8716735076280149
90019,0.9270346338552925
90020,0.5923613481508182
90021,0.8833710776489989
90022,0.267441509729629
90023,0.9082888596468334
90024,0.892531036515643
90025,0.9012647266615414
90026,0.34830527977618997
90027,0.7468766187748754
90028,0.7165827255270952
90029,0.9171289830413192
90030,0.9856503853263048
90031,0.993053291642104
90032,0.35769326418969893
90033,0.8525229234894016
90034,0.3619030232191941
90035,0.2846201697913079
90036,0.2320669600333266
90037,0.952208838240519
90039,0.26663938714097507
90041,0.9880182967149297
90042,0.9522160831189636
90043,0.8036224750603969
90044,0.18096059448470078
90045,0.8097186287047775
90046,0.7691666896417815
90047,0.2037574496743725
90048,0.2776904780510529
90049,0.20861063742619518
90050,0.2245929274997424
90051,0.8724011478582026
90052,0.8957930866286976
90053,0.8057004433770041
90054,0.9111173723664551
90055,0.8635073742892485
90056,0.7956415445316343
90057,0.9051147378740051
90058,0.17084539332411564
90059,0.23920859061255517
90060,0.20090563320615767
90061,0.9855869150263465
90062,0.1956653238074331
90063,0.8764553635399758
90064,0.7023212513034333
90065,0.8648037906136646
90066,0.16752853355297379
90067,0.22242893108908127
90068,0.27743396221147515
90069,0.8234929147129357
90070,0.873391867450723
90071,0.9311425930440907
90072,0.82093433318865
90074,0.9378129548541098
90075,0.2963268096215434
90076,0.3955952653983369
90077,0.25233782648290165
90078,0.16801426630046554
90079,0.9880791467869611
90080,0.27799889156235436
90081,0.5353344224927084
90082,0.8817926036142296
90083,0.8675785335368874
90084,0.18493106861651068
90085,0.8848259295661667
90086,0.7501719254211657
90087,0.24581329661840198
90088,0.9027657365436031
90089,0.7181595170217562
90090,0.8612829196628933
90091,0.1897982260933494
90093,0.9459711144716029
90094,0.31144010365515384
90095,0.7167296920058195
90096,0.8110822731071553
90097,0.2671539490616637
90098,0.2696695748941848
90099,0.2574937614230473
90100,0.1801431530574711
90101,0.9197721166065108
90102,0.8923802602243962
90103,0.28868321387167706
90104,0.2938589382683436
90105,0.9843012222834765
90160,0.0
91001,0.8311471006222708
91016,0.6950922155157218
91017,0.2198832152563614
91021,0.7557685836974327
91022,0.8099654128461947
91027,0.8234091434783737
91035,0.09506226576259454
91037,0.36007543269344483
91038,0.7615393703718233
91041,0.6203140575134131
91044,0.5892584259129914
91045,0.9250615466368252
91047,0.9085387302080858
91064,0.8751857109578897
91067,0.8971829436810563
91069,0.7108519574984359
91075,0.8975011050805767
91079,0.5860464476114821
91080,0.8806675217754593
91081,0.848260925090635
91085,0.5788096818277856
91086,0.5315921288542312
91090,0.0
91093,0.38939797009755084
91095,0.9091194228098789
91097,0.956464551781866
91098,0.8624057226688409
91099,0.8349424965751256
91100,0.7448588364267926
91103,0.7962513558846404
91105,0.5704551152339177
91106,0.5238535107995819
91109,0.7070368391921593
91111,0.39086998787169047
91112,0.8966558368840841
91114,0.9619564180483432
91115,0.6579555628441666
91121,0.7518414901957634
91122,0.690104207461175
91129,0.8903936935084817
91130,0.602214565619662
91131,0.6146266748441329
91132,0.8735083407507714
91135,0.3147468651263921
91136,0.7357808284024371
91137,0.8450633003823171
91145,0.10735716375857612
91148,0.8536175561980126
91156,0.9117208462396171
91159,0.36452195656283615
91160,0.0
91161,0.7475152646034221
91174,0.5149122413335234
91175,0.11728727979007307
91179,0.4326102407545292
91180,0.2110632297773378
91184,0.8952083546142401
91186,0.6088994669563483
91191,0.9789520803409476
91195,0.2582472635624149
91198,0.8623834923641256
91200,0.15010500325875406
91201,0.6340143814802215
91204,0.46088199600005214
91207,0.6478201084726948
91210,0.0
91215,0.9581971925834835
91216,0.6872663767170722
91220,0.0
91223,0.6549677763096137
91225,0.5345867888369406
91226,0.833948792498645
91228,0.5451754227177944
91232,0.897875810860194
91235,0.5736614592495728
91240,0.9281845318158687
91243,0.6693564261825062
91244,0.9507915212732468
91247,0.8520987793218834
91248,0.8799218187278867
91249,0.2966153463778627
91272,0.6704155448915139
91273,0.7970689325390358
91274,0.47377666461765744
91275,0.6040621585796045
91284,0.8187990164545158
91286,0.6012762654766299
91290,0.0
91292,0.6802603602586074
91293,0.8893054157731215
91294,0.5927658312158117
91300,0.0
91310,0.0
91312,0.7968821275629776
91315,0.9082687181249636
91318,0.8373840462461766
91319,0.5789502183746673
91326,0.739192577347345
91330,0.8881432582636613
91332,0.9864378256409687
91333,0.7964012951858921
91338,0.37467673838458604
91339,0.8017746271409305
91340,0.5198119201323638
91345,0.6406414636342739
91347,0.8313458191866978
91359,0.7905207118486939
91363,0.5612961366802173
91374,0.8723465089632917
91376,0.9833654812744321
91377,0.7638518309789928
91378,0.8797248530665818
91386,0.4383315511106771
91390,0.5973698990264378
91393,0.780894593441552
91399,0.8877257952836062
91400,0.0
91405,0.11965467692784588
91408,0.8188548447687211
91411,0.40639366910892843
91412,0.9254710962058498
91414,0.6022644405703669
91420,0.0
91421,0.9913895328912292
91425,0.8262858186677958
91432,0.7488843333982059
91433,0.6187524949478418
91434,0.6020901483881483
91435,0.47358981031408165
91441,0.32383314890301496
91457,0.7586122256492343
91458,0.6145725604617116
91461,0.7653183690062867
91463,0.7877580215095991
91468,0.5466933337235643
91469,0.5804010097572412
91471,0.6495432730197266
91473,0.8478842264005667
91477,0.7205559762943062
91479,0.8185464482717357
91480,0.0
91482,0.3331011405746167
91494,0.8213630136503937
91495,0.7767135801508619
91507,0.8750600237135434
91508,0.7966887453775873
91511,0.6256433958531461
91514,0.6869320430596012
91519,0.7882949384683428
91521,0.5719594156133253
91525,0.3738025656221109
91526,0.8920161706057987
91533,0.5424605224070961
91534,0.8482180030839332
91538,0.978571612973241
91540,0.5045841517974265
91544,0.5282493574358796
91546,0.18621527454459047
91547,0.09508386225602133
91549,0.5739534898917084
91552,0.7764266865066257
91553,0.6151453035902693
91556,0.6649629175509587
91560,0.6306833815722378
91568,0.551338218317612
91570,0.8335762996275446
91573,0.48444775935924445
91577,0.46841309016607907
91578,0.8640991653288203
91579,0.938869902458331
91581,0.5890040475484662
91587,0.6033002504920658
91589,0.720948037650162
91593,0.42056981560721907
91599,0.2825464580049221
91600,0.5612090617163271
91602,0.8500931038851555
91613,0.6455790235712932
91617,0.6732584515238522
91619,0.8950918691963218
91620,0.0
91629,0.7527485663753124
91630,0.4837396393557881
91631,0.7156793279317557
91634,0.5851840390280767
91635,0.8981644828784049
91639,0.8351664828953332
91645,0.7785163163310985
91648,0.4670871098001774
91649,0.954277323657812
91654,0.8890515499462258
91657,0.9936627530266375
91659,0.530006724972804
91661,0.6138026049660263
91662,0.7561806640222717
91665,0.7186776966821838
91666,0.7107912320078671
91667,0.6030321565437707
91671,0.7677836073597951
91679,0.9817808193818678
91685,0.5863796436647621
91687,0.6365262589323945
91689,0.7933095006495747
91691,0.967804713049786
91692,0.7008333000949347
91700,0.0
91800,0.0
91940,0.0
92000,0.0
92002,0.7928457635587912
92004,0.9614005624993568
92007,0.8844240537720428
92009,0.9606704624293275
92012,0.958771803549298
92014,0.8554043604091028
92019,0.8015961494239484
92020,0.9114706706410179
92022,0.8654606068984443
92023,0.8955993341185627
92024,0.9710148695169611
92025,0.9749890193098022
92026,0.9679598140374654
92032,0.8758715241838548
92033,0.8884338523658245
92035,0.9649864490951667
92036,0.9530684837374624
92040,0.9519009199517859
92044,0.9804511897175666
92046,0.918067338744632
92047,0.8645983202797783
92048,0.8791874597640297
92049,0.919233999661055
92050,0.9814847226333917
92051,0.9789748616279387
92060,0.8981276658298524
92062,0.9574679452035287
92063,0.8700228508681314
92064,0.8978444146654293
92071,0.8467674779804258
92072,0.8895140585200128
92073,0.9485192771762689
92075,0.9729901230868744
92076,0.8638004034009235
92077,0.8665216303231236
92078,0.9552980998868674
92100,0.0
92120,0.0
92210,0.0
92220,0.0
92230,0.0
92250,0.0
92290,0.0
92320,0.0
92390,0.0
92500,0.0
93000,0.0
93001,0.9627752656313319
93005,0.831903344826491
93006,0.9006333889136412
93007,0.855219373693973
93008,0.8752356528950214
93010,0.8680837297118559
93013,0.8695547531735673
93014,1.0
93015,0.9919700366092922
93027,0.9524737816211551
93029,0.8654595528517016
93030,0.8664707696502016
93031,0.9481321684205899
93032,0.8673675137922098
93033,0.8554671089787693
93039,0.9537056065268331
93045,0.9022206217832915
93046,0.8613599678472303
93047,0.9991921623748803
93048,0.8631114749242115
93049,0.8224880142224198
93050,0.8683224014074259
93051,0.8508152215925832
93053,0.8831419710780989
93055,0.8951078614153708
93057,0.8607590835058456
93059,0.9466765141820043
93061,0.9282466780515484
93062,0.8698263497651395
93063,0.8933881506940936
93064,0.8728458415247801
93066,0.9568003106749392
93070,0.9687577459108725
93071,0.8423057050964127
93072,0.9467253102766036
93073,0.6909614813846587
93074,0.9571120802799064
93077,0.8643284095304564
93078,0.8135456988408875
93079,0.9464920840418625
93100,0.0
93110,0.0
93140,0.0
93190,0.0
93270,0.0
93300,0.0
93380,0.0
93420,0.0
93600,0.0
94000,0.0
94001,0.9992680753249435
94002,0.8658273580980445
94003,0.9119443662550277
94004,0.972573996551071
94011,0.9150268940611552
94015,0.8584742165907101
94016,0.857165834648713
94017,0.8537727497735618
94018,0.8840408983058534
94019,0.8304232117911583
94021,0.8514545881511526
94022,0.9279328468970175
94028,0.9040741361978741
94033,0.833303368496862
94034,0.8411659046313806
94037,0.9133022191505213
94038,0.8449572804807276
94041,0.8768798332198243
94042,0.8726468484731205
94043,0.9052105993554751
94044,0.8980072514214927
94046,0.859087154988344
94047,0.7512849841162177
94048,0.7747563835595214
94052,0.8712578517046571
94053,0.8201224201903367
94054,0.8430415223268566
94055,0.984687019700854
94056,0.740470033881039
94058,0.8651606884029929
94059,0.8243966810689296
94060,0.8559963152094515
94065,0.8609781280770747
94067,0.8889675879569628
94068,0.8594050168052811
94069,0.8420687567646765
94070,0.7399866979277538
94071,0.8614704641953973
94073,0.8482386586655892
94074,0.9148942677356956
94075,0.7782009123531114
94076,0.8516938469506223
94077,0.9239585777645297
94078,0.914501775400345
94079,0.8590142060536803
94080,0.8570247434853129
94081,0.8384025174520472
94150,0.0
94200,0.0
94370,0.0
94400,0.0
94435,0.0
94500,0.0
94600,0.0
95000,0.0
95002,0.8073280001886711
95008,0.9490713879994539
95011,0.8433913720710632
95012,0.962274261769442
95014,0.986646458557522
95018,0.9700742310072875
95019,0.9757094842698968
95023,0.6766582957800001
95024,0.8236685171091499
95026,0.920660602564164
95028,0.9385859670952091
95039,0.7874102656299817
95040,0.7816743380018746
95042,0.906478436744722
95046,0.8086572773250302
95051,0.9531623048643942
95052,0.7548358082246367
95054,0.6725145149238945
95055,0.8978444159317803
95056,0.8907452569182431
95058,0.9190845713924229
95059,0.9262098818560616
95060,0.9097128730104883
95061,0.921074305112358
95063,0.9811647836634053
95074,0.9750949033161819
95078,0.8568395452388573
95088,0.8630437354328966
95091,0.9809850149778286
95094,0.9816620362775024
95101,0.9652418973973528
95102,0.9525208635988547
95110,0.8260870996521975
95116,0.9213208102108752
95119,0.7050948296569272
95120,0.8082448717944555
95127,0.7733189489938915
95134,0.7516706529200122
95139,0.71976814825102
95141,0.8332958922046076
95142,0.7776008101577565
95144,0.9182494806378712
95149,0.957530558308806
95150,0.9288631960849454
95151,0.9179134138737853
95154,0.5457427799082762
95157,0.9623970823573452
95166,0.6992577010152068
95169,0.7549073353206596
95170,0.8233526391870296
95176,0.9704288573838902
95177,0.9494307283776432
95181,0.8365270383163301
95183,0.8600820204441614
95190,0.0
95197,0.967130906758983
95199,0.9797832768162045
95203,0.9773065751115186
95205,0.9780133530355316
95210,0.9685288597265806
95211,0.797332505736727
95212,0.573120791847963
95213,0.9640292568970773
95214,0.9018870366885693
95218,0.8569690408815005
95219,0.9779307683995678
95220,0.0
95229,0.9749063136049806
95241,0.9279248803336072
95250,0.49124389333932317
95252,0.979447217470836
95253,0.8094356965343482
95254,0.9461886947491511
95256,0.9154080075242722
95257,0.9778404892672337
95258,0.967492757453341
95268,0.9384457203929192
95270,0.8084078232873432
95271,0.8494749921139485
95277,0.8336601199781735
95280,0.7969272928265548
95282,0.7800808265648242
95287,0.9546556809316411
95288,0.98761513836654
95295,0.7365960676791498
95298,0.9376360383445358
95301,0.9700552965976239
95303,0.9434745731359683
95304,0.7237281507960216
95306,0.9442757401396127
95308,0.9618263350682331
95309,0.7977859118661665
95313,0.7579600394075575
95316,0.9094933385743674
95323,0.8483836649687096
95328,0.9917536103009698
95330,0.0
95331,0.901260190496135
95341,0.9516454287586592
95348,0.8058452829787998
95351,0.5610420465548113
95352,0.8806542484419835
95353,0.8172635656099871
95355,0.7566620834868643
95365,0.9148862613861626
95369,0.9960163241821701
95370,0.9523504145064967
95371,0.5105495967071306
95379,0.8131451095950433
95387,0.982822569470167
95388,0.8594275042910792
95392,0.7838478168871518
95394,0.8315531846595519
95395,0.9384961276592434
95400,0.0
95409,0.9808615453614424
95410,0.0
95422,0.8130715383456117
95424,0.9797115568526223
95426,0.9942002761986369
95427,0.9668879984537294
95428,0.9728294919514893
95429,0.8358562231536015
95430,0.8320321813232053
95436,0.7889574109520218
95438,0.7531412953089831
95445,0.7900730606757983
95446,0.9365436134673465
95447,0.93359242409254
95450,0.8385986164910567
95452,0.757204284886368
95456,0.9291818499072203
95459,0.6417874906881662
95462,0.8476543767432203
95476,0.7759326836642085
95480,0.7314067566360241
95483,0.7803426586254555
95487,0.769353652896557
95488,0.9244952968795557
95489,0.9930918054710646
95491,0.9795129299597084
95492,0.9770990548815836
95493,0.9677723651999474
95500,0.8369032834115832
95504,0.7819716198294193
95509,0.5639234232833743
95510,0.850240322871286
95523,0.9766699345389036
95527,0.7219572903788968
95529,0.7201242313376174
95535,0.8386271066136836
95539,0.9922550756155339
95541,0.6903699593378678
95543,0.9377634062756711
95554,0.721308628228914
95555,0.9712741370476952
95563,0.9765994797310863
95566,0.7857873752557273
95572,0.8449097571746431
95574,0.9758586729381192
95580,0.5770106076893053
95582,0.9697985137485134
95584,0.8381685933054244
95585,0.991961781904962
95592,0.7891210353628342
95594,0.9427704640923529
95598,0.9757016433243516
95604,0.4964203706094286
95607,0.9487669684504006
95610,0.8039824772217269
95611,0.9818241063882381
95612,0.820898589229185
95625,0.7709209815695248
95627,0.9849888354783553
95628,0.7898673688822019
95633,0.8140683639265798
95637,0.8923834821461218
95641,0.5288407614469705
95651,0.9470302385953059
95652,0.9428035884364179
95656,0.9439693991976095
95658,0.7876473789497005
95660,0.9029474919145358
95675,0.5309284745604216
95676,0.9344589663498541
95678,0.8312701537802769
95680,0.9803309272844699
95682,0.9041939292977546
95690,0.739415411988709
95870,0.0
95871,0.0
95956,0.0
97101,0.0
97102,0.0
97103,0.0
97104,0.0
97105,0.0
97106,0.0
97107,0.0
97108,0.0
97109,0.0
97110,0.0
97111,0.0
97112,0.0
97113,0.0
97114,0.0
97115,0.0
97116,0.0
97117,0.0
97118,0.0
97119,0.0
97120,0.0
97121,0.0
97122,0.0
97124,0.0
97125,0.0
97126,0.0
97127,0.0
97128,0.0
97129,0.0
97130,0.0
97131,0.0
97132,0.0
97133,0.0
97134,0.0
97141,0.0
97160,0.0
97201,0.0
97202,0.0
97203,0.0
97204,0.0
97205,0.0
97206,0.0
97207,0.0
97208,0.0
97209,0.0
97210,0.0
97211,0.0
97212,0.0
97213,0.0
97214,0.0
97215,0.0
97216,0.0
97217,0.0
97218,0.0
97219,0.0
97220,0.0
97221,0.0
97222,0.0
97223,0.0
97224,0.0
97225,0.0
97226,0.0
97227,0.0
97228,0.0
97229,0.0
97230,0.0
97231,0.0
97232,0.0
97233,0.0
97234,0.0
97301,0.0
97302,0.0
97303,0.0
97304,0.0
97305,0.0
97306,0.0
97307,0.0
97308,0.0
97309,0.0
97310,0.0
97311,0.0
97312,0.0
97313,0.0
97314,0.0
97352,0.0
97353,0.0
97356,0.0
97357,0.0
97358,0.0
97360,0.0
97361,0.0
97362,0.0
97400,0.0
97401,0.0
97402,0.0
97403,0.0
97404,0.0
97405,0.0
97406,0.0
97407,0.0
97408,0.0
97409,0.0
97410,0.0
97411,0.0
97412,0.0
97413,0.0
97414,0.0
97415,0.0
97416,0.0
97417,0.0
97418,0.0
97419,0.0
97420,0.0
97421,0.0
97422,0.0
97423,0.0
97424,0.0
97601,0.0
97602,0.0
97603,0.0
97604,0.0
97605,0.0
97606,0.0
97607,0.0
97608,0.0
97609,0.0
97610,0.0
97611,0.0
97612,0.0
97613,0.0
97614,0.0
97615,0.0
97616,0.0
97617,0.0
99999,0.0
14616,0.0
46331,0.0
50160,0.0
