insee,cumul
,0.0
01000,0.0
01001,0.6846132750971948
01002,0.525213867390341
01004,0.2328221907206847
01005,0.6675347225303455
01006,0.5007031733685676
01007,0.2591014031184053
01008,0.2753370952033547
01009,0.2074607498937365
01010,0.31968392833596043
01011,0.2462529921964963
01012,0.3124685464114772
01013,0.3182618394325044
01014,0.48326508485505143
01015,0.28077052683410764
01016,0.6172396850414725
01017,0.29318508681552563
01019,0.2540625474619071
01021,0.7486083991976825
01022,0.44688105734929423
01023,0.7523985087082345
01024,0.3237410196470739
01025,0.5372418408385792
01026,0.6682527377550547
01027,0.7394116564004157
01028,0.7632418117797045
01029,0.19012990988288103
01030,0.8274925052457099
01031,0.4506850139820138
01032,0.6483451596661544
01033,0.18529333357297842
01034,0.2942342932430669
01035,0.46374240539183553
01036,0.18520001928761717
01037,0.24484611412873583
01038,0.40895433900795447
01039,0.3894079919706986
01040,0.8150509881910218
01041,0.28476628464279435
01042,0.916314824072087
01043,0.8137156472811569
01044,0.11472433939004005
01045,0.5387479302642356
01046,0.7963251213641168
01047,0.6453302122414358
01049,0.8672349095380308
01050,0.8627509081452479
01051,0.7588476977546978
01052,0.5693382061631599
01053,0.37308307138883046
01054,0.6389529270274236
01056,0.4748984806987384
01057,0.7069417464784508
01058,0.29063852942501783
01060,0.3039796244050946
01061,0.5006143573914185
01062,0.8681558917558493
01063,0.2439099947090607
01064,0.22593280709132305
01065,0.43723356608650715
01066,0.24782098887013979
01067,0.5408357421594013
01068,0.3588203256747373
01069,0.5711606342991895
01071,0.6537373363922373
01072,0.5566628993609535
01073,0.3545327274734736
01074,0.5340904549275246
01075,0.7405976708725696
01076,0.34376143950723753
01077,0.49938620754919166
01078,0.5342599964062982
01079,0.21299128670646675
01080,0.2626192792072732
01081,0.389413986705694
01082,0.22950734581659135
01083,0.768816169481772
01084,0.6283098828268306
01085,0.24519276964997283
01087,0.20799077218559647
01088,0.25767364047857816
01089,0.32702113140428873
01090,0.6055045902815145
01092,0.25633183284385297
01093,0.5645444969656367
01094,0.8112874833082548
01095,0.7524129584743037
01096,0.5592152901557466
01098,0.16177432656738636
01099,0.19634487973523942
01100,0.2053571090576017
01101,0.20926356343148508
01102,0.8943464651929546
01103,0.6665170302448011
01104,0.3303146068815157
01105,0.6021326506711273
01106,0.7904604294417926
01107,0.3421335468301024
01108,0.3960451481973797
01109,0.45421284046073745
01110,0.4989787475015621
01111,0.33273672211980815
01112,0.1824948317158618
01113,0.6854451435205959
01114,0.27307194048841243
01115,0.4632324756817308
01116,0.18577435878820303
01117,0.3835612659316514
01118,0.28392393806594735
01121,0.40283882301031865
01123,0.7547805931563821
01124,0.16270283710367042
01125,0.723471094661781
01127,0.6449581803288948
01128,0.5918062415644406
01129,0.47113747142103213
01130,0.25774166357911116
01133,0.4307843584448836
01134,0.6858231799212259
01135,0.5851052022215079
01136,0.8557176958026461
01138,0.364376989493185
01139,0.49886197549836847
01140,0.3525860780204257
01141,0.1771519690278335
01142,0.8895601837044533
01143,0.5640646029764639
01145,0.7058337631002165
01146,0.7372203302772639
01147,0.22379414430833813
01148,0.4809593360712386
01149,0.32118186421739814
01150,0.8145263247989769
01151,0.37925521673829427
01152,0.4072129385715884
01153,0.545451261019065
01154,0.0
01155,0.33236110347495723
01156,0.5544356958767499
01157,0.6711892677567312
01158,0.48530068474729554
01159,0.6921713690302117
01160,0.6774735925076705
01162,0.38901514095770645
01163,0.43924013846991894
01165,0.6321161532241846
01166,0.7390921071641525
01167,0.7629899802547072
01169,0.6761910501802456
01170,0.4196473772691556
01171,0.5092666647777052
01173,0.5344108071076477
01174,0.47611708788194296
01175,0.8660543905537498
01177,0.7974190120103753
01179,0.7286751356857618
01180,0.7186993110915557
01181,0.38555842294839787
01183,0.6166282714145808
01184,0.7360594359526109
01185,0.20300470094619308
01187,0.13169627229511208
01188,0.8227077027618894
01189,0.2403617536745621
01190,0.23566228641992726
01191,0.3697213500579583
01192,0.3522709418166774
01193,0.521061152938477
01194,0.7548311753897975
01195,0.5378590132717432
01196,0.46444796609508976
01197,0.5687132365373574
01198,0.5657492851140026
01199,0.49410217195466277
01200,0.46734709087968357
01202,0.1944002055968926
01203,0.8683547939211863
01204,0.16055640738189203
01206,0.37589494313079524
01207,0.6794038347076009
01208,0.4109259163226497
01209,0.2894823081834812
01210,0.509233386248188
01211,0.6932726134725193
01212,0.39133248348409894
01213,0.2165077027784804
01214,0.4996779989306794
01215,0.266109619461111
01216,0.3223990699223483
01219,0.2028232442923608
01224,0.6916508498680031
01225,0.7317502210062182
01227,0.3702975334702261
01228,0.35702319455834103
01229,0.5691596308161774
01230,0.582152707055014
01231,0.6995312674081818
01232,0.293272888355262
01233,0.4300740520107427
01234,0.33162176916079716
01235,0.4989125585447621
01236,0.7792396133309175
01237,0.1886846432925667
01238,0.6449073755141131
01239,0.5040469042275064
01240,0.5602141096612027
01241,0.48071323485827583
01242,0.6044075803085057
01243,0.6152536291187639
01244,0.2499825291509675
01245,0.7142232947631303
01246,0.5029028810943531
01247,0.5423525398867346
01248,0.6555505071583787
01249,0.8026159027873621
01250,0.6908032750513966
01252,0.8043543430568412
01254,0.5046190281752776
01255,0.15939688299590402
01257,0.20864341975368872
01258,0.628145525354516
01259,0.6744198803329476
01260,0.5647564476649588
01261,0.6390359009440082
01262,0.826514028759365
01263,0.5661117274465371
01264,0.666421516947867
01265,0.1713611108353433
01266,0.4825475267182362
01267,0.3510668033170354
01268,0.6111288609826007
01269,0.17554151453255398
01272,0.6512754238494161
01273,0.39069222857428265
01274,0.2129567202757402
01275,0.8430919682372595
01276,0.9044469919555459
01277,0.3102205263759487
01279,0.3310797857314866
01280,0.21035017040140191
01281,0.7021588629902374
01282,0.3173317135499936
01283,0.6168405252138912
01284,0.7010546660180067
01285,0.6465423901070536
01286,0.559425266665829
01288,0.47754630577837
01289,0.3994462465000592
01290,0.6297980673344118
01291,0.5790896450834827
01293,0.43535013923378374
01294,0.6072699903808515
01295,0.6858024672136808
01296,0.5291134882795546
01297,0.8539311228807209
01298,0.3910658218652661
01299,0.38475992374731055
01301,0.37172496905583546
01302,0.40890453123547726
01303,0.5644045860072909
01304,0.3937243452082992
01305,0.5865796799623656
01306,0.7013241254413436
01307,0.24475323876724597
01308,0.5058939561597247
01309,0.692155028608763
01310,0.48372722992502865
01311,0.21857288419005538
01313,0.6279991344751817
01314,0.28140196521512967
01317,0.5725116449316519
01318,0.6846408238977723
01319,0.6484147676840354
01320,0.64182891132267
01321,0.5336112881665014
01322,0.6095203547896182
01323,0.6453428067872431
01325,0.5244889032633826
01328,0.47757416050489043
01329,0.20553561233083117
01330,0.3394301785812983
01331,0.464003677011561
01332,0.6633641267119333
01333,0.6172995864398695
01334,0.8562548214315427
01335,0.6429432752217866
01336,0.7260479727575585
01337,0.582717029648053
01338,0.3633364781305972
01339,0.6666810940730227
01342,0.9043611448737175
01343,0.5701442908025859
01344,0.4666235843394193
01345,0.26790236189909405
01346,0.5405917161878516
01347,0.6514548789123668
01348,0.6667653741138458
01349,0.5435400214455385
01350,0.5064111555276111
01351,0.7682854944575174
01352,0.8300103116448688
01353,0.6640682489101387
01354,0.6265057768613187
01355,0.5990148630740887
01356,0.4756816533371138
01357,0.21820970450388713
01358,0.20738999770821723
01359,0.5731995827795976
01360,0.525128494916625
01361,0.6431881474621418
01362,0.6878802635478914
01363,0.2693159026583748
01364,0.7932551312126771
01365,0.6493758360270109
01366,0.20870382004965804
01367,0.5574624983400024
01368,0.8185540486577637
01369,0.5701278783234791
01370,0.7426627624965616
01371,0.6263185545135945
01372,0.2864331447194713
01373,0.1712851180010885
01374,0.38217240496046506
01375,0.33894720178478516
01376,0.8687440981158704
01378,0.6738530747631573
01379,0.23340918807705271
01380,0.4390654411309906
01381,0.5787411328148985
01382,0.6979748172409449
01383,0.6558967817278641
01384,0.3342059403181757
01385,0.7094329367756295
01386,0.21010551299990418
01387,0.83336667010171
01388,0.6208260276104816
01389,0.628031238715585
01390,0.647319000610733
01391,0.6507875612142225
01392,0.43456512653244567
01393,0.3597309223844636
01396,0.2328493228375961
01397,0.7733519500894793
01398,0.6660712583477958
01399,0.7332388745805023
01400,0.23416303190240143
01401,0.5609613404941428
01402,0.5916527702617062
01403,0.23037722577184197
01404,0.7387647824492647
01405,0.7181614458516495
01406,0.8802034681889733
01407,0.4170830791101852
01408,0.7921854713573717
01410,0.711108802623034
01411,0.24328147610017323
01412,0.6835540441652229
01415,0.42097663781497824
01416,0.27496879601896657
01418,0.9002339984792614
01419,0.5383661602075981
01420,0.7209428811281263
01421,0.23523718286089504
01422,0.5563256493218319
01423,0.6673463866045252
01424,0.8412807807345096
01425,0.4946627177500658
01426,0.6121338031332507
01427,0.5838369165004483
01428,0.8498901023771422
01429,0.6258886612397638
01430,0.4381982429550492
01431,0.24644506905394123
01432,0.6540591049748206
01433,0.6965298970369656
01434,0.4660061685365508
01435,0.7140835717203228
01436,0.598469789880831
01437,0.8646494252539488
01439,0.8106301176746905
01441,0.1245434151655435
01443,0.49311355304739496
01444,0.2244012664853007
01445,0.3425211987407326
01446,0.7135072479644404
01447,0.75592531443715
01448,0.14200004863072374
01449,0.25974672856344655
01450,0.17559292492861464
01451,0.3331023161690671
01452,0.20986012497618964
01453,0.30748207875591865
01454,0.5166469472629531
01456,0.38130312687900975
01457,0.49675674041539636
01600,0.0
01800,0.0
02001,0.552429348678069
02002,0.5976456329124292
02003,0.5187032361785741
02004,0.1123445987159773
02005,0.531299038180509
02006,0.7390234422668814
02007,0.5941510682338652
02008,0.5426557620325066
02009,0.7063556057809205
02010,0.5532235944934845
02011,0.40936275737168476
02012,0.6471395867819604
02013,0.25127852055505895
02014,0.4932867448831642
02015,0.42368546523044043
02016,0.462125220832937
02017,0.48178971576821644
02018,0.6187427519748812
02019,0.8520124773321388
02020,0.2298633401873004
02021,0.24117206897328936
02022,0.6531772277177887
02023,0.4603250221926249
02024,0.6432122449997956
02025,0.8682346164639335
02027,0.35411930732811886
02028,0.4528541491612296
02029,0.7403083792394157
02030,0.6963238858869524
02031,0.1742761790024244
02032,0.8315136488964147
02033,0.603707649488669
02034,0.6759954856153594
02035,0.1241177173523537
02036,0.5444706339655669
02037,0.423613410504335
02038,0.25008037627650825
02039,0.26450098878053485
02040,0.2813087283762767
02041,0.5217597441822558
02042,0.7059751409408768
02043,0.7052747947724747
02044,0.2564937505892305
02046,0.4564302643107913
02047,0.42427226930483747
02048,0.4046992067332665
02049,0.48084306456341935
02050,0.2988294364169934
02051,0.2605099839525267
02052,0.7442919958954105
02053,0.3817096049152055
02054,0.23834262578632645
02055,0.3051406589368147
02056,0.684855466176553
02057,0.8014072329167123
02058,0.4591209559890273
02059,0.543744657989872
02060,0.7465542519795276
02061,0.7258385316447056
02062,0.3308905633379367
02063,0.7444537199058301
02064,0.7518244412993202
02065,0.6849470918041707
02066,0.7373096864688593
02067,0.24437778577185051
02068,0.09076780075414713
02069,0.1432068807258077
02070,0.815395083928221
02071,0.4044994319566497
02072,0.6150635949519763
02073,0.5704550397918298
02074,0.5721523347938983
02075,0.721577907600047
02076,0.5736626306038207
02077,0.4149322199415291
02078,0.5998678890653829
02079,0.3725854038998598
02080,0.6942133192687927
02081,0.6191701225697214
02082,0.625360186625587
02083,0.20999720443463185
02084,0.3770026025501374
02085,0.3097398837395035
02086,0.4882102501152868
02087,0.6932617398883951
02088,0.713775990922477
02089,0.6207962946460999
02090,0.40745689981494815
02091,0.32799566759407917
02093,0.5488740324072751
02094,0.3558196206728798
02095,0.6731334982567251
02096,0.5074511608030757
02097,0.13746535564914855
02098,0.6686450989432046
02099,0.4645115220986267
02100,0.6851125131216155
02101,0.34627723277827066
02102,0.598627911364539
02103,0.1606081156037375
02104,0.8144356739818113
02105,0.3591374027275722
02106,0.49908346116182994
02107,0.6199616090735433
02108,0.5066155655831627
02109,0.21832813514333602
02110,0.42757397020188176
02111,0.7296566169795747
02112,0.8397711603715227
02114,0.49658973001576756
02115,0.584987206904095
02116,0.18764230648051441
02117,0.8536577766113238
02118,0.5442353392312399
02119,0.4847707157859509
02120,0.5002807917707052
02121,0.33668872467876826
02122,0.668762458088353
02123,0.7811867063260044
02124,0.7912810576861685
02125,0.46439292882723165
02126,0.19424930852247244
02127,0.43813772907404874
02128,0.5001487210301031
02129,0.337802514720888
02130,0.3955797814108119
02131,0.5263527942537387
02132,0.6784957234866235
02133,0.3122532760833838
02134,0.405134624790072
02135,0.1777478079686746
02136,0.08773888167544346
02137,0.35607256006602056
02138,0.5500383267200478
02139,0.6116233718820934
02140,0.5583296047184728
02141,0.2980071381267728
02142,0.7816724201642943
02143,0.722450944707401
02144,0.7595577012732097
02145,0.5482881640440804
02146,0.4843605668797721
02148,0.5257258772192276
02149,0.7462376907270759
02150,0.722839305808177
02151,0.6905132569890493
02152,0.5384929155669992
02153,0.6051408495258229
02154,0.6583393222158582
02155,0.45108901981732724
02156,0.3695799947018555
02157,0.5015223177237732
02158,0.7350644060830259
02159,0.5109859417265618
02160,0.11538980730926496
02162,0.6713009566403457
02163,0.28205865630669646
02164,0.32571786609230563
02165,0.4185655023834241
02166,0.246988148217567
02167,0.4835637112305606
02168,0.37908674591955555
02169,0.18552794157507344
02170,0.8311844589304337
02171,0.546111319382813
02172,0.3352583994799714
02173,0.6010823250775322
02174,0.5050106379060855
02175,0.735922929935624
02176,0.6680206137437512
02177,0.7374047106298297
02178,0.6785670492531247
02179,0.33101223422281895
02180,0.37821861875724405
02181,0.14478733562317467
02182,0.10153259014799397
02183,0.4794615210801294
02184,0.372557940487732
02185,0.42174788196548246
02186,0.561473385935284
02187,0.44996360766281224
02188,0.1630572312512952
02189,0.5189734150963548
02190,0.4909919814780754
02191,0.6128399907451733
02192,0.38459778102297887
02193,0.41312497332955805
02194,0.09436989651339434
02195,0.5161992254263721
02196,0.5652428066306966
02197,0.3202541160876366
02198,0.535466332622758
02199,0.8149107783950398
02200,0.12030893073903513
02201,0.24816969652425902
02203,0.39094790784091193
02204,0.459005611579199
02205,0.6451930954961026
02206,0.30513777278600845
02207,0.5415841437195299
02208,0.7384537882354797
02209,0.5049729908824507
02210,0.5955069620365923
02211,0.5113491053434734
02212,0.6947525520436036
02213,0.4865626990191785
02214,0.8584041633803275
02215,0.494068268475046
02216,0.21305542149778423
02217,0.6110478548581106
02218,0.37668383071804973
02219,0.7098833118985429
02220,0.34055442083089194
02221,0.368917934483008
02222,0.4508976544809351
02223,0.535894995018225
02224,0.5164212158527824
02225,0.36847328763800585
02226,0.5705910040662561
02227,0.27549768496618726
02228,0.4530470936983429
02229,0.6359103801188967
02230,0.5610737017304247
02231,0.3310692787471127
02232,0.0816099615679417
02233,0.648346451669333
02234,0.5833411568418175
02235,0.5472234977622085
02236,0.6716296769278828
02237,0.5050011417680246
02238,0.5806760283094582
02239,0.498798718243441
02240,0.8713403786578399
02241,0.4708129907994622
02242,0.6142977258890642
02243,0.5255682564155938
02244,0.17353791325394605
02245,0.6995883793177207
02246,0.8288849303755245
02248,0.48367884363519636
02249,0.6926764081912403
02250,0.4008183844217661
02251,0.3171978885121015
02252,0.5323157090758385
02253,0.6348972848030988
02254,0.4960414306891799
02255,0.66055879789959
02256,0.20969262788613074
02257,0.8012425799127074
02258,0.36861624980743013
02259,0.16895512837458004
02260,0.5632158515591517
02261,0.3448203962079923
02262,0.4695184785329792
02263,0.4394158774578192
02264,0.06640489080586583
02265,0.24570039191555146
02266,0.2750900732710947
02267,0.3119534507947486
02268,0.34163996851060413
02269,0.19220152817952804
02270,0.8378148219762656
02271,0.39569235351503446
02272,0.6589567083845388
02273,0.8448980829834767
02274,0.3079481969064235
02275,0.4535832510814662
02276,0.3171698561756894
02277,0.6915649233638302
02278,0.45434502826595535
02279,0.26028110202707094
02280,0.29434045272702475
02281,0.5772185888088254
02282,0.4892437897404774
02283,0.2454435275768757
02284,0.4088212120874139
02286,0.21479071869679436
02287,0.7351350345292987
02288,0.8900212738707797
02289,0.5999688883643866
02290,0.3911853603275736
02291,0.6924188570803002
02292,0.5453167563744996
02293,0.8630723706645353
02294,0.5489775891001737
02295,0.20459785892772483
02296,0.7252831896677305
02297,0.42020453128432084
02298,0.17391016165097914
02299,0.25188390811104994
02302,0.37695588376134476
02303,0.87235217369397
02304,0.5462973267636341
02305,0.1546196139959138
02306,0.4821820185064878
02307,0.2683999065673403
02308,0.23796124445062006
02309,0.4377805424787997
02310,0.8807501388393238
02311,0.6191113823196595
02312,0.25146421703972927
02313,0.14666824305396897
02315,0.8158162306353169
02316,0.1998843242708724
02317,0.8463510602892542
02318,0.45752664749558924
02319,0.8813345105690308
02320,0.8134463972193808
02321,0.14201554932996882
02322,0.8412181772288604
02323,0.8670311406800475
02324,0.25901995496719527
02326,0.5809427709132869
02327,0.8099507561354544
02328,0.5084869927185384
02329,0.576884897750488
02330,0.8398231185059636
02331,0.10328622647493767
02332,0.29085665899654184
02333,0.5663024108663879
02334,0.8241852346828571
02335,0.6101143943313588
02336,0.766662910520004
02337,0.27944472954577065
02338,0.38591358464349906
02339,0.46927755782938224
02340,0.8811245830205284
02341,0.148709781218889
02342,0.2923282958666602
02343,0.8317490694433829
02345,0.8275902121466688
02346,0.5373823177210233
02347,0.39918944593456346
02349,0.6420555345236377
02350,0.41193106653841954
02351,0.08168650618893424
02352,0.7037053938948704
02353,0.4283862291859357
02354,0.052835778510356736
02355,0.7999423345707309
02356,0.31089739297756314
02357,0.15219855267046453
02358,0.5587384516373193
02359,0.820088282773185
02360,0.24975024938849585
02361,0.23423313477293495
02362,0.5765484728613761
02363,0.6180903758008123
02364,0.7629965190906036
02366,0.2164007358717046
02367,0.8719826836953603
02368,0.08125567839807275
02369,0.15507327172225352
02370,0.6741235745443114
02371,0.8506425684809132
02372,0.4770228729459584
02373,0.07805743367851758
02374,0.7953134897362841
02375,0.38020708589381896
02376,0.8162890257678926
02377,0.1858697739255227
02378,0.34008910586405655
02379,0.1038234920040186
02380,0.8357614937234737
02381,0.22802717028345806
02382,0.8038323822418162
02383,0.8504700282881746
02384,0.11737647420009105
02385,0.10516904795239446
02386,0.20177281658134713
02387,0.7664922348468916
02388,0.29488867258021384
02389,0.2613172773959808
02390,0.8005704082031645
02391,0.2730664573574883
02392,0.7273400476071665
02393,0.5315844171484022
02395,0.7034698301153895
02396,0.5273535715641788
02397,0.7882244737525043
02398,0.6781335844998425
02399,0.3208824739742973
02400,0.527798808079726
02401,0.1496610239943409
02402,0.7415185358728499
02403,0.17417526585196783
02404,0.2537781932498693
02405,0.30257262037160354
02406,0.6845051566866921
02407,0.5106082106988966
02408,0.36871150358331634
02409,0.21393328586588856
02410,0.08564439440249833
02411,0.32300202180973897
02412,0.6654629571904057
02413,0.5286025377180473
02414,0.20670813292443355
02415,0.45617256390979066
02416,0.25113820351939553
02417,0.7490980497132075
02418,0.23418618625082935
02419,0.2696790586808923
02420,0.8163789732723062
02421,0.5437225874598816
02422,0.16902619083795156
02423,0.6418538058226025
02424,0.5632068899403166
02425,0.2761657944539364
02426,0.7559090928829718
02427,0.6356039169360982
02428,0.3782174726516843
02429,0.6948104689635389
02430,0.4525632371434467
02431,0.7837164427229529
02432,0.4972417605930531
02433,0.20370836973188292
02435,0.18987168869507468
02438,0.24242981633706798
02439,0.22967520261867472
02440,0.20335927437503645
02441,0.42017909295416783
02442,0.5288509747755018
02443,0.3615039137421146
02444,0.09759563522840359
02445,0.31157078836431723
02446,0.8131908179280574
02447,0.7098722120064851
02448,0.526886253624481
02449,0.3480220791905057
02450,0.36452129109226367
02451,0.7540445910951298
02452,0.7796768814297731
02453,0.4073451812687267
02454,0.1917133655834964
02455,0.17751333400435163
02456,0.5423328559691001
02457,0.402466559560453
02458,0.4238767094044856
02459,0.8404771143098291
02460,0.2651149052253434
02461,0.586795745333813
02462,0.29310303595239134
02463,0.07047905528142288
02464,0.5344336561806273
02465,0.3254578613116544
02466,0.26296857796405787
02467,0.3250778719610184
02468,0.16718883947803231
02469,0.25586812967760136
02470,0.4113832069927817
02471,0.7291471263585958
02472,0.3960888752495024
02473,0.7907264190826201
02474,0.792308862615967
02476,0.6824782722077493
02477,0.5371818512089624
02478,0.6198827161928798
02480,0.33662472002755406
02481,0.8073099532259289
02482,0.7514183216736209
02483,0.720345831236286
02484,0.48095911319659645
02485,0.382198255856544
02486,0.5512775139415834
02487,0.5587751058385741
02488,0.853268968952562
02489,0.6456133448857215
02490,0.47822793722603735
02491,0.08168088354039373
02492,0.4086582622583697
02493,0.4408621260339171
02494,0.21206000113976178
02495,0.2628312721037011
02496,0.351507784936916
02497,0.4684092235428297
02498,0.5054007686268461
02499,0.4830198439618683
02500,0.8387660444721744
02501,0.7026443553864118
02502,0.31370698348894893
02503,0.8006056243901991
02504,0.7990239258381453
02505,0.5335851890128448
02506,0.21340404097016227
02507,0.324082089135357
02508,0.6945926518914355
02509,0.5328619894960628
02510,0.5088055068233112
02511,0.8636661779711275
02512,0.42912651545021513
02513,0.19058811303216758
02514,0.362235518595548
02515,0.5576594669152838
02516,0.1376415529149994
02517,0.5825253329036838
02518,0.4902694937545033
02519,0.11589108507071183
02520,0.4117788352038914
02521,0.28613765368767125
02522,0.29157905867351036
02523,0.2497239627935164
02524,0.27503042909148356
02525,0.8267716528136031
02526,0.342803607747115
02527,0.6758120010204595
02528,0.4299098144660613
02529,0.37316591126968573
02530,0.6346598120710579
02531,0.547151615152255
02532,0.687458306249015
02533,0.7229113503306558
02534,0.6232939513392628
02535,0.19770350457321884
02536,0.7184292752511396
02537,0.5348889453148421
02538,0.43968210631128946
02539,0.7143854066007872
02540,0.37918662718474105
02541,0.40318425448443335
02542,0.6700914870713026
02543,0.3474672786554022
02544,0.36299849862303163
02545,0.419385548983299
02546,0.7054249896422476
02547,0.11539103779544196
02548,0.18769799946697088
02549,0.8010208642185567
02550,0.7407666267557892
02551,0.5382013271199951
02552,0.8249736656992966
02553,0.179561505363659
02554,0.5181825942037527
02555,0.5158855293979586
02556,0.13954016120171184
02557,0.39949481330203335
02558,0.18163934018166886
02559,0.43057941434042996
02560,0.5055731607713599
02561,0.5573989896847401
02562,0.5494342981536047
02563,0.6523624365275469
02564,0.640506429907204
02565,0.6010066889778161
02566,0.597838015694606
02567,0.3163908659123429
02568,0.2561042084667279
02569,0.2255729982369071
02570,0.8546558986895961
02571,0.8292829266149102
02572,0.734858671178737
02573,0.7165591857751205
02574,0.19506632966367912
02575,0.7163607155730832
02576,0.6550659293943614
02577,0.6628034531724768
02578,0.6244200086866191
02579,0.49551464426953057
02580,0.6481725648537237
02581,0.41351600318918186
02582,0.6405766511904547
02583,0.6733800202933663
02584,0.32579157548588417
02585,0.45522628091777867
02586,0.17371027682836426
02587,0.5050420278272134
02588,0.5762466479377872
02589,0.531909634144429
02590,0.5266704036249482
02591,0.4726718704298774
02592,0.5554561386716172
02593,0.6172164610034758
02594,0.29203582627994445
02595,0.4723125473702298
02596,0.599585106564487
02598,0.3799845509701887
02599,0.5641514516311463
02600,0.5073580230294841
02601,0.5780043069012576
02602,0.49875494188687175
02604,0.8322590503971349
02605,0.7885020835936016
02606,0.4459887937609122
02607,0.43714349663842905
02608,0.28348470794784547
02609,0.6707467471749311
02610,0.6237032803393864
02612,0.5032955558165935
02613,0.19412183033168054
02614,0.7117613112612258
02615,0.7496204660919962
02616,0.6625098224620005
02617,0.32094818239226935
02618,0.7665038235309476
02619,0.6082857643936961
02620,0.566392633886459
02621,0.5687683363621813
02622,0.36447286976639764
02623,0.11254225472027941
02624,0.2616060073636596
02625,0.2954582054644471
02626,0.2111217665372179
02627,0.19939611851171393
02628,0.2086853521652273
02629,0.10348559807255908
02631,0.5605530848845875
02632,0.6878386394879649
02633,0.525969470368972
02634,0.054181379402355796
02635,0.8187461310974412
02636,0.8278430882871474
02637,0.8874611056967066
02638,0.3656327637499821
02639,0.8046224387716535
02640,0.5817303681045963
02641,0.20590343760757293
02642,0.04752471387163141
02643,0.3623163603534117
02644,0.3242037106240736
02645,0.4812828551660082
02647,0.8519440253277528
02648,0.7518455296983518
02649,0.4844509720036094
02650,0.4091569383245249
02651,0.5928716844438863
02652,0.11201966426836811
02653,0.6411630769650557
02654,0.1767597007868595
02655,0.23061182858268303
02656,0.7685401746487459
02657,0.07962354922445783
02658,0.8659053861241857
02659,0.8408717516766341
02660,0.05268233761937786
02661,0.485368071531419
02662,0.455893042293195
02663,0.6692641596064557
02664,0.5524177063548709
02665,0.632626062309607
02666,0.057757687358424147
02667,0.42096770199695327
02668,0.08200781218927207
02670,0.3367356488173227
02671,0.7218596169021027
02672,0.37817922642838747
02673,0.5780728555230618
02674,0.2357036553543499
02675,0.6121275599937104
02676,0.4829053688512768
02677,0.5363026456508749
02678,0.1360452802081353
02679,0.4016259331759544
02680,0.5192487087046657
02681,0.11697119062271255
02682,0.5744672578402944
02683,0.8693649519953995
02684,0.2409550264316381
02685,0.6455133336515838
02686,0.595306360109345
02687,0.25636344080144147
02688,0.08266841413311142
02689,0.2923431861859432
02690,0.5306563780769834
02691,0.6799175157967093
02693,0.4200394199174832
02694,0.8602449255177973
02696,0.6202611226426534
02697,0.4601371756094524
02698,0.5393553277200551
02699,0.3093320852610587
02701,0.6154156939201118
02702,0.8087680782979
02703,0.7656760563718535
02704,0.6687989558906359
02705,0.18780150592849107
02706,0.635001828770025
02707,0.6214667194805519
02708,0.8540444858981271
02709,0.7993062932076432
02710,0.837504277954927
02711,0.6041643582190229
02712,0.13410757199777382
02713,0.2686051857589625
02714,0.5827231627924877
02715,0.38387399542429484
02716,0.4865090647190849
02717,0.8012552261998697
02718,0.24487684898568152
02719,0.45261733379824437
02720,0.1829585373980094
02721,0.7992168524792497
02722,0.5436087976259079
02723,0.14758995190057103
02724,0.3723196978687248
02725,0.33228328761439424
02726,0.8258271673701874
02727,0.10890220128972843
02728,0.22993571847787778
02729,0.23349364949392415
02730,0.6118956767808583
02731,0.2591050592835024
02732,0.7452186856440787
02734,0.13358799723458584
02735,0.6358741032648828
02736,0.6069720883404347
02737,0.09236870216010097
02738,0.48878321552595017
02739,0.5003677883549243
02740,0.15345283439022525
02741,0.808689566294669
02742,0.1383409129222676
02743,0.11054988825290867
02744,0.34732164178702757
02745,0.39136851073609935
02746,0.638445450714891
02747,0.74252568367534
02748,0.1911013029192068
02749,0.2355838001272462
02750,0.6631897020097772
02751,0.6338922191779773
02752,0.8581809447498848
02753,0.2311788349082831
02754,0.6201808613377483
02755,0.4496216550987833
02756,0.7884358882507265
02757,0.16958761943309217
02758,0.5199073092979826
02759,0.25171482432538633
02760,0.8425910522652925
02761,0.4966153761312199
02762,0.68511217102902
02763,0.5403901403608922
02764,0.6096742552835609
02765,0.5200238920688115
02766,0.5214073248027152
02767,0.6684926845384064
02768,0.47297653525625644
02769,0.6788957321034381
02770,0.6714307096107656
02772,0.8351519932917624
02773,0.4733225129202328
02774,0.7433078603880124
02775,0.7602418904887
02776,0.5876955453587751
02777,0.5259397434602936
02778,0.6421014482487349
02779,0.22674637515888163
02780,0.5972576796318406
02781,0.44838761532506693
02782,0.8213017447786566
02783,0.2286300986866708
02784,0.4168650084119046
02785,0.7274703688820215
02786,0.630158288536373
02787,0.4292757537073952
02788,0.40371439632598644
02789,0.16861968480397402
02790,0.5696184000206854
02791,0.484030803637929
02792,0.445245791563162
02793,0.6776020719927125
02794,0.10186793679004115
02795,0.4036628130471575
02796,0.3084638055122235
02797,0.49333846986526403
02798,0.5295430024012071
02799,0.30433476254593744
02800,0.5613990340064948
02801,0.2238080208803359
02802,0.12603621887088662
02803,0.31162971366306824
02804,0.5142534794249388
02805,0.6473087586259495
02806,0.47097165684444
02807,0.6507027285680257
02808,0.7010203849179287
02809,0.10672186226158407
02810,0.18013917583195801
02812,0.4325510904045002
02813,0.7498044651739658
02814,0.16879032492856458
02815,0.814574402177023
02816,0.23921894931004836
02817,0.35399729912671196
02818,0.3091667569606128
02819,0.16617705239787858
02820,0.8197330294617927
02821,0.3962566079770962
02822,0.20032582238068128
02823,0.09054607150859333
02824,0.5793842396718307
02826,0.10084522407606465
02827,0.24862335334019148
02828,0.5146203675855295
02829,0.5208263380206944
02830,0.5139183126396781
02831,0.3660994990148214
02832,0.17410811456292327
02833,0.3789878646362475
02834,0.6928742473520311
02860,0.0
02880,0.0
03001,0.7786249646511068
03002,0.5105058227007768
03003,0.2660052152007113
03004,0.12597996136567952
03005,0.6478079614564601
03006,0.149255388981384
03007,0.6209322929517359
03008,0.5094183669045438
03009,0.3230912808796886
03010,0.4226989493395272
03011,0.3441776797671499
03012,0.5930716295966867
03013,0.5598158889878284
03014,0.5344650372060974
03015,0.3723841396454705
03016,0.44224538488817977
03017,0.1424255686846751
03018,0.43584355976000916
03019,0.12555263357879334
03020,0.7595814334588366
03021,0.3094921652645455
03022,0.5237123972872553
03023,0.5752159201783852
03024,0.15394819759951525
03025,0.4419264998057097
03026,0.44338481733311846
03027,0.8243594283397716
03028,0.3511381609650584
03029,0.3532511820752575
03030,0.5424760070858903
03031,0.6062077529769782
03032,0.669657390463318
03033,0.5936194819016164
03034,0.12104166478011595
03035,0.409092266414465
03036,0.21229501721597624
03037,0.1479470667935627
03038,0.4159320929182682
03039,0.42030421262433193
03040,0.4925643801763074
03041,0.08614157440316261
03042,0.28625913808137565
03043,0.4104366884307973
03044,0.5486537105312138
03045,0.6008645627861793
03046,0.6796556388330587
03047,0.5706291269528788
03048,0.10798377557379542
03049,0.37788065879018107
03050,0.7545509623832269
03051,0.6769704437222982
03052,0.8228455379965828
03053,0.4634433574530426
03054,0.4281898850194059
03055,0.6344199696868962
03056,0.5519288725188544
03057,0.592064356094994
03058,0.6206490765971998
03059,0.27411685398736557
03060,0.7240571545264497
03061,0.38061515040277244
03062,0.5342791273493037
03063,0.4184525424311949
03064,0.23450306113946054
03065,0.3934656161889669
03066,0.11676024881643417
03067,0.33558001394027553
03068,0.11097995501885376
03069,0.4903041342575409
03070,0.8414022652612233
03071,0.31309923081328234
03072,0.4607264843864591
03073,0.4777549913041334
03074,0.5981477085914041
03075,0.6333975297709302
03076,0.472562427705234
03077,0.7032953984010377
03078,0.5783679691430389
03079,0.08949598079199365
03080,0.5674596334230263
03081,0.7515947579042314
03082,0.6515692757417382
03083,0.24392541886728028
03084,0.413985795122471
03085,0.7155751531244986
03086,0.3999575418999141
03087,0.4939528980562254
03088,0.6493335316092652
03089,0.7264831709352803
03090,0.44939693751820525
03091,0.421473905949241
03092,0.44366933778666895
03093,0.5069826777058827
03094,0.5521127026359085
03095,0.43279227265955833
03096,0.6209045763431712
03097,0.6099023105632998
03098,0.512730713684559
03099,0.5537159882791207
03100,0.17734820192078063
03101,0.5165530884369024
03102,0.20462757651191432
03103,0.17123788173205787
03104,0.8792000663151738
03105,0.11371984182033613
03106,0.6482930695808556
03107,0.2669834920186477
03108,0.7271741031112268
03109,0.4892576567329087
03110,0.5632419565007948
03111,0.4978209891074344
03112,0.3376423320364976
03113,0.2963031428818687
03114,0.32240276447070154
03115,0.4493998305159577
03116,0.599994631499955
03117,0.15465887034525994
03118,0.22231000975032614
03119,0.22995095675522173
03120,0.29689236862225304
03121,0.5330190689435468
03122,0.11722875312458754
03124,0.47573946133786027
03125,0.7538205802697585
03126,0.6835999091383828
03127,0.2992071517223062
03128,0.38914464808724686
03129,0.7023770131348567
03130,0.1297295181351088
03131,0.5308630538756351
03132,0.2731021759457642
03133,0.355073197098741
03134,0.47678760527959546
03135,0.6582807382140402
03136,0.42627135620463735
03137,0.3512292357458218
03138,0.16888994836132773
03139,0.7827710860582063
03140,0.5348670303517774
03141,0.7618139035804218
03142,0.17216491382990784
03143,0.2946143878294382
03144,0.3033451410131465
03145,0.6990452400511366
03146,0.20856777765732296
03147,0.16903582707882828
03148,0.4655148012980539
03149,0.24710192684397284
03150,0.319645973395848
03151,0.7664392090914997
03152,0.8633944189881925
03154,0.5002678538125964
03155,0.18895153172445758
03156,0.3931355539166925
03157,0.29454593163268533
03158,0.398755842296364
03159,0.8154210959287025
03160,0.46009368938296896
03161,0.23478841188302332
03162,0.6542284561843291
03163,0.5173878317546626
03164,0.40296704467071615
03165,0.36639059213956293
03166,0.3399888841686369
03167,0.5609973561864355
03168,0.06373959042475903
03169,0.3810063262963195
03170,0.5579340816255086
03171,0.3621178740580775
03172,0.7071065279980888
03173,0.35717108473478093
03174,0.5093237303515309
03175,0.4398537370431752
03176,0.3396129791426983
03177,0.3785142128819678
03178,0.16035696893609264
03179,0.22370212234516407
03180,0.4373764227060215
03181,0.2828956169811241
03182,0.39354458927374053
03183,0.5045895027531228
03184,0.45381732069634834
03185,0.38525534435317343
03186,0.6913623468884896
03187,0.19223487623428523
03188,0.28311754821098173
03189,0.8001425507782874
03190,0.3808456439767942
03191,0.8405421801485912
03192,0.7350136370813346
03193,0.39210087191726223
03194,0.3970049338613024
03195,0.5257818958948935
03196,0.2607959810152753
03197,0.440222081992226
03198,0.27202793775391076
03200,0.5451527582533799
03201,0.5387912521140907
03202,0.6479709163153545
03203,0.31407047960035994
03204,0.3512627299358794
03205,0.3582017945871869
03206,0.47532166461189607
03207,0.29356900265095104
03208,0.38110943433172273
03209,0.4091853882843283
03210,0.15272034037169954
03211,0.4059938639116578
03212,0.3584059354892439
03213,0.49956315709942634
03214,0.465155085941143
03215,0.1940002250310723
03216,0.4570248279887123
03217,0.4847453922870124
03218,0.12823214813127895
03219,0.6676457027627549
03220,0.20457292799470594
03221,0.20046939308678444
03222,0.12605195425995555
03223,0.46707174777880267
03224,0.08950726183881919
03225,0.4813726339113844
03226,0.31474400678958697
03227,0.4265862663849999
03228,0.03883751301155503
03229,0.6814808296581764
03230,0.5016404889537962
03231,0.16611315086580566
03232,0.4597125026542563
03233,0.6936799309127121
03234,0.3286427941927687
03235,0.3337805570207528
03236,0.47569184062835074
03237,0.3994923127688012
03238,0.6094356719099666
03239,0.4046125637544735
03240,0.39355500750789507
03241,0.0906627717207924
03242,0.2087151945696654
03243,0.6485595860419521
03244,0.2297779994943542
03245,0.3828245083298218
03246,0.4378956566872371
03247,0.5803620843005022
03248,0.15241662675307424
03249,0.19954826478364576
03250,0.11833266008253092
03251,0.13215237117368606
03252,0.46416560569771953
03253,0.3485888282006672
03254,0.2371920929094622
03255,0.3884132172871357
03256,0.607961090617844
03257,0.16171594438811696
03258,0.5140455926928482
03259,0.5976965346420883
03260,0.5570959798266445
03261,0.6809230399012205
03262,0.5636184989155901
03263,0.42968044232185143
03264,0.6668859957304406
03265,0.29210835932858237
03266,0.3606882694789826
03267,0.26519764803167956
03268,0.4102692098154108
03269,0.7899916905005798
03270,0.6607929540181244
03271,0.5782899468227436
03272,0.15905292047471983
03273,0.5431708326612961
03274,0.2308010326823847
03275,0.5310578150876966
03276,0.31178313871258867
03277,0.578463213793654
03278,0.607759061819057
03279,0.6429566323140149
03280,0.5672563248449997
03281,0.4981297012756323
03282,0.1846181136104604
03283,0.3635246706078687
03284,0.3673623414956615
03285,0.7470613364298148
03286,0.6215352779643797
03287,0.46544595248195497
03288,0.4188613362561957
03289,0.3737131797753366
03290,0.5203460650475072
03291,0.13301383333311925
03292,0.3012172104010747
03293,0.2548276039307415
03294,0.4829659330920857
03295,0.6685043247147794
03296,0.1953650025791778
03297,0.16893486871553076
03298,0.2245667889161321
03299,0.16725860762450898
03300,0.24851117139217413
03301,0.5227086508663499
03302,0.6792291433262353
03303,0.6521431736260448
03304,0.5279680317675123
03305,0.49922076224350004
03306,0.6901727976504818
03307,0.3050059413909416
03308,0.8436343797058562
03309,0.23484626042229018
03310,0.5929586606512236
03311,0.2766348896552286
03312,0.4640228491201713
03313,0.09908961292084678
03314,0.6456275265379144
03315,0.7344591794120214
03316,0.3277264916309598
03317,0.639954544054093
03319,0.5528142668115535
03320,0.13143579263304658
03321,0.3309558282467655
03400,0.0
04000,0.0
04001,0.4204482455930467
04004,0.4300074632114317
04005,0.30022803039688106
04006,0.3862302568941511
04007,0.4048740348509627
04008,0.23039168731021087
04009,0.5562444819871348
04012,0.607646339538674
04013,0.6757556552270446
04016,0.8354951723649409
04017,0.31520799224543566
04018,0.19253803914914722
04019,0.7348849812900516
04020,0.27675699087628647
04021,0.5787349795939107
04022,0.14327190272008386
04023,0.17445417301783572
04024,0.19962044147604496
04025,0.33447343227259374
04026,0.6050721003396452
04027,0.6060201283603011
04028,0.40398574520145036
04030,0.3849714985577186
04031,0.3392679308535241
04032,0.3994159568621718
04033,0.14815454308288067
04034,0.4038346055821431
04035,0.22202470457320753
04036,0.3292295605804574
04037,0.678153152148
04039,0.2740362324420917
04040,0.8262236059031558
04041,0.35672725301908964
04042,0.5195856902180714
04043,0.33617289762217023
04045,0.441414766973727
04046,0.4743152465669424
04047,0.5584153292179285
04049,0.3498883967303745
04050,0.7756490137120049
04051,0.746327914365552
04053,0.5513498394654409
04054,0.46939870941621975
04055,0.36075545881149584
04057,0.6644727788240362
04058,0.5001432705688194
04059,0.34812615529151625
04061,0.10195398803674834
04062,0.6251539627118564
04063,0.30943656579874906
04065,0.6631824401949217
04066,0.45125666416128957
04067,0.6145252619209813
04068,0.5337766305915751
04069,0.29916366036364866
04070,0.3006433954809666
04072,0.5157174375075386
04073,0.5891384826645726
04074,0.43314275508009453
04075,0.5856770742998102
04076,0.4314538653219986
04077,0.3280922272337843
04079,0.45897957882823337
04081,0.4347440172906995
04084,0.29999454960172434
04085,0.7695829805386764
04086,0.6447882496366296
04087,0.24348507892397953
04088,0.5057302758728637
04090,0.37995650099741246
04091,0.2911614345328829
04092,0.4035774204568306
04093,0.6884563664852209
04094,0.32729628918897813
04095,0.24552227316060107
04096,0.36546531792528164
04097,0.4549951020302283
04099,0.33983389999243174
04100,0.0
04101,0.22507311218746096
04102,0.3696824815242079
04104,0.49378941683322247
04106,0.36981905292772227
04107,0.5085099491314362
04108,0.3460069200386924
04109,0.5003757624065478
04110,0.4414367866243292
04111,0.45870591248938936
04112,0.47718902633214677
04113,0.41806434618844107
04115,0.2893026596980173
04116,0.16180790417249916
04118,0.5011449248660774
04120,0.555446979569879
04121,0.3202383862610965
04122,0.4498499727602023
04123,0.5271175496681848
04124,0.16642518606763415
04126,0.1958039692972083
04127,0.46370412816934636
04128,0.5077203659545555
04129,0.4863007901590306
04130,0.5101796826408673
04132,0.262847151515403
04133,0.14291452859798154
04134,0.6129213382417661
04135,0.2688351651536834
04136,0.16812481854955943
04137,0.8429666715621978
04138,0.3576023583348767
04139,0.8264359018844486
04140,0.1542062263304537
04141,0.25069163243911285
04142,0.3328570816527208
04143,0.24964747676529883
04144,0.2932796877294535
04145,0.5951200498720307
04148,0.24715248012533345
04149,0.2079115426732513
04150,0.5873785834103308
04151,0.33148724692467174
04152,0.3605946624556789
04154,0.2541526114448642
04155,0.2528522250439908
04156,0.46379152069518015
04157,0.09845724537654998
04158,0.13726275387618125
04159,0.14987149798419094
04160,0.4424470693019889
04161,0.4638134989993375
04162,0.537483625388893
04163,0.1955518538940895
04164,0.5199739801083016
04166,0.1650061069916029
04167,0.44520033638725237
04169,0.23207102649270062
04170,0.5296139154112353
04171,0.4729938008267816
04172,0.3760772617217274
04173,0.10648016193896313
04174,0.25289190705523074
04175,0.5073920695876643
04176,0.3383400962964369
04177,0.7129510907121087
04178,0.43468286186373845
04179,0.753074778703096
04180,0.4136440964040118
04181,0.34890026867325735
04182,0.2833370953775898
04183,0.4937968867366231
04184,0.39804932201552273
04186,0.25676347153637125
04187,0.2103406319496798
04188,0.4862275743656739
04189,0.4124425892899315
04190,0.5333623477656548
04191,0.28782305642397715
04192,0.48773271055720074
04193,0.25519861805697586
04194,0.5482391043067146
04195,0.5778097001305148
04197,0.3695738320314808
04199,0.8038660920836693
04200,0.6543479037252912
04201,0.223471407027391
04202,0.5569502243362909
04203,0.18874219341680606
04204,0.2205498364240268
04205,0.08952900131335324
04206,0.25648128301743184
04207,0.5426671845784231
04208,0.2996163832456651
04209,0.4051557353713104
04210,0.3269334473764865
04211,0.6266317238526061
04214,0.6504995940483363
04216,0.5209237319641472
04217,0.7637122416087183
04218,0.14779710823230238
04219,0.1790791720847221
04220,0.5594419444602713
04222,0.6625477092735357
04224,0.42307909570443963
04226,0.33425010913756764
04227,0.5542938281828595
04228,0.7761507732685393
04229,0.5903229702999766
04230,0.2817416758220634
04231,0.6358271260091041
04233,0.6078922461153032
04234,0.619745195909965
04235,0.19626842927026078
04236,0.4313825982734063
04237,0.2879941927323014
04240,0.2839157973663547
04241,0.5342819094890424
04242,0.2843008250981911
04244,0.5331554925965323
04245,0.37845530045019443
04370,0.0
04400,0.0
04401,0.0
04900,0.0
04901,0.0
05000,0.0
05001,0.06671764554297466
05003,0.15394926236070108
05004,0.39745716374024376
05006,0.5600576366578315
05007,0.49962372147701845
05008,0.3806024302871222
05009,0.08601271957187552
05010,0.37815086094345496
05011,0.5492649448996828
05012,0.3689494930969226
05013,0.38954185700861715
05014,0.6021372619320039
05016,0.30267075926285164
05017,0.3349165548765905
05018,0.6059694350017777
05019,0.5465960707907223
05021,0.3105357168187543
05022,0.5765918986744009
05023,0.6592574503438461
05024,0.19854616660128357
05025,0.4656674202674907
05026,0.11251132749942862
05027,0.6422620082007974
05028,0.37779509631345115
05029,0.4125003252913359
05031,0.4166513110863792
05032,0.17567105939725877
05033,0.2838266346410517
05035,0.5105277923814202
05036,0.19093062217106552
05037,0.5378715701227105
05038,0.33946700885664693
05039,0.04196917357074609
05040,0.25084127521421884
05044,0.6006575434334501
05045,0.2132011016997094
05046,0.1873404394905475
05047,0.7005644794772762
05048,0.21418484147377614
05049,0.46355177849408874
05050,0.5250436243965463
05051,0.3275189335186967
05052,0.15516617198160096
05053,0.5844340794059297
05054,0.4030427443918987
05055,0.39607316138742266
05056,0.4864657574319635
05057,0.6755065482325202
05058,0.19420878348115359
05059,0.6111694989122877
05060,0.5259912018090477
05061,0.3635697303744063
05062,0.04486829047724017
05063,0.398251513861586
05064,0.206937393817722
05065,0.08446996121229992
05066,0.8025768879177613
05068,0.6344953774134926
05070,0.37639664300627645
05071,0.48258984529759447
05072,0.4272948329452952
05073,0.4932919389453947
05074,0.5890691524086219
05075,0.6058983302323906
05076,0.4043538864342396
05077,0.09569348518111893
05078,0.5155015526696108
05079,0.7199493626917676
05080,0.5487716168674592
05081,0.47002404427048844
05082,0.4898839779010424
05084,0.4830479182212799
05085,0.7829510080574003
05086,0.1650633748270006
05087,0.4705864915780693
05089,0.40131287361276585
05090,0.2523621808316599
05091,0.24032827059254205
05092,0.5439007252604672
05093,0.7071800385548742
05094,0.6384253528682547
05095,0.3655032838893633
05096,0.23637540910336244
05097,0.5425913143662391
05098,0.6030341895067318
05099,0.4625181180765014
05100,0.538055638853946
05101,0.7620226220844568
05102,0.42150062015691064
05103,0.5216672118865718
05104,0.3727631908763153
05106,0.30050149685776134
05107,0.7354091743015182
05108,0.31630192222220255
05109,0.7788673129947553
05110,0.7348591317850954
05111,0.32240398383075036
05112,0.5878031414779711
05113,0.6671173952948696
05114,0.36359486985215245
05115,0.5577958281251901
05116,0.3106987343069976
05117,0.21279799740335217
05118,0.45157039648586467
05119,0.3194802729446157
05120,0.0
05121,0.5862338315452785
05122,0.3721844890294592
05123,0.5291674024097957
05124,0.5879359523400017
05126,0.08249847272057172
05127,0.4583533813549987
05128,0.320270795994276
05129,0.10530743130249927
05130,0.25946784324993283
05131,0.5374657128221818
05132,0.24803828223832292
05133,0.7604323256000288
05134,0.3754835371634723
05135,0.24888032979540367
05136,0.3121400033621468
05139,0.10358970909682447
05140,0.629120243800866
05142,0.07779556574120122
05144,0.19951329245565794
05145,0.470563276197951
05146,0.47783417444249726
05147,0.40840177797859223
05148,0.46923163308785587
05149,0.5227087327588614
05151,0.6658889056376254
05152,0.14387973133526036
05153,0.5346997252502911
05154,0.515602285628911
05155,0.727452180775405
05156,0.4585278926351095
05157,0.1887575680087683
05158,0.46662293031704577
05159,0.6386862631791917
05160,0.6784511158471292
05161,0.8543154667122618
05162,0.441323182272184
05163,0.3836434126620243
05164,0.16651603567811477
05165,0.3324588432956082
05166,0.4639316097560258
05167,0.43679975830143675
05168,0.4032977764820708
05169,0.10091720161983375
05170,0.45795963491673336
05171,0.5648768648739877
05172,0.2864613638193363
05173,0.5372642985305153
05174,0.6950196766895328
05176,0.630868213268268
05177,0.2510264677343402
05178,0.46588734989942643
05179,0.34518344246923943
05180,0.6634947492390858
05181,0.6394455783782605
05182,0.3150008619947284
05183,0.6731407141841799
05184,0.4211398123505831
05250,0.0
05260,0.0
06000,0.0
06001,0.2916012148863857
06002,0.46165986788887464
06003,0.2934474821831871
06004,0.6942408811464595
06005,0.5941539348513181
06006,0.8721710566239941
06007,0.6213919571314097
06008,0.5375742940805446
06009,0.4690361002161094
06010,0.7462251727797229
06011,0.9092972285910355
06012,0.8652163140552805
06013,0.16905595356919945
06014,0.913660271683288
06015,0.8960959308179666
06016,0.5457115385628948
06017,0.9402594373709298
06018,0.801884624175844
06019,0.8593871904331083
06020,0.22558701482430432
06021,0.8581109914714786
06022,0.9096096722692177
06023,0.2173976718758396
06024,0.48429774004553233
06025,0.9116034187644714
06026,0.653469574241488
06027,0.7755043205158221
06028,0.2369860262198359
06029,0.5648246670344091
06030,0.631347398758952
06031,0.8697913471412265
06032,0.9100173337219899
06033,0.8498017055926078
06034,0.9162828552693995
06035,0.5447825915000504
06036,0.4756910654823751
06037,0.584066663943151
06038,0.8052373274974712
06039,0.9159639070176966
06040,0.6619752233388938
06041,0.5710631294194873
06042,0.33076140867677095
06043,0.8837793849049239
06044,0.8186358892126521
06045,0.4927813719442127
06046,0.8898532851306356
06047,0.8450227203312354
06048,0.8895027264328464
06049,0.8720040996543932
06050,0.8659536919592589
06051,0.5064762834730735
06052,0.4539699152026934
06053,0.6577420453932897
06054,0.8587420083511229
06055,0.7771058403858572
06056,0.6715858733347977
06057,0.8907584058171953
06058,0.32760349295631624
06059,0.8669673761048715
06060,0.8937069584199512
06061,0.7611516196196805
06062,0.21295320438009183
06063,0.42578101809136265
06064,0.9330263167561101
06065,0.8972380731432241
06066,0.8630008359830065
06067,0.7530493796143949
06068,0.7490823150897518
06069,0.5150364106171536
06070,0.37341182567224446
06071,0.5828428967223153
06072,0.6501097867814941
06073,0.5105114211000005
06074,0.30705470865107615
06075,0.8235315340013755
06076,0.6129513627980433
06077,0.5340208717491742
06078,0.30555075933247383
06079,0.6187295112722309
06080,0.5336609965682916
06081,0.3834196730030155
06082,0.3975071541365807
06083,0.5102980485238834
06084,0.6495688438670171
06085,0.6265202878406638
06086,0.3463384503634856
06087,0.4436460802008833
06088,0.6584390009151891
06089,0.8338231404931759
06090,0.6236386216928717
06091,0.7760594149554817
06092,0.9103652135583588
06093,0.5518489662922593
06094,0.4773413685916373
06095,0.5236428423292238
06096,0.6491864320308812
06097,0.7559598798842994
06098,0.5427093022796377
06099,0.4262169582444913
06100,0.6288070177576418
06101,0.5489665348400001
06102,0.5055214263317511
06103,0.19420924064571865
06104,0.663894242253386
06105,0.8414872014735945
06106,0.747846003042392
06107,0.45951190227926036
06108,0.6529897588042247
06109,0.9092380385496969
06110,0.5940863281136897
06111,0.5977206564689598
06112,0.8162647011725171
06113,0.7387329919386376
06114,0.8764905276352771
06115,0.5825364144077171
06116,0.38262858445696457
06117,0.9039473628015909
06118,0.514893699543782
06119,0.7833643934393786
06120,0.5238664185328892
06121,0.9316487992750533
06122,0.9209116385571129
06123,0.8720879987742314
06124,0.6805385358168682
06125,0.6368330624683965
06126,0.9027246249147254
06127,0.2556971149893949
06128,0.8624548449099166
06129,0.4969281581276574
06130,0.5670389816590752
06131,0.5218322237559618
06132,0.20758399000959862
06133,0.6626443829129486
06134,0.21276616440203786
06135,0.4483162801649067
06136,0.3675736964401393
06137,0.6496636284313606
06138,0.8100929215192765
06139,0.6329941840000209
06140,0.5477823047963527
06141,0.7313621217256405
06142,0.8446227595525109
06143,0.4650341276885195
06144,0.34577051065044023
06145,0.7859283207720873
06146,0.4000888362961003
06147,0.8525527323594714
06148,0.8805315658297425
06149,0.8446938619113423
06150,0.8822790714928853
06151,0.2881439990862635
06152,0.7308833316166709
06153,0.19597376603131658
06154,0.23103127301193335
06155,0.7290353689223665
06156,0.45476339651440517
06157,0.7756445460286018
06158,0.38380615932287926
06159,0.8920944704630517
06160,0.6553178784256696
06161,0.802031028677454
06162,0.13185260256624654
06163,0.07188760395867423
06200,0.0
06210,0.0
06220,0.0
06250,0.0
06270,0.0
06300,0.0
06410,0.0
06510,0.0
06530,0.0
06800,0.0
06900,0.0
07001,0.10793524435961076
07002,0.28880961793625676
07003,0.2976063036322901
07004,0.23969357059193674
07005,0.6286198713194628
07006,0.1526601241723037
07007,0.8967549585692026
07008,0.7727498466374777
07009,0.4411217673172978
07010,0.3510972933182566
07011,0.20974411085152364
07012,0.18315846899604463
07013,0.40053348797427163
07014,0.5923161369591234
07015,0.3840982879927031
07017,0.35686997910672175
07018,0.18147215507859937
07019,0.3323810805214307
07020,0.8297259822095985
07022,0.7031695639758387
07023,0.35114483238857913
07024,0.33362143093289715
07025,0.1412572868434643
07026,0.18774757856911872
07027,0.6381991706776128
07028,0.43368314026253163
07029,0.3155019217951689
07030,0.18147044575417348
07031,0.4020611469170632
07032,0.891638090241006
07033,0.5409647898740214
07034,0.4495125647236935
07035,0.8400238994040085
07036,0.5939424103545082
07037,0.15084191571444205
07038,0.2823729814283867
07039,0.5593759072254658
07040,0.8321469803525176
07041,0.4699922065947774
07042,0.33057096134164615
07044,0.47907862747899443
07045,0.23011252629649329
07047,0.26877582057191396
07048,0.12104521853095547
07049,0.1679603113596079
07050,0.3672823368886779
07051,0.6054757522095081
07052,0.9073297754032897
07053,0.4167289545461144
07054,0.15833045563858683
07055,0.6275492636792707
07056,0.687160132437563
07058,0.3051281056876628
07059,0.7158384153645551
07060,0.803831559506401
07061,0.3758843598933539
07062,0.39144318439000353
07063,0.4069355245134559
07064,0.2194810409766923
07065,0.21209746749465785
07066,0.7546905124946391
07067,0.5474090291874728
07068,0.8625564904529971
07069,0.7476409815085577
07070,0.7340944218281127
07071,0.05782354691935979
07072,0.8058685498773723
07073,0.767900794064099
07074,0.23424367371880017
07075,0.2652425865318245
07076,0.6979224834942453
07077,0.239504020313248
07078,0.5909408147967797
07079,0.10025709440096257
07080,0.12542871554140025
07081,0.33466834077257507
07082,0.09759327317204101
07083,0.7540287909118689
07084,0.44098148787956876
07085,0.14077410341437116
07086,0.7221439500946921
07087,0.24129904902214436
07088,0.3758872351345439
07089,0.4627881438486963
07090,0.8183682312126047
07091,0.39984530749876046
07092,0.8157798908120145
07093,0.2983143550371557
07094,0.833183787905918
07095,0.8568800913340708
07096,0.18848588805178315
07097,0.6948970984184947
07098,0.2640680137497471
07099,0.5140824400290475
07100,0.3263894504222278
07101,0.41841412926755783
07102,0.6482763504815471
07103,0.10724434489621348
07104,0.2576941592090097
07105,0.101111818494613
07106,0.2782427346949269
07107,0.178020476869751
07108,0.14080941204586025
07109,0.35395173636227256
07110,0.39190381522423673
07111,0.21596985782475867
07112,0.2146815044393149
07113,0.4177907304065664
07114,0.1968238299308431
07115,0.4423185581115514
07116,0.24441304683187048
07117,0.31717317165157094
07118,0.3723103751831253
07119,0.3679078130791617
07120,0.10615045140509916
07121,0.2392881336716052
07122,0.31278390689635865
07123,0.19390485857841744
07124,0.18023451339028349
07126,0.3332919891795741
07127,0.2060743388957925
07128,0.2609681763576468
07129,0.13632887877598207
07130,0.1459754096496323
07131,0.3557923712803028
07132,0.31881511977515875
07133,0.6621986216573331
07134,0.41965381705340504
07136,0.2889614562177342
07137,0.21511024949007349
07138,0.25780167879964205
07139,0.26130124753821166
07140,0.5456921453331985
07141,0.2822378968480003
07142,0.16074550764687473
07143,0.6979058350198916
07144,0.24232123765230706
07145,0.22734014681317663
07146,0.8383617615697214
07147,0.37380314354577077
07148,0.2971498964054417
07149,0.1124421073451806
07150,0.09529647605160568
07151,0.09701103990316971
07152,0.6582150456063794
07153,0.22021167663886257
07154,0.18706787407442294
07155,0.24162105367192713
07156,0.26274617008737566
07157,0.6438298159405824
07158,0.13381670331583292
07159,0.279582754269957
07160,0.35832141211792407
07161,0.1529090841259273
07162,0.390130074023126
07163,0.2661903934122854
07165,0.07433529317113613
07166,0.16067399660161352
07167,0.40129486349686977
07168,0.4123842795728629
07169,0.4531840673790803
07170,0.12633072188954386
07171,0.2939849283719708
07172,0.49540724995757035
07173,0.15833818166829552
07174,0.7508061063447977
07175,0.20051847209078635
07176,0.39038495106548726
07177,0.8793773526887355
07178,0.23262255219130387
07179,0.2520142847890214
07181,0.6123085443874424
07182,0.22355370069269273
07183,0.42604981678397086
07184,0.32901051627695566
07185,0.427127140971938
07186,0.633011606896745
07187,0.3479890715862706
07188,0.6388301633116343
07189,0.3302594882206216
07190,0.3288634729383574
07191,0.7820895011211878
07192,0.1532421244724607
07193,0.3536028002678731
07194,0.8354880008934854
07195,0.12527989296230913
07196,0.41948501460335524
07197,0.5953278357692494
07198,0.6302595072646225
07199,0.4501448190174589
07200,0.3392157732908883
07201,0.39763717947164495
07202,0.37379090641901985
07203,0.1896188793938706
07204,0.07545409689804494
07205,0.42748124059219617
07206,0.14955484869126337
07207,0.41903874609270325
07208,0.5702425113239274
07209,0.224084465381351
07210,0.21479258259448417
07211,0.3865213391383577
07212,0.20221594931907175
07213,0.2972673480420965
07214,0.0824684687289356
07215,0.14030071295318725
07216,0.8146780733058646
07217,0.6310332653673848
07218,0.10563173504262736
07219,0.9306400639426049
07220,0.15355346119118163
07221,0.8361280892967994
07222,0.11413721211447986
07223,0.2803780001062057
07224,0.3372267091072098
07225,0.5314612311759692
07226,0.14268131061525216
07227,0.5003195471153297
07228,0.5053598128269466
07229,0.4714202843171326
07230,0.24795127016198795
07231,0.370324896487459
07232,0.17129990156074304
07233,0.23510971526045957
07234,0.5155695726210763
07235,0.1932644539664059
07236,0.18722475056395552
07237,0.8670297432178846
07238,0.42134852049464594
07239,0.09269109673919858
07240,0.5917937600409802
07241,0.3057731070626381
07242,0.29669772183482623
07243,0.5204310874140461
07244,0.08572010747887253
07245,0.5123917469735811
07247,0.37936864992236313
07248,0.1125036280099944
07249,0.15684183764822707
07250,0.6517318941533888
07251,0.29078137433524903
07253,0.2842349038098703
07254,0.24696925614892892
07255,0.7734072173133769
07257,0.775979580459493
07258,0.308251280628477
07259,0.4041090042789373
07260,0.8700161758836181
07261,0.8564346324438071
07262,0.3610438832301801
07263,0.27131686103620817
07264,0.3540688113764879
07265,0.4723343616892161
07266,0.36220816916557474
07267,0.12676048448178512
07268,0.5523178536739816
07269,0.10839522100298749
07270,0.9204703109306133
07272,0.385559499368828
07273,0.3896695647542996
07274,0.20275316498027793
07275,0.32898219517943594
07276,0.11841700664380239
07277,0.26113444677989983
07278,0.41091786907951294
07279,0.39029579532977965
07280,0.3011610090748221
07281,0.5499360392543559
07282,0.20078681232687534
07283,0.9224688297348599
07284,0.3256264310689312
07285,0.15606965569052228
07286,0.2410706784901937
07287,0.7835468104402392
07288,0.3174538904199356
07289,0.3601143972887691
07290,0.095479552086055
07291,0.3739318642630753
07292,0.5176717924482611
07293,0.8937577966437434
07294,0.3983691267585528
07295,0.2232363383282582
07296,0.33214413409942783
07297,0.8986538579636769
07298,0.843090369081091
07299,0.37840625238113806
07300,0.6035237992189671
07301,0.5808507035825183
07302,0.8968859566016221
07303,0.8981198926315246
07304,0.4948601529910605
07305,0.36013813442151044
07306,0.4886402157496796
07307,0.3793867385276137
07308,0.38215101548828784
07309,0.30593646178925277
07310,0.4876450085359352
07311,0.8688774599817686
07312,0.3912978449726922
07313,0.7262080416102128
07314,0.3233012205545261
07315,0.20160539940950498
07316,0.680584004004034
07317,0.449542464541471
07318,0.4260852986214476
07319,0.6496400629754325
07321,0.5044352141688441
07322,0.17576515218908875
07323,0.6416613149370002
07324,0.5055694240891978
07325,0.24105907500672932
07326,0.2861574297992384
07327,0.3906053066456337
07328,0.43538490576975747
07329,0.22309956124587035
07330,0.44999839466749486
07331,0.1454586212438674
07332,0.6769662324552012
07333,0.3014565132539661
07334,0.2838563622875783
07335,0.3401968688420807
07336,0.4871935364588245
07337,0.4379657013143156
07338,0.7591975904073509
07339,0.20235735233384022
07340,0.3422569024325777
07341,0.3312095176889546
07342,0.65442414169611
07343,0.293030848436968
07344,0.4894073511084547
07345,0.5093729920926351
07346,0.43120273535691805
07347,0.42270724038108237
07348,0.2856308438145205
07349,0.6075561984638856
08001,0.15297486935311627
08003,0.6516158783621188
08004,0.15997494805995585
08005,0.0943964717012291
08006,0.2825073120433225
08008,0.28314735429170695
08010,0.3395376241880516
08011,0.31836067025364706
08013,0.5898757392531775
08014,0.15282172703191177
08015,0.10855835000962451
08016,0.0
08017,0.18361526392679214
08018,0.10426061579889022
08019,0.3915105370894994
08020,0.10437435550769414
08021,0.3059232835037299
08022,0.5533975077156109
08023,0.3713522499780122
08024,0.14136786489309236
08025,0.20124587629221283
08026,0.1623991733649344
08027,0.2501831101499859
08028,0.39944796635099983
08029,0.3204705127437439
08030,0.15912077211105355
08031,0.17366549948427423
08032,0.07851853297881549
08033,0.09828828152894291
08034,0.42861696221726153
08035,0.12145136169902587
08036,0.29303104929076634
08037,0.03649755310544816
08038,0.08708958315107264
08039,0.16666370700685837
08040,0.7189296789770067
08041,0.40995503862547517
08043,0.5301438286325975
08044,0.37602437740538547
08045,0.16923467904804265
08046,0.17504059511642137
08047,0.627176003120264
08048,0.2354403051697885
08049,0.2141174461162072
08052,0.26322432067504753
08053,0.2534927656304853
08055,0.24689611838935074
08056,0.1387652124151095
08057,0.1022657484721266
08058,0.4936781693447751
08059,0.20828360981084001
08060,0.07138081309063053
08061,0.37090772299951186
08062,0.34780397876545316
08063,0.4707175310632184
08064,0.1802829197902535
08065,0.223751892853662
08066,0.10028864551767996
08067,0.26067758651922157
08069,0.16374379301278608
08070,0.30329410123692635
08071,0.13354705220335428
08073,0.1705684780884655
08074,0.10355334391277998
08075,0.12716298922781144
08076,0.4992995148233317
08077,0.11900187799440154
08078,0.17915486331977726
08080,0.65788446122633
08081,0.5578451627035028
08082,0.12643043654411915
08083,0.35501477647943447
08084,0.3910533374579653
08085,0.09170748690590237
08086,0.14844526301954716
08087,0.4391753280517456
08088,0.6164262058813046
08089,0.17615714670146176
08090,0.3997275376695882
08092,0.12466284500816453
08094,0.0597754226525089
08095,0.5933552796973093
08096,0.6033764947397481
08097,0.09505255777453887
08098,0.14530330507247546
08099,0.5243714681731554
08100,0.07756941801156252
08101,0.633411116112629
08102,0.40627044063972045
08103,0.24902298831786554
08104,0.21427142655396134
08105,0.5050905433211057
08106,0.5742152734300437
08107,0.3711352942844158
08109,0.04727525294508012
08110,0.2489867550772812
08111,0.06418017675689729
08113,0.1683640246077668
08115,0.591937150063412
08116,0.07050301730708276
08117,0.281154254797399
08119,0.5241370564454795
08120,0.14220452941351688
08121,0.07353716386848679
08122,0.4205102685158138
08123,0.2580215380480871
08124,0.6085222433804515
08125,0.5094232717599217
08126,0.30558168197946795
08128,0.4291587702732709
08130,0.10451744529105673
08131,0.0387755633755033
08132,0.2615500244123655
08133,0.20542710722871252
08134,0.24714262197480394
08135,0.16912106583579387
08136,0.4264228460123978
08137,0.4479097605282396
08138,0.25010282278990265
08139,0.5411708379153685
08140,0.516776912297164
08141,0.4821117890314131
08142,0.45676616010437865
08143,0.4459823481148088
08144,0.29958049711427587
08145,0.26401384244036036
08146,0.39712451053700093
08147,0.1623417711318754
08148,0.20162903410553323
08149,0.24183757887353385
08150,0.4670564256159578
08151,0.2358927393945104
08153,0.33111195269614185
08154,0.024367105900929345
08155,0.035171504643156694
08156,0.02655332102539723
08158,0.5741863570815562
08159,0.4160594350473221
08160,0.6239380748820625
08161,0.05928164520602158
08162,0.5445245315123323
08163,0.2709335663810673
08164,0.18400126440331976
08165,0.35673529774536455
08166,0.28677921577289534
08167,0.0
08168,0.18564757416280356
08169,0.024759361844653754
08170,0.7212074028502732
08171,0.05356209396884365
08172,0.15195182386636585
08173,0.45044516072960405
08174,0.4673166556222193
08175,0.49584606121605984
08176,0.17030362043088274
08178,0.09057560983012432
08179,0.32674191059620866
08180,0.6576293335730089
08182,0.05375089396618912
08183,0.5374854702499198
08184,0.19366179548766196
08185,0.1373084660794022
08186,0.12051147193959298
08187,0.538256492383236
08188,0.6379727834324745
08189,0.02390971882669188
08190,0.5317732121412425
08191,0.46433897554594344
08192,0.34008003339878107
08193,0.2550966019639775
08194,0.5047731890223678
08195,0.37159340911717803
08196,0.30634060979601
08197,0.2741850564608166
08198,0.08278677842178724
08199,0.6070940899538552
08200,0.1489751958582231
08201,0.6295069072831486
08202,0.06536278286320936
08203,0.46747430211968166
08204,0.27965804843580955
08205,0.49034769792438765
08206,0.5225290939442891
08207,0.6004502439942682
08208,0.24223150427097292
08209,0.6547427362180314
08210,0.22670919462322695
08211,0.4918405705977298
08212,0.3155940510748041
08214,0.23673982915692607
08215,0.1668938138055969
08216,0.45243467445495406
08217,0.7146916884287591
08218,0.3179563623022602
08219,0.4787823241864227
08220,0.03779903485394247
08222,0.2122202208470517
08223,0.32087993160477785
08225,0.283645611074478
08226,0.4486616773625924
08228,0.43056344491602455
08229,0.2953304990247862
08230,0.5497686092313779
08232,0.707111887323595
08233,0.07173671926772245
08234,0.5219692081976571
08235,0.5330691796813868
08236,0.5555038788370016
08237,0.6671232866019187
08238,0.5933177140552012
08239,0.0789354142102382
08240,0.4542921224077722
08242,0.5385295518818066
08243,0.26873421428487626
08244,0.1669033183617901
08245,0.33175027166553095
08246,0.1614035243727231
08247,0.5064326213799103
08248,0.5424512252914626
08249,0.21963581571984378
08250,0.07639990964267997
08251,0.45398928049782206
08252,0.31164457712697685
08254,0.013118106144373998
08255,0.30596067750385086
08256,0.11343565447406313
08257,0.0295798598451336
08259,0.1463227010017413
08260,0.45567128807925333
08262,0.28704057849608117
08263,0.6244708939511411
08264,0.06599154334791572
08268,0.40308834919714776
08269,0.29765990653638075
08271,0.10989229138287514
08272,0.1333871121361018
08273,0.03092537566073909
08274,0.10482604958551146
08275,0.3615204090867681
08276,0.18071430590701518
08277,0.11548078003185258
08278,0.19965987382621278
08279,0.1745248609089426
08280,0.11532422886677551
08281,0.1632201790637113
08282,0.027098236111487595
08283,0.4283432007891755
08284,0.36236279902408275
08286,0.3330913397976672
08287,0.09789954250254736
08288,0.34567149773934425
08289,0.3068140674580433
08291,0.20145971659089532
08293,0.18396077654003373
08294,0.4761442951838301
08295,0.49716226369516425
08296,0.11631811502684881
08297,0.5289529648997735
08298,0.664575210380096
08300,0.35779113333286644
08301,0.1786699522388132
08302,0.519633951913547
08303,0.1096379753917895
08304,0.32147883158515717
08305,0.42666550618098764
08306,0.4205342422416635
08307,0.19201739660599404
08308,0.12201858144137662
08309,0.15118654339441098
08310,0.12610737020178342
08311,0.3038184333834609
08312,0.3440673040199332
08313,0.18286433766196783
08314,0.05566708683553743
08315,0.5688474771672811
08316,0.5915216763419718
08317,0.5565059279443155
08318,0.6172798162593062
08319,0.10568742271901332
08320,0.07148142396725278
08321,0.17071107848036715
08322,0.6373555727761069
08323,0.3044037983969965
08324,0.4641896437727449
08325,0.1253204014880994
08326,0.20688229680648215
08327,0.545472158157782
08328,0.5985596457495302
08329,0.21496115500297316
08330,0.17708250390861166
08331,0.5118707544537348
08332,0.07764673111424653
08333,0.11815268224229158
08334,0.6572966555108098
08335,0.7030992847375336
08336,0.42289799352388907
08338,0.2337131767776637
08339,0.10854310447090698
08340,0.3917309380716249
08341,0.34220651563237175
08342,0.37945524503618894
08343,0.30679907254274247
08344,0.02789886955703663
08346,0.6154618569767244
08347,0.15158408789315422
08348,0.28968712849459305
08349,0.3957429118199924
08350,0.11433360377247914
08351,0.21835031941052174
08352,0.42677276382568885
08353,0.5330008510244643
08354,0.40001001909068695
08355,0.025853066108419216
08356,0.38271582582148894
08357,0.4598385488117998
08358,0.5040771494595822
08360,0.11292000288033872
08361,0.42710316332864573
08362,0.2502924158036354
08363,0.25469966693231955
08364,0.2853568641191151
08365,0.28167537695033396
08366,0.04619696276168639
08367,0.05641999709531448
08368,0.22641848139276477
08369,0.34254879662001175
08370,0.4659857473852376
08372,0.07154163056763425
08373,0.19178831940356347
08374,0.1822803101938485
08375,0.3571300269199185
08376,0.2726657749019338
08377,0.67924154427531
08378,0.03937886973414818
08379,0.07817618194100863
08380,0.28166494836863376
08381,0.32295362925955123
08382,0.0
08383,0.056754542434228394
08384,0.24374712297769588
08385,0.6196709051553982
08386,0.07495100700236097
08387,0.407556370980652
08388,0.6115533399655951
08389,0.45540423060345664
08390,0.2762418876022983
08391,0.4666765400262813
08392,0.12798062443753094
08393,0.05922780275221882
08394,0.07969052197487421
08395,0.54837376569515
08396,0.24569255206848176
08397,0.21793758241054237
08398,0.2806399697916031
08399,0.3200285300507444
08400,0.6325929200809808
08401,0.2738651934572249
08402,0.22770322032682752
08403,0.12534121611423057
08404,0.33660913884527366
08405,0.2552705460985825
08406,0.1553395222570683
08407,0.10546593817753168
08408,0.5144712387017928
08409,0.5511014276726143
08410,0.08414381309795622
08411,0.19707950033670063
08412,0.10966935500521295
08413,0.23546470432305458
08415,0.3374899656179227
08416,0.3523706613024644
08417,0.04406980849697507
08418,0.09996215284079074
08419,0.11191295587694595
08420,0.17618144673642697
08421,0.3433640276765564
08422,0.6631797730832343
08424,0.13308238852361473
08425,0.06649331380371287
08426,0.43391890249329795
08427,0.33713830108552645
08428,0.3091870641183777
08429,0.45743100055746383
08430,0.3506201604948955
08431,0.1779224354716632
08432,0.4959923094942078
08433,0.24864834160856852
08434,0.09642491123957368
08435,0.06256149168232261
08436,0.04572754989279448
08437,0.2699634727243948
08438,0.32187904677059287
08439,0.1197325844069582
08440,0.1179538948263439
08444,0.4196729541795238
08445,0.48265722995387367
08446,0.14869628032397442
08448,0.5933900676330192
08449,0.5294628551518675
08450,0.5259420619194801
08451,0.19729392853398298
08452,0.1970972293926954
08453,0.1530989146761856
08454,0.46686608178212924
08455,0.13818480388691093
08456,0.654342574356255
08457,0.40655797213050054
08458,0.24056824905831456
08459,0.21058233361844655
08460,0.22041970927494522
08461,0.15912040065863123
08462,0.26672848460437076
08463,0.1510041716961997
08464,0.28044777699542983
08465,0.06469542703688996
08466,0.42165854519826307
08467,0.19888253530149871
08468,0.5027549705564759
08469,0.6019625781250378
08470,0.13602853028455153
08471,0.11713085276001521
08472,0.23952376620605512
08473,0.22286400587981633
08476,0.18494498749434482
08477,0.46569541246361323
08478,0.6723796349032547
08479,0.45700600183012047
08480,0.755728171276073
08481,0.5501996676108444
08482,0.48362545770078086
08483,0.6005183054762143
08484,0.13845873861889926
08485,0.1909590418046461
08486,0.36762932637845913
08487,0.2998586917850211
08488,0.5089154856943295
08489,0.17561961584356667
08490,0.2201324032622005
08491,0.4195899699174113
08492,0.5569792829208631
08494,0.5241936364592185
08496,0.2553960454396656
08497,0.4997328189493031
08498,0.5584463925661044
08499,0.3158942566065971
08500,0.45675579206831957
08501,0.20871764014382044
08502,0.4376597114925689
08503,0.47894002752807135
09000,0.0
09001,0.6247345781990182
09002,0.2470146193943722
09003,0.28673755865894773
09004,0.40737089165079426
09005,0.3394407783843136
09006,0.3061647643820487
09007,0.3818529928140997
09008,0.3259517647385614
09009,0.6047801408925509
09011,0.25995512239994184
09012,0.39683298676743234
09013,0.48539964428525795
09014,0.37853730454373324
09015,0.23261867296379915
09016,0.31569001693380266
09017,0.32777498023549884
09018,0.355336017086638
09019,0.572697666234319
09020,0.6299465941727767
09021,0.6594436151663423
09022,0.5326351479274839
09023,0.46110371507984077
09024,0.3353779587744444
09025,0.44192549678109233
09026,0.3995337164430653
09027,0.2612683169156538
09029,0.474672839747942
09030,0.08429156824923796
09031,0.4101945878466405
09032,0.35684982560087564
09033,0.3839303488792864
09034,0.46052428618731994
09035,0.4185594079905406
09037,0.4328292131587348
09038,0.30015620031361984
09039,0.37987441481381773
09040,0.5743720583957032
09041,0.5254992445201093
09042,0.5275449426734433
09043,0.27099958540514596
09044,0.45205091762746985
09045,0.3050939760646439
09046,0.38162820838941786
09047,0.31775969872229576
09048,0.21809324981543685
09049,0.5815270189781783
09050,0.5789535267626702
09051,0.4517624159080227
09052,0.4769697121299397
09053,0.4119702382165034
09054,0.24691564742651295
09055,0.4081522338766872
09056,0.49563656341182755
09057,0.39226539255143306
09058,0.3291691807458313
09059,0.20208637704615373
09060,0.4697696626485537
09061,0.3304442103006795
09062,0.1659744159299075
09063,0.5324686897411142
09064,0.34936630050340295
09065,0.5249367133319395
09066,0.46079710620974224
09067,0.6487069812906076
09068,0.6212975465296663
09069,0.44391706824729105
09070,0.3372302411684829
09071,0.5971625325311852
09072,0.6059602564217954
09073,0.35805835500702105
09074,0.18832676038749666
09075,0.19803308991345978
09076,0.44451636365598085
09077,0.22103621782746305
09078,0.6074302898047388
09079,0.1838868106525008
09080,0.5885572460575604
09081,0.43921967554876984
09082,0.5432858203751508
09083,0.5785673792964342
09084,0.24902540261585004
09085,0.31463995650402027
09086,0.36229039897947857
09087,0.42972512179831474
09088,0.3797620523674665
09089,0.16305685029781747
09090,0.6155970195542185
09091,0.3330921790313834
09092,0.3752958460922768
09093,0.32465478371892087
09094,0.35562596202109004
09095,0.40316003575346543
09096,0.3817360361847657
09097,0.44458159812975057
09098,0.36125264734786383
09099,0.4320277795741078
09100,0.44809346217803964
09101,0.4977886061542103
09102,0.4966531339119084
09103,0.38129097031519893
09104,0.42272278110307787
09105,0.2684922676234897
09106,0.3846993485531542
09107,0.472694775454608
09108,0.45832021828666797
09109,0.6104201991035564
09110,0.35159747986117046
09111,0.3609563243259832
09113,0.2203565521855653
09114,0.38304686079975553
09115,0.544849567158785
09116,0.5514285683270123
09117,0.6808561540822934
09118,0.3966850215679127
09119,0.27745166512359914
09120,0.31992977043672893
09121,0.4481154417049121
09122,0.3241965434633871
09123,0.35530425267923005
09124,0.49665668494652965
09125,0.4687651329403098
09126,0.4878091562087683
09127,0.6092382851580999
09128,0.3568649881457446
09129,0.43784810883198405
09130,0.3367791572442851
09131,0.4143880751834778
09132,0.5336159479826342
09133,0.3212664760971132
09134,0.3535245142982469
09136,0.5319804685934241
09137,0.45721561484160533
09138,0.43722962653091124
09139,0.37513101930481246
09140,0.46265978685883763
09141,0.4716881066490281
09142,0.5039880795965602
09143,0.46326987285080184
09145,0.5214547295378859
09146,0.6768083066562792
09147,0.48364227698218193
09148,0.3775388325184456
09149,0.3472432035603472
09150,0.20560410399645687
09151,0.6659132462226175
09152,0.27622529577993044
09153,0.47038240050433594
09154,0.454068769678583
09155,0.3720929844375691
09156,0.3518314278524006
09157,0.3411450227500558
09158,0.36875664066472513
09159,0.42428259934969703
09160,0.39056203163098435
09161,0.19680192215530223
09162,0.37860907611365185
09163,0.7201402628011739
09164,0.3009969406726711
09165,0.27257551214176773
09166,0.5584861171487149
09167,0.4420428787284684
09168,0.5856035472304123
09169,0.49990955630042383
09170,0.42190655905926217
09171,0.4090298881181842
09172,0.31233860591606927
09173,0.47465262054089674
09174,0.416998172099637
09175,0.5523333916716907
09176,0.38668318057116263
09177,0.6844170322802382
09178,0.2068564735947426
09179,0.6024370826949149
09180,0.4654920716129518
09181,0.6031711581160583
09182,0.2949870946071052
09183,0.41391250087908454
09184,0.42898668884058083
09185,0.2694105565623815
09186,0.3290893493577262
09187,0.29816918672549114
09188,0.25231146321108233
09189,0.3807548551521729
09190,0.42767335374119414
09192,0.2480092986080983
09193,0.5902556901483009
09194,0.3321692187760404
09195,0.7382462150015149
09196,0.3949576846997734
09197,0.5739997575382142
09198,0.32872726501785404
09199,0.3096175853271658
09200,0.22811837860504416
09201,0.41009283252935225
09202,0.6189592800348693
09203,0.6427013485590077
09204,0.3388419156987277
09205,0.30498003867440987
09206,0.431864008789606
09207,0.36356567342420315
09208,0.3903380725693813
09209,0.293366277458559
09210,0.32260550890919776
09211,0.5582672509572427
09212,0.47684817447469025
09213,0.14926781618761611
09214,0.2006772261460009
09215,0.5471879560425993
09216,0.5853803930946923
09217,0.2746552240730058
09218,0.4448474925876958
09219,0.46956873484116013
09220,0.4549347883953218
09221,0.3629747485044761
09222,0.4581234476518732
09223,0.31525196229019403
09224,0.7093423316860837
09225,0.4089766856544461
09226,0.40638532701395147
09227,0.4265615602606663
09228,0.4204165018438279
09229,0.22387603516772261
09230,0.622270374958957
09231,0.40935103552189367
09232,0.4698761156013282
09233,0.5205377362026254
09234,0.4660456425618929
09235,0.3757827990782698
09236,0.3237356772187787
09237,0.6117424689488454
09238,0.49623113719674566
09239,0.5886802919264131
09240,0.3286416052608668
09241,0.22199977494240156
09242,0.42207798144163
09243,0.3017634904626298
09244,0.47703436462016197
09245,0.47022595534892275
09246,0.43288608498098663
09247,0.31374411088200355
09249,0.4993558960472147
09250,0.5738467249893795
09251,0.14445033434972346
09252,0.6263113821141283
09253,0.6581468516602668
09254,0.5538738419751318
09255,0.7268494043293585
09256,0.5518209043967567
09257,0.33990639912630516
09258,0.48681695571047595
09259,0.5098643856093518
09260,0.5319818652408289
09261,0.2612018574436887
09262,0.337926049014395
09263,0.46046689442044914
09264,0.3757855690109512
09265,0.579138485070415
09266,0.5009041918607275
09267,0.3068359209802651
09268,0.7417275901991149
09269,0.5594405578036353
09270,0.661204553292871
09271,0.7221148311838174
09272,0.17157605575370308
09273,0.49176471080065065
09274,0.21551771680614532
09275,0.4189768602591761
09276,0.628061385699484
09277,0.33355623607055823
09279,0.3516003930618754
09280,0.20531454209756536
09281,0.5019878804873494
09282,0.2758364076722788
09283,0.4011149937539528
09284,0.47878166769941405
09285,0.10024389687844922
09287,0.38455644565406727
09289,0.3935941580894737
09290,0.2144576793789923
09291,0.2990879158754635
09292,0.44754889147934374
09293,0.5308128852015394
09294,0.3270276181047346
09295,0.278492016647163
09296,0.3276568592715486
09297,0.41443572277139423
09298,0.4318402996876898
09299,0.2941374079495977
09300,0.39561422910175703
09301,0.3524382043655026
09303,0.27350122002744753
09304,0.6476644600097471
09305,0.5086560586466846
09306,0.3130086311603359
09307,0.35369539778211184
09308,0.38680845297142646
09309,0.5186145679707703
09310,0.3264798094846669
09311,0.42929891840522433
09312,0.4276674617134734
09313,0.357968653959909
09314,0.49668238965834804
09315,0.5724723249726827
09316,0.24081917867848454
09318,0.4246914421511581
09319,0.6867061723982254
09320,0.40416273310237466
09321,0.3053714450753473
09322,0.17278261935192252
09323,0.547648040480174
09324,0.4348768218289276
09325,0.45208055336539116
09326,0.42553642111598794
09327,0.588580784780637
09328,0.36055221159565515
09329,0.42667515883782753
09330,0.40772123258928245
09331,0.29574191058017724
09332,0.5225563418825215
09334,0.21179656897158697
09335,0.39569080189108247
09336,0.39363645403963893
09338,0.5382762474150641
09339,0.363985419005528
09340,0.5139013715670724
09341,0.5509658591349332
09342,0.33380154804998935
10000,0.0
10002,0.48113354997975016
10003,0.3316214332761139
10004,0.541311215037599
10005,0.9088679252857302
10006,0.35536546204130165
10007,0.17531878941232845
10008,0.892276366124111
10009,0.9164675676434486
10010,0.17851694202101367
10011,0.35761434503224265
10012,0.8752828977033541
10013,0.7854630845654572
10014,0.6910609616809725
10015,0.8115415624085823
10017,0.10581823464729273
10018,0.4668059323445866
10019,0.14675231376347772
10020,0.5710450731923551
10021,0.8070810728309558
10022,0.895438669879857
10023,0.7331880556998116
10024,0.4681590172458842
10025,0.18015752463958315
10026,0.12137948582918578
10027,0.12154089077525339
10028,0.26786982339612875
10029,0.8758958573088559
10030,0.7460572121208614
10031,0.5276133482896436
10032,0.18926388165818864
10033,0.3602314634328739
10034,0.8779387872247132
10035,0.5803830235206012
10037,0.6782867333314782
10038,0.6790371904364365
10039,0.8980258310912047
10040,0.6671558746383255
10041,0.9352554052224703
10042,0.6017880047749623
10043,0.36770521463757017
10044,0.15596393954633608
10045,0.7531003723214185
10046,0.30225801110529793
10047,0.18517512480512177
10048,0.8807268775114917
10049,0.5365369625657882
10050,0.8819577392677235
10051,0.5070836419657555
10052,0.35636823964665787
10053,0.7387633432178862
10054,0.6822059842773823
10055,0.912477160704963
10056,0.685684213237756
10057,0.5583296864155384
10058,0.20633936076184697
10059,0.14847026165223828
10060,0.579754220221257
10061,0.7361805198565423
10062,0.9429691623940122
10063,0.29109838178840475
10064,0.22783719400541722
10065,0.3233321267829637
10066,0.41705121047230403
10067,0.5666251262960502
10068,0.895867109176432
10069,0.723727522649145
10070,0.8504950280185465
10071,0.9232670789235016
10072,0.3723414241251497
10073,0.08847926550710643
10074,0.5138192240141713
10075,0.5792752576025676
10076,0.6269375115768775
10077,0.3720430948998727
10078,0.9489396723045275
10079,0.24254939969253905
10080,0.5119464391378133
10081,0.706655769434985
10082,0.8481056504824641
10083,0.67301431230362
10084,0.7456173041089625
10085,0.7668732334327591
10086,0.4187603295268391
10087,0.6409459697516943
10089,0.5130611111171373
10090,0.7760596616739212
10091,0.3293181435499211
10092,0.6713495375461042
10093,0.3729653470004628
10094,0.0914523142860183
10095,0.5272228666600753
10096,0.3344733249705157
10097,0.7082427226051157
10098,0.5057975619490248
10099,0.5708750385415903
10100,0.616444013978151
10101,0.30155425963888804
10102,0.42546460121251206
10103,0.37212165187003093
10104,0.7651466216205197
10105,0.1877554355838568
10106,0.6112608594629859
10107,0.3919147941911294
10108,0.5409476800229979
10109,0.8975717706547357
10110,0.8633169061584193
10111,0.8972792658102812
10112,0.6493796043148945
10113,0.8535008424414339
10114,0.5154797600391873
10115,0.6666131112747186
10116,0.7595460120139029
10117,0.22637468512627976
10118,0.6277709284135619
10119,0.2522611115757854
10120,0.45389344029891815
10121,0.2362763554285632
10122,0.5609789066641012
10123,0.8497590856062079
10124,0.3979032964644927
10125,0.6829157650338433
10126,0.8871118359439235
10127,0.33250813284915387
10128,0.12509341086200337
10129,0.7868231783259878
10130,0.6732081103266624
10131,0.5640979688076649
10132,0.4446611032513829
10133,0.42073100731309565
10134,0.7150160364385328
10135,0.4215560876442064
10136,0.9242187436624616
10137,0.4274483522559193
10138,0.2990380221248965
10139,0.2512313209391695
10140,0.32183188776474597
10141,0.8438499812998471
10142,0.3010715623850168
10143,0.620730468030004
10144,0.44044970651306703
10145,0.6387932702494861
10146,0.759311191210652
10147,0.7195375750043227
10148,0.5031371955052375
10149,0.8297631593876905
10150,0.3674588612878866
10151,0.5960853418680324
10153,0.5104005315754815
10154,0.543237511764019
10155,0.8778456061703355
10156,0.5066128008212782
10157,0.6576458674978684
10158,0.8901268882335467
10159,0.7575690645523162
10160,0.878014355330949
10161,0.37338399268697514
10162,0.7062880507919908
10163,0.4042185130108058
10164,0.6144374280907803
10165,0.9088004196662313
10166,0.6687830375854674
10167,0.7070816297920292
10168,0.510342837237936
10169,0.5544745368131229
10170,0.8405297527641231
10171,0.10521260154580954
10172,0.6702551522108792
10173,0.5639426531654469
10174,0.2908104162382498
10175,0.2749970641263771
10176,0.8772533270526502
10177,0.7703486951246803
10178,0.8853883868357827
10179,0.5559189495806639
10180,0.10423034582023534
10181,0.8649189774972311
10182,0.5124191604247561
10183,0.8886664292402381
10184,0.1491218431152329
10185,0.345741702390349
10186,0.5269112690312819
10187,0.894868891773385
10188,0.39784919805345004
10189,0.20427062953181171
10190,0.7195091349472174
10191,0.7550130931605503
10192,0.13182457715051077
10193,0.07001945603546679
10194,0.3812643429705583
10195,0.6133577929321516
10196,0.6422348417265188
10197,0.260732934769044
10198,0.7838866752170982
10199,0.9136371151516594
10200,0.9420549684414409
10201,0.48756443994898535
10202,0.5186319328792158
10203,0.4713651260789146
10204,0.783188765879102
10205,0.9380378816949299
10206,0.850882106682764
10207,0.4199773449470247
10208,0.568123151940637
10209,0.6047977571682284
10210,0.6593175257159669
10211,0.5023824861127699
10212,0.7676967711315968
10213,0.7810765028647014
10214,0.13731908215589536
10215,0.9107660262683807
10216,0.5992720490942325
10217,0.9274303889811927
10218,0.2630960597010916
10219,0.4050085510544874
10220,0.6430727601315831
10221,0.19548651425883326
10222,0.33521340398720634
10223,0.5524168479489296
10224,0.4290837962796068
10225,0.5908240372234969
10226,0.9419943805256326
10227,0.6364779909442705
10228,0.899576359732493
10229,0.7768149188284174
10230,0.7688360601485691
10231,0.481453693464797
10232,0.9064644351840436
10233,0.3721133725558364
10234,0.4932376854254235
10235,0.3545398877592212
10236,0.4687373068092275
10237,0.5515125051306402
10238,0.9247385476632175
10239,0.7033212213458105
10240,0.5347045563138902
10241,0.5281007803142522
10242,0.8918622596303201
10243,0.08355117688538231
10245,0.6655377783994926
10246,0.7229681743897265
10247,0.4216318756165831
10248,0.5724630667075115
10249,0.9212544431643246
10250,0.46244088230013286
10251,0.3938882398470784
10252,0.9322028218894488
10253,0.13175039233627947
10254,0.4930176491893677
10255,0.6674591619822801
10256,0.7458673840441512
10257,0.32353151729931584
10258,0.2254381398152764
10259,0.5524915415831407
10260,0.5775501021707793
10261,0.2929002981259864
10262,0.8791883410560839
10263,0.4311970733735541
10264,0.8989702430875055
10265,0.7686334652147458
10266,0.3773608238999711
10267,0.3087816354106251
10268,0.5042946202776268
10269,0.5312453574821165
10270,0.5810823932663607
10271,0.6613057286922748
10272,0.43608309524484534
10273,0.3445938015870651
10274,0.5676569349250866
10275,0.6569393915506351
10276,0.5354406772036876
10278,0.2542882378987353
10279,0.11748332959775983
10280,0.7342850405616046
10281,0.7560294479202215
10282,0.6966810281621295
10283,0.21732951350295526
10284,0.5300279931223623
10285,0.2289207479302088
10286,0.326609051551291
10287,0.7499229143539595
10288,0.383487230985662
10289,0.358337675461577
10290,0.4316192919749386
10291,0.45682469812742527
10293,0.6068142646245072
10294,0.9515917317228233
10295,0.8830808893145896
10296,0.8835867891011967
10297,0.7400445386000571
10298,0.5229131896086904
10299,0.3122421907827292
10300,0.08183729104502148
10301,0.7432474332955329
10302,0.3427264672515769
10303,0.21495550053076262
10304,0.143133176665634
10305,0.6670138728237779
10306,0.8655843305865213
10307,0.5424983573535626
10308,0.5921612346377343
10309,0.6102974723902822
10310,0.9268062804272071
10312,0.42569680207321753
10313,0.7672166580964276
10314,0.3006153355713857
10315,0.19703403415916954
10316,0.469251481818457
10317,0.17299765605781667
10318,0.6647821433297655
10319,0.4489950688356151
10320,0.6479154153650746
10321,0.5562809280732083
10323,0.5979184323762372
10324,0.5690411615251069
10325,0.5770556060789886
10326,0.127986453638077
10327,0.422168710406257
10328,0.6819238534498271
10329,0.6744907911551657
10330,0.24430462062790645
10331,0.850836668585722
10332,0.8414494070473314
10333,0.7266956750495127
10334,0.5325207515169494
10335,0.4486362964961473
10336,0.6914294719826332
10337,0.18220163411536835
10338,0.49598769605037774
10339,0.5157585478550505
10340,0.5150811972323522
10341,0.526831799307522
10342,0.7740118303978031
10343,0.7853843710596545
10344,0.5773379924855222
10345,0.2656036836014695
10346,0.127121207467767
10347,0.6515461361176071
10348,0.667525719593054
10349,0.6146383693210191
10350,0.46780599508851806
10351,0.6517850921563372
10352,0.6759363281876185
10353,0.5375716814449384
10354,0.31073156037105315
10355,0.5402038999085758
10356,0.4341259074254798
10357,0.9135576526282114
10358,0.8586830489350458
10359,0.5073829403911837
10360,0.5411458912710193
10361,0.5791770916279447
10362,0.6349196490134815
10363,0.5494317148542699
10364,0.8954469047774688
10365,0.573453416567599
10366,0.3578696859706867
10367,0.5361368963741678
10368,0.7351242921948432
10369,0.6555218815902445
10370,0.6030187289836912
10371,0.7267549261088874
10372,0.14715559304030404
10373,0.542460765896331
10374,0.8800718290304349
10375,0.857159781407364
10376,0.7662750411879045
10377,0.27391499549647574
10378,0.28949671014572836
10379,0.3414901448171122
10380,0.38982042390727334
10381,0.5320954941085522
10382,0.529844606752588
10383,0.5935579409299588
10384,0.8866214075879961
10386,0.7214622453880493
10387,0.5639523826039533
10388,0.5055148556920116
10389,0.8939303146583576
10390,0.8720409461774575
10391,0.6837572246881717
10392,0.517743037935464
10393,0.17261768361302865
10394,0.5538207961214631
10395,0.5873487322951877
10396,0.5333445383349025
10397,0.9074521891710788
10398,0.33042421637103886
10399,0.8510288512532985
10400,0.31403815172677
10401,0.6943256666799481
10402,0.743902778244454
10403,0.42798684356579625
10404,0.9027456504218114
10405,0.3950926463629716
10406,0.5190553872492013
10408,0.2967160787669815
10409,0.7477522770754029
10410,0.6683059794656039
10411,0.24928435035077298
10412,0.7615651076543268
10414,0.7687390021255774
10416,0.5628375109395699
10417,0.48993036881964175
10418,0.8754677684270824
10419,0.6597956744638332
10420,0.3410544171458246
10421,0.5051854860508075
10422,0.3538174686443441
10423,0.9452093195398769
10424,0.16313905475066473
10425,0.7590859049408826
10426,0.372493298138253
10427,0.9159523727118263
10428,0.363515758516149
10429,0.3154152608218392
10430,0.6895765402295296
10431,0.5849484400284788
10432,0.9097019854115684
10433,0.7331948580165517
10434,0.80687004771999
10435,0.7916994852555966
10436,0.2710128017498666
10437,0.8817179914574069
10438,0.8789646670753449
10439,0.9300935149731658
10440,0.364661657861938
10441,0.2891188316590713
10442,0.7181442755855376
10443,0.911343409756676
10444,0.49777483969097897
10445,0.13390265662250753
10500,0.0
10510,0.0
11000,0.0
11001,0.8179624574455201
11002,0.7216652410838856
11003,0.6807178437293384
11004,0.6518722697725087
11005,0.6557929755815824
11006,0.45162411964842897
11007,0.5121014025568577
11008,0.5791899065101183
11009,0.614179329179554
11010,0.6291342829974395
11011,0.9120040858460089
11012,0.6663339701445595
11013,0.7599657100948103
11014,0.6158419292888987
11015,0.6552096584401403
11016,0.8844621505033685
11017,0.602968372346085
11018,0.6690237294724536
11019,0.656640655600357
11020,0.5620730011179262
11021,0.5637698127919948
11022,0.5904158795488627
11023,0.6201799465022863
11024,0.6874830704038497
11025,0.9114294755492316
11026,0.5793551933468268
11027,0.6524919210605538
11028,0.5076974976749267
11029,0.6933530510599075
11030,0.5462647044773382
11031,0.5876787721816119
11032,0.7176454275451479
11033,0.6653776501686663
11034,0.6495922450342156
11035,0.7000166275705711
11036,0.620687544489929
11037,0.6759685600950386
11038,0.6556710773264889
11039,0.6823390142070037
11040,0.5541881231110373
11041,0.34961143801149674
11042,0.5536030363042249
11043,0.6470997639768097
11044,0.6350033358335018
11045,0.6704451292887414
11046,0.6586898755564178
11047,0.6101076457523763
11048,0.5636033250723999
11049,0.4961026429267061
11051,0.7777575237911458
11052,0.8667999049529723
11053,0.8168961193578729
11054,0.66870986410062
11055,0.6705721461656123
11056,0.8053497184307724
11057,0.7533862311834115
11058,0.7731627623611743
11059,0.8050493586632322
11060,0.646826982256403
11061,0.7738413099346353
11062,0.588537046708376
11063,0.66196633328726
11064,0.4478606713550179
11065,0.6928483069322783
11066,0.5928728441687056
11067,0.6672100506583108
11068,0.675358326226753
11069,0.5186672109430175
11070,0.8659062685803454
11071,0.7405033677413053
11072,0.643779138116548
11073,0.6103242338987923
11074,0.6357315907355522
11075,0.7482164977179228
11076,0.427747850403613
11077,0.6261145370017119
11078,0.6485455161268386
11079,0.7678759013279411
11080,0.43998028122024735
11081,0.6850441978678625
11082,0.8010994210140211
11083,0.6981635354914695
11084,0.6897629366288948
11085,0.666224873350583
11086,0.7198907060957285
11087,0.6278569230212098
11088,0.663960445275574
11089,0.8614602544990323
11090,0.8322387652022435
11091,0.5325021632159866
11092,0.6711780972660972
11093,0.6333093237475033
11094,0.8283322868154485
11095,0.5712457187068062
11096,0.535223998369109
11098,0.4749912316786497
11099,0.8797797762000431
11100,0.5708353192695719
11101,0.7126109507497164
11102,0.6592973570935147
11103,0.595318031827146
11104,0.7030228624176039
11105,0.5959481659106572
11106,0.5550951007047622
11107,0.6148976285834482
11108,0.7448442224707716
11109,0.625948039214675
11110,0.6105959044196302
11111,0.568031706346907
11112,0.5984840199101604
11113,0.4986116000743997
11114,0.7844079468249938
11115,0.7348686001924785
11116,0.5195647877763016
11117,0.4701641776400111
11118,0.5334983819454873
11119,0.5795796085731434
11120,0.7232840626877696
11121,0.69611804460488
11122,0.5096396565605631
11123,0.5855103409147872
11124,0.7586310772051753
11125,0.8936250786794893
11126,0.6246942566824014
11127,0.5963021062869146
11128,0.46146324139827843
11129,0.6525496433176153
11130,0.4793997050376139
11131,0.6418793598055331
11132,0.380364679972371
11133,0.8959263153004344
11134,0.6738360130294692
11135,0.6739411382364257
11136,0.5162719723403997
11137,0.46343558164594806
11138,0.596729988786653
11139,0.6869061695559701
11140,0.5057374664111364
11141,0.7799350097859724
11142,0.6617432583347306
11143,0.6950932025153245
11144,0.699417509244772
11145,0.8359093388184776
11146,0.634925655633353
11147,0.5779738481806763
11148,0.433236113950841
11149,0.7952892721876474
11150,0.8928699125002533
11151,0.6466527863082335
11152,0.7583885661718757
11153,0.6051879821281386
11154,0.9450532275382567
11155,0.6102316097862153
11156,0.8806298744746236
11157,0.7893605582149131
11158,0.8096169538927169
11159,0.7570069771416704
11160,0.5785323725480326
11161,0.8433400548209572
11162,0.7882197396232605
11163,0.6354729852446082
11164,0.6956892592047205
11165,0.7903630437647341
11166,0.5796481787188706
11167,0.7828189840045954
11168,0.6449758315431356
11169,0.8979647642050411
11170,0.8438811975531596
11172,0.814932567177496
11173,0.6791959177536522
11174,0.9394163365180411
11175,0.7230768577995584
11176,0.6039181062090738
11177,0.6033625948722444
11178,0.5017179904189202
11179,0.8004978874881391
11180,0.7971683817597134
11181,0.6952651243899163
11182,0.5968636538362295
11183,0.8950776944865337
11184,0.6545918159400677
11185,0.6233384626733294
11186,0.7434753017918844
11187,0.5352924962334862
11188,0.5907919381585326
11189,0.6749969897738506
11190,0.6486999113840384
11191,0.42752127695990877
11192,0.5076959023138891
11193,0.7881145928802065
11194,0.9467729924727643
11195,0.5459685654608635
11196,0.5152242329737431
11197,0.7840301960168579
11198,0.772059053173606
11199,0.6740793445176442
11200,0.7252848524723944
11201,0.8485655423980608
11202,0.4781697650458889
11203,0.4845458038812101
11204,0.47864066651034104
11205,0.906890950892258
11206,0.6249445886047714
11207,0.7913371114378877
11208,0.7278664226009889
11209,0.6048877880515006
11210,0.5863353732843369
11211,0.6048704255989631
11212,0.4665967573012391
11213,0.5066527649609517
11214,0.7895004654953596
11215,0.8229811868425984
11216,0.8099201976267336
11217,0.8310474532485982
11218,0.6530318776553378
11219,0.6705525248266136
11220,0.6048379915488861
11221,0.5989905927790599
11222,0.6500526777427514
11223,0.9092799535868146
11224,0.5661039571181183
11225,0.4771477150923334
11226,0.7631614631690385
11227,0.7466888628707493
11228,0.6497350132980292
11229,0.5710632020734957
11230,0.5551625026064553
11231,0.7477836419367768
11232,0.8575818420528214
11233,0.7249326459560309
11234,0.5714007076107769
11235,0.6829022273705231
11236,0.4571135421111328
11238,0.5532215434723678
11239,0.789416221270605
11240,0.6625890698635682
11241,0.46373773925257594
11242,0.8651746565795704
11243,0.5299595011273054
11244,0.6625278410232602
11245,0.4420630819334656
11246,0.7751825909547438
11247,0.6005896879864907
11248,0.6434490566322267
11249,0.6216295121197405
11250,0.39967921149594865
11251,0.5611806575316596
11252,0.6700133291617689
11253,0.85211932561423
11254,0.6013956750070336
11255,0.6206103362724718
11256,0.802306253672603
11257,0.8583257762749453
11258,0.830078396064177
11259,0.8733124471149344
11260,0.6160372505048872
11261,0.44334478563723345
11262,0.42184883344721924
11263,0.6018946514650536
11264,0.5665120085509191
11265,0.5450477498302717
11266,0.8654437898431673
11267,0.5653087926954851
11268,0.5731804998158783
11269,0.6902191845976026
11270,0.3541193604561635
11271,0.44019975568375497
11272,0.5934787360321424
11273,0.6862148998281308
11274,0.7907890431372033
11275,0.5136869291921667
11276,0.9096139758224555
11277,0.7791453970379655
11278,0.774205545779016
11279,0.6496659407855179
11280,0.576553749132799
11281,0.46161178393383234
11282,0.6193344368240425
11283,0.771079202955347
11284,0.7479392536708259
11285,0.7130253229119017
11286,0.7685104565087505
11287,0.5724511586616109
11288,0.6354408619288922
11289,0.8240529451958328
11290,0.6781948687429772
11291,0.5546378156764367
11292,0.7008836183660397
11293,0.8312253461495797
11294,0.5923947682390182
11295,0.6946618878351235
11296,0.7259257780385227
11297,0.738558973909428
11299,0.8522569491025523
11300,0.7617928404198367
11301,0.644125980265144
11302,0.5371206229579998
11303,0.431223197671516
11304,0.6339633643884928
11305,0.5453335929023819
11306,0.7323975929195933
11307,0.8128640433336836
11308,0.8622720731423215
11309,0.6435952566746694
11310,0.5800475955993364
11311,0.6822937662307756
11312,0.6112138277255635
11313,0.7491671153411902
11314,0.7846220367742305
11315,0.6775772289992009
11316,0.3580647594167717
11317,0.5048604419220108
11318,0.6777844175479076
11319,0.8063498040423803
11320,0.4680932096040011
11321,0.5427519217503326
11322,0.6610624647841021
11323,0.5894282977609158
11324,0.7376124655389867
11325,0.845542248704589
11326,0.5077366256777102
11327,0.6605961603709781
11328,0.7887196322464289
11330,0.83423245265795
11331,0.780439110611543
11332,0.5683661386296482
11333,0.6523590814232767
11334,0.7724935848286977
11335,0.570507180853718
11336,0.33737870501624756
11337,0.6708408981286312
11338,0.657320371627658
11339,0.8071828802919409
11340,0.6546260950425847
11341,0.6908231152120298
11342,0.7550939009619384
11343,0.5335297243921455
11344,0.842436685362243
11345,0.7808161336970825
11346,0.6961027936392735
11347,0.6315186360364752
11348,0.5927470704868404
11350,0.6271745427833482
11351,0.5500818900834406
11352,0.6081982406807126
11353,0.8063134007450001
11354,0.6994732615340916
11355,0.8241725705366614
11356,0.5356520908295274
11357,0.8491295821912853
11358,0.6175447987593558
11359,0.43437540666850355
11360,0.7219654306772778
11361,0.7119607609386476
11362,0.7025187273737957
11363,0.5918059896895063
11364,0.7158928281445478
11365,0.7798981055657396
11366,0.7317394321925214
11367,0.7197354616271466
11368,0.9111367396021425
11369,0.7038799038401237
11370,0.5945912240368916
11371,0.7140768914844563
11372,0.9349599879957163
11373,0.5683523476383915
11374,0.5322058461554082
11375,0.15849333001923857
11376,0.6293692465834239
11377,0.6869711639841402
11378,0.7990243833555403
11379,0.7034624544768765
11380,0.5632874924951784
11381,0.6234884168908812
11382,0.7659829795937824
11383,0.7508328594165082
11384,0.7109302982773343
11385,0.7158708229077319
11386,0.6742596577705542
11387,0.8002823678104902
11388,0.7362895993874434
11389,0.6826531529116227
11390,0.8243462673456637
11391,0.8716116659264274
11392,0.6634266254501394
11393,0.6412974300009734
11394,0.5825614756181771
11395,0.943364348949022
11396,0.6678943782586503
11397,0.5766108641795843
11398,0.6888732036759603
11399,0.7518266712618429
11400,0.27668359969536377
11401,0.34706754575956555
11402,0.6556940550833122
11404,0.8812879828007362
11405,0.7418040635626548
11406,0.5674796437019514
11407,0.7053606219196569
11408,0.8556574464945905
11409,0.7542935315028112
11410,0.8849127609318423
11411,0.9454347118423888
11412,0.680531100021069
11413,0.9314581267251368
11414,0.9057637803473059
11415,0.8256407542804286
11416,0.8932348026321041
11417,0.8231045968276378
11418,0.42698587097936763
11419,0.7800458176227294
11420,0.8602480399296928
11421,0.7906581999974676
11422,0.6604329640898704
11423,0.8845969870261746
11424,0.6347105193284436
11425,0.9032474879561679
11426,0.8847299871023496
11427,0.567812759180958
11428,0.7679844956119459
11429,0.8508200897238511
11430,0.5425280089266838
11431,0.7465715614536766
11432,0.8058292179717021
11433,0.8797474963378099
11434,0.570092707037283
11435,0.4026171261946317
11436,0.8851753923381743
11437,0.6863472599082243
11438,0.5939278398034392
11439,0.7750537421629172
11440,0.806367813969541
11441,0.5976411010930899
11600,0.0
12001,0.2819069144800291
12002,0.26863029744140815
12003,0.49383505576541836
12004,0.37904570834432755
12006,0.38841054044948903
12007,0.7257801659826332
12008,0.4533021209674029
12009,0.5173728372858927
12010,0.32980739919929286
12011,0.3895787029368583
12012,0.4608019270859085
12013,0.32121430700343717
12015,0.3401021564272624
12016,0.3071812068474492
12017,0.5391626128824278
12018,0.7676538042562114
12019,0.6384947922445178
12021,0.653675567322553
12022,0.41178734089275876
12023,0.6923177502457881
12024,0.3531885348677235
12025,0.3083849010174023
12026,0.2576617231375928
12027,0.4107970692123311
12028,0.4906412185401398
12029,0.6756124285391243
12030,0.4982102124504426
12031,0.32025460009946266
12032,0.26640845278299946
12033,0.2062024537893217
12034,0.7666090797979485
12035,0.5687299518179287
12036,0.3692073764240704
12037,0.5095811788850729
12038,0.46996142603293434
12039,0.5958599548786931
12041,0.3374126978698127
12042,0.5278720056062012
12043,0.2239159671465932
12044,0.34939436696775283
12045,0.2426854313933199
12046,0.25794077167270285
12047,0.4865942683195517
12048,0.43996063007992436
12049,0.38461414140871947
12050,0.2628620989392313
12051,0.3253513851173602
12052,0.4310121747463362
12053,0.7632495136200529
12054,0.6372209510416448
12055,0.6733179575912818
12056,0.24202915650560994
12057,0.28841834325921006
12058,0.4304086782521765
12059,0.2890881979066638
12060,0.5196297898867311
12061,0.2751738171048978
12062,0.3735148179009171
12063,0.34204034552242785
12064,0.31540435327362276
12065,0.39280600986484915
12066,0.27870614048597636
12067,0.5492811559263299
12068,0.2829607242121676
12069,0.5324155958598726
12070,0.30783765418226067
12071,0.6367336763370934
12072,0.38096000220218484
12073,0.38477230992664424
12074,0.41302118463258286
12075,0.5113938471815863
12076,0.20268531919608004
12077,0.36521190832549344
12078,0.6290827195661413
12079,0.23597570461110728
12080,0.5811245972009634
12082,0.41056757037600605
12083,0.41525386348582055
12084,0.2831456809876735
12085,0.3499054433960816
12086,0.4941217277056011
12088,0.4051521593670682
12089,0.3339135018833736
12090,0.23551815198798806
12091,0.7274932053373803
12092,0.30912228881083487
12093,0.41921408127425197
12094,0.2328619107909308
12095,0.25055835821166933
12096,0.35254111310834196
12097,0.3175984452479886
12098,0.3099168752941159
12099,0.5456848747400983
12100,0.24442456548304348
12101,0.38653220602232774
12102,0.25233453654406385
12103,0.35931787097368795
12104,0.7521734290448766
12105,0.6020770986931576
12106,0.35908020231156534
12107,0.35766144455956944
12108,0.47858836145094075
12109,0.4782129436350128
12110,0.3177380422849705
12111,0.3578790373894328
12113,0.23003453897774664
12114,0.0
12115,0.4211726482388194
12116,0.5866909213157457
12118,0.3139968135331401
12119,0.34407368781449477
12120,0.1357437442159017
12121,0.7452376455961418
12122,0.4146076335504872
12124,0.2404964211113857
12125,0.6259545094449014
12127,0.384351154630504
12128,0.6763515769237306
12129,0.5499105158290932
12130,0.39241767498951896
12131,0.3015307010443924
12133,0.22727024001277804
12134,0.6090350814894695
12135,0.7201503301159399
12136,0.6620741425608587
12137,0.2733009153217331
12138,0.38884837746409334
12139,0.645051392920119
12140,0.6883145766031342
12141,0.5229973824966291
12142,0.3609806827829442
12143,0.4570400636164098
12144,0.4833723018928287
12145,0.11036048151597118
12146,0.2954451291860804
12147,0.5448061398918841
12148,0.4528701579457935
12149,0.5275419222532922
12150,0.7307353112592004
12151,0.35744927529939563
12152,0.5731615432784068
12153,0.5055575036703724
12154,0.4836042957473224
12155,0.6031306782980757
12156,0.32799853426842834
12157,0.20301263070275563
12158,0.7204599917795359
12159,0.8278075026983914
12160,0.5340350847780299
12161,0.4490109913574823
12162,0.29567720151270954
12163,0.5950719717268029
12164,0.33405524639663
12165,0.47396624126655423
12166,0.44230381275399155
12167,0.6098275419008731
12168,0.21282238667412814
12169,0.23959906654717855
12170,0.7242468392542332
12171,0.3224227178846584
12172,0.3452422876281332
12174,0.260596145732639
12175,0.7579718689116484
12176,0.36125643655297063
12177,0.08546074304466826
12178,0.36561430659679917
12179,0.4792171330143988
12180,0.5681688079782009
12181,0.7464001213222038
12182,0.5384489322845977
12183,0.5716737082507796
12184,0.5698022855835448
12185,0.25553112802910855
12186,0.604427737134075
12187,0.3163598318344734
12188,0.14690366973083926
12189,0.3011952081548924
12190,0.543900061379306
12191,0.6690767114895412
12192,0.4190136719528283
12193,0.51717096325361
12194,0.23553124512476642
12195,0.4984868338653324
12197,0.2811501801594609
12198,0.5041947679892572
12199,0.22262435816799866
12200,0.26979140449448025
12201,0.3884082927668871
12202,0.33259523491257026
12203,0.427778876608347
12204,0.3883871457362614
12205,0.7625710354756948
12206,0.41760963600799533
12207,0.435441495041077
12208,0.32434195474752664
12209,0.33960070091226197
12210,0.48120286090499814
12211,0.375801974389039
12212,0.6529309327490885
12213,0.3815899126094982
12214,0.3135697799815863
12215,0.3041162995039375
12216,0.2430559230048902
12217,0.6887496867228539
12218,0.0
12219,0.5904587229413943
12220,0.44559132307645677
12221,0.33272570711128596
12222,0.6420122492783141
12223,0.20491033649307258
12224,0.1336591295200702
12225,0.31604421930815946
12226,0.24930903209965907
12227,0.7496688138659399
12228,0.6348005335431661
12229,0.5340231526183404
12230,0.40083182448963955
12231,0.4054051326991274
12232,0.633148281701626
12233,0.5712839156079182
12234,0.3769024772963197
12235,0.29287698409481416
12236,0.4371469028656568
12237,0.37202378484604326
12238,0.3435480081924067
12239,0.6169889020851369
12240,0.558106541309578
12241,0.27897425410645343
12242,0.7904317111575944
12243,0.4074925773891412
12244,0.5741176952416112
12245,0.0
12246,0.5464053713941551
12247,0.5460880956380526
12248,0.6280107085176468
12249,0.5807832691937042
12250,0.5125526591850676
12251,0.6244630451242347
12252,0.7400332096365538
12253,0.4279003891049846
12254,0.26017065137378964
12255,0.3687363344145713
12256,0.6882591558212904
12257,0.580662950584304
12258,0.4239178064654749
12259,0.7376646726004296
12260,0.5012692568574766
12261,0.7504948263860274
12262,0.3068036033613955
12263,0.7992849927094806
12264,0.2986713299959622
12265,0.4417169905229696
12266,0.395360326841862
12267,0.21660270732802667
12268,0.3880354905766373
12269,0.55679718664741
12270,0.4028908496331463
12272,0.550772256805903
12273,0.39878077867008255
12274,0.47916988926591214
12275,0.5052513909091649
12276,0.30582598906111835
12277,0.5851565072666172
12278,0.4675717757223752
12280,0.2740053108395094
12281,0.8502051727819372
12282,0.4935895401697978
12283,0.4464276990384912
12284,0.5521448317825711
12285,0.0
12286,0.3612352551753773
12287,0.6823715911387818
12288,0.2793037161461319
12289,0.5953618628432944
12290,0.5918880170748438
12291,0.3769912894716157
12292,0.5640713104106257
12293,0.17866638712960012
12294,0.4278916939380222
12295,0.6528722773489449
12296,0.5442190916603431
12297,0.2935048867078242
12298,0.5396704297652853
12299,0.48768947466214313
12300,0.7717779018809411
12301,0.5850595379061384
12303,0.4545274947031863
12305,0.3757784816265362
12307,0.31407511003877087
12430,0.0
12600,0.0
13001,0.43642212295082655
13002,0.6910641599297501
13003,0.4543230179645752
13004,0.16089812398420447
13005,0.5429587890376303
13006,0.4482850944855164
13007,0.4748928717481786
13008,0.5415193126983141
13009,0.4528282579299687
13010,0.7069124243453208
13011,0.6186614190692291
13012,0.5630716475265065
13013,0.5416496411286987
13014,0.4871550885665819
13015,0.75676255116182
13016,0.48137523501366536
13017,0.7147510068449567
13018,0.44412658292255314
13019,0.7315998947874331
13020,0.7024299013212584
13021,0.7641366294581315
13022,0.6289435746551363
13023,0.4484345638514995
13024,0.5392855389194863
13025,0.4903520220758053
13026,0.665460516061774
13027,0.47895507249155106
13028,0.46839907661833724
13029,0.5736504400066357
13030,0.5614660442671258
13031,0.5322300606753391
13032,0.4147725097967765
13033,0.7932206534496119
13034,0.5914077332187161
13035,0.3713469816708023
13036,0.6531310174613615
13037,0.47640311611937364
13038,0.45222036901393375
13039,0.570360505757961
13040,0.44901255256682343
13041,0.5348831910018448
13042,0.49338260062982364
13043,0.7794040924000658
13044,0.459942969519007
13045,0.6863474428299604
13046,0.6058901161708862
13047,0.4140425578902714
13048,0.33458678442289064
13049,0.5021945982603051
13050,0.483866138365737
13051,0.4312372775408342
13052,0.6998715464643345
13053,0.3769935237092339
13054,0.7028683118195608
13055,0.578102575790321
13056,0.5556813926878084
13057,0.7236813034909252
13058,0.49555941204692305
13059,0.5291487898823183
13060,0.5039311484741291
13061,0.7607906262030865
13062,0.6938537945198183
13063,0.4873092909238141
13064,0.35255541313549815
13065,0.5573806364841777
13066,0.47804572398496603
13067,0.34025991375241765
13068,0.4739908929745013
13069,0.3792872488683529
13070,0.7844596011829283
13071,0.6993713312922719
13072,0.46520237587060614
13073,0.6534203414892006
13074,0.5078741331062221
13075,0.822815427542625
13076,0.350483134157074
13077,0.6359362117303178
13078,0.5557985594345473
13079,0.414200133864594
13080,0.4731181179610999
13081,0.6373266237256853
13082,0.5260256645804466
13083,0.7729032117924071
13084,0.5139650734732815
13085,0.4455377514678987
13086,0.5750583477713332
13087,0.45604508748621697
13088,0.7778864836288042
13089,0.41040435105465284
13090,0.5300207935019722
13091,0.6322567527238917
13092,0.6775197429369273
13093,0.4638740134962695
13094,0.5582002873644883
13095,0.49103204992875044
13096,0.08815172784246687
13097,0.2584281467749218
13098,0.6653064025477926
13099,0.20470783058299327
13100,0.5481446285789806
13101,0.6877181639992959
13102,0.8168198663630472
13103,0.38379134070170834
13104,0.5968834552631187
13105,0.6356730279673038
13106,0.801749432178779
13107,0.8445912952847263
13108,0.547073785256781
13109,0.5380615818492803
13110,0.316927795116648
13111,0.6948302654564934
13112,0.48199254647916123
13113,0.5177993157336979
13114,0.4603048307479391
13115,0.5720177154382511
13116,0.5575448849994208
13117,0.6742864813671071
13118,0.5073766377248966
13119,0.6024383178829419
13127,0.0
13200,0.0
13220,0.0
13290,0.0
13400,0.0
13500,0.0
13540,0.0
13590,0.0
13700,0.0
13710,0.0
13928,0.0
13960,0.0
14001,0.6936886577894271
14003,0.471507811333822
14005,0.7309160925514617
14006,0.8691743765166112
14007,0.21264635924804845
14009,0.882706806737155
14011,0.26470270740390145
14012,0.4785724560956273
14014,0.8676554657204975
14015,0.8867150739764372
14016,0.47933771742217274
14019,0.4879214557075346
14020,0.8089468425893475
14021,0.8781339260097618
14022,0.862001012516418
14023,0.35316502076120937
14024,0.7429622703619322
14025,0.7921530130452198
14026,0.7627755464398619
14027,0.2145472098283784
14030,0.9049776036141365
14032,0.5390511531781933
14033,0.47237655780765225
14034,0.9050633587631389
14035,0.48865700618121677
14036,0.7248993130123784
14037,0.8360007728459915
14038,0.8705550583024505
14039,0.7791833288315596
14040,0.5415394198627997
14041,0.7020363078168361
14042,0.7501163418572655
14043,0.8011178062977496
14044,0.8742355359815659
14045,0.6078667083374824
14046,0.6763439095910987
14047,0.5793601304209522
14049,0.897542799295466
14050,0.6566845748762278
14053,0.8270189016239922
14054,0.7533564202852795
14055,0.5345628611128065
14057,0.8218387813640046
14059,0.884879455053334
14060,0.8772843997112689
14061,0.15942387934034882
14062,0.8795649699559182
14063,0.6033856080898713
14064,0.7180051762117147
14066,0.8431090642604738
14068,0.7454273344580281
14069,0.6266130668943225
14070,0.5175492288924504
14076,0.8008943984334334
14077,0.6703226631246237
14078,0.4664438855121082
14079,0.7590683760113199
14080,0.7060469745149685
14082,0.6033562265830383
14083,0.4270379632427657
14084,0.36753584486016905
14085,0.7069080801647107
14086,0.8918745397491792
14087,0.7282485164614613
14088,0.5229094015632706
14089,0.7408861506492671
14090,0.8557938437181744
14091,0.5004076739461891
14092,0.7359804784260255
14093,0.46108668345989895
14096,0.2950831324151369
14097,0.7118834295559159
14098,0.6823094412100308
14100,0.771722266583252
14101,0.8136943202195263
14102,0.5920280178518104
14103,0.6293933696238724
14104,0.6413659993910895
14106,0.8865856476746764
14107,0.5778444993984636
14110,0.6127970554832681
14111,0.8638446965891853
14116,0.8281249721190799
14117,0.8526998599541532
14118,0.5888157880120302
14119,0.782822986289049
14120,0.17700250999699016
14121,0.5894083476813036
14122,0.870514074770504
14123,0.8346035780439179
14124,0.4199872630576829
14125,0.8485809039228173
14126,0.4275782509952885
14127,0.7164596772317227
14130,0.47152019887852564
14131,0.846627269129145
14132,0.3282809709432948
14134,0.8429326911269418
14135,0.7448165049900853
14136,0.39363395504325727
14137,0.8555261066816678
14138,0.6041441896270214
14140,0.5356539027821807
14141,0.503744029916566
14143,0.384658995904737
14145,0.7412426079334266
14146,0.37718492202167475
14147,0.3361191738713216
14149,0.8408532644986884
14150,0.6256730766710468
14159,0.867281105420259
14160,0.8073459250040838
14161,0.43618988962437705
14162,0.4367962177483398
14163,0.820378740589824
14165,0.47255409069380994
14166,0.8253328459023151
14167,0.742878389851119
14168,0.3422089167422305
14169,0.8910558595017753
14171,0.48051561005693905
14172,0.7050410242353472
14173,0.7849581101706389
14174,0.3375524294077259
14175,0.7538853756938555
14177,0.6016861242511333
14179,0.6245643188655419
14180,0.7264563735008823
14181,0.7819973394767693
14182,0.6744147157699877
14183,0.7021326137751465
14184,0.4897399790933665
14190,0.6331332536690839
14191,0.8507414441303456
14193,0.574696815836925
14194,0.5696240858375625
14195,0.6169701770717078
14196,0.8646968213019286
14197,0.8575110745147083
14198,0.4132031399713112
14200,0.7351883094422896
14201,0.0
14202,0.9081959816403854
14203,0.5542364673190715
14204,0.2789232887671058
14205,0.8093199028437311
14206,0.7798269132520486
14207,0.6696141672642569
14209,0.4283782423801454
14211,0.36553964294474506
14214,0.532886765651554
14215,0.766279348528767
14216,0.7727269682781376
14218,0.44825803797204866
14220,0.8517578103451112
14221,0.7733680337831043
14223,0.7376426008337722
14224,0.3343479487944228
14225,0.7438263938132295
14226,0.5786257900821825
14227,0.4784037270695259
14228,0.7875974997087831
14229,0.4821084134433997
14230,0.4720561990719103
14231,0.4170146447044316
14232,0.7705365676231865
14236,0.708567388079333
14237,0.7532730453793177
14238,0.8725978941603593
14239,0.4353366269630737
14240,0.5979238717399086
14241,0.5882314326720623
14242,0.8750410205469473
14243,0.6846301639355307
14244,0.6381436917742459
14245,0.528637321399127
14246,0.7284535655862915
14248,0.7443004023019331
14249,0.8994935129019545
14250,0.7422317140460163
14251,0.45697851568229436
14252,0.6533309411490142
14254,0.8077717618011516
14256,0.47796648348625315
14257,0.8623571596113878
14258,0.5610762664206629
14260,0.6146551612993617
14261,0.7129798547417107
14266,0.759388405810546
14269,0.7189301913301462
14270,0.6793423883285027
14271,0.8164230255365249
14272,0.5793525620205399
14273,0.14302382020175147
14274,0.7578691637745815
14275,0.8959741500297914
14276,0.6043541339334757
14277,0.7991742394735963
14278,0.9122272592122416
14280,0.6618929882865313
14281,0.40292740669678045
14282,0.6065669761763387
14283,0.8019178375006292
14284,0.6665931082088976
14285,0.6327035039613284
14286,0.6580007280008818
14287,0.7559069429668988
14288,0.9227961503285278
14289,0.6168962487627075
14290,0.7985038677854485
14291,0.8239800982187888
14293,0.697066559781864
14297,0.7420637344737343
14298,0.476857203727209
14299,0.6383555850473904
14300,0.6291581041699005
14301,0.7368156364128001
14302,0.5216061747595071
14303,0.4316041588168993
14304,0.6668281573014675
14305,0.6666939111691853
14306,0.8513984172701662
14308,0.5687388650204391
14309,0.7515216393745505
14310,0.6638292872706923
14311,0.7494405850612794
14312,0.1773113437045647
14316,0.521059871846323
14318,0.8766061679368454
14319,0.7848963965973749
14320,0.8715046801548813
14322,0.710887962380072
14325,0.8060730707047674
14326,0.6161472075625033
14327,0.7191995234955894
14328,0.912941308782908
14329,0.6880848707497494
14332,0.648789738654048
14333,0.7093551557052624
14334,0.6434565251360317
14335,0.5746692560738151
14336,0.8665904699381999
14337,0.5225249806350162
14338,0.6773474961253184
14341,0.8139044403227333
14342,0.24293758476248664
14343,0.76069959915176
14344,0.6651082819820123
14345,0.7106826661377631
14346,0.7134695297026298
14347,0.22764107040760562
14348,0.7231030515151097
14349,0.8474675611768435
14352,0.4817128418925088
14353,0.6671719141668819
14354,0.8510810292602926
14355,0.8672262759249931
14357,0.4879149643002787
14358,0.6207387568692002
14360,0.6967031961217907
14362,0.4958491270024263
14364,0.8712390671643654
14365,0.8404269742594014
14366,0.5404472310386516
14367,0.6300844343392684
14368,0.23090427885299772
14369,0.6510463207431156
14370,0.47033817604092043
14371,0.19887383936829414
14374,0.2400245253658461
14375,0.7717329958124703
14377,0.6486737803686307
14378,0.3409613757449885
14379,0.21024587371264633
14380,0.7914806688155909
14381,0.7299747232025461
14383,0.7948660042466877
14384,0.83192881640824
14385,0.7002980940037306
14389,0.2292858418252924
14390,0.893515358575621
14391,0.5156660601006106
14393,0.8798057116265022
14394,0.7587735027231721
14396,0.7881886840990955
14397,0.452558300897393
14398,0.5370003975964793
14399,0.5441780559303009
14400,0.8864233857264797
14401,0.6830583807673308
14402,0.790793299539828
14403,0.6210683245584537
14404,0.6325976531340971
14405,0.6322985084836424
14406,0.7800321280107929
14407,0.8442284722459849
14408,0.7531158240065885
14409,0.8375900823952714
14410,0.7653666291065861
14411,0.5910989056222451
14412,0.43107269535180864
14419,0.5295065786963636
14421,0.5333099169028569
14424,0.7796453574400181
14425,0.5138130190865762
14426,0.708593976115902
14427,0.7522965304448924
14430,0.8711220692334201
14431,0.22640721482749263
14435,0.5468514247289945
14436,0.7149510793047944
14437,0.7671613072757936
14438,0.7657952773515474
14439,0.350436401882051
14445,0.6460740420918344
14446,0.8847813884184771
14448,0.6120005240460986
14449,0.6601347601717827
14452,0.7146216551889514
14453,0.47371373615236667
14454,0.7660901490575208
14455,0.8007437776732919
14456,0.8440879597593014
14457,0.7496223466133706
14458,0.8598348192258526
14460,0.6373521599257086
14461,0.8759089625281713
14465,0.7336620983385703
14466,0.6101497158418727
14467,0.675828026554453
14468,0.6075825828201401
14469,0.7851626586231039
14473,0.46142374409909465
14474,0.7070139051413614
14475,0.6402413269012711
14476,0.5224320483210544
14478,0.38824816642740556
14480,0.5609019117157362
14482,0.7688004743220382
14483,0.8391595933550436
14484,0.6749273083027593
14486,0.5555918177825288
14487,0.6515345865835638
14488,0.8243252321340794
14491,0.6592203764060883
14492,0.8420942394511903
14494,0.6037123875971256
14495,0.8623942441268593
14496,0.5068282341187892
14497,0.7083436326243971
14498,0.6330335401852373
14499,0.8429243986919618
14500,0.5363712575124984
14501,0.6904609204526267
14502,0.7424865484700147
14504,0.6165259967386951
14506,0.5738299871394107
14509,0.8744985513631504
14510,0.7073957778978159
14511,0.44814351879237707
14512,0.4922958358587053
14514,0.6012777091606506
14515,0.6405079890334454
14516,0.4406708605735492
14519,0.8906915446109022
14520,0.5520189292473435
14522,0.49677180168994894
14524,0.5467696162433772
14527,0.49679528590569483
14528,0.5805426495498435
14529,0.49609011587514074
14530,0.8923779353833111
14531,0.7513628754017067
14533,0.6331807322047317
14534,0.5099325823801611
14535,0.8865893420959128
14536,0.8197574515869617
14538,0.7448072389839456
14540,0.6710590612662924
14541,0.6056987868764073
14542,0.8826651162481042
14543,0.8332055669866497
14546,0.6277422646042604
14547,0.4519102985728187
14550,0.6199178794615671
14552,0.8466377851379305
14554,0.7782374358713345
14555,0.5420680434328599
14556,0.7758538135174318
14557,0.8663014713691112
14558,0.8936740273640921
14559,0.7917846172760098
14562,0.8466190092595847
14563,0.5516243543234678
14565,0.8551528006306951
14566,0.8453820574220918
14569,0.8778364687128825
14570,0.3737188965038059
14571,0.5979408542970818
14572,0.5729200874642609
14574,0.5085623994536365
14575,0.5617566161340751
14576,0.27823868080443326
14578,0.6238523340772104
14579,0.12047943069955673
14582,0.5269162557645716
14586,0.35169862228659693
14587,0.8381679235508148
14588,0.6307336827739155
14589,0.6832606051762679
14590,0.5985693941816422
14591,0.4460864172108403
14592,0.8825505942364558
14593,0.4188971344562473
14595,0.535575695401046
14598,0.44139673945426233
14600,0.0
14601,0.5697310477701495
14602,0.4060613653559391
14603,0.8601378740891336
14605,0.4107070766957837
14606,0.42347683649201295
14607,0.627765523578154
14609,0.5914170955482781
14610,0.778736938617779
14613,0.6055847779977633
14614,0.5482816753539135
14619,0.4709160838110284
14620,0.6247162405805695
14621,0.3217245337566253
14622,0.6304755814589819
14623,0.7632908907123935
14625,0.5455052200297833
14626,0.5423830440702185
14627,0.6707315621853943
14630,0.7286717228191334
14635,0.5921277795982722
14637,0.8386279377090555
14639,0.532040817614225
14640,0.71415803283009
14643,0.5341164600808667
14644,0.5729555570051799
14645,0.7325133055029646
14646,0.6965741625101335
14648,0.5059749210547629
14649,0.6866296436091655
14650,0.22823146125606142
14651,0.6277692633695066
14652,0.3250382215873509
14654,0.37743558032288943
14656,0.4111463261039326
14657,0.6232705138894442
14658,0.38358797671906614
14659,0.7092503565665694
14660,0.7243170339802143
14661,0.6723922423896265
14663,0.7091238400593664
14664,0.5477645940944852
14665,0.9011672606353024
14666,0.7186635688756547
14667,0.45138513867571944
14668,0.43523162727885684
14669,0.6508167426825411
14672,0.22118523239828028
14674,0.7093160544266106
14675,0.7490939874642707
14676,0.8198796162484485
14677,0.6442712609457802
14678,0.5050487603443377
14679,0.481635121107671
14680,0.5402296960745936
14681,0.46960036452877824
14682,0.5729023299214496
14684,0.7443589384294859
14685,0.8807811535274053
14687,0.6426477604553499
14689,0.3487912441971896
14692,0.8639386550608482
14694,0.5816481672551166
14698,0.7253948533709088
14699,0.8613693038043507
14700,0.47160047636361496
14701,0.8558540091895849
14705,0.679781966309957
14706,0.610983980281773
14707,0.7589416489018053
14708,0.20746687727411162
14709,0.6593992609450198
14710,0.7152348827507581
14711,0.4091136140351686
14712,0.6809146672559011
14713,0.8598278713787044
14714,0.5410386598650317
14715,0.8727487849023818
14716,0.8708117019397577
14719,0.7177432842037829
14720,0.4901571912740896
14721,0.7096017327044933
14723,0.4646446540661358
14724,0.799247136160849
14726,0.36152267731247756
14728,0.5622606142131672
14731,0.8183577137326932
14732,0.5515510789989415
14733,0.7458085362750057
14734,0.7112417639092973
14735,0.5218689854826084
14737,0.6567488932710911
14738,0.7835759783252337
14739,0.8140171666665404
14740,0.33436960233706436
14741,0.631230691871573
14742,0.7233143444572857
14743,0.5897148436435823
14744,0.7465491725827338
14745,0.34791141202038084
14747,0.9170923193467525
14748,0.5598784108529054
14751,0.6362055654154473
14752,0.5807636872373556
14753,0.590302419238704
14754,0.6514419659407285
14755,0.9063263302370222
14756,0.432612759808304
14758,0.9084530762032573
14759,0.7512516326717948
14760,0.6376888893995419
14761,0.7047770561041794
14762,0.4662114715962676
14764,0.7088555534792235
14800,0.0
15001,0.38278601938710316
15002,0.5434174006482139
15003,0.1158401940730693
15004,0.435544015048293
15005,0.5274140220177582
15006,0.17635337094870465
15007,0.689677994000184
15008,0.252093731429731
15009,0.356956167697936
15010,0.21456643228023428
15011,0.2661869125583221
15012,0.4108731487383996
15013,0.5209702647242312
15014,0.5863425416153935
15015,0.3546463445833545
15016,0.41985521449762525
15017,0.5396718146578152
15018,0.1957337152191576
15019,0.24759537814818322
15020,0.6173669363188673
15021,0.3647034807689109
15022,0.5051710672461635
15024,0.13700841136257108
15025,0.3917524475580003
15026,0.27116739331124534
15027,0.27573705795770065
15028,0.4490071398780797
15029,0.4230136827363773
15030,0.4544175497157151
15032,0.6282937096684629
15033,0.38395423129561274
15034,0.5412774703099625
15036,0.09787087247690585
15037,0.12962883504757847
15038,0.12026209928571381
15040,0.34432842889341564
15041,0.4555513525726394
15042,0.46958247835020467
15043,0.5716992335475273
15045,0.25319936486686917
15046,0.17523882130915025
15048,0.5224370590336107
15049,0.3039487081471188
15050,0.35628082181458326
15051,0.7393505387247262
15052,0.14470089849899845
15053,0.4641427302700132
15054,0.13635992197700153
15055,0.3520219988525572
15056,0.4160982798323496
15057,0.2896974757206039
15058,0.6118239632709038
15059,0.552235320886202
15060,0.36380008126975305
15061,0.3662325616186701
15063,0.13568974711263182
15064,0.18174305793613366
15065,0.16887693091294895
15066,0.38432206756723925
15067,0.2628034583248236
15069,0.39421207010039677
15070,0.20910976450390337
15072,0.5773427021681364
15073,0.8606646312385733
15074,0.48043098514617694
15075,0.5460325612665741
15076,0.22342913915690288
15077,0.47079905643245096
15078,0.307311256501277
15079,0.18653097373610103
15080,0.4269993125461602
15081,0.5016846360274495
15082,0.3807204838256877
15083,0.5190336774335705
15084,0.5802489820773454
15085,0.5312990538811404
15086,0.37407210674766644
15087,0.5030989705250782
15088,0.3735762056236717
15089,0.4967909879341921
15090,0.47167250181045167
15091,0.4477372823512445
15092,0.11375113425009738
15093,0.4517793809823218
15094,0.5800157119519769
15095,0.5456030429681246
15096,0.4045488504527445
15097,0.6028225779480213
15098,0.7155299557566698
15100,0.48620419944713517
15101,0.15095122297229616
15102,0.338195517063363
15103,0.5634358504639878
15104,0.3914281508711328
15105,0.7879508868125337
15106,0.4032730764900039
15107,0.7906067112359433
15108,0.553271713103313
15110,0.18229277712763028
15111,0.3413748920219102
15112,0.31822297261397264
15113,0.1983031167250255
15114,0.11359620735099106
15116,0.20849338942619608
15117,0.46183528836502724
15118,0.5177380437234567
15119,0.5450045427177317
15120,0.142967972515365
15121,0.8578198019671541
15122,0.4859949617639778
15123,0.2480312006333273
15124,0.25953058167173965
15125,0.4470702874700969
15126,0.7024984900749183
15127,0.4952334395507896
15128,0.30566411417352557
15129,0.35206420322981113
15130,0.6186001549994895
15131,0.242117695691351
15132,0.32969703378802284
15133,0.5820803804314855
15134,0.5005792852189243
15135,0.31629623754115505
15137,0.292477424481351
15138,0.25482771239478524
15139,0.3718770075048368
15140,0.518814870848595
15141,0.18714941000346377
15142,0.24687741788904097
15143,0.47516187304270946
15144,0.46215552741874316
15146,0.28806568060527576
15147,0.23898688033165807
15148,0.5940299770664418
15149,0.3612228046328729
15150,0.0
15151,0.46403579599389744
15152,0.45612118553630904
15153,0.15186178829232808
15154,0.44998457769969785
15155,0.42292017398347254
15156,0.4860576733415008
15157,0.3812582707139522
15158,0.5893389267111484
15159,0.5055429435295526
15160,0.4991180121832177
15161,0.4158060869395203
15162,0.3325827622539454
15163,0.43869862042872904
15164,0.534011945594789
15165,0.1948159890237465
15166,0.30967026982431883
15167,0.32235997946191924
15168,0.4951729000017689
15169,0.3552546470021935
15170,0.33386160846489726
15172,0.5358642320922338
15173,0.37996220142197296
15174,0.2713886115585245
15175,0.43311265139772887
15176,0.31805597440506034
15178,0.3456698614043166
15179,0.3129954594986999
15180,0.36487593406080765
15181,0.500717787436184
15182,0.4464889026910619
15183,0.48666335525788024
15184,0.4406970160396409
15185,0.3173543959029556
15186,0.16892647383140033
15187,0.3005736858478087
15188,0.5206137257522881
15189,0.4201752598214981
15190,0.3728017326119389
15191,0.5158793016687871
15192,0.17163426401552395
15194,0.27051197737414207
15196,0.4439736773177609
15198,0.2307410276575379
15199,0.707088432207117
15200,0.24340689771656698
15201,0.3302579961357788
15202,0.10561634951187959
15203,0.3812768288522632
15204,0.3507726294916759
15205,0.2961161408313984
15206,0.5448666868654991
15207,0.3746640590662209
15208,0.23770735870343693
15209,0.45858023443001406
15211,0.43020990839389334
15212,0.5823725863300896
15213,0.36574609285446386
15214,0.35916427207497326
15215,0.40799222784089034
15216,0.2531529226032641
15217,0.4822394975064568
15218,0.3219439114079082
15219,0.5004098061959421
15220,0.21717332251954358
15221,0.37108270844673025
15222,0.5361044625542566
15223,0.31750487316019677
15224,0.4817079441030543
15225,0.34610660522551545
15226,0.4302414132247428
15228,0.16491319751796907
15229,0.6008827069225328
15230,0.22981341188862678
15231,0.3925427787153349
15232,0.5569748896728836
15233,0.46311552730901157
15234,0.5068201418087787
15235,0.45779970955175237
15236,0.2706339854729417
15237,0.4286452750833564
15238,0.559256465692465
15240,0.2435963036903017
15241,0.4011518110858469
15242,0.59746199318542
15243,0.35247716979235233
15244,0.44531383931027335
15245,0.515816582210323
15246,0.33113880053217765
15247,0.485258030794571
15248,0.46326616355084044
15249,0.2976496523460634
15250,0.29161569047068864
15251,0.5870029737455982
15252,0.40694731390025507
15253,0.3522659966717161
15254,0.250211336001656
15255,0.48137798909305224
15256,0.39840285441181617
15257,0.6046581519495043
15258,0.3425210119612266
15259,0.4055648409024783
15260,0.5812130294046627
15261,0.12860562570381426
15262,0.49686123747990113
15263,0.44463564611018275
15264,0.4821075808774602
15265,0.2676221132529993
15266,0.4531483939206576
15267,0.3571818738695128
15268,0.35793727285960797
15269,0.17591555649090843
16000,0.0
16001,0.3347855004103706
16002,0.5315148037293337
16003,0.49675905594812136
16005,0.5464695042902991
16007,0.1866435771500102
16008,0.38297198922000736
16009,0.1981557956003754
16011,0.5884542687236545
16012,0.47563574250868434
16013,0.448703318303282
16014,0.23670775550026013
16015,0.4135588093499066
16016,0.2746793976985532
16018,0.6492091784900959
16019,0.5225832327431491
16020,0.1712989548229863
16023,0.3906718260980749
16024,0.5460676455362088
16025,0.0767980328237967
16026,0.5966398512261765
16027,0.3345382444244775
16028,0.22142279812959306
16029,0.17674311372378662
16030,0.09808757705045507
16031,0.6423839159372166
16032,0.329761022087603
16034,0.22510167170683149
16035,0.6168943811760957
16036,0.5241324586595817
16037,0.11759872456534619
16038,0.4495869371630616
16039,0.6457085612577372
16040,0.18521741679100004
16041,0.22046717875996924
16042,0.7415465752514229
16044,0.7128029835387113
16045,0.16206083209796235
16046,0.15596936688997717
16047,0.3290566782296113
16048,0.09603663591899747
16049,0.1112877136298764
16050,0.4675142453922608
16052,0.09890094456190462
16053,0.13886299648719233
16054,0.7633711328714212
16055,0.6301779920603631
16056,0.3458360799946951
16057,0.4658616279583494
16058,0.5011117633433142
16059,0.7354195964858329
16060,0.5422140700515641
16061,0.3697754886775984
16062,0.23056228436031403
16063,0.21328148828938875
16064,0.3091049172526931
16065,0.2987807842682095
16066,0.32089238499083783
16067,0.4944386027714927
16068,0.26134613173931315
16069,0.4807477371801144
16070,0.1934671810987573
16071,0.28439070919392534
16072,0.5259391305973562
16073,0.20837464478727055
16074,0.12284181672395955
16075,0.5097028716229101
16076,0.6010099870658263
16077,0.5113287665917426
16078,0.389305125047306
16079,0.15141832710767533
16081,0.6420151840172611
16082,0.422041873168226
16083,0.720348393450034
16084,0.37249062539803846
16085,0.30189416880557673
16086,0.24399785034220112
16087,0.6281803222495558
16088,0.3520136088956644
16089,0.5530442547614736
16090,0.15604781755954839
16091,0.24264788409327154
16093,0.6772894318192816
16095,0.5171907618655086
16096,0.17829418303921465
16097,0.3344315982164854
16098,0.6088003464606003
16099,0.2469689555630522
16100,0.2297390461916997
16101,0.3850308222317064
16102,0.4856556057052694
16103,0.12874920489960304
16104,0.6310707097872497
16105,0.07980539570078843
16106,0.32305357815854036
16107,0.7171509423740492
16108,0.6989095072960838
16109,0.4398577176918134
16110,0.605307831579411
16111,0.08794410898899668
16112,0.13469629121185386
16113,0.37698000613066407
16114,0.5771243582249402
16116,0.37545238826797317
16117,0.17265930487606265
16118,0.20021077818179533
16119,0.5921217304568446
16120,0.6620894212920413
16121,0.5186406786167351
16122,0.7052362433224437
16123,0.41477986192053057
16124,0.3959600987337693
16125,0.3500598235412733
16127,0.7447524353855579
16128,0.3599651543461255
16130,0.13817422725875358
16131,0.33704892158871086
16132,0.30437521209424445
16133,0.15907291524325057
16134,0.25547247524215905
16135,0.3010046997293219
16136,0.6627905699945938
16137,0.3526266159803366
16138,0.3750248304078297
16139,0.24790124490069168
16140,0.301095962738364
16141,0.40199477228091535
16142,0.7384466062362871
16143,0.6311674730162852
16144,0.5673991407902333
16145,0.27162938099740214
16146,0.6516022150309443
16147,0.46508845306966323
16148,0.5809956972524315
16150,0.4270357508555774
16151,0.4228059189699483
16152,0.5789962201768314
16153,0.3081651106641483
16154,0.6246586865938023
16155,0.3471900911124734
16157,0.19951949532846558
16158,0.5407884645473945
16160,0.14820218172347455
16161,0.26874420566784957
16162,0.12459868184812571
16163,0.4976851622401011
16164,0.30676490786833127
16165,0.5342901532289414
16166,0.5760859076489852
16167,0.4780399288207818
16168,0.5574188940523749
16169,0.5293745515537166
16170,0.0832649499914434
16171,0.4563239160328391
16173,0.46810648023894835
16174,0.42252627343781946
16175,0.08071486850143834
16176,0.29269153406444226
16177,0.0964924255530577
16178,0.23061397351400156
16180,0.13875261052075247
16181,0.3498148615878538
16182,0.6927945156135924
16183,0.13341556335708446
16184,0.40286381888227946
16185,0.6242509134324633
16186,0.477498841494993
16187,0.4371555836987389
16188,0.46341496996514575
16189,0.5535832911061417
16190,0.7286863490645779
16191,0.533171932909136
16192,0.0537077868335016
16193,0.3932796042825964
16194,0.2866939377040341
16195,0.30230086907974646
16196,0.36121880932636125
16197,0.7495895518763266
16198,0.5281797013827444
16199,0.5671530357207146
16200,0.5053944317129859
16203,0.26292726213338186
16204,0.07753863492906223
16205,0.2399001400688541
16206,0.2513292435613344
16207,0.3015718838648596
16208,0.43456344695455806
16209,0.2671759996874126
16210,0.5847410129061865
16211,0.5747216315273826
16212,0.23859704284183578
16213,0.4518055030234381
16215,0.2147538260842126
16216,0.4174235970599967
16217,0.5625126936828803
16218,0.5146945694638779
16220,0.3620350928949341
16221,0.265609437867617
16222,0.10996478221448676
16223,0.28500546793178977
16224,0.10704261006291005
16225,0.4793729584728101
16226,0.800742147669073
16227,0.10529165621780467
16229,0.5354290179828608
16230,0.07451246124358334
16231,0.6732488926027856
16232,0.4349807239056749
16233,0.47125659890747745
16234,0.4431208920178122
16236,0.3844345184335907
16237,0.38305360748864353
16238,0.4450645019507176
16239,0.4179485745707274
16240,0.11699334266882884
16241,0.513043880438929
16242,0.5143962955496343
16243,0.4213592216553878
16244,0.4065381240001651
16245,0.17494720916644071
16246,0.18306356803140367
16248,0.2580102134437792
16249,0.2836037357783903
16250,0.38770572093069844
16251,0.15228979180513216
16252,0.14638214066191657
16253,0.7049078823781866
16254,0.15193209771959046
16255,0.29361446857266266
16256,0.2733418707538737
16258,0.17131438508242758
16260,0.09438510145840377
16261,0.30752915089068117
16263,0.5862072480154238
16264,0.4084572412158885
16267,0.2324661077525674
16268,0.5512268478162379
16269,0.6973530218602537
16270,0.31289886819519713
16271,0.4959739684315769
16272,0.4979192371942232
16273,0.786368359027489
16275,0.25451927483580183
16276,0.10779407922361245
16277,0.6024717714780626
16279,0.2010490479363665
16280,0.4827295517853159
16281,0.4275863968023273
16282,0.7489939199548529
16283,0.2106740131461143
16284,0.13328967613350606
16285,0.4704910675871486
16286,0.14787550069538644
16287,0.2758675171850917
16289,0.3759932206750866
16290,0.3937826480177337
16291,0.48772587250044447
16292,0.6323808132953319
16293,0.25021309638290834
16295,0.5561523237007588
16297,0.47253015921895075
16298,0.6287810119651287
16300,0.5754598269889372
16301,0.21970089311261995
16302,0.21961071928459205
16303,0.13189198134471905
16304,0.4930428220246433
16306,0.6918599289509348
16307,0.46353332874622266
16308,0.1973907413773657
16310,0.327472983998341
16312,0.5520027789289425
16315,0.2137508586536264
16316,0.495301774104441
16317,0.6780647744414933
16318,0.6093404142042491
16320,0.650859888139025
16321,0.7699628027154284
16323,0.6951654698409792
16325,0.6238684459874201
16326,0.334464464700986
16329,0.12561535189012055
16330,0.5427246028068838
16331,0.16575797777463364
16334,0.13988519319106213
16335,0.585954325513587
16336,0.4099670555429231
16337,0.2924436096987612
16338,0.14780102874885578
16339,0.1576558187466899
16340,0.3225918696654148
16341,0.5146544195864885
16342,0.4300943612877935
16343,0.4738438866101035
16345,0.2686501526699352
16346,0.19626982880950328
16347,0.11829997797061335
16348,0.47353770072555196
16349,0.565353863363264
16350,0.15136006008014474
16352,0.3307095145862681
16353,0.4789032403295989
16354,0.22212601341787538
16355,0.7016623771420029
16356,0.6541306015150462
16357,0.19900685886859748
16358,0.5053821371801938
16359,0.4899081602922865
16360,0.18532952958987034
16361,0.6017270091649957
16362,0.12054258150243112
16363,0.39244933164751467
16364,0.21473095711117138
16365,0.20543826370091853
16366,0.28591377500313025
16368,0.6353255540250006
16369,0.3241455796715719
16370,0.38065259214113567
16372,0.22337437851403694
16373,0.7206524093776255
16374,0.7337567060452495
16375,0.2606226586192839
16377,0.5374702343151584
16378,0.6809176805602126
16379,0.258807458010172
16380,0.10661667756538347
16381,0.7256398960550898
16382,0.6577750181647026
16383,0.5886066284598522
16384,0.08572514135175663
16385,0.5354715656045324
16387,0.2960144611040262
16388,0.5136144129429733
16389,0.5115353497936123
16390,0.6470899587310486
16392,0.6266875171622743
16393,0.5966033121576237
16394,0.1449929700570955
16395,0.2615633597242199
16396,0.678447847730654
16397,0.24835390353845643
16398,0.24591840546323804
16399,0.3671186166621461
16400,0.6599404139512236
16401,0.4927167943055359
16402,0.4726719570877503
16403,0.45682404334976123
16404,0.6833114896818414
16405,0.0975151336964833
16406,0.473599480511851
16408,0.4033251734966303
16409,0.5575667292178289
16412,0.5879404419609869
16413,0.5800478006942283
16414,0.5460692335106851
16415,0.6466792094079277
16416,0.22790775253431153
16418,0.48164949553329944
16419,0.6849535080206817
16420,0.5574499179302881
16421,0.5235971367280907
16422,0.7130392289859427
16423,0.6729850998450724
16424,0.19138412849005748
16425,0.20774056857242754
16430,0.0
17002,0.35280132690135185
17003,0.642672549433648
17004,0.8800519951726106
17005,0.2670768371751839
17006,0.21184204035829346
17007,0.6530723430693496
17008,0.4800704508681462
17009,0.6028446228262112
17010,0.6335646866642799
17011,0.8338633365990118
17012,0.6766985077522182
17013,0.45726454125203225
17015,0.48280380888666974
17016,0.40853280649908025
17017,0.4873476443471974
17018,0.4866252787426017
17019,0.6602725368843715
17020,0.2123508912024518
17021,0.6285711926683771
17022,0.6578261309973038
17023,0.6090730227598478
17024,0.39903163589812835
17025,0.4417212201540366
17026,0.5848956634964989
17027,0.7071714391584525
17028,0.5172698753272714
17029,0.31257842868789115
17030,0.7396698935581959
17031,0.5211161195858307
17032,0.7344527337468509
17033,0.5964927050741785
17034,0.5707492129044587
17035,0.24349303303809663
17036,0.42949834032797485
17037,0.2899528680040429
17038,0.39583105837591287
17039,0.7265147965115882
17041,0.31632346480577417
17042,0.8313218592005702
17043,0.6113120593091375
17044,0.6445151450124146
17045,0.7550002825588317
17046,0.8436237294177084
17047,0.7328149403373647
17048,0.3748786166780933
17049,0.5406755710861256
17050,0.5009771220312836
17051,0.7227146347349368
17052,0.36547672309926843
17053,0.4462609306984739
17054,0.28589301284717894
17055,0.46353176344383096
17056,0.7437221809002775
17057,0.5943548757443388
17058,0.5382334567824887
17059,0.6887822111505443
17060,0.6541436217815061
17061,0.12430926816226417
17062,0.16850001116672197
17063,0.6244824366281215
17064,0.5375238572819558
17065,0.3258276441476493
17066,0.15231315146931154
17067,0.5238301456358333
17068,0.6736429969563048
17069,0.7531779973115205
17070,0.7979172488888665
17071,0.4584353371522563
17072,0.7798455917700825
17073,0.6298041439197224
17074,0.3188966539550855
17075,0.1796279019117035
17076,0.6648522263000508
17077,0.2955758870692129
17078,0.69933535742244
17079,0.6138925446570819
17080,0.5624214982903422
17081,0.42761454016439876
17082,0.2569938502181817
17083,0.2939065186028071
17084,0.5554661804281774
17085,0.532576104324262
17086,0.6882731180340681
17087,0.641638950617708
17089,0.7796427148269595
17091,0.43774833446331457
17092,0.4451928838342823
17093,0.4970253627856438
17094,0.44429652229574934
17095,0.19878329468294365
17096,0.29889970792994436
17097,0.5007112382776931
17098,0.6880860041673955
17099,0.28322941453294764
17100,0.7028036921860897
17101,0.31083169779241165
17102,0.6704736606993599
17104,0.08431559873171747
17105,0.377770402058125
17106,0.4230834984745561
17107,0.5034215175423007
17108,0.6531904364735972
17109,0.48457482353590625
17110,0.27465806368505646
17111,0.6152664283141038
17112,0.8357351259673251
17113,0.6525012077168061
17114,0.3372682883369092
17115,0.6679272370024697
17116,0.27455004185984494
17117,0.36975929743388947
17118,0.4619747731112569
17119,0.5222586645518555
17120,0.725307153872592
17121,0.6872478656802894
17122,0.6944123255066973
17124,0.6524276540263857
17125,0.5444468553168054
17126,0.5607913941359007
17127,0.31714560410626363
17128,0.8067131151609006
17129,0.3144433009758861
17130,0.41558932850448516
17131,0.6052948950781478
17132,0.38334663254909307
17133,0.8321597092885281
17134,0.567654468714563
17135,0.2952393458610611
17136,0.7393805102609777
17137,0.4162952610811121
17138,0.35878522117292505
17139,0.4629643787754753
17140,0.44507356136743254
17141,0.757955661895307
17142,0.4375976577002684
17143,0.7380677682169109
17145,0.6834565022714839
17146,0.29268755407432606
17147,0.7561924403475603
17148,0.6410448915028194
17149,0.4646145847170935
17150,0.4116061456973071
17151,0.5752024452219034
17152,0.7008183911707109
17153,0.4604472273683556
17154,0.8003410626577016
17155,0.6116413366518718
17156,0.5118625467314027
17157,0.8677000732225234
17158,0.42247409574138767
17159,0.691594266050604
17160,0.6092099370496006
17161,0.7653443848488779
17162,0.32816329489275514
17163,0.27529682683645573
17164,0.595158558137165
17165,0.4402101204803463
17166,0.6655923533419704
17167,0.45754028640091077
17168,0.34433380994677026
17171,0.4848610796908153
17172,0.6047015811719164
17173,0.21254119112498684
17174,0.5508796146178073
17175,0.376359776871616
17176,0.4897669161012237
17177,0.38283414771939905
17178,0.5930345321863535
17179,0.6327423331864911
17180,0.17526036389908042
17181,0.8502107569475242
17182,0.43692834648407336
17183,0.6339787085000966
17184,0.5336539164598513
17185,0.4910606382991632
17186,0.6026002013738103
17187,0.5981199475057557
17188,0.2220485902443683
17190,0.7632953892780256
17191,0.6523551287683066
17192,0.6120314248386894
17193,0.560140901838987
17194,0.675389788849266
17195,0.4315179913672715
17196,0.6843987981684827
17197,0.42567839786508194
17198,0.8241234309490321
17199,0.43898365463328876
17200,0.5102404075477528
17201,0.39114914008569174
17202,0.4871611535989273
17203,0.5147706927596332
17204,0.2792751390030689
17205,0.3117768196474244
17206,0.4143467826319524
17207,0.72895019078311
17208,0.5987273426818714
17209,0.6654035199129676
17210,0.45976288275322874
17211,0.4700006633443936
17212,0.5195881125977996
17213,0.5420385899822372
17214,0.8320081294073378
17215,0.6798759604091505
17216,0.24067835965427542
17217,0.4835249252853426
17218,0.25567027190068753
17219,0.4528494723026755
17220,0.6974233366784165
17221,0.5766925968193858
17222,0.4713227867926795
17223,0.1745264265057371
17224,0.4091581080641833
17225,0.6606142085381568
17226,0.5943741474784555
17227,0.6093277751932896
17228,0.5802551934410326
17229,0.3180501468033876
17230,0.5282700475941716
17231,0.35514668364777413
17232,0.7630722395244378
17233,0.21911152224108796
17234,0.43996040291115585
17235,0.5601047769703944
17236,0.19875492546834986
17237,0.4793936571753725
17239,0.5419159821046445
17240,0.3420036627364506
17241,0.5094000655763442
17242,0.7935539034180411
17243,0.19179026552612474
17244,0.9018370956657459
17245,0.7334757348847862
17246,0.29074761271581245
17247,0.5757359007572203
17248,0.5572801102824642
17249,0.22149648403364508
17250,0.7107874033941637
17252,0.5444407115036015
17253,0.2182613557929325
17254,0.6490011954630219
17255,0.7179406938714529
17256,0.8234785846511153
17257,0.4143807526536689
17258,0.6282412424244899
17259,0.7262455894776534
17260,0.2540250491530196
17261,0.4408544002686712
17262,0.615053847625412
17263,0.2501397887720282
17264,0.4617542129259376
17265,0.4453026302893637
17266,0.5121791497370475
17267,0.5624499631522148
17268,0.37611209603513257
17269,0.16530866777524814
17270,0.25879144903597423
17271,0.4214382809142478
17273,0.6918526785650299
17274,0.48856811763502356
17275,0.6777301506489084
17276,0.4554381514486871
17277,0.4986056747858972
17278,0.8067510876392858
17279,0.45131574481479886
17280,0.5584026191801934
17281,0.2638129665384705
17282,0.4636272551532321
17283,0.5208661317020647
17284,0.627071778513728
17285,0.5829152404595443
17286,0.6662520844583877
17287,0.162977238846495
17288,0.4739533005739028
17289,0.6369020073613406
17290,0.49109483157829503
17291,0.5616870171480645
17292,0.575629619530896
17293,0.4598469334313757
17294,0.7026424243653976
17295,0.3308288889726745
17296,0.8660437430144127
17297,0.7816093352051013
17298,0.8761945627037098
17299,0.24846161545105905
17300,0.41042260059547386
17301,0.5004637420803382
17302,0.5027649722847835
17303,0.32683421515703887
17304,0.7693662833009212
17305,0.36376980397397024
17306,0.5696074808545432
17307,0.6311042589433418
17308,0.2941116136602002
17309,0.4486531471807269
17310,0.7499452114575925
17311,0.6248983089247446
17312,0.2572937112128831
17313,0.8206094648582871
17314,0.7740112350511225
17315,0.6548372448273412
17316,0.2182545601311114
17317,0.4454444484878333
17318,0.6314514458050614
17319,0.20940036999799475
17320,0.2952196298736341
17321,0.6741628000321679
17322,0.3995740518798953
17323,0.5813980911278288
17324,0.28731094243195804
17325,0.31757706037065986
17326,0.1526276957394638
17327,0.5952836810530392
17328,0.551334579040858
17329,0.6070416801801306
17330,0.6727101816458146
17331,0.4720555809470244
17332,0.6688488126697344
17333,0.5644427051075538
17334,0.3765131446325764
17335,0.2243690557946758
17336,0.5857067677660092
17337,0.3648690076119449
17338,0.4956703059041141
17339,0.3339346060345376
17340,0.5362412301216192
17341,0.2229214244015618
17342,0.5309049614419699
17343,0.7165079738180683
17344,0.7759896014763644
17345,0.3825207265818136
17346,0.19398658445495207
17347,0.4029627756110458
17348,0.3563085469256968
17349,0.23368981630866237
17350,0.44797336986034003
17351,0.5235782970166939
17353,0.34204956331073627
17354,0.7022399996408372
17355,0.39047981336641824
17356,0.6197303089033336
17357,0.15839712574238127
17358,0.2978637069736469
17359,0.6447025671141094
17360,0.7418823379627183
17361,0.3757363730210388
17362,0.2976891588603232
17363,0.4096967946666817
17364,0.6089360936855658
17365,0.3986958551527029
17366,0.5735844348066806
17367,0.4963010979137638
17369,0.788318502935938
17372,0.3144347012518405
17373,0.6700189295855569
17374,0.510836393964788
17375,0.4075307271311009
17376,0.4262812991908455
17377,0.21111985914401402
17378,0.12773786828253572
17379,0.60409960292639
17380,0.5664650483475692
17381,0.5055095872107845
17382,0.4729927089898198
17383,0.4170455395385828
17384,0.45088172632942863
17385,0.5350754036909463
17386,0.5383600228675993
17387,0.5179178664390104
17388,0.5961888848181222
17389,0.5308580628539311
17390,0.40367255395751195
17391,0.5052248346401879
17393,0.6315733492242218
17394,0.5143888837358681
17395,0.768042300285562
17396,0.5540253526415833
17397,0.48285659879522874
17398,0.8950333977827469
17400,0.7880993526020114
17401,0.5207650519788019
17402,0.47944669024894404
17403,0.3443843677245866
17404,0.6381358620321765
17405,0.6411801013682012
17406,0.5295904003671
17407,0.3803993154533393
17408,0.7636603946954411
17409,0.5421541290779838
17410,0.2851476825146034
17411,0.602592991428461
17412,0.7505977271472052
17413,0.5145661407327607
17414,0.4375962151812445
17415,0.5806065344388673
17416,0.5517855517560829
17417,0.4289446706733702
17418,0.545771088910659
17420,0.518312410738262
17421,0.5151044854859433
17422,0.32075246598782176
17423,0.31278843946893264
17424,0.20898307103250588
17425,0.5407189374495832
17426,0.5374373720634019
17427,0.38114838524890243
17428,0.48467727313138226
17429,0.42358888896331887
17430,0.3430074252652018
17431,0.7679564819931485
17432,0.4275242950789066
17433,0.363384661049509
17434,0.7511171684585213
17435,0.8655335901396697
17436,0.5983961769310615
17437,0.6505439546225246
17438,0.6039987187433901
17439,0.3601182047490478
17440,0.5245826433209531
17441,0.6402141512215994
17442,0.8459481671657126
17443,0.4744129681559108
17444,0.5983665646026798
17445,0.8475135792912597
17446,0.455726528929614
17447,0.6390163375050327
17448,0.6063986657317092
17449,0.15877980431619457
17450,0.46065544057160085
17451,0.20628249975024648
17452,0.5667672751967241
17453,0.261559785189603
17454,0.4061722281366867
17455,0.43494844868012145
17457,0.5879511394976381
17458,0.200776669943784
17459,0.4046721665286524
17460,0.8345366449546184
17461,0.6022810069049047
17462,0.754474714705835
17463,0.40306932784237376
17464,0.4703446677421508
17465,0.47875679760504203
17466,0.6087555607683911
17467,0.4623804279933146
17468,0.368062745740337
17469,0.6946844931626511
17470,0.835437288681176
17471,0.38959131450899465
17472,0.4402216396750445
17473,0.3881475190681078
17474,0.3858638775766617
17476,0.30155588336719624
17477,0.44668660910400715
17478,0.528333167602529
17479,0.6891695591929642
17480,0.6506816439961115
17481,0.4270154525461982
17482,0.525076769576364
17483,0.48142670317237
17484,0.6156943216415992
17485,0.5756570848987786
17486,0.6098196828557311
17640,0.0
17740,0.0
18000,0.0
18001,0.1749752380845012
18002,0.28317746904007407
18003,0.3619176967120632
18004,0.8777866678052559
18005,0.9233154479548596
18006,0.7799467262928622
18007,0.5686181435708878
18008,0.8761908105581541
18009,0.36337260771342733
18010,0.5688708440790214
18011,0.19923666586614278
18012,0.22845957578685858
18013,0.40455707779872224
18014,0.3377874814264827
18015,0.3292307008133563
18016,0.45172840115153373
18017,0.44328737950902597
18018,0.23713751781665848
18019,0.18933369475025955
18020,0.31868564367345614
18021,0.43123139882276096
18022,0.10276945093160082
18023,0.07003271914500207
18024,0.1548613865020443
18025,0.3327949570694621
18026,0.13476186805448107
18027,0.09270725972331754
18028,0.6961078328253988
18029,0.18785006213323097
18030,0.2908926746206552
18031,0.2557950388440369
18032,0.20286237182577035
18033,0.39333590640704924
18034,0.4264303087473809
18035,0.3042703226131375
18036,0.7041357838485812
18037,0.310995205587633
18038,0.5081975373637171
18039,0.30050834553879674
18040,0.3042628156259697
18041,0.20044854611461957
18042,0.5266501707331209
18043,0.4262417578622811
18044,0.9469117480623396
18045,0.2640040419421772
18046,0.6361161766739892
18047,0.07381179756841481
18048,0.5990752483155695
18049,0.18949709150865565
18050,0.6948726358300976
18051,0.09806610557810146
18052,0.43318779204884383
18053,0.17596012889004342
18054,0.26332014803911363
18055,0.8797947680076109
18056,0.08672622607328943
18057,0.1932003459990048
18058,0.3290111724066029
18059,0.4861206002770695
18060,0.4470787239584731
18061,0.15165101148787577
18062,0.5647970732986299
18063,0.4318240921824757
18064,0.668551233025171
18065,0.3172345255279491
18066,0.8800280932421508
18067,0.07370971925823482
18068,0.508184618871841
18069,0.3086197420045841
18070,0.08383720025168605
18071,0.6017898756412805
18072,0.1388766084264276
18073,0.6902228897002193
18074,0.32264977781331633
18075,0.5741235801880881
18076,0.241521197396948
18077,0.16512250752986338
18078,0.5780758073976878
18079,0.29727338844054313
18080,0.21801220371037786
18081,0.6495077319658336
18082,0.5252478698826242
18083,0.024204855929701296
18084,0.06050410317630724
18085,0.6299559427435762
18086,0.31756345308626366
18087,0.5491681977947173
18088,0.10387152162835112
18089,0.07137272322550167
18090,0.052861542966812725
18091,0.6526897310749602
18092,0.23479487902326737
18093,0.512857740998157
18094,0.5406440591911653
18095,0.16428422104243098
18096,0.691252584805727
18097,0.7946634696558575
18098,0.41827152073230806
18099,0.40817076539344227
18100,0.8793855554510839
18101,0.2868740470554511
18102,0.33726706297378334
18103,0.4612294499789413
18104,0.3550450345984885
18105,0.07827319547791532
18106,0.5243846678323593
18107,0.350227339245531
18108,0.39284050977462887
18109,0.1794960810791428
18110,0.20333129062070632
18111,0.0754568804515562
18112,0.5254669171123894
18113,0.26948488627131556
18114,0.49020196723842435
18115,0.07280421239168468
18116,0.22526838341271485
18117,0.269450742927353
18118,0.5354460393748631
18119,0.23228875902979507
18120,0.2942553596915304
18121,0.2800817010481622
18122,0.8718209838550227
18124,0.9251433921221097
18125,0.15986907154026586
18126,0.3898616744623522
18127,0.33664527596226085
18128,0.9508898979934729
18129,0.622759279188275
18130,0.4629066509662827
18131,0.298389666856744
18132,0.25198608885800483
18133,0.8481017484751711
18134,0.7255001833534878
18135,0.5033655361303909
18136,0.5713669603399761
18137,0.415779144646248
18138,0.7606123640873245
18139,0.6130940244109255
18140,0.5840103306439799
18141,0.6877372860898894
18142,0.3636066625926165
18143,0.5834903590698033
18144,0.3105220206954042
18145,0.2994878078003583
18146,0.45712290219895846
18147,0.23929744769735262
18148,0.6473204624175214
18149,0.052058217435500875
18150,0.6642776399693744
18151,0.0782136602607885
18152,0.45049576252452583
18153,0.6579717313884208
18154,0.3844068949530351
18155,0.2855775637553198
18156,0.06425774803329731
18157,0.7045497839538347
18158,0.5894810862516214
18159,0.6003848717720253
18160,0.09445434979639201
18161,0.3547318313008581
18162,0.05677422802221523
18163,0.10241109741920716
18164,0.6205954508396895
18165,0.6948938623847303
18166,0.6193503742399852
18167,0.5681701344656914
18168,0.35725273855538253
18169,0.5988053301221992
18170,0.08877508443577269
18171,0.49199458653614236
18172,0.41125643759593616
18173,0.25892454978817275
18174,0.6460979608251328
18175,0.29022281316254434
18176,0.42970507495716354
18177,0.6056887097784003
18178,0.2492422578568265
18179,0.8208401158178136
18180,0.5103774233362038
18181,0.915052592220703
18182,0.9048426018521107
18183,0.6227158287741306
18184,0.4570538847901055
18185,0.05133161644259718
18186,0.9569551018300032
18187,0.14715719327155977
18188,0.7484453900903186
18189,0.47792289547316097
18190,0.9392369025446999
18191,0.10955371344154058
18192,0.28549305809318093
18193,0.3067870683542708
18194,0.2995664397375586
18195,0.27713326570412794
18196,0.26353760411476734
18197,0.2315449475992285
18198,0.8536518583510356
18199,0.585977280739406
18200,0.2564876021340897
18201,0.8683527315998477
18202,0.11388345502250911
18203,0.2965761607961458
18204,0.6979836002507822
18205,0.6656070737074656
18206,0.8604082055471857
18207,0.8054748104047548
18208,0.4181343650014007
18209,0.3177411394763659
18210,0.6471622762336938
18211,0.8441751459756238
18212,0.6210258499411175
18213,0.6526093982747964
18214,0.6509077821860684
18215,0.5349261809571181
18216,0.20688085899130518
18217,0.09510734169352293
18218,0.7123870506141176
18219,0.6690815492113268
18220,0.3223236455582494
18221,0.5409882361424221
18223,0.7701337264382326
18224,0.270655908308511
18225,0.030065433805441643
18226,0.7748188331980819
18227,0.12592150643106603
18228,0.24365954226845277
18229,0.415289633595128
18230,0.6079834115708805
18231,0.2266194885759051
18232,0.24687036704745577
18233,0.3579795886852814
18234,0.06978542747072562
18235,0.5975209510383994
18236,0.5571922807310543
18237,0.7420671864895966
18238,0.45614091422871256
18240,0.2048393576555596
18241,0.29937103253136393
18242,0.3974430068579145
18243,0.2401460593716893
18244,0.8714888081918217
18245,0.4612449200161708
18246,0.2620810306747258
18247,0.6443009828381391
18248,0.4693982075638703
18249,0.3129844062076062
18250,0.7007421037153613
18251,0.17553607242770722
18252,0.05574274144669059
18253,0.6540537404764352
18254,0.6667051224208619
18255,0.6579535921123378
18256,0.3990767046949442
18257,0.15374428699455783
18258,0.3384525789827199
18259,0.2669151141945011
18260,0.11558843599538826
18261,0.42773624690695694
18262,0.2804172217817013
18263,0.6521926599761474
18264,0.35804022684159653
18265,0.5709322191745798
18266,0.4589276551741535
18267,0.5842698275023896
18268,0.53629376859627
18269,0.08062580443457161
18270,0.4665671981794715
18271,0.8317196599606033
18272,0.2703074100089657
18273,0.27620339018469114
18274,0.34841025306229834
18275,0.3026123499071624
18276,0.4096306396517863
18277,0.6804483194256489
18278,0.027821324988998284
18279,0.6720796217082329
18280,0.7917532701535751
18281,0.6420476543282475
18282,0.2752341661206888
18283,0.4135661561396769
18284,0.056340255507156545
18285,0.9280561095145935
18286,0.19195102900491798
18287,0.352122482370479
18288,0.6945016395781867
18289,0.4314719557524671
18290,0.6822124532695671
18300,0.0
18390,0.0
18400,0.0
18500,0.0
19001,0.3174513250598049
19002,0.5924359541046423
19003,0.8036517716288314
19004,0.1878564034479379
19005,0.3778229330098368
19006,0.826897668603871
19007,0.41073139712433154
19008,0.34605505567563427
19009,0.3533954207066759
19010,0.14709965996292504
19011,0.33281194614881315
19012,0.6578961054687801
19013,0.7111060642992029
19014,0.1647731644188593
19015,0.7247736914648394
19016,0.36761065940462423
19017,0.4440353253540266
19018,0.2296488886984893
19019,0.4080736937382176
19020,0.6720980230086372
19021,0.7797990578025479
19022,0.29983846238628825
19023,0.6247409916733871
19024,0.33362947935135906
19025,0.2848032074457578
19026,0.5966485573887393
19027,0.5980701332125595
19028,0.2553773893439298
19029,0.48320232057533447
19030,0.5571282110466286
19031,0.36136328184876665
19033,0.27876116277452884
19034,0.3958986259807606
19035,0.6624959594952209
19036,0.2947195340081829
19037,0.5498196698317398
19038,0.4482851522855129
19039,0.6999283956804997
19040,0.6317327259365576
19041,0.32902364671457224
19042,0.37380169109734096
19043,0.81171021618082
19044,0.5672733011118629
19045,0.26544190009438823
19046,0.5868905624869313
19047,0.5613504726598794
19048,0.652778084443887
19049,0.5387074391153123
19050,0.5664225165303783
19051,0.6888178317420448
19052,0.460076128897096
19053,0.5203370065638273
19054,0.3154417975345174
19055,0.2938378907960448
19056,0.6589084286785291
19057,0.7591460406513333
19058,0.40089325892805866
19059,0.2934087536554712
19060,0.18371471082094612
19061,0.5521078454738791
19062,0.3854579834541128
19063,0.6928087417106412
19064,0.8048123789589221
19065,0.8039420232282436
19066,0.4786187280542193
19067,0.5537125153893094
19068,0.7820675573970243
19069,0.30585847699987107
19070,0.4227974080524004
19071,0.5807155105379919
19072,0.418614936382484
19073,0.1822886007697279
19074,0.3643426869045079
19075,0.571941578442733
19076,0.18609059101259862
19077,0.567384468847719
19078,0.7873535288913738
19079,0.4813268565016182
19080,0.5811066369002075
19081,0.4852800025757716
19082,0.34725009581264416
19083,0.5835688938767446
19084,0.2539050886704595
19085,0.32564489313659933
19086,0.18648125673468371
19087,0.2987994314224665
19088,0.7057432553186488
19089,0.6600739195031863
19090,0.6652647321150875
19091,0.15522990423502506
19093,0.5143368594392512
19094,0.15019938957857523
19095,0.3005628538615513
19096,0.4057491214858587
19097,0.5742009819028823
19098,0.19356124723456936
19099,0.7807555933172406
19100,0.16599129988945718
19101,0.41730546497488263
19102,0.48683937491155055
19103,0.579053834431993
19104,0.23592910218940408
19105,0.7808091030258302
19106,0.48360862946654626
19107,0.6066300375688597
19108,0.5610334109048299
19109,0.3453679237036429
19110,0.13581903701918296
19111,0.5099615740257176
19112,0.2764721130864436
19113,0.3442244383410664
19114,0.7689561593861715
19115,0.7673911387896801
19116,0.6402902197882558
19117,0.5933523460354967
19118,0.4018874076670876
19119,0.41060407777089475
19120,0.7837592556796474
19121,0.3167286507467762
19122,0.6572276158125766
19123,0.6439954376520387
19124,0.5943770870684375
19125,0.4821137468749923
19126,0.5803584960163923
19128,0.5838093084262759
19129,0.4023256947640546
19130,0.560418874241621
19131,0.4021272979644844
19132,0.3576139212232723
19133,0.4525620200779004
19134,0.8227807498982035
19135,0.4782652524137366
19136,0.3167463972078652
19137,0.7276867216504708
19138,0.6047228109863038
19139,0.2599938632441538
19140,0.18998656439559777
19141,0.6250454000009289
19142,0.644404234934711
19143,0.33134384919055826
19144,0.48590302556259957
19145,0.2781838809332627
19146,0.1942656492356708
19147,0.5475791736755412
19148,0.316493943411448
19149,0.23455995114841335
19150,0.7606956748374389
19151,0.5314108163187262
19152,0.396629833722058
19153,0.7073702165139554
19154,0.6552190011752231
19155,0.3678563349762478
19156,0.7002447265451002
19157,0.39084086802955337
19158,0.42137641427985023
19159,0.7185292298905958
19160,0.2578733399681074
19161,0.7722363409469094
19162,0.3285841074674786
19163,0.5573749361145777
19164,0.14572936869234512
19165,0.5126243371994317
19166,0.5329571945212543
19167,0.8512478406909688
19168,0.6557361188636042
19169,0.5496559850590756
19170,0.47423697763954625
19171,0.5961504544246843
19172,0.4424482195581024
19173,0.1280114576766915
19174,0.6203390894144216
19175,0.23994966269766307
19176,0.3502837712099088
19177,0.7030978150183681
19178,0.4318916701389499
19179,0.747574593582539
19180,0.241102041616847
19181,0.5798852738337356
19182,0.8018785261088971
19184,0.5989688294063082
19186,0.20707921327017056
19187,0.7978862333831729
19188,0.4963933552397723
19189,0.23835931373468663
19190,0.6141158799593276
19191,0.7449145120148106
19192,0.18732915534433492
19193,0.259319619624057
19194,0.1860680486026923
19195,0.7901249440744028
19196,0.7982333476085032
19198,0.39249167772220867
19199,0.5794245721181763
19200,0.2636356058357048
19201,0.4668313803454119
19202,0.4191167739969656
19203,0.3324837701083467
19204,0.5216830005048146
19205,0.32617354847188884
19206,0.7690654080474548
19207,0.40692548714886273
19208,0.49032380119122654
19209,0.19638892758607782
19210,0.3822655117645299
19211,0.6546163648730406
19212,0.3319360429600807
19213,0.22655910956955502
19214,0.3331959034562962
19215,0.26133271059677715
19216,0.3642718984037508
19217,0.6070430588214903
19219,0.2733169855450219
19220,0.3424261404215441
19221,0.12611804512754865
19222,0.27836754804998654
19223,0.28366650986707426
19225,0.5091563961766358
19226,0.18388535577585233
19227,0.1750360670957003
19228,0.13357448569667937
19229,0.5701482017764923
19230,0.4420581060396718
19231,0.6711580550990716
19232,0.5484575248688078
19233,0.748909256494791
19234,0.48752627669941595
19235,0.4388199324427216
19236,0.37228498449376013
19237,0.19443708024648376
19238,0.7832406127696724
19239,0.7674412047420857
19240,0.34402771292713813
19241,0.10600579496011509
19242,0.8183808994297298
19243,0.30242381601811397
19244,0.45584439661248294
19245,0.2589564905944065
19246,0.5458401296905393
19247,0.5677968817105755
19248,0.17555450832895855
19249,0.3673727099343618
19250,0.3047916019754069
19251,0.4676595539708606
19252,0.18858795549891025
19253,0.5623132816591394
19254,0.3326006314543002
19255,0.23788235259147536
19256,0.3735817475119157
19257,0.5478701719351032
19258,0.23240891183449963
19259,0.23701272475934512
19260,0.5292699582561751
19261,0.2584780125579569
19262,0.43565740834756367
19263,0.31746256748521295
19264,0.08180760337610392
19265,0.23953702322055406
19266,0.7910641382953679
19268,0.36050560098133216
19269,0.2175554290060859
19270,0.35974024125686993
19271,0.41768131780571244
19272,0.22827155157236798
19273,0.5389687650457852
19274,0.4645665335918327
19275,0.27030167677677036
19276,0.2552057554825456
19277,0.3267612634598361
19278,0.5754841980013702
19279,0.8029911428472193
19280,0.578879178747871
19281,0.6622634207327663
19283,0.5959627738557568
19284,0.3272166488556497
19285,0.15832533190074352
19286,0.7182911526351167
19287,0.6075912108366849
19288,0.7363209149783653
19289,0.5870882491465554
19500,0.0
21001,0.7021876587732893
21002,0.7580632254738031
21003,0.9105924985235784
21004,0.10749226256924355
21005,0.8414004963255867
21006,0.3461715079094822
21007,0.35866221150764455
21008,0.3558398614554539
21009,0.43273874172989885
21010,0.6915644955441266
21011,0.18554464581850527
21012,0.3176093609856124
21013,0.864818083198501
21014,0.6980235555045589
21015,0.34608136853059435
21016,0.6711516216829975
21017,0.8004182976193811
21018,0.8689628457567923
21020,0.4262163605814429
21021,0.6573206290582738
21022,0.5875582733845318
21023,0.4538267748305844
21024,0.5770290810595667
21025,0.29039704229844326
21026,0.14173707136053418
21027,0.9201986212350972
21028,0.274191576439391
21029,0.6172725707869458
21030,0.6639719455455744
21031,0.7444358796878284
21032,0.6226588199624316
21033,0.5754985504706448
21034,0.457887503414262
21035,0.5634140568851009
21036,0.7707182166148264
21037,0.6093983178921879
21038,0.20326433125414364
21039,0.27948846187182397
21040,0.6878989807256191
21041,0.2247628851624658
21042,0.7117480199044847
21043,0.7220496886855785
21044,0.38077850864259427
21045,0.6390184278621592
21046,0.4089537778875088
21047,0.687152330541189
21048,0.737523988889465
21049,0.24034191353552767
21050,0.6206032013752971
21051,0.868594626240268
21052,0.2716510019200741
21053,0.769825243871244
21054,0.5820811308303567
21055,0.170137720604661
21056,0.6292749684728602
21057,0.5959764942213793
21058,0.4359974823767349
21059,0.9368129248770867
21060,0.8647412216550285
21061,0.25319772306408267
21062,0.5297095794343812
21063,0.0449551348259527
21064,0.3025038031431993
21065,0.681417438985548
21066,0.5610235011447849
21067,0.8671065021311808
21068,0.6650998221947326
21069,0.483482427203164
21070,0.9140585425124893
21071,0.7023774302978794
21072,0.801323469958354
21074,0.28670507058852057
21075,0.1522726032239193
21076,0.916251398501348
21077,0.27583967845805807
21078,0.4098544265220099
21079,0.7620004464174706
21080,0.5414482668920725
21081,0.4632656179247798
21082,0.5260299101427596
21083,0.4637089470602076
21084,0.25895208330906677
21085,0.22063729678102353
21086,0.6887586519646156
21087,0.6448569825161944
21088,0.6875203914484401
21089,0.6675103558638756
21090,0.8344033726120536
21091,0.4284347402028061
21092,0.6491717750011065
21093,0.4540072624469982
21094,0.5290876377703001
21095,0.5275135299451724
21096,0.11262810564785646
21097,0.6660120090184561
21098,0.30016391968993505
21099,0.8587662615052619
21100,0.5811826554803637
21101,0.3657330468242703
21102,0.3410032616185427
21103,0.6479759987070456
21104,0.40155829620158395
21105,0.6705253925484733
21106,0.7920534600479487
21107,0.91980019871726
21108,0.4070500789832067
21109,0.36081397040665064
21110,0.773795340354391
21111,0.6863938944190546
21112,0.6677732080950776
21113,0.7657403360060145
21114,0.17763715296103252
21115,0.39887394710458457
21116,0.04214881278452191
21117,0.3990637794064759
21118,0.24633200282683085
21119,0.2441582493201336
21120,0.45152256022344756
21121,0.48764319880551726
21122,0.27964449555496534
21123,0.831228667960996
21124,0.4346840033845485
21125,0.5350620697649865
21126,0.6464281202661791
21127,0.8608394822524802
21128,0.5054215418496618
21129,0.12949474141987258
21130,0.6424998033498047
21131,0.3950792792945612
21132,0.9319248345210439
21133,0.7208873990438853
21134,0.3721716410282275
21135,0.6050924678814372
21136,0.22397942653913247
21137,0.29188461045152475
21138,0.31003260298996377
21139,0.3826894489699464
21140,0.40511413741306573
21141,0.6689323308844339
21142,0.12436429532642103
21143,0.467635715624177
21144,0.6386807556793507
21145,0.6181828432892743
21146,0.7817018473179065
21147,0.6996084941274837
21148,0.6785406678718974
21149,0.3606915651715412
21150,0.6044885944454216
21151,0.5681130520438744
21152,0.3996510521511816
21153,0.633782342216173
21154,0.42089565061693457
21155,0.5884215126694907
21156,0.6105446507328146
21157,0.06836517502533289
21158,0.30067852304472426
21159,0.371411325519377
21160,0.18788403532962425
21161,0.39481223964604895
21162,0.678378835692662
21163,0.5539438455214368
21164,0.4492009600143982
21165,0.35311233724304936
21166,0.8546054855935874
21167,0.7793695630117078
21168,0.7137790366333441
21169,0.8644872302730312
21170,0.8717125413977977
21171,0.6210113190611506
21172,0.44782784827459876
21173,0.7083515481088171
21175,0.8870636810069853
21176,0.6616282097541675
21177,0.4197784021750998
21178,0.9493728064360777
21179,0.6750330498417725
21180,0.44958407151865165
21181,0.47605456830947346
21182,0.9113884624850325
21183,0.42400270096385856
21184,0.6084877716635999
21185,0.6495653038665261
21186,0.6424469736569146
21187,0.6572824691816601
21189,0.7484685079585566
21190,0.6682990990212182
21191,0.8777013846910332
21192,0.9032715161618188
21193,0.8561913658259711
21194,0.6060877220793498
21195,0.6273466608518817
21196,0.6440687993490097
21197,0.40243877439328485
21198,0.6737852567783581
21199,0.672907590093435
21200,0.7839969053079288
21201,0.2873030772102085
21202,0.22975738082730937
21203,0.46971491978259344
21204,0.28502517795840315
21205,0.25945218050875324
21207,0.23728174677167369
21208,0.1819252016187768
21209,0.7069249938122694
21210,0.41243821769638545
21211,0.33151821175411617
21212,0.27199685438897164
21214,0.5920582511029556
21215,0.8825042978893087
21216,0.6159664529088388
21217,0.935814529266311
21218,0.8686981129293688
21219,0.9148203279964903
21220,0.29141286008509676
21221,0.6385214534482625
21222,0.5920887112178084
21223,0.8909241399663168
21224,0.5713914242320465
21225,0.5809884535355249
21226,0.2464980505390062
21227,0.9303343065115918
21228,0.8604327123334015
21229,0.43625116598920316
21230,0.7869592446425893
21231,0.6973149455402403
21232,0.4086048152985593
21233,0.778676296419793
21234,0.4894318311185309
21235,0.1752059513144031
21236,0.6623376284976885
21237,0.11514040913027355
21238,0.5592798740544086
21239,0.5887941495138626
21240,0.2971940842036756
21241,0.8417151418676458
21242,0.8837573168883517
21243,0.6028450497613869
21244,0.6404706339297692
21245,0.8965707491002908
21246,0.6737334004414536
21247,0.7488178588897924
21248,0.36526827848561244
21249,0.5747827134932841
21250,0.0
21251,0.47890096061833426
21252,0.21145167063609213
21253,0.09124800439985897
21254,0.8956189813377925
21255,0.9262720734125821
21256,0.8626255554431198
21257,0.31565443661477394
21258,0.5846837667183872
21259,0.27665010044187244
21260,0.7562699876968759
21261,0.6609349265551434
21262,0.1983182272133667
21263,0.7641901155711993
21264,0.6408730946445231
21265,0.77956054067331
21266,0.6632455228010651
21267,0.674822383890097
21268,0.2914728707005561
21269,0.5545140902410953
21270,0.921846764458866
21271,0.29424156612535435
21272,0.34408772950681427
21273,0.8296371933982208
21274,0.3080079567971999
21275,0.41137337288586284
21276,0.27435088505104327
21277,0.4979084095874892
21278,0.8786927000561389
21279,0.46212821153793265
21280,0.4422780377791193
21281,0.6150896529670229
21282,0.6571739324276763
21283,0.2644137400215389
21284,0.843901532114682
21285,0.5322571537190361
21286,0.15996056716120358
21287,0.30498163297779673
21288,0.2783417324372774
21289,0.8551378610629502
21290,0.800163191311562
21291,0.39926687664107446
21292,0.5819802180808527
21293,0.8735804904453867
21294,0.650035196704915
21295,0.7306739193153767
21296,0.8170810028545373
21297,0.6707359458213545
21298,0.6142413626487712
21299,0.34165650895154803
21300,0.8359961198452313
21301,0.6924613386442858
21302,0.41693068419885676
21303,0.25862919524086797
21304,0.21036830397075587
21305,0.4674762538067148
21306,0.5494923661421006
21307,0.3535262821071902
21308,0.3215061732288144
21309,0.4294181102559593
21310,0.662481823992683
21311,0.5561222610165498
21312,0.25928134623002314
21313,0.16702687357676915
21314,0.3302058150183211
21315,0.9079854910628167
21316,0.3141196259217533
21317,0.39065329137206345
21319,0.8702153047344218
21320,0.6594059610615363
21321,0.7610641511881379
21322,0.31930513898824703
21323,0.6462328086010166
21324,0.5093530696535644
21325,0.42168801680256257
21326,0.20222142168277654
21327,0.635011948563473
21328,0.4297405268247056
21329,0.5050535367291011
21330,0.633915275928912
21331,0.3129184694890286
21332,0.5738595610854397
21333,0.42478812747611155
21334,0.2835517060330939
21335,0.3448726557493409
21336,0.2708223432208274
21337,0.5897300161562021
21338,0.14880616133669852
21339,0.8742408961704938
21340,0.22372462384507888
21341,0.31344326561498687
21342,0.27738937812663506
21343,0.44012607475045756
21344,0.3847824793306323
21345,0.11744401307151914
21346,0.09354460295535195
21347,0.6868523788688944
21348,0.6189163950519807
21349,0.4153080549369119
21350,0.8715665674787841
21351,0.5340554296277223
21352,0.590499861621411
21353,0.9080940550436569
21354,0.6527530297188803
21355,0.8979608808314472
21356,0.49948805045673
21357,0.3437528855136171
21358,0.30537443306233686
21359,0.11391875023342969
21360,0.6758074941695722
21361,0.5881394819388207
21362,0.4990943182636052
21363,0.2926245410145821
21364,0.17061229726800833
21365,0.5763509536953636
21366,0.7208802876058721
21367,0.4049162656866036
21368,0.6727846920799238
21369,0.902437618502726
21370,0.6584118899735701
21371,0.295165450652113
21372,0.5484021100655591
21373,0.8054606115381979
21374,0.33205690395471604
21375,0.45911832562574056
21376,0.8004986023991995
21377,0.7642742971431579
21378,0.3876118673471078
21379,0.27121901442197194
21380,0.4205029219358301
21381,0.5912723076461973
21382,0.4492378836740221
21383,0.743456634271157
21384,0.8635858420844743
21385,0.39473723307768266
21386,0.45266377862969337
21387,0.8149077841381408
21388,0.9116939525325275
21389,0.21916721079025483
21390,0.7759516017038418
21391,0.8998855591971048
21392,0.5438721352864969
21393,0.5174050614522759
21394,0.3374280040545608
21395,0.7564124057049032
21396,0.22831388763640373
21397,0.6792462296849692
21398,0.6871298591473138
21399,0.472416608285777
21400,0.21946442634083718
21401,0.8161435198262552
21402,0.05179941460981871
21403,0.554967398451926
21404,0.3303134541144913
21405,0.7148889706531417
21406,0.3585834215273153
21407,0.9054541778917774
21408,0.8555030835026004
21409,0.8671901147551905
21410,0.1721705977930935
21411,0.8470950653377286
21412,0.5674687465884577
21413,0.2687308281647977
21414,0.4206617438472462
21415,0.07774049822838906
21416,0.7276708556408135
21417,0.742057060620194
21418,0.10335809013638926
21419,0.37837447091525034
21420,0.46877878965906566
21421,0.31067370742017264
21422,0.36915665664511127
21423,0.6988183401631728
21424,0.5439672807332417
21425,0.1769621711681463
21426,0.5044374768378054
21427,0.6371753426302733
21428,0.665817413979748
21429,0.24481008076653069
21430,0.3941870445295946
21431,0.3905653243652421
21432,0.7632087864253183
21433,0.2089070235834051
21434,0.4418235450270908
21435,0.691089711517399
21436,0.7269160254353823
21437,0.7776060848603623
21438,0.07513713973060407
21439,0.6323803078625754
21440,0.7161415951389817
21441,0.7401329088258151
21442,0.7209384351398443
21444,0.5094040491584934
21445,0.7026017719512146
21446,0.7203362215483691
21447,0.4637872069574513
21448,0.39903065684585953
21449,0.4146638751899639
21450,0.659676137598686
21451,0.3735674088598122
21452,0.6995693540341675
21454,0.1515490016023114
21455,0.3445439977277556
21456,0.32369146225433193
21457,0.6354146250974656
21458,0.9085053687708781
21459,0.7648777320365955
21460,0.4262303378036321
21461,0.5761012740935519
21462,0.9041060361836459
21463,0.6315607924721872
21464,0.5471895247601575
21465,0.4736810716314404
21466,0.1605744358211151
21467,0.7754252883122775
21468,0.1609439341692868
21469,0.716353182904896
21470,0.3213264883022555
21471,0.3744079230735975
21472,0.28313308747367844
21473,0.7152773934744726
21474,0.34159859301251005
21475,0.2877319422416769
21476,0.4079204485492898
21477,0.8986474333921056
21478,0.8982540624645109
21479,0.10816054045278857
21480,0.7278990927971316
21481,0.8011674148370721
21482,0.4271228301676384
21483,0.6186861937060013
21484,0.2691317316581448
21485,0.8996999714629413
21487,0.4676351280949412
21488,0.5219238336931172
21489,0.13405812238029904
21490,0.27352251809705636
21491,0.22018899452635396
21492,0.7055556084568071
21493,0.5844625296990132
21494,0.19659030429240534
21495,0.46613928684393907
21496,0.5715964750050389
21497,0.43915787365005127
21498,0.6192167800930879
21499,0.37520294486898825
21500,0.2936345470565982
21501,0.4130421259281039
21502,0.44779309724154376
21503,0.2647851261865679
21504,0.7421859928161192
21505,0.3620975722052609
21506,0.6442272931717097
21508,0.8940155812253748
21510,0.5337906831192941
21511,0.2926367720964537
21512,0.6149126183124111
21514,0.23415053559319698
21515,0.6876640545244878
21516,0.28939883636000047
21517,0.6726155070939385
21518,0.5346444912036024
21519,0.03742242741010777
21520,0.42076429690551764
21521,0.6505871097681551
21522,0.6399179296638957
21523,0.8840800455784731
21524,0.3770762791493521
21525,0.45131713210537355
21526,0.450822044144312
21527,0.5949917255383391
21528,0.5741436425525851
21529,0.41984716641764247
21530,0.17087417801769214
21531,0.5470836695849549
21532,0.6364752260930717
21533,0.45123205081132695
21534,0.6359238972562925
21535,0.9291031880603827
21536,0.1854622361152051
21537,0.7557136357472034
21538,0.5505490621166386
21539,0.599549112601753
21540,0.8803174254447862
21541,0.623887567373189
21542,0.657456855467027
21543,0.08406651204710215
21544,0.5504742553712689
21545,0.5210228743366497
21546,0.3910810253162251
21547,0.576846361360207
21548,0.5264292203227255
21549,0.48270316561577936
21550,0.28548701046669867
21552,0.7154550667440075
21553,0.8973906926449606
21554,0.6257050766172162
21555,0.6704999668513648
21556,0.7724663553273151
21557,0.12292247143530373
21558,0.64461760406967
21559,0.7395068876002518
21560,0.3882224452542336
21561,0.7123523875661286
21562,0.20102275299455138
21563,0.594596028488116
21564,0.887756590472968
21565,0.7505340593255921
21566,0.2667548954218511
21567,0.36562689778725993
21568,0.2282590756783606
21569,0.6254747613063149
21570,0.4178894940296447
21571,0.7733340636156211
21572,0.27642842239861404
21573,0.3868982953066695
21574,0.2719924029156406
21575,0.5725842697141784
21576,0.627881500667638
21577,0.7486741895177524
21578,0.7285167236849602
21579,0.12325841670713078
21580,0.24945816361615117
21581,0.2953208875517576
21582,0.5852215433528227
21583,0.6344704046426803
21584,0.5700716904706739
21585,0.9225428167040152
21586,0.7595247979214831
21587,0.4293093821627014
21588,0.6030503107908691
21589,0.9180543116134147
21590,0.5946743295445757
21591,0.8993354159171623
21592,0.5746067014786465
21593,0.48341922918225017
21594,0.17519338472350185
21595,0.8900794281153365
21596,0.9310000182573845
21597,0.905083451750848
21598,0.34304186030711875
21599,0.11820618269339356
21600,0.7020358908438963
21601,0.9208027889807795
21602,0.33662388905947366
21603,0.20621145253905002
21604,0.5430547363418404
21605,0.7198617564750305
21606,0.5645440157739002
21607,0.46091660208282814
21608,0.5443343714088469
21609,0.43420771524696855
21610,0.4385233497364638
21611,0.3089066380512831
21612,0.37853876378142526
21613,0.5442037670824896
21614,0.62017640869332
21615,0.43060070959134894
21616,0.7078056724744638
21617,0.8858781300560022
21618,0.34835833149297474
21619,0.8912973973737491
21620,0.836181459809887
21622,0.6153572712036884
21623,0.8339378167373653
21624,0.8987870642319301
21625,0.9368917848780761
21626,0.03402424290560081
21627,0.3452263708818331
21628,0.4641444583125307
21629,0.4532595082743074
21630,0.49087686740621345
21631,0.5603460052657848
21632,0.8972430829388637
21633,0.4809574513804455
21634,0.603511278039183
21635,0.4637704834725312
21636,0.5166091766574143
21637,0.5238533213658263
21638,0.451016742590082
21639,0.40658147446920506
21640,0.5969194585026326
21641,0.16026680222620662
21642,0.8062909658396865
21643,0.4368232651785479
21644,0.9024130459724652
21645,0.5973842590996307
21646,0.3807703922214282
21647,0.31569859026386937
21648,0.5114127734994374
21649,0.8371385483126224
21650,0.8858407656248094
21651,0.909470018864832
21652,0.4043382220524179
21653,0.5174946460558394
21655,0.2812540806166545
21656,0.6317670212703926
21657,0.7036018783155709
21659,0.15748794635491034
21660,0.5711834169549554
21661,0.8821060653753072
21662,0.5913336195999955
21663,0.2962413369680292
21664,0.23370316601720928
21665,0.4483184209685554
21666,0.8517277688716375
21667,0.28915378895836663
21669,0.6831589531495897
21670,0.5890848512731724
21671,0.3840925430827635
21672,0.6487495477928314
21673,0.5877003160498525
21674,0.8319764445264765
21675,0.4287950795440631
21676,0.2425508189346753
21677,0.8281447064669235
21678,0.4205184014215047
21679,0.4693830331549307
21680,0.42700918663834414
21681,0.547773568963091
21682,0.6379253250792467
21683,0.3951042459209449
21684,0.6841025559053394
21685,0.2156057128879932
21686,0.2657608030204391
21687,0.4787035364076839
21688,0.8618134217220175
21689,0.3281065895459842
21690,0.7193909814385137
21691,0.6798357068561822
21692,0.8219980979704861
21693,0.44912989241871215
21694,0.6241528826673438
21695,0.21725413047735567
21696,0.6104348241018537
21698,0.6427949340472897
21699,0.29116858300614284
21700,0.45269172361439675
21701,0.31324312085013206
21702,0.4702411765418329
21703,0.4315536867086682
21704,0.3677040792318209
21705,0.2419120143683026
21706,0.463192210743107
21707,0.7103640137426
21708,0.6107864627126071
21709,0.5063676039278296
21710,0.6877746971979608
21711,0.5786662120247018
21712,0.674740762031185
21713,0.630784603234639
21714,0.6838892204421604
21715,0.32277874039374266
21716,0.6666977825905391
21717,0.35182775314289455
22000,0.0
22001,0.5889631846461363
22002,0.6116531381295109
22003,0.5578009348019891
22004,0.46401052157854944
22005,0.37808591277501963
22006,0.5457220625186913
22008,0.5550928021128433
22009,0.47454601224376153
22011,0.6298884422257496
22012,0.45853608325072254
22013,0.4745487045533083
22014,0.41459865348451824
22015,0.7869943352541914
22016,0.397026503937634
22018,0.6427407928910616
22019,0.4941343398556601
22020,0.30213623509978665
22021,0.5328052695405049
22023,0.4922464925347989
22024,0.5584923972277072
22025,0.2956497454461458
22026,0.6698956152712543
22027,0.6331395369853706
22028,0.6105892000234473
22029,0.3378554090121635
22030,0.522924937947162
22031,0.3602163984000559
22032,0.32985684714806757
22033,0.18204096138598921
22034,0.4345978747528019
22035,0.54337548620227
22036,0.23508884379320386
22037,0.4588221537674419
22039,0.6332286760214009
22040,0.43945152817439537
22041,0.6132899621592682
22042,0.6394337632423867
22043,0.4067096942836006
22044,0.6373686623563325
22045,0.8470587445037178
22046,0.35522744577696214
22047,0.16701379329648913
22048,0.5172870246650957
22049,0.6952104221317112
22050,0.5414767065487883
22052,0.5250415727071605
22053,0.5629493654422778
22054,0.3662239351454703
22055,0.6891377400872586
22056,0.492257105023147
22057,0.46206378715602514
22059,0.760701029406959
22060,0.6348912756105435
22061,0.16735806145728993
22062,0.2681687980573191
22063,0.44755385911668794
22064,0.30736113370542345
22065,0.366512113732131
22067,0.4463487847087387
22068,0.6678322448504249
22069,0.6164144119136928
22070,0.6426568308362223
22071,0.3601870764046003
22072,0.5859347716968809
22073,0.20295695877741038
22074,0.18142238993789117
22075,0.5112622173356001
22076,0.42432266824523274
22077,0.41738362335751855
22079,0.822976306117201
22081,0.6685708441588311
22082,0.6862015554293811
22083,0.14466997033346943
22084,0.29558146396570656
22085,0.3649868040085525
22086,0.3415265007245998
22087,0.35757171221543865
22088,0.5931351693316861
22090,0.621301269695683
22091,0.48422815691795945
22092,0.5417810438838497
22093,0.4026638152449192
22094,0.784062293672228
22095,0.5912512016745729
22096,0.44326679826154436
22097,0.4666889411683745
22098,0.5715019835279945
22099,0.7015397866283349
22101,0.5537524364822605
22103,0.6227563757987483
22104,0.42604952385728617
22105,0.7127916928715489
22106,0.8036427790316335
22107,0.1296958112841536
22108,0.47419316064631833
22109,0.35816369075647975
22110,0.551984446993417
22111,0.3783087422274565
22112,0.4304313610713524
22113,0.5729893716962395
22114,0.2839759241426147
22115,0.4224577864492558
22116,0.31175211444468715
22117,0.7004865092803104
22118,0.5417681777223543
22119,0.3656862829566337
22121,0.44092420647588376
22122,0.3202297333239841
22124,0.3799650024592443
22126,0.8360569295229004
22127,0.3008099495406223
22128,0.4243851072563409
22129,0.4336778383211537
22131,0.3286299162733202
22132,0.5937887054074242
22133,0.1537928458831426
22134,0.5178172574145233
22135,0.3080823042988967
22136,0.46923638143178054
22137,0.22066058397531996
22138,0.48656600958930407
22139,0.608006235560274
22140,0.3729792275590589
22141,0.6048296048404572
22143,0.5178553422103264
22144,0.7073525129115543
22145,0.4410777556137582
22146,0.37020102437817703
22147,0.19934129358258226
22148,0.4731103273123218
22149,0.41245442619145495
22150,0.4285157551248788
22152,0.5060699930410252
22153,0.8428798235054259
22155,0.4695796880965665
22156,0.43172956356668557
22157,0.2862590823703159
22158,0.25310519721424685
22160,0.5006286709369393
22161,0.41438040841620155
22162,0.38049635925873737
22163,0.29532620124939185
22164,0.36883938303326574
22165,0.5090554316968985
22166,0.4988729982260052
22168,0.5539513294867398
22169,0.48967084564541397
22170,0.7935643363048271
22171,0.7478206543896869
22172,0.53128896197609
22174,0.49206597466549845
22175,0.22943365882716094
22176,0.6910114901423419
22177,0.5942073070119014
22178,0.42106823693859313
22179,0.35273938952834244
22180,0.3476523776272897
22181,0.1961659141762844
22182,0.5956683858159111
22183,0.30050949322288173
22184,0.7591110154422148
22185,0.18452487023795705
22186,0.7027274734227874
22187,0.706603210922364
22188,0.6831173753991769
22189,0.5118741451583453
22190,0.5409486877507438
22193,0.2550061651912903
22194,0.503743470446762
22195,0.38089454089595604
22196,0.3085363048067347
22197,0.48473099956661997
22198,0.5442506334220331
22199,0.2819722277463659
22200,0.540538504676428
22201,0.5526141880054046
22202,0.2562202472784711
22203,0.6697286996223445
22204,0.47500100770995396
22205,0.4268872549061132
22206,0.5117808291282823
22207,0.32535443648219375
22208,0.4691669097418499
22209,0.6487402554137939
22210,0.282290962579462
22211,0.44736101289648394
22212,0.5082515517500245
22213,0.6026154603747916
22214,0.2381120077563177
22215,0.620177350753591
22216,0.5219510683856122
22217,0.3279504479308839
22218,0.48959080344293016
22219,0.5279088092812619
22220,0.20695803813672276
22221,0.5284527685987134
22222,0.2998380162989955
22223,0.38481780553021244
22224,0.6090680258594291
22225,0.26270596390705997
22226,0.5054543097701475
22227,0.31853631330533044
22228,0.6112051854533664
22229,0.3086854774978025
22231,0.4596371709412192
22232,0.7757189597213804
22233,0.27384387150786726
22234,0.679171999463025
22235,0.6112799813354127
22236,0.40647761546893535
22237,0.5174421528292373
22238,0.4067222090691092
22239,0.6248742278694345
22240,0.20823381313543665
22241,0.43230176085458316
22242,0.36077479509621657
22243,0.4436608547400925
22244,0.1992857005308728
22245,0.4751918825381966
22246,0.648310569759758
22248,0.46606081490834556
22249,0.5619222387155429
22250,0.5397765327833818
22251,0.5787450167434868
22254,0.5032930833935946
22255,0.44800326502745175
22256,0.39462661408144273
22257,0.5039149853162034
22258,0.6382945182326215
22259,0.585036525069588
22260,0.41383065734914704
22261,0.5254098703335237
22262,0.769145382712304
22263,0.6274871639573772
22264,0.4110443685862674
22265,0.5230101623088951
22266,0.2573763065807342
22267,0.49377296607491833
22268,0.4218054756692013
22269,0.5693811666806209
22271,0.5998664627288705
22272,0.39781580676377143
22273,0.7610654760242905
22274,0.6448222944217344
22275,0.42443666730872814
22276,0.365702652532445
22277,0.749090573334949
22278,0.7621746159335822
22279,0.5358590283549212
22280,0.5676805986655543
22281,0.86612377528055
22282,0.546305615772516
22283,0.5095959684142837
22284,0.5506163571619437
22285,0.4521064268867609
22286,0.40196278817381864
22287,0.8610996061691839
22288,0.6371414215784887
22289,0.5520227359352909
22291,0.6033787004712391
22293,0.46027086271978274
22294,0.49262651932340634
22295,0.32821559187728583
22296,0.4913475531310676
22299,0.519883716971164
22300,0.6654121914628136
22302,0.7296570172824692
22304,0.36996813159044056
22305,0.3858697766932691
22306,0.47393225749611645
22307,0.8153522663954091
22308,0.6277723228610964
22309,0.329569465249927
22310,0.42815595145465624
22311,0.684167705099327
22312,0.6211382434154052
22313,0.5052030836512046
22314,0.5836252649228975
22315,0.5029108291544809
22316,0.11485454288034132
22317,0.45678662862193886
22318,0.44222036313130914
22319,0.6172006163993595
22320,0.5341473929407677
22321,0.22760847399912312
22322,0.5984601850860142
22323,0.49001265432122515
22324,0.6411944329685281
22325,0.7507422700412819
22326,0.351897341540208
22327,0.5759645038000186
22328,0.4925420125810025
22330,0.6031077182935093
22331,0.32595752102111236
22332,0.7515479011841784
22333,0.20047211473653714
22334,0.30043137521433344
22335,0.5192332763970559
22337,0.27063908111779283
22338,0.555039601217073
22339,0.5146499232835658
22340,0.47642411200507917
22341,0.2505776550913559
22342,0.5012660568102545
22343,0.605478253764654
22344,0.2591672617407323
22345,0.4638382906934462
22346,0.7347126885369883
22347,0.4474814273453605
22348,0.4530218422192777
22349,0.5752565733605784
22350,0.565616822441936
22351,0.3503560209866119
22352,0.637955700265401
22353,0.703211992104419
22354,0.40660787117661606
22356,0.6562057936837279
22358,0.6261389680000274
22359,0.4408927664287747
22360,0.746695662660379
22361,0.6573595479445239
22362,0.5280171774762182
22363,0.6397216643636728
22364,0.5354568917768329
22365,0.4147210836965029
22366,0.43181430392383957
22368,0.7448243952080382
22369,0.3733763712061291
22370,0.43018026117301983
22371,0.13585229421802827
22372,0.7096477810261915
22373,0.393430516741973
22375,0.5948080738571466
22376,0.48212788316924504
22377,0.7231803411629798
22378,0.4436263238336569
22379,0.5854902787226529
22380,0.6660307416616659
22381,0.6814034835080607
22383,0.5104607019690309
22384,0.5862737607640325
22385,0.6095089853753463
22386,0.2565350210411918
22387,0.3670401513226831
22388,0.49268054141676315
22389,0.6893472130662901
22390,0.38357259874346067
22391,0.4431311561254245
22500,0.0
22780,0.0
22970,0.0
23001,0.38455077875555665
23002,0.22491636029054898
23003,0.38433043334501077
23004,0.49577029192583466
23005,0.31804404103525774
23006,0.5199026562531762
23007,0.22255860372108013
23008,0.3921464677340791
23009,0.31905359056143173
23010,0.4612788513795509
23011,0.43605348189364196
23012,0.33799880432948676
23013,0.4849916338585214
23014,0.4795889984288977
23015,0.3003882066846484
23016,0.5076912221221952
23017,0.26251437416232104
23018,0.5225351503332273
23019,0.19226937607249087
23020,0.5105690921952198
23021,0.5981218704084753
23022,0.29865113513561997
23023,0.35768325642300147
23024,0.24289356255990965
23025,0.5123201460860342
23026,0.2917046125849292
23027,0.351164580745934
23028,0.35996343578659595
23029,0.5135656797433754
23030,0.4863236688689747
23031,0.61138887776998
23032,0.38973837224504987
23033,0.17482889839053953
23034,0.29618734004647707
23035,0.5052171919491381
23036,0.13584879239138173
23037,0.3508262803315772
23038,0.21801577737129615
23039,0.3149914793590275
23040,0.38907406836484865
23041,0.3452458362258232
23042,0.2960310374163832
23043,0.5074550892485903
23044,0.2976271117250524
23045,0.30476931845714633
23046,0.32101068810868577
23047,0.5015800835670402
23048,0.239776803071283
23049,0.5212550402662872
23050,0.49850471362699444
23051,0.5245708971234088
23052,0.47977678252031497
23053,0.21301518269920403
23054,0.19423410238291539
23055,0.23513010220719058
23056,0.3434408427501679
23057,0.5535840473078246
23058,0.5006221191163366
23059,0.2736515160587301
23060,0.4271234131732107
23061,0.651156731358913
23062,0.3883806673665962
23063,0.15684863601068288
23064,0.487019854811543
23065,0.4434650138757637
23066,0.25267629826256993
23067,0.1401313516590753
23068,0.45662197340430694
23069,0.42215725830693357
23070,0.5554840445764951
23071,0.23174402495660482
23072,0.3147578201614573
23073,0.14100031838061103
23074,0.42367587978276683
23075,0.37861044671609184
23076,0.2857562253829426
23077,0.2586432247575439
23078,0.5369022339463686
23079,0.34668244520961405
23080,0.20885167920827882
23081,0.7609265604798878
23082,0.22887882271934634
23083,0.3588584572827856
23084,0.4214241639521375
23086,0.37429823111364513
23087,0.166082386789151
23088,0.4842472661155981
23089,0.4317924116614191
23090,0.2630880069186287
23091,0.3159195607354454
23092,0.2170781835868328
23093,0.2120464717649154
23095,0.2337187403638363
23096,0.20718344862481955
23097,0.37388118930752995
23098,0.6110811276929109
23099,0.43272202553215244
23100,0.2876516255336493
23101,0.5046386670861892
23102,0.27306649736752636
23103,0.4344475194522548
23104,0.44765280214623426
23105,0.3942944751814132
23106,0.1864956212120411
23107,0.5559894964445511
23108,0.34773759957282074
23109,0.4672375023142597
23110,0.2839260010439262
23111,0.3531989268441867
23112,0.220059403653448
23113,0.42184293311396076
23114,0.34999866476958624
23115,0.1609843962764703
23116,0.41572771219263616
23117,0.5041157494580802
23118,0.5545592346795887
23119,0.8189370856298815
23120,0.4958075213312643
23122,0.5128287559674006
23123,0.3275356256474055
23124,0.36654597373731795
23125,0.1279754731696536
23127,0.23371125889783972
23128,0.45303851720813043
23129,0.25571012549683175
23130,0.34644515396124564
23131,0.3109637839540453
23132,0.3871788098894134
23133,0.34330901299143557
23134,0.48084682788463257
23136,0.31864374159932024
23137,0.33918139799378305
23138,0.5090645767184426
23139,0.3274741840951326
23140,0.26863657841494537
23141,0.3017376975714932
23142,0.2614184031771845
23143,0.30992744310229603
23144,0.3407155283605276
23145,0.40375426241727735
23146,0.28998361968346864
23147,0.3464580366287025
23148,0.3984563081285953
23149,0.3205988778526288
23150,0.447865324279457
23151,0.3149103174457489
23152,0.33088353612239213
23154,0.23031767122062638
23155,0.5297380693949854
23156,0.4173733570293827
23157,0.5000587931390877
23158,0.34274915780074594
23159,0.4007383066568703
23160,0.36448457951132923
23162,0.5420098338691476
23164,0.2988100772511045
23165,0.6059827435978294
23166,0.4518153597405314
23167,0.2106251374020921
23168,0.4373628205479739
23169,0.44513641960506695
23170,0.44637374997817353
23171,0.33964920580730285
23172,0.5088958247086137
23173,0.48412279889118354
23174,0.3301754187684595
23175,0.3934036336649864
23176,0.29175180475718426
23177,0.3551185847021158
23178,0.314950152500484
23179,0.28023839615436746
23180,0.3435474798437134
23181,0.32463462567296103
23182,0.4025778011674574
23183,0.4936474415529742
23184,0.40101346504998253
23185,0.4818648620356154
23186,0.545056594513989
23187,0.346227760774169
23188,0.5567487931269176
23189,0.24119909083048388
23190,0.45374194992839617
23191,0.42809282473817056
23192,0.21677499532390743
23193,0.15135226302024907
23194,0.28058973507081353
23195,0.22403967072556905
23196,0.31015202540574216
23197,0.39341966923445587
23198,0.48204671254862935
23199,0.5131848527375303
23200,0.44515072104264747
23201,0.46119712132022056
23202,0.340815632363795
23203,0.2695356835903024
23204,0.4542964225487047
23205,0.3443076722573424
23206,0.22924686270358188
23207,0.5006232769980018
23208,0.2185544074957462
23209,0.4666975901756068
23210,0.30256861219038517
23211,0.30346127448078203
23212,0.473873310401762
23213,0.218190026772623
23214,0.39211375042176516
23215,0.7877437603017013
23216,0.36226789693128497
23217,0.3278107373948471
23218,0.43861601717119575
23219,0.24494518377754693
23220,0.2806594328140814
23221,0.8106210707414085
23222,0.46374069556618697
23223,0.35421862489870276
23224,0.776600052812697
23225,0.47666523022324775
23226,0.41584549093300266
23227,0.45628554620487133
23228,0.3145975941190237
23229,0.3517069446245091
23230,0.3858651821891563
23232,0.428972428375898
23233,0.2622252921283999
23234,0.5137019043844117
23235,0.3747418165299117
23236,0.2866894748237378
23237,0.3338305411237356
23238,0.3530473045345621
23239,0.32210863178775134
23240,0.5105951892421227
23241,0.2885309987100024
23242,0.1967685335818127
23243,0.6366668009504993
23244,0.3559876857387061
23245,0.16562713499301399
23246,0.39082709881492983
23247,0.12941934955427406
23248,0.4327738521872511
23249,0.4952479991956759
23250,0.3891534155381917
23251,0.3902820724332199
23252,0.33311233260994216
23253,0.4504436141129422
23254,0.573546962232208
23255,0.3008469828946542
23257,0.5555205351239768
23258,0.44038959436931524
23259,0.22697753449372324
23260,0.3488931945825196
23261,0.41295457297999927
23262,0.3523598541575159
23263,0.4283110578291833
23264,0.4639668507893571
23265,0.4003686530524863
23266,0.3541144583636147
24001,0.1443144351686727
24002,0.4937131322227392
24004,0.2843806017548252
24005,0.3949712826466644
24006,0.6280921483998126
24007,0.08998540735906001
24008,0.21768943784594627
24009,0.17018079384676288
24010,0.31790611817129927
24011,0.5303981831141221
24012,0.5297919575616135
24014,0.2298234701269044
24015,0.5242510257211044
24016,0.20634423992603293
24018,0.15658647576017012
24019,0.09005850272526054
24020,0.11476632027261115
24021,0.2701478544175097
24022,0.3533896706947291
24023,0.35953159353061714
24024,0.22987138250902048
24025,0.22504280913741803
24026,0.2451244856519795
24027,0.21273046073727528
24028,0.13944547903597013
24029,0.31290221626336806
24030,0.38937209459694433
24031,0.22114912640626297
24032,0.18429540067522052
24034,0.44501289240901243
24035,0.35344747451405945
24036,0.6543919424530011
24037,0.37989336577694094
24038,0.08180747075476454
24039,0.6128124970274648
24040,0.6283414284660854
24042,0.48133024463913393
24043,0.1789288148322881
24045,0.17821692331563432
24046,0.20534918042488584
24048,0.409279458762094
24050,0.4838655263761436
24051,0.3164045979767857
24052,0.5048912348519252
24053,0.34503402711291203
24054,0.2703193579554944
24055,0.229788976204518
24056,0.326473761174534
24057,0.08570497945531767
24058,0.11243447118506067
24059,0.09359873594663687
24060,0.23513156475371344
24061,0.46232377387887275
24062,0.10660413080379161
24063,0.6091353794937717
24064,0.3770617787574076
24066,0.4268314680061147
24067,0.32540981160711563
24068,0.2686791927340395
24069,0.5047253151395793
24070,0.1429615810323667
24071,0.15672992427244054
24073,0.38653884615289574
24074,0.5074535952399555
24075,0.5295441406041305
24076,0.5913257306379317
24077,0.35379881637918237
24080,0.18443439553221797
24081,0.4235200427908208
24082,0.5271356605905578
24083,0.4146073085280473
24084,0.6868852876004229
24085,0.6618859775533771
24086,0.5187708150099478
24087,0.5606714996489706
24088,0.3643599195438614
24090,0.11716829171875738
24091,0.5034620205700496
24094,0.3539991348706461
24095,0.1757171228124893
24096,0.25400981089356683
24097,0.08376206332107172
24098,0.45516015291416617
24100,0.15013220563603324
24101,0.2110227210727834
24102,0.5294864491177528
24104,0.21232003937563537
24105,0.10033513332726997
24106,0.3817621848604504
24107,0.3086770853363573
24108,0.4840710367615159
24109,0.0952324171277991
24110,0.13063296124357138
24111,0.280990658205656
24113,0.13530432187758776
24114,0.12513534485242409
24115,0.450283749711355
24116,0.3198162163669808
24117,0.5922353695074448
24119,0.08758404003498242
24120,0.16792023477367593
24121,0.1779700276764907
24122,0.6510908325470349
24123,0.281815631931636
24124,0.19551676772973323
24126,0.32366860328068436
24128,0.10192990961591637
24129,0.37460823093985685
24130,0.33109807834173305
24131,0.3707939446810626
24132,0.34018252295504986
24133,0.12537778855876872
24134,0.2015881643814429
24135,0.5541978925823324
24136,0.7445114144835198
24137,0.20971751200543406
24138,0.427105797351973
24139,0.2699690015908768
24140,0.30896736820770593
24141,0.08461677192903032
24142,0.41277761701031573
24143,0.24642250272425717
24144,0.27003804969773865
24145,0.29701446026948575
24146,0.5169492577485476
24147,0.3499876475838635
24148,0.4609713139974372
24150,0.5655779599475383
24151,0.5140476414625236
24152,0.5603533385969302
24153,0.6981756467413621
24154,0.25759266700739897
24155,0.20498277078563645
24156,0.4576991609543497
24157,0.060415964419725576
24158,0.14981990294168615
24159,0.1843144778762825
24160,0.3450333102788985
24161,0.2294123382283437
24162,0.6127577367917941
24163,0.2333752527356403
24164,0.24966140922942223
24165,0.4318899185024779
24167,0.2663155274674826
24168,0.2516964160417539
24171,0.2191229479328187
24172,0.5286340526406291
24174,0.283320440982571
24175,0.19360480066156724
24176,0.2842442378283042
24177,0.3623340382166788
24179,0.6213033029313538
24180,0.11322588641395498
24182,0.2983128809296801
24183,0.3435791096076292
24184,0.6537338860269477
24186,0.3412926045140525
24188,0.41652009816918745
24189,0.3422698480214345
24190,0.2680962246480782
24191,0.4123624897473108
24192,0.35671909370823746
24193,0.42875818024452395
24194,0.42340779243449306
24195,0.19490136426959634
24196,0.09480607925789696
24197,0.37904013001013787
24199,0.10111560307385292
24200,0.22753799256815319
24202,0.2886950633337776
24205,0.2028390855179595
24206,0.6639829106429486
24207,0.5748643096803684
24208,0.4743055790133967
24209,0.2671476999177571
24210,0.11817273298957504
24211,0.11410953188084967
24212,0.29842570979281163
24213,0.41050959344989907
24214,0.2397484834622735
24215,0.6962111810496899
24216,0.2529660448780816
24217,0.3175975404174571
24218,0.1472921323268133
24220,0.4643413188689512
24221,0.2942570102176011
24222,0.4185603575516656
24223,0.2207212352424123
24224,0.3072756320753518
24225,0.40865465308914706
24226,0.4101558752748975
24227,0.13565861719263606
24228,0.3547186959034669
24229,0.3873662714884771
24230,0.5186209384265273
24231,0.20276931356351557
24232,0.5476794772090229
24234,0.20599709292978322
24236,0.2910752895787896
24237,0.2804378104462848
24238,0.4011220901508367
24240,0.4470741235574795
24241,0.38343691593002105
24242,0.3534915394093354
24243,0.36863235337587935
24244,0.28364196568778155
24245,0.5712780324696548
24246,0.36685857315544107
24247,0.11736299071090872
24248,0.2877367757390637
24251,0.46401861484780343
24252,0.40240427458932704
24253,0.11552963185469839
24254,0.6337319131686888
24255,0.42869123878708376
24256,0.5138227730929917
24257,0.15834860774530327
24259,0.24051455090764676
24260,0.26137223597812514
24261,0.3883247286676321
24262,0.4638315852836578
24263,0.2945027379484909
24264,0.38779417994700655
24266,0.37490466900399017
24267,0.5039031008241683
24268,0.4933762236059264
24269,0.12651462146316952
24271,0.22702115703062375
24272,0.5241462714503158
24273,0.23771759800290193
24274,0.357053364526982
24276,0.36878726989141847
24277,0.3685467871557748
24278,0.39447122506486415
24279,0.3036722070064897
24280,0.26138648381953894
24281,0.29751683646368177
24282,0.3180254946464737
24284,0.4403440466017133
24285,0.35015699200628153
24286,0.22750180395030703
24287,0.38134554602889437
24288,0.3141492898160111
24289,0.3213090323201673
24290,0.3864687484870452
24291,0.32175286005210607
24292,0.389607493078266
24293,0.6301621222909155
24294,0.21435188227100052
24295,0.2754213867497958
24296,0.320080951827529
24297,0.6573106225555575
24299,0.10950155504224317
24300,0.5996968036496417
24301,0.6987109337236572
24302,0.21331236397539455
24303,0.11770616644444049
24304,0.19505454676675274
24305,0.23405321351139027
24306,0.3738688682443471
24307,0.15397272567890052
24308,0.27460575170459806
24309,0.10488249981570863
24311,0.2837964391731309
24312,0.2533815555283424
24313,0.47147850096102584
24316,0.13157840325137607
24317,0.46185880386054184
24318,0.3960431122299217
24319,0.23686572207511025
24320,0.19204712233939225
24321,0.597585286515542
24322,0.5435952397049372
24323,0.09896459702558397
24324,0.30041962926826843
24325,0.42448672554389505
24326,0.4713359251887513
24327,0.42679302245691836
24328,0.17025320734533259
24329,0.5033808998937265
24330,0.16102153567628794
24331,0.4268264517547021
24334,0.24043198018660894
24335,0.29492124294059385
24336,0.5103962597549594
24337,0.47084868245663775
24338,0.29517610804657285
24339,0.17788295662932851
24340,0.3806878076355347
24341,0.4188691447877624
24345,0.3628446404937058
24346,0.2735329847068429
24347,0.24842657106668062
24348,0.32030696709174006
24349,0.4083517207703118
24350,0.31225534867964544
24351,0.3195328224582195
24352,0.2299982052932877
24353,0.11537320694057279
24354,0.3746061541203378
24355,0.6209283345865866
24356,0.29714310323888826
24357,0.44266646491124795
24359,0.3355896701424057
24360,0.6712527938550363
24361,0.3629874126224253
24362,0.19514490471174392
24364,0.3534639461665517
24365,0.34483108355642567
24366,0.5490593495450907
24367,0.16247122730359798
24370,0.2962012937113958
24371,0.3488137447680846
24372,0.20344177842062708
24373,0.2515912156980317
24374,0.401329550401509
24375,0.6906460862623681
24376,0.09614713450365696
24377,0.4360828439359372
24378,0.4517656224985609
24379,0.291920671386022
24380,0.3507115262719207
24381,0.2560275419337406
24382,0.37063192413343443
24383,0.2798909151909755
24384,0.20672012372642967
24385,0.3309311547731699
24386,0.4879823926927401
24388,0.42654573210255237
24390,0.5285514962654844
24392,0.42302653555572817
24393,0.28134446223808657
24394,0.12056113760026298
24395,0.5779697521906774
24396,0.48152403080561385
24397,0.20507058863326036
24398,0.22879649043104636
24399,0.2204590554526156
24401,0.20383393143654763
24403,0.27115143369683703
24404,0.39940538111266904
24405,0.25839942977600844
24406,0.4639851240071953
24407,0.29163662891165093
24408,0.4786537091669181
24409,0.11730155905657284
24410,0.25280854323922547
24411,0.22364659259272754
24412,0.2797461380101148
24413,0.4387870305393693
24414,0.31685951893728537
24415,0.2550686195507834
24416,0.6158055455495604
24417,0.19992098721158133
24418,0.21491211217427078
24419,0.3343226318673947
24420,0.209153673125363
24421,0.5688652175944725
24422,0.305125689148662
24423,0.3467360262169558
24424,0.16329030386315613
24425,0.2533004446391852
24426,0.3162268869867502
24428,0.1542234418377917
24429,0.1864155384288317
24430,0.0
24432,0.43099817317278255
24434,0.10269201907999816
24436,0.1431474501859733
24437,0.6294916929009434
24438,0.5520693652449838
24441,0.1448220233534444
24442,0.1757248324337076
24443,0.39855103527249675
24444,0.10039017845676806
24445,0.28177926732789144
24446,0.35325985815629074
24448,0.21157767747108713
24449,0.212396702150398
24450,0.5571624517467714
24451,0.2692591827262974
24452,0.09910710531364687
24453,0.26527771396266936
24454,0.30655091009180707
24455,0.13688356374272673
24456,0.2783010415561248
24457,0.1883406867023181
24458,0.3461119931667122
24459,0.3627228314879929
24460,0.11713568047996326
24461,0.30083688591504987
24462,0.07765081641716458
24463,0.1385973414058637
24464,0.20198062176954742
24465,0.22516108272948887
24466,0.4736664489913857
24468,0.3859766319180731
24470,0.5146075294356903
24471,0.46206063210343956
24472,0.32231553258993567
24473,0.1347058839433147
24474,0.26900606533568694
24476,0.243882820967646
24477,0.25634185805888515
24478,0.5191499317273557
24479,0.18149681667971365
24480,0.5079290735087714
24481,0.11035041354861856
24482,0.1595694546127293
24483,0.2838615507276953
24484,0.5270828429375454
24485,0.19284115600997076
24486,0.09750485041788459
24487,0.3711832066941206
24488,0.641823829308705
24489,0.14383696079301964
24490,0.08678021422339881
24491,0.11881763352002024
24492,0.29132520483048047
24493,0.19454014043218815
24494,0.26037988962250497
24495,0.22521434681952146
24496,0.2747288797950536
24498,0.1495387186218671
24499,0.3280637537497402
24500,0.34897421937986267
24501,0.3985278647206761
24502,0.06785857849210085
24504,0.16542811491642676
24505,0.18767418987992804
24507,0.17413002775899922
24508,0.2935684128116845
24509,0.12564635103174018
24510,0.5965177189398292
24511,0.15002910046689663
24512,0.5877747544154478
24513,0.5558692704937798
24514,0.4282460814164845
24515,0.1666289925452923
24516,0.3308082440444762
24517,0.3653725023776362
24518,0.5227257388925989
24519,0.19145021797746628
24520,0.44072225773337453
24521,0.5095289138253334
24522,0.13501332755014298
24523,0.42805684499044466
24524,0.4679057998168849
24525,0.2930302868142878
24526,0.15482903999101283
24527,0.3535481749373794
24528,0.2869148324802249
24529,0.31090835810605205
24531,0.39176713784440476
24532,0.3202275454839331
24533,0.42120074223357284
24534,0.3651600884262243
24535,0.5021819487954301
24536,0.4102824275517285
24537,0.14375509797380356
24538,0.5360813933607985
24540,0.3453701293634295
24541,0.17755676787836358
24542,0.2573683777515806
24543,0.05771800504568625
24544,0.41198658473250666
24545,0.2804437886905182
24546,0.22443394755066556
24547,0.3988907404112716
24548,0.2337824520421504
24549,0.42023275984482766
24550,0.17840093005207447
24551,0.21352461900028788
24552,0.3675499491257041
24553,0.25051350761878827
24554,0.0875504621073901
24555,0.22405558857140648
24557,0.4287111836805437
24558,0.33360418211298515
24559,0.4512225597503355
24560,0.4867912394247386
24562,0.3447216017092489
24563,0.42969319250999566
24564,0.11541821091218822
24565,0.3298357592352162
24566,0.3697799226800261
24567,0.21840342528905043
24568,0.340532249085619
24569,0.13551153403343744
24570,0.3951207014630018
24571,0.44943761948227956
24572,0.19158420570701606
24573,0.08404186604674409
24574,0.5487117237200896
24575,0.623600712137903
24576,0.4192298747592822
24577,0.543498663289289
24580,0.5352296543050681
24581,0.2411382733766292
24582,0.27576259019229754
24584,0.45648085741865296
24585,0.6087210011615358
24586,0.1321318787449085
24587,0.6032934116518477
24700,0.0
24750,0.0
24800,0.0
25000,0.0
25001,0.6970831737647809
25002,0.6745143512771833
25003,0.21129509974585026
25004,0.6781274515114927
25005,0.3681087257459649
25006,0.5851061963705636
25007,0.47972966028357783
25008,0.7620099182414614
25009,0.5685319047405857
25011,0.49997781424102555
25012,0.3906857757483739
25013,0.7497321035519434
25014,0.534011566668526
25015,0.41185430278515717
25016,0.47797525812208547
25017,0.7440152887749879
25018,0.068533950343636
25019,0.41632893924611986
25020,0.6788519282420497
25021,0.41560229976336777
25022,0.6636370097384456
25024,0.27929322156483943
25025,0.2947758828554638
25026,0.21772168833167646
25029,0.30038994318738443
25030,0.5162545845326804
25031,0.46991010110165615
25032,0.14263846827864293
25033,0.6326806582876493
25035,0.47632431709589307
25036,0.6459134486629002
25038,0.5527799686839316
25039,0.29794809414018114
25040,0.6758572998284409
25041,0.3951775775334019
25042,0.3694019231378642
25043,0.520568935063217
25044,0.4363850250881329
25045,0.583947001967705
25046,0.22332924434354107
25047,0.18160757314240916
25048,0.4178867317411214
25049,0.27632555586989144
25050,0.30769902319140696
25051,0.3293644158432348
25052,0.4818513006420481
25053,0.3979396643581208
25054,0.4527736599948155
25055,0.40008798464719947
25056,0.38885004012684793
25057,0.5326554175503418
25058,0.7334210794337267
25059,0.6199712246557079
25060,0.26317552758634116
25061,0.34425876026814545
25062,0.2690500421393563
25063,0.6461082443894332
25065,0.6321264322925263
25066,0.33176569003245965
25067,0.35182955163037605
25070,0.250384781003591
25071,0.6859289259312388
25072,0.3532761652886998
25073,0.7325860657501316
25074,0.2840710731959386
25075,0.3122329118255301
25077,0.2690615078107934
25078,0.5732214869348138
25079,0.30577581420160077
25082,0.37791174983247977
25083,0.35269432628659914
25084,0.6861795170645371
25085,0.33192019552265856
25086,0.5140598530761205
25087,0.1582217116169604
25088,0.29519986379127705
25089,0.48014655873706097
25090,0.5660687531998937
25091,0.28582568011203374
25092,0.2731497084046454
25093,0.6367875900993871
25094,0.5802837890908863
25095,0.33686114610024703
25096,0.3740587352812661
25097,0.49205928684183436
25098,0.32023082686401305
25099,0.30495259553226334
25100,0.3363519997355029
25101,0.6960974149248195
25102,0.42350004966946275
25103,0.7251547202175024
25104,0.3069606283210448
25105,0.6234936902499175
25106,0.6880701165958657
25107,0.2768538602290778
25108,0.21693252091172358
25109,0.6410159624597699
25110,0.3524249075545725
25111,0.7179897069828267
25112,0.7363518578141787
25113,0.3478303835400001
25114,0.6058660969211833
25115,0.5631265988789838
25116,0.6834578669105893
25117,0.5938196170181254
25119,0.5659184571892921
25120,0.3928385223331603
25121,0.3094147762490373
25122,0.35944396066515555
25124,0.3335281679875011
25125,0.31532533697351967
25126,0.6700482983506632
25127,0.17460478633567886
25129,0.7129928345942677
25130,0.4972420491769946
25131,0.2646725364186215
25132,0.5143463331604693
25133,0.45662020157533817
25136,0.4998184053498469
25138,0.3214915152439469
25139,0.29321890882669543
25141,0.5634700123208428
25142,0.2326108392895657
25143,0.31329665062943346
25145,0.40242276296373314
25147,0.5316328385134265
25148,0.40083221618920833
25149,0.6932935649988883
25150,0.7535082452069893
25151,0.5407282228201056
25152,0.6646581455494173
25153,0.7156346233250063
25154,0.6653657008996189
25155,0.5835214693840893
25156,0.06895054031906762
25157,0.3272383666158544
25159,0.34921423797836876
25160,0.3270589786437157
25161,0.2437658710759135
25162,0.7372291074445257
25163,0.4237345185256252
25164,0.4824390221113093
25166,0.6061457985636177
25170,0.6091055779455236
25171,0.6565165249172664
25172,0.7289844984902499
25173,0.36398361971547394
25174,0.5263861853242872
25175,0.43541533856726167
25176,0.4668786264465679
25177,0.41672148718719987
25178,0.44110570755978656
25179,0.2398628610870205
25180,0.234862436283217
25181,0.26136620943236677
25182,0.2302657749577716
25183,0.3413269909194628
25184,0.3810612496501817
25185,0.6873327134640742
25186,0.705886513517727
25187,0.5844359820704353
25188,0.5129264007001001
25189,0.6445869411594368
25190,0.6625776423858896
25191,0.4389769711326632
25192,0.6456479014836826
25193,0.16273694119210994
25194,0.7455886464467397
25195,0.46825779239626525
25196,0.6910455650140491
25197,0.7523063373821296
25198,0.7169357476410947
25199,0.28262170246491924
25200,0.7000847187502637
25201,0.4451251461810018
25202,0.3914737302154519
25203,0.466743642851084
25204,0.3676759133060005
25207,0.6454392946724353
25208,0.3218534131853223
25209,0.577891646708042
25210,0.7296596943163024
25211,0.47316242113252144
25212,0.6196128230787067
25213,0.22208631707820706
25214,0.35980599099324007
25215,0.30015717190256275
25216,0.6512245480923431
25217,0.7581621599835643
25218,0.47086197316338346
25219,0.38448768602144096
25220,0.7219906203259994
25221,0.5349804111393089
25222,0.37292157414074434
25223,0.2519466625498706
25224,0.41195542219353715
25225,0.4450736711964069
25226,0.6209410586133816
25227,0.5201061313794119
25228,0.4800319661627411
25229,0.37910176346754926
25230,0.5802783701456723
25231,0.4441971896702884
25232,0.6287184633588359
25233,0.4833250905622091
25234,0.2814801099681929
25235,0.44416093052891775
25236,0.5581320947550291
25237,0.48599291435583325
25238,0.3167942393271726
25239,0.5808846612945336
25240,0.3902721318812797
25241,0.3350379190649733
25242,0.5533673749270417
25243,0.3105118504968543
25244,0.2789896198216619
25245,0.6776377210094142
25246,0.1160849860622462
25247,0.27199753088596207
25248,0.2800578560669072
25249,0.5046792401863706
25251,0.27839806359869884
25252,0.370293666105219
25253,0.6263046635135002
25254,0.3502422703536126
25255,0.30110769286491057
25256,0.2684736921842596
25257,0.7297176329108338
25258,0.599630468156295
25259,0.2761009824903162
25261,0.3697259537306856
25262,0.35373608638218723
25263,0.2504617038355936
25264,0.7105054102512761
25265,0.46748353351097643
25266,0.6756035505100547
25267,0.6857795619914059
25268,0.46351840951669404
25269,0.5981946365506329
25270,0.19017622478605178
25271,0.41369745522384066
25273,0.6312009660140333
25274,0.6706310962910216
25275,0.5131859842599797
25276,0.1269094598063534
25277,0.3470713859817656
25278,0.6002439526521673
25279,0.2885605381734064
25280,0.3055203012603537
25281,0.34115934196142844
25282,0.3083784562989269
25283,0.6643531051754872
25284,0.5312144894144184
25285,0.256783832498377
25286,0.34797117082659906
25287,0.5290089298901373
25288,0.3334433303063861
25289,0.35562288490134747
25290,0.37041291956394967
25293,0.39611913454402986
25295,0.36396809390737533
25296,0.3800903287446655
25297,0.6694174277428865
25298,0.30076235265613466
25299,0.4417650515771627
25300,0.3192095445388494
25301,0.30108928269579244
25303,0.37397239245607566
25304,0.645908614311264
25305,0.5154620109947773
25306,0.15446915760529997
25307,0.4221329128962279
25308,0.3875578711158658
25309,0.4530260422285248
25310,0.3574574527177774
25311,0.3477039909293796
25312,0.16757590892492022
25313,0.17318462333459186
25314,0.3740610375104764
25315,0.27436421076878553
25316,0.7544815371743906
25317,0.6042995262981901
25318,0.4287641391987676
25320,0.29492709085040086
25321,0.3587719802447104
25322,0.6201269212216447
25323,0.6872266487184454
25324,0.4264086389357289
25325,0.48789428918414446
25326,0.44155203109423075
25327,0.3570651573898369
25328,0.7101326640748423
25329,0.29303875975104704
25330,0.607945887784121
25331,0.44286942706525845
25332,0.4775328204130919
25333,0.319049911819291
25334,0.37776775704210014
25335,0.6427605644296515
25336,0.5225232098267144
25338,0.6314937113671848
25339,0.4560340938646224
25340,0.5541378744747238
25341,0.3307784236243771
25342,0.388131035395708
25343,0.39960280454417213
25344,0.3533113141734037
25345,0.34632620171854445
25346,0.44462065212027396
25347,0.40483280852883013
25348,0.33612058141957796
25349,0.33636907799304355
25350,0.6257392564972764
25351,0.29551445125262926
25354,0.3087905213826943
25355,0.5839149855634479
25356,0.2888802295433771
25357,0.38554766176924754
25359,0.39554428310080114
25360,0.7325750740512792
25361,0.3948058341704519
25362,0.3700732047567811
25364,0.5775572022350143
25365,0.10771203262047034
25366,0.26755383917301895
25367,0.4003159231812526
25368,0.6261110247222854
25369,0.6787006128708318
25370,0.40465494972707594
25371,0.5187519163245143
25372,0.6216972647922449
25373,0.3078219561821027
25374,0.40603044064810145
25375,0.6503279947493013
25376,0.5160547116700834
25377,0.30194188132699795
25378,0.6708647768841053
25379,0.577472633089917
25380,0.4115574766656767
25381,0.5644105071228626
25382,0.4750280000731542
25383,0.49901629984683815
25384,0.3902554527069775
25385,0.31613605215438667
25386,0.4972111497429426
25387,0.27848849008793525
25388,0.5186154194121064
25389,0.2869548731572992
25390,0.3671974250323133
25391,0.3067521796247827
25392,0.23032196024476015
25393,0.5856701215158403
25394,0.6339732703444171
25395,0.6466321628628058
25397,0.5216498118579501
25398,0.42656534073299945
25400,0.37746834187878925
25401,0.4705277001992609
25402,0.6554315787875572
25403,0.3181516671995179
25404,0.18923544877452528
25405,0.31218928958049896
25406,0.7082017510613153
25408,0.5835747269222549
25410,0.6719068667999392
25411,0.3954380758091498
25413,0.2323791960220818
25414,0.6585151666948578
25415,0.341117361905567
25416,0.36907980838830223
25417,0.49246892416065546
25418,0.7271358242495065
25419,0.27371674412543223
25420,0.21186640083555855
25421,0.3772217568787995
25422,0.5976476946707886
25424,0.24791784372190181
25425,0.3478922458546627
25426,0.5854590207560934
25427,0.4942481248616824
25428,0.5140359013503647
25429,0.5079903445295461
25430,0.5640310255901211
25431,0.6079484025462027
25432,0.2872360587576038
25433,0.28271188282205717
25434,0.4510850125489226
25435,0.4396281092371672
25436,0.4216932811492971
25437,0.7165145089846776
25438,0.45544028324763747
25439,0.3291104860064883
25440,0.3297099415793386
25441,0.4900368101293325
25442,0.38859910263248687
25443,0.6103647283719029
25444,0.7250328401797983
25445,0.32419960832386935
25446,0.45695154902793683
25447,0.25184930008453704
25448,0.508314089053198
25449,0.3936273917784694
25450,0.5635385942776047
25451,0.34522085785905343
25452,0.6153005984990553
25453,0.3884508632516575
25454,0.5557039244793199
25455,0.5274782008065956
25456,0.2768040879483891
25457,0.3438670198156397
25458,0.3751873330709197
25459,0.3474469984801391
25460,0.5425884072232813
25461,0.10812112502941919
25462,0.32415565147510633
25463,0.5821630771649159
25464,0.3278221703653786
25465,0.4404008611514921
25466,0.47518087884503535
25467,0.5142193852144532
25468,0.3977536493878398
25469,0.7275698954316887
25470,0.3486514659865659
25471,0.372314570234064
25472,0.4476034826898913
25473,0.6909463410220743
25474,0.34781992659074357
25475,0.5568917176403057
25476,0.44326086262187675
25477,0.584127877645333
25478,0.403668444843629
25479,0.10638361998322898
25481,0.7321114757492087
25482,0.724263544704562
25483,0.3202854267440858
25485,0.593480379069698
25486,0.3079444262517185
25487,0.36642781891882176
25488,0.35425095046230104
25489,0.42808406956702355
25490,0.35724025063006576
25491,0.6180445723872201
25492,0.2260170403631272
25493,0.3293463771379147
25494,0.2544227510191201
25495,0.4859127454906462
25496,0.3973163007057467
25497,0.6636664365354342
25498,0.5981230115972002
25499,0.30598441304486895
25500,0.46501883961809076
25501,0.30075400266913827
25502,0.455979262141637
25503,0.3717349831059975
25504,0.2701515828008385
25505,0.19572907245598045
25506,0.28444104528682806
25507,0.6402282473396136
25508,0.3204382160794178
25510,0.7137018482687033
25511,0.6722513731782297
25512,0.3043496188158539
25513,0.22994007750439807
25514,0.3830854183158601
25515,0.3641010932208479
25516,0.11355683212558786
25517,0.3011365768604424
25518,0.28559650508841883
25519,0.34309798618655524
25520,0.5315454620663558
25521,0.7277893650996993
25522,0.27409366934016854
25523,0.6948035424161872
25524,0.31694653327583716
25525,0.42355565766256814
25526,0.5697196696594714
25527,0.38738069041201867
25528,0.5225053182883
25529,0.37969025154074504
25532,0.5774303415011127
25533,0.30952799703608663
25534,0.2610015659623598
25535,0.35566163581001325
25536,0.771056564669086
25537,0.6727831686769713
25538,0.2841748232801172
25539,0.6576449336163409
25540,0.7264708712109201
25541,0.35012285400717974
25542,0.5881443718362918
25544,0.3868313234248982
25545,0.43050469449468726
25546,0.5709939680167092
25547,0.4540551183746869
25548,0.627016156906533
25549,0.3587888736126102
25550,0.33983328079933156
25551,0.6489357056737385
25552,0.3127598537014607
25553,0.3479217890999942
25554,0.34184101029128916
25555,0.5456456244731391
25556,0.5584088080499313
25557,0.5224235941977089
25558,0.6118761963568584
25559,0.20575265637251203
25560,0.45620915490263664
25561,0.5431229980993281
25562,0.6835270278390988
25563,0.4416135462470579
25564,0.49448768840896085
25565,0.40347000079863937
25566,0.2968026374253402
25567,0.43415204569815785
25569,0.596811323166443
25570,0.3306142504387986
25571,0.29648861823501943
25572,0.46322075383210487
25573,0.32787567882504837
25574,0.2428636486494127
25575,0.77840158795171
25578,0.3811278661037221
25579,0.2674691180308079
25580,0.46429595807721175
25582,0.6955386474447235
25583,0.3954394531225549
25584,0.28751763285619636
25586,0.6890098500372769
25588,0.3184412019651055
25589,0.3629457386170685
25590,0.4471022608520689
25591,0.7906989798946307
25592,0.3184444795737977
25594,0.5104844623353061
25595,0.39881012364575635
25596,0.4485000369547187
25597,0.39660483308864575
25598,0.5389626840177272
25599,0.3543802037227746
25600,0.32256498579941
25601,0.310819766477691
25602,0.23229258189764002
25604,0.3167529988637108
25605,0.3737922545707406
25607,0.3715204488494995
25608,0.7215437095902709
25609,0.44793785174287803
25611,0.675477287555525
25612,0.5144847198941637
25613,0.1750033429075618
25614,0.4934384715618699
25615,0.6503439852265569
25616,0.6815741808345893
25617,0.5950082336156671
25618,0.35455409943867183
25619,0.24740573277796493
25620,0.3637296704278002
25621,0.15264995044601548
25622,0.4867458929698743
25623,0.45124070347194967
25624,0.32191451677218114
25625,0.43968555887667843
25626,0.1610440292863893
25627,0.1648628983545092
25629,0.14723921051868608
25630,0.3680044345948638
25631,0.7034161267910766
25632,0.47272724616670175
25633,0.44416595654549623
25634,0.3169314909060942
25635,0.3785671211749681
26001,0.6361714514268025
26002,0.37442017269213695
26003,0.6331609134604331
26004,0.6562683738109883
26005,0.4912989106623948
26006,0.5707411241830288
26007,0.870744737994838
26008,0.8436269345104007
26009,0.4744995950659335
26010,0.4849466753888388
26011,0.26081353629788046
26012,0.39845744606562783
26013,0.4506034707378797
26014,0.6895818464714437
26015,0.502452059701322
26016,0.3037710869772911
26017,0.726338634677811
26018,0.2720380156545501
26019,0.5624674769709144
26020,0.8365569788029353
26021,0.8348527907022806
26022,0.24277919793017746
26023,0.6675870885708836
26024,0.8224992445885365
26025,0.6579331122971548
26026,0.20197669278610686
26027,0.583907529309429
26028,0.542727629828755
26030,0.6617953342487336
26031,0.8030450392418075
26032,0.8245548943915741
26033,0.48356399889636825
26034,0.5606832278076342
26035,0.4646336475411755
26036,0.48592716857868323
26037,0.5744997400875173
26038,0.673167774463807
26039,0.42454800456664127
26040,0.54006761343204
26041,0.34938296368506344
26042,0.632559813108244
26043,0.5221386904872141
26045,0.7433989525526196
26046,0.24359856456939263
26047,0.5339780396735265
26048,0.5381633711853193
26049,0.7775926880625992
26050,0.26983535022166466
26051,0.5299413430137835
26052,0.8338922855664245
26054,0.45271097902359525
26055,0.33758398858177197
26056,0.34811348920169743
26057,0.5447835773405889
26058,0.6906526808665067
26059,0.3757058554401121
26060,0.28207610561962637
26061,0.6484920382504021
26062,0.8111213527342614
26063,0.3727551416202399
26064,0.5439564590909763
26065,0.7717017860158398
26066,0.5955599589402204
26067,0.5882201866105311
26068,0.6953732918638059
26069,0.6348748806354697
26070,0.5711802647295251
26071,0.6399484925780742
26072,0.5436417105935033
26073,0.5477378513630725
26074,0.38694615831991114
26075,0.27635891461425205
26076,0.26759829566454746
26077,0.7113542045212569
26078,0.7991459068784285
26079,0.7945940345784958
26080,0.605010212614314
26081,0.7936730962554979
26082,0.44767411371728066
26083,0.5584462245145022
26084,0.6167476843740113
26085,0.5432776139610752
26086,0.402262004943381
26087,0.6140577108947524
26088,0.4428193244477349
26089,0.31162164050049707
26090,0.726227327786437
26091,0.22680253133165484
26092,0.7988366643439506
26093,0.4593445692689649
26094,0.6260863837630031
26095,0.862714945963233
26096,0.8398565150626385
26097,0.691270692105606
26098,0.3360545894304268
26099,0.48229759886955376
26100,0.8316850638834632
26101,0.1897089958486493
26102,0.7199590449944148
26103,0.19070293083421927
26104,0.3102894439178953
26105,0.5286752879065123
26106,0.7340611658333199
26107,0.6176028833552115
26108,0.609969692083813
26110,0.5851017665765234
26111,0.21157484832739235
26112,0.44014615572529864
26113,0.5169146555521168
26114,0.1475546492060057
26115,0.7847627696803392
26116,0.28839901433381926
26117,0.3948375274782485
26118,0.5947375427024042
26119,0.5068931424912168
26120,0.0
26121,0.5993741976477223
26122,0.6142105832922826
26123,0.5419828076202043
26124,0.5556564609416177
26125,0.7104768752186535
26126,0.14086322929204786
26127,0.29799427236630355
26128,0.4984422639478286
26129,0.506251765143799
26130,0.35853367321984386
26131,0.4827859365237764
26133,0.6600355768408668
26134,0.12639433161793753
26135,0.3395455912788134
26136,0.5121180665639459
26137,0.24167403053030198
26138,0.3880580594939295
26139,0.626393745076759
26140,0.6267782769492755
26141,0.5431844102529705
26142,0.5664276365836043
26143,0.1871502946841301
26144,0.655442621779288
26145,0.42707486654973653
26146,0.5306811372019512
26147,0.4095231324381166
26148,0.3679272678372541
26149,0.44322336316906225
26150,0.2139622976519334
26152,0.6106992421042435
26153,0.22980057293938405
26154,0.23064019840609237
26155,0.5474346439345036
26156,0.5785419969312613
26157,0.6572565386685212
26159,0.648417429954394
26160,0.37000043897538165
26161,0.1942493300120642
26162,0.5790575285711196
26163,0.6931843317863992
26164,0.35691943682487465
26165,0.5894417801284076
26166,0.5640309687848796
26167,0.4031418045406805
26168,0.2521813237724519
26169,0.42533989934695904
26170,0.6534787526950309
26171,0.8531506033769061
26172,0.5841365082931241
26173,0.8191165672184657
26174,0.666041760522766
26175,0.46590464041709717
26176,0.9016422022215848
26177,0.7742488414484048
26178,0.3476861221811383
26179,0.5932632209235605
26180,0.5293627889619503
26181,0.23259618700155346
26182,0.3764433122249646
26183,0.3444663977551468
26185,0.7217710357939374
26186,0.3632283945202989
26188,0.2382413289595807
26189,0.08570410452900361
26190,0.45410192547479317
26191,0.5350046986746514
26192,0.2603404078545894
26193,0.24302315057062085
26194,0.6186790376520875
26195,0.5072574282702668
26196,0.6117759722425408
26197,0.6020704108708306
26198,0.40927932877863676
26199,0.2579138837709307
26200,0.1316647421796005
26201,0.13548040960779514
26202,0.23354201378948636
26203,0.7245550289551983
26204,0.6748733364819849
26205,0.6528989100195409
26206,0.7060352899192733
26207,0.5417982596085803
26208,0.6250171407134401
26209,0.25280414993659023
26210,0.43562977324798835
26211,0.5011790665705029
26212,0.8030210688042198
26213,0.6062765093804034
26214,0.40694580085972326
26215,0.43531333523591126
26216,0.5959847649583523
26217,0.5733313705786901
26218,0.691082468500741
26220,0.4068207869153004
26221,0.3890845667744279
26222,0.20851010396708566
26223,0.5377241583883806
26224,0.7418456335437181
26225,0.648958350379076
26226,0.18503644232873617
26227,0.2684925389397747
26228,0.7977102583755245
26229,0.2844016977435329
26231,0.6157065137389386
26232,0.8156857248103404
26233,0.4478789899243368
26234,0.2695481622016083
26235,0.31635079374880465
26236,0.29598075295304577
26238,0.4354704303039008
26239,0.22543988696725362
26240,0.3687654538154981
26241,0.3366966485500668
26242,0.33848460215231285
26243,0.3908986877998706
26244,0.3884504872114161
26245,0.22800816339823796
26246,0.5169558828345618
26247,0.4195178160299049
26248,0.6371218647233143
26249,0.8527384351263457
26250,0.7601286866322114
26251,0.8051935111678659
26252,0.6133042083206796
26253,0.4875907167337707
26254,0.7262897150830514
26255,0.6565090594069445
26256,0.31212869103303714
26257,0.8282361903994424
26258,0.7810325600865656
26259,0.6043754149400093
26261,0.4901121282449359
26262,0.6150874670713922
26263,0.37069360023370096
26264,0.29905917123712356
26266,0.6133137488936307
26267,0.22021104189925522
26268,0.21519609420248187
26269,0.4664783571035261
26270,0.4020620902204349
26271,0.7032974037831802
26272,0.8217575019517858
26273,0.6734791205764784
26274,0.8431369016641129
26275,0.7116790150158815
26276,0.16774567766499496
26277,0.8563900871944495
26278,0.2059797941582743
26279,0.26532108083218015
26281,0.3865129243287791
26282,0.6031610757047284
26283,0.5181470648482791
26284,0.4848470397013263
26285,0.29872902949654684
26286,0.24604883940741426
26287,0.8810096739662162
26288,0.24390764213946245
26289,0.4896577943280247
26290,0.27677539771178944
26291,0.5145542859523221
26292,0.1256755480197743
26293,0.5615135071359046
26294,0.8575514787596491
26295,0.4346969260691524
26296,0.6016784696136502
26297,0.0
26298,0.49731847709451493
26299,0.5771453020063015
26300,0.1523334525769159
26301,0.6504996227583045
26302,0.3779035570814491
26303,0.3307304670738577
26304,0.35264860548838195
26305,0.805288700886215
26306,0.39000471116605695
26307,0.3829107035361141
26308,0.36982693482996054
26309,0.33629158304318746
26310,0.6028362528421031
26311,0.3243302851170486
26312,0.6151532671382168
26313,0.6505841371733786
26314,0.5814658766765629
26315,0.37428057514894064
26316,0.6162400864208984
26317,0.3521172649136966
26318,0.25679450827331696
26319,0.5821504557946714
26320,0.44202167510775475
26321,0.6145395283414988
26322,0.35652274912929577
26323,0.4137863380871472
26324,0.34218852555482604
26325,0.49266240895624325
26326,0.3636381460701565
26327,0.6021573823404358
26328,0.5452431673788117
26329,0.25247802739578157
26330,0.5432254985283961
26331,0.47460944098700725
26332,0.4303623652155795
26333,0.39029939718466916
26334,0.8476825748165226
26335,0.6078128202131975
26336,0.3091184077552562
26337,0.7334684052828138
26338,0.562239824243615
26339,0.6119350856316953
26340,0.15048137682406068
26341,0.3672636198508438
26342,0.6358710375801522
26343,0.637530002886828
26344,0.8029495622255789
26345,0.5107296441360512
26346,0.3044825813594619
26347,0.5477151502014704
26348,0.44484227396384274
26349,0.44847518120481017
26350,0.28982528174852584
26351,0.5951412967394677
26352,0.8365199488140322
26353,0.7952634734824819
26355,0.6674775285795408
26356,0.16326924553406943
26357,0.5021937850904783
26358,0.7241677492003168
26359,0.570348907206355
26360,0.5048001148089484
26361,0.32284244066734846
26362,0.4552636143392441
26363,0.3117109531126329
26364,0.20258068540605348
26365,0.5975516136051641
26367,0.280016839962781
26368,0.655384808844002
26369,0.17075472877895292
26370,0.20991326507975905
26371,0.6746871197817933
26372,0.16664811547579017
26373,0.20077785752058339
26374,0.2883020184618426
26375,0.2606379097439387
26376,0.21739391925349358
26377,0.37794750756903084
26378,0.6975862146249048
26379,0.6755138513525726
26380,0.5499471330274064
26381,0.4268610346539203
26382,0.8345413140219052
26540,0.0
26800,0.0
26901,0.0
27000,0.0
27001,0.6484352733259033
27002,0.3372849027640377
27003,0.6638584521229127
27004,0.9181459973459986
27005,0.7283661834777381
27006,0.5175122824814403
27007,0.0
27008,0.5915401178466588
27009,0.6947677350638446
27010,0.42458006193045345
27011,0.7868452790037169
27012,0.7387392527547568
27013,0.8336422606514917
27014,0.8816053775196734
27015,0.6352470533150755
27016,0.7060543292562195
27017,0.8012027491069814
27018,0.4724169784636259
27019,0.5392078509049979
27020,0.8542417446701682
27021,0.696207179661933
27022,0.7198240764673302
27023,0.8936774484911298
27025,0.7598786226958643
27026,0.7196150974438548
27027,0.7704701688287267
27028,0.7256374772880267
27031,0.9018121823784432
27032,0.606998250601202
27033,0.9366582525684838
27034,0.7314494023544144
27035,0.7521634170008568
27036,0.4233420729949768
27037,0.7067177442405471
27038,0.5665726060305987
27039,0.6148169281834635
27040,0.69947764317247
27041,0.0
27042,0.6754504935497451
27043,0.5921534860070791
27044,0.8730727893002938
27045,0.37690358955042985
27046,0.5939781668855395
27047,0.30389590361998037
27048,0.3352307434877577
27049,0.40648072047449574
27050,0.7095057835613648
27051,0.5790055593520682
27052,0.5335480409898609
27053,0.8572321985845401
27054,0.5968948940122708
27055,0.9457500714738516
27056,0.47759718711763616
27057,0.9098701482772888
27058,0.3758550284712558
27059,0.44094672110380445
27061,0.5327505698341374
27062,0.5821187242566146
27063,0.7557502471662946
27064,0.7712917041384869
27065,0.386554202782942
27066,0.41879349393658377
27067,0.3834908870686828
27068,0.566168745595397
27069,0.6936251614583605
27070,0.6073107955520755
27071,0.7176285466940232
27072,0.9077547068413968
27073,0.6266494262043428
27074,0.7687716465479109
27075,0.5141432588043592
27076,0.8950258278655147
27077,0.6034984260089233
27078,0.9087312043193227
27079,0.6902292396949495
27081,0.8917235044124555
27082,0.8629161684203224
27083,0.5969141292520206
27085,0.5797603081894181
27089,0.5908076426393746
27090,0.5238929428808139
27091,0.6487355246270163
27094,0.39940025388002187
27095,0.5236255961794001
27096,0.4920493222744826
27097,0.899888136148231
27098,0.457356116594819
27099,0.9233653228499376
27100,0.4053148296222016
27101,0.2916657148803769
27102,0.4154153025128851
27103,0.5959158734742097
27104,0.7189036147436049
27105,0.47593514457397473
27106,0.6524878791571495
27107,0.21890157336773197
27108,0.517552777449296
27109,0.7818768876746431
27110,0.25561152699338346
27111,0.9052985555232214
27112,0.2606952417240081
27113,0.6235746087946779
27114,0.8991155321026792
27115,0.284746779582593
27116,0.5132189526513166
27117,0.6171972346780444
27118,0.9244112456268554
27119,0.9005447352211808
27120,0.8812305546880975
27123,0.8954680649657574
27124,0.9831074043974386
27125,0.6688098098289438
27126,0.5115583328438279
27127,0.9189218946318212
27129,0.681810895878125
27130,0.4240794931678626
27131,0.0
27132,0.8755563650245386
27133,0.5779985904388787
27134,0.25292873797249593
27135,0.8633992345293701
27136,0.7775816656532353
27137,0.5573832705721742
27138,0.6188545517031739
27139,0.5035692058226385
27140,0.768071062620789
27141,0.8827899218742171
27142,0.7624173861699028
27144,0.7878309430626301
27146,0.683619238336699
27147,0.960879318384734
27148,0.36655635071727755
27149,0.632132159710095
27151,0.47700739239965556
27152,0.7289151701331139
27153,0.45609522651387574
27154,0.6227254535019496
27155,0.5287525826562348
27156,0.5277650469729835
27157,0.3016064809421635
27158,0.8957832789766426
27161,0.8731518419933879
27162,0.7535170757584929
27163,0.24113959132024895
27164,0.7642769598643664
27165,0.6673953518032322
27166,0.0
27167,0.5162310110766359
27168,0.7973223874945027
27169,0.7553498270239357
27170,0.65803644244947
27171,0.8900082661162761
27173,0.765119393084784
27174,0.205818160837701
27176,0.3875220971246187
27177,0.6551356582025487
27179,0.7173693015382531
27180,0.8995143911746167
27181,0.6743434333749406
27182,0.38972875697746395
27183,0.8919284274388829
27184,0.8342668497039923
27185,0.8242710056358101
27187,0.842181128899297
27188,0.5984403240736378
27189,0.8719878567904381
27190,0.9008341317579062
27191,0.7373805367463442
27192,0.9348191950895332
27193,0.634958793140976
27194,0.7183712897793665
27196,0.5794756346308487
27198,0.148713932058833
27199,0.43674754313018616
27200,0.972246366061964
27201,0.8463478735807515
27202,0.7865940761350575
27203,0.8673174683560321
27204,0.3670169988153496
27205,0.7667028320249649
27206,0.32879021102381134
27207,0.6117814806845624
27208,0.680174139979912
27209,0.5780452072514297
27210,0.7868222756330789
27212,0.9540559340003557
27213,0.8524476240577533
27214,0.7707351735503422
27215,0.9161767370828225
27216,0.9276663245189449
27217,0.8651476632731153
27218,0.5223535645676628
27219,0.8840026728446814
27220,0.9017875382840922
27222,0.6968615614769141
27224,0.8374168226115568
27226,0.36701027325123303
27227,0.24985923680377545
27228,0.2871619037064217
27229,0.6278948456612681
27230,0.7206092247175745
27231,0.9095309750654604
27232,0.39979948271475213
27233,0.6457436623061221
27234,0.9335014506270952
27235,0.9164551173793384
27237,0.6839121553908996
27238,0.8538059021049639
27239,0.6370277598040132
27240,0.49671913256734457
27241,0.9385545012359143
27242,0.2528133332794459
27243,0.6581119492360057
27245,0.30733687437677243
27246,0.7281143186991273
27247,0.7673886577340895
27248,0.5728389803523998
27249,0.7413336475365245
27251,0.7287484946519274
27252,0.6437755258764217
27254,0.9244114469465837
27256,0.6898560471724603
27258,0.43871514366028347
27259,0.9134479222350637
27260,0.4161074750968936
27261,0.851280193680108
27263,0.3397309971643832
27265,0.0
27266,0.6640284186162609
27267,0.6297045264849059
27269,0.728238037473154
27271,0.9035953443235444
27273,0.9047840968290721
27275,0.7335815593824347
27276,0.45482203383746006
27277,0.8827139971698302
27278,0.902179287780681
27279,0.9040014823973493
27280,0.901812172324646
27281,0.877415274706982
27282,0.8898205849584233
27284,0.49123172215967387
27285,0.9092172459317864
27286,0.6646080510588247
27287,0.8572023380261293
27288,0.6230762459075424
27289,0.2775134198840484
27290,0.6556859701706169
27291,0.509753698394182
27294,0.6255259514229322
27295,0.6464621348437104
27298,0.9077280084321582
27299,0.9298587800445256
27300,0.7185280561094013
27301,0.6438258479188573
27302,0.8093951229515045
27304,0.4709987992430296
27306,0.7199730272861453
27307,0.9043645945672178
27309,0.6954249249374634
27310,0.4192796970793376
27311,0.6371131207414714
27312,0.9123987101428352
27313,0.8595056166442684
27315,0.7276947660062075
27316,0.34265183216087863
27317,0.28736980967904785
27318,0.7244887104146617
27319,0.32470519753156274
27320,0.8582329059773498
27321,0.8768203338693779
27322,0.8230737746690266
27323,0.5024151388753478
27324,0.39586422666445514
27325,0.7084461732739656
27326,0.9069167547622801
27327,0.8358825346461494
27329,0.895505531697741
27330,0.8316141964291853
27331,0.9037501859552245
27332,0.6958293412736798
27333,0.40309237790897656
27334,0.7331923961849016
27335,0.9671682593654002
27336,0.8910371753500349
27337,0.7261811163358743
27338,0.3823567869279208
27339,0.8998561763652532
27340,0.6501561497205269
27341,0.34350424423623166
27342,0.9438395860366557
27343,0.7967793890304437
27345,0.6987028178998275
27346,0.7487420009992735
27347,0.9210007897661301
27348,0.6042727167449465
27349,0.5461474462933246
27350,0.42448812720706486
27351,0.615211509937405
27353,0.9679578171823148
27354,0.8306898087795774
27355,0.914418523733825
27358,0.912323625437252
27359,0.7333554840660425
27360,0.6830082504376982
27361,0.5121425857955221
27363,0.6408322236293994
27364,0.7254355519723114
27365,0.5710075454481158
27366,0.6344158174699894
27367,0.6465986655929846
27368,0.6634112023293007
27369,0.4063207937015811
27370,0.38755058809312404
27371,0.6674715702987372
27372,0.3780010894913612
27373,0.27862707191339114
27374,0.8128980240177014
27375,0.5025732778861934
27376,0.7200386939176134
27377,0.2701660371772722
27378,0.4732723605409824
27379,0.37609615865447515
27380,0.6503343556238527
27381,0.5869069745009426
27382,0.8587711589798622
27383,0.5176844486388265
27384,0.5590943905078819
27385,0.2625625063942959
27386,0.8446681149025572
27388,0.6200007766289488
27389,0.947357538388862
27390,0.3229588441812709
27391,0.6193990924236652
27392,0.3799143391392443
27393,0.465307966645547
27394,0.6286652082745557
27395,0.432125150760611
27396,0.5210800177838897
27397,0.7983148416856013
27398,0.7861936769533592
27399,0.8329077232278773
27400,0.9074474440511647
27401,0.9210561042930738
27403,0.8949061714958546
27404,0.4538610897468435
27405,0.39959356699214393
27406,0.5541607393977408
27407,0.43511163773592615
27408,0.8831264493586293
27410,0.8903473163351593
27411,0.5784588210472887
27412,0.6158899109126104
27413,0.5788316118192943
27414,0.30145156842290227
27415,0.7244027005436733
27417,0.3723132739537847
27418,0.5651185256802912
27419,0.9204557174689753
27420,0.7516198170448917
27421,0.9168469509731739
27422,0.6186575166147926
27423,0.6058829813042549
27424,0.5432391342674445
27425,0.5714194700243286
27426,0.41669423542238726
27427,0.6129230481671192
27428,0.9116055160672571
27429,0.8980810429225752
27430,0.36905663949008427
27431,0.5391301720585565
27432,0.8577849711929618
27433,0.6641412672785144
27434,0.7254253871356494
27435,0.5947188375411225
27436,0.8251183033621589
27437,0.3498180306748002
27438,0.41866087194764295
27439,0.9248915949864394
27440,0.9066040346517351
27441,0.7334355162637581
27442,0.33561675350772696
27444,0.7377141190125324
27445,0.48184810614219736
27446,0.9063095450831792
27447,0.8103422622570848
27448,0.7828032400561794
27451,0.8999676075880078
27453,0.42855443603460636
27454,0.45566784118421544
27455,0.6786543259611815
27456,0.6806816223311422
27457,0.41086963575922814
27458,0.8052052798920166
27459,0.6679931879458646
27460,0.7046574273384754
27462,0.6704534304191068
27463,0.6030395109353651
27464,0.7559625221311088
27465,0.8990161859297613
27466,0.7185481763931899
27467,0.22040961168364923
27468,0.7045271048388443
27469,0.5542245699848332
27470,0.7750888045660901
27471,0.8194957562941406
27472,0.9061733057708244
27473,0.8997512468986555
27474,0.7820474859281988
27475,0.6368720154830471
27476,0.3045108521438204
27477,0.9069671464341819
27478,0.8690733690574418
27480,0.35286049617597404
27481,0.5425069190184234
27482,0.9076012302458456
27483,0.9009648519642063
27485,0.5366527660678192
27486,0.9106497914311183
27487,0.7172560016560735
27488,0.6776727361767184
27489,0.9219468038937694
27490,0.7855007096941433
27492,0.7058673618755439
27493,0.7572034099915843
27495,0.7453640875777262
27496,0.4871019872060076
27497,0.2814671893549406
27498,0.7614582820692887
27500,0.28565410264104
27501,0.9231079578728858
27502,0.5843175579709884
27504,0.9037556270142547
27505,0.4815785278172609
27507,0.7179731880895233
27508,0.7157236655578041
27511,0.9350561623422661
27512,0.6675469334883134
27514,0.3548861590893246
27516,0.6417137382914834
27517,0.7502465668305063
27518,0.5079325490040317
27520,0.6290160959938965
27521,0.5678835760023655
27522,0.5448897985969912
27524,0.8858438012496036
27525,0.7642561002757658
27527,0.6983870483126524
27528,0.5697337783504983
27529,0.8762649694623071
27530,0.2999712042172535
27531,0.6282116677259447
27533,0.37147301904210267
27534,0.8703917551799227
27535,0.8801131087315519
27536,0.6507724721538432
27537,0.6350578787210654
27538,0.5498061095892033
27539,0.8499720363695733
27540,0.904694784357149
27541,0.6833490551300473
27542,0.5702693778961184
27543,0.7094221157340609
27544,0.9050714232745581
27545,0.8749178843168618
27546,0.9636827305366115
27547,0.4364185207551099
27548,0.5012864436323744
27550,0.6418718880382585
27552,0.3626112459255148
27553,0.7299952796710235
27554,0.9271542572027468
27555,0.6854613894857667
27556,0.2763837416417178
27557,0.7595953290382881
27558,0.5622367323351997
27560,0.8810639404203625
27561,0.38149723967652943
27562,0.8362174487713064
27563,0.2797179675286562
27564,0.5301364424335738
27565,0.33570769331171574
27567,0.40943873999066277
27568,0.3784450114273199
27569,0.5248420927425008
27570,0.9323394844474678
27571,0.4888289068303468
27572,0.8696511190176798
27576,0.8548461006874387
27577,0.36652699114992854
27578,0.5425093372494935
27579,0.8491336188558609
27580,0.5180469718721229
27582,0.5628013580537269
27584,0.7009771535936417
27586,0.6469865675583343
27587,0.5951334528569056
27589,0.7636416969464664
27590,0.3294527854800209
27591,0.6166847005633264
27592,0.6588787224647695
27593,0.8229798334945464
27594,0.6403746147084504
27595,0.7694227120497065
27597,0.7513650569110485
27598,0.7131847668824814
27599,0.7421870954042774
27600,0.0
27601,0.5319212382271719
27602,0.8031488722138264
27603,0.49649514718292553
27604,0.358085909655481
27605,0.645134006439957
27606,0.6058532872828364
27608,0.6606850273456081
27609,0.6753614888884673
27610,0.5096069497736845
27611,0.9317131098114437
27612,0.849326707153924
27613,0.6679602210015331
27614,0.45069389318768166
27615,0.9151351361748521
27616,0.8065370532568394
27617,0.3572235271956357
27618,0.2952707864120944
27620,0.4963391392601692
27621,0.907260418827886
27622,0.6994821772832357
27623,0.8271631825757938
27624,0.8965644289676084
27625,0.7495019009328567
27627,0.5858641497488805
27629,0.5810339398682186
27630,0.7398950544187635
27631,0.8224223959019631
27632,0.3495577353809772
27633,0.7290610531278069
27635,0.8156617068190236
27636,0.0
27638,0.728086214555015
27640,0.767706242738098
27641,0.9210309952482785
27643,0.20152051214695102
27644,0.8976422254154222
27645,0.24536602616644573
27646,0.41158388020865483
27649,0.47294548018176186
27650,0.9150864011988219
27652,0.943325741695217
27653,0.0
27654,0.730379572250316
27655,0.4163471270549733
27656,0.30176215458511996
27658,0.9438988777003502
27659,0.8829618793355044
27660,0.5777968477716765
27661,0.609612461569559
27662,0.3857106212871173
27663,0.822693596277294
27664,0.2014058323324388
27665,0.3266818931584526
27666,0.9239376387944994
27667,0.6781896604543817
27668,0.8967191217285455
27669,0.22759176915246418
27670,0.5735419566156126
27671,0.6722914008172794
27672,0.44798259098802967
27673,0.7861886279606832
27674,0.907292544718123
27677,0.9212561045174533
27678,0.8385960877541834
27679,0.26413791371041145
27680,0.17550749574468708
27681,0.8169150133894268
27682,0.47664704112142803
27683,0.903940884751111
27684,0.901944633438536
27685,0.34170287729636106
27686,0.5085335680635287
27689,0.7566013406391282
27690,0.743509154780674
27691,0.8951451682741872
27692,0.9329486624518806
27693,0.6100798700478655
27694,0.7631996181016026
27695,0.8024267178052522
27696,0.9108899560337141
27697,0.7698974300739763
27698,0.9272243157145
27699,0.5671333864744574
27700,0.8381515997374019
27701,0.49289216641622846
27950,0.0
28001,0.577838236208541
28003,0.6024565655159673
28004,0.6549500167916017
28005,0.4648173857342381
28006,0.9486677266043494
28007,0.6277058271051776
28008,0.13744768635398108
28009,0.3640974785099476
28010,0.5844030490862169
28012,0.5260781407898084
28013,0.4518631935997865
28014,0.5966338622364312
28015,0.29592932274231915
28016,0.44793449536227836
28018,0.19976272756866953
28019,0.6266981696769642
28021,0.6382826431056484
28022,0.9186628843430605
28023,0.7019184439245637
28024,0.8968261936122602
28025,0.5796515247399011
28026,0.6438309894077133
28027,0.18292261832507165
28028,0.27354372510250674
28029,0.530206557868268
28030,0.4941656523930693
28031,0.3136442146702322
28032,0.6281006835410327
28033,0.12630736140362112
28034,0.8534840631208773
28035,0.7086508809976094
28036,0.6946956934631094
28037,0.31491151909055204
28038,0.30483035583233675
28039,0.7129354345052198
28040,0.2695343406353475
28041,0.5974860407510943
28045,0.5305272382046242
28046,0.4269256226801095
28047,0.6343862465936801
28048,0.632487527258866
28049,0.7154485384625097
28050,0.6974361397932682
28051,0.3657467069422648
28052,0.8575384149375983
28053,0.576546605427925
28054,0.48980423393038836
28055,0.4393137351009149
28056,0.36825112491673595
28057,0.7605220740395099
28058,0.5890961787200655
28059,0.32153589608626115
28060,0.8884110444263191
28061,0.6123615104245821
28062,0.40974132816823267
28064,0.4586293545974757
28065,0.5975184727495934
28067,0.8855274736357606
28068,0.8350960701748406
28070,0.8005937788545062
28071,0.32355200100390646
28072,0.4144707594462596
28073,0.6676729481759924
28074,0.8538069754623897
28075,0.5454957729460078
28076,0.44679235906281095
28077,0.5787112345336056
28078,0.3725326288151893
28079,0.5908060584214297
28080,0.31651111628634815
28081,0.5858567804541163
28082,0.6175455304857608
28084,0.916808055892731
28085,0.8439095660949519
28086,0.7562076184908331
28087,0.6378328934259714
28088,0.46810825748299134
28089,0.43983686708722036
28090,0.49847536529418274
28091,0.6315581343532908
28092,0.34675573268363596
28094,0.5322903481106859
28095,0.9092918980934623
28096,0.9180856210160774
28098,0.5090622011518615
28099,0.26383716389166395
28100,0.9395469701372363
28102,0.8293294151197875
28103,0.19764196513845775
28104,0.7247395330462768
28105,0.5691512581356716
28106,0.4751675221011686
28107,0.7125408962217327
28108,0.7536966676776996
28109,0.4018835286496068
28110,0.8816426027840265
28111,0.3797238084883961
28113,0.5693301729990434
28114,0.47493200356881743
28116,0.8311605131843929
28117,0.6536195943247426
28118,0.6087556429189007
28119,0.5134337332198115
28120,0.3903690999918119
28121,0.6742639880404583
28122,0.6901686701323699
28123,0.5830722462042406
28124,0.3991619967857818
28126,0.5390702200604595
28127,0.617320842577874
28128,0.896313882696723
28129,0.56791213365461
28130,0.10136336114899898
28132,0.48241986989370794
28134,0.6467941215447527
28135,0.6093624238492038
28136,0.6769005168296646
28137,0.4299228854783818
28139,0.610479059771658
28140,0.66982701513886
28141,0.6593538543209059
28142,0.5912636138525934
28143,0.47611859149243746
28144,0.46501136003470395
28146,0.5986392858384179
28147,0.16470665544064736
28148,0.062041723938262926
28149,0.4638720691383325
28151,0.33833769193416185
28153,0.5188175361340842
28154,0.9178424835272142
28155,0.6305862413839739
28156,0.12156268921874001
28157,0.7897946009256267
28158,0.7986368497909421
28159,0.387608035919142
28160,0.8211390855259223
28161,0.5832307229235414
28162,0.6965053907013439
28163,0.8654279769942849
28164,0.5089177483319366
28166,0.058674207046153615
28167,0.7489130360992088
28168,0.5956115880785149
28169,0.37347660647945585
28170,0.5428362813737614
28171,0.5405581767096875
28172,0.8043659641842725
28173,0.7871867126385549
28175,0.4972935680554748
28176,0.7553953594813431
28177,0.784139181996613
28178,0.47323542706495325
28180,0.9195841004561093
28182,0.7097353917712129
28183,0.3428532379865159
28184,0.626155301183083
28185,0.4170532328800573
28187,0.9142119422152816
28188,0.6279009019168499
28189,0.5362834204675391
28190,0.7008065267272553
28191,0.6056425800086712
28192,0.6142848554803203
28193,0.48408831226359333
28194,0.7059900230406009
28195,0.8211050753118111
28196,0.23567334476231605
28197,0.5519888992772591
28198,0.4844257056596378
28199,0.4022431415140284
28200,0.07543715828931273
28201,0.9299539952466699
28202,0.5518847243470411
28203,0.14463224118786813
28206,0.6082248208573557
28207,0.41582959422692745
28208,0.5300716785314178
28209,0.8861337018473966
28210,0.37307395465891613
28211,0.673133973823984
28212,0.8353829957773731
28213,0.616351424942197
28214,0.24906321662376443
28215,0.6204904951608714
28216,0.5885518677089077
28217,0.23663723313551024
28218,0.9556487747139255
28219,0.5264431629856756
28220,0.9663619030005025
28221,0.6310113721846103
28222,0.6179271013174159
28223,0.6124968451588132
28225,0.8697335670328677
28226,0.4363715609678674
28227,0.7681039258682256
28229,0.932923490788975
28230,0.4379842553768947
28231,0.5347760014837645
28232,0.08086152565323257
28233,0.4375435178535238
28234,0.8763939449496609
28235,0.48008105036195725
28236,0.27138353777158136
28237,0.4094956696157226
28239,0.5565746820013541
28240,0.17840807295586977
28242,0.36736247962510893
28243,0.35879413570497704
28245,0.6989318537303926
28246,0.843308939484026
28247,0.7408178103574478
28248,0.11328108856852681
28249,0.8882519379414378
28251,0.5301179086254169
28252,0.4689740327758341
28253,0.6962555819333578
28254,0.8942881063057148
28255,0.9068355609751529
28256,0.4591375458601393
28257,0.6033057194072864
28259,0.4894326465739925
28260,0.5954482766309491
28261,0.38428173090712275
28263,0.40724912984033845
28264,0.3387774157348191
28265,0.33837807303295736
28267,0.6289345241269383
28268,0.353699862050209
28269,0.7819982797916967
28270,0.5406937814772368
28271,0.5387368609839448
28272,0.4617947126183482
28273,0.4652505395999256
28274,0.3333864105732977
28275,0.7877359936297248
28276,0.5855127592628139
28277,0.6283131171400541
28278,0.7688437618906757
28279,0.5426145381620637
28280,0.15477539942486598
28281,0.6971834960498923
28282,0.5472645741232066
28283,0.5113300623371057
28284,0.5951921406793846
28285,0.7084006288670498
28286,0.8922599843232756
28287,0.6935078966482764
28289,0.6433715102941862
28290,0.8494240655902994
28291,0.729188686830896
28292,0.5834353705568166
28293,0.7147690741728394
28294,0.3734111377153655
28296,0.1412553244193084
28298,0.7830750513214749
28299,0.6029834136926229
28300,0.5578019495646497
28301,0.8656601953000104
28302,0.09131090978793388
28303,0.6827400451489761
28304,0.200043132514406
28305,0.4962265864444662
28306,0.5566016501472748
28308,0.44210216506615135
28309,0.681004793088347
28310,0.4939693492420097
28312,0.5254250752677417
28313,0.7674253325530209
28314,0.5093979758586501
28315,0.40643850622357974
28316,0.529403849268303
28317,0.836522515091599
28319,0.33557897831899847
28321,0.6297808092470286
28322,0.436785496320989
28323,0.5185993593445243
28324,0.8919235639832338
28325,0.9298719738167719
28326,0.39755065559739106
28327,0.31321505072920086
28329,0.501623389648404
28330,0.34962404141838577
28331,0.3281648106467456
28332,0.6232877892895727
28333,0.3883034463289654
28334,0.41372832415284755
28335,0.08600550884350643
28336,0.5485959617901659
28337,0.9333007476811344
28339,0.8292739819986915
28341,0.5295473117763579
28342,0.38460145789513916
28343,0.5958223379404433
28344,0.8673467903342376
28346,0.588120180630583
28347,0.43615687838962486
28348,0.38262609396322395
28349,0.5823433938834292
28350,0.8635238269975476
28351,0.20138450393099863
28352,0.606328956249616
28353,0.45342357371183145
28354,0.11294855108541722
28355,0.7532275920335962
28357,0.8870360290359884
28358,0.7527631854717461
28359,0.40780590799624705
28360,0.41443359961483034
28362,0.08050626585220265
28363,0.31113701803223753
28364,0.6374869894026465
28365,0.6457987909627425
28366,0.8705340262665523
28367,0.5919667945280089
28368,0.4930588825403599
28369,0.5906261735710833
28370,0.6494638096137194
28371,0.7450684277681706
28372,0.5760696876252281
28373,0.08376708384005753
28374,0.777958737335063
28375,0.5112680089579477
28377,0.7026731993593298
28378,0.40047910788157387
28379,0.9063470059509577
28380,0.7013487581318957
28382,0.7827740452199953
28383,0.6844212529327315
28385,0.32244639542869236
28386,0.2971198602303146
28387,0.573428364747188
28388,0.754937312215417
28389,0.4668329710032171
28390,0.8013059610048883
28391,0.5218436275509685
28392,0.6099775316679823
28393,0.6496256100630965
28394,0.5545004061901174
28395,0.37397382098511095
28396,0.5760786640249559
28397,0.718037156911902
28398,0.38611634842991527
28400,0.4327100105150768
28401,0.1909817710588875
28403,0.7530868638423568
28404,0.5285798153501567
28405,0.5968498949339812
28406,0.2167356904611392
28407,0.5108477138622011
28408,0.5518301195643985
28409,0.3638238175238848
28410,0.3993019625826862
28411,0.600513266178904
28414,0.8737427926306545
28415,0.46398790819472663
28417,0.6507098592046053
28418,0.5022556336097171
28419,0.7766828456306061
28421,0.9228955794574998
28422,0.6280738766918075
28423,0.8795623531485229
28424,0.604448235004741
28425,0.5765519417608777
28426,0.32670727705741814
28500,0.0
28600,0.0
29000,0.0
29001,0.5059261389131854
29002,0.648559465914874
29003,0.4144119111975432
29004,0.2805294632912629
29005,0.4809176136088282
29006,0.4645152034462421
29007,0.25545545394575275
29008,0.4435967494429745
29010,0.43453769190759783
29011,0.6991052835105075
29012,0.4668798059554513
29013,0.5068261863509776
29014,0.4150879824592093
29015,0.5847215646311688
29016,0.43294474225799173
29017,0.6696127559823691
29018,0.21845625849038022
29019,0.5611933455542646
29020,0.29927748476537047
29021,0.30480839897111794
29022,0.6546501026251469
29023,0.43967895650546734
29024,0.22254398229800176
29025,0.3604511163486759
29026,0.2883645096169551
29027,0.21206068470738382
29028,0.41042516734076356
29029,0.10712378904894042
29030,0.37246761926899435
29031,0.3603053496742919
29032,0.48509919621923087
29033,0.2992743122198122
29034,0.6531570767984712
29035,0.6205642999764879
29036,0.4555555381173441
29037,0.39326004897241845
29038,0.48817796997077717
29039,0.385588521977962
29040,0.45059151217008847
29041,0.5423361295873605
29042,0.5742017171251997
29043,0.5308860831244155
29044,0.3180751124516688
29045,0.5658979033696523
29046,0.4362481789674368
29047,0.5935340065756333
29048,0.34346434160248657
29049,0.31279280539656057
29051,0.34403839741751363
29053,0.3765215302264608
29054,0.24830133858113781
29055,0.4999409573939027
29056,0.5581572226790117
29057,0.3285439805378612
29058,0.4427341707821542
29059,0.46990355622096397
29060,0.4290848870615292
29061,0.6997217262211405
29062,0.3771584005138537
29063,0.5315867796717192
29064,0.36308951556248276
29065,0.4817805365907925
29066,0.4267212353615551
29067,0.34080224561913885
29068,0.4273426387594757
29069,0.649128759718828
29070,0.46369563047564816
29071,0.6083098200793415
29072,0.40534352954934577
29073,0.566236465389057
29074,0.5392164132281657
29075,0.5611669748481547
29076,0.6013276126140458
29077,0.2764056241129382
29078,0.3088265524161984
29079,0.5608112948876585
29080,0.38300841248314166
29081,0.2839188696868252
29082,0.4625677073763652
29083,0.36839566314932476
29084,0.20316486979981252
29085,0.5633460332711056
29086,0.42692174666948296
29087,0.4809406864299186
29089,0.176109835474022
29090,0.511571126270439
29091,0.3160771840569008
29093,0.5844758873508195
29094,0.37643035750256765
29095,0.5460863416599429
29097,0.5192852337521784
29098,0.50981142458853
29099,0.6327755616540036
29100,0.5813516029381
29101,0.454296051172104
29102,0.15446107366267914
29103,0.47909494705670647
29104,0.5608138514250774
29105,0.6868192068167827
29106,0.3636790225630575
29107,0.6154110041650005
29108,0.45984956299897356
29109,0.35516065813681136
29110,0.6098003802664198
29111,0.4700199231557806
29112,0.4788915527704815
29113,0.7506196088956919
29114,0.6331308812221419
29115,0.5518433243475568
29116,0.39180324753891976
29117,0.5196900483354048
29119,0.6553421873835762
29120,0.7248183838198453
29122,0.4224241348474375
29123,0.29310107628437443
29124,0.324079171864799
29125,0.3305561350023075
29126,0.6478356078707891
29128,0.4568201885332357
29130,0.5781878527419103
29131,0.5578453255578943
29132,0.6075704823946652
29133,0.5382001793668406
29134,0.5518262013233279
29135,0.3642903098251282
29136,0.6877198572054407
29137,0.5366395500720119
29139,0.4617927875175654
29140,0.5540967726072009
29141,0.40317099883339097
29142,0.43796162888316453
29143,0.4287908488596169
29144,0.4521456822402203
29145,0.47083672955126527
29146,0.272386447459259
29147,0.37090143860268165
29148,0.62926793677563
29150,0.2670167690050494
29151,0.45782099690798206
29152,0.24074215868968907
29153,0.42794634855772024
29155,0.14267693168631948
29156,0.5988310550332692
29158,0.3028883295878208
29159,0.4461540823017911
29160,0.5165893407546398
29161,0.48353252431107485
29162,0.273395659349603
29163,0.38591601972160183
29165,0.3617226121223211
29166,0.5115095268904376
29167,0.4000724888928329
29168,0.3272244704333558
29169,0.354511623446476
29170,0.4056245093191153
29171,0.3734530539917993
29172,0.34529954786576883
29173,0.40147537507429015
29174,0.3599668715258897
29175,0.17188129162915908
29176,0.4669847118406754
29177,0.5188009897037077
29178,0.5322492933684426
29179,0.46002541444961015
29180,0.37964408320032605
29181,0.5547652905124725
29182,0.5819462129795377
29183,0.4171997211218436
29184,0.5202845509749897
29185,0.42667600112498344
29186,0.41350615515601313
29187,0.41266242384039936
29188,0.4994699455052501
29189,0.5317881122191972
29190,0.47740999030096615
29191,0.289227397498462
29192,0.5128330715541312
29193,0.536348612149875
29195,0.417083709743022
29196,0.6243161755921389
29197,0.35664338740318485
29198,0.3422834516555889
29199,0.30613807074852134
29200,0.0
29201,0.5673845459287445
29202,0.5863931245833354
29204,0.307661142950261
29205,0.20639134999441713
29206,0.4091361047192144
29207,0.3618505872437945
29208,0.616428674681827
29209,0.5660191006558097
29210,0.4035222224707368
29211,0.30255110053361495
29212,0.5877809433290042
29213,0.5509722533077408
29214,0.447656011156079
29215,0.348902632698272
29216,0.36566462992325083
29217,0.22881690688690992
29218,0.45549978834900173
29220,0.4507187956386063
29221,0.3713335121543144
29222,0.4628677250945719
29224,0.49328306046015014
29225,0.38368072708838125
29226,0.445393213835354
29227,0.22207487254127045
29228,0.3950440619461322
29229,0.4623740265758305
29230,0.5375232965254715
29232,0.4171967467328706
29233,0.39008853774963165
29234,0.41340064211429217
29235,0.5620926477973321
29236,0.31530568351375426
29237,0.35997620235375294
29238,0.7505917166411727
29239,0.44079858967030655
29240,0.30812181003985867
29241,0.236545539421776
29243,0.42263230183791095
29244,0.3343082422782879
29245,0.5435965082492511
29246,0.5932297368112182
29247,0.38503490666421897
29248,0.3466180406840424
29249,0.19379604013546534
29250,0.14738497310716125
29251,0.5993517812191154
29252,0.32398403605249376
29253,0.0
29254,0.8005242323361804
29255,0.38609122313538524
29256,0.5141423206215471
29257,0.5523302393284477
29259,0.6029139064867317
29260,0.5950282534145322
29261,0.6337993794643855
29262,0.6402547704807976
29263,0.3773279605466808
29264,0.35919870136388504
29265,0.5999261974527365
29266,0.3716998983601119
29267,0.27093020412319657
29268,0.5326693297525389
29269,0.5741928920775841
29270,0.5579787007315621
29271,0.49690510462830906
29272,0.3481059350019618
29273,0.48891400543466945
29274,0.28567577880756784
29275,0.3825306584391576
29276,0.5769307276447189
29277,0.44089559169371473
29278,0.12238783031283788
29279,0.5460684015070899
29280,0.46021745584498425
29281,0.6943253062515272
29282,0.5235257468571164
29284,0.3470264829800376
29285,0.5471339694325554
29286,0.5450380541012674
29287,0.41416912400265343
29288,0.5928987439142763
29289,0.549557313290176
29290,0.6391343572420966
29291,0.6629117443813356
29292,0.33545893578777114
29293,0.23615937965401654
29294,0.5036360317439165
29295,0.5512172043895495
29296,0.40813233306747404
29297,0.45823765084573437
29298,0.37073242341025053
29299,0.6969179939379067
29300,0.34975856011726275
29301,0.6357292090579216
29302,0.23760492065238634
29350,0.0
29360,0.0
29390,0.0
29400,0.0
29460,0.0
29470,0.0
29490,0.0
29500,0.0
29520,0.0
29530,0.0
29540,0.0
29560,0.0
29600,0.0
29710,0.0
29900,0.0
2A001,0.19458749617162943
2A004,0.01030450257557339
2A006,0.1575394467734119
2A008,0.15791468327811942
2A011,0.02339800010582156
2A014,0.283192710500071
2A017,0.19515115449429107
2A018,0.07461609731605608
2A019,0.29118187240872645
2A021,0.012334143156265437
2A022,0.2791246746965028
2A024,0.006983597182885023
2A026,0.024702621227711993
2A027,0.009315133370792532
2A028,0.00876436012986634
2A031,0.004950844829982696
2A032,0.20361525007362505
2A035,0.041016468532665794
2A038,0.11211052068587808
2A040,0.006256419231314284
2A041,0.009972556772549612
2A048,0.2264748280490463
2A056,0.2690748566064884
2A060,0.28360291376652946
2A061,0.07983660577630275
2A062,0.3009934749582364
2A064,0.29956199632844016
2A065,0.0051960610592318365
2A066,0.05280208341845428
2A070,0.25653426338780666
2A071,0.04666267719172135
2A085,0.1774205760784621
2A089,0.006681937862515221
2A090,0.12835924343932653
2A091,0.3188838735122401
2A092,0.021294027139350816
2A094,0.005281294790036907
2A098,0.10341227497559301
2A099,0.007518589351456694
2A100,0.012497443062102489
2A103,0.18748669224291192
2A104,0.17914220471460093
2A108,0.01718253500388465
2A114,0.00989205820201453
2A115,0.04809048482566094
2A117,0.010254208146314621
2A118,0.06488755108058436
2A119,0.006076723910923128
2A127,0.08136598790188775
2A128,0.10172236744030784
2A129,0.1467331947106458
2A130,0.06164519652695208
2A131,0.06394592657186399
2A132,0.3171103553827183
2A133,0.005143607257819877
2A139,0.042438264062519715
2A141,0.009678665949353528
2A142,0.051059668307272266
2A144,0.312557110342927
2A146,0.04647276661317274
2A154,0.01824376204628425
2A158,0.05273796408750885
2A160,0.01975222389751318
2A163,0.039704178743721216
2A174,0.008548441165424208
2A181,0.23988285182416005
2A186,0.006081242772544781
2A189,0.016707381706950058
2A191,0.07916137535270147
2A196,0.019708581614675997
2A197,0.14521581921171703
2A198,0.006481501794451475
2A200,0.014568405181642478
2A203,0.012886456055431074
2A204,0.0069749757645635665
2A209,0.1396320365103719
2A211,0.020854609933853668
2A212,0.005482569204469428
2A215,0.03136110495692181
2A228,0.11270128212005055
2A232,0.2878296561452563
2A240,0.009816311162084096
2A247,0.007272492865513073
2A249,0.010567927671400275
2A253,0.28288566324081926
2A254,0.012073280024296132
2A258,0.025579353742559235
2A259,0.00811728140108301
2A262,0.2980408266393669
2A266,0.2725555049770711
2A268,0.005353270324764107
2A269,0.007668316028308784
2A270,0.2798773968001409
2A271,0.09575828343674725
2A272,0.009359920845860093
2A276,0.030951297472838552
2A278,0.01621899239009008
2A279,0.011535028202689694
2A282,0.0063416486800154164
2A284,0.09256955530209444
2A285,0.04634547192075703
2A288,0.028032038561471267
2A295,0.28080487171609897
2A300,0.03892579391767265
2A308,0.03372239235921967
2A310,0.08492294571008503
2A312,0.24101117091177363
2A322,0.005348223514502536
2A323,0.25159156461062265
2A324,0.006155650448458475
2A326,0.3128778553027117
2A330,0.27447068520954243
2A331,0.2943257532370084
2A336,0.257755518410317
2A345,0.2667072941911213
2A348,0.006456145864916514
2A349,0.038336747438216766
2A351,0.21152079675733848
2A357,0.06209523729078514
2A358,0.0059133051207818825
2A359,0.007143271828829095
2A360,0.0636856630398503
2A362,0.0073585130683807435
2A363,0.05050402720406925
2B002,0.02637278226903422
2B003,0.1142836665347511
2B005,0.10329391800969513
2B007,0.037642074623327935
2B009,0.009080762986313792
2B010,0.12654106435728363
2B012,0.13483412634881056
2B013,0.09130934169640603
2B015,0.1534135589492803
2B016,0.019272640003681035
2B020,0.08734427225343254
2B023,0.14475069827871803
2B025,0.10495497367943597
2B029,0.2661514929459547
2B030,0.00729439513179752
2B033,0.12578253971140146
2B034,0.02273677482057608
2B036,0.05063460344065149
2B037,0.05740282377406628
2B039,0.008789607265496786
2B042,0.018056637546064517
2B043,0.24127230988125137
2B045,0.07830426448662513
2B046,0.3196004032239603
2B047,0.08823984630590766
2B049,0.00941112822683166
2B050,0.011602376531705393
2B051,0.07618595374792568
2B052,0.04395860803889471
2B053,0.03078849371063452
2B054,0.009470374676624026
2B055,0.04550067499871078
2B057,0.05727241597897484
2B058,0.29690394449034496
2B059,0.08229845081554343
2B063,0.054882792901749446
2B067,0.05048742119732002
2B068,0.09251161900386373
2B069,0.007655922363024814
2B072,0.007704531206361603
2B073,0.08048210810960672
2B074,0.11111432070410648
2B075,0.05382517133106693
2B077,0.007432576297405618
2B078,0.21986585582565335
2B079,0.007488448218920136
2B080,0.06232516903376554
2B081,0.20578884055489152
2B082,0.06925658392547462
2B083,0.17343407288189983
2B084,0.10296159816433498
2B086,0.038984761765230753
2B087,0.007832125673956468
2B088,0.030639348582085498
2B093,0.052757685221584166
2B095,0.1856917011723743
2B096,0.006547823983992253
2B097,0.16428661463856378
2B101,0.008194625944746448
2B102,0.008399206234752371
2B105,0.14615581601323632
2B106,0.15812219891330367
2B107,0.020734044695076784
2B109,0.3177303295903755
2B110,0.18569349309951444
2B111,0.020250656258341854
2B112,0.0974218892672246
2B113,0.007823321657306306
2B116,0.1154518395209399
2B120,0.18247839310199665
2B121,0.040409146507584315
2B122,0.10929208469775759
2B123,0.005839020841188255
2B124,0.010494419774741803
2B125,0.008007813149032284
2B126,0.06159416922530786
2B133,0.0
2B134,0.018035236616214683
2B135,0.01599439115234911
2B136,0.03261206785222836
2B137,0.17279795025817682
2B138,0.12189476281656597
2B140,0.009079925981583203
2B143,0.026243801224549737
2B145,0.00780591753716606
2B147,0.10922064260277016
2B148,0.005528223511563222
2B149,0.0368145735188842
2B150,0.018957822318184388
2B152,0.006487670534997819
2B153,0.039709972443327295
2B155,0.09878641760855805
2B156,0.13622655281899976
2B157,0.11575658738931777
2B159,0.012353854061784887
2B161,0.049111528451981884
2B162,0.05469096633678556
2B164,0.00815386394013389
2B165,0.06104018260266153
2B166,0.007974952296957624
2B167,0.05850129648504851
2B168,0.013111600881755872
2B169,0.013617341601302686
2B170,0.008122323987924686
2B171,0.20041939018500587
2B172,0.12407950051064646
2B173,0.08914999027262961
2B175,0.14783289802628244
2B176,0.007170176118610869
2B177,0.14339777157425326
2B178,0.32210046520877716
2B179,0.029382459523132815
2B180,0.09380493768199781
2B182,0.0837290664686446
2B183,0.32156680996671055
2B184,0.3216792724601119
2B185,0.1775123298009237
2B187,0.3204597111086824
2B188,0.17769397636594955
2B190,0.1101611646597405
2B192,0.02359260262625193
2B193,0.027315859382310296
2B194,0.03471454356484501
2B195,0.008022654863977857
2B199,0.05100128288163077
2B201,0.01919930983713757
2B202,0.005745350735842577
2B205,0.30811729025535445
2B206,0.008248200648617672
2B207,0.006862372976818953
2B208,0.06837647528674602
2B210,0.00769392482156651
2B213,0.0941670153710122
2B214,0.007609779049659412
2B216,0.023610798838205303
2B217,0.008106976128595856
2B218,0.19131336139857266
2B219,0.006776833665181697
2B220,0.0785969944530603
2B221,0.07609581736444714
2B222,0.05104150637707706
2B223,0.014211825026437759
2B224,0.3058291423980394
2B225,0.029461050256827104
2B226,0.15372984498941542
2B227,0.06821790314144467
2B229,0.011652687441562358
2B230,0.1714730127071449
2B231,0.1268338678352308
2B233,0.007939933649016268
2B234,0.06380473600410809
2B235,0.10889687471960798
2B236,0.02820574808775748
2B238,0.21981211316929702
2B239,0.2376926333715893
2B241,0.007975546472111397
2B242,0.007711372566457989
2B243,0.008133302392687588
2B244,0.22258726071703736
2B245,0.00795405968431361
2B246,0.00786892390180088
2B248,0.1885529202656687
2B250,0.023401597470714436
2B251,0.006098271372773874
2B252,0.0076810428436017405
2B255,0.00795938095837754
2B256,0.006169076912075429
2B257,0.19285527363965171
2B260,0.16246484434792538
2B261,0.007229148441737383
2B263,0.15962045550669543
2B264,0.150281422821613
2B265,0.12158716110259828
2B267,0.11803162508288656
2B273,0.007701941431931501
2B274,0.0913979173698272
2B275,0.19135318141693433
2B277,0.013807542869696971
2B280,0.008021510971337091
2B281,0.27481885941175954
2B283,0.007163988057986432
2B286,0.007335608385175004
2B287,0.0728338895305665
2B289,0.26861121153262085
2B290,0.11292744009983548
2B291,0.00647595826598779
2B292,0.13253818452338156
2B293,0.02187142101485842
2B296,0.108803518523575
2B297,0.00788665089367498
2B298,0.24275753744736386
2B299,0.007935315558271512
2B301,0.061215506971894845
2B302,0.00818879734215075
2B303,0.022602751642573166
2B304,0.04411817111203991
2B305,0.2836701017228738
2B306,0.18074842801638732
2B307,0.0076224890575408676
2B309,0.27793638334759635
2B311,0.008839393023532567
2B313,0.005923737223943198
2B314,0.27659504061948104
2B315,0.06259512027775786
2B316,0.050037475166206415
2B317,0.01979356118161113
2B318,0.007790337379289354
2B319,0.007614572454373869
2B320,0.030977598032639168
2B321,0.02285259025508829
2B327,0.01839440725635892
2B328,0.007970828383478479
2B329,0.14975587306984237
2B332,0.029027656356162914
2B333,0.17033813146580368
2B334,0.021917061483206015
2B335,0.016070678332803796
2B337,0.008008460256479468
2B338,0.019162106733612533
2B339,0.14183113275150563
2B340,0.00782256787089124
2B341,0.022274453996085113
2B342,0.0068507764524326775
2B343,0.014154389838240187
2B344,0.008009360509513825
2B346,0.0105130615597027
2B347,0.025579190864071445
2B350,0.06400902943222678
2B352,0.12193561740958729
2B353,0.26894325256494017
2B354,0.08008571515896853
2B355,0.03349376499272106
2B356,0.10072769534564226
2B361,0.05342658943187039
2B364,0.14699110258295953
2B365,0.01981621871531545
2B366,0.03386744798210323
30000,0.0
30001,0.3607499552266779
30002,0.3419221208501833
30003,0.5497831820459358
30004,0.6383303818290353
30005,0.5559309943466778
30006,0.475190191378384
30007,0.3877765780144358
30008,0.4562203957068191
30009,0.5537674741400481
30010,0.425182537465175
30011,0.6801586087943226
30012,0.6477092520834038
30013,0.7461603758946426
30014,0.7361214951060604
30015,0.34900976972754316
30016,0.4608289536783275
30017,0.5168223774766091
30018,0.6653251235444815
30019,0.5790936203418898
30020,0.7290358725157234
30021,0.6974489911596065
30022,0.33402164238813237
30023,0.7905352509706557
30024,0.4519561915380099
30025,0.395930268605663
30026,0.4029300853981081
30027,0.3707682130800191
30028,0.44769122801161815
30029,0.5203582404054141
30030,0.399913569991873
30031,0.48887322839169706
30032,0.6733002093169554
30033,0.6165731918780817
30034,0.7992054349135455
30035,0.2678996585783013
30036,0.712167337327741
30037,0.28422381944554104
30038,0.31836462557086515
30039,0.7048893898878109
30040,0.4633003723190657
30041,0.8673929322795169
30042,0.377500235235946
30043,0.6898746772624985
30044,0.40899279250563914
30045,0.23454084707254994
30046,0.298918321051508
30047,0.7480582298193931
30048,0.42147121721314723
30049,0.8870814881563877
30050,0.26025750085900184
30051,0.25165462670712624
30052,0.2671456695565207
30053,0.30884241069557894
30054,0.23091873813367617
30055,0.3958123267525024
30056,0.317302964650715
30057,0.7107572714405862
30058,0.37392014788943856
30059,0.5430173120217717
30060,0.7924597383574153
30061,0.8101470160995438
30062,0.5674166667677851
30064,0.4546635162208008
30065,0.34772705995627184
30066,0.27405011574366966
30067,0.5181553376006703
30068,0.3745538589863993
30069,0.6486098698561502
30070,0.40299741343413203
30071,0.3346168847328245
30072,0.3358726200459979
30073,0.5342623364238542
30074,0.39196110398199546
30075,0.7279774568465388
30076,0.5558077164213837
30077,0.3475537642196052
30079,0.23442955480869096
30080,0.16796774343252838
30081,0.554515963729628
30082,0.8436159302677136
30083,0.6149893346553778
30084,0.6813762346716
30085,0.859099821679758
30086,0.3334065999461457
30087,0.32653910722324575
30088,0.6822992578547683
30089,0.8297604483681337
30090,0.3495033243270529
30091,0.6317872132113489
30092,0.5813541634405542
30093,0.2965307734710942
30094,0.4710894352745334
30095,0.45355887906125975
30096,0.5969646258893102
30097,0.3242603089106677
30098,0.4403664213267455
30099,0.3102605181007872
30100,0.30330953311665804
30101,0.3573695830943706
30102,0.8454387526028658
30103,0.5549786826428176
30104,0.2897883562379562
30105,0.36963708833189973
30106,0.37437624327942776
30107,0.6139932553516156
30108,0.2674821568322974
30109,0.38969136716373215
30110,0.6499164972355165
30111,0.43339209151705677
30112,0.7947944416760104
30113,0.4044696131062883
30114,0.5439578586894013
30115,0.4219481528786482
30116,0.4732187657218974
30117,0.6356899895485213
30119,0.45967906313832935
30120,0.2493849378027786
30121,0.45457147905007583
30122,0.8298338910477016
30123,0.6337737786051817
30124,0.3819233109926819
30125,0.8802679358966977
30126,0.7462761267527048
30127,0.5822669099729384
30128,0.7043466089911196
30129,0.4274357647896077
30130,0.2808784262744047
30131,0.4280935059163804
30132,0.2599095139712316
30133,0.4282662463302893
30134,0.30476844264934677
30135,0.8353929601844466
30136,0.7034842459851552
30137,0.32428554656899905
30138,0.7104775449376456
30139,0.4587607456770592
30140,0.37775918028725286
30141,0.43719200103838096
30142,0.287752781534693
30143,0.5826741791210424
30144,0.4653308269436494
30145,0.6694353406223561
30146,0.3687017546698041
30147,0.3635578712437632
30148,0.30304550709657524
30149,0.6690380866719005
30150,0.38003064387961355
30151,0.4127678888707245
30152,0.4353666346329201
30153,0.33884767206466787
30154,0.34251417613365504
30155,0.7327304623879983
30156,0.7787313636643985
30158,0.3265682768323987
30159,0.45456305785730716
30160,0.44990800622614247
30161,0.3450747227486522
30162,0.38342395762246806
30163,0.2828842376097332
30164,0.4419948771356175
30165,0.389617340202683
30166,0.6450212889081711
30167,0.4078217142792528
30168,0.36973769744099655
30169,0.7621548556197008
30170,0.3194382757758647
30171,0.41082226550008144
30172,0.2879412086186104
30173,0.34906916164242396
30174,0.36249364796077815
30175,0.40981436353948064
30176,0.3035186792363024
30177,0.4216274537734863
30178,0.6619441239131724
30179,0.6311793609438596
30180,0.7834656983032127
30181,0.3015665275544211
30182,0.8403596408874009
30183,0.29440751895655876
30184,0.6092839946938139
30185,0.635354352515714
30186,0.6732340642071275
30187,0.42209326904198335
30188,0.31732152407730324
30189,0.5739442353287354
30191,0.593027460658545
30192,0.24432074342687937
30193,0.9028343889942554
30194,0.2594224910912393
30195,0.31430728099096233
30196,0.5412250184204646
30197,0.4151407190038137
30198,0.30584297731251964
30199,0.5113359761291935
30200,0.4670983696387967
30201,0.2927934408166053
30202,0.34701488433633215
30203,0.2781024499708232
30204,0.4631082973097054
30205,0.5697761212934637
30206,0.6820057722488063
30207,0.3989629054220656
30208,0.37371305540054217
30209,0.5954468329388433
30210,0.2752246821592782
30211,0.8572472921708642
30212,0.6541530355307804
30213,0.5285491327406934
30214,0.31021213451724033
30215,0.46897725546738855
30216,0.36727918041617474
30217,0.46217519014696545
30218,0.41927505416063643
30219,0.5535128546779585
30220,0.46330500180595374
30221,0.5999650093226271
30222,0.5164246934738875
30223,0.37072234740921756
30224,0.8271332798450274
30225,0.41342049325455
30226,0.41991340372901315
30227,0.5308659446134496
30228,0.8527482710906403
30229,0.3069431985844757
30230,0.4546587913542552
30231,0.3050111889713612
30232,0.5114250393248607
30233,0.7828310042840014
30234,0.3280978994718004
30235,0.6639039193543709
30236,0.5365451160127143
30237,0.3671457005187604
30238,0.5193532209511104
30239,0.26139031455762957
30240,0.3262298559782068
30241,0.7836124028364813
30242,0.6054485703129305
30243,0.43435353661511567
30244,0.6014176954739919
30245,0.8786437526778891
30246,0.4230166918460989
30247,0.46190760964522504
30248,0.7021009016197803
30249,0.8980446952683265
30250,0.408048439709544
30251,0.6062705656565598
30252,0.4003777416179421
30253,0.3842214851627263
30254,0.6721214774942433
30255,0.7366373413539771
30256,0.4711973694653444
30257,0.7556358914646569
30258,0.5130632372226147
30259,0.3765473892926739
30260,0.47052584292509386
30261,0.4144526012567062
30262,0.594026151962533
30263,0.316801337318801
30264,0.4102751305538244
30265,0.38916468702450824
30266,0.3860930308787654
30267,0.3652644191049615
30268,0.4373387494946785
30269,0.35243182074098955
30270,0.3565034512920266
30271,0.44155151091288575
30272,0.38902088850374206
30273,0.5183586392796625
30274,0.2709217713437616
30275,0.3919558314355301
30276,0.5258294779601298
30277,0.5209089305912205
30278,0.5970316479123948
30279,0.3893492734049678
30280,0.4480009458414722
30281,0.8167440659125386
30282,0.372487611159034
30283,0.3783784925652636
30284,0.30170702792637155
30285,0.3719367266807541
30286,0.7532655020739618
30287,0.5327549653024993
30288,0.435270433345881
30289,0.38721968917085947
30290,0.36220309179692883
30291,0.49545649922670715
30292,0.5682659579445248
30293,0.4615160910994418
30294,0.34868746973588416
30295,0.33317005838333597
30296,0.36397056912146875
30297,0.31956298912162817
30298,0.42859982706666466
30299,0.5228109360024663
30300,0.3430034667541319
30301,0.5888563735373148
30302,0.5904088007170224
30303,0.49104154146695406
30304,0.5883357571756217
30305,0.3677630228011413
30306,0.666113553168361
30307,0.2997144591920012
30308,0.8649682363617744
30309,0.37367949325397753
30310,0.3690664315460659
30311,0.2989851486487375
30312,0.68825324456426
30313,0.6453608776761408
30314,0.3854966233127035
30315,0.5509257415884683
30316,0.23708806049003453
30317,0.6901452914940585
30318,0.4120744283547819
30319,0.3687344710876017
30320,0.42603149042713423
30321,0.6328090761678162
30322,0.2804038060318702
30323,0.3558223424523204
30324,0.8027126186160424
30325,0.29124746631887316
30326,0.6047717713179194
30327,0.44703137828978884
30328,0.49748422768325007
30329,0.4187278142801167
30330,0.3747654598859939
30331,0.4637566356041664
30332,0.46284505698303513
30333,0.6705658940982967
30334,0.512440740688805
30335,0.4595837861177112
30336,0.6776349717700118
30337,0.536326927753349
30338,0.36096885394445094
30339,0.45242718612178767
30340,0.4756772759421762
30341,0.28654068058709176
30342,0.5197124846714463
30343,0.37819872913848257
30344,0.5725994005580181
30345,0.16527843495675132
30346,0.6717502414204043
30347,0.6529731735197374
30348,0.3151890587443091
30349,0.4408012625474394
30350,0.3429552028019251
30351,0.6714949666309004
30352,0.673310890576725
30353,0.56604441049458
30354,0.40141923243689853
30355,0.6847369311381096
30356,0.7782749235313671
30500,0.0
30540,0.0
30670,0.0
30800,0.0
30980,0.0
31001,0.13770380121400835
31002,0.5284511743127372
31003,0.9209412993326135
31004,0.47993286086771736
31005,0.5432370213140835
31006,0.31443058203635554
31007,0.22969502891977336
31008,0.10479653050196218
31009,0.7161820700192821
31010,0.6942894115927718
31011,0.670827187442911
31012,0.7424845963116661
31013,0.5579805881609882
31014,0.7351385894074126
31015,0.5643112361286594
31017,0.6202107611639025
31018,0.403219622318496
31019,0.6608404818302503
31020,0.6193015912154268
31021,0.7865491494516594
31022,0.7307116731138174
31023,0.7085146156130767
31024,0.8090448626102785
31025,0.9218490434915539
31026,0.4418597394772535
31027,0.42219858331800664
31028,0.5110035215197478
31029,0.8439947604091635
31030,0.33204419621209497
31031,0.5879237772027883
31032,0.8818936781049912
31033,0.6088989740601537
31034,0.5525577406220972
31035,0.764394856190333
31036,0.9242918380705385
31037,0.3795620327107489
31038,0.4765153887640194
31039,0.3249526952609331
31040,0.6323308864619124
31041,0.707088972222333
31042,0.44763777593535
31043,0.7511371755349535
31044,0.6474286186267082
31045,0.7326996673368269
31046,0.6227969386240364
31047,0.42501682096621485
31048,0.49680989741991893
31049,0.8231755539387429
31050,0.41068427631664184
31051,0.3286143161714716
31052,0.32795528300200383
31053,0.8678828304094464
31054,0.41156932277287844
31055,0.5926375151878208
31056,0.7244871897151386
31057,0.7254429064126305
31058,0.62515531472229
31059,0.355988005209318
31060,0.6250408000076759
31061,0.4583749914648605
31062,0.24588344209188492
31063,0.2764594328830563
31064,0.6991043169314227
31065,0.33785006659295763
31066,0.428668167962931
31067,0.5598517875430427
31068,0.734267570265728
31069,0.6561373838224492
31070,0.6689498568110595
31071,0.14923406172273704
31072,0.11010334018476214
31073,0.5677065787420775
31074,0.8475742606694364
31075,0.32043394814886406
31076,0.5906304689882872
31077,0.7350690275911821
31078,0.6110808614245077
31079,0.4968989511421986
31080,0.1893470499099754
31081,0.7195062881281804
31082,0.8262429395191179
31083,0.5745508423115583
31084,0.2810439254589536
31085,0.48141759200179784
31086,0.6082273352306333
31087,0.2635773850965883
31088,0.731074169230855
31089,0.6887139852054739
31090,0.13111794154294332
31091,0.6673480562470759
31092,0.6105311989621113
31093,0.5674527205185841
31094,0.4521278351474723
31095,0.7677574733482336
31096,0.12854631182281098
31097,0.38604473712993803
31098,0.1802480850203214
31099,0.5221994340901834
31100,0.24596773087591853
31101,0.498282374357331
31102,0.6675459908860731
31103,0.33731106151891294
31104,0.368301992063889
31105,0.7721226172571208
31106,0.6405415358656067
31107,0.15487515856972225
31108,0.7085164813858493
31109,0.6017952802023877
31110,0.30631828954744267
31111,0.32222380944804385
31112,0.5761435674354168
31113,0.7113934474827532
31114,0.6221958685734229
31115,0.24677957461254066
31116,0.686496604622754
31117,0.8166936125786536
31118,0.5402359978753576
31119,0.3141378629363352
31120,0.5329894311118336
31121,0.6897854354022757
31122,0.26202789718601477
31123,0.6422886050671713
31124,0.43580939478413994
31125,0.7316028505904376
31126,0.25389817326632164
31127,0.7163170612811456
31128,0.46350814936499
31129,0.7823902000414439
31130,0.7335707251146771
31131,0.7153626018597921
31132,0.6242256509775324
31133,0.693250441592559
31134,0.6309551100494786
31135,0.11432038900261926
31136,0.6640708723466195
31137,0.6823572960017
31138,0.692015901889364
31139,0.5922686881790392
31140,0.5770779565915296
31141,0.747693615700863
31142,0.6195917722432854
31143,0.5594188930803171
31144,0.5427862601613479
31145,0.4515012348204472
31146,0.7156816656455668
31147,0.7331795882369825
31148,0.9124397271341719
31149,0.6970501197498354
31150,0.8243571166544902
31151,0.7050605537481368
31152,0.1971976561992732
31153,0.2957140248621208
31155,0.684063033834981
31156,0.19132297775209542
31157,0.7026161481130736
31158,0.4462506524905557
31159,0.563608754122319
31160,0.8726400854330058
31161,0.7328824853365045
31162,0.7250491781391423
31163,0.9228512576381166
31164,0.3306785787662468
31165,0.5183600461058915
31166,0.26300972024159525
31167,0.7193502183844588
31168,0.26478312785870295
31169,0.7127676317312007
31170,0.668642825828644
31171,0.9085171207958801
31172,0.6657265948830139
31173,0.39283974037866903
31174,0.5426047660309928
31175,0.7005345778659314
31176,0.6325121036270217
31177,0.5340772836521264
31178,0.26877361354009627
31179,0.2622037573616753
31180,0.5474791121048312
31181,0.24979136274093047
31182,0.7035172748195606
31183,0.40098182595828574
31184,0.7541018764853201
31185,0.6428194348509831
31186,0.7418162610493203
31187,0.622843946043675
31188,0.5064285971460544
31189,0.32002597375563574
31190,0.436962070228703
31191,0.332440900169628
31192,0.8792836547940537
31193,0.09930305966607143
31194,0.6436666961433144
31195,0.3025546113193229
31196,0.30336062219209575
31197,0.49391898370333065
31198,0.3441437294175209
31199,0.6273170538030682
31200,0.7277641922513545
31201,0.17980545952000992
31202,0.42534259298495836
31203,0.7074355264306557
31204,0.2962088004095516
31205,0.6984920467386124
31206,0.3559486245274905
31207,0.6944963626683528
31208,0.6799543129218657
31209,0.46436079423183085
31210,0.34952566075117913
31211,0.8431034637019655
31212,0.7951923651821291
31213,0.739374259126437
31215,0.9196137383414759
31216,0.749907188970885
31217,0.7391712012053339
31218,0.45395123914153196
31219,0.28474950565489715
31220,0.289375665430544
31221,0.7471721545708285
31222,0.6402692816315491
31223,0.2081354553527711
31224,0.5469404494045488
31225,0.3035920534864401
31226,0.32735570443459155
31227,0.9141496083670586
31228,0.8259226627919715
31229,0.11456725150057123
31230,0.6800148324180038
31231,0.4826589184478627
31232,0.4628733331388471
31233,0.8460441622516454
31234,0.36784687790706405
31235,0.627038066398863
31236,0.7209285748998302
31237,0.59484457632417
31238,0.5810935735307683
31239,0.12106939991302601
31240,0.8673688251087869
31241,0.7402061056937335
31242,0.7366399379107164
31243,0.5222319709478581
31244,0.6858532406798415
31245,0.6783914567803674
31246,0.47166165849278885
31247,0.5032665792001784
31248,0.8715172375483825
31249,0.7592706033114069
31250,0.34555964631913705
31251,0.2649392464890553
31252,0.8658433505719406
31253,0.5774514271072517
31254,0.7308274543430294
31255,0.7194667240451103
31256,0.8493092807062901
31258,0.30722842797062644
31259,0.7846484717857605
31260,0.35745422221150885
31261,0.11548519847470057
31262,0.3558955243849515
31263,0.7805581528757015
31264,0.5401770307651056
31265,0.2726441047068482
31266,0.31153053686491566
31267,0.4367152044164528
31268,0.7368403210574822
31269,0.48310342486207714
31270,0.6910312926624179
31271,0.8914538243679946
31272,0.4375062280303413
31273,0.8228556584710903
31274,0.7631086922380894
31275,0.1736802163662304
31276,0.7006146922968224
31277,0.5650263531132103
31278,0.5557345754378963
31279,0.3068906607848582
31280,0.31648494201689326
31281,0.604747510182493
31282,0.7439770800653057
31283,0.2913019611520277
31284,0.9220095842976656
31285,0.8846542223027921
31286,0.11291619208385502
31287,0.1906494738373488
31288,0.557569883525998
31289,0.3629494784149978
31290,0.617077566846534
31291,0.6576604046974595
31292,0.11119935166270878
31293,0.680586823990192
31294,0.8375831482402637
31295,0.7225484806184505
31296,0.40951759792331305
31297,0.6762290670226961
31299,0.45358419836170577
31300,0.6380307699955082
31301,0.6607044991679912
31302,0.7178072500896401
31303,0.18619081549595418
31304,0.223534278602632
31305,0.548847945519515
31306,0.7143587450657408
31308,0.696396874615136
31309,0.3288184219025098
31310,0.5505454125993675
31311,0.6014723767268054
31312,0.30344866665288467
31313,0.7287673120145949
31314,0.291862560817092
31315,0.29428509097684863
31316,0.5459174461002619
31317,0.10619102042625911
31318,0.3323615082716958
31319,0.6063737825090054
31320,0.21580901063042476
31321,0.5229942352576008
31322,0.14749076002928987
31323,0.5731682054823978
31324,0.24743234588618082
31325,0.6811406215678549
31326,0.35679977116282474
31327,0.19669632389530853
31328,0.49667163799485664
31329,0.4974443197809646
31330,0.4934565753579144
31331,0.8633139587628866
31332,0.6356815499768363
31333,0.16138554100201535
31334,0.2306292366768606
31335,0.7013454579267163
31336,0.3268598064054071
31337,0.4646563828186349
31338,0.6504309797841518
31339,0.5464673120879863
31340,0.9412547804877786
31341,0.8490702938468315
31342,0.6579820377568129
31343,0.11688484239034601
31344,0.6810752960330712
31345,0.6372167497312025
31346,0.524627456926244
31347,0.0964606285534586
31348,0.7024527040976166
31349,0.1184579773864075
31350,0.489095369923284
31351,0.8779736316878167
31352,0.8830638970050414
31353,0.31124329525890854
31354,0.56442250708681
31355,0.9197268482194297
31356,0.855033801349649
31357,0.5401702232781157
31358,0.7161607017028856
31359,0.33479639245445786
31360,0.6959024266660515
31361,0.2094252262299691
31362,0.3227192141294003
31363,0.08246915745905088
31364,0.8694774526399627
31365,0.2520990921819457
31366,0.6777177317441135
31367,0.16556492966951722
31368,0.3570128261602143
31369,0.7259501117227293
31370,0.30029869868908804
31371,0.5756054654099918
31372,0.412608896479225
31373,0.13779763414074495
31374,0.3991432992295827
31375,0.2713953327274851
31376,0.5645010416322019
31377,0.36285754032974177
31378,0.7355386208036978
31379,0.1955350859837388
31380,0.3690403197847337
31381,0.6384904128132365
31382,0.2835448010813611
31383,0.7109817747102879
31384,0.6936136429400732
31385,0.7366779488653376
31386,0.4992360344520827
31387,0.32320261300703346
31388,0.7724900941263217
31389,0.7546161121527876
31390,0.5401912606664624
31391,0.35683088612008745
31392,0.8151076173846787
31393,0.6222658237795371
31394,0.7750144590124859
31395,0.4256531688022995
31396,0.37335169759989634
31397,0.12255453659996733
31398,0.7416121577972953
31399,0.19922156634182894
31400,0.5536552223404557
31401,0.846528721179332
31402,0.9208733533358636
31403,0.7897292856671793
31404,0.7316801469130131
31405,0.7224219219639253
31406,0.09970015486893884
31407,0.7859304641198462
31408,0.7624055449345949
31409,0.7292647792806157
31410,0.6859579027969321
31411,0.7483965510816826
31412,0.1302754870086308
31413,0.33409900253681296
31414,0.2731235178149593
31415,0.6378022120832151
31416,0.1496428147718886
31417,0.7194024915704555
31418,0.7650666291173017
31419,0.2691005269163081
31420,0.7910623158107737
31421,0.8934334773775209
31422,0.3583779187314539
31423,0.32112012863847694
31424,0.6770811985463373
31425,0.3471144174300053
31426,0.5911752879099672
31427,0.5628849712246532
31428,0.2759497228175582
31429,0.7268641454699555
31430,0.6358760509619267
31431,0.4637463032266642
31432,0.7520337044123803
31433,0.8046150516738981
31434,0.7260023056030928
31435,0.3846962236532974
31436,0.31442415172333876
31437,0.8373920106000526
31439,0.895422567612251
31440,0.42154210070633874
31441,0.7900688469631443
31442,0.5673971152193776
31443,0.09676959175557165
31444,0.32102770378709977
31445,0.7264028420054998
31446,0.7748708007415273
31447,0.7228210938520742
31448,0.9329267791540413
31449,0.7819618590855137
31450,0.35100883630484825
31451,0.46537380773871173
31452,0.828462608092578
31453,0.6440765234433673
31454,0.32335842409310983
31455,0.1116162478958986
31456,0.2806711941497056
31457,0.2423277625666127
31458,0.7356581415103071
31459,0.5337991022857805
31460,0.7579886743231151
31461,0.5648903947884061
31462,0.8584717384631922
31463,0.6195628382770803
31464,0.24093206175732265
31465,0.7159025738286641
31466,0.49236978840443424
31467,0.6986845567510903
31468,0.5795215921037263
31469,0.31146182689312224
31470,0.6678654235162732
31471,0.45929689415234615
31472,0.6588948567491261
31473,0.6638501622938345
31474,0.30413433156002967
31475,0.5778586335822407
31476,0.1095589051810587
31477,0.6345584782093066
31478,0.5697774502984327
31479,0.10330873830406855
31480,0.9030435638182692
31481,0.4240451242918564
31482,0.18035230614380335
31483,0.42379944810975106
31484,0.7422447341977124
31485,0.6873226920322354
31486,0.2685704059975678
31487,0.7444683404126572
31488,0.7277955635575942
31489,0.816792851593987
31490,0.607711579303557
31491,0.4550893472449826
31492,0.1095169675175665
31493,0.7468753843066719
31494,0.15750174939308162
31495,0.4972540332763728
31496,0.533449549846201
31497,0.8853391808176386
31498,0.5130067846989137
31499,0.6441544534018577
31500,0.6801280973235914
31501,0.8701910963450312
31502,0.7050355935428515
31503,0.28795772043849516
31504,0.5171599981472242
31505,0.278357523339572
31506,0.7235838487024037
31507,0.8153470812308767
31508,0.6835735895250988
31509,0.693135317297891
31510,0.6701885638052323
31511,0.909539413464321
31512,0.9356078865377339
31513,0.7414572502711486
31514,0.41968777485386694
31515,0.5898494079644059
31516,0.6338485554141632
31517,0.36215872101430535
31518,0.3222607883285276
31519,0.6195516654847325
31520,0.2992013658694078
31521,0.6126511380620013
31522,0.21231535798904008
31523,0.41843884982555096
31524,0.6833751463983604
31525,0.11793631792876424
31526,0.7382895405661306
31527,0.32295305610639224
31528,0.7192731313057698
31529,0.371097527973705
31530,0.12119605711377597
31531,0.7270092642669205
31532,0.7262423172702972
31533,0.7405563321130076
31534,0.8154198011078342
31535,0.6427293593739682
31536,0.5482766378986592
31537,0.6370826270137608
31538,0.30233338756397093
31539,0.7712502954162996
31540,0.6641792619799641
31541,0.6987692211800227
31542,0.5610481874239217
31543,0.24094450667175335
31544,0.5767576606938761
31545,0.48094408568006014
31546,0.3307677317655445
31547,0.6381193850527418
31548,0.5847558431796968
31549,0.6741900868582574
31550,0.7157834029980146
31551,0.8104000444876261
31552,0.11289852783996877
31553,0.4861768032267495
31554,0.5068815186734138
31555,0.5606523198602086
31556,0.5129346976096794
31557,0.6615724132022269
31558,0.6360123477587813
31559,0.7386924394138368
31560,0.6587778502068539
31561,0.7380440705132156
31562,0.3109784755977271
31563,0.707440935278233
31564,0.7279273392964926
31565,0.7322871111418561
31566,0.5154393148718464
31567,0.9199331489082015
31568,0.7941982467088685
31569,0.6803841194955488
31570,0.4625402349279304
31571,0.296886789415467
31572,0.8517597483685654
31573,0.8418110774307604
31574,0.8331987021937911
31575,0.8066050964349233
31576,0.40324381065666376
31577,0.22417623106493112
31578,0.9300077573037475
31579,0.8586453958774524
31580,0.8976367592971775
31581,0.6956131881199658
31582,0.3071569793450526
31583,0.6250562197593796
31584,0.5926228413753103
31585,0.4124899314141193
31586,0.33197633650232256
31587,0.613769398593154
31588,0.7424878974949864
31589,0.45964294771453523
31590,0.5949994522277707
31591,0.39144508513406867
31592,0.725873383052733
31593,0.24479928464594994
31709,0.0
31800,0.0
31830,0.0
31840,0.0
32001,0.09199912706740747
32002,0.2188445166183247
32003,0.2682322257093116
32004,0.6135015477287332
32005,0.380309189318133
32007,0.1624972265685121
32008,0.16017556621183782
32009,0.0844139966178834
32010,0.27270369923319376
32012,0.1285784079527536
32013,0.2900638711908099
32014,0.32058646956656317
32015,0.24096644308596463
32016,0.1914015305296289
32017,0.4933142076266948
32018,0.10390830147032126
32019,0.4453904401917839
32020,0.1678967100297296
32021,0.13227960617104423
32022,0.08259345815361661
32023,0.12757914572476517
32024,0.2019030173327604
32025,0.10140721545415948
32026,0.16282439695601722
32027,0.4128003029473933
32028,0.21422662525095448
32029,0.2154749737048747
32030,0.11883188579939197
32031,0.057725165053371684
32032,0.0461463979528636
32033,0.05649318095072142
32034,0.13710042270445646
32035,0.1449311953844815
32036,0.07966656191144404
32037,0.291507332295157
32038,0.08257440705792853
32039,0.2736081542852157
32040,0.30272667409158516
32041,0.15268839429189351
32042,0.14756595434225056
32043,0.054186085785693255
32044,0.30439464389750964
32045,0.09482413624586504
32046,0.5535729715035465
32047,0.6026224401563431
32048,0.13020562926130916
32049,0.16447019370704546
32050,0.21761297708186325
32051,0.13854833245834344
32052,0.14340605484544816
32053,0.1487730861397846
32054,0.15942641548251726
32055,0.1209230855700804
32056,0.1901736159458831
32057,0.2131675303382313
32058,0.24470076930854634
32059,0.15632249968364884
32060,0.45871016753967475
32061,0.3270640455335519
32062,0.09212841473805516
32063,0.11715663018871995
32064,0.09555486030257532
32065,0.25117288861898024
32066,0.10191384259813296
32067,0.22222953964432324
32068,0.10898538325014813
32069,0.1141997627456175
32070,0.17204377601250243
32071,0.026966485840535737
32072,0.04555761353210685
32073,0.0963780668536074
32075,0.27025238394859524
32076,0.19408274290853736
32077,0.043311530641382205
32078,0.12270543259956268
32079,0.055958983290933816
32080,0.24176558840912063
32081,0.0812046077790227
32082,0.12727092792481853
32083,0.16111392418535078
32084,0.6018023618820482
32085,0.09821531210342409
32086,0.18140784955593567
32087,0.525745460395604
32088,0.033501926162139053
32089,0.3486617235032514
32090,0.09242034473345694
32091,0.310627269105936
32092,0.1866661208944521
32093,0.5741951992985469
32094,0.348616966859721
32095,0.22473617496890907
32096,0.06416304529376744
32097,0.06414687831283651
32098,0.15152092484902335
32099,0.2618493900494236
32100,0.3828200260744837
32101,0.278452082605707
32102,0.30204969537309073
32103,0.35314622704530646
32104,0.23791445837023958
32105,0.10115593001925693
32106,0.16490728148557784
32107,0.289516129356888
32108,0.536011346946271
32109,0.08987110608223098
32110,0.16306634225988664
32111,0.0795695698708531
32112,0.41122194822477454
32113,0.14460148402025416
32114,0.23438001395069186
32115,0.037285368722827054
32116,0.2612071079655348
32117,0.3349565337703313
32118,0.3291333818240179
32119,0.08286728821684478
32120,0.15799331697931698
32121,0.10493261782207873
32122,0.1909451145914536
32123,0.047816976052077846
32124,0.1119517702438682
32125,0.06821539459604613
32126,0.17981195129291894
32127,0.09254930546168598
32128,0.09181560780127294
32129,0.09141841220326628
32130,0.366823101352499
32131,0.3225111709545401
32132,0.13290209479963658
32133,0.30187427111619713
32134,0.0736593773012509
32135,0.17179847345727706
32136,0.20635878066058086
32138,0.1036046824462065
32139,0.10166037627175206
32140,0.14459488399946216
32141,0.11423939698080722
32142,0.33535584143487623
32143,0.2776120955643114
32144,0.052254620895679504
32145,0.5941400413224642
32146,0.5122604498786342
32147,0.04323636720533285
32148,0.06592491226316459
32149,0.15753210293015948
32150,0.375824593086768
32151,0.20981002078041996
32152,0.2478435166273156
32153,0.41356143988071065
32154,0.08148639118183054
32155,0.4505298568090225
32156,0.2233325484826001
32157,0.18964806338210907
32158,0.1178290890421287
32159,0.1887662801115667
32160,0.24123241063878273
32161,0.17530594577337857
32162,0.15737361817459614
32163,0.14971360451900043
32164,0.10695142864478065
32165,0.1801755814912116
32166,0.1927176316609203
32167,0.12671675324831572
32169,0.2709475424702613
32170,0.48141179053559974
32171,0.15315296563358313
32172,0.31731404410617553
32173,0.10228603244887428
32174,0.1471637016742877
32175,0.1414817706258995
32176,0.14542750480584113
32177,0.2191805941737245
32178,0.24973881638910922
32180,0.12818233984598795
32181,0.18293769107426724
32182,0.06113313772471243
32183,0.3329604604574521
32184,0.2752261637683951
32185,0.17543516936208156
32186,0.33502068679530056
32187,0.26665527042912
32188,0.2514963655380348
32189,0.5174317567615845
32190,0.06786944234509956
32191,0.5001166477387046
32192,0.4212416076560903
32193,0.10254322247422563
32194,0.31880957642216334
32195,0.27032339017515344
32196,0.20602619257119206
32197,0.25929254857856116
32198,0.3477583572950455
32199,0.12962750493864347
32200,0.31803235091749277
32201,0.36509663591499986
32202,0.4037787631488008
32203,0.1958782736223211
32204,0.2976915043402884
32205,0.09185764242037155
32206,0.16750712559444902
32207,0.3570339355734415
32208,0.13550893547211615
32209,0.5216137051561164
32210,0.29791878814165657
32211,0.12970757898110086
32212,0.7336497901890334
32213,0.1560612057910982
32214,0.10082446080057672
32215,0.4270757499958238
32216,0.2615224243378879
32217,0.0748634413843176
32218,0.12098841858093239
32219,0.05395845335772898
32220,0.5482935851819212
32221,0.21496376765873607
32222,0.4505342361957476
32223,0.14135423965854219
32224,0.19925225325510618
32225,0.22733520643132676
32226,0.3341611892656821
32227,0.05676789479191704
32228,0.2207708388212896
32229,0.2997058722238832
32230,0.24172584881254122
32231,0.07151817797802607
32232,0.3002613358041638
32233,0.14472029793522265
32234,0.11571911822001928
32235,0.06894262049224159
32236,0.1332294461411963
32237,0.21479010316204802
32238,0.13329090766836957
32239,0.1422368209868197
32240,0.07980542698868315
32241,0.18867622355106686
32242,0.2011916862178091
32243,0.1065026217865333
32244,0.5488415415305901
32245,0.46338154772667667
32246,0.46458282412697915
32247,0.06018274470651672
32248,0.100669977055354
32249,0.04367665265708407
32250,0.14519865387026118
32251,0.3739578462391953
32252,0.17254268616906773
32253,0.14728008144086754
32254,0.2785750045195786
32255,0.34821547101504874
32256,0.1630638789275266
32257,0.28456399541189525
32258,0.3913339105649874
32260,0.15036862409615867
32261,0.14495772014730848
32262,0.21210274205345955
32263,0.13875345907658426
32264,0.14939017144981306
32265,0.101778089277916
32266,0.1272981265806
32267,0.43515903473754364
32268,0.06727736519126934
32269,0.06360467058541447
32270,0.10270869969594228
32271,0.5145444781461361
32272,0.2699127354885767
32273,0.12000606483788374
32274,0.48268288977287205
32275,0.31973235545652295
32276,0.12206351536450298
32277,0.09644111127886061
32278,0.17623438538214345
32279,0.2572479690850108
32280,0.29241603506066866
32281,0.21573417148198704
32282,0.32357661366953133
32283,0.3699869477907505
32284,0.15154523237822065
32285,0.08596501745697921
32286,0.5434393116631632
32287,0.10768319033452846
32288,0.1008556102829708
32289,0.14824069632133777
32290,0.1678802551122288
32291,0.5404339714697116
32292,0.2451452497570662
32293,0.23405983024293184
32294,0.20440298577457827
32295,0.15529979145235992
32296,0.49727760579715463
32297,0.10591788617609309
32298,0.2171508156892378
32299,0.06068399075516818
32300,0.4010575656480639
32301,0.16790570497221877
32302,0.42372002655216584
32303,0.08438516334191436
32304,0.20033202089166358
32305,0.40514160407514366
32306,0.09371028216611782
32307,0.304768494944566
32308,0.23364154084783115
32309,0.09848176605841641
32310,0.5101264285105717
32311,0.6320660111707456
32312,0.2669689344953175
32313,0.06369117630975969
32314,0.374566204890216
32315,0.0444384636883693
32316,0.3674589049027513
32317,0.03994657312432635
32318,0.3761300620459031
32319,0.13729201475718206
32320,0.1155071556769743
32321,0.07234905461649671
32322,0.15810645966432788
32323,0.11677394313943067
32324,0.2602080473767077
32325,0.15500395034545042
32326,0.05164140881847626
32327,0.256743524961274
32328,0.7749391965572765
32329,0.3174308500464176
32330,0.2284340150278205
32331,0.3194388952674389
32332,0.03576251595460666
32333,0.43920816249440414
32334,0.5292307043213446
32335,0.32185813676220426
32336,0.13267474405941077
32337,0.3326985436038134
32338,0.050053080650276784
32339,0.06676987776216776
32340,0.09459489293215573
32341,0.270174964869829
32342,0.12557001531575726
32343,0.13819226530382592
32344,0.40614531869711595
32345,0.15141239574391357
32346,0.027861654699439173
32347,0.32599761158570434
32348,0.2591500550786951
32349,0.19953374810408617
32350,0.26640314868140474
32351,0.22666235288055891
32352,0.10627940763918597
32353,0.10530859926669517
32354,0.12617484224321895
32355,0.16283614056855195
32356,0.10901050866218982
32357,0.13699196822216766
32358,0.27495696794380214
32359,0.18612513081148682
32360,0.09792360013764438
32361,0.162258404027119
32362,0.14429132910555398
32363,0.22487415820729115
32364,0.0993912463526988
32365,0.1768624836166108
32366,0.3916187169072591
32367,0.08215882203666579
32368,0.33789965014546935
32369,0.10407522892195249
32370,0.08042296192286762
32371,0.19581026693591527
32372,0.16569203294111953
32373,0.12909246647130032
32374,0.09541080564241465
32375,0.16958492601902034
32376,0.28634512488584235
32377,0.07050694389288552
32378,0.4913078603258774
32379,0.16990208062223267
32380,0.4947763287857898
32381,0.27912127964213385
32382,0.14216202732638092
32383,0.13164759567180334
32384,0.24146134659265917
32385,0.12051952963165731
32386,0.11521543401302115
32387,0.19229373882350861
32388,0.0736715933087138
32389,0.12299670069970516
32390,0.44126952566772476
32391,0.5293528487651359
32392,0.10268420919398712
32393,0.09693182054120703
32394,0.15016985631810478
32395,0.35381359355638553
32396,0.7321775907439602
32397,0.09954940473953545
32398,0.49367924821109005
32399,0.07101573056682979
32400,0.2568843653935762
32401,0.22964256765754534
32402,0.09427291101969988
32403,0.09368482056762946
32404,0.19775360313174517
32405,0.30312276791403114
32406,0.1484344330486543
32407,0.09011520985240051
32408,0.14500490033291327
32409,0.2243049882285535
32410,0.13464651054138224
32411,0.44469643785517854
32412,0.22804647069012648
32413,0.1477292375994438
32414,0.47890257669188424
32415,0.3264417910940536
32416,0.07258639751800341
32417,0.163478273223143
32418,0.09207105799837863
32419,0.16683611513856414
32420,0.16068376890378366
32421,0.1519120566017421
32422,0.09674406710777882
32423,0.074722468361505
32424,0.35643671461821463
32425,0.4509707950361583
32426,0.334330301185427
32427,0.2639106617171759
32428,0.26355988743684267
32429,0.4948132679075495
32430,0.21702731158492392
32431,0.176108394680111
32432,0.16476071936832623
32433,0.1000031497136716
32434,0.12822543691346439
32435,0.14706055076612193
32436,0.06156618609198023
32437,0.11790226823143608
32438,0.24137341954047895
32439,0.5660471766341972
32440,0.1288994993487859
32441,0.35911426918615835
32442,0.160881524302516
32443,0.1420261168794484
32444,0.17469704754182633
32445,0.2032231409400326
32446,0.1555714519518901
32447,0.24633195009714406
32448,0.062478582301807147
32449,0.43984118405750117
32450,0.10053974830873742
32451,0.08827705371783195
32452,0.10397975109979331
32453,0.4804238771384422
32454,0.4416689349424885
32455,0.18878264827034874
32456,0.04854196113897793
32457,0.1353639454939119
32458,0.41477527997902924
32459,0.1485206872651372
32460,0.5761482261845939
32461,0.41249176086119865
32462,0.040624232538264145
32463,0.4115490169641627
32464,0.2481561569393825
32465,0.10124061574220321
32466,0.23020787025183057
32467,0.32883928843348903
32468,0.17701336958859326
33001,0.5474004045828459
33002,0.30903288437646775
33003,0.7696651842455405
33004,0.8918698558514672
33005,0.6380414601534489
33006,0.5765140020329501
33007,0.5466680962934415
33008,0.5933817160969671
33009,0.8536993454038296
33010,0.4525383667201051
33011,0.5991165288229519
33012,0.8366946468449199
33013,0.8312827642905907
33014,0.5088687475988024
33015,0.552637550318143
33016,0.7472936555974261
33017,0.44965763534587894
33018,0.41498066625656754
33019,0.5878029497215448
33020,0.3163055112474291
33021,0.3912430011644615
33022,0.5237507001920264
33023,0.7512345482564777
33024,0.466270631106918
33025,0.33188060632445965
33026,0.5411742855814451
33027,0.5478336330769223
33028,0.90080283455206
33029,0.4397690742790316
33030,0.29760078364755777
33031,0.5829219639233467
33032,0.8108228097476805
33033,0.9274049232146186
33034,0.7066211066820589
33035,0.7143675553390039
33036,0.2693236167003417
33037,0.7407149522606625
33038,0.5084667811801517
33039,0.879434450939233
33040,0.5500722658180778
33042,0.5885054910354347
33043,0.4050076562922029
33044,0.44658815520215045
33045,0.5428427426841601
33046,0.2367672365798852
33047,0.5308705232606418
33048,0.5915891433512952
33049,0.898568275898311
33050,0.397543547606751
33051,0.6489307851181674
33052,0.5999158595626889
33053,0.5292377843230639
33054,0.35457586570292626
33055,0.6743040087136984
33056,0.9090436813436412
33057,0.2842268383358728
33058,0.5324592730439005
33059,0.5284058259778545
33060,0.593353037402729
33061,0.9473834461451164
33062,0.5569391744782966
33063,0.7980879294129063
33064,0.36249649323047245
33065,0.8581157834400596
33066,0.28059278104002106
33067,0.7942378923039363
33068,0.04273859694648704
33069,0.9418911002138474
33070,0.4080001910970103
33071,0.502252318101878
33072,0.4069924473167237
33073,0.26576584761061656
33074,0.4192971019969569
33075,0.9317982420297666
33076,0.5235365332540763
33077,0.37247348231244626
33078,0.46138886982940974
33079,0.6808620031618152
33080,0.8031099965659072
33081,0.4876221351877043
33082,0.8039537201148579
33083,0.931817117121667
33084,0.7849845815398742
33085,0.8084194675592414
33086,0.7857905005475964
33087,0.4172853569646538
33088,0.6233560398351848
33089,0.4214054734368844
33090,0.9302352389407215
33093,0.7427701272158617
33094,0.23949954239856733
33095,0.0618986520856327
33096,0.8086534708289287
33097,0.44798327137970406
33098,0.5093355233518951
33099,0.8284052279357006
33100,0.6369413147327534
33101,0.5485675371547312
33102,0.5348765565615506
33103,0.2376709074498712
33104,0.3142477947248772
33105,0.5188769816560534
33106,0.2871269644240024
33108,0.48864649464745674
33109,0.7207846611380511
33111,0.5247140949960452
33112,0.15722013643366417
33113,0.4850507539121868
33114,0.43053821172531465
33115,0.16682159122416726
33116,0.4458039110529992
33117,0.17648394061564052
33118,0.9518987805760503
33119,0.85842677927486
33120,0.2770904936971715
33121,0.3952485747152667
33122,0.8520827290824148
33123,0.43838106124703174
33124,0.6475924929104514
33125,0.4676763427608381
33126,0.3705165062890259
33127,0.4849246699528372
33128,0.6137866735937614
33129,0.16648034428176753
33130,0.4554493960251143
33131,0.6656928501311925
33132,0.65276021778877
33133,0.3002464497345907
33134,0.6406084255976955
33135,0.43686367602536585
33136,0.2750393724748681
33137,0.5309960268039441
33138,0.5714189039506435
33139,0.2537113705172345
33140,0.9448317191518956
33141,0.9231511708016642
33142,0.46198567370729965
33143,0.7425104097510459
33144,0.40572662191874403
33145,0.9175855652674865
33146,0.31978309527898163
33147,0.48980463205764707
33148,0.4869696634961545
33149,0.24204192161071722
33150,0.2211858324336929
33151,0.38848877628297346
33152,0.562636937022884
33153,0.29215435565162023
33154,0.6693107597413658
33155,0.30527378209354006
33156,0.5422563664460581
33157,0.4949172532992406
33158,0.5027834139690931
33159,0.29951019779360105
33160,0.20363216492901606
33161,0.6112167324961743
33162,0.9276533936680731
33163,0.4155763746573092
33164,0.4861669647139753
33165,0.9568629477499989
33166,0.5855442473234532
33167,0.8723490655416043
33168,0.35671090420755497
33169,0.3975058237179622
33170,0.32481477178244395
33171,0.2880049721675647
33172,0.6109305089952057
33173,0.6247984045668805
33174,0.6277735176929394
33175,0.3154469947682932
33176,0.5492672535630303
33177,0.5092039376789351
33178,0.5504072889109538
33179,0.5127992696081803
33180,0.519108550626085
33181,0.5731311865138176
33182,0.6600422854423549
33183,0.4357735291428715
33184,0.3641725696458402
33185,0.4503264446314925
33186,0.22262366895552707
33187,0.41594371905097893
33188,0.2970202935171827
33189,0.6342553409849988
33190,0.37422275402567656
33191,0.7609385409669565
33192,0.8214204023108875
33193,0.5387056345771564
33194,0.4350557676195115
33195,0.37621802277573685
33196,0.45758005716125777
33197,0.40635207376221133
33198,0.703068572918926
33199,0.6687923136537308
33200,0.935327980209857
33201,0.9052658068683185
33202,0.2722816412025253
33203,0.5835953835779649
33204,0.31859389425861506
33205,0.2857138008306414
33206,0.7775630406571016
33207,0.8432735812113451
33208,0.5940208077230559
33209,0.4130416913342721
33210,0.2968696246900325
33211,0.8963577360007582
33212,0.6515618192006877
33213,0.7320561963162767
33214,0.4575439500697475
33215,0.43855475554603895
33216,0.584314555947766
33218,0.6789827439748827
33219,0.5766734176183163
33220,0.420574852204256
33221,0.18018639420478377
33222,0.6202712910071749
33223,0.20738764736512702
33224,0.14436077388361285
33225,0.21451872871875274
33226,0.8780756682485379
33227,0.6064180233258053
33228,0.6199814919397241
33229,0.5054444586766457
33230,0.49315363158593256
33231,0.5082009624338045
33232,0.37977380878573896
33233,0.428491620461815
33234,0.8415530061404005
33235,0.4631445911411704
33236,0.6667078856528684
33237,0.4047416072229493
33238,0.7832345484345429
33239,0.22038138580875166
33240,0.6530021600825925
33241,0.8456565311123083
33242,0.19599948967966538
33243,0.4863074093680271
33244,0.4043711251445042
33245,0.9541314289258654
33246,0.41406762791891377
33247,0.3539274863747837
33248,0.20985582307123937
33249,0.8425086760128592
33250,0.22239848157422856
33251,0.2733294407581995
33252,0.9420151135693754
33253,0.49976118732150576
33254,0.30061700081881304
33255,0.41859897729255335
33256,0.9388310554362304
33257,0.47024644683660255
33258,0.36607990724567147
33259,0.8091330371729443
33260,0.7694342599543775
33261,0.5426133922375017
33262,0.9055854029359548
33263,0.9422022795046013
33264,0.6872978549969982
33266,0.5296506311308226
33268,0.5986665231134028
33269,0.40122947402338055
33270,0.41661985753360603
33271,0.4860625629566908
33272,0.5159459832401212
33273,0.9305144350359766
33274,0.7800217138718578
33275,0.5982790452093495
33276,0.5468019843763917
33277,0.239812055140038
33278,0.25459283270294325
33279,0.5033967658906682
33280,0.5690814641428391
33281,0.9071554639459894
33282,0.3552276912323748
33283,0.20383682498099817
33284,0.559614724589988
33285,0.5663656737573266
33287,0.18971516256595558
33288,0.6713805892502801
33289,0.27782348191756845
33290,0.5715289206996269
33291,0.2988195405611976
33292,0.559982852329931
33293,0.929890837677113
33294,0.45270388996072963
33295,0.7449878051794122
33296,0.44232758759332264
33297,0.25444775018617594
33298,0.44458824642408823
33299,0.6733386677390003
33300,0.6277095128870068
33301,0.43136337415681464
33302,0.6235968017729124
33303,0.665449639626288
33304,0.2624376321687181
33305,0.4629660968163191
33306,0.341079762303419
33307,0.3370519170117721
33308,0.5068224766686829
33309,0.6477029260442152
33310,0.28614875998039047
33311,0.6511560066866026
33312,0.9473472655214742
33314,0.6461676964883809
33315,0.6295817613056406
33316,0.20820480834024357
33317,0.7054850116598631
33318,0.8457492054851959
33319,0.2331737650564686
33320,0.5735505324894469
33321,0.415440306246851
33322,0.8990569027092713
33323,0.5651055345717836
33324,0.3674835344917229
33325,0.5674390833867039
33326,0.35012730600865377
33327,0.2997902163093265
33328,0.6251229507494892
33329,0.42723098476455473
33330,0.7954214719594233
33331,0.36824827681140987
33332,0.6016846779968127
33333,0.5044329270981097
33334,0.6659426707413105
33335,0.9332743099609294
33336,0.39225702201672136
33337,0.3344384661285638
33339,0.6049130796370041
33341,0.3703663936194653
33342,0.61068077593629
33343,0.30102250832363425
33344,0.3293744640577628
33345,0.252684053816011
33346,0.3517903490319296
33347,0.6407207181632913
33348,0.6432921012673266
33349,0.8034803701140865
33350,0.3813604036993299
33351,0.38550011179962446
33352,0.3152114070080616
33353,0.15124562009388895
33354,0.19753717221903963
33355,0.46763326927338816
33356,0.6658583286213616
33357,0.442804188942916
33358,0.4329965769550544
33359,0.2990805234648923
33360,0.4021529510828441
33361,0.2118724192328527
33362,0.6924758554208085
33363,0.9361673959547568
33364,0.5951828356591221
33365,0.6395609147286496
33366,0.5427527575269638
33367,0.6865771505634308
33369,0.31621357934719335
33370,0.6021907964419051
33372,0.32149971786191683
33373,0.5501805025952332
33374,0.3196289893603832
33375,0.457646184647329
33376,0.8838464192069848
33377,0.24450986914436412
33378,0.33734587846523123
33379,0.42521261562665646
33380,0.24307804131655786
33381,0.9378330378475214
33382,0.3306682359825523
33383,0.6008777358367605
33384,0.6160315592296733
33385,0.6202094573230376
33386,0.6824199399673035
33387,0.6948556715011867
33388,0.5773547695906752
33389,0.21976581774204784
33390,0.6259219478044211
33391,0.5781340755367469
33392,0.5356780973744143
33393,0.4584314221787249
33394,0.5189096516421533
33395,0.5867409745914726
33396,0.6243573565124346
33397,0.7988045690514706
33398,0.45361792072374213
33399,0.4186971415017213
33400,0.15058268490990515
33401,0.4560994017642644
33402,0.5759182961950621
33403,0.5491964384507327
33404,0.31366989445919785
33405,0.5904080945012965
33406,0.6865782101754938
33407,0.7340906561456926
33408,0.9288218746770068
33409,0.5912094924489242
33411,0.725586304038738
33412,0.5998987141882702
33413,0.8807401585554531
33414,0.7726697308641475
33415,0.5628731519825748
33416,0.38416627456880637
33417,0.17828629942534277
33418,0.23134142507303967
33419,0.3618657150996319
33420,0.6208928139341474
33421,0.5003684600925778
33422,0.8003257782524925
33423,0.48474104998966433
33424,0.34503481576959755
33425,0.4657890126087045
33426,0.6072232170911146
33427,0.5085256271203046
33428,0.4826129240901466
33429,0.6082842759951338
33431,0.5127887306004797
33432,0.45254577006300417
33433,0.7490672196024611
33434,0.9660444414093239
33435,0.6037626678371572
33436,0.49500226575388534
33437,0.46173949260552094
33438,0.5311443817108201
33439,0.45129358983880613
33440,0.673811250316192
33441,0.5944402723938865
33442,0.6686486119487672
33443,0.13850192707288908
33444,0.5942275908081606
33445,0.6421957473508814
33446,0.11690694530806911
33447,0.5418448791731891
33448,0.7708721161909343
33449,0.7981923685114077
33450,0.3934537136214604
33451,0.6061958238011904
33452,0.3113109076379377
33453,0.289310641767016
33454,0.5423824202035171
33456,0.34912399211606543
33457,0.4462213928055825
33458,0.536298516469218
33459,0.5027306365830767
33460,0.38144558668050577
33461,0.6177304628878408
33462,0.4127151279214126
33463,0.6676117022726377
33464,0.6494986938807056
33465,0.5024611540920767
33466,0.6916914373168602
33467,0.21074285447214688
33468,0.23824082507859015
33470,0.7336779005566442
33471,0.5603472022323762
33472,0.6063356739908291
33473,0.297073936514424
33474,0.6089089257330169
33475,0.6849410458975823
33476,0.6299076520516694
33477,0.5877734502937741
33478,0.6412981206050441
33479,0.45630944933576095
33480,0.46780355876009355
33481,0.31902003410820606
33482,0.36204259312825915
33483,0.9106807604020416
33484,0.11724091226841925
33485,0.4082269577485837
33486,0.6029831352663909
33487,0.7415274030917559
33488,0.5074755075649223
33489,0.40099372211001444
33490,0.6128559012562603
33491,0.2769849723867404
33492,0.4615564674526124
33493,0.6129199277960738
33494,0.7610297349243041
33496,0.9178433751190362
33498,0.4074188202366001
33499,0.5835707521820966
33500,0.6026821462524662
33501,0.8619218318651797
33502,0.5897783909897797
33503,0.41658430998198864
33504,0.444335587646391
33505,0.7853046560917933
33506,0.12430401302491141
33507,0.504898371966482
33508,0.3483680120718087
33509,0.6057331518050973
33510,0.7239945220049305
33511,0.5635449971638367
33512,0.3397384426513337
33513,0.4737672562632152
33514,0.7524543082851348
33515,0.4551319328366025
33516,0.30060561482897774
33517,0.49395261844270816
33518,0.9251159928923508
33519,0.9136981017794822
33520,0.2694784226645284
33521,0.7219544887118835
33522,0.8693001705598586
33523,0.39148275343107564
33524,0.7797116634565553
33525,0.5051286084876793
33526,0.6851474537207015
33527,0.6176052740313541
33528,0.42148301333074006
33529,0.5949669661349627
33530,0.3861240377446084
33531,0.4858998544783801
33532,0.7729293967591468
33533,0.5825955229410474
33534,0.9115215181363506
33535,0.8299745931709562
33536,0.20863175744627252
33537,0.4131107384403472
33538,0.5755228353032531
33539,0.83592057001227
33540,0.5038768050664978
33541,0.5851425764061875
33542,0.6211859904524186
33543,0.6888105733189261
33544,0.7431723669423818
33545,0.5197567518053795
33546,0.4840623346205535
33547,0.3207289474269472
33548,0.5762712268591624
33549,0.6207900209619011
33550,0.8324887318476236
33551,0.6181265634924314
33552,0.4252807302005024
33553,0.5604110154515863
33554,0.8074455041192957
33555,0.5845487456964596
33650,0.0
33700,0.0
33720,0.0
34000,0.0
34001,0.7056583640272063
34002,0.39562138322383267
34003,0.6296704382955808
34004,0.3473388811363933
34005,0.4798647155737033
34006,0.4015587071999522
34007,0.3338010103278885
34008,0.39440981670516656
34009,0.6030865955414323
34010,0.4010169474445666
34011,0.7206015047827958
34012,0.6544349357807526
34013,0.4215786017289452
34014,0.8885336279992755
34015,0.3351663739217519
34016,0.6451448801644476
34017,0.5428514348625212
34018,0.6252334928317274
34019,0.4220049075082925
34020,0.4920894520516345
34021,0.2305124522486729
34022,0.6940778434933272
34023,0.6223763860929924
34024,0.7335333177933417
34025,0.7222236385307016
34026,0.4607937590400946
34027,0.7033017232004212
34028,0.5433515890668703
34029,0.6181402972599734
34030,0.41715384813282785
34031,0.5171662801373246
34032,0.46866448972948715
34033,0.6613119902833807
34034,0.4537097946319013
34035,0.5338685914804726
34036,0.6621614760282585
34037,0.7517043047853621
34038,0.6555464205087389
34039,0.609240001771886
34040,0.8107241488911882
34041,0.4290107778043484
34042,0.3793061184162804
34043,0.8735307120385981
34044,0.37635054338433016
34045,0.6458409716065456
34046,0.5100588390758313
34047,0.4976881380789357
34048,0.6970893234184694
34049,0.773845287788081
34050,0.8917820910798944
34051,0.39008147612186206
34052,0.5532661674061989
34053,0.7395697313140445
34054,0.592367639311545
34055,0.4971988057293755
34056,0.5362073050695696
34057,0.72598083930695
34058,0.67072116004617
34059,0.4529461700585204
34060,0.34828544997174454
34061,0.6733033454445652
34062,0.37777092224112047
34063,0.40585249999979744
34064,0.5785432125611635
34065,0.4934529290609045
34066,0.8213565858890467
34067,0.4463376386519924
34068,0.41876185094015345
34069,0.597928811768739
34070,0.40744872985679925
34071,0.5269679911111672
34072,0.7374645076566747
34073,0.6815978986287209
34074,0.44386926425974105
34075,0.48990273331835965
34076,0.3941081535149887
34077,0.8895872435581597
34078,0.39930812070699223
34079,0.35679288828077255
34080,0.342041008435576
34081,0.5554865994553361
34082,0.7677081939537964
34083,0.3841677182257519
34084,0.7289929516137822
34085,0.7914885023698695
34086,0.3413636313685608
34087,0.6203234973050723
34088,0.5689487847156781
34089,0.5165301648477144
34090,0.8440798916768713
34091,0.44985885963229993
34092,0.35372818057847016
34093,0.761095740855304
34094,0.782576591718962
34095,0.6326277846755213
34096,0.5847607481918405
34097,0.5279972458395289
34098,0.38796018693733886
34099,0.38257530553896696
34100,0.21452992781580027
34101,0.4656832035035148
34102,0.8081436877273065
34103,0.4337647653568621
34104,0.7111988507385157
34105,0.755627608882786
34106,0.6381671067830248
34107,0.6214350017981026
34108,0.4027730071304178
34109,0.647594749019367
34110,0.6997653693186198
34111,0.43070470836993074
34112,0.7554462855884715
34113,0.624453033084373
34114,0.3892525175789936
34115,0.43333110197658337
34116,0.7499153672612123
34117,0.41117883580061204
34118,0.9077554885210405
34119,0.38305608351748405
34120,0.8910678085618837
34121,0.7431871044868159
34122,0.4109977908385613
34123,0.7403165164580409
34124,0.5302647242126461
34125,0.5240287760934204
34126,0.6141229166199965
34127,0.6532855275261947
34128,0.503897054670294
34129,0.6406873192118651
34130,0.4793756999652645
34131,0.5546673136216294
34132,0.562835509864024
34133,0.8215228501315974
34134,0.7503320834724333
34135,0.6682626028600773
34136,0.3291818479084534
34137,0.5983273860581525
34138,0.5124341258245653
34139,0.7185085582648507
34140,0.6795661683490871
34141,0.5774279987264543
34142,0.4377127927403615
34143,0.5707277972215582
34144,0.7556298817601251
34145,0.49950751959580736
34146,0.6315929589971755
34147,0.6411908110966449
34148,0.5273204669072092
34149,0.7429964727387439
34150,0.5450549330411039
34151,0.5825798241459094
34152,0.6180401066927327
34153,0.856841704795642
34154,0.70319046333687
34155,0.6588767218468287
34156,0.7995349600724838
34157,0.31340272867498914
34158,0.5437501755819584
34159,0.6810449997715531
34160,0.4493357287496631
34161,0.529726986474537
34162,0.36186381164945464
34163,0.6621801966464248
34164,0.8919086553347974
34165,0.536143181472219
34166,0.5965599833421517
34167,0.6148781057123557
34168,0.7138979608875958
34169,0.8657505209849082
34170,0.593273878014633
34171,0.4211292577728663
34172,0.5557229523121947
34173,0.3759586679942036
34174,0.30595308408017563
34175,0.7654194914313832
34176,0.6969029300100248
34177,0.7741568912976415
34178,0.7028397314307369
34179,0.7861627519431766
34180,0.44204073391555276
34181,0.6073072248457454
34182,0.6418859682060737
34183,0.5734618944855047
34184,0.3218600397678497
34185,0.34486563045580115
34186,0.6290958108592144
34187,0.27625260613809566
34188,0.6861283103949463
34189,0.5691967890585694
34190,0.4577110664429946
34191,0.7903365834255826
34192,0.888180798840328
34193,0.18805517097466348
34194,0.3591384400542383
34195,0.36766376197208944
34196,0.5682448136510008
34197,0.5681366757874619
34198,0.794789403722442
34199,0.5154129273716511
34200,0.6687883893284078
34201,0.26261918434493553
34202,0.6483392389409016
34203,0.42248602879328806
34204,0.5024861647780751
34205,0.5702165864368026
34206,0.6295800157400825
34207,0.45838954614186816
34208,0.47607379118513604
34209,0.6164014822425711
34210,0.3969574818818888
34211,0.43764311822440954
34212,0.5916861996362645
34213,0.4991514216080171
34214,0.7194689412858167
34215,0.36610900733582546
34216,0.3031745847205025
34217,0.8453384625116627
34218,0.24532114129586358
34219,0.34654558569221616
34220,0.7491203321855826
34221,0.38371854539039113
34222,0.6215368402960181
34223,0.7588103735728424
34224,0.748810888831022
34225,0.6409245495225502
34226,0.4841248994400382
34227,0.6680061074420783
34228,0.36256314790057753
34229,0.31012495036931687
34230,0.4433210794235613
34231,0.733449171131569
34232,0.3857286386447192
34233,0.7299124754726266
34234,0.6682447663793516
34235,0.3360503331171217
34236,0.5588547607242106
34237,0.7140017199324555
34238,0.3789481499735658
34239,0.3494923280937807
34240,0.7804762754927284
34241,0.4972719439552517
34242,0.8374476112641488
34243,0.40166540134839773
34244,0.693036025634866
34245,0.23844811079114825
34246,0.6352043453276478
34247,0.8135216657592782
34248,0.8608914203942106
34249,0.8499988312935245
34250,0.40008725261723965
34251,0.5472013777425069
34252,0.35485324269909385
34253,0.5900437460831411
34254,0.39139869964122
34255,0.7497391842352351
34256,0.6691982626238243
34257,0.47025024125079334
34258,0.7247154256824334
34259,0.7792921901729614
34260,0.31117343630734956
34261,0.7199875299769634
34262,0.5011879399279495
34263,0.8666689704774622
34264,0.3742307069016353
34265,0.8909382393104334
34266,0.8865141501565734
34267,0.4657489682165317
34268,0.540799324037569
34269,0.2808265114185804
34270,0.6968487676916578
34271,0.3506624176868809
34272,0.649438490633954
34273,0.3441078695907966
34274,0.4017911499106248
34276,0.7784131694193964
34277,0.4400709479780795
34278,0.7530392937921887
34279,0.41903461985751145
34280,0.9014124310190875
34281,0.42725716100851246
34282,0.7274346858832516
34283,0.7611861408465699
34284,0.18822833588320606
34285,0.47405104118206615
34286,0.5714555419788652
34287,0.5110466803315915
34288,0.5137882237408996
34289,0.5174892441751148
34290,0.8818409449751036
34291,0.38461121588324737
34292,0.7321713524691384
34293,0.44331708378432805
34294,0.5767159162212308
34295,0.7396346681347987
34296,0.6987678790635078
34297,0.5890582230544208
34298,0.6209325762086441
34299,0.5491606410809099
34300,0.49572782991131703
34301,0.5120758336483716
34302,0.6047189503288944
34303,0.5368727678852336
34304,0.5369530922427255
34305,0.5344410477725546
34306,0.7031543174743996
34307,0.6622284348216746
34308,0.3361676599126586
34309,0.8532365583004791
34310,0.657347973081292
34311,0.6107962427475555
34312,0.6011719406053871
34313,0.408724331761332
34314,0.893998189978209
34315,0.3807887853178477
34316,0.8288719420171095
34317,0.7318307407061021
34318,0.49387550167797195
34319,0.6657003790995104
34320,0.7240943729283944
34321,0.676422796341467
34322,0.773414370980503
34323,0.7464262595017099
34324,0.8456793556107901
34325,0.6869249540237438
34326,0.40505680296762403
34327,0.7624192429842651
34328,0.6605758756939927
34329,0.5800774962180725
34331,0.3157883871151727
34332,0.5635218700330354
34333,0.6609688502405641
34334,0.3736077074215556
34335,0.3797150424609233
34336,0.6562137635949085
34337,0.6810893549068768
34338,0.5665463002013543
34339,0.2541303698228898
34340,0.5573884562680976
34341,0.41911745317145876
34342,0.7670385303466357
34343,0.6583364072380289
34344,0.8285155429100634
34403,0.0
34725,0.0
34820,0.0
34923,0.0
34926,0.0
34980,0.0
35000,0.0
35001,0.6739321829042698
35002,0.8628478328398274
35003,0.57583995718145
35004,0.8197775325614926
35005,0.35181787911558143
35006,0.17105467377275088
35007,0.617396744099298
35008,0.38039408290662796
35009,0.2907324464315511
35010,0.7100029240836915
35012,0.40565644389938277
35013,0.26462820376271884
35014,0.3647850946966953
35015,0.45914584114438584
35016,0.27630800992206145
35017,0.3788115388561719
35018,0.3439993825727723
35019,0.8815195600691591
35021,0.5020946079729277
35022,0.580019534796726
35023,0.35663984950646643
35024,0.7098097076062887
35025,0.35927100761536224
35026,0.37846600044426176
35027,0.24236197605080245
35028,0.38221695892246393
35029,0.48013047466168207
35030,0.650002535532077
35031,0.6027292613728376
35032,0.751552211457894
35033,0.39294831014005505
35034,0.7167076668150169
35035,0.4663266703355209
35037,0.7174030752860721
35038,0.23850208284129307
35039,0.6853702284824766
35040,0.6808961815634572
35041,0.8663797422132137
35042,0.3622423762760372
35044,0.8986281090692397
35045,0.38717287064728617
35046,0.4150002837017144
35047,0.6310894781745805
35049,0.5764440462462335
35050,0.30579984515614106
35051,0.6685570454203486
35052,0.48027392598664376
35054,0.7667834847609032
35055,0.7724814960630613
35056,0.3754296594601716
35057,0.5672184608251905
35058,0.37996640881282423
35059,0.7549024761045172
35060,0.1926890159656336
35061,0.39862870700375796
35062,0.35192332301605694
35063,0.31214019443042934
35064,0.3034827061894096
35065,0.7395820260030832
35066,0.8042849479432505
35067,0.830591819748194
35068,0.30688742533256713
35069,0.5703085825108486
35070,0.5876927027221712
35071,0.3757457747469772
35072,0.37580483438426837
35075,0.3562587631570007
35076,0.8043140616639324
35077,0.3053449769798901
35078,0.7092394024026171
35079,0.9420745753081569
35080,0.9035272419161755
35081,0.714882752912302
35082,0.3850718461892939
35084,0.38933993979023623
35085,0.4219833405499999
35086,0.571401707404431
35087,0.17715490171403428
35088,0.8951821461756015
35089,0.5672341423669821
35090,0.6927253700175061
35091,0.19864213977212442
35092,0.5089753525436994
35093,0.7763129693689031
35094,0.37445597019939564
35095,0.6016469338571494
35096,0.40137239670166824
35097,0.16114709116651207
35098,0.389487332351321
35099,0.7176315914559931
35101,0.6256862497020157
35102,0.3701028226381937
35103,0.23176650544115676
35104,0.6810658991756666
35105,0.17767943495573832
35106,0.6273781275347462
35107,0.6637037587372993
35108,0.30229702382156115
35109,0.25215276161509764
35110,0.5375741752936515
35111,0.3925134129322225
35112,0.40663332986038503
35114,0.26824240488803724
35115,0.44445359327495765
35116,0.46392841096190024
35117,0.15044870166985727
35118,0.6206020906387848
35119,0.34455445168115123
35120,0.6756618101753409
35121,0.461024180028407
35122,0.6209628641265857
35123,0.7334065390111069
35124,0.2374184537058179
35125,0.39997062855414117
35126,0.7661550320377307
35127,0.40949147397893987
35128,0.5486508748658077
35130,0.3653531745574103
35131,0.7390938246138944
35132,0.49973214318263054
35133,0.174105983016783
35134,0.3578033156618657
35135,0.3276642925097832
35136,0.48471295490306804
35137,0.3443135915797042
35138,0.38224345345736505
35139,0.7350469727167633
35140,0.6394804518609606
35141,0.479199637220449
35142,0.294364517083466
35143,0.14188293224095172
35144,0.8952137901046471
35145,0.3532322374625993
35146,0.8167749337028911
35148,0.40401216520062205
35149,0.6867752575336864
35150,0.3457391497336714
35151,0.4822872648306353
35152,0.682564436718322
35153,0.5235222022349376
35154,0.310256051797657
35155,0.5012790643729922
35156,0.5096199553247233
35157,0.41697994932384735
35159,0.5148191276835585
35160,0.22621386233779872
35161,0.1813050829222642
35162,0.3432224499412911
35163,0.30434891522452956
35164,0.3763288093929158
35165,0.3990278575849089
35166,0.5339366929366932
35167,0.2329881395129827
35168,0.15617158988743765
35169,0.1712696597789193
35170,0.5398511547434984
35171,0.12764129439148927
35172,0.3762141061722735
35173,0.8037175902027776
35174,0.5235612548930942
35175,0.22354173660898588
35176,0.5727677086862298
35177,0.8189992623849779
35178,0.27421919874953077
35179,0.4410959027245814
35180,0.40722708011303727
35181,0.6652703231637752
35183,0.24381553698558123
35184,0.09107348103758724
35185,0.37997490241201914
35186,0.6912700937202875
35187,0.2471463741802594
35188,0.5350241488550364
35189,0.8069579892063429
35190,0.5456473867835889
35191,0.2197023107739393
35192,0.4746033302595057
35193,0.8576491577536801
35194,0.41689998479877727
35195,0.6647178939537429
35196,0.7844570309420638
35197,0.9470469749306739
35198,0.3578214576411478
35199,0.38294857864290255
35200,0.3569352313882565
35201,0.16867755676855709
35202,0.4503661761027884
35203,0.321602999075223
35204,0.8914653952471356
35205,0.522342804558339
35206,0.8094561262209289
35207,0.6495997464879913
35208,0.765064533050909
35210,0.6843826073998591
35211,0.16188146610977078
35212,0.5231837877977462
35214,0.34718456844580636
35215,0.29019322330345293
35216,0.7232486641179737
35217,0.18265549892979593
35218,0.5996289715199158
35219,0.419723571394966
35220,0.5545347161236688
35221,0.46862883925810855
35222,0.770782083539337
35223,0.2026027103846727
35224,0.44814876518080354
35225,0.4709677410669471
35226,0.4208292296775949
35227,0.6529734820009084
35228,0.5713216790500956
35229,0.18504275943095458
35230,0.26445006984943015
35231,0.47194950782843675
35232,0.3517630524714587
35233,0.18927857224922776
35234,0.16424775129127436
35235,0.31818521225588503
35236,0.36806258896452126
35237,0.32355312892480753
35238,0.8447947694415582
35239,0.17854945861560054
35240,0.7430184143653733
35241,0.8460717581530863
35242,0.5408024870870096
35243,0.3299383791866175
35244,0.5404892331620085
35245,0.5776046118229647
35246,0.46067607206481287
35247,0.8114173151644056
35248,0.7625470197977443
35249,0.6265184962914921
35250,0.90983285595567
35251,0.8952527118895127
35252,0.18780463786643764
35253,0.36439868454758456
35255,0.7400938684298041
35256,0.7623828053671401
35257,0.20281079899529886
35258,0.33882429336377334
35259,0.7380699259118813
35260,0.5279757505093907
35261,0.4828896624358198
35262,0.47899979625848377
35263,0.7842287555124482
35264,0.2963761853035764
35265,0.3680198636480614
35266,0.8200650534419491
35267,0.0
35268,0.5649129799610797
35270,0.8515837648744847
35271,0.40308422031429253
35272,0.3696860901738877
35273,0.35193546353723554
35274,0.9560026876260707
35275,0.6957637482645405
35276,0.5663026330615581
35277,0.4882439667052338
35278,0.6907432920692246
35279,0.5453662195524831
35280,0.2926825805430157
35281,0.8044189807839034
35282,0.2333292780431254
35283,0.5098240615059628
35284,0.8522645839957349
35285,0.2609110680968175
35286,0.4433244515333123
35287,0.7948775235480438
35288,0.6165684694379402
35289,0.5101139546890758
35290,0.34942802390727595
35291,0.758361574133363
35292,0.4132987571818452
35294,0.3089511485343522
35295,0.45760464876662227
35296,0.8357873800003118
35297,0.1747416191790311
35299,0.6694879782867251
35300,0.27937194819787375
35302,0.17008438231343118
35304,0.5700542159287839
35305,0.20531964342859985
35306,0.5700891980313548
35307,0.44862331476562184
35308,0.39978826413689506
35309,0.5386731422565939
35310,0.24547478824126154
35311,0.44121069418727815
35312,0.4325690719162012
35314,0.660082300148222
35315,0.8484991821291624
35316,0.5167355294181596
35317,0.44696501581043036
35318,0.38087125864096993
35319,0.43530329044621147
35320,0.21953340230081864
35321,0.7242481163276401
35322,0.6398678238494201
35324,0.3889498969553598
35325,0.39978681540256256
35326,0.5068157717663561
35327,0.640593618095589
35328,0.23692944104224686
35329,0.9015301050785017
35330,0.48934673394812417
35331,0.7420194443455315
35332,0.6447041818810922
35333,0.21626696565580947
35334,0.7298978235016712
35335,0.6614080117640041
35336,0.5885295441548352
35337,0.2471608193194109
35338,0.17433248963926348
35339,0.9077921075267912
35340,0.16990287480292968
35342,0.5182960547209869
35343,0.5701152285252026
35345,0.4529149581882625
35346,0.41234306390123204
35347,0.5013915377128534
35350,0.20137037995110987
35351,0.7312396014375221
35352,0.7630246937461626
35353,0.7930358031101798
35354,0.9196653403849339
35355,0.503066219248995
35356,0.8114392639924448
35357,0.5496003767973359
35358,0.5965336530457251
35359,0.37586908815197234
35360,0.21316974728777396
35361,0.6497513912215728
35362,0.4958102575654397
35363,0.7986115208697347
35375,0.0
35376,0.0
35508,0.0
35510,0.0
36000,0.0
36001,0.32062643446068706
36002,0.20023339657234254
36003,0.5529625813001533
36004,0.5888313539487421
36005,0.5611064921554413
36006,0.557685615309102
36007,0.22207809840850734
36008,0.3255522110643828
36009,0.6894571015926259
36010,0.35897326545481056
36011,0.47889295568953577
36012,0.4422449932904664
36013,0.14708736042745682
36014,0.4317881305044029
36015,0.3151413071805415
36016,0.3851604370564356
36017,0.30466700008398745
36018,0.3964225390728691
36019,0.35840658691159627
36020,0.3602315419970572
36021,0.5977424148698104
36022,0.6381138747548524
36023,0.42850176521089894
36024,0.6749368129936988
36025,0.3774535563199384
36026,0.4588884061825695
36027,0.6882203101315558
36028,0.418282663988417
36029,0.18484518998012692
36030,0.65478784419385
36031,0.11172307069773214
36032,0.38364943521620454
36033,0.49783077586848634
36034,0.3190088811485794
36035,0.15393751973618408
36036,0.3589804091037663
36037,0.46782076188094207
36038,0.28121486325462136
36040,0.5585387236636089
36041,0.34119287898923906
36042,0.4982680921076344
36043,0.3616527549188337
36044,0.4581844846311729
36045,0.45463744765682496
36046,0.44614103956611534
36047,0.19460728081979603
36048,0.6041794406240363
36049,0.6888910086788677
36050,0.7598290671796063
36051,0.6166349223428719
36052,0.595294523238718
36053,0.6102071827268182
36054,0.4149354358588093
36055,0.2927749295037063
36056,0.4417739494244668
36057,0.5429471277443986
36058,0.5161985340106512
36059,0.5598184091525902
36060,0.2798085135394714
36061,0.4001072977084295
36062,0.5318372235523121
36063,0.6663756865522197
36064,0.6921553299064929
36065,0.8600924405610363
36066,0.5779651270894957
36067,0.14449866185022922
36068,0.5496420553330817
36069,0.36027200429004785
36070,0.25298631667533655
36071,0.7245648396239761
36073,0.2994926552034692
36074,0.258316722685249
36075,0.1813310259543562
36076,0.6500677916652755
36077,0.3251413828467631
36078,0.3730768795065895
36079,0.7417493057861382
36080,0.31126917677189136
36081,0.5908284571189496
36082,0.2425305220700473
36083,0.38371817930293667
36084,0.5261044893650193
36085,0.09810725047582798
36086,0.294941431593909
36087,0.5274486582107912
36088,0.6158076449988293
36089,0.7388058885020916
36090,0.25137334601332645
36091,0.3409898308852501
36092,0.18350320024925826
36093,0.5315508182602752
36094,0.14826660004604875
36095,0.3624678284444727
36096,0.612285807529145
36097,0.39741962993631824
36098,0.6138656427547037
36099,0.4839785227596811
36100,0.41025516134844464
36101,0.4604583540935354
36102,0.4025622970724063
36103,0.2823722387605189
36104,0.6807180270953266
36105,0.6887666707632206
36106,0.7056934501150124
36107,0.27545559716324236
36108,0.5627682630649157
36109,0.40304460652206076
36110,0.5750379731842022
36111,0.6070885006522297
36112,0.6584486204519197
36113,0.5213088601810365
36114,0.5582057393434249
36115,0.47862900015491183
36116,0.3736851706820117
36117,0.6623513033567666
36118,0.6180031144254182
36119,0.5877707357124976
36120,0.23234880809690947
36121,0.5314198495743697
36122,0.38678731323214893
36123,0.1372029997033437
36124,0.2904417179108299
36125,0.8761425907165749
36126,0.3023795655604258
36127,0.36596930622983725
36128,0.5127716626188848
36129,0.2183704864675536
36130,0.38599887434573604
36131,0.47926609210437715
36132,0.3659250062475951
36133,0.31255431441222326
36134,0.2828409471403042
36135,0.2951746447094599
36136,0.3478116105536287
36137,0.6471926219775445
36138,0.24665296263525363
36139,0.6512741496551876
36140,0.679258267772538
36141,0.22329678903347808
36142,0.4774938636481811
36143,0.2663324141581867
36144,0.5096215205211081
36145,0.3814598245139045
36146,0.589943003194039
36147,0.2295498728470966
36148,0.6586693649861466
36149,0.23467422645508917
36150,0.36401100870771314
36152,0.5617558448539444
36153,0.37529361485452234
36154,0.3626848345566951
36155,0.2677992734492923
36156,0.3478280034614376
36157,0.4881217318296285
36158,0.5746802978435425
36159,0.4414105722753366
36160,0.6645287050428478
36161,0.45407117493961185
36162,0.153187181900776
36163,0.2604288559652918
36164,0.44424025681491336
36165,0.6426515075501307
36166,0.4237846783703389
36167,0.7051776546942353
36168,0.6504951438852776
36169,0.1719900029445901
36170,0.17028510024834495
36171,0.8872239718140783
36172,0.5919339294656122
36173,0.3150369941799146
36174,0.6613549603904535
36175,0.28835173005107223
36176,0.39742420925594174
36177,0.6060277128716108
36178,0.576837556679965
36179,0.645934194862559
36180,0.18190613083135967
36181,0.5549754597137694
36182,0.6242555143086906
36184,0.23524688976978217
36185,0.475748485438426
36186,0.3585411681149015
36187,0.6407511830408862
36188,0.40725485616996365
36189,0.27553194989855095
36190,0.7513352061470414
36191,0.11045993572014463
36192,0.4515888594603976
36193,0.24014122540122707
36194,0.13958494686344744
36195,0.8369321904855465
36196,0.4401702162463934
36197,0.5346910069634981
36198,0.5666458602697636
36199,0.4883542739294009
36200,0.5017054933683474
36202,0.42580144708756656
36203,0.5468781807054052
36204,0.4554195395633029
36205,0.60515203818142
36207,0.5521757169697012
36208,0.21309273670909468
36209,0.6919484517308557
36210,0.3923745642132925
36211,0.6597588713404838
36212,0.2829127348639015
36213,0.6192516437921376
36214,0.31626009958834983
36215,0.5048629102109006
36216,0.27331022875343836
36217,0.5230568129964172
36218,0.233875518413958
36219,0.42180409544581393
36220,0.44367733906999246
36221,0.43287677830206034
36222,0.655981324860647
36223,0.34639852535364124
36224,0.49112572354300554
36225,0.3148401581257924
36226,0.27086027394070883
36227,0.19987352847969522
36228,0.20187334239215246
36229,0.3018938580414739
36230,0.16572990745894223
36231,0.5113406772854757
36232,0.11324361661011091
36233,0.4124869044496218
36234,0.2987714881953745
36235,0.24651687836352645
36236,0.24023249086513807
36237,0.143822245428234
36238,0.4151632210776559
36239,0.4557498363671364
36240,0.36714966481125916
36241,0.483183245917588
36242,0.7625869314353612
36243,0.34127147345061776
36244,0.38720855752612104
36246,0.48185142031538036
36247,0.5128194094035029
36248,0.6913175705182626
36300,0.0
37001,0.5650451881216711
37002,0.7935028666361427
37003,0.3986868477021295
37004,0.42912776427756577
37005,0.5126669070309995
37006,0.7583385765617354
37007,0.5319590510922944
37008,0.8718382179777345
37009,0.3540654419470759
37010,0.3363704164463958
37011,0.35085512295897775
37012,0.49838717516779
37013,0.39223816143511875
37014,0.707290455873093
37015,0.8341668496619201
37016,0.6927566302090681
37018,0.817659668225438
37019,0.7172815805426795
37020,0.2107154838440247
37021,0.18667107916056125
37022,0.34685740773500195
37023,0.3845511611956634
37024,0.21169621919594786
37025,0.837753970784424
37026,0.32075762805156854
37027,0.5969137090283647
37028,0.31920584181711403
37029,0.29214305471440777
37030,0.4617732994893755
37031,0.2335580441899603
37032,0.2707669376801444
37033,0.34966858589393474
37034,0.3771900140471343
37035,0.5670737105599709
37036,0.28537931559715884
37037,0.24621882737079478
37038,0.49338486940781695
37039,0.2318514299299664
37040,0.23369393422189888
37041,0.14921162819202263
37042,0.5575579955647373
37043,0.19571523368705687
37044,0.25833986778819557
37045,0.14033590893128722
37046,0.22006225175314745
37047,0.8450602064198113
37048,0.424244816008746
37049,0.6097728668576297
37050,0.8934461991890617
37051,0.31340298337774447
37052,0.9353687657678919
37053,0.6907139614113958
37054,0.6766113602377426
37055,0.1262552694779302
37056,0.46939725342264976
37057,0.2876590965869776
37058,0.2465910734855322
37059,0.9164749288090493
37060,0.4639282085564991
37061,0.33740687158834487
37062,0.2094157750299089
37063,0.5683570620540352
37064,0.257275707417006
37065,0.467563876516099
37066,0.6631168105897699
37067,0.4724713511050551
37068,0.39570342833732886
37069,0.3619564472283558
37070,0.544608243949845
37071,0.4131065770394515
37072,0.40067211497005356
37073,0.5031398301947989
37074,0.35978792753647
37075,0.8526027320532862
37076,0.5075615484909907
37077,0.7435556205881672
37078,0.22384202596060157
37079,0.48133428341040646
37080,0.26315107991142056
37081,0.3420082478657147
37082,0.355126568125272
37083,0.8554533071735667
37084,0.2857855143952425
37085,0.7951135350746014
37086,0.0757773104350401
37087,0.3739468243786945
37088,0.5948865201789592
37089,0.3136306773518687
37090,0.6241697760987666
37091,0.5922346055610052
37092,0.8164006918263381
37093,0.33459434962211887
37094,0.24577172237993286
37095,0.21068616077568372
37096,0.8371281804387305
37097,0.6433791682810641
37098,0.15543288892634802
37099,0.8375511852567795
37100,0.6018514392118988
37101,0.31666448770944206
37103,0.23894733737084026
37104,0.8158344241159035
37105,0.6486314807567464
37106,0.4546275992276187
37107,0.20185171155286974
37108,0.1549047997181351
37109,0.8436736923658361
37110,0.54241942255923
37111,0.06839940434256492
37112,0.457277461517367
37113,0.1445617458286909
37114,0.8145646944451231
37115,0.14596238317973215
37116,0.2892332554381422
37117,0.13588866798824087
37118,0.2902723456571213
37119,0.30335068639711765
37121,0.8133501411793199
37122,0.7127442044452309
37123,0.22062354029377915
37124,0.8153447312881473
37125,0.3396905390391396
37126,0.6870015219916779
37127,0.8079754372552216
37128,0.38768614681482266
37129,0.40589125353645783
37130,0.30538322655451217
37131,0.23283349478764284
37132,0.16854661960216513
37133,0.32560786133763203
37134,0.9426146420748164
37136,0.9389936847955548
37137,0.17151833663283292
37138,0.9468119191966698
37139,0.8973563371161983
37140,0.3351670968158896
37141,0.6291288504964127
37142,0.1872169266860307
37143,0.7507968878952527
37144,0.5425025005942126
37145,0.19049641881173107
37146,0.1854172955942017
37147,0.35817827498489846
37148,0.6288542591627414
37149,0.3831518877812719
37150,0.7858438750110532
37151,0.913851748045443
37152,0.9213103882679109
37153,0.5407626881496851
37154,0.8304447105169203
37155,0.46396977669229805
37156,0.8907126610330757
37157,0.40894586911404535
37158,0.358415174706132
37159,0.7617997975425058
37160,0.28269861533242846
37161,0.4055075348521376
37162,0.22965008224506825
37163,0.5594801190851082
37165,0.550968552739822
37166,0.37354155081856505
37167,0.1789854697419123
37168,0.06750995835320946
37169,0.4137990724759329
37170,0.05872776937702843
37171,0.9485699136252549
37172,0.6992189466000956
37173,0.3082599846174969
37174,0.15392824103884342
37175,0.8254701137873246
37176,0.13815376927450934
37177,0.3086792613942138
37178,0.4998382870327516
37179,0.688794310856437
37180,0.24463397204152992
37181,0.11279914608201336
37182,0.8669494940379662
37183,0.2296075339000899
37184,0.19807741867721074
37185,0.522277188224825
37186,0.8142770686160531
37187,0.3499840579152989
37188,0.15318604284342308
37189,0.2574972208416632
37190,0.4046299775060424
37191,0.6519708004008437
37192,0.7891233854440644
37193,0.19152731072932896
37194,0.7669112983686341
37195,0.8291146703548051
37196,0.45722306204367397
37197,0.46656447928103056
37198,0.17887132695106867
37199,0.3432754051540528
37200,0.4496660827462324
37201,0.40264886049050125
37202,0.42698820242307506
37203,0.7315551584139911
37204,0.5313025168513953
37205,0.7527166510079016
37206,0.5866937759942649
37207,0.3928205840926555
37208,0.7880609289372541
37210,0.4680185605806338
37211,0.8326931902264375
37212,0.670619178841647
37213,0.19026043314715668
37214,0.7225038796411773
37216,0.31991033801621027
37217,0.9233621494877496
37218,0.3744352732037352
37219,0.9457132476955111
37220,0.5467442141609172
37221,0.18059865706470604
37222,0.16883590935601622
37223,0.13244654416409604
37224,0.6104187417819233
37225,0.9387187026569509
37226,0.1196695282212168
37228,0.28702065469786764
37229,0.26809618257917517
37230,0.2542506141291805
37231,0.08254149449266349
37232,0.36310364440250337
37233,0.8378813793207738
37234,0.6430265461756164
37236,0.5861865732802202
37237,0.9412827904335278
37238,0.31595268498401563
37240,0.289740073257509
37241,0.07561568074637792
37242,0.4106091728982589
37243,0.813953536860871
37244,0.3717746904067642
37245,0.5582709772283819
37246,0.19753415683618455
37247,0.0999998879713626
37248,0.5682696154901369
37249,0.39273404144271046
37250,0.7682635889544853
37251,0.20310270316997872
37252,0.5682915089482908
37253,0.755759816164645
37254,0.7762925743682288
37255,0.34427316572966093
37256,0.3198721086230635
37257,0.7504361685749958
37258,0.5567321562095376
37259,0.6128275583141587
37260,0.3079562171061135
37261,0.769825007785323
37262,0.25149283300152664
37263,0.8463729833049779
37264,0.8132125627446841
37265,0.24173960490483534
37266,0.8057474657028637
37267,0.8358846309628217
37268,0.4092029952320371
37269,0.26068057971777137
37270,0.918997090738649
37271,0.5730639236048702
37272,0.8274114531271977
37273,0.8139053551158518
37274,0.18122199188081947
37275,0.46548227622164046
37276,0.5762020781832932
37277,0.36995367639467
37278,0.7088334206272711
37279,0.31002384617892637
37280,0.31616687738628707
37281,0.7207212930568369
37282,0.35824919238177483
37300,0.0
37540,0.0
38001,0.3155101498361505
38002,0.456571097124398
38003,0.6265918121715459
38004,0.36600571583173913
38005,0.44847993801800423
38006,0.5489892486041771
38008,0.13470748719893247
38009,0.6694885804210301
38010,0.7019889079513536
38011,0.7429483979451587
38012,0.3277375741983851
38013,0.31625718911078865
38015,0.6629680617717736
38017,0.4823420044919227
38018,0.45383002476130213
38019,0.5198059171252357
38020,0.7136080266494708
38021,0.0
38022,0.22665852384994403
38023,0.10774536698971006
38026,0.2611656033572125
38027,0.6141831120006369
38029,0.26028016701638973
38030,0.33749317314691174
38031,0.1009732536868068
38032,0.3007737648298188
38033,0.17846083310874303
38034,0.5291219098813208
38035,0.6007322610735694
38036,0.2362090518063329
38037,0.5691836612584892
38038,0.6072024225966725
38039,0.7684698363672497
38040,0.7144015601787529
38041,0.41447840822624255
38042,0.44980631196838927
38043,0.5598834772438238
38044,0.5541961766370008
38045,0.8127497777576599
38046,0.5830750185506028
38047,0.6241394554631327
38048,0.856505922111972
38049,0.24143832878183513
38050,0.27357566886888635
38051,0.709131921173812
38052,0.3682213019291896
38053,0.40790110076799074
38054,0.1869129844293739
38055,0.239770017898724
38056,0.3628653787346396
38057,0.8023493524130932
38058,0.3421632323395369
38059,0.8110480623909083
38060,0.4193833642119271
38061,0.5462407336059355
38062,0.5834331511066119
38063,0.3042369419252461
38064,0.34370244248986204
38065,0.4529780970080888
38066,0.6819761564592683
38067,0.7468970431535564
38068,0.7629418389018827
38069,0.6509510608870429
38070,0.6977236840347402
38071,0.6961226155295982
38072,0.6725171154115915
38073,0.4625633662045309
38074,0.3317610138096382
38075,0.5577724681971817
38076,0.3180791889317409
38077,0.6098874320966683
38078,0.6533913802913222
38080,0.548888162786763
38081,0.6488510005008772
38082,0.5418739925586034
38083,0.24716224182260263
38084,0.36142484041495765
38085,0.7639985955893044
38086,0.3613152438106626
38087,0.7271248699078537
38089,0.5510523611376047
38090,0.26731412075128785
38091,0.6716052383885941
38092,0.36321467517547434
38093,0.2455125332875776
38094,0.6244858382052855
38095,0.19709545939471332
38097,0.7341687499957832
38098,0.5386238816889518
38099,0.18699710237642111
38100,0.42793376748604306
38101,0.5337994525521434
38102,0.5262147557534919
38103,0.3770372131149226
38104,0.35016827762162483
38105,0.3311205518398271
38106,0.6013117772352103
38107,0.5023155725937871
38108,0.35113193657090963
38109,0.7206673161914442
38110,0.6119186895591264
38111,0.6744812731056932
38112,0.6323040639389951
38113,0.47151650076051227
38114,0.5425369040986454
38115,0.3543959628862499
38116,0.13020808071987947
38117,0.224976247485394
38118,0.388777190059376
38120,0.8010241450391608
38124,0.28912341491945653
38126,0.8768051901709435
38127,0.21222356609437018
38128,0.05857253864571623
38129,0.18410345509867765
38130,0.314582880258328
38131,0.4903880055659231
38132,0.07219398847333718
38133,0.4159453858020569
38134,0.5268230528499108
38135,0.3878751142736607
38136,0.7739261192649148
38137,0.5975200341683012
38138,0.6994578047003328
38139,0.14064644104086502
38140,0.6608073655372604
38141,0.6968740342843103
38144,0.8581632661144928
38146,0.6883348936449364
38147,0.5907268507700388
38148,0.2894787497877188
38149,0.6242336669426206
38150,0.8121697986365813
38151,0.780434683599131
38152,0.6488171985107669
38153,0.743627853540142
38154,0.29368010939379563
38155,0.4884889598373902
38156,0.4558568404691999
38157,0.4740886393438286
38158,0.8101840549869443
38159,0.54787801154507
38160,0.5336574796871525
38161,0.24249166754578802
38162,0.27455904191470876
38163,0.4932979307413184
38166,0.5980236718661353
38167,0.6437410945161185
38169,0.7981737068780522
38170,0.7454118386473897
38171,0.5671298818336573
38172,0.6949277592777824
38173,0.6220006217801054
38174,0.4208630094170353
38175,0.7390453878279782
38176,0.7190254569363904
38177,0.6666552730072345
38179,0.8661925191185849
38180,0.30431663717752294
38181,0.34757088536714126
38182,0.2968428994041361
38183,0.3855319444002872
38184,0.7582020465922805
38185,0.7900634983275046
38186,0.20900498611763663
38187,0.3753034556213591
38188,0.9037654267229245
38189,0.7304222714373667
38190,0.9107170624826068
38191,0.43829131550503314
38192,0.6276112809102189
38193,0.7265822777326539
38194,0.3008399680195905
38195,0.15088944790231157
38197,0.9530116326799667
38198,0.6361082707370542
38199,0.544213803401365
38200,0.746387117635407
38203,0.7105704889962938
38204,0.36789757443810345
38205,0.8428246657362681
38206,0.5894555386340706
38207,0.38696455073860525
38208,0.24142056874264584
38209,0.23007531153928693
38210,0.7075053840808806
38211,0.6726611888979818
38212,0.8767778105753403
38213,0.5092391009787024
38214,0.6474654910561349
38215,0.893567411811099
38216,0.3757322070257341
38217,0.13125632377160026
38218,0.30822882456829886
38219,0.21255990119216195
38220,0.0
38221,0.2196454667224058
38222,0.5958109170581759
38223,0.5132267578569082
38224,0.1392588276214888
38225,0.849226560854819
38226,0.11869258690493167
38228,0.5768815938344528
38229,0.7534909922849584
38230,0.4916629533767016
38231,0.6939042692472096
38232,0.4121727746605846
38235,0.10763429064892409
38236,0.49744163534645686
38237,0.7084753964129479
38238,0.5999569479173916
38239,0.43927367665564904
38240,0.5688040553439617
38241,0.09876217427637202
38242,0.16068580444904243
38243,0.4658354380488496
38244,0.605520032339532
38245,0.5946708443990834
38246,0.3582507066769103
38247,0.3492271415162995
38248,0.6398281996962233
38249,0.7770966231630473
38250,0.670206850412554
38252,0.80074779951439
38253,0.47230065048285486
38254,0.37216160834435535
38255,0.24866233509595312
38256,0.5056996953605677
38257,0.5751791729349945
38258,0.7292479150045151
38259,0.5746685694592646
38260,0.6972681583202117
38261,0.3063938643369347
38263,0.5976989785914854
38264,0.7338328688968542
38265,0.13121004808930067
38266,0.1240454492996876
38267,0.5234337272241777
38268,0.7237169482573641
38269,0.12872405200723044
38270,0.3682319875255731
38271,0.8544132544756121
38272,0.37051470939971143
38273,0.11654178899510996
38275,0.465600382655905
38276,0.4363365130567556
38277,0.7639650984473363
38278,0.3417052339386089
38279,0.7487211934759582
38280,0.4448591254740899
38281,0.7099474392214534
38282,0.43706138748423246
38283,0.2656459743557355
38284,0.3257378542174376
38285,0.4281374975432571
38286,0.5668093031571247
38287,0.32744577002721004
38288,0.8977716901022529
38289,0.45200307304522
38290,0.6170773857409663
38291,0.23736826842423744
38292,0.4834310340173846
38294,0.7223487675121348
38295,0.22121141731696303
38296,0.3493328416678774
38297,0.32766484222165765
38298,0.5907795003148256
38299,0.10411007830027919
38300,0.2507804067342773
38301,0.4944124235384693
38303,0.617174812898693
38304,0.13238449401703797
38307,0.39142007604251877
38308,0.5827564227725893
38309,0.8813022845680334
38310,0.43287628419393265
38311,0.23102904801901702
38313,0.10565615356534734
38314,0.48843823357359145
38315,0.4182384459177082
38316,0.7553150012504526
38317,0.7876409432331789
38318,0.5397299287977174
38319,0.41242090583371044
38320,0.23635299651766786
38321,0.18044423387930164
38322,0.31127258874938674
38323,0.3471588884330501
38324,0.5389172257872216
38325,0.730048387985855
38326,0.1324505782794648
38328,0.7834077031419581
38329,0.1222940406543795
38330,0.6015109037055052
38331,0.361955072012516
38332,0.34192843873621953
38333,0.548263597662438
38334,0.772719073875258
38335,0.5415452120368075
38336,0.5008568688413082
38337,0.32053976000431056
38338,0.8727949264915068
38339,0.6933487556067878
38340,0.6223459908142889
38341,0.4325411806576036
38342,0.19126410980662975
38343,0.4028202175428186
38344,0.5229672993664373
38345,0.49634587567727584
38346,0.6561832487873435
38347,0.35547421660655737
38348,0.34111509488538844
38349,0.7644164081162371
38350,0.7666410784589344
38351,0.7126880758774234
38352,0.7134080402707177
38353,0.6644160462555705
38354,0.6404137818223693
38355,0.29546085265876887
38356,0.3969603490103262
38357,0.2486073276740032
38358,0.6845136486534179
38359,0.44362061004706194
38360,0.39507547792941783
38361,0.12764364903818223
38362,0.6264507419036267
38363,0.34017885072422027
38364,0.729890102862222
38365,0.1846682593603229
38366,0.1911978123156555
38368,0.35591108413021044
38369,0.4322105390892279
38370,0.3598365667245755
38372,0.4942440560040877
38373,0.43311567235639714
38374,0.5856286550644637
38375,0.5293153035389316
38376,0.6539953531254802
38377,0.2705167528190919
38378,0.5053349658550156
38379,0.2292283172745163
38380,0.6209873116050052
38381,0.28329350405953174
38382,0.7258490457888277
38383,0.5752575102196612
38384,0.4611676157726745
38386,0.5183831701809377
38387,0.4836711018526591
38388,0.6488847282782902
38389,0.8650799216465707
38390,0.6002331815688061
38391,0.18981346486736717
38392,0.9206513751005473
38393,0.30029296246641946
38394,0.37070725165089535
38395,0.5483989849323608
38396,0.13175534159745947
38397,0.6878808738511802
38398,0.5081253502706837
38399,0.6566667949590731
38400,0.5058183651208997
38401,0.3951692472693651
38402,0.6902603214279907
38403,0.18151095668659242
38404,0.823833225464388
38405,0.788298812765706
38406,0.3478166233790951
38407,0.6202820629814164
38408,0.9034888078610881
38409,0.31271371050464686
38410,0.4752230312923393
38412,0.5704206691160193
38413,0.0941136740012502
38414,0.11501271925853795
38415,0.7041456197451872
38416,0.21648277023890014
38417,0.6010326375883043
38418,0.5993585460778056
38419,0.4204719210724108
38420,0.5915005805051158
38421,0.8268078601549359
38422,0.7619687673336365
38423,0.8273063237888448
38424,0.47725536597259843
38425,0.46601342065465884
38426,0.6141317074538164
38427,0.5457849172844599
38428,0.10294316373172364
38429,0.2608394171713088
38430,0.8019643760853365
38431,0.7834432584270058
38432,0.6525140079936743
38433,0.7539114290703868
38434,0.5444682434370088
38436,0.6895439975485451
38437,0.611613757511117
38438,0.17276530528428338
38439,0.42983207451742383
38440,0.28901335895107055
38442,0.850702616686949
38443,0.18718749566458304
38444,0.12651884998097093
38445,0.7181081715650102
38446,0.6038112212001684
38448,0.5166575727561281
38449,0.7213873694083048
38450,0.6203985384011438
38451,0.720430484799806
38452,0.64689006333187
38453,0.2196342986994871
38454,0.16464713651425195
38455,0.36864392153633796
38456,0.0784482159030103
38457,0.30892156615034283
38458,0.38972333458791214
38459,0.6307655439978118
38460,0.5674108210831871
38462,0.4283907231356925
38463,0.14685455162085811
38464,0.3683673915099915
38465,0.23415983465011214
38466,0.4339312143147869
38467,0.6399922285131487
38468,0.8404026768748395
38469,0.16711324335249153
38470,0.16650704047446113
38471,0.8912815311563888
38472,0.9541225588395269
38473,0.3222489335804259
38474,0.7265308420857409
38475,0.7679565469003521
38476,0.5893776976722125
38478,0.7969633974771684
38479,0.4970604153718492
38480,0.6085039169959064
38481,0.41111730422054754
38483,0.43386739283480935
38484,0.6514460723855987
38485,0.7675518792753558
38486,0.7817751062320482
38487,0.6075995447904706
38488,0.6815632990347442
38489,0.10911863255830807
38490,0.4698719113555061
38492,0.09501018533583666
38494,0.4527681336501743
38495,0.27268962868454355
38496,0.607029931551617
38497,0.14860454282392718
38498,0.41333810398958565
38499,0.17241321491924275
38500,0.1623852924700481
38501,0.39595123762690676
38503,0.3563254824385757
38504,0.32296577421643646
38505,0.2682469470866515
38507,0.7395141092897021
38508,0.43473174989989344
38509,0.3990511881006203
38510,0.0
38511,0.43475693480703326
38512,0.6698456728404106
38513,0.17948111080153015
38514,0.20392180567508286
38515,0.8457048837111737
38516,0.846683827909664
38517,0.28208231994598476
38518,0.09088878542596912
38519,0.8757231403232812
38520,0.5203088764645397
38521,0.15373495142189342
38522,0.4225234524910753
38523,0.32807773144208924
38524,0.6534621387377623
38525,0.43120584014985935
38526,0.6067909650483367
38527,0.6084710024051388
38528,0.8105836491795156
38529,0.847201155652761
38530,0.7224125763516561
38531,0.5606596434502463
38532,0.9037711359293779
38533,0.8677558205164385
38535,0.6938117511220477
38536,0.49041319976818326
38537,0.7355439488803271
38538,0.7960719038611525
38539,0.21636095052673496
38540,0.6438119694878041
38542,0.710268886681412
38543,0.3719240036477875
38544,0.5209818102770133
38545,0.5425549313449197
38546,0.4139985961528813
38547,0.7613347958148727
38548,0.5891439712679158
38549,0.5570207391710202
38550,0.6179738420128505
38551,0.5426935088738963
38552,0.19911305799372717
38553,0.711193806572468
38554,0.7094442446814554
38555,0.6156118266493049
38556,0.5468175831188323
38557,0.9270047695310736
38558,0.8127076126120881
38559,0.16897330030582905
38560,0.5255967287613198
38561,0.22021653867725863
38562,0.7670987856197667
38563,0.3148957775770851
38564,0.6164794988965394
38565,0.5645866329146109
38566,0.36184648823634297
38567,0.8420325359885862
38590,0.0
38670,0.0
39000,0.0
39001,0.2758839588528063
39002,0.6284608827290856
39003,0.6810184447195536
39004,0.3187990884176191
39006,0.31155512816126385
39007,0.3817183272960231
39008,0.42537985336237744
39009,0.33324719248144674
39010,0.597217441638486
39011,0.47581222914303334
39013,0.248994050312456
39014,0.34202460222455794
39015,0.135585743551894
39016,0.5900707082644266
39017,0.514906334015094
39018,0.6115610741624445
39019,0.4368477309630505
39020,0.23477620567114965
39021,0.44412767173856293
39022,0.38899614999138055
39024,0.5654712312802929
39025,0.28731334995627905
39026,0.5323187379067924
39027,0.535087259505266
39028,0.5978679521774285
39029,0.5828949036303394
39030,0.33560602581748816
39031,0.29494527713277
39032,0.31824196895704154
39034,0.14122022354589037
39035,0.3781124992943677
39037,0.44846236003004575
39038,0.39669503912706544
39039,0.23741066749885653
39040,0.32519068646407717
39041,0.5740735242045923
39042,0.30908412420314446
39043,0.22385047678504133
39045,0.5190360988760853
39046,0.4837531481358306
39047,0.21677984454719187
39048,0.5274864831969006
39049,0.27624857793321245
39050,0.21334944595188912
39051,0.26599707045605053
39052,0.2788485456924897
39053,0.33320959893567165
39054,0.2868016189802884
39055,0.18044256489910182
39056,0.4448704328611601
39057,0.6071783922068336
39058,0.5808161759448849
39059,0.4372426982639226
39060,0.6729222537643295
39061,0.5202458656855443
39062,0.7466848541619635
39063,0.2557214856694006
39065,0.6714347840906235
39066,0.5458464846717578
39068,0.4092120445953152
39070,0.08270804889642978
39072,0.43346309517164777
39073,0.3830637265558654
39074,0.37751830006002646
39076,0.5941629821453938
39077,0.5398799787672236
39078,0.3065550606957405
39079,0.6076924247655107
39080,0.6765713058277797
39081,0.3648903095226734
39083,0.10759946523534845
39084,0.26919805163021215
39085,0.30770718468044617
39086,0.471673709210452
39088,0.5851446178980086
39090,0.5206667868181017
39091,0.26858952511270284
39092,0.42750504374628934
39093,0.49393549198324743
39094,0.29258392358436347
39095,0.4221023555891174
39096,0.3177598341716811
39097,0.0852213370576937
39099,0.5028400044644837
39100,0.2892804945502603
39101,0.256166977774817
39102,0.5014810706937883
39103,0.346463615213108
39104,0.4836755334360842
39105,0.1275811416716045
39106,0.26497599226932284
39107,0.45724648342286606
39108,0.08868444737175657
39109,0.540285291439721
39110,0.3186115146059839
39111,0.5069756646082373
39112,0.5664495384542215
39114,0.5773767393349013
39116,0.3588784136856846
39117,0.6152953992949141
39118,0.3263153196036171
39119,0.2901945872272503
39120,0.14047444274306728
39121,0.37863580090659865
39122,0.6316929439607001
39124,0.5903504118141257
39126,0.18317136831274003
39127,0.36118862792207346
39128,0.4092969016660623
39129,0.1419425798878274
39130,0.241537003640088
39131,0.15118335263941166
39132,0.6944821914289762
39133,0.3717706391763691
39134,0.48420308552449715
39136,0.3234930547482954
39137,0.5822060119848108
39138,0.45814748929285004
39139,0.5470232062321322
39140,0.6150007215326804
39141,0.30324248744424614
39142,0.6146313453239854
39143,0.2515842218921877
39145,0.7076842523620721
39146,0.4912694851043802
39147,0.37430208966564577
39149,0.4467812906453356
39150,0.539271387911076
39151,0.5923122914293807
39153,0.08768668276553666
39154,0.3945784475284211
39155,0.3001659634456211
39156,0.4810153088589559
39157,0.44132460558254377
39159,0.2637663473026764
39160,0.6207315498806943
39162,0.3007273664347825
39163,0.5312626204759021
39164,0.5595414355784546
39165,0.08698101615058736
39166,0.4605911325138496
39167,0.5333116147651716
39168,0.4939891562204686
39169,0.5257016290598794
39170,0.2616809386515157
39171,0.20594383324266552
39172,0.40953500926540315
39173,0.2292981035338796
39174,0.5060400541252646
39175,0.39334261351966693
39176,0.34523069988335636
39177,0.6162925234970731
39178,0.14996321447845204
39179,0.2673193934352029
39180,0.6330736369776407
39182,0.384465838069501
39183,0.12252520777137473
39184,0.2962083927292311
39185,0.2905372444756815
39187,0.11071079913841768
39188,0.3496515711516653
39189,0.27272844282433484
39190,0.2970374753839103
39191,0.4687736316487179
39192,0.4423107259412912
39193,0.17004888601678136
39194,0.4615112458141863
39196,0.6025052458542488
39197,0.32411488386837073
39198,0.22063290465781105
39199,0.3310607938580434
39200,0.37231720867320756
39201,0.439232765644562
39202,0.31570363950799185
39203,0.08252419395589823
39204,0.7690401254865207
39205,0.3107239392929812
39206,0.4105501928610163
39207,0.4346810641934053
39208,0.17084084938262678
39209,0.42968206454358154
39210,0.08371739636517418
39211,0.5570093294254074
39214,0.09493606806873835
39216,0.296767243916858
39217,0.5224517306132294
39218,0.2431652151277619
39219,0.33080840954664015
39220,0.2708182862766068
39221,0.08684022549470562
39222,0.6785353764585885
39223,0.37363951745586865
39225,0.6403855466213488
39227,0.3449316751799862
39228,0.28601482038084264
39229,0.2930965603333807
39230,0.383973830365439
39232,0.1755068281835018
39233,0.3131870363723163
39234,0.5869156242089835
39235,0.354794463227015
39236,0.6632128753320861
39237,0.18173976582288967
39238,0.4111008198677948
39239,0.2938863545190573
39240,0.15117032125737614
39241,0.2702599325024051
39244,0.6385417408636341
39245,0.484372823309287
39246,0.2525276895317305
39247,0.5010647597820932
39248,0.3187268814480465
39249,0.6267799228192767
39250,0.5091922452838121
39251,0.5240517784692179
39252,0.3663723736202309
39253,0.5907076240887285
39254,0.22907775594984262
39255,0.547927286239562
39258,0.1865210125343335
39259,0.34540251969511054
39261,0.6229657316966305
39262,0.3350531744247817
39263,0.4841777888288603
39265,0.3752156283008809
39266,0.5920734335820844
39267,0.37378390201660666
39268,0.3576222956074231
39269,0.4564493855079821
39270,0.3149864843332417
39271,0.19546678410884677
39272,0.5720809819096047
39273,0.6387161356169548
39274,0.510495729468612
39275,0.4477850172118501
39277,0.17811936734863898
39278,0.37628541943428956
39279,0.2900670080179128
39280,0.4874910395459487
39281,0.10141849101304805
39282,0.16517261753998239
39283,0.4491688785707472
39284,0.4439475801984784
39285,0.331083353442146
39286,0.41078021094167366
39288,0.5852608675375895
39289,0.41501411614039735
39290,0.554543941296047
39291,0.29247277654046383
39292,0.08237282631048368
39293,0.2795829040391027
39295,0.588931519893623
39296,0.5720165994179426
39297,0.3403796249553954
39298,0.10651548227320033
39299,0.4618296582459725
39300,0.5153136227277016
39301,0.08843094719660784
39302,0.3630485353367216
39304,0.5756693091871651
39305,0.24623538739777298
39306,0.5050547877792098
39307,0.2637490376695569
39308,0.29198392954704216
39310,0.417571448139691
39312,0.7076461387278541
39313,0.3986269528733939
39314,0.3892099155112739
39315,0.41105439388236703
39317,0.6581793526934661
39318,0.44556279146203215
39319,0.4898482816747461
39320,0.5323710811895901
39321,0.7166708452212692
39322,0.24665054312651224
39323,0.2995850025654893
39324,0.39914020746575
39325,0.34049164258905873
39326,0.4598487696367963
39327,0.5241949775748671
39328,0.28086374668871783
39329,0.10887487005292656
39330,0.42599253365972484
39331,0.22447243131317585
39333,0.2909519174528752
39334,0.5821884462334532
39335,0.30674668450336096
39336,0.2697543734558245
39337,0.39295169173880207
39338,0.5810715541665185
39339,0.4439540143042704
39342,0.34424439552979963
39343,0.6290172383020258
39344,0.351472251426627
39345,0.3387893839681011
39346,0.603660439203498
39348,0.6264796806531702
39349,0.5544739879478869
39350,0.5509022678856682
39351,0.48438476899146704
39352,0.3269875620841112
39353,0.7221343643870416
39354,0.27419950713912494
39355,0.4224496506910957
39356,0.39817081175767083
39359,0.4404870540459492
39360,0.40136516744842704
39361,0.4099362833865728
39362,0.4228302286014005
39363,0.6110205595831735
39364,0.12874818305011335
39365,0.35950620898090174
39366,0.17889867440968146
39367,0.30056810886843943
39368,0.2498467047018161
39370,0.2858980384793283
39372,0.0738797369220026
39373,0.4760407025843432
39375,0.5158902603950261
39376,0.10441008472709241
39377,0.3885719964423387
39378,0.2087289035077465
39379,0.5289641274890654
39380,0.6177728516462433
39381,0.06708020509839834
39385,0.4489014946047009
39386,0.2850716990265843
39387,0.2423067507655703
39388,0.5929214614262946
39389,0.09160250933336006
39390,0.37603642539828824
39391,0.07960816874820446
39392,0.43460436848441847
39393,0.09368681845170718
39394,0.3097799204308632
39396,0.2531816952071509
39397,0.4371397872968996
39398,0.4716154261956895
39399,0.5737829013591251
39400,0.3004052093011123
39401,0.24831671794538676
39402,0.5772727022515854
39403,0.3565658901066437
39404,0.6234067872743534
39405,0.2681861242272375
39406,0.13217956197667877
39407,0.5195203307858836
39408,0.5814397177244058
39409,0.4346309850832218
39411,0.562763485626753
39412,0.49351604220502393
39413,0.4925729727371004
39415,0.38589834771671344
39418,0.668885881015873
39419,0.11538123784802286
39420,0.6012357850452016
39421,0.6152573335669264
39422,0.5827894502279152
39423,0.44063728047648826
39424,0.15832955464209877
39425,0.37066888219157873
39426,0.4005764026760334
39427,0.08961034599202945
39428,0.09573455620367559
39429,0.528953344445683
39430,0.2375917718593821
39431,0.37847332748834495
39432,0.38469642701727463
39434,0.33313387098552316
39435,0.40626370624818353
39436,0.3251796157951635
39437,0.4910744370712135
39439,0.29107042953315876
39441,0.3753484971641723
39443,0.4119384189484565
39444,0.4217245854207799
39445,0.5512359200393199
39446,0.37476385028943066
39447,0.4257347642853786
39448,0.19866251933173942
39449,0.2932200414649804
39451,0.2940113634266288
39452,0.29512076295395057
39453,0.36943767299752883
39454,0.4325076825480922
39455,0.3993332926643576
39456,0.6077940449643485
39457,0.27880727686926604
39458,0.5748466611841048
39460,0.26919748103418023
39461,0.10222781670742649
39462,0.32843596070893083
39463,0.45464830034957426
39464,0.34481814755682055
39465,0.4812748012167613
39466,0.5511825715786932
39467,0.5059550323394787
39468,0.6320762380848964
39469,0.36847085287819775
39470,0.28197100298792427
39471,0.3638098954703572
39472,0.5740342751478719
39473,0.2418165855445098
39474,0.5679814422489304
39475,0.19305717851324378
39476,0.4556178309241161
39477,0.48646420325419415
39478,0.38677952882900196
39479,0.38469753437114185
39480,0.529917026766236
39481,0.09096565444079559
39485,0.38554764801460967
39486,0.5894678979791228
39487,0.24538140029620573
39489,0.371448519636107
39490,0.4831291937815083
39491,0.3594638472033446
39492,0.5279905456201698
39493,0.2544417712236606
39494,0.17744907071203753
39495,0.34245796633893827
39497,0.2849107485366546
39498,0.4199508766049176
39499,0.4461640045986388
39500,0.20806580715034917
39501,0.2580910529332599
39502,0.6090590777051946
39503,0.09069523266243645
39504,0.29233440446055625
39505,0.3011979936621691
39507,0.2482761492173259
39508,0.33222806832079776
39510,0.505996944391968
39511,0.6287709701002653
39512,0.6115850293602779
39513,0.24360977998647923
39514,0.5624981526054587
39517,0.0996163902549237
39518,0.31671407257447026
39519,0.3111797745850917
39520,0.19948085540002783
39522,0.25524859165779806
39523,0.13318124807887763
39525,0.49083125271901346
39526,0.22258389313598256
39527,0.3277042206533156
39528,0.2837798362098543
39529,0.35106755783365684
39530,0.48780035847183917
39531,0.21817628029148906
39532,0.5761605196221576
39533,0.3358965791314102
39534,0.4858440251678637
39535,0.3312391235236436
39537,0.29575366157046196
39538,0.46138739165007686
39539,0.43365376300504627
39540,0.17019735070831424
39543,0.10627027197520982
39545,0.1313408595900862
39546,0.4038970905529944
39547,0.471966030906328
39548,0.2556283152621439
39550,0.7393554388389645
39551,0.5892012247231355
39552,0.5497877773173824
39553,0.5628657768874128
39554,0.1502823448045518
39555,0.38338926725319933
39556,0.47375415145227934
39557,0.6261314296795336
39558,0.6237421195501601
39559,0.6187387950658988
39560,0.5581069738972411
39561,0.4374282180121045
39565,0.44737399022376084
39567,0.6904095635778464
39568,0.43423880147585087
39569,0.31280276774584165
39570,0.5315650779014363
39571,0.1680291544246457
39572,0.49663586241118857
39573,0.34535518062697507
39574,0.5434204806853108
39575,0.32979875045063856
39576,0.2680335791863728
39577,0.44146643370278493
39579,0.45203050877191736
39581,0.44051872697183886
39582,0.5191383001872721
39583,0.46521866354287283
39584,0.3496229175704822
39585,0.5726668756231189
39586,0.37662346027742194
40000,0.0
40001,0.35801714472360063
40002,0.4547386679762104
40003,0.8758427546310177
40004,0.4088170112430835
40005,0.5479687306656522
40006,0.2076645730307863
40007,0.6044745066551427
40008,0.9284353518825593
40011,0.473797555574025
40012,0.45502764436193804
40013,0.5034235665434407
40014,0.09612543169729909
40015,0.1515547650954317
40016,0.5974770973423135
40017,0.41838064207892245
40018,0.6590894222521916
40019,0.6751466929095283
40020,0.3896303257054443
40021,0.5592332567352639
40022,0.4232015527560023
40023,0.33199391358756586
40024,0.4357442408737879
40025,0.3609744875304808
40026,0.40266591226969134
40027,0.5824342847146605
40028,0.475089970009509
40029,0.6103011056038904
40030,0.0696684825654273
40031,0.6090431953221288
40032,0.706998758643874
40033,0.2746125283898225
40034,0.8645523475711756
40035,0.9347655794964423
40036,0.4927154218179614
40037,0.2822903783616242
40038,0.37057308063668265
40039,0.17158864046536934
40040,0.3701047104614709
40041,0.5644446469056912
40042,0.7594786020622917
40043,0.5573878856902982
40044,0.7201166178924737
40046,0.5000064486095664
40047,0.6106943083046377
40049,0.4788953067443851
40050,0.21487979321050113
40051,0.2394251329186936
40052,0.4751772684633067
40053,0.05163681917417142
40054,0.5652082831680988
40055,0.32598227892916604
40056,0.1816052961707245
40057,0.6280292113616852
40058,0.15018943453427688
40059,0.9061906830835699
40060,0.15890445320498162
40061,0.3327202480267067
40062,0.3218266977682872
40063,0.8505902734878692
40064,0.4693870475099831
40065,0.46657410193977994
40066,0.24882309325443272
40067,0.2460375028427909
40068,0.7978638294213881
40069,0.5800088596494944
40070,0.40818476806223497
40071,0.7636202507975708
40072,0.5763392020414395
40073,0.5964447016274926
40074,0.4208401619972501
40075,0.760648922642341
40076,0.4731476913145951
40077,0.7161545631082978
40078,0.31570402822213883
40079,0.6061273496464349
40080,0.5230505964976874
40081,0.25652756553598227
40082,0.5986933533004863
40083,0.5087123368199635
40084,0.7571271395889023
40085,0.7069036167757567
40086,0.5598004473267542
40087,0.05910129496481816
40088,0.8060760435148779
40089,0.3740614205652351
40090,0.4977710615821527
40091,0.5153508649006274
40092,0.4315170864467845
40093,0.08617599635792507
40094,0.44316995288192823
40095,0.7203639945828296
40096,0.0830889057041553
40097,0.5319448353970975
40098,0.4279409711335071
40099,0.5945368123542821
40100,0.17905461872043957
40101,0.8323608589461059
40102,0.10199682421788825
40103,0.22474149435388338
40104,0.7604728958188819
40105,0.05966509515789104
40106,0.7764881313826565
40108,0.5227965757524766
40109,0.42866066609912057
40110,0.4381210179431047
40111,0.30648049485006007
40112,0.7290882495491374
40113,0.8007987335785178
40114,0.9161673967393709
40115,0.8162497610971776
40116,0.31843687011830984
40117,0.3873871665094426
40118,0.5221988413097581
40119,0.45443147345778856
40120,0.7977937161350258
40121,0.3635635405967985
40122,0.29716932670739654
40123,0.743826479068424
40124,0.12613363828191934
40125,0.9171564900235728
40126,0.795630784930666
40127,0.43634218391443785
40128,0.40092256993394165
40129,0.7334654354750825
40130,0.5939532786706586
40131,0.07676355921147049
40132,0.5823883719546599
40133,0.6021885877364358
40134,0.7352924644711786
40135,0.028263963438165396
40136,0.5390776751949654
40137,0.2807826554181418
40138,0.45931412373454855
40139,0.3442025489029376
40140,0.11620645757428671
40141,0.34706780106851626
40142,0.8633088214315298
40143,0.5885002311188421
40144,0.35452552177870494
40145,0.5757539308323617
40146,0.3835859236456551
40147,0.3563544821359932
40148,0.25706868717280557
40149,0.047168532613185356
40150,0.5410166946269621
40151,0.8529017789882563
40152,0.8421301004742013
40153,0.3879079341103884
40154,0.9071362830880982
40155,0.7894424907751976
40156,0.7478335511527835
40157,0.6648179999564308
40158,0.04533729327951241
40159,0.8132279573261938
40160,0.6655753854357666
40161,0.1322704610279853
40162,0.20561735920068216
40163,0.7024053636159165
40164,0.07284713490404224
40165,0.11885993304951137
40166,0.620200747694903
40167,0.03016436960375989
40168,0.5494878462941978
40169,0.23456261059445538
40170,0.3860173377839968
40171,0.9026624190182675
40172,0.4747403962014795
40173,0.593862802652631
40174,0.4956105801707326
40175,0.4075909016876089
40176,0.11021236448752537
40177,0.3106665648565936
40178,0.3715346448684227
40179,0.8297926480416304
40180,0.32308869669046225
40181,0.5614440757080187
40182,0.8206085462435757
40183,0.7575840505642307
40184,0.48363376865567026
40185,0.3052787557747326
40186,0.7515422932430552
40187,0.5240731503222108
40188,0.6013363440917104
40189,0.46232732405755267
40190,0.3850805357683235
40191,0.34415627001178156
40192,0.37190146468027363
40193,0.5191110109328564
40194,0.7456276445447659
40195,0.47719426447013674
40196,0.46573551105200534
40197,0.5597744654203073
40198,0.5472395575715364
40199,0.6062689858116316
40200,0.7278224541306084
40201,0.3131085833673829
40202,0.8829468666589748
40203,0.5516430399331477
40204,0.3903904234088098
40205,0.7615291615982608
40206,0.7018629978096191
40207,0.9149235283813105
40208,0.7766203288581163
40209,0.6216654762724813
40210,0.6468893794691807
40211,0.7629329374861834
40212,0.7874767335352976
40213,0.625164294049238
40214,0.4342713905750825
40215,0.27754378794510826
40216,0.7865736206661026
40217,0.5847644802832411
40218,0.0853566831849522
40219,0.5978108319936695
40220,0.5536081943017451
40221,0.49796536101367733
40222,0.7526106699635969
40223,0.5208559774102398
40224,0.7698649714311213
40225,0.20855107363306627
40226,0.3024296419804332
40227,0.7196033512026424
40228,0.44808678509705163
40229,0.4594585274983742
40230,0.8288172339509557
40231,0.6703352931732113
40232,0.5975936148505655
40233,0.6802824103383048
40234,0.15271513634597428
40235,0.7224256748684849
40236,0.7508330495999322
40237,0.8139062721242777
40238,0.363978056813924
40239,0.5041197568813701
40240,0.5488453066671624
40242,0.04640253035718647
40243,0.8007933074711274
40244,0.6822838757254788
40245,0.0840232107855944
40246,0.37758866436327715
40247,0.33498092254680417
40248,0.6812935506693036
40249,0.342695850374991
40250,0.2091755095495734
40251,0.8138408497792521
40252,0.3964979853204731
40253,0.354260140515359
40254,0.6641601550656112
40255,0.22332868886221716
40256,0.7763896515410709
40257,0.45792699422515665
40258,0.25562439507359347
40259,0.4140181501430553
40260,0.7858176268605698
40261,0.6494237472217772
40262,0.03850244745348472
40263,0.7599796033161376
40264,0.5992737397788407
40265,0.12143839061071937
40266,0.39201032844567146
40267,0.11432938889776185
40268,0.6466650324481095
40269,0.8493658672998444
40270,0.5236873297549675
40271,0.6887995056555387
40272,0.6900274171664345
40273,0.6121046945095174
40274,0.316962503090605
40275,0.5290744773033308
40276,0.8362946982014501
40277,0.9162156400238151
40278,0.6240575756149769
40279,0.7776614209952987
40280,0.3132338261280739
40281,0.3095744093557893
40282,0.431126089389213
40283,0.8048046218216904
40284,0.40192687143490025
40285,0.1589641239242824
40286,0.4595539240010618
40287,0.6063939951591064
40288,0.09684214856577555
40289,0.6183395088425597
40290,0.34708294773749776
40291,0.3854492570045995
40292,0.6610796123226749
40293,0.6637976847630062
40294,0.8183059563339815
40295,0.8073940774315612
40296,0.30945296801135663
40297,0.030578599426796582
40298,0.36670786628850666
40299,0.5096885140259393
40300,0.9311143067067825
40301,0.8483828600006739
40303,0.45036575626900643
40304,0.3418970674038837
40305,0.37948662514361825
40306,0.5656550910040815
40307,0.4097753150163686
40308,0.8089421301730342
40309,0.2778945050143974
40310,0.5894017810399181
40311,0.8176188431154251
40312,0.67757305782558
40313,0.29046172867807624
40314,0.8665960615351201
40315,0.8467573849265353
40316,0.43754642716354814
40317,0.3535957808759429
40318,0.42075761604013867
40319,0.8738629960273361
40320,0.2866054699331758
40321,0.5663770973912284
40322,0.8980472699842874
40323,0.03545109757770135
40324,0.7511119940224713
40325,0.5369179632960638
40326,0.6604344050544259
40327,0.08397233219624889
40328,0.5408580444984117
40329,0.5452850419390425
40330,0.302619320189903
40331,0.2660758141821869
40332,0.6581594333241562
40333,0.19932843001917702
40334,0.9142480231605119
40600,0.0
40800,0.0
40990,0.0
41000,0.0
41001,0.45302798709478864
41002,0.08999759952916986
41003,0.36589133522699985
41004,0.2008388225505123
41006,0.4764176083667245
41007,0.3583850471526912
41008,0.6250145263939252
41009,0.8114476234810745
41010,0.2641252564014278
41012,0.2928932051384009
41013,0.451015096135531
41014,0.32661849146018185
41016,0.27383452510898737
41017,0.6764618509489141
41018,0.5118421721623987
41019,0.8296961584014619
41020,0.32237597499673915
41022,0.5710953272421194
41024,0.5195379163945756
41025,0.7524869976262044
41026,0.37316942393825014
41027,0.792384498257339
41028,0.1612745528273188
41029,0.7593410792597014
41030,0.45556999078652316
41031,0.7105779595297631
41032,0.7312132260038414
41034,0.8235596634404319
41035,0.7612467595852936
41036,0.797129732614939
41037,0.32606155625519384
41038,0.33693978754419174
41039,0.6801118360812864
41040,0.7575310570571311
41041,0.4049150423070274
41042,0.46234256924366807
41043,0.16148617416259356
41044,0.6212955601594633
41045,0.5791145746210532
41046,0.6168958714670713
41047,0.8836816191718203
41048,0.414147815214198
41049,0.2547098169739285
41050,0.658233956472507
41051,0.48056067304699085
41052,0.738831063517558
41053,0.3271379009362372
41054,0.31307889995447485
41055,0.6609689910872075
41057,0.8437451478887606
41058,0.7675783673816285
41059,0.27934418278932965
41060,0.3007862066943055
41061,0.7132453902323256
41062,0.33946038900586056
41063,0.2929976608069304
41065,0.2619515844061869
41066,0.6995886390885214
41067,0.6320552126268377
41068,0.528359231703538
41069,0.7621850538463955
41070,0.2725224537414702
41071,0.6809320737574488
41072,0.28910926766040684
41073,0.2683942496513461
41074,0.24523969786957092
41075,0.44191087245258887
41077,0.4017428735821363
41078,0.24673314004980418
41079,0.18715610432652272
41080,0.05469808326661007
41081,0.41964042838288695
41083,0.8429443370220148
41084,0.5902045945954956
41085,0.7947163063880708
41086,0.34613113036452076
41087,0.3619279362573864
41088,0.442553464665991
41089,0.24187624186475498
41090,0.5077653777122039
41091,0.7663717990603475
41093,0.611677521488352
41094,0.5353301990372015
41095,0.11855219822310181
41096,0.48831746278734006
41097,0.220114994817279
41098,0.5255382534639202
41099,0.3224554530888529
41100,0.25391841965382606
41101,0.6214945196095869
41102,0.2884776222053721
41103,0.35554298979403404
41104,0.7365444714405608
41105,0.7419071595823178
41106,0.5193390898938045
41107,0.44327251520698735
41108,0.8294108172772079
41109,0.6158536464527832
41110,0.5801397132265641
41112,0.3806873253805183
41113,0.42577187247906956
41114,0.6227714222706725
41115,0.15932510721528506
41116,0.25884057347619316
41118,0.7652620875611792
41119,0.7716935489320661
41120,0.2779244370836862
41121,0.8367239207189314
41122,0.6404938541966051
41123,0.6405655524725721
41124,0.3092019418249853
41125,0.7229985973302321
41126,0.17663014808032743
41127,0.8485236518308196
41128,0.7634224301858238
41129,0.8227213112127303
41130,0.8314479361677041
41131,0.2982040254401695
41132,0.16218945298892773
41134,0.7806828653605224
41135,0.5933628380393303
41136,0.5584398983100775
41137,0.4539965854605672
41138,0.37106201515258386
41139,0.20384895548580192
41140,0.594099305772893
41141,0.39445672523509656
41142,0.5627663179641282
41143,0.37200770388493104
41144,0.4119875361430871
41145,0.7660677838433694
41146,0.0742667322056033
41147,0.7436392301919666
41148,0.8437577852532293
41149,0.3126430821922807
41150,0.6654926786137016
41151,0.06850216234655594
41152,0.4567600354443579
41153,0.3380660000391038
41154,0.2663720169240192
41155,0.8088627051901401
41156,0.7266580761049143
41157,0.30444984010209775
41158,0.3153680040199493
41159,0.7891989808415305
41160,0.8218723543008034
41161,0.5226694302571288
41163,0.29082467408885004
41164,0.11209868621103958
41166,0.44378613465825806
41167,0.6026918350758167
41168,0.6689072853485435
41171,0.3567015346242271
41172,0.4660452399793393
41173,0.435494136255651
41174,0.3772816420657084
41175,0.16074829391001258
41176,0.6077036777369121
41177,0.3851564173141559
41178,0.7920367186228722
41179,0.6761109603092237
41180,0.08897638054189565
41181,0.11570999981889214
41182,0.6893864273733131
41184,0.39080927925445524
41185,0.3406947044956847
41186,0.283889590399484
41187,0.19372729976387779
41188,0.8342145251375719
41189,0.37528024699889545
41190,0.30113821007433134
41191,0.7786383281421828
41192,0.4385024952139966
41193,0.4816678378562625
41194,0.24704077888210818
41195,0.34363136636966846
41196,0.6002679381382413
41198,0.27867560558927706
41199,0.3781855086522839
41200,0.2652473011523127
41201,0.3392246307631121
41203,0.6893852290208001
41204,0.7497995825296738
41205,0.2905801210070156
41206,0.8122112462756488
41207,0.7995771815046556
41208,0.3331253965406828
41209,0.24687337592500824
41211,0.36833255946653615
41212,0.7993786704586489
41213,0.42623290452016077
41214,0.27087548167759
41215,0.41299541229731496
41216,0.31929357158463484
41217,0.06980607073250754
41218,0.3507454938367114
41219,0.7002382653217124
41220,0.37426126504071516
41221,0.4055026446223207
41222,0.6025044269411145
41223,0.6257051202738182
41224,0.4432607236171444
41225,0.295257633162007
41226,0.25688278227705313
41228,0.4295171815619616
41229,0.10512095899655886
41230,0.7100499255108264
41231,0.49376585901626974
41232,0.3881826663983461
41233,0.44549327713040165
41234,0.5966893829820307
41235,0.2597589533757039
41236,0.3812829838836089
41237,0.38419989947051936
41238,0.2380024422553649
41239,0.524137291341053
41241,0.7653155347853154
41242,0.32743128961199003
41243,0.8458565419849434
41245,0.6354140285164855
41246,0.7668695606858346
41247,0.27069820412802886
41248,0.16032499666970493
41249,0.555489202353435
41250,0.20793029273225275
41251,0.7390342331008961
41252,0.6611067876880038
41253,0.693895221711967
41254,0.3205698176226729
41255,0.2770128732108774
41256,0.6725053669305305
41258,0.10289879704184395
41259,0.28936933343106674
41260,0.7363791649593647
41261,0.7142166629391111
41262,0.685152920807662
41265,0.38490083456760255
41266,0.7846546135099417
41267,0.15040483038241156
41268,0.47307084681911765
41269,0.3318546840831477
41271,0.48075352264699345
41273,0.0901284140259409
41274,0.48544085544851123
41275,0.17144499297002644
41276,0.8518270544940328
41277,0.43143361839246147
41278,0.4243428344473464
41279,0.27999132591402864
41280,0.40042109403794496
41281,0.7425447365011779
41282,0.5033801182851758
41283,0.7197366911708962
41284,0.8109646583427789
41285,0.844717254982866
41286,0.4611656712397638
41287,0.2650338096720199
41288,0.7738145317384123
41289,0.7187556990138001
41290,0.6951187991267211
41291,0.4237729138615501
41292,0.7052017105027449
41293,0.30967301963173227
41294,0.2991139584542751
41295,0.707940065501711
41296,0.5781273202794874
41297,0.6014095172163899
41800,0.0
42001,0.4606952724383251
42002,0.8608548674637064
42003,0.20003057194524218
42005,0.6305536659162029
42006,0.10703815006064159
42007,0.6054852819584182
42008,0.8014897138119511
42009,0.41109973413674145
42010,0.903400764617273
42011,0.21498377925909473
42012,0.3239826165906456
42013,0.4458064779813844
42014,0.2818442792317059
42015,0.3497221321788773
42016,0.529130364749836
42017,0.7496749722059661
42018,0.7394086709844189
42019,0.653753173393041
42020,0.27304389803159923
42021,0.4601560775005522
42022,0.6603693685175657
42023,0.7199802727013278
42025,0.6787331118083001
42026,0.5755473316880574
42027,0.7451744963038287
42028,0.19587149634092152
42029,0.47645314607054906
42030,0.5485064806648222
42031,0.8352767927594694
42032,0.8359516553992977
42033,0.5670975225790027
42034,0.7671131247905909
42035,0.8184075736777432
42036,0.8312458494733225
42037,0.47621914860913345
42038,0.26553318562729805
42039,0.8519190865806422
42040,0.8742323804503909
42041,0.3289475254239906
42042,0.9159132505078574
42043,0.7051558871278849
42044,0.815697393264454
42045,0.8990133476308406
42046,0.3893180835861112
42047,0.8223418992239503
42048,0.5465639610470944
42049,0.24373568888101246
42050,0.26572933680656874
42051,0.7003963118482347
42052,0.5031352946475743
42053,0.7909574022772871
42054,0.3809654725232851
42055,0.9485614402513572
42056,0.6378368631722625
42058,0.33793455798407
42059,0.5470510698587899
42060,0.3567502846222918
42061,0.7746146717077736
42062,0.8975357899226242
42063,0.38627498369234575
42064,0.7124536080447593
42065,0.3184897324372736
42066,0.3251591735588542
42067,0.7302894063401971
42068,0.5382609499159279
42069,0.3099395066577432
42070,0.4429182526400919
42071,0.3701246876852316
42072,0.8714843040295497
42073,0.4828601244943131
42074,0.568204718973873
42075,0.31562101119445024
42076,0.7950518994064738
42077,0.35565894428240874
42078,0.18129757255006584
42079,0.6383667819969726
42081,0.3212159945992829
42083,0.568153905930263
42084,0.8441937338535787
42085,0.7394871551515033
42086,0.3895354288462154
42087,0.3866415216713605
42088,0.4636012681040635
42089,0.3287919855190362
42090,0.522706133924228
42091,0.19498771165738624
42092,0.7676360450523285
42093,0.8253782235270161
42094,0.3942709350153614
42095,0.795060350969257
42096,0.9617495062216065
42097,0.7015165444787735
42098,0.3679666549113653
42099,0.7963697751093122
42100,0.9585244828335195
42101,0.7386739190870705
42102,0.953903497806227
42103,0.8294365805531093
42104,0.562463019082262
42105,0.26455660321174373
42106,0.8514776054155829
42107,0.3288804183694802
42108,0.28049944464975357
42109,0.8528560084699398
42110,0.84871870691277
42112,0.6739601308916304
42113,0.5491267847987801
42115,0.8825151031203967
42116,0.8667362669995343
42117,0.4090430689795738
42118,0.4295934497966667
42119,0.816977827984454
42120,0.6824652130169726
42121,0.3939851385417179
42122,0.3568581868387723
42123,0.8122483818832532
42124,0.7633630557541634
42125,0.8622258515851694
42126,0.36286748554141407
42127,0.41477156013484723
42128,0.3590688334746186
42129,0.6799292205084942
42130,0.34188174864354076
42131,0.5450152012378644
42132,0.7117360014539709
42133,0.9527765689257669
42134,0.4322789155123023
42135,0.31442685495783446
42136,0.4353158175427391
42137,0.39854927819224745
42138,0.39576773165049134
42139,0.8735281746600158
42140,0.26072117865399175
42141,0.5603266620157559
42142,0.14229774567847622
42143,0.2618964139767792
42145,0.5489406744553706
42146,0.2719631580531554
42147,0.4677629703323339
42148,0.5510491248358179
42149,0.26718255283859826
42150,0.44563437609862544
42151,0.30774644482000496
42152,0.5838583058220016
42153,0.31875328667970243
42154,0.5754366729178035
42155,0.19042701673499743
42156,0.21712662808710295
42157,0.3008364341714598
42158,0.4488372481190683
42159,0.708208886908622
42160,0.8400896487212369
42161,0.35041914610782543
42162,0.5133678656997233
42163,0.18595079982965632
42164,0.8351483278791941
42165,0.4173089131008609
42166,0.3554594538298222
42167,0.9318579793467737
42168,0.8838695049486756
42169,0.5719072857057159
42170,0.3335918052726952
42171,0.29119325113127514
42172,0.7625018666815296
42173,0.19756714981197795
42174,0.2713204476491196
42175,0.4865723060230498
42176,0.30381476583035094
42177,0.4745174553381078
42178,0.33634777776110836
42179,0.45088290505490436
42180,0.27561901467457656
42181,0.4010180633109106
42182,0.3548963402065019
42183,0.8719603989682309
42184,0.38794024235778685
42185,0.35723654113973696
42186,0.7495221405250332
42187,0.4150463984793655
42188,0.4208365956957132
42189,0.7296340236254717
42190,0.0
42191,0.9431547359069512
42192,0.2985481649335839
42193,0.4521917290985836
42194,0.14203259862805656
42195,0.7721465843058285
42196,0.6059130371680289
42197,0.41324993021086426
42198,0.7000327833497405
42199,0.406703789553789
42200,0.44684506336768187
42201,0.5043956896393732
42202,0.45358900462327023
42203,0.19743964216330454
42204,0.4190611439136978
42205,0.35508929548227464
42206,0.6907561739488653
42207,0.7065868263804836
42208,0.9547106101919703
42209,0.5047372233421842
42210,0.8262750862734197
42211,0.6451457491587281
42212,0.2883695568136899
42213,0.44127738142555906
42214,0.4780265630896479
42215,0.5237145305764747
42216,0.9053090571096614
42217,0.8737558195654517
42218,0.5980533837259402
42219,0.4540103538659992
42220,0.28217607517773224
42221,0.2615323970983608
42222,0.7691854517261895
42223,0.7558783511279469
42224,0.7244350308523763
42225,0.7937911801416649
42226,0.22957474168018455
42227,0.8153330705328853
42228,0.381984378680358
42229,0.1857201470582782
42230,0.5331124764838816
42231,0.2835731895029914
42232,0.45460102610205105
42233,0.25165847956950355
42234,0.7295432619008663
42235,0.2488155138668745
42236,0.5659586013727496
42237,0.8356301621028206
42238,0.7149997006181762
42239,0.6956078680400649
42240,0.3035453801543491
42241,0.27669123383750605
42242,0.7638059120153472
42243,0.6270745285433375
42245,0.7719181082564611
42246,0.5166875377982189
42247,0.8662784234219997
42248,0.8077822425933787
42249,0.33795234242181743
42251,0.5365093082617235
42252,0.8610761921091287
42253,0.3803353601324817
42254,0.27012642122774255
42255,0.8586330824583851
42256,0.5089067831419184
42257,0.07621473301635738
42259,0.7602517576249141
42260,0.7970237935604465
42261,0.48389443014336564
42262,0.8993436828862968
42264,0.9087429112300924
42265,0.6642230335564246
42266,0.2644535740431599
42267,0.4686653109881716
42268,0.5617670896160668
42269,0.5135258137896636
42270,0.8152226284099173
42271,0.8227701548624845
42272,0.6716740272768765
42273,0.6186647324631086
42274,0.7895674373669029
42275,0.7876181566458226
42276,0.8045866506088077
42277,0.3117669129561424
42278,0.7545893408833698
42279,0.5626919215772496
42280,0.9421462362359572
42281,0.49287116338023046
42282,0.7950551208346303
42283,0.9384099032340409
42284,0.3254247288154844
42285,0.42259881042981934
42286,0.8543788760389432
42287,0.4948832490754367
42288,0.8117652935424994
42289,0.2865241619928598
42290,0.4367037250408757
42292,0.0
42293,0.5730891751747964
42294,0.38009640898470387
42295,0.8391007131998202
42296,0.5382931635253274
42297,0.5469934059899552
42298,0.3417683076016462
42299,0.42677116142208754
42300,0.6061704345372964
42301,0.38036673905386603
42302,0.7647275807847728
42303,0.6291328127061809
42304,0.47226121641197644
42305,0.806506309959393
42306,0.7498226669563316
42307,0.5607743801734476
42308,0.8637169274601931
42310,0.7281409993733082
42311,0.7892344304653302
42312,0.3744383051677576
42313,0.4717196123180028
42314,0.7926238993667827
42315,0.3036443602061636
42316,0.7881752819898568
42317,0.16963667902913496
42318,0.10354671999438364
42319,0.5235942455745696
42320,0.9626683245126095
42321,0.8786511069763292
42322,0.7495752519092562
42323,0.6039072576410127
42324,0.6586975829414471
42325,0.2920245636443858
42326,0.7230533340167957
42327,0.67322655108614
42328,0.3325412034035395
42329,0.7314052931595221
42330,0.7833216253779703
42331,0.6982185660943306
42332,0.35516763901144
42333,0.6284994589822749
42334,0.43775103104900753
42335,0.5472749870700494
42336,0.43158751004889434
42337,0.3084108114319934
42338,0.35497581591843685
42339,0.746503179079196
42350,0.0
42800,0.0
43001,0.5107110758858554
43002,0.38819333802002437
43003,0.040287249817681746
43004,0.31498189938497984
43005,0.09633714879107654
43006,0.5605160891423061
43007,0.1573545193433236
43008,0.10307574338560155
43009,0.1868236354530141
43010,0.17045543414161698
43011,0.22862370360280534
43012,0.7488755005142153
43013,0.059303313722567426
43014,0.7463841787964224
43015,0.7483869635211865
43016,0.46485347399627797
43017,0.5145073646648785
43018,0.13557567578723365
43019,0.07187308817756759
43020,0.1173716830404432
43021,0.3078698065906046
43022,0.5502148852259939
43023,0.062473962565205154
43024,0.15766903861035328
43025,0.1220298138659831
43026,0.16508347958661307
43027,0.3485900504684602
43028,0.25691715788103603
43029,0.7614765060356036
43030,0.19217148022173444
43031,0.44188433288688045
43032,0.17634061079344163
43033,0.5261991422428646
43034,0.12849542997526264
43035,0.08467950539144414
43036,0.13255897455803572
43037,0.08046621530157315
43038,0.5170192568286316
43039,0.11217238975424454
43040,0.4584728429077222
43041,0.2942992979026373
43042,0.11099052040593642
43043,0.14049099317675304
43044,0.25786221752440963
43045,0.18786624435420582
43046,0.3570315018248695
43047,0.294991954721235
43048,0.11737787594603812
43049,0.27900292088347944
43050,0.5498419455970701
43051,0.143463286053875
43052,0.6220483583174904
43053,0.20921813540161346
43054,0.8122020137693241
43055,0.4964747287156855
43056,0.19698695560019583
43057,0.1399164127665037
43058,0.2905486669904976
43059,0.10287271405202292
43060,0.21314890153129207
43061,0.1940485491323776
43062,0.09965726652128408
43063,0.2675892345336229
43064,0.6837588788687224
43065,0.38206846893920904
43066,0.14945077091273165
43067,0.09133058895812474
43068,0.1981211813008974
43069,0.22067002704566127
43070,0.36452557476420827
43071,0.06143991251560077
43072,0.4147583846554403
43073,0.3757937932268008
43074,0.5017223872155679
43075,0.4391886422790337
43076,0.10540167818776736
43077,0.18103595789805385
43078,0.1581779984378726
43079,0.21883675532779423
43080,0.10849776444616144
43082,0.3197828073972516
43083,0.1931648262419723
43084,0.13241482412215452
43085,0.15738954111149936
43086,0.27861937113365903
43087,0.33819726380278164
43088,0.5509868483478213
43089,0.22119486254538767
43090,0.1558356057474616
43091,0.20709582777509736
43092,0.19848691273003727
43093,0.05299293605544347
43094,0.14473267153007713
43095,0.06268873124598108
43096,0.44080466829603354
43097,0.1763303932068108
43098,0.2851697349980997
43099,0.4991773468652127
43100,0.4090491332434669
43101,0.3286008204258291
43102,0.12557861961394876
43103,0.5298395765195351
43104,0.845964599332479
43105,0.545915148442118
43106,0.06213628834798767
43107,0.16141578449656405
43108,0.06304723682618624
43109,0.289061018628642
43110,0.4684535432954526
43111,0.049696654891027287
43112,0.09804053102914094
43113,0.250482081324171
43114,0.17807666071671754
43115,0.22466648015232984
43116,0.3873640787805353
43117,0.4580119891458763
43118,0.42290625498322454
43119,0.34083135805536613
43120,0.5265036320881732
43121,0.5782813133242285
43122,0.11543934991720001
43123,0.6142589821638622
43124,0.0969964343272061
43125,0.5125763805085923
43126,0.1890032669782339
43127,0.3320293439525999
43128,0.07327028277448548
43129,0.15404087355754448
43130,0.12792852711424021
43131,0.18963011795984108
43132,0.05908309164889667
43133,0.7399009236232645
43134,0.31354031079505446
43135,0.2463642636275726
43136,0.10469561732078518
43137,0.13753999281608564
43138,0.07088793479691032
43139,0.4557455920044542
43140,0.3071748161936137
43141,0.1524154234742744
43142,0.15538999603980988
43143,0.24580143394456477
43144,0.26387345766866077
43145,0.086341232112444
43147,0.5874278243734258
43148,0.15410115090962287
43149,0.24212665044918347
43150,0.1952055735331751
43151,0.2835340335818907
43152,0.16651951093160733
43153,0.7682248503575861
43154,0.13218572251554653
43155,0.17849030880020797
43156,0.18626818299404294
43157,0.20463968484440817
43158,0.18080079096887683
43159,0.15572536861395603
43160,0.04546693735468941
43162,0.2289494239617479
43163,0.1846684606369836
43164,0.20268552131660456
43165,0.1726759978304874
43166,0.2133517562395637
43167,0.20486500656952641
43168,0.0931397675052884
43169,0.27595063912608947
43170,0.521481763855059
43171,0.15722567354554728
43172,0.2808367267672672
43173,0.08167557311275396
43174,0.13413314077408747
43175,0.36887110727731726
43177,0.7758128715960301
43178,0.3249086424802347
43180,0.11923635304386082
43181,0.18918116631633963
43182,0.5828175530235585
43183,0.07284065521406723
43184,0.779550770866447
43185,0.3305975332144447
43186,0.2028111934893375
43187,0.244980228572003
43188,0.20433552374609165
43189,0.07234362319546304
43190,0.14735832452028144
43191,0.6515673477416102
43192,0.05329404177464084
43193,0.6383015069889678
43194,0.16770799839040948
43195,0.4851130190566555
43196,0.09180388408538055
43197,0.12138743273347134
43198,0.1325926636220896
43199,0.1730600062945212
43200,0.15807655797700307
43201,0.11288047943101154
43202,0.21333564248230352
43203,0.21249391711930654
43204,0.14814351846212268
43205,0.8100671506545546
43206,0.5320477148516706
43207,0.5602588637286177
43208,0.4095598208762865
43210,0.30649098697129423
43211,0.10545694228185655
43212,0.0989618598003532
43213,0.17390873696467093
43214,0.11651314081895105
43215,0.10408783321592428
43216,0.10286267689059814
43217,0.08306150822457051
43218,0.15690422801873186
43219,0.4752704170805071
43220,0.2797758672007861
43221,0.24831467068566002
43222,0.279805865258533
43223,0.266936511814548
43224,0.15302602097833906
43225,0.19364361635099533
43226,0.5404147238067383
43227,0.8546882164742042
43228,0.06388867758841614
43229,0.13556060105780407
43230,0.3009493131033441
43231,0.20092302122599817
43232,0.2626676684327686
43233,0.13344576523876572
43234,0.1037027108191717
43236,0.21738086695968475
43237,0.09257764444491641
43238,0.1363782080228981
43239,0.04484392983827412
43240,0.23024936403170673
43241,0.11574771021223122
43242,0.13631836939139333
43244,0.1709469292312251
43245,0.2511024747205323
43246,0.1936664208593525
43247,0.7872400957584405
43249,0.16585051408204218
43250,0.38067639823967053
43251,0.2061270075280277
43252,0.07944239388912962
43253,0.08303617539924138
43254,0.13151581676629584
43256,0.1548100394895264
43257,0.13820532441609512
43258,0.42772253203055205
43259,0.10712967904373172
43260,0.2951567450042122
43261,0.4653752887667036
43262,0.35142901262041293
43263,0.233049712966626
43264,0.47782873854249225
43265,0.14798080825648105
43267,0.272163600593335
43268,0.21261784497115502
43580,0.0
43700,0.0
43750,0.0
44001,0.31048049118877336
44002,0.4464964871465133
44003,0.45064877083898675
44005,0.2042950145998855
44006,0.5424587915532552
44007,0.26687673492172087
44009,0.6226767545332357
44010,0.7772998464828111
44012,0.3261238274891829
44013,0.352764966421804
44014,0.5405400226816002
44015,0.22454906642104722
44016,0.5107989547357773
44018,0.6821876142305774
44019,0.21225251841846302
44020,0.5874100285537587
44021,0.2958079032724792
44022,0.49595091865396884
44023,0.19382576864326895
44024,0.739489518318574
44025,0.2253620972593445
44026,0.4708039651917659
44027,0.7080563417123367
44028,0.6600737349071951
44029,0.6451965528494058
44030,0.5633313596162349
44031,0.49942253846467904
44032,0.5833285997848133
44033,0.2936463939795599
44035,0.5480582335919671
44036,0.5178780785423881
44037,0.5409080631342632
44038,0.26281554382495
44039,0.6613628614833752
44041,0.6641462492584188
44043,0.5769310371484121
44044,0.22708954509232604
44045,0.35742354768457246
44046,0.5892721675376124
44047,0.4778625617600503
44048,0.3175031672340524
44049,0.622986739306581
44050,0.42818420082814734
44051,0.09791769282371952
44052,0.4256794387130707
44053,0.28565750726764133
44054,0.41853909862605665
44055,0.6144391191938854
44056,0.23959927739010375
44057,0.2662597249924865
44058,0.34087821021662457
44061,0.366520485957917
44062,0.31055020820118545
44063,0.36296472614290803
44064,0.5125300576964908
44065,0.40988852357038913
44066,0.5248130262386611
44067,0.5128233986977574
44068,0.3222161767324558
44069,0.6067300987534124
44070,0.6548127993602187
44071,0.5669598464974152
44072,0.5879175466559566
44073,0.3321601922438085
44074,0.7129439461327273
44075,0.41469559021070523
44076,0.1751706844490042
44077,0.40178302377292424
44078,0.4324475263787029
44079,0.578543762375897
44080,0.32398504559388586
44081,0.4887707142534663
44082,0.4792353929070674
44083,0.3857937660387973
44084,0.5427232049876844
44085,0.5284614718449948
44086,0.3234787602733848
44087,0.43462388488555354
44088,0.6606200396989784
44089,0.16463834384859247
44090,0.2979167756473171
44091,0.16563187799958276
44092,0.5069894687210307
44094,0.7549100314991074
44095,0.4158601809063596
44096,0.34675603713530556
44097,0.5413860868871846
44098,0.1888283655022048
44099,0.49440637717446484
44100,0.6396216296256204
44101,0.7583719095433611
44102,0.40759679534310145
44103,0.625463370520609
44104,0.2737037948451214
44105,0.3777497257400649
44106,0.3684685270409125
44107,0.40696116440195734
44108,0.38370765101284937
44109,0.487075244184801
44110,0.48831463846735046
44111,0.4708628842658284
44112,0.39309664745465317
44113,0.11418015169163154
44114,0.48810990243937386
44115,0.4085535006986947
44116,0.6138849509125732
44117,0.5471338779311277
44118,0.3389999172805773
44119,0.33641461453057503
44120,0.5690358493171591
44121,0.41404215123739707
44122,0.6114069936489873
44123,0.1719858925047827
44124,0.1926655133403883
44125,0.5344577841354917
44126,0.5887521131894596
44127,0.337690448990629
44128,0.3822330302860977
44129,0.3321368436729081
44130,0.5755525218209833
44131,0.2600002571408833
44132,0.6117751045068632
44133,0.6366595309339452
44134,0.3987648940401544
44135,0.8029120783841103
44136,0.6653998891243723
44137,0.3048072688601971
44138,0.21140935636725944
44139,0.4453675215386899
44140,0.22799977247251535
44141,0.5228971237038292
44142,0.34833892555983503
44143,0.6060193187264554
44144,0.327255737397584
44145,0.48717674411127493
44146,0.3638008594011655
44148,0.6826085385153279
44149,0.11521287653821814
44150,0.6096563114513893
44151,0.628573421867952
44152,0.22243732009998252
44153,0.41249124277334315
44154,0.6336178925253744
44155,0.5746215131711838
44156,0.32830693716385045
44157,0.3495521143808296
44158,0.46086611366092195
44159,0.7051200616790987
44160,0.0
44161,0.30666646013788473
44162,0.6337205196071901
44163,0.21801332638543255
44164,0.2699882801323266
44165,0.49329068682597277
44166,0.7282476049484354
44168,0.6133546967798509
44169,0.6058870827557694
44170,0.39752956641062326
44171,0.7397360991649401
44172,0.6089641683925925
44173,0.4307359090560195
44174,0.506349983143647
44175,0.5933015047256465
44176,0.6277865696747719
44178,0.5548586385183286
44179,0.645915089940411
44180,0.2380093019808054
44182,0.5716137278611694
44183,0.6312659247521607
44184,0.5735954153200223
44185,0.342556788509148
44186,0.3055288850164009
44187,0.4935943558234765
44188,0.5595553101168004
44189,0.4007024092355005
44190,0.6250668108825007
44192,0.47788916627128736
44193,0.463957171615858
44194,0.5612476591895906
44195,0.2095393400634672
44196,0.28488808596521237
44197,0.5494861862807754
44198,0.5624315600116686
44199,0.36501131790432356
44200,0.6882519447023135
44201,0.5842368760408511
44202,0.44055333768730204
44203,0.4775185253162018
44204,0.5481303716628644
44205,0.4089489298716156
44206,0.4527044615796169
44207,0.4113132450895414
44208,0.3695821660554915
44209,0.5243581128157485
44210,0.75016911874726
44211,0.5322121998610568
44212,0.26947933449874345
44213,0.22505101946835426
44214,0.1773750835006078
44215,0.47201567920195614
44216,0.27961332657403254
44217,0.47795432978046604
44218,0.3311110013599731
44220,0.31977158819644674
44221,0.14990594683451539
44222,0.2628928351494015
44223,0.6484352472252034
44224,0.1686903699341525
44260,0.0
44300,0.0
44350,0.0
44400,0.0
44500,0.0
44522,0.0
44720,0.0
44800,0.0
45001,0.30953008882191396
45002,0.3788275043637475
45004,0.5214216318203735
45005,0.45588955916981183
45006,0.45379629536663596
45008,0.6996080661390013
45009,0.7673090415873722
45010,0.2728342496080533
45011,0.22994622527926054
45012,0.6087958523742352
45013,0.7482783868379381
45014,0.47211546686557865
45015,0.7117182042914871
45016,0.4217176996670186
45017,0.534820016255536
45018,0.4428667956407413
45019,0.5832875876191652
45020,0.7463601664969447
45021,0.5313715784230976
45022,0.4226483639272736
45023,0.10408256870652817
45024,0.8016714044600656
45025,0.6565397656690003
45026,0.35185721549571464
45027,0.3292988648360871
45028,0.5145159658187142
45029,0.12317593506749712
45030,0.3561293343599201
45031,0.317268693701554
45032,0.39300549618346453
45033,0.5678118088532541
45034,0.7327997830965423
45035,0.3534546412673081
45036,0.18258466742518956
45037,0.5209514220587259
45038,0.5736606295682746
45039,0.34968505924057186
45040,0.07279499628586512
45041,0.3804768572987229
45042,0.3452807692300288
45043,0.6851693960171894
45044,0.8145793145070979
45045,0.45554783999955234
45046,0.7504645911761759
45047,0.2351881394127234
45049,0.15982179348763545
45050,0.41694009843021784
45051,0.21218513975405348
45052,0.4737078964781354
45053,0.15286702825780638
45054,0.6263277781346872
45055,0.7538845909535467
45056,0.680209421684148
45058,0.8337325707522819
45059,0.7423686646079733
45060,0.2739959101156125
45061,0.25120795843941535
45062,0.5733219827213603
45063,0.3596918404111014
45064,0.500703287061838
45065,0.42824747939726016
45066,0.49205741933209346
45067,0.397340610107994
45068,0.27589660072071504
45069,0.3314009144585015
45070,0.4519935997361915
45072,0.7406842945494496
45073,0.26361160309959847
45074,0.6978430503587015
45075,0.40807901807839597
45076,0.6485510717381723
45077,0.5489982976736973
45078,0.6165138226057407
45079,0.46650268861510985
45080,0.700195304602139
45081,0.6256912324004831
45082,0.313036361759745
45083,0.4990586038881579
45084,0.26239056758226814
45085,0.34051928169169715
45086,0.7589501023707513
45087,0.19109981036770765
45088,0.7575573754202933
45089,0.6817888450547583
45091,0.5680606554138509
45092,0.3187206404225
45093,0.5081618760590247
45094,0.4519680253441798
45095,0.4206566416949296
45096,0.27459332157927
45097,0.2527162378509226
45098,0.5609975124926203
45099,0.7950013891683136
45100,0.7018846108882331
45101,0.24236423222809336
45102,0.7273020273193521
45103,0.3230604859569109
45104,0.25220357680876315
45105,0.6767091980371953
45107,0.39480653879199723
45108,0.367206040294281
45109,0.7767743820276615
45110,0.44149375007040864
45111,0.15296491363005116
45112,0.5267906349602599
45113,0.47098753147792166
45114,0.4187761544578959
45115,0.15494618614066333
45116,0.6440658222365547
45118,0.7166672371450448
45119,0.5376967207232953
45120,0.36600245411638604
45121,0.41792453082649805
45122,0.3862361190213915
45123,0.6536648696954853
45124,0.7570276871618905
45125,0.76676940992177
45126,0.6579355485736753
45127,0.3306546689741483
45129,0.399945838216182
45130,0.5864643528090899
45131,0.5792437715232359
45132,0.4915544569265518
45133,0.40431010536022843
45134,0.5771539305830843
45135,0.6444462415172739
45136,0.32983989131818603
45137,0.18766233317898542
45138,0.6199731912275986
45139,0.4300589777122121
45141,0.126670426801316
45142,0.5533624347770075
45143,0.5992922528184353
45144,0.5572656736049392
45145,0.24652763895728555
45146,0.4102329770274776
45147,0.6433424764365583
45148,0.26545939016146525
45149,0.4268270111282981
45150,0.4807172438755892
45151,0.585184406043172
45152,0.7575914807944221
45153,0.28534542960542925
45154,0.48847209066899033
45155,0.19946541867145973
45156,0.30363790569198357
45157,0.476834782076975
45158,0.34731647914760927
45159,0.5802283206492325
45160,0.4572340672862892
45161,0.27361282171939866
45162,0.40346061902439284
45164,0.21310727776702046
45165,0.6184083032953849
45166,0.5607344830399855
45167,0.5702493166571386
45168,0.37860090775123245
45169,0.4214856134304877
45170,0.548261222156926
45171,0.13587460013711264
45173,0.6229133349223757
45174,0.45767897497316695
45175,0.7097472764373917
45176,0.4275609571265559
45177,0.31708258583107995
45178,0.4693604117010713
45179,0.55287382119962
45180,0.41772610483234285
45181,0.688664576030194
45182,0.7980905096969638
45183,0.841366195607315
45184,0.5011589751757061
45185,0.40399075608099827
45186,0.3686275154425019
45187,0.29384996936021085
45188,0.7015685850205126
45189,0.5453401218244464
45191,0.4073400800020301
45193,0.6675274580868532
45194,0.7160147012759787
45195,0.1381125060458943
45196,0.5767415107035367
45197,0.7655051554072624
45198,0.4592234400319184
45199,0.5531735782261614
45200,0.6911072001564694
45201,0.45017952660890864
45202,0.7939718385327561
45203,0.6075616595988134
45204,0.5177182619882686
45205,0.593243911268563
45206,0.38708167713403546
45207,0.38073604205825246
45208,0.4263540117572928
45209,0.5127445545629172
45210,0.5686619759449524
45212,0.5844799589878654
45213,0.4837558724809801
45214,0.6333484806093285
45215,0.38994025579483965
45216,0.7703842013353221
45217,0.6334791331700164
45218,0.3267731642846082
45219,0.5777727137590373
45220,0.37248895994196035
45222,0.2965615920908939
45223,0.2524912982619522
45224,0.670345882733839
45225,0.5161786054970356
45226,0.19311087611676495
45227,0.48270341958077895
45228,0.3080796366565741
45229,0.31826035372290656
45230,0.5463373638631052
45231,0.8367338043234255
45232,0.3577050764449838
45233,0.5413194316469709
45234,0.38718987465548316
45235,0.45207171125347867
45237,0.7677397599438169
45238,0.3458073101273329
45239,0.5825532613943541
45240,0.6497046718347337
45241,0.5305676152015432
45242,0.366502958033879
45243,0.5209164748636013
45244,0.3109714212538109
45245,0.2114147537859176
45246,0.6920713208795798
45247,0.3292210171203654
45248,0.7054630233091522
45249,0.31287168062323495
45250,0.36847654705229144
45251,0.09313707909464335
45252,0.4813273874031924
45253,0.24286714881006585
45254,0.4293019034248518
45255,0.35211132619512986
45256,0.5809107289693697
45257,0.35112243691897665
45258,0.623472776772136
45259,0.3173679617831133
45260,0.41447744525628427
45261,0.7768112553986305
45262,0.8760731658630027
45263,0.6106968821615623
45264,0.7341241779463038
45265,0.3502020551243046
45266,0.634009425758243
45268,0.396870578283863
45269,0.6472519735477426
45270,0.2215684935084734
45271,0.24403897925938445
45272,0.4248418210835088
45273,0.5455196834676213
45274,0.5918691006829514
45275,0.557263754454947
45276,0.2579242720587139
45277,0.5127271509808657
45278,0.5992549162054822
45279,0.5455323277700764
45280,0.49332625043524314
45281,0.16438894203311183
45282,0.4191201086638989
45283,0.6335665239255465
45284,0.605149246352361
45285,0.49559358333107717
45286,0.6173714260910969
45288,0.3896157157031532
45289,0.8372132538361106
45290,0.1376386941451118
45291,0.45373524625443223
45292,0.2763700687138322
45293,0.3630705410292692
45294,0.46418575792383526
45296,0.7583598280212928
45297,0.3508794232205293
45298,0.43356664586455057
45299,0.8088588178047399
45300,0.5792179376347145
45301,0.22879247727888732
45302,0.5380758503164023
45303,0.6102895145002503
45305,0.3773574818937037
45306,0.5227324357839432
45307,0.42325627372469543
45308,0.7011911064519832
45309,0.7274076694302417
45310,0.5241065280137153
45311,0.3362232470429716
45312,0.6672107221286198
45313,0.604224152298583
45314,0.515496107909411
45315,0.2708050052960142
45316,0.24262706316179142
45317,0.6505544845960447
45320,0.5511703072543105
45321,0.580191176883293
45322,0.5494402981839489
45323,0.15536933375595613
45324,0.2655403235975333
45325,0.7527659570527824
45326,0.5928768543541092
45327,0.6343869540272297
45328,0.34263225747772325
45329,0.5054827946784205
45330,0.8638392414085881
45331,0.13420753061496948
45332,0.3063876117990141
45333,0.725986969995429
45334,0.22812764116700265
45335,0.5747458091827092
45336,0.17821815914008513
45337,0.3803019503489368
45338,0.3915712631881177
45339,0.5477305265026976
45340,0.15817713103966127
45341,0.7122809140794389
45342,0.8795899473519757
45343,0.38609739092479395
45344,0.6361733893548086
45345,0.40054507073666756
45346,0.2567982983891995
45347,0.17125354813001414
45348,0.4602049460539139
45380,0.0
45430,0.0
46001,0.655384841920715
46002,0.6187175462825735
46003,0.5127336562799728
46004,0.7174093497390431
46005,0.795068861171536
46006,0.6479262984122015
46007,0.34648570475857515
46008,0.7164858085598791
46009,0.5187003300004029
46010,0.3633531612952962
46011,0.6624708789573653
46012,0.8114371953733929
46013,0.42981717485586435
46015,0.5406571862271821
46016,0.3585980864824678
46017,0.7292647428421928
46018,0.4196072691961728
46020,0.48617599996377486
46021,0.47581237130198945
46022,0.6599564661746499
46023,0.26207064606569785
46024,0.6973975323612408
46026,0.4831017607783319
46027,0.5638178720519783
46028,0.5988426593030404
46029,0.5802593791973778
46030,0.5518838367694031
46031,0.5363119460999863
46032,0.6050957425040193
46033,0.4686297478515624
46034,0.6901002567138335
46035,0.5363473311697559
46036,0.7123050397860674
46037,0.6465338126200206
46038,0.8142080035557747
46039,0.6516983382304483
46040,0.43844513647730704
46041,0.7615057642651561
46042,0.4335966277447258
46043,0.5433933073954198
46044,0.6975282284060276
46045,0.5791825804552131
46046,0.6490747575550623
46047,0.5911555665080567
46049,0.41953634261751155
46050,0.6416864763976734
46051,0.5581041565885689
46052,0.5825344541925256
46053,0.5604592366710635
46054,0.4017572238541504
46055,0.7716661026030599
46056,0.6734339928916128
46057,0.6944946318536044
46058,0.5931386904995861
46059,0.41999503253386844
46060,0.6543275760226589
46061,0.7090477927759545
46062,0.7773861044094835
46063,0.3092599266231249
46064,0.7698997216557114
46065,0.6521854914220512
46066,0.7748164225720934
46068,0.4333685383157136
46069,0.49393655377088025
46070,0.3607114829310756
46072,0.6613642910432161
46073,0.6110116160615897
46074,0.5794518477497318
46075,0.49526300473060636
46076,0.5311763764713189
46078,0.6595398276689329
46079,0.43519455614013697
46080,0.6728821229499196
46081,0.5273003622523937
46082,0.39876213689392587
46083,0.5201773364599865
46084,0.5810973368107113
46085,0.4966345816398792
46086,0.2946108241782737
46087,0.6861630113921026
46088,0.7154083239225382
46089,0.8012379168850673
46090,0.47104530229374664
46091,0.552687404834049
46092,0.47846563628694877
46093,0.5599385040826911
46094,0.38197947002842164
46095,0.7121320640793952
46096,0.7476366188775305
46097,0.6166754188026551
46098,0.6074999445031196
46100,0.5147655742611437
46101,0.44417252980287475
46102,0.5914928565602434
46103,0.3206827546706212
46104,0.437458284387591
46105,0.34552317551721884
46106,0.6664292933246463
46107,0.648719964800694
46108,0.5348566578555523
46109,0.28801245961736927
46111,0.790602892429669
46112,0.43491388504941425
46113,0.5545352247499169
46114,0.6130343728324232
46115,0.5976918129370896
46116,0.6815858263060733
46117,0.6068257582101987
46118,0.47513914397960555
46119,0.5907235767847471
46120,0.7002733674385624
46121,0.4235892041137646
46122,0.5782267098810215
46123,0.7022258314856042
46124,0.6806601360337846
46125,0.4145113973010526
46126,0.7196595444278535
46127,0.824967913363678
46128,0.3619963089744922
46129,0.5774297505791751
46130,0.7247556774456069
46131,0.5386716208031953
46132,0.5547466992915988
46133,0.6680647730170278
46134,0.7520516547456628
46135,0.38379623272961655
46136,0.7038052209654952
46137,0.4252137205187288
46138,0.5232601165620117
46139,0.7037158993922302
46140,0.3540840154629406
46142,0.6352234534786342
46143,0.6592469996415786
46144,0.6115673112527236
46145,0.3118527362500613
46146,0.577009550455101
46147,0.8149999466641185
46148,0.3519772659962002
46149,0.42224483797832707
46151,0.6129851685103312
46152,0.5741000907939079
46153,0.4346423602657259
46154,0.7594239085354747
46155,0.39542576888017456
46156,0.38011359807636563
46157,0.7775024807116079
46159,0.5035811357072615
46160,0.5907428466100132
46161,0.4359210352885863
46162,0.6879967583293171
46163,0.5760202967329136
46164,0.7383272217862183
46165,0.6178261174216351
46167,0.5387972896689526
46168,0.5434650711165926
46169,0.6881410798828355
46170,0.8731918382478758
46171,0.7108994938531632
46172,0.36336815991091687
46173,0.5797158786451245
46174,0.6347742984462481
46175,0.5056148558475361
46176,0.5941265218441121
46177,0.5896483844155048
46178,0.5565324659648972
46179,0.45339175604464277
46180,0.6077850940960482
46181,0.4038418869759243
46182,0.6119955261815471
46183,0.3632158281416766
46184,0.7820949150377184
46185,0.6744558100326866
46186,0.5270879122001458
46187,0.4077483678099723
46188,0.44981832104008107
46189,0.8048321023433175
46190,0.5398351178210992
46191,0.8228975221050115
46192,0.5720931582039063
46193,0.5447500577456276
46194,0.6482035884770095
46195,0.6685598434214901
46196,0.6475880345801707
46197,0.29039091376841114
46198,0.7433440203634124
46199,0.6958635026541714
46200,0.6858960399149708
46201,0.2586109209818646
46202,0.290432371855819
46203,0.6315455502116654
46204,0.42572588359117386
46205,0.7188283494113782
46206,0.14974716775766309
46207,0.44062085275444524
46208,0.5767687555903384
46209,0.5232768528501487
46210,0.441221134982007
46211,0.6954517320298073
46212,0.5175550660155804
46213,0.5816096540924708
46214,0.6989125420654366
46215,0.5440294760633987
46216,0.63337038078511
46217,0.3103658397973384
46218,0.8254372599888246
46219,0.6852960033099378
46220,0.3950962028527322
46221,0.5761508694892709
46222,0.7732929821733521
46223,0.7305484868923197
46224,0.6055100253034771
46225,0.7028453147240027
46226,0.6335657865231964
46227,0.7532781063899382
46228,0.7573303803417631
46229,0.557218561804267
46230,0.7790906615144291
46231,0.7134719263486362
46232,0.3674638400346338
46233,0.41825786470729875
46234,0.7606610344959592
46235,0.44132331525251495
46236,0.6202279038524713
46237,0.535788300544897
46238,0.6146434341382464
46239,0.541133593014235
46240,0.619599857144551
46241,0.6422987235246912
46242,0.6260870248574865
46243,0.7643853218782483
46244,0.6257762818950955
46245,0.5976893447063325
46246,0.699396578264596
46247,0.324813251227468
46249,0.7253276996856338
46250,0.6828914668627409
46251,0.5701173466158417
46252,0.5588198919127345
46253,0.635659530050357
46254,0.6212585797816438
46255,0.5284150343135415
46256,0.5812791453893729
46257,0.6643466119778184
46258,0.6571417841562887
46259,0.6923870917129603
46260,0.7306051616322359
46262,0.1438795973645266
46263,0.49373628185952506
46264,0.6589227982393103
46265,0.6392064407299732
46266,0.4570909744250451
46267,0.5595332652359782
46268,0.42516710182059136
46269,0.3327264850971187
46270,0.6803707725842782
46271,0.7280836121057286
46272,0.45417457639380493
46273,0.5700997750924848
46276,0.377248085844254
46277,0.6588265546732103
46279,0.690868627379035
46280,0.7103783818688716
46281,0.6349384014661789
46282,0.6044976944257646
46283,0.6135346313950354
46284,0.6066518824203392
46286,0.6594102758089674
46288,0.6593899736035648
46289,0.710699726943802
46290,0.6322497183143343
46292,0.5844390703673198
46293,0.38254437322866575
46294,0.638735901651381
46295,0.6801933455733731
46296,0.6236323457164586
46297,0.6367862435401904
46299,0.5075461943827693
46301,0.669325790332168
46302,0.4403409033289289
46303,0.41487574312276854
46304,0.401579901836155
46305,0.5346752470828672
46306,0.5834177997614999
46307,0.5087637462307177
46308,0.4317387640826755
46309,0.3106574611195015
46310,0.40224328334098663
46311,0.2538631040928641
46312,0.5907283788300842
46313,0.6157369190483845
46314,0.6874187412943876
46315,0.605879352922665
46316,0.7675254538301307
46317,0.5798536351438056
46318,0.48653144181673924
46319,0.6386016981962114
46320,0.4107833534784569
46321,0.6380006219956317
46322,0.5805155389540938
46323,0.5190841682314454
46324,0.7391146588872646
46328,0.35911527163545437
46329,0.3957069675077085
46330,0.5249705673201358
46332,0.539233394898153
46333,0.6434657192596188
46334,0.5724675368582902
46335,0.6072838873603237
46336,0.6807291309334258
46337,0.4006046289488321
46338,0.3995367292129166
46339,0.733745621074308
46340,0.5070830171116977
47001,0.47936162676576144
47002,0.5359951868432997
47003,0.2017515236500024
47004,0.21141221825754578
47005,0.3939076968358027
47006,0.3045734841104006
47007,0.3121260585907631
47008,0.2514506005560671
47009,0.2575642178955098
47010,0.5314332536093702
47011,0.22063594685762053
47012,0.5424815888711865
47013,0.54472885315475
47014,0.29497755474295934
47015,0.5445283210852104
47016,0.47675903933621355
47017,0.20635677119341653
47018,0.28553054811728945
47019,0.5842768532563909
47020,0.3092063840800154
47021,0.10166958604072678
47022,0.6610275126173443
47023,0.298544923952786
47024,0.42690025941365534
47025,0.3137188468156973
47026,0.6004495977485717
47027,0.3548727092310115
47028,0.4661692777381483
47029,0.331492635569901
47030,0.33500308931061085
47031,0.47635520931215664
47032,0.4721305602882378
47033,0.27019444642704
47034,0.4188382505668787
47035,0.18137998803126723
47036,0.3582655168474207
47037,0.16074424726663553
47038,0.4277030639085862
47039,0.4135128906060013
47040,0.5395960143197547
47041,0.6089978151515226
47042,0.3536960529539089
47043,0.3206667937380662
47044,0.13822874580640762
47045,0.6437211489598437
47046,0.38062046043185416
47047,0.43625196878510114
47048,0.23021556852826452
47049,0.2535084853293372
47050,0.5263859317052534
47051,0.44504694413218954
47052,0.7050322334548381
47053,0.5778396792889757
47054,0.23766453252351086
47055,0.3555993348197333
47056,0.2796542437036157
47057,0.10810752024367966
47058,0.29654690325052
47059,0.35421747860042796
47060,0.36748935002020805
47061,0.47070635593858423
47062,0.5512786024309789
47063,0.10169220174732345
47064,0.3114512702424062
47065,0.30732406794664474
47066,0.6498974785243637
47067,0.4550856782529567
47068,0.2974161107738785
47069,0.4243680350083882
47070,0.3594151533840508
47071,0.323870648206749
47072,0.4600075213917727
47073,0.7595496323252712
47074,0.3295120222433296
47075,0.529623663054597
47076,0.4232094910303558
47077,0.3953743066163529
47078,0.320349790638274
47079,0.258580331075083
47080,0.2274243438592739
47081,0.5087041433334845
47082,0.5064682264022676
47083,0.20478812000084487
47084,0.15786982893780444
47085,0.31228633490600005
47086,0.23684430476390703
47087,0.4012926120478066
47088,0.4745438911902484
47089,0.15799772911602772
47090,0.584748537193934
47091,0.5174560468658943
47092,0.4698255026941485
47093,0.4282837642048121
47094,0.4928137444421597
47095,0.5254610835412142
47096,0.12061509133417414
47097,0.23776489836520995
47098,0.6429775700242052
47099,0.30102580358034403
47100,0.6087022408653912
47101,0.416439037406884
47102,0.5251862023373083
47103,0.4499063643830647
47104,0.6828386876193729
47105,0.29052957691118536
47106,0.37417434921398307
47107,0.5069605400305601
47108,0.4601142042414024
47109,0.21016636986299042
47110,0.435415799834783
47111,0.42398231044420287
47112,0.4031300151486737
47113,0.40414795548171173
47114,0.46445732779135535
47115,0.4941190584534189
47117,0.24183268910581038
47118,0.5199076181234665
47119,0.37066022242473196
47120,0.2930206155244635
47121,0.5975683412198656
47122,0.43129665721303034
47123,0.2554232816752107
47124,0.3616265689214713
47125,0.6733922654203842
47126,0.5780719442363306
47127,0.36413720976875413
47128,0.5196944635638231
47129,0.45619612102706886
47130,0.6120239221232272
47131,0.32495844905769594
47132,0.1138837281264084
47133,0.7110392240667812
47134,0.23346107414950032
47135,0.22395940932958702
47136,0.2801118884091653
47137,0.4649751214064383
47138,0.5015174425945231
47139,0.497590799104835
47140,0.7547921175940533
47141,0.24536134353672
47142,0.08561112646710729
47143,0.3628097764034446
47144,0.19502340347866073
47145,0.3768680136145835
47146,0.2540122787990301
47147,0.24350653890653265
47148,0.4075759074464586
47150,0.583779976230172
47151,0.3665890429317953
47152,0.11423857982173663
47154,0.7211827271749871
47155,0.6582983115763993
47156,0.3060656931162901
47157,0.254439464060596
47158,0.7415787281322522
47159,0.4715610013527902
47160,0.5006081406925816
47161,0.26570714364556564
47162,0.3109149431378189
47163,0.39777629326004654
47164,0.23007645078326908
47165,0.20275406258014608
47167,0.21462741973846255
47168,0.4199827737597301
47169,0.4930032757177269
47170,0.2371938155166485
47171,0.5073888722380939
47172,0.5085961097226495
47173,0.30327046121033224
47174,0.1831259525727229
47175,0.2348085306801588
47176,0.31210248560734094
47177,0.3378030487375829
47178,0.3561083276185357
47179,0.31269312947251604
47180,0.4848741379955171
47181,0.30718674902833504
47182,0.2758336145652011
47183,0.17904803698642202
47184,0.13916065628435306
47185,0.33111590701435106
47186,0.4785476772222001
47187,0.294313086716711
47188,0.17322683498265826
47189,0.380248852712614
47190,0.6079641357102576
47191,0.36250254282044536
47192,0.24784589913641306
47193,0.28100433740315384
47194,0.39967589257688346
47195,0.2936141198893902
47196,0.42522350472356907
47197,0.7060325678546935
47198,0.35260025302718767
47199,0.21340415467523824
47200,0.17398224594316683
47201,0.4947589285088052
47202,0.25988842079473334
47203,0.19443116006931915
47204,0.49056881470138575
47205,0.4990364527846516
47206,0.28088326832998506
47207,0.34634654193973285
47208,0.4483884651750191
47209,0.6519895467623384
47210,0.22718018648644792
47211,0.2446421124927437
47212,0.5905934862708434
47213,0.6614134328028638
47214,0.31275295779096646
47215,0.2535832726712882
47216,0.42627850058555294
47217,0.3996155037800349
47218,0.4476930643785451
47219,0.18215424477809736
47220,0.379356972556075
47221,0.07246823350262045
47222,0.5314883610928048
47223,0.3113743560557635
47224,0.5100007710415909
47225,0.5749663272591851
47226,0.35981234114195737
47227,0.543662749722376
47228,0.45928958895806465
47229,0.38561936777394984
47230,0.373936909500999
47231,0.41164686406870965
47232,0.38410212318292025
47233,0.23765986524311944
47234,0.5562862430457861
47235,0.12724122653779343
47236,0.21344315133952982
47237,0.39848729005282274
47238,0.580091520068804
47239,0.2539374272733324
47240,0.21705739344379862
47241,0.2098391254256449
47242,0.5111303917625237
47244,0.4501798808919764
47245,0.29969342959035267
47246,0.47934701027698123
47247,0.3722701777097108
47248,0.4683482922420264
47249,0.6514333817772046
47250,0.4197161845449431
47251,0.3099671609087382
47252,0.22285600244496648
47253,0.4601456849762314
47254,0.547234211018874
47255,0.5431209958500091
47256,0.16586974394643675
47257,0.2975614099648653
47258,0.34120843044856675
47259,0.18493335350946125
47260,0.2211969235070327
47262,0.41518707977471614
47263,0.4030295144289973
47264,0.3799936278744576
47265,0.29429025795672686
47266,0.14154717740857853
47267,0.3149605153410259
47269,0.4462695912609675
47271,0.24562483131877363
47272,0.12489787324683883
47273,0.5952079490347928
47274,0.40449027359775763
47275,0.6642099084043954
47276,0.5227689295735793
47277,0.29075464588735245
47278,0.21276643884716706
47279,0.39542130839106115
47280,0.22947443718332813
47281,0.453211698527429
47282,0.7543501032806125
47283,0.3369629706828164
47284,0.3335727933978377
47285,0.4617980349293818
47286,0.4682231754663408
47287,0.6946258614761769
47288,0.6274194020445977
47289,0.5248057994957153
47290,0.22925299097777777
47291,0.3290899387794701
47292,0.5522056750326906
47293,0.5145946428873547
47294,0.19260425349161606
47295,0.3398552776706702
47296,0.21528060382923894
47297,0.6173342723278052
47298,0.4331003105112497
47299,0.14130930805146558
47300,0.5914775196538421
47301,0.4439257931744119
47302,0.07794432533227785
47303,0.4259703425068839
47304,0.4480291307013931
47305,0.5095252567368186
47306,0.4535089383599023
47307,0.45156532722128917
47308,0.313736806016675
47309,0.2578117297203766
47310,0.32949638043519286
47311,0.19774645725364973
47312,0.35727625887307984
47313,0.28500457990471295
47314,0.2868723229625882
47315,0.32499625099815166
47316,0.5016843247311635
47317,0.36593849249384736
47318,0.22743880475157185
47319,0.2578185644772874
47320,0.338395362402037
47321,0.35244890726023415
47323,0.2515822662976914
47324,0.19925858414799102
47325,0.3900382113774954
47326,0.37725158043545215
47327,0.20639465758337958
47328,0.38284199984380224
48001,0.8451988210602331
48002,0.6864431811347554
48003,0.2985875178197283
48004,0.44897861386155813
48005,0.08027105169081673
48007,0.8615280284250454
48008,0.17756047675113107
48009,0.21301309032507984
48010,0.12364493221194024
48012,0.6388334159582686
48013,0.4921772734671159
48014,0.0
48015,0.28775168604581625
48016,0.14627858390700185
48017,0.20355186039174297
48018,0.13052075308603184
48019,0.20367769167088765
48020,0.3859272824033711
48021,0.23395569634495927
48025,0.5172970416360451
48026,0.6654048401346107
48027,0.13680948610193186
48028,0.2937837304688184
48029,0.29593860367935143
48030,0.34498318763903185
48031,0.723160898291447
48032,0.13015503182844776
48034,0.1678189220580022
48036,0.3634505633875424
48037,0.39570461130546514
48038,0.14998374520105037
48039,0.14513266938075828
48041,0.11969218480043109
48042,0.23392191591208814
48043,0.24233962336643525
48044,0.807367503402673
48045,0.21768848034323252
48046,0.5985049814833743
48048,0.29968958591145706
48050,0.2518327208451756
48051,0.1413748972404003
48053,0.29558031244767774
48054,0.5097984039257599
48055,0.19113450838897153
48056,0.20052744881209358
48058,0.7084758556520553
48059,0.5584539694569456
48061,0.05984205784135626
48063,0.5100423122726895
48064,0.8500210399868294
48065,0.4323990274680618
48067,0.3573148436312956
48068,0.24390935996291352
48069,0.4072172287383617
48070,0.08119595926648336
48071,0.4625846550715907
48072,0.19240004796971233
48073,0.48186835290978663
48074,0.28316533939399124
48075,0.12916037831251687
48077,0.7877693981728143
48079,0.8007837805587837
48080,0.05757151498613264
48081,0.29037773904477343
48082,0.2243672896865435
48083,0.09171221082201557
48085,0.34865083439076944
48086,0.16065015011483144
48087,0.09375072835468673
48088,0.6367842470068438
48089,0.7111395167307664
48090,0.7718001263650738
48091,0.19038993615561137
48092,0.06181035482271923
48094,0.3559143875210664
48095,0.4409883763598006
48096,0.2185812234674529
48097,0.2980641553086743
48098,0.31098163911112614
48099,0.03641741129689378
48100,0.20210268270811524
48103,0.1473195493284714
48104,0.14944630827752498
48105,0.05700251504174455
48106,0.8582016042016999
48107,0.20756204291399782
48108,0.11624514485991778
48110,0.7737874495327629
48111,0.2396733527805389
48112,0.07595299989523586
48115,0.38565354128846613
48116,0.31890456032746517
48117,0.4388330851925102
48119,0.4971316114374545
48121,0.5583710331940788
48123,0.32718845868186014
48124,0.2758481048701362
48126,0.1920175778514066
48127,0.17053131212378003
48128,0.43571557272443195
48129,0.09992625934298731
48130,0.40817807647479637
48131,0.611894800014456
48132,0.34320439114706164
48135,0.4199215167874388
48136,0.24467092328869677
48137,0.22809376396093084
48138,0.16959962050023344
48139,0.08274486400901603
48140,0.37748985445953415
48141,0.27583409679626736
48144,0.18996724105222373
48145,0.17600145495405936
48146,0.11163706669823613
48147,0.21630900906629558
48148,0.2042672653397071
48149,0.24402814399223574
48150,0.1628366310354946
48151,0.2591170349534721
48152,0.2027829735115756
48153,0.2616052157855668
48155,0.362154866689999
48156,0.327981657178182
48157,0.35847709307907233
48158,0.25481459708278204
48160,0.10077897575169793
48161,0.8129568550528526
48163,0.2698587407599234
48165,0.11689965108592987
48166,0.2019626923301968
48167,0.8674022753378764
48168,0.1391207094569996
48169,0.6096488670954084
48170,0.3270369626292844
48171,0.2936460901437987
48173,0.2225193999063454
48174,0.19348072005362896
48175,0.6178914957565714
48176,0.553937437344153
48177,0.5979824430660322
48178,0.1967910182202325
48179,0.7907713873943152
48181,0.4210453183898282
48182,0.2272925284976286
48185,0.17783660991374464
48187,0.35115258467388216
48188,0.10786715574025325
48190,0.8449266144187373
48191,0.48681296218155884
48192,0.297839038820398
48193,0.33255213822332014
48194,0.28446149424078715
48198,0.3629156955180566
48210,0.0
49000,0.0
49002,0.32491130492309445
49003,0.2734968339617818
49004,0.0
49006,0.0
49007,0.4914255106082133
49008,0.26885334004617073
49009,0.5778126632632872
49010,0.2583463760685112
49011,0.5767971423624579
49012,0.3358886364836741
49014,0.0
49015,0.5780385894464876
49017,0.4432214529590155
49018,0.3368258959077173
49020,0.6970447040183446
49021,0.3035445323182961
49022,0.4468836523436031
49023,0.31776263134314137
49026,0.6176670086104427
49027,0.5510311637877963
49028,0.7845155410114323
49029,0.6219857473295213
49030,0.3930499283828723
49035,0.5829392912274659
49036,0.35024904031867
49038,0.41087421075897373
49041,0.3858477656860327
49045,0.41170505540885666
49048,0.6766661680174625
49050,0.45793899899973844
49053,0.5362850247198062
49054,0.36325809067049014
49055,0.554790663799858
49056,0.36169337895935866
49057,0.2813719698988681
49058,0.533831899032444
49060,0.3884393256869054
49061,0.2133152759306148
49063,0.32201450561428335
49064,0.5458680915714881
49065,0.0
49067,0.5264402880090318
49068,0.3173466067058926
49069,0.3076252098787832
49070,0.6732398159306406
49072,0.0
49076,0.4191114581644246
49080,0.3434310302510071
49082,0.620264689007069
49083,0.0
49086,0.19691005765504258
49089,0.260553536374808
49090,0.6855388307101281
49092,0.19684316039406266
49094,0.0
49099,0.3829381366197715
49100,0.5223809460272634
49102,0.2941487748524883
49103,0.0
49106,0.0
49107,0.7336178443038821
49109,0.6001334706648208
49110,0.39794059025064205
49112,0.4878861338937382
49113,0.5657839537992904
49114,0.49065725896021234
49117,0.0
49120,0.553594408314136
49121,0.4677495475461419
49123,0.6052952004334643
49125,0.3474031989355309
49126,0.0
49127,0.4457394319592028
49129,0.5122080359281947
49130,0.7361252686241206
49131,0.5982245955526325
49132,0.45831033378835223
49135,0.6607187910594264
49137,0.0
49138,0.18241914778880206
49140,0.55185624727055
49145,0.0
49149,0.0
49151,0.0
49153,0.0
49155,0.670766393300926
49160,0.16246850273901792
49161,0.6014436463641585
49162,0.0
49163,0.3306865917181224
49167,0.4532105428331567
49170,0.49992648609402107
49171,0.5757993365632653
49172,0.0
49174,0.3348946482907548
49176,0.40526933440906926
49177,0.0
49178,0.304869274981821
49179,0.0
49180,0.28423321569716736
49182,0.3863962127094376
49183,0.23295517993762005
49188,0.2270779132212113
49191,0.0
49192,0.45521566599509516
49193,0.5140702278385999
49194,0.4317609180228524
49195,0.5191738497486652
49196,0.0
49200,0.5109938395532496
49201,0.5346684210975367
49205,0.4822479547411036
49206,0.0
49209,0.6356236066966514
49211,0.24466933607960215
49212,0.0
49214,0.5439562660440517
49215,0.4117127883199058
49216,0.40246194405744623
49217,0.4312641436415067
49218,0.36219304994920076
49219,0.549841724430884
49220,0.2894678397794543
49221,0.35092529699708536
49222,0.48311097483501547
49223,0.5082487288374845
49224,0.4338157815640323
49228,0.22457250441763632
49229,0.0
49230,0.0
49231,0.5085878328518105
49235,0.5284631277314182
49236,0.5265451373138487
49237,0.289370084547665
49238,0.0
49240,0.6455524516383281
49241,0.5280747874008215
49242,0.0
49244,0.15005643330902077
49246,0.5270822261493954
49247,0.6661545117001069
49248,0.1662182426302543
49249,0.0
49250,0.0
49253,0.4476478046593008
49257,0.461888809422589
49259,0.47696790344958667
49260,0.52306058848695
49261,0.32795537395654206
49262,0.5691703018623192
49264,0.0
49266,0.49600996980226375
49267,0.5332593562027889
49269,0.4772977390167658
49271,0.5710262074590994
49272,0.5502728466410726
49276,0.0
49278,0.6040278327244955
49282,0.0
49283,0.5537736162267902
49284,0.4929161172556585
49287,0.0
49288,0.6413371944698968
49289,0.0
49290,0.0
49291,0.5214464663043069
49292,0.34001947659304826
49294,0.5988909775333547
49295,0.0
49296,0.0
49298,0.562246206082904
49299,0.5513299703390991
49301,0.25759354824542663
49302,0.5706309641111917
49306,0.6115292691977238
49307,0.3526103216287991
49308,0.5066677178727166
49310,0.22912300265936317
49311,0.38893539860411824
49313,0.0
49320,0.0
49321,0.21219678211058243
49323,0.5104019643897488
49326,0.5145910728293809
49328,0.40202004021164833
49329,0.7725260853417337
49330,0.7377889656308572
49331,0.4036555508810802
49332,0.39508543792126377
49333,0.26662168387953616
49334,0.5044471031278132
49336,0.4435642074549706
49337,0.0
49338,0.5146435415198564
49339,0.7230040659327871
49341,0.5556395009958283
49343,0.47994760532939135
49344,0.6189024043741176
49345,0.12509323139104117
49347,0.5075201580046304
49349,0.0
49350,0.0
49352,0.6875251169408708
49353,0.5191675248728785
49355,0.5541738147831891
49358,0.515857221957554
49359,0.47760478876182644
49360,0.0
49361,0.4212842333760057
49362,0.5433710697274337
49363,0.0
49364,0.5477538611559015
49367,0.4602807988799829
49368,0.5157764808926482
49369,0.4089408391904065
49370,0.45035872506044594
49371,0.6189748869925896
49373,0.15902128325439038
49374,0.4833556201512947
49375,0.0
49376,0.0
49377,0.408359854062245
49378,0.39327766789429436
49381,0.6452629281936669
49400,0.0
49540,0.0
49800,0.0
50000,0.0
50002,0.6258161789287792
50003,0.39794668386984583
50004,0.5408295999296611
50006,0.5243214087571367
50008,0.7631760014159831
50013,0.38367874621684067
50015,0.6444992934050601
50016,0.29021108743458174
50019,0.7719531710120943
50021,0.568929415661404
50022,0.23812892969080837
50023,0.23060062866003306
50024,0.53808743551718
50025,0.5765248369876163
50026,0.27986871567887306
50027,0.7279050286965649
50028,0.5750615570789824
50029,0.24946017452506475
50030,0.6289616929043647
50031,0.39135236742508916
50032,0.470788802016191
50033,0.3627376228708574
50034,0.5965387276015957
50036,0.3959812720181084
50038,0.6859697907092439
50039,0.7179369212337153
50040,0.5523743201763613
50041,0.5032193031852722
50042,0.9061060668659872
50044,0.4919964945061646
50045,0.5857503912149761
50046,0.5864226063632149
50048,0.5654494327130162
50049,0.26485297810080183
50050,0.3924374570552403
50052,0.43002223844239246
50054,0.4392580903631385
50055,0.2900582568062815
50058,0.44286129883667397
50059,0.36563840841826606
50060,0.5814508135525894
50062,0.7831543597245831
50064,0.32616825208267736
50066,0.8043583858244651
50069,0.7246714795538538
50070,0.3818021745649656
50072,0.4719863367181338
50074,0.6927640189208027
50076,0.597393180168352
50077,0.8369427804425008
50078,0.36519409562625266
50079,0.6074504483232724
50081,0.638569963915932
50082,0.43336398045695196
50083,0.5964101696666539
50084,0.47705766819434503
50085,0.621684562417365
50086,0.7049697337126247
50087,0.5451344814230435
50088,0.5433834053617425
50090,0.2228284005494808
50092,0.48935656443918774
50093,0.5067090679602774
50094,0.5233941975548698
50095,0.47166552091979136
50096,0.7187985864536023
50097,0.2687638105958579
50098,0.5133996464244391
50099,0.19140643890789835
50100,0.0
50101,0.8407693381420568
50102,0.9331825705694318
50105,0.3548487166358471
50106,0.5777557858034535
50108,0.7456332468451011
50109,0.6053829605233775
50110,0.5800902862759557
50111,0.4696947005990148
50112,0.5288302371759287
50115,0.9065586564733766
50117,0.898826340457588
50118,0.5360392055542849
50120,0.6756151676954171
50121,0.7191395716136931
50124,0.6923182608274762
50126,0.746530114292558
50129,0.5946241496150712
50130,0.5371058904449797
50135,0.7139291055158535
50137,0.5462821361293123
50138,0.2844556241530707
50139,0.34590684995203486
50142,0.7785982298677858
50143,0.6305551480141314
50144,0.706431610910795
50145,0.48098261409462734
50146,0.8147860230367171
50147,0.5079470300612748
50148,0.620454931862659
50149,0.6048788337195732
50150,0.25823137453736483
50151,0.6056368077600331
50152,0.7431765538722281
50155,0.7356686390381132
50156,0.36691116054976547
50158,0.6254557163757285
50159,0.5846864486590168
50161,0.5150276839055049
50162,0.8416754401814197
50164,0.3331808065638257
50165,0.6828693088802233
50166,0.3394149815161967
50167,0.8984356275857501
50168,0.7164072683079113
50169,0.22975944323185635
50172,0.23735733527715497
50174,0.6921240337777697
50175,0.1653309011732432
50176,0.5774388400041838
50177,0.34133923131222527
50178,0.7854451628906068
50181,0.4927611340683762
50182,0.39573361133822815
50183,0.28500271211960265
50184,0.36708245423638486
50185,0.5914887486159895
50186,0.2970534829208455
50188,0.6682270002846421
50190,0.2166241676246896
50192,0.4722561975329618
50193,0.5522410736290535
50194,0.23588514546407688
50195,0.6299753416908632
50196,0.42248700457522476
50197,0.4681951293148039
50198,0.424941339086395
50199,0.9389389844994988
50200,0.3893350422529957
50205,0.7488193295494562
50207,0.3801227947448605
50208,0.3685683215169288
50209,0.8088437975269732
50210,0.2966820493359023
50214,0.5117719578853581
50215,0.35772970478163996
50216,0.4820934772312811
50217,0.690137932101921
50218,0.5946387723452121
50219,0.4670028572964941
50221,0.5800670859223277
50222,0.5650090253346859
50224,0.0
50225,0.73809953844846
50227,0.1999985826040196
50228,0.516601008377699
50229,0.6691278394010228
50230,0.6594477754339576
50231,0.5702494233701813
50232,0.4467463885271639
50233,0.27843373600224647
50234,0.6970998821553133
50235,0.323596247561468
50236,0.20808420488846047
50237,0.6800553024571374
50238,0.6493529531261967
50239,0.4224657999636657
50240,0.63596348631617
50241,0.27761907903049193
50243,0.41610992478803377
50246,0.3772628755733675
50247,0.723173461190663
50251,0.47155942209215457
50252,0.6243207372907571
50253,0.8453641198467879
50256,0.5251596787451764
50258,0.20360105249692584
50259,0.7485004262956263
50260,0.31532575464208845
50261,0.46547412616461253
50262,0.6024507266856628
50263,0.2946691677128144
50265,0.4147234777176831
50266,0.574865312131291
50267,0.36131844752594056
50268,0.21796753883897133
50269,0.3080894067865216
50270,0.5041945070111258
50271,0.7388367501812517
50272,0.5792467030886579
50273,0.27497137080322603
50274,0.30129742438907686
50275,0.7450646044841025
50276,0.7531571417977965
50277,0.681068687762291
50278,0.6946707298027152
50279,0.48518023462502846
50281,0.6591192084286682
50282,0.5270141092703692
50283,0.6516258346465063
50285,0.36416329556084653
50288,0.714303291614776
50289,0.49882354205177526
50290,0.9414622850166318
50291,0.5819297473694992
50292,0.35038625165287113
50294,0.6855767811596384
50295,0.7064210382330307
50296,0.8489768931610512
50297,0.5802536856093153
50298,0.22256224947649264
50299,0.28435327708562347
50300,0.6083101113476709
50302,0.5269031703190511
50304,0.5850420230527535
50305,0.7253462450157594
50310,0.5311154897546556
50311,0.5167687027978747
50312,0.6756851969365606
50315,0.6102402519710406
50317,0.7342991892927433
50321,0.5514456778567958
50324,0.531146467066261
50326,0.6778553369905929
50327,0.7046122167141794
50328,0.40341937896005503
50332,0.5093020483368118
50334,0.48234940410330845
50335,0.6272873883217129
50336,0.6054456763178102
50338,0.5427864540089563
50340,0.6050282386570617
50341,0.18024022594531397
50342,0.4727871425251433
50345,0.4335432769425645
50347,0.7592278602359256
50349,0.5072800719649315
50350,0.49812258442107976
50351,0.6783824853641912
50352,0.48371997830452323
50353,0.9811826154525386
50356,0.6207564193918221
50357,0.5431036519102483
50359,0.20988073676678776
50360,0.5493941192258381
50361,0.7808365261111643
50362,0.3131597196158937
50363,0.5991376224865945
50364,0.4218561755939794
50365,0.6024008674509881
50368,0.48628067938964453
50369,0.5314945432172448
50370,0.3099236897303245
50371,0.3784074503271582
50372,0.37847525293696976
50373,0.36677632474332644
50374,0.31285728634625115
50376,0.42864377465630277
50378,0.6447922670877994
50379,0.7856889519089387
50382,0.7391823221711965
50384,0.639592861893756
50387,0.28412606387705747
50388,0.36999833577888835
50389,0.41348782886146784
50390,0.18363805035250289
50391,0.3800852038002549
50393,0.32370894288184554
50394,0.46587409945408104
50395,0.28565771010967295
50397,0.6811384228895152
50398,0.4453068731126857
50399,0.7606776689196453
50400,0.14571594473308117
50401,0.31571286971822454
50402,0.35600439206162865
50403,0.3855436969074191
50405,0.3229093872569376
50407,0.7594415122112617
50408,0.7275577791599246
50409,0.3877148232169389
50410,0.805234520815655
50411,0.7420472646140736
50412,0.26765907548830253
50413,0.729439644789554
50417,0.2246086694291318
50419,0.38659614330573006
50420,0.5376564687929473
50421,0.21633277952108843
50422,0.43986425107504457
50423,0.5790595073860582
50425,0.5612550320018578
50426,0.35652872248234235
50428,0.6889182067782471
50429,0.461872569942003
50430,0.33279993368974853
50431,0.42800601674973343
50433,0.2832321964077151
50435,0.6025225925743027
50436,0.2871665429108375
50437,0.4750967212272745
50442,0.23987149447937114
50443,0.8959123774665998
50444,0.29275971711402127
50445,0.5675825137748062
50446,0.5105278631332001
50447,0.6175175300563178
50448,0.7595406921625484
50450,0.4902072030250413
50451,0.7500778027519267
50452,0.325065346283468
50453,0.6113140846631905
50454,0.6809493134314512
50455,0.6192400227583024
50456,0.3912533245696508
50457,0.32177496675862205
50461,0.22854127764573487
50462,0.22316433914809264
50463,0.5185035630224296
50464,0.38639385781446417
50467,0.16310262412809115
50468,0.5033414948404897
50469,0.3908229210343306
50470,0.0
50471,0.33308668435721384
50472,0.5462248879767749
50473,0.6165551478241068
50474,0.34784050930678556
50475,0.5811148473210782
50476,0.6087860895621181
50478,0.49354625644557903
50479,0.4651348985838876
50480,0.37036668338015727
50481,0.28973046159620447
50482,0.36649959938997734
50483,0.5653717052278426
50484,0.43361390156963786
50485,0.0
50486,0.245760354460703
50487,0.6873820533386782
50488,0.5074251452956784
50489,0.7490884238752596
50490,0.34501006162978204
50491,0.6433231009219206
50492,0.3744766358160952
50493,0.5848874057539736
50495,0.8361202187616549
50496,0.9415141130020691
50498,0.5645561691673213
50499,0.658106555621543
50500,0.9125037657724498
50502,0.4756188531535617
50504,0.39185713424209295
50505,0.6938044213036223
50506,0.46958347118375565
50507,0.19728448713487787
50509,0.25931286786906677
50510,0.49451582296661556
50511,0.5864526486613637
50512,0.5961151454581489
50513,0.6424991264483572
50514,0.5434005947554909
50517,0.397589826514003
50518,0.7334460551452007
50519,0.6499278269761358
50521,0.7748592808960842
50522,0.29894588805102956
50523,0.2661492043447387
50525,0.7379661281661599
50528,0.3111989239521273
50529,0.7969937980323597
50531,0.7438020316254536
50532,0.5562117496650442
50533,0.38225935238728725
50535,0.46338859403214006
50536,0.37205340038489854
50537,0.6073739275404789
50538,0.5012150828324814
50539,0.7535687428780818
50540,0.9079436027565048
50541,0.6218554603661395
50542,0.7275461675026301
50543,0.7498396718871555
50546,0.3559280575619388
50548,0.28340098084891946
50549,0.7010007854108536
50550,0.2837732487972689
50551,0.3416860010041228
50552,0.45368136283073923
50553,0.7795898290796054
50554,0.7271911156033423
50556,0.5087657407766856
50562,0.31651210677838276
50563,0.4948788545988602
50564,0.25040552424176193
50565,0.8693183382175563
50567,0.6266195896606709
50568,0.3679125715054968
50569,0.4830564617583608
50570,0.2420420451092061
50571,0.42146731567875984
50572,0.3772125314929052
50574,0.8005353926602335
50575,0.6740284269811596
50576,0.5844460080815824
50577,0.33759219293786163
50578,0.2627372612323778
50579,0.5169917036908395
50580,0.6046270025695754
50582,0.4089355794418439
50584,0.9438520944642264
50585,0.27696420634692126
50587,0.3290299162525199
50588,0.5585131670163886
50589,0.8182649077216112
50590,0.7209665967719775
50591,0.19784473329215158
50592,0.3432221165621352
50593,0.6276122608123483
50594,0.6003780542932735
50596,0.803634492390488
50597,0.46211726602810616
50598,0.7144869942402394
50599,0.6690999292476251
50601,0.3468209088163718
50603,0.39706557207146204
50604,0.5973346721749209
50606,0.537999773434294
50607,0.5419932005959461
50609,0.3873925182892959
50610,0.4482193794920754
50612,0.7491576795345365
50613,0.6582396311744573
50615,0.4329555670523626
50616,0.7284136082552669
50617,0.3123407143572217
50618,0.807813664820968
50619,0.6687705084072376
50621,0.31235476899079884
50624,0.47863338115047854
50626,0.5727814200149441
50628,0.7688104542891336
50629,0.2640658330469876
50633,0.6627802543987759
50634,0.6257091235752275
50637,0.6968296749055479
50639,0.4348637635600186
50641,0.6362600221030562
50643,0.614116664115671
50647,0.7891329508410467
50648,0.48543535902867374
50880,0.0
51000,0.0
51001,0.35593623026639826
51002,0.6044418500619629
51003,0.5898848273179466
51004,0.3834792773725624
51005,0.029885467454007525
51006,0.34530015984446566
51007,0.9107071032952998
51008,0.29875566076512333
51009,0.3504986771234055
51010,0.11600036440984052
51012,0.2565149682979759
51013,0.37697921453977773
51014,0.4101236097293835
51015,0.25045355763868793
51016,0.3958060467527081
51017,0.29946552340532373
51018,0.7900755837168777
51019,0.52842751102493
51020,0.9022146077070196
51022,0.3795756938794727
51023,0.8510605635880947
51025,0.653073855006927
51027,0.186210686368211
51028,0.8961943529460875
51029,0.6079504103362091
51030,0.7837574780134721
51031,0.6379459975729215
51032,0.43386222272128466
51033,0.6193819188589125
51034,0.08232177755829145
51035,0.09188895731518992
51036,0.2013070737639507
51037,0.42771094765351325
51038,0.8555829249566683
51039,0.3793426107416848
51040,0.40643330186287496
51041,0.4805280716566607
51042,0.08022329846778327
51043,0.598655593892737
51044,0.6980828997939309
51045,0.585514522039846
51046,0.7935825898563035
51047,0.32115850759908654
51048,0.8997162218350393
51049,0.4570407182935727
51050,0.12576357062248006
51051,0.6944175693672738
51052,0.8900460648669433
51053,0.3020293330032492
51054,0.08258623259048124
51055,0.6937721664119244
51056,0.3391211492171164
51057,0.1124125935231129
51058,0.7305905572231234
51059,0.20529422188878652
51060,0.504889055057698
51061,0.748872206060773
51062,0.2661979532813811
51063,0.6293261882935441
51065,0.15781744250889246
51066,0.41253506029385806
51068,0.4862629899022293
51069,0.9221428613662042
51070,0.0980149686273757
51071,0.4481296542106062
51072,0.9341257719133594
51073,0.8901108989974201
51074,0.6381284814745903
51075,0.705487464678495
51076,0.6556140639490055
51077,0.8785723497366554
51078,0.5415113549774324
51079,0.8781640216494265
51080,0.3029417473558372
51081,0.8424376723819963
51082,0.28662337207995964
51083,0.30137187716468444
51084,0.2695437150871201
51085,0.3057274868724809
51086,0.6762273690140116
51087,0.7969570087846328
51088,0.7248509975074319
51089,0.5701585342990838
51090,0.03811280564865361
51091,0.2457788525190788
51092,0.030983534046255878
51093,0.6598098858744398
51094,0.39253316984986003
51095,0.5122983223045003
51097,0.51032618145097
51098,0.10815992375220147
51099,0.7722836659197476
51100,0.48640369796962113
51101,0.8488568966550637
51102,0.7332272330412913
51103,0.4838487019018877
51104,0.19787078380155734
51105,0.7517067017443001
51106,0.8068505574090401
51107,0.6922709714812881
51108,0.46472415169269926
51109,0.7661038043995644
51110,0.7038504531871291
51111,0.7869760504818295
51112,0.9311095425117686
51113,0.09739850966581697
51115,0.8560986661396264
51116,0.11667536101585257
51117,0.8448393107969353
51118,0.7774569624931321
51119,0.9242956137188555
51120,0.8969202516813874
51121,0.32619320102827004
51122,0.40059536007354307
51124,0.42733710948060644
51125,0.2948565363465379
51126,0.18417958857285374
51127,0.31770632357907
51128,0.1237191005659606
51129,0.06791680472116188
51130,0.05223175402656984
51132,0.19530978866645235
51133,0.19394956546250275
51134,0.32981261605775136
51135,0.14994040998476388
51136,0.5583644068390097
51137,0.07180105431692953
51138,0.22573714257957564
51139,0.29770276150657704
51140,0.9175774193870758
51141,0.2882755463634109
51142,0.7568086472047376
51143,0.254115488395528
51144,0.4830264913207161
51145,0.7530031083518688
51146,0.783301852941019
51147,0.5864824306072632
51148,0.513469544081471
51149,0.5392555099480606
51150,0.8588982755474226
51151,0.17950198165035192
51152,0.9372786100608824
51153,0.6946347178259734
51154,0.4037731673056985
51155,0.5302699778190293
51156,0.29044523344759726
51157,0.1428105845203298
51158,0.09582495902923906
51160,0.6199176974381746
51161,0.8050758061864037
51162,0.5763260248216303
51163,0.3755651798924669
51164,0.43871776445646843
51165,0.03644653543745722
51166,0.09449896136402013
51167,0.34445558232979606
51168,0.5942355552095496
51169,0.30452912002577687
51170,0.10342923291740036
51171,0.4514216291590642
51172,0.9038405716053464
51173,0.9284305212467537
51174,0.6129275306443283
51175,0.17472601841536028
51176,0.09583969742484055
51177,0.7491865397237168
51178,0.8142045415368125
51179,0.6701017562657983
51181,0.8351116484850699
51182,0.4278630181159819
51183,0.726405528016243
51184,0.22074019942584253
51185,0.2077125604143355
51186,0.2611157947967712
51187,0.5661910861533915
51188,0.9377621072962271
51190,0.9414284314137044
51191,0.31610997026244386
51192,0.4400126184189952
51193,0.4650326323591541
51194,0.529556626254294
51195,0.19843811148711174
51196,0.7057935104128168
51197,0.3502699373267392
51198,0.5582019200131035
51199,0.9162262089745644
51200,0.7745990970855492
51201,0.8251811340002805
51202,0.9136154477647711
51203,0.5728754697367195
51204,0.8502555132865641
51205,0.542896095771767
51206,0.43276747134185345
51208,0.6929986946265129
51210,0.9028780665103703
51211,0.3096883579250685
51212,0.49557412897236347
51213,0.3901266584928796
51214,0.23325352129733704
51215,0.46653664133423917
51216,0.5664407718467261
51217,0.35760016641643383
51218,0.2977737922868052
51219,0.21488440363501946
51220,0.15155293594081093
51222,0.19142425423935383
51223,0.5501845154290913
51224,0.17117228435072093
51225,0.776844235057104
51226,0.4059705540425562
51227,0.5880024373519688
51228,0.2930061356809827
51229,0.2347210140142186
51230,0.7136080149774263
51231,0.5416236459537686
51232,0.8697044106986472
51233,0.1862498712970727
51234,0.473655271725063
51235,0.04612828043537185
51236,0.20489423939293971
51237,0.05330908567260249
51238,0.5000980523431633
51239,0.5833345773526575
51240,0.5104375882933827
51241,0.4111610971167275
51242,0.6425395725833929
51243,0.1983642232679411
51244,0.6017173971996345
51245,0.7031561622687681
51246,0.2573499564762552
51247,0.34478812356816774
51248,0.1823877126037573
51249,0.5984026956601999
51250,0.4101900541008037
51251,0.6939650631722217
51252,0.9247805603125744
51253,0.2502434480312011
51254,0.3706195065021074
51255,0.15157002984248294
51256,0.9275667855132005
51258,0.18347207111544447
51259,0.4878642102542554
51260,0.4636545900496692
51262,0.361993874353799
51263,0.13732894307803384
51264,0.10493641023100747
51265,0.1176886859058048
51266,0.9314665589184723
51267,0.7199791891475528
51268,0.7840086761597457
51269,0.22880150540892166
51270,0.2698402248842132
51272,0.16653986355250874
51273,0.6458145977559567
51274,0.3296002899731733
51275,0.1816338886038575
51276,0.6263261082802796
51277,0.4348733421089516
51278,0.5455321731505108
51279,0.39942378114537314
51280,0.10752595432324492
51281,0.7328678776395781
51282,0.6730293499385954
51283,0.23085128487831397
51284,0.2185079304754672
51285,0.6376229596033242
51286,0.32219688529840457
51287,0.9134078331067702
51288,0.2635358098859288
51289,0.4190888981616212
51290,0.34546422738292343
51291,0.7122309868097553
51292,0.2180737909753602
51293,0.6320693131832985
51294,0.7992816130041844
51295,0.3081074563432857
51296,0.6986911878845218
51298,0.6123061305165011
51299,0.6527602686880916
51300,0.43491139225200787
51301,0.6173900110901716
51302,0.8429058634219144
51303,0.8364617080845124
51304,0.18100375573267372
51305,0.7353586944487328
51306,0.22852798953992073
51307,0.696771431632083
51308,0.8052371750940909
51309,0.8523028093628744
51310,0.7554870502149514
51311,0.292840716387941
51312,0.5459701928958546
51313,0.03847936229415789
51314,0.4005919417957073
51315,0.26943710503696666
51316,0.2765982434697207
51317,0.3431424160970235
51318,0.8231082900446802
51319,0.5095897990248787
51320,0.610751845925756
51321,0.6273026920378828
51322,0.2857371361000843
51323,0.027874374196048046
51324,0.028526629112974464
51325,0.3917362880619442
51326,0.5467635782779784
51327,0.5797144792914173
51328,0.15844229620392292
51329,0.6662028736819294
51333,0.7582317956525221
51334,0.1870755088341257
51336,0.46257984661362306
51337,0.5709726836397916
51338,0.7507361152609017
51339,0.5450717844370097
51340,0.3150010719486706
51341,0.3307758689582769
51342,0.7450742170681326
51343,0.5983297183728924
51344,0.8648959878879033
51345,0.629275670746797
51346,0.5272102625805337
51348,0.9368609865078198
51349,0.19805158592793295
51350,0.19800304818948425
51351,0.372509146072077
51352,0.2879550256029309
51353,0.36058204324964344
51354,0.5190974407687863
51355,0.25648626296000004
51356,0.15880517440597589
51357,0.8245398664311939
51358,0.43578603674751965
51359,0.2532378842496538
51360,0.04312665606856723
51361,0.6318396941393752
51362,0.7415955650980065
51363,0.2362004818298545
51364,0.741301874431429
51365,0.7746090473679864
51367,0.5355767788818245
51368,0.25363936375892165
51369,0.04498725112421715
51370,0.2621992415479306
51371,0.10987412155707359
51372,0.5639336192774098
51373,0.43242928366890515
51374,0.07645458507521032
51375,0.8300796153391157
51376,0.38475360724904184
51377,0.5789060549779033
51378,0.7804025032172293
51379,0.705872961594625
51380,0.18683381984569092
51381,0.5369593000619107
51382,0.43177190631973966
51384,0.7011289996125744
51386,0.24075115955959636
51387,0.6700128406351228
51388,0.5752297145274966
51389,0.5746907825836427
51390,0.8074889752387361
51391,0.6670770080648224
51392,0.9163334997900107
51393,0.921967580147086
51395,0.2786407336493668
51396,0.5981717403640848
51397,0.24164754626272655
51398,0.9021945603204226
51399,0.15635063946840608
51402,0.1383284158124322
51403,0.9247246819018379
51404,0.19426974944681108
51406,0.21659509634819452
51407,0.05285430997433699
51409,0.777918035358991
51410,0.5986055364563918
51412,0.0318144108419619
51413,0.7756196284047435
51414,0.6016073555324836
51415,0.44063577462170667
51416,0.26675510425693716
51417,0.25198980556641853
51418,0.7771355266965619
51419,0.1985083752081073
51420,0.41632189542525416
51421,0.07257171728593652
51422,0.7533276899631781
51423,0.3749045148456329
51424,0.1847082209030514
51425,0.057855724364380655
51426,0.030726752830118612
51428,0.7339799467438253
51429,0.8474524653235718
51430,0.34484709046155904
51431,0.8895680770055493
51432,0.03099079845801977
51433,0.22144158672846595
51434,0.767957847261561
51435,0.8124560372279035
51436,0.40554849627799666
51437,0.6895301699829894
51438,0.5659904270251847
51439,0.8327366104540358
51440,0.47096139387755054
51441,0.4052336229678167
51442,0.04960475532090048
51443,0.48437778337045917
51444,0.7418124421429084
51445,0.9300147211792963
51446,0.3185230903581228
51447,0.699414325921646
51448,0.8438598122652922
51449,0.7155306277260309
51450,0.7777016109020062
51451,0.2708239697094505
51452,0.5465690466706189
51453,0.6261423246144239
51454,0.5302257650231009
51455,0.19533871235266362
51456,0.22459145449119258
51457,0.7796867291910944
51458,0.0714613595221915
51459,0.35605751844798744
51460,0.3168920098651948
51461,0.767422023888947
51463,0.33998455642904846
51464,0.631091691009272
51465,0.9128693334808307
51466,0.5961769034661467
51468,0.7017436841822918
51469,0.7674351518912105
51470,0.12417832351757058
51471,0.7946822484767867
51472,0.11578974782933167
51473,0.424417081444646
51474,0.7415122047519246
51475,0.3247445888773184
51476,0.5496460466348773
51477,0.7262148595825632
51478,0.3146824621661106
51479,0.7535244786309524
51480,0.07604369406419438
51482,0.4878727149408868
51483,0.6693709920222558
51484,0.2990478424082051
51485,0.5462338244268844
51486,0.5062846209618123
51487,0.32501077986789095
51488,0.9291555924943021
51489,0.09310167424456835
51490,0.742284453919848
51491,0.37058500902113906
51492,0.4823870807519133
51493,0.8095881595113288
51495,0.03239191477115304
51496,0.16423514867131536
51497,0.4915842672064581
51498,0.4315416149153808
51499,0.7815140293670072
51500,0.16797771738987358
51501,0.0819449320922718
51502,0.3588159117395397
51503,0.5404518394857597
51504,0.6842969000573986
51505,0.7214558140434727
51506,0.6110910178510566
51507,0.09691010715865693
51508,0.6733898832012519
51509,0.7796766444881519
51510,0.23086974066915233
51511,0.34979891060514046
51512,0.8070384526782703
51513,0.22079667659966853
51514,0.03407589194939494
51515,0.4113842569409945
51516,0.34243727345092884
51517,0.10155373854999729
51518,0.7543628815696595
51519,0.4348983919186233
51520,0.11515966821535363
51521,0.3003891194075858
51522,0.3036681749452831
51523,0.775886722163127
51524,0.5716042907974285
51525,0.6401356803227921
51526,0.08569584089770459
51527,0.8233467254259351
51528,0.5180872374195697
51529,0.68120657175124
51530,0.674004080946265
51531,0.3625782075491068
51532,0.931800012066787
51533,0.27558180904017543
51534,0.6915032989508846
51535,0.04438386219719029
51536,0.7232547897963361
51537,0.2601715253126692
51538,0.5928539776286711
51539,0.26805780989048783
51542,0.07894703403952953
51543,0.18631212638684694
51544,0.15748763680143138
51545,0.8283622804883418
51546,0.16924097061877996
51547,0.36581940599305646
51548,0.45297227778188365
51549,0.12057369136916853
51550,0.4081893356555786
51551,0.2586219938836924
51552,0.43522729697511703
51553,0.054235007003045954
51555,0.5848991145572858
51556,0.7800233129050134
51557,0.12880899837401957
51558,0.6333792862217648
51559,0.19790495253720267
51560,0.6010342710997333
51562,0.8100682546778192
51563,0.07997502071654182
51564,0.9047894788769767
51565,0.41667798915781945
51566,0.7387326708609542
51567,0.22076932591019235
51568,0.7514669656271691
51569,0.7732033217500333
51570,0.17160281992024204
51571,0.6564251700485922
51572,0.3463250055081159
51573,0.7512136599493885
51574,0.5377013020919107
51576,0.8814253592082942
51577,0.7444904275479002
51578,0.5043655078154119
51579,0.42803968468748904
51580,0.6982050395836747
51581,0.848793246864466
51582,0.8537600858281428
51583,0.5220222694335631
51584,0.8566262540054103
51585,0.5106544976967716
51586,0.6004365584236546
51587,0.5701368577113121
51588,0.23932683755999187
51589,0.22398233042312687
51590,0.23909817783610252
51591,0.7444897619103003
51592,0.28853853289365
51594,0.5798596419178274
51595,0.792492483300558
51596,0.09849526764177878
51597,0.884115772351345
51598,0.16118928634239948
51599,0.6726703797733279
51600,0.5491834084665811
51601,0.35444113314605347
51602,0.39261841791708624
51603,0.8025616758060831
51604,0.7154427776401278
51605,0.8308824988304507
51607,0.4093206671128466
51608,0.09305433563760733
51609,0.1958948180619288
51610,0.23778320077104756
51611,0.4483840654605771
51612,0.43182157872793847
51613,0.7226427239264354
51614,0.6945564191527279
51616,0.4918338892664524
51617,0.5381431804924056
51618,0.5155259932081321
51619,0.18032402434383865
51620,0.35413372464352594
51621,0.1162077446863805
51622,0.7655664268368949
51623,0.9424331749702599
51624,0.65144047227479
51625,0.30280705120732065
51626,0.06137251141116499
51627,0.6309321410245016
51628,0.2694570077559704
51629,0.786674163992151
51630,0.6594928404498842
51631,0.8238555443339145
51632,0.2519669605566925
51633,0.7590622491372182
51634,0.7568327411141561
51635,0.0880709076430478
51636,0.6811921990979939
51637,0.8196866846919658
51638,0.6429998350971742
51639,0.24917560416145726
51640,0.25012624193834254
51641,0.08105568438877249
51642,0.5310188935382155
51643,0.754686302077831
51644,0.37059139302966365
51645,0.05107265350038506
51646,0.30284001381799197
51647,0.33295537428251365
51648,0.5092247146456937
51649,0.4580861718492377
51650,0.27110629044351137
51652,0.40455601314345574
51654,0.3126145900354686
51655,0.7623534186043249
51656,0.5563091409383292
51657,0.7637709177499469
51658,0.12283649164481004
51659,0.3205257129365061
51660,0.5923569040994806
51662,0.6865211868083517
51663,0.9424890299951869
51700,0.0
52000,0.0
52001,0.8079818268413445
52002,0.8868031335165778
52003,0.33064647036696776
52004,0.3355160417120538
52005,0.8701893148789299
52006,0.3602743703630567
52007,0.2504529936592136
52008,0.261128629342349
52009,0.9416698660213269
52011,0.5002404216464815
52012,0.36342159683112346
52013,0.8524186572159499
52014,0.6011518149509515
52015,0.8404792575432918
52016,0.9589341820411149
52017,0.6972373957746213
52019,0.1904291648680081
52021,0.5533086249498015
52022,0.8411698360835383
52023,0.5672262775816083
52025,0.8698292006149814
52027,0.5474192565550435
52028,0.9663229778238781
52029,0.3436606329243382
52030,0.3114218593228268
52031,0.8548296309007911
52033,0.7095016531345012
52034,0.4039637511790269
52035,0.5815430162753283
52037,0.7187077525223026
52038,0.878384887275856
52039,0.3911568410497832
52040,0.8515249177061371
52042,0.5281588746395443
52043,0.21613911954214968
52044,0.15376435368624258
52045,0.5299106236019578
52047,0.29934493567105436
52050,0.461691830846489
52051,0.8412612245233458
52053,0.8358174612461434
52055,0.334027517245139
52056,0.6384539772622109
52057,0.2219665742531872
52058,0.10064392266779854
52059,0.6899736551933513
52060,0.7285161943394763
52061,0.4647241306309898
52062,0.8522432110421813
52063,0.13163955432979066
52064,0.3238298262108672
52065,0.1103819089251309
52066,0.32610231321193334
52067,0.1643065821688462
52069,0.6233823683865395
52070,0.6298237192764126
52072,0.47766441201291615
52074,0.8100027323064131
52075,0.31035251337314973
52076,0.6416354357216111
52079,0.5288623736523275
52082,0.6530485553407542
52083,0.16071122659346507
52084,0.33523681336734606
52085,0.9106265781599445
52087,0.9164321692263488
52088,0.04429431710684631
52089,0.9213347840901559
52090,0.6792000265041137
52091,0.15607002824558583
52092,0.4721524978535825
52093,0.5017492544379397
52094,0.794196635651326
52095,0.22080628569669355
52097,0.11354869628209922
52099,0.34702258582768025
52100,0.0
52101,0.5315631350620449
52102,0.7004355026667121
52103,0.8572609755487735
52104,0.4151228679470133
52105,0.892677433203488
52106,0.6735278922425616
52107,0.3324338691950874
52108,0.7208995118364591
52109,0.28598192804103323
52110,0.2853136769800846
52113,0.8531104897868872
52114,0.6351616118927205
52115,0.7069358100170203
52116,0.700991552091625
52118,0.3022389860781384
52119,0.6263066956198636
52120,0.6480830090767288
52121,0.29367579083012846
52122,0.46940217292722936
52123,0.25436893951096806
52124,0.8415781620616171
52125,0.4415895884566921
52126,0.6704429792396823
52127,0.8698983000936039
52128,0.3551417401805212
52129,0.2485881984962046
52130,0.7446687647468581
52131,0.21023610184119548
52132,0.8548263158428538
52133,0.2742780747076226
52134,0.8261151633321487
52135,0.8915716315412978
52136,0.86360518017563
52137,0.11189634164536309
52138,0.8634626432046627
52140,0.10389204351553898
52141,0.5314663213523495
52142,0.2979971258729272
52145,0.4390075870257503
52146,0.8910648584671622
52147,0.636861267034957
52149,0.34923635803708913
52151,0.86417881047818
52155,0.6866338120021963
52156,0.3027238314801931
52157,0.1886886131374981
52158,0.18131498139569913
52159,0.9107968340050577
52160,0.1923631371023713
52161,0.905802846089192
52162,0.65850268108418
52163,0.8684799720565398
52164,0.8345608886160276
52165,0.8724612104219793
52167,0.4073622633533589
52168,0.8340670892472705
52169,0.4330925305334443
52170,0.8102752430002602
52171,0.35696107115498094
52172,0.348006903696896
52173,0.3555603065927264
52174,0.8497335235222359
52175,0.1166472215612111
52177,0.061762528027832116
52178,0.2564341250396078
52179,0.4514970865486922
52181,0.19760121663122088
52182,0.15853055045914935
52183,0.22370949554662042
52184,0.3941255985269643
52185,0.23631289582167223
52187,0.2772635566842275
52189,0.5125282275857127
52190,0.7676048503696635
52193,0.5745540453055721
52194,0.2624938244925937
52195,0.10417731992112844
52196,0.48659669702715574
52197,0.05999590526967489
52198,0.4726979057778647
52199,0.4477173059137844
52200,0.6517970034212759
52201,0.2907997380151236
52203,0.34924215352832205
52204,0.4381565249349826
52205,0.4833391445504227
52206,0.2948752133137484
52207,0.6516501571419386
52208,0.23821582139323635
52211,0.09277950388502469
52212,0.2515177671679177
52213,0.09820067616694285
52214,0.18292194457575958
52216,0.8643755573977158
52217,0.6882946610810731
52218,0.45705494180220324
52219,0.48079508321457487
52220,0.9332665186247936
52221,0.8323514278270924
52222,0.2793934811189178
52223,0.09684916244791876
52227,0.2390244551091567
52228,0.8428273343720644
52229,0.49169508203753615
52230,0.10182427954281774
52231,0.5027051664213119
52232,0.05511430253197177
52233,0.2764933665842794
52234,0.7452928545021712
52235,0.36332810147950484
52237,0.46361294282878873
52240,0.8438536198683965
52242,0.6283191959741514
52243,0.759833729269852
52244,0.3100989010145776
52245,0.1299482732856008
52246,0.5753008245394576
52247,0.16490936898916453
52248,0.8576325886431547
52249,0.24767198064770057
52250,0.17671253968793935
52251,0.5005031178975097
52253,0.7974816835589147
52254,0.7619460647440425
52256,0.3870208449548822
52257,0.22387711710872238
52258,0.5001896143797653
52260,0.1461088697861714
52264,0.8336391671138234
52265,0.26556842222745813
52266,0.31483127464791544
52267,0.3208577934466426
52269,0.5513297520595296
52271,0.813392835288957
52272,0.7916468980121918
52273,0.8346360886459312
52274,0.8253067731064133
52275,0.9153626853209792
52276,0.4857022542196132
52277,0.6562525699566968
52278,0.7941174037750689
52280,0.7001607058509238
52282,0.623313594956619
52284,0.26827629405710546
52285,0.542136939091533
52286,0.10556708983484132
52287,0.8647443909165965
52288,0.3055902383945032
52289,0.3907688109624678
52290,0.2953456255905169
52291,0.8988054263647953
52292,0.8558968165837121
52294,0.2604414571191051
52295,0.8565796605450062
52297,0.7972733557068428
52298,0.8380645505772565
52300,0.5512693915499433
52301,0.8679165296795258
52302,0.32477315305167714
52303,0.821571239076682
52304,0.7423337164243374
52305,0.7689540148213313
52306,0.11388744957450182
52307,0.6059243554579828
52308,0.712648635694431
52310,0.27484732136245754
52311,0.8876649407534879
52312,0.5578830558449718
52313,0.39719450569671794
52315,0.40688590567967897
52316,0.3707441159601729
52318,0.14496841835859872
52319,0.8930223500300644
52320,0.8695133873042994
52321,0.17854951246693482
52322,0.5515869582248231
52325,0.8855360360211625
52326,0.30118083378591476
52327,0.3225876631186894
52328,0.8649156138548216
52330,0.7548302423155467
52331,0.09856352661251737
52332,0.6939513529190551
52335,0.06655635848666346
52336,0.5592311172281812
52337,0.33763764468989593
52341,0.40298494959873943
52342,0.14262895245998092
52344,0.8061484010842102
52346,0.18331521715120988
52347,0.34985702055170487
52348,0.901539141192298
52349,0.5515083600010926
52350,0.23105542650268363
52352,0.9143927416229273
52353,0.655548243545003
52354,0.8333056199421804
52355,0.6611682323438833
52356,0.24507911657762949
52357,0.3978682780163055
52358,0.9238134407443642
52359,0.21803301585707327
52360,0.0888813741823451
52362,0.7313506859297186
52363,0.7162290810940224
52364,0.6221234306100553
52365,0.6656300263111877
52366,0.5389337267615301
52367,0.19262953828187743
52369,0.10689698873691211
52370,0.2220748889880557
52371,0.17511247712183495
52372,0.45065791542655526
52373,0.2840694472054007
52374,0.8130776777933516
52375,0.830114886451666
52376,0.2566300251190588
52377,0.7935030432378785
52378,0.5441450206132237
52380,0.71431007677199
52383,0.6096743627499711
52384,0.6812900711222843
52385,0.8973837476772796
52386,0.30839349292098206
52388,0.10248329663171256
52390,0.21381310575252724
52391,0.2581198454330498
52392,0.9013424574515
52393,0.8413820590210382
52394,0.0639366033006977
52395,0.051492446801601394
52396,0.8578547649099489
52397,0.9255268799006432
52398,0.26593227541086456
52399,0.8669827384224559
52400,0.8358205908522978
52401,0.6899424637598797
52403,0.820370317544841
52405,0.670338174573781
52406,0.08098267198552203
52407,0.3374730973238622
52411,0.0353251089173048
52413,0.41880378351266573
52414,0.3033132629878557
52415,0.880993092741046
52416,0.8757708960911138
52419,0.7250756080861049
52420,0.08479254294311302
52421,0.21896750464759504
52422,0.6286444447114499
52423,0.08807364913537737
52424,0.838496005180558
52425,0.4517218869129654
52426,0.24439847591876598
52428,0.33683404739172845
52429,0.38293917610857586
52431,0.8703312150151392
52432,0.5973671580630837
52433,0.10526880031688018
52436,0.12351062558648136
52437,0.8594817824089026
52438,0.42314439734347764
52439,0.8942142411767069
52440,0.08507969760982588
52442,0.29640842433946624
52443,0.31014620925681674
52444,0.11959769301218952
52445,0.8515700331298047
52446,0.8164839716776525
52447,0.567426629606715
52448,0.30006970429203106
52449,0.5883987792039115
52450,0.9135773828830027
52452,0.5503972508271712
52453,0.6858531775378013
52455,0.2256066610806181
52456,0.1461992285632313
52457,0.6924762597696351
52459,0.8713823198763174
52461,0.6369945407329615
52463,0.37621156804901607
52464,0.24323441006859595
52465,0.878518855131441
52467,0.11945821514263379
52468,0.12066533879634585
52469,0.6128429923353053
52470,0.7414202079798815
52472,0.7819960208690117
52473,0.22406542888396172
52474,0.7918859136082298
52475,0.58942834463344
52476,0.4705945339227664
52479,0.06911803660571754
52480,0.14220001686517927
52482,0.2988056156284142
52483,0.8605296047707812
52484,0.3851014801818596
52486,0.9127040091826362
52487,0.0550968184266653
52488,0.6491809398188669
52489,0.8810937471768693
52490,0.28503207306741973
52491,0.3166252109920838
52492,0.6934595666728433
52493,0.08643693566037482
52494,0.508598947875503
52495,0.2987933059197814
52497,0.34952033847211766
52499,0.5296313644677233
52500,0.3474778310771372
52502,0.5687139922268732
52503,0.10527364385657866
52504,0.8888162855092244
52505,0.45980503068760004
52506,0.8146692976207923
52507,0.8545518709451212
52510,0.5120838569428515
52511,0.24164002603579396
52512,0.3732783884571635
52513,0.26138559494434943
52514,0.7457540802710941
52515,0.8679494693231485
52516,0.8697787515500185
52517,0.2211605572149553
52518,0.8647378036911043
52519,0.4928178198503905
52520,0.8463754743597938
52522,0.1015253190716335
52523,0.07509644461336143
52524,0.17589226655243775
52525,0.7318780027426537
52526,0.8593456666353944
52528,0.29987595366064396
52529,0.7855826566357246
52534,0.3365643518230999
52535,0.6129738805473293
52536,0.5756093118186262
52538,0.5970566180491065
52539,0.8442714571390777
52540,0.8683384946153625
52541,0.8307503260692299
52542,0.8290352763465266
52543,0.2522695107767512
52544,0.14577606312926142
52545,0.6009877290520804
52546,0.1183618277633101
52547,0.13272550951275178
52548,0.15363641466991013
52549,0.8752580374652563
52550,0.4186292845490133
52800,0.0
53000,0.0
53001,0.35256541283886483
53002,0.5620774913871266
53003,0.20335664470332718
53005,0.4744200570151727
53007,0.33601128195668606
53008,0.15179066123143622
53009,0.6531377461385927
53010,0.3580435184997001
53011,0.6640068584101906
53012,0.5263607182715208
53013,0.12541330032756834
53014,0.0
53015,0.43876569725401465
53016,0.2646218259677483
53017,0.34804002784081106
53018,0.2551363190457349
53019,0.40117605262290534
53021,0.25751327352469966
53022,0.25340911200124044
53023,0.47735313189487716
53025,0.5509806405177385
53026,0.4323366028354085
53027,0.3586892298019054
53028,0.24194440423685518
53029,0.4706964992556351
53030,0.6845923910844195
53031,0.6335026837345137
53033,0.405062284907795
53034,0.35204903096038626
53035,0.286944373932909
53036,0.5469361203692614
53037,0.49829928320194333
53038,0.5442785584096405
53039,0.39308221779719404
53040,0.2661721787714699
53041,0.2627437168676636
53042,0.18958512941908137
53043,0.48887764563077735
53045,0.2990128050922559
53046,0.6227771424299867
53047,0.24974419053796115
53048,0.4027439553538315
53049,0.5480499904290507
53051,0.15158816779967554
53052,0.5371473754314372
53053,0.21113937878164227
53054,0.31474309408311024
53055,0.18337691699769545
53056,0.41798054282979297
53057,0.2719822856786382
53058,0.557253717579575
53059,0.3548722069462012
53061,0.4485141478753927
53062,0.626886766144905
53063,0.6040989286765274
53064,0.19394284892153657
53066,0.5606207210572084
53067,0.37168532140421556
53068,0.6059333526598345
53069,0.4664094408439994
53071,0.20197177286855805
53072,0.34742202352942764
53073,0.2503727657978567
53074,0.3774920574149611
53075,0.6168799243091314
53076,0.3528568326786175
53077,0.314150727073172
53078,0.6190192066342682
53079,0.21059886803087027
53080,0.504602902985706
53082,0.5549411979325062
53083,0.13256715633978647
53084,0.4202676923287389
53085,0.17470172484381744
53086,0.3435670617202711
53087,0.32562400921989293
53088,0.3561096234716887
53089,0.5700120663236395
53090,0.5597353629943248
53091,0.1715133533607777
53093,0.4038758552335977
53094,0.5534776035561869
53096,0.25651639451511915
53097,0.26742817775357225
53098,0.35673240539527856
53099,0.599987782403114
53100,0.19338985729702918
53101,0.5834274325673318
53102,0.3975989737589964
53103,0.32790050667124154
53104,0.5560534155828606
53105,0.5830367685241099
53106,0.48288768290687484
53107,0.2010185453852351
53108,0.2954508006675009
53109,0.2754903758272151
53110,0.5804862924084085
53111,0.15935949813744107
53112,0.12788288052461516
53113,0.23164065871131648
53114,0.241694575172404
53115,0.24706487006110345
53116,0.15719880315782403
53117,0.6004415293232553
53118,0.46259615029331647
53119,0.48318623450928816
53120,0.14344396014152463
53121,0.3664167497965643
53122,0.32231253783088
53123,0.2806719301115093
53124,0.5655569717103823
53125,0.2727126699756018
53126,0.31541833793071045
53127,0.319126653082066
53128,0.37932719967976786
53129,0.44534459865212156
53130,0.34165021839043347
53131,0.23628365600741394
53132,0.2519925981530676
53133,0.3934088921883225
53134,0.4072189524250685
53135,0.18118996437935272
53136,0.5636626516273481
53137,0.2740948479039548
53139,0.20755326593429188
53140,0.372058023779768
53141,0.5754946786546592
53142,0.4719904352103326
53143,0.6296356717872421
53144,0.15844731293114514
53145,0.6255918693977917
53146,0.4363249658159945
53147,0.21414123695865328
53148,0.6011447523400916
53150,0.5571566550399732
53151,0.34829320977853123
53152,0.5115368310840949
53153,0.22343577583837804
53154,0.3370411380007186
53155,0.19634604600300756
53156,0.6086066009257575
53157,0.5772014814638132
53158,0.4931660499702086
53160,0.15098629770497343
53161,0.3743242118748833
53162,0.2734254891261167
53163,0.44560578547498064
53164,0.5074385960465163
53165,0.24969299796379577
53168,0.6020400388982836
53169,0.34238361459026406
53170,0.1776246244303157
53172,0.6276960239976833
53173,0.5212648734973985
53174,0.1853969959039362
53175,0.5338372956656673
53176,0.21220789669251272
53177,0.4330259006871404
53178,0.6355071898566113
53179,0.5290945056901261
53180,0.5452606262316214
53181,0.4378123935481752
53182,0.4370525676706243
53184,0.4473906371977255
53185,0.34578410585470204
53186,0.5961908805685292
53187,0.5713212903556882
53188,0.3302569383151352
53189,0.5350098175483823
53190,0.24552381582425034
53191,0.2532755220221904
53192,0.25465229702647707
53193,0.5478008791710954
53195,0.5838478558384811
53196,0.4539309511868122
53197,0.2373352884961281
53198,0.13253870907015106
53199,0.2471721821252553
53200,0.20414512977176366
53201,0.31773981553138037
53202,0.3645071178387591
53203,0.6129346683812247
53204,0.4440327312162437
53206,0.5901881949379673
53208,0.39135358723366487
53209,0.2947342138709245
53210,0.5356780783176743
53211,0.2132328842753007
53212,0.43622629015063946
53213,0.33878622770191713
53214,0.26884826184073923
53216,0.16098646301264588
53218,0.2086505171808876
53219,0.2272404874669938
53220,0.33083435024279256
53221,0.3567481522504317
53222,0.6290111546857472
53223,0.07982722681397282
53224,0.3830127352725137
53225,0.5325149813563129
53226,0.3670709680399045
53228,0.3653706916967358
53229,0.3832254925886456
53230,0.49644289954638415
53232,0.2545873121952981
53233,0.38242374700903964
53234,0.184202335197155
53235,0.49329103248670353
53236,0.10400409166043349
53237,0.23891083105362054
53238,0.3354942282778352
53240,0.2871559754721446
53242,0.2532556491785975
53243,0.310829198578467
53245,0.28345233923633617
53246,0.5139853961725673
53247,0.22738893268577842
53248,0.3342886763422476
53249,0.09616059987102255
53250,0.38767916388363677
53251,0.5463856431440676
53253,0.267808234044145
53255,0.1845368494223416
53256,0.18723699944424546
53257,0.4450768125723265
53258,0.2100145873676955
53259,0.2697858545724195
53260,0.5874591419422056
53261,0.2474759506178774
53262,0.32637550963934775
53263,0.5111749372350449
53264,0.4393552283003565
53265,0.4637434042501763
53266,0.17186784904705352
53267,0.21605296722756373
53269,0.21495631695133724
53270,0.33235566735170646
53271,0.17747603297552061
53272,0.16217490147402383
53273,0.6441891371587067
53276,0.3587964437356912
53410,0.0
54001,0.7408746655160662
54002,0.6389319510788799
54003,0.24964312499064342
54004,0.5792045162478611
54005,0.27309852211888874
54006,0.8744748631125855
54007,0.7671584721117153
54008,0.6497721767675934
54009,0.4823540952769538
54010,0.6012936065231992
54011,0.5046391309802676
54012,0.8496743923584781
54013,0.452255762702865
54014,0.5040197076333461
54015,0.6921262536444424
54016,0.8727964234279533
54017,0.5097846926079826
54018,0.7501257615178453
54019,0.7039218179231792
54020,0.6378842623932593
54021,0.87519952542189
54022,0.9229808408305223
54023,0.47910519284665387
54024,0.8166735607721578
54025,0.7628331939296441
54026,0.6013403219033737
54027,0.5425719730949696
54028,0.8739563191489145
54029,0.5972421071590596
54030,0.2866378637709853
54031,0.7086960149046386
54032,0.6762993902198078
54033,0.515483146127948
54034,0.8901956142954687
54035,0.6073327258691943
54036,0.7735713450097744
54037,0.7116675986406197
54038,0.34926744227717615
54039,0.21402318106989104
54040,0.4574931419852857
54041,0.623631157450566
54042,0.20999554659868033
54043,0.9112123637262496
54044,0.3232392051977596
54045,0.5728717182198358
54046,0.5551289952665106
54047,0.5984888527619837
54048,0.6761880716684027
54049,0.6114141092707394
54050,0.5540103592473232
54051,0.8730395841715538
54052,0.19201425138163328
54053,0.5873487555596207
54054,0.3200018943214789
54055,0.9201896582009326
54056,0.6247490654191562
54057,0.18372122883098774
54058,0.6951573082305366
54059,0.6794126368520956
54060,0.7159358251173491
54061,0.3114826849640384
54062,0.6136199179372315
54063,0.5034690319943197
54064,0.6665686750999417
54065,0.4336700884489115
54066,0.7925797837094404
54067,0.6101357682343713
54068,0.4112281107285336
54069,0.6418583256100951
54070,0.8795299393216826
54071,0.5159307034290079
54072,0.7178581279473296
54073,0.6589148626933125
54074,0.6385103595297665
54075,0.5310191885557431
54076,0.3749888358113644
54077,0.26894129981761794
54078,0.39502574064203494
54079,0.6485523281803053
54080,0.5721047673558594
54081,0.6100193940976544
54082,0.6755284642312805
54083,0.6057435125488105
54084,0.6216309293216312
54085,0.5824512563554692
54086,0.6493256678521834
54087,0.5964685162829605
54088,0.8447509465606391
54089,0.8223753213340457
54090,0.8379628810326767
54091,0.7292124602947744
54092,0.1744732549311119
54093,0.50050390950881
54094,0.16204039394757208
54095,0.8899767707037859
54096,0.4552159105737375
54097,0.5057885467837363
54098,0.4200964091414327
54099,0.8142532493542033
54100,0.8200555448391973
54101,0.39692825332722853
54102,0.4940332274769264
54103,0.8022177059875447
54104,0.8915072807445203
54105,0.6038331298439695
54106,0.6523468164177805
54107,0.3450665521400696
54108,0.7011379103762887
54109,0.6482016323443546
54110,0.8392632137391004
54111,0.7385883742694292
54112,0.7178324093899482
54113,0.8005955886915767
54114,0.7461645506596337
54115,0.795463556755016
54116,0.47679036996181967
54117,0.1869151236696509
54118,0.47509532112420527
54119,0.7756468415151923
54120,0.5246835807246039
54121,0.5267929635928524
54122,0.7882375301021908
54123,0.7754751680649479
54124,0.6197635506737391
54125,0.35400881131103673
54126,0.8090010422659026
54127,0.5256816461810069
54128,0.5400176813902738
54129,0.45551653001347653
54130,0.6107486695234643
54131,0.7342781901699951
54132,0.5381338775116941
54133,0.6575535912688758
54134,0.529555661417984
54135,0.43229797390491104
54136,0.7677848665242107
54137,0.5924452705869053
54138,0.575789281212168
54139,0.8523066035365044
54140,0.2837023382926633
54141,0.7303375205479624
54142,0.43073240906069216
54143,0.6316106746069311
54144,0.7117674250137883
54145,0.6412309463813836
54146,0.5761140553888783
54147,0.6325839412486828
54148,0.4562225539532772
54149,0.5188425107201272
54150,0.7524773710169574
54151,0.5570038416804007
54152,0.5211250004381902
54153,0.40945499948333786
54154,0.27205932220908285
54155,0.45449611624019726
54156,0.14174688988929918
54157,0.6433847276390635
54158,0.31384234371154435
54159,0.6218762935601992
54160,0.9063841415461806
54161,0.42552127537917
54162,0.4710793632929377
54163,0.2529594323569479
54164,0.1775852515955111
54165,0.7965772590232235
54166,0.8756310168664457
54167,0.8402308960287046
54168,0.8640002590234178
54169,0.5252858673248467
54170,0.5555820676364133
54171,0.8630580064935579
54172,0.6631937995968963
54173,0.8043987396205066
54174,0.47104228276292653
54175,0.3794053367635848
54176,0.5918248259655174
54177,0.5712873309894063
54178,0.476282468287101
54179,0.6682543730188802
54180,0.8483848867573914
54181,0.5723139303388729
54182,0.3974674008662589
54183,0.5836643569562604
54184,0.8328425674220642
54185,0.30030885196482277
54186,0.7753540810647035
54187,0.6371921431555125
54188,0.7615845363007822
54189,0.19061120211426527
54190,0.3136997400611813
54191,0.5357928202600927
54192,0.8563760940407876
54193,0.694258903768878
54194,0.5690359849897448
54195,0.6529934012139558
54196,0.6886001808022421
54197,0.782690521059767
54198,0.6906587970561961
54199,0.3849914541420965
54200,0.5074474479680147
54201,0.5464046185932142
54202,0.7602994987665291
54203,0.2944233898853937
54204,0.15307132723509834
54205,0.45217651858024227
54206,0.4403897043925453
54207,0.29625653320461987
54208,0.8717978828515799
54209,0.4643054081746554
54210,0.29850021719592035
54211,0.4516720206647786
54212,0.5555335759238121
54213,0.6300499779432318
54214,0.7350074798144517
54215,0.8370079010366673
54216,0.37563566415148025
54217,0.3617629107169662
54218,0.20230048396829003
54219,0.8910881644311998
54220,0.5228038425213498
54221,0.5134264689241127
54222,0.3430511470261091
54223,0.8661273986052059
54224,0.17802294958515072
54225,0.9581316116694699
54226,0.7323226207229903
54227,0.8312260577960576
54228,0.5747544004287988
54229,0.36952704606128656
54230,0.411748485105665
54231,0.6295212524273608
54232,0.6868920624402949
54233,0.6083284212668582
54234,0.5128292527249111
54235,0.6998578479007906
54236,0.464596299619288
54237,0.25699311141234965
54238,0.1812216333187844
54239,0.8780547507436008
54240,0.7194828387450016
54241,0.21788049663020917
54242,0.6550674751365043
54243,0.36366442369020685
54244,0.8505001129618343
54245,0.4211951042795443
54246,0.5826506295127684
54247,0.7304633568667903
54248,0.6618615677183405
54249,0.6642302887783461
54250,0.8754537881201006
54251,0.3969092215882826
54252,0.45145975069991656
54253,0.7143360943636395
54254,0.5026826850317018
54255,0.4241464916187893
54256,0.5748558209751539
54257,0.7884513255235791
54258,0.6666133566307456
54259,0.3637653961251594
54260,0.4986276172022004
54261,0.6324355051918533
54262,0.6326790594644897
54263,0.8628826954391181
54264,0.8683018150792176
54265,0.8312180011477283
54266,0.6131796924154389
54268,0.16701101934892906
54269,0.6583654487729709
54270,0.4783460068745046
54271,0.4140668812084494
54272,0.8867071490766926
54273,0.6413962328683079
54274,0.8773867961408385
54275,0.8320479365994036
54276,0.8620243912010545
54277,0.5941410749685273
54278,0.15130115111842876
54279,0.6763306953681495
54280,0.9119434523026465
54281,0.4686707482664742
54282,0.6499746557043401
54283,0.8826206939853121
54284,0.5840647815821001
54285,0.5076980371547074
54286,0.623762384884869
54287,0.4647476813343288
54288,0.6471649995839113
54289,0.8532301420159464
54290,0.5482196383366043
54291,0.17869807587455122
54292,0.39707726270985094
54293,0.4042844347122226
54294,0.7008820156906692
54295,0.5823081632932733
54296,0.846252831261815
54297,0.3587352720930188
54298,0.5285560859431203
54299,0.4117667307554096
54300,0.6871538430501462
54301,0.8927488101007516
54302,0.724226493229939
54303,0.42432609544575267
54304,0.6807090714721399
54305,0.7827783564104952
54306,0.50893550647915
54307,0.16812047909237018
54308,0.5503750196756788
54309,0.5105341459460577
54310,0.30002403158820934
54311,0.8379625071829983
54312,0.6843311304039451
54313,0.783497097614014
54314,0.5951515728012754
54315,0.8879089722370108
54316,0.6072481861702982
54317,0.6386972559292752
54318,0.6886805788354051
54320,0.7069471681323721
54321,0.67277159234201
54322,0.48621669131467615
54323,0.6044802279162929
54324,0.5463586832404248
54325,0.5763768872244539
54326,0.6936578947748333
54327,0.47948633339016933
54328,0.7297481138280947
54329,0.41952648399704556
54330,0.7371361722340101
54331,0.5562745818855824
54332,0.8421717241536709
54333,0.5634196832892734
54334,0.6787210804593712
54335,0.748696205528578
54336,0.9032546643932418
54337,0.6381779746062685
54338,0.7660952517336016
54339,0.7829330313291695
54340,0.6597940122282929
54343,0.4984845031735042
54344,0.24565045452474613
54345,0.7791911721147113
54346,0.8756536515484653
54348,0.8777068315199297
54349,0.38550166595012625
54350,0.4039684410366851
54351,0.7566548775303855
54352,0.74524248283112
54353,0.7052495926755634
54354,0.8928235863650923
54355,0.8711992100887974
54356,0.6140347781756218
54357,0.7234106952332312
54358,0.830895298725665
54359,0.42393316608884274
54360,0.6530205807648967
54362,0.6230024009767314
54363,0.6431301722302382
54364,0.7515963100070001
54365,0.3082520226176024
54366,0.7301790251615463
54367,0.5558442133787925
54368,0.5285166215047092
54369,0.7327768756791699
54370,0.6903426158382681
54371,0.8662635470725025
54372,0.8662134885314208
54373,0.4670593315575777
54374,0.5290486091193137
54375,0.6871020146831482
54376,0.8958730885224816
54377,0.5556721297376486
54378,0.5607969873852765
54379,0.4172278350492065
54380,0.48813928203001056
54381,0.5834825735964434
54382,0.5948030790178073
54383,0.3331911666661622
54385,0.48436379592024453
54386,0.41636179432958437
54387,0.7126818417775155
54388,0.6578695683025896
54389,0.6631989876001306
54390,0.7261215194330294
54391,0.8335024245919476
54392,0.7667116724612137
54393,0.4087404060974609
54394,0.543656623393865
54395,0.6931952866000143
54396,0.5084786768788406
54397,0.7211179757445514
54398,0.5348682290706703
54399,0.4935513935369784
54400,0.707964591942469
54401,0.5771814785130236
54402,0.5711252923989031
54403,0.7989458117577484
54404,0.6211665739812889
54405,0.8097418736969585
54406,0.3102762959075131
54407,0.43804005113706945
54408,0.5556119409888612
54409,0.5316566226524804
54410,0.9120078408555868
54411,0.45093002700955864
54412,0.38037350186350816
54413,0.7152336962095576
54414,0.5354947665422126
54415,0.8555554636175174
54416,0.3631605314746498
54417,0.8577377099376334
54418,0.669263512634047
54419,0.5520708578511905
54420,0.6645502665132316
54421,0.5395891878344533
54422,0.6064532087104152
54423,0.6720617750558159
54424,0.6108611168494721
54425,0.5148093165812248
54426,0.7506628466673364
54427,0.7437747792131281
54428,0.6459261522582257
54429,0.8747247547372995
54430,0.7733202925930825
54431,0.5857636207579423
54432,0.90638026888716
54433,0.5598069906049338
54434,0.1697646455659493
54435,0.8476773801321226
54436,0.6552757050281798
54437,0.6598922490139193
54438,0.3074482155175159
54439,0.7774677945151187
54440,0.588621595752
54441,0.7067943059818657
54442,0.47927796968473513
54443,0.4204329768436644
54444,0.8264590978396886
54445,0.5974623301768981
54446,0.6216396879059559
54447,0.5375145104901633
54449,0.4317321065624283
54450,0.5505390259422372
54451,0.5797192664783736
54452,0.6256248532323724
54453,0.9074370297123173
54455,0.609320901425282
54456,0.8223025096178579
54457,0.6068573712643968
54458,0.37189557193430245
54459,0.7110775343444965
54460,0.9065855952697482
54461,0.5449154833733522
54462,0.6650990180533592
54463,0.9086521685099256
54464,0.7565746379024026
54465,0.2661000814700631
54466,0.6419662923474675
54467,0.5915551915546763
54468,0.8160256987899835
54469,0.8901379520853133
54470,0.39923605455618283
54471,0.6012011622022854
54472,0.3086318977053501
54473,0.13395255582803423
54474,0.6908805386750861
54475,0.4017785787371608
54476,0.4102014900607589
54477,0.8778257446559983
54478,0.8488017122087458
54479,0.5671861205307253
54480,0.40011252637933703
54481,0.5621891501255152
54482,0.7896247050008288
54483,0.7096303220873281
54484,0.5306591705700368
54485,0.5657971696451314
54486,0.4991166804122178
54487,0.4850366176641503
54488,0.5515614985564928
54489,0.6408402325695474
54490,0.8762490887080708
54491,0.6402942270281112
54492,0.6850753673324342
54493,0.5794247815685477
54494,0.1874360088667387
54495,0.8311100108030492
54496,0.6212772271581938
54497,0.19919153150130456
54498,0.8088257980216027
54499,0.2455222937520732
54500,0.4853530132044106
54501,0.5841304465107543
54502,0.621141076381678
54504,0.5590042263726599
54505,0.7689556269198204
54507,0.669782787212109
54508,0.861266919560956
54509,0.6920671556481685
54510,0.7312741572543727
54511,0.6198194616016196
54512,0.47969773686445216
54513,0.41363240765226966
54514,0.5323318998853891
54515,0.8817252536915262
54516,0.21509560950686382
54517,0.4939631310849679
54518,0.5693528433128784
54519,0.5211328455497136
54520,0.4073845767307673
54521,0.5701824294322453
54522,0.19649807391380616
54523,0.8639486669765649
54524,0.7027617336429443
54525,0.5708592852660885
54526,0.8476650846113469
54527,0.6696155034932493
54528,0.596130947844741
54529,0.38427042080922846
54530,0.4051548808716958
54531,0.42392699393498523
54532,0.90547482844846
54533,0.7141657238353919
54534,0.47000251181684777
54535,0.8116983476778104
54536,0.7505716679926367
54537,0.6330749845554066
54538,0.5956480471205112
54539,0.36784300373900036
54540,0.6146235376587926
54541,0.6058627252673805
54542,0.7058843540285841
54543,0.5699904695228392
54544,0.9301936873140799
54545,0.2740936006477882
54546,0.8361983471885535
54547,0.7387638789933529
54548,0.6073697247128076
54549,0.7403666389647924
54550,0.3888795949702463
54551,0.613213549068066
54552,0.18723783076031209
54553,0.2405938506820846
54554,0.18281573096424328
54555,0.6016721789304821
54556,0.3382928344374683
54557,0.6984430281354403
54558,0.8427335891189718
54559,0.8237415884618282
54560,0.347088231485067
54561,0.6193089632921566
54562,0.2894610084867069
54563,0.4938774196693774
54564,0.6534488577096899
54565,0.6459672711909127
54566,0.8755178093316913
54567,0.22825435877492953
54568,0.6543475692547847
54569,0.7088988341844057
54570,0.8578698269157424
54571,0.7305294268786348
54572,0.5275592134685384
54573,0.896299890006316
54574,0.6078024482277854
54575,0.4851478162535742
54576,0.45683053158804326
54577,0.8897238594838607
54578,0.7249222129770795
54579,0.8908030097522469
54580,0.5367905243371668
54581,0.7032976740798079
54582,0.5455218245449194
54583,0.7552305610770893
54584,0.7294262310081995
54585,0.30991973623220614
54586,0.869464372751018
54587,0.703202698628871
54588,0.5347750568675377
54589,0.8938098382793477
54590,0.5513281452180434
54591,0.645766655315478
54592,0.26562957724280906
54593,0.8638559317371787
54594,0.37446614485041313
54595,0.4099992625225058
54596,0.8770675822815858
54597,0.1191034269844893
54598,0.6249583937594946
54599,0.7259148026889016
54600,0.5689008432527339
54601,0.6534813470299476
54602,0.6410990962606608
54700,0.0
54840,0.0
55000,0.0
55001,0.0
55002,0.7302943546190049
55004,0.23309099396585684
55005,0.2049206453609542
55007,0.7050899742571591
55008,0.41956224985244095
55009,0.46118125218089684
55010,0.31159264697978745
55011,0.5048190615920917
55012,0.17581503163510384
55013,0.6077071999384872
55014,0.03943672156184738
55015,0.35865987757044476
55017,0.08151116913955188
55018,0.512760623467508
55021,0.3468650111669023
55022,0.3743201426151779
55023,0.576984309416803
55024,0.7381391607034002
55025,0.40060024090921803
55026,0.0295487123887779
55027,0.22075673019382083
55028,0.1942496261521323
55029,0.37404290553027786
55031,0.7380777867696323
55032,0.3249942149206661
55033,0.054598956788588136
55034,0.3134261991422145
55035,0.41816109542555574
55036,0.3950916498220353
55037,0.33310916886355374
55038,0.16327137895040555
55039,0.7343580682963888
55040,0.022912262951575568
55041,0.3662337385413455
55042,0.5837638163341693
55043,0.7724439490251348
55044,0.24558791578995684
55045,0.5938762631751516
55046,0.32914534148852453
55047,0.6712773394220918
55048,0.6225960659662705
55049,0.553928764992159
55050,0.41071759635518096
55051,0.2927892894928888
55053,0.3025579580218443
55054,0.14505817842232047
55055,0.7558560935220373
55057,0.40587467851341086
55058,0.23468831550217695
55059,0.1561343588731466
55060,0.4902365513682094
55061,0.5994834546959237
55062,0.15393416184941464
55063,0.44360794573453005
55064,0.51978726436592
55065,0.11691597070472859
55066,0.42324884037219657
55067,0.2761865258262048
55068,0.3911610336469559
55069,0.31549881193808305
55070,0.6729995453063687
55071,0.2770026871153223
55072,0.478314675654643
55073,0.7082892628996506
55075,0.4757401474331786
55076,0.18074612554806457
55077,0.3440772949873956
55078,0.23311800365548038
55079,0.4908149314333438
55080,0.30531289707504844
55081,0.1308052016015624
55082,0.3916368334896936
55083,0.2782367139465198
55084,0.3143019823012581
55085,0.27543802922950905
55087,0.29026077838980946
55088,0.11392701443553395
55089,0.27180126441150054
55093,0.11510107381429875
55094,0.39374020226047907
55095,0.3560682695822739
55096,0.045497685756441
55097,0.6596385059246356
55099,0.7012597483451052
55100,0.6012884453823745
55101,0.2621466861194604
55102,0.6906546710736254
55103,0.08805926965307409
55104,0.10316562009567398
55105,0.5757844707153498
55106,0.6866756707512286
55107,0.6907633810336401
55108,0.1434788785147914
55109,0.2545383449871572
55110,0.22096865853816336
55111,0.11571075096268711
55113,0.0912010240114146
55114,0.1057952146951836
55115,0.08496828033432276
55116,0.10932483352987865
55117,0.043748839973982566
55118,0.23851178033306838
55119,0.24783274261585234
55120,0.449459719921714
55121,0.47730208593797846
55122,0.17056510550269466
55123,0.17503892273376423
55124,0.6734547162368818
55125,0.3492126472175689
55127,0.3297445196390151
55128,0.0506052808442633
55129,0.033439989525026824
55132,0.2821900382661913
55133,0.4041762481947367
55134,0.6422642885524655
55137,0.5721135151077231
55138,0.4524171979755764
55139,0.35538496718618573
55140,0.22332637849992976
55141,0.4518659428149124
55142,0.31067440954551795
55143,0.7291670918751834
55144,0.42693737783400376
55145,0.5990634871578705
55146,0.5898001307567159
55148,0.046547814967243646
55149,0.3429594563735183
55150,0.24055286831437164
55153,0.7415396550996198
55154,0.45002403156538423
55155,0.6033364095238122
55156,0.24227430642750614
55157,0.4594619377514125
55158,0.4658921006400985
55159,0.04145414735823481
55160,0.2934226996040089
55162,0.50737480683877
55163,0.3166307122490889
55165,0.17528439295543352
55166,0.46586516789076676
55167,0.19605066813273186
55168,0.37721869625428633
55169,0.3237227322233978
55170,0.23381810853517768
55171,0.689310997914775
55172,0.6393939148950745
55173,0.029992694793257575
55174,0.07596725678939724
55175,0.20323981068402852
55177,0.2041936250502455
55178,0.30112065364936175
55179,0.2000835820893602
55180,0.6219831561619446
55181,0.4821866009756173
55182,0.49562877803454014
55183,0.6261910183345801
55184,0.31361295085444557
55185,0.04981600547423696
55186,0.37750772149033446
55188,0.16388669142912182
55189,0.7351430871967705
55191,0.6027411361381596
55192,0.21218734472842826
55193,0.6625774783352575
55194,0.10947804791997878
55195,0.38567109396452764
55196,0.2759561664124038
55197,0.15253272846740612
55198,0.40582090080225747
55199,0.055470565037737174
55200,0.6558202568623499
55201,0.6239072714391148
55202,0.18542923919936538
55204,0.7040795164842898
55206,0.6600948711516909
55207,0.4700246875033092
55208,0.10638620481263787
55210,0.29578872459903566
55211,0.7643068480059858
55212,0.2788775867634175
55214,0.23840003405666169
55215,0.04016793941410501
55216,0.26931113242008625
55217,0.2586754984020718
55218,0.7693379295675203
55219,0.5069681712164023
55220,0.14690918446859216
55221,0.47201875594595705
55222,0.3777033604053677
55224,0.3682320316499494
55225,0.37476848160668047
55226,0.13870060492192005
55228,0.20761900061870828
55229,0.13610480167546316
55232,0.30453460379007197
55236,0.5996874194785803
55237,0.5501044555229471
55239,0.6722596616467098
55241,0.2422165412873355
55242,0.38764757549687906
55243,0.40818430353997465
55244,0.5047092940335669
55245,0.0717954133231647
55246,0.2681646787877442
55247,0.025062886889870184
55248,0.22150100743070375
55250,0.3839908872532603
55251,0.6580234699402773
55252,0.2332105244826886
55253,0.11143080416291194
55254,0.0231025052322298
55255,0.2624807985348861
55256,0.26417580443767846
55257,0.6538567075082659
55258,0.38997260044310794
55260,0.38521628457573137
55261,0.6345126770822943
55262,0.12334522342651211
55263,0.12476906833117296
55264,0.09601481156664633
55265,0.39142132963330506
55266,0.23301000408731676
55267,0.20006776277097862
55268,0.2894054900462711
55269,0.04613262690944909
55270,0.18665661773510892
55271,0.18602233604171772
55272,0.2263704861680559
55274,0.16724249752927892
55275,0.22510851267480256
55276,0.45933511042794767
55278,0.15862309909839967
55279,0.2442194160257567
55280,0.5409178585864711
55281,0.35822350807816844
55282,0.4305660099302507
55284,0.5097401019485271
55285,0.0720057957542389
55286,0.44435263889906484
55288,0.1910572391187896
55289,0.39376540528387477
55290,0.45797580876165406
55291,0.216350522900576
55292,0.298871821320332
55293,0.18786541582158797
55295,0.20461275906140264
55296,0.5086776114155077
55297,0.28690394838577565
55298,0.45266831802552954
55299,0.19618517984559034
55300,0.3057643403870777
55301,0.1722374517950516
55302,0.41930000404044215
55303,0.1525377850540125
55304,0.21636853697558397
55306,0.2391066082450035
55307,0.40737087333450867
55310,0.33755307677327734
55311,0.2995450865543277
55312,0.10656753849508242
55313,0.5982078473178292
55315,0.13214287447971576
55316,0.37237795359954506
55317,0.5112379642892425
55320,0.29556837101215067
55321,0.6998232911814629
55322,0.36571628842347303
55323,0.2643816596142338
55324,0.2454731695727529
55325,0.7591746275730094
55326,0.6356206807519954
55327,0.26038453349691865
55328,0.2140525329158874
55329,0.1731260458886845
55330,0.18468205178755204
55331,0.39422285366919657
55332,0.23986057692841686
55333,0.36663207802011205
55334,0.1277849197497993
55335,0.41270707704530524
55336,0.21858557165218093
55338,0.23566397009444587
55339,0.7581963192978672
55340,0.4583998068744875
55341,0.6773513041326383
55343,0.14719430482517232
55344,0.25306440835742533
55345,0.41141533924187645
55346,0.1026837924641772
55347,0.6830804789668111
55348,0.2910738769588153
55349,0.3715241100133196
55350,0.0668248784096173
55351,0.41664121970853857
55352,0.41966838557985603
55353,0.1408605689431468
55355,0.6219760712822361
55356,0.7441115424376382
55357,0.756956928431367
55358,0.19887367028218816
55359,0.4055131082491517
55360,0.6845473166976435
55361,0.5454028739438499
55362,0.4702028146442691
55363,0.3204357554027117
55364,0.3519988045516212
55365,0.1870327445471124
55366,0.31502496261749874
55367,0.21229319445957093
55368,0.09466387815344511
55369,0.28588060321882575
55370,0.2854718015276121
55371,0.21693098765817254
55372,0.21292323619491463
55373,0.42605689112919537
55374,0.5205347934484053
55375,0.13208155400403224
55376,0.36499713701811093
55377,0.25537934123116407
55378,0.11470627930782902
55379,0.1643447431300293
55380,0.024134864498149142
55381,0.2633456390599922
55382,0.24507525260203167
55383,0.07372612367054483
55384,0.1922028512418065
55385,0.4413751202168094
55386,0.048481333040224756
55387,0.5592412522781439
55388,0.24526819587403967
55389,0.02371494298714208
55391,0.1840702013472729
55394,0.7406492907976001
55395,0.5389343351262967
55396,0.5154693884684948
55397,0.5876663710165619
55398,0.4261228332215486
55399,0.33425215185151913
55400,0.417952210032652
55401,0.1088135212255611
55403,0.25023216265526355
55404,0.03251708157507663
55405,0.36443512536046224
55406,0.37041795952188816
55407,0.22133709404396906
55408,0.3905887732161147
55409,0.052716308261680604
55410,0.285253790936965
55411,0.5796538047261673
55412,0.3036066636981568
55414,0.309733231953808
55415,0.6779848500043207
55416,0.07432470247319507
55419,0.6426281167482922
55420,0.6851629932597617
55421,0.4463064788535827
55422,0.6710278074914681
55423,0.17343073477868395
55424,0.42601631995838246
55425,0.29028978713607606
55426,0.44456519621052565
55427,0.32107706633540345
55428,0.6141021581157178
55429,0.3929245048614778
55430,0.34475509820267947
55431,0.15530764652000917
55433,0.6424184967908181
55434,0.6666384697305141
55435,0.6614451319172344
55436,0.32103667852070145
55437,0.6220673134152676
55438,0.16515676652749378
55439,0.5211454266711145
55442,0.1478287776018354
55443,0.5163695937010924
55444,0.22082883857738259
55445,0.6083751267878253
55446,0.3437455945592729
55447,0.39565102897950694
55448,0.09212862081365066
55449,0.48547479855588843
55450,0.3793116510238961
55452,0.192540402822007
55453,0.2380052459020605
55454,0.20158837504595772
55456,0.48195906776242287
55457,0.23863050696940583
55458,0.5396678553843148
55459,0.18445049908176137
55460,0.23376428150356757
55461,0.39877675191218626
55462,0.1604694177366395
55463,0.10175959419670527
55464,0.5865978310756089
55465,0.47184791296516004
55466,0.39866911063670557
55467,0.13092742123098888
55468,0.709150252397702
55469,0.2667388173276552
55470,0.49096271289622223
55471,0.42228846952312965
55472,0.1784672480583138
55473,0.3799152836570403
55474,0.27951317634698675
55475,0.313990420089778
55476,0.43743063773297797
55477,0.39239930023720704
55479,0.20277406814488072
55481,0.22090589877967973
55482,0.6084152766422711
55484,0.20750232165170454
55485,0.5562204844718645
55487,0.23059127205109853
55488,0.5162362436682854
55489,0.4731773349129946
55490,0.6232495421163864
55492,0.5522645863865977
55493,0.24001799586385633
55494,0.4876892756564685
55495,0.6831412688202044
55496,0.4165910120476992
55497,0.3857041883460659
55498,0.5734081031487945
55500,0.16826226996118485
55501,0.4939904675057704
55502,0.30556566648558253
55503,0.24145057835400988
55504,0.6213256621628216
55505,0.6885060128371635
55506,0.060329104885845586
55507,0.26680029724197485
55508,0.3158413892573595
55509,0.3413815184558588
55510,0.27885101185668143
55511,0.24793738162009504
55512,0.6904379102273087
55514,0.4842794923395341
55515,0.5041742318599809
55516,0.17002394537191615
55517,0.0761820369456838
55518,0.4458938394260421
55519,0.18684051452251116
55520,0.48047919021026897
55521,0.5174069476818227
55522,0.6626883443818171
55523,0.715270310989183
55525,0.4445213567048543
55526,0.19609939652611638
55527,0.07784022930935035
55528,0.17254866600965138
55530,0.11242948243534996
55531,0.5196901235389532
55532,0.049524257598568384
55533,0.30368895686397895
55534,0.35623556498410003
55535,0.22088564912007805
55536,0.11212506733990653
55537,0.7258135521752372
55540,0.5405221626073179
55541,0.322533939429115
55543,0.28657132639130684
55544,0.41504409695582273
55545,0.3711554057019663
55546,0.3010862683598054
55547,0.2984635532151669
55549,0.044842793475535436
55551,0.03413646112906633
55552,0.30174584313321157
55553,0.3013982713656315
55554,0.18053362820250385
55555,0.19448789861590854
55556,0.7289074636760381
55557,0.49933880698249555
55559,0.28449257054257365
55560,0.22660056236681014
55561,0.3104089976152636
55562,0.36381438217098405
55563,0.4191789298121333
55565,0.3898586548739276
55566,0.6799621027291076
55567,0.38284101320775377
55568,0.5269666514469454
55569,0.21194296113601627
55570,0.2001979784258032
55571,0.2525904676914494
55572,0.2565653338357983
55573,0.20977203033124772
55574,0.27793932382942993
55575,0.29186877743503264
55577,0.11905792529402871
55578,0.5860882108890785
55579,0.5348340220752618
55580,0.6765538920896459
55581,0.2813302628674477
55582,0.42418916090833797
55583,0.3306263711465465
55584,0.3837499344958517
55586,0.13786216248547012
56001,0.2363477645817215
56002,0.2710104378388924
56003,0.5078282865157503
56004,0.3142267087702186
56005,0.6813043245537584
56006,0.24053534181044756
56007,0.48973677118342995
56008,0.4220794703381526
56009,0.20669960224091324
56010,0.18752343279059644
56011,0.34266926883682486
56012,0.17369062826994627
56013,0.5258843947958991
56014,0.22923701891552387
56015,0.32346629156898293
56017,0.0772747448845859
56018,0.23720145525199057
56019,0.28601915662704774
56020,0.30562368996274114
56021,0.4212158973253865
56022,0.621466290908013
56023,0.3448986318967184
56024,0.500370025599543
56025,0.49385803600690065
56026,0.17466711028942836
56027,0.09158306846845672
56028,0.3271554602836134
56029,0.5533100228707422
56030,0.5091073758883349
56031,0.23861271423215358
56032,0.16519361352501077
56033,0.30912762124508053
56034,0.2920804345495693
56035,0.21512947406326308
56036,0.44735979480454996
56039,0.12466924520974725
56040,0.5526753218708036
56041,0.17843688220467357
56042,0.49216371477778975
56043,0.37244370682916156
56044,0.4479431541886472
56045,0.18581316041374352
56046,0.4346001220428494
56047,0.6021804206937159
56048,0.25345257125661275
56050,0.1937165291130759
56051,0.3114436278299233
56052,0.43376120001625407
56053,0.3755641801695142
56054,0.3822169202555779
56055,0.5619555273290411
56056,0.5578509648813449
56057,0.20868513418497012
56058,0.23603848842313493
56060,0.40194557536709663
56061,0.42175005221944195
56062,0.6416550192421965
56063,0.5254237546944643
56065,0.4106466286328603
56066,0.20884119488176486
56067,0.5392988892309828
56068,0.5351421555620895
56069,0.5386150782533614
56070,0.1353966657548556
56071,0.12668395306854438
56072,0.5316671521883446
56073,0.659909660390212
56074,0.12855712928018356
56075,0.2479150085266623
56076,0.22483508502390573
56077,0.4011457827799769
56078,0.38532429291569986
56079,0.20427159505455264
56080,0.46024949070522764
56081,0.3358364677765175
56082,0.28457227154277603
56083,0.37245100234590955
56084,0.6033268133517059
56085,0.09967973685620528
56086,0.4320256752019532
56087,0.7216717887542706
56088,0.7673791474237924
56089,0.2881392047310145
56090,0.37680939833887467
56091,0.22909369590575265
56092,0.48643393363848064
56093,0.3847254369343416
56094,0.3699182407090122
56096,0.4615579857108702
56097,0.3585854344512189
56098,0.5117057937569708
56099,0.31681455132488695
56100,0.20245373694469412
56101,0.2262180009687954
56102,0.12441790687097132
56103,0.1271375705254514
56104,0.519536814112966
56105,0.3721048235025371
56106,0.6986912979824146
56107,0.5007371797666047
56108,0.210361342663949
56109,0.4092567283473601
56110,0.1686982984506061
56111,0.2834634582550493
56112,0.37527097063097736
56113,0.4079742660137562
56114,0.18983081135573074
56115,0.5946832184261194
56116,0.6328442718084882
56117,0.10687031965245541
56118,0.6157883636969058
56119,0.38709797911676835
56120,0.538510591277012
56121,0.42555602930955544
56122,0.3573345034037694
56123,0.3111700088905804
56124,0.2636813471644304
56125,0.22109154293993213
56126,0.24291800151435947
56127,0.31355327142351896
56128,0.32798049603474816
56129,0.09561310712127098
56130,0.43389243924944676
56131,0.36398878045215416
56132,0.6368890071742107
56133,0.2226532157048112
56134,0.487087577036931
56135,0.15408323699820123
56136,0.41101323277675794
56137,0.47694444390446983
56139,0.250946958143699
56140,0.0971583243571778
56141,0.12929274972220264
56143,0.20635332316299201
56144,0.11162842872110107
56145,0.45506205348971224
56146,0.3779529890623321
56147,0.1634245116644534
56148,0.43867959232721615
56149,0.21902991400013808
56151,0.3783715284626267
56152,0.39126625614945904
56153,0.18091217041247143
56154,0.4065696735174744
56155,0.4225145858205548
56156,0.23394495834558152
56157,0.5162585432720371
56158,0.5037080083870302
56159,0.18935330898355032
56160,0.07903285867061254
56161,0.31839289818760097
56162,0.36913648138790967
56163,0.21514456082286246
56164,0.48410428446272746
56165,0.24577452862566962
56166,0.4818230077813923
56167,0.49305179952796657
56168,0.3817261028541606
56169,0.5190586883577496
56170,0.28042466171609853
56171,0.2633228967349967
56172,0.2513199679591543
56173,0.12262856205091156
56174,0.08972895251719515
56175,0.4368359443654832
56176,0.43810466068362447
56177,0.30771896466569576
56178,0.31278839013619164
56179,0.4518063584490837
56180,0.2999185127651231
56181,0.609261708448817
56182,0.21246211038230442
56184,0.3569493160224518
56185,0.5317454526644537
56186,0.5911076329579857
56188,0.1173831069073485
56189,0.09090565512598155
56190,0.31581302701204245
56191,0.46741034560361
56193,0.5545164920795546
56194,0.24251803289193594
56195,0.42472041755791196
56196,0.3946977306137676
56197,0.1372050585758743
56198,0.5899327444178143
56199,0.26277930593318594
56200,0.3903276243975369
56201,0.17310133874941513
56202,0.23688814386575788
56203,0.1717707318881507
56204,0.10186482714699631
56205,0.6034301946296786
56206,0.4086149400250294
56207,0.15073649763653252
56208,0.4800829108866819
56209,0.25803330484830606
56210,0.22129059804563322
56211,0.356907625495636
56212,0.19513087117605787
56213,0.42195180395227877
56214,0.597556621033509
56215,0.5075874291640906
56216,0.39480670829064496
56218,0.35304501192356225
56219,0.165648630967285
56220,0.5796253678627363
56221,0.34417143983051535
56222,0.4115613726293433
56223,0.34574229446646026
56224,0.48404146511214924
56225,0.41439245952776393
56226,0.24749467945493095
56227,0.5129179831218119
56228,0.24729612204103157
56229,0.41222655664927393
56230,0.4681589028276954
56231,0.40735223144999994
56232,0.3287845247969092
56233,0.6525891133343875
56234,0.4322437400844991
56236,0.20125535685875948
56237,0.27687213621678713
56238,0.3922076927001512
56239,0.3570031754079865
56240,0.5082859048693434
56241,0.2552906124578373
56242,0.32068212702133625
56243,0.4250097801448491
56244,0.20984434731459498
56245,0.444327561762085
56246,0.3834588623768512
56247,0.36468849033527606
56248,0.32248800860648025
56249,0.18734996129429016
56250,0.3760159543328722
56251,0.3631499573337786
56252,0.5169275911179428
56253,0.4978030731898058
56254,0.3110388612573359
56255,0.4282884326885468
56256,0.5249957668013409
56257,0.43526666406503106
56258,0.446236098286587
56259,0.38615226906795064
56260,0.5117759357295578
56261,0.4548171374107548
56262,0.5099367764841491
56263,0.4714374546390164
56264,0.24904161417084672
56300,0.0
56730,0.0
56760,0.0
57000,0.0
57001,0.846020337471676
57002,0.8184286366810017
57003,0.6894712836840936
57004,0.4528599418949311
57006,0.4001855276664355
57007,0.5568700700441664
57008,0.529852585775748
57009,0.8170938128730315
57010,0.4694418236661681
57011,0.3220873348591536
57012,0.6886916046388746
57013,0.6654761445481961
57014,0.7846006773095429
57015,0.775275537803457
57016,0.4084125246826949
57017,0.8929145120737525
57018,0.5211103094927306
57019,0.7844027580670341
57020,0.7486785632607672
57021,0.8433006448983732
57022,0.6480200060161105
57024,0.9095590708107307
57025,0.2494967395995
57026,0.3356320618804481
57027,0.5127647274957796
57028,0.8789391888866218
57029,0.526447658729159
57030,0.9099688221587044
57031,0.8301733071034608
57032,0.8469668754474511
57033,0.661919836481114
57034,0.5097967539304501
57035,0.6639793648349133
57036,0.7262431985451109
57037,0.9084644572412971
57038,0.5242506654818402
57039,0.8351386965991491
57040,0.7615172423020532
57041,0.5823968245012113
57042,0.6268141307234024
57043,0.8767912727198673
57044,0.7139121870802346
57045,0.32493031393761856
57046,0.29325807999941156
57047,0.6479781055262926
57048,0.34640402802447734
57049,0.8792063211267117
57050,0.5319139898505009
57051,0.44951647101518377
57052,0.6852177554599986
57053,0.3272248648852245
57054,0.33436040317245636
57055,0.7943214694505029
57056,0.6272518808281301
57057,0.4653957679153728
57058,0.7046822682086816
57059,0.45862070216841794
57060,0.32164141401636
57061,0.7859786560496828
57062,0.5708014315968895
57063,0.72990553820204
57064,0.4869221790243797
57065,0.5658007104240357
57066,0.7790456042169108
57067,0.7067738830128195
57069,0.7483996082365367
57070,0.346899318050549
57071,0.8850727464378689
57072,0.8870378049277736
57073,0.7993391842875077
57074,0.5023874755766212
57075,0.9104247254265604
57076,0.5499966084563677
57077,0.6216209651845596
57079,0.23798666426634765
57080,0.6112647784184828
57081,0.3455604149561846
57082,0.8105845307365009
57083,0.5179904929175975
57084,0.7167078413243494
57085,0.3864948890442319
57086,0.7867106786503899
57087,0.7067855382997439
57088,0.7662892795046304
57089,0.3944397568583932
57090,0.5508685063361113
57091,0.535438858927137
57092,0.5874886197012076
57093,0.6927450593604108
57095,0.5554264826701726
57096,0.5849674232192652
57097,0.4412480377131705
57098,0.4007749094859716
57099,0.22952777254345305
57100,0.5172433659270365
57101,0.7616188521067709
57102,0.7927171295136849
57103,0.5669290322937386
57104,0.6847043305829218
57105,0.5652271954293883
57106,0.30848294599990717
57107,0.42801023527553345
57108,0.4570618689246723
57109,0.6516778253788141
57110,0.442318064942115
57111,0.9076320759466691
57112,0.3894275074652622
57113,0.6780161610813017
57114,0.5439308756030572
57115,0.4832800453725404
57116,0.9454282144814637
57117,0.7644935364038327
57118,0.7828520770802446
57119,0.7376115489320432
57120,0.4461848516918918
57121,0.8183085129210403
57122,0.7261014753373508
57123,0.5739368364657893
57124,0.5640148486704983
57125,0.9038719359150593
57126,0.34313778593986216
57127,0.5990718619470772
57128,0.7190729570482924
57129,0.897128856528202
57130,0.4176850198299862
57131,0.517017854425348
57132,0.43818459317769404
57133,0.48052039193040064
57134,0.8366295599385549
57136,0.28892084877577195
57137,0.7366995046854653
57138,0.348847904718899
57139,0.949477665576373
57140,0.8946335962680538
57141,0.38753753922772843
57142,0.848034023021922
57143,0.8910450637167354
57144,0.7639476123279487
57145,0.8407844793028424
57146,0.8240850099120473
57147,0.9206599943693137
57148,0.895671061537395
57149,0.26490593561471615
57150,0.6956005594575893
57151,0.49558850180782105
57152,0.5216284291465753
57153,0.8000273666153861
57154,0.5453338646158107
57155,0.6330094424788614
57156,0.8901551791878145
57158,0.49596552963110446
57159,0.527909382980812
57160,0.5839112159972432
57161,0.6757602256083489
57162,0.8551976975693664
57163,0.5169726889816938
57165,0.5751520348289373
57166,0.46425773576569096
57167,0.722441612000044
57168,0.43177271884458285
57169,0.4866654754313208
57171,0.24014659583594863
57172,0.3720050605915494
57173,0.7802164823300607
57174,0.4048996868784931
57175,0.5224302155648471
57176,0.641894594146979
57177,0.6782556169759699
57178,0.7897254995617805
57179,0.6545841305513177
57180,0.9018180466559175
57181,0.3339908515326124
57182,0.31850305377666727
57183,0.4530384606164561
57186,0.6519974708678138
57187,0.4046020148627642
57188,0.3394424283718222
57189,0.5324812058939444
57190,0.5241603949087065
57191,0.7154957345266805
57192,0.4615574075794154
57193,0.8537124043594165
57194,0.6500981525218354
57195,0.4069874431931848
57196,0.566398248041624
57197,0.5563815798401011
57198,0.7911599730469692
57199,0.6471613428905476
57200,0.7037561409059071
57201,0.48591076813478234
57202,0.7623340459436236
57203,0.7215916852949918
57204,0.8271630617231559
57205,0.5917301621721752
57206,0.7231216313727359
57207,0.8280082868865261
57208,0.7189067669068362
57209,0.5124562458873118
57210,0.7153957418365411
57211,0.8708923997797687
57212,0.8272540830990783
57213,0.2948834278487044
57214,0.6191157701454139
57215,0.1753401842334689
57216,0.5156984496807882
57217,0.60222192978988
57218,0.8839119682468758
57219,0.8976006804864118
57220,0.4917901393411545
57221,0.7059981102026902
57222,0.7817917954819618
57224,0.6872041304568013
57225,0.37998367903091973
57226,0.6321850349855725
57227,0.6015370379895324
57228,0.7844548688003449
57229,0.4483541165088821
57230,0.3690401071752059
57231,0.6561931938773491
57232,0.7647954690739075
57233,0.7019211287320197
57234,0.7194909121983892
57235,0.2705286935278654
57236,0.44565365819950803
57237,0.7920419408252979
57238,0.29278794743531505
57239,0.7563437699079931
57240,0.714568083592661
57241,0.7526851637453288
57242,0.8278007962399426
57244,0.6317566634794998
57245,0.5612506155323926
57246,0.39850206822306494
57247,0.519603607360023
57248,0.4148041715179513
57249,0.7820326598212372
57250,0.35343792151325976
57251,0.9447721009703919
57252,0.3180018105741478
57253,0.4898619745713684
57254,0.8417489954359748
57255,0.7784502100963477
57256,0.8672784591701417
57257,0.35680635969772423
57258,0.7613720809785324
57259,0.19188148048246692
57260,0.6670772532991118
57261,0.3843862407786405
57262,0.7444605148072417
57263,0.5156821987359689
57264,0.6205449489687164
57265,0.586446292699503
57266,0.5284961069274213
57267,0.527880597921876
57268,0.4875375808733231
57269,0.7004176541342747
57270,0.5261268628333027
57271,0.731447301199962
57272,0.7483042874853676
57273,0.4590261295318753
57274,0.691449213749138
57275,0.7415879304196596
57276,0.4925726705256548
57277,0.6796023258043684
57278,0.45876835886795675
57280,0.6621791716733287
57281,0.443131094117001
57282,0.7057438190082267
57283,0.8586614894069379
57284,0.4291888525799121
57286,0.21354749007205912
57287,0.6555321177077363
57288,0.6799244036234118
57289,0.41883109685946024
57290,0.45568751359130233
57291,0.5814473311280041
57292,0.3982049904712799
57293,0.4611991463058282
57294,0.5159364926069357
57295,0.40962881250052313
57296,0.5476950212201738
57297,0.5655449175936915
57298,0.7920523222694053
57299,0.8109708342872838
57300,0.6629494622661363
57301,0.44810047690462634
57302,0.5079714644487283
57303,0.9179228657482748
57304,0.772652088203392
57305,0.6330116307417522
57306,0.6592473367647487
57307,0.721469792420162
57308,0.6382410826495728
57309,0.5428079689560137
57310,0.8925935681387064
57311,0.7494394011525563
57312,0.4041414407794795
57313,0.5762569627833901
57314,0.5321237758155875
57315,0.49917724927491247
57316,0.8174397390384808
57317,0.5291439536634105
57318,0.6072523275488017
57319,0.5166986683376628
57320,0.509850529881141
57321,0.7313496280336107
57322,0.5868001551776448
57323,0.5828646076483316
57324,0.691751217796282
57325,0.715795370511052
57326,0.49684192836118085
57328,0.3364768167405985
57329,0.33418056195007106
57330,0.519479549059175
57331,0.7802088731526786
57332,0.6536685431515138
57333,0.6594636639349574
57334,0.7964576299157177
57335,0.4404231606686979
57336,0.5849839532857454
57337,0.6649572616324714
57338,0.48340895097101716
57339,0.6242106917266877
57340,0.6817145246195704
57341,0.601822002479694
57342,0.459033793892402
57343,0.750391235122005
57344,0.6924994284811371
57345,0.7515079210624278
57346,0.6111444387690899
57347,0.44297709878527236
57348,0.7011347167466949
57349,0.43601268838346563
57350,0.8602653696970486
57351,0.90648126890901
57352,0.8706357875642313
57353,0.47633073349283195
57354,0.39936512745728364
57355,0.43086631422090377
57356,0.7977805550520712
57357,0.7239772254927764
57358,0.7418321619598521
57359,0.6240954275349714
57360,0.7647751685329776
57361,0.5343962247464163
57362,0.5599499581520392
57364,0.33341313176112486
57365,0.2810800863374099
57366,0.5809573780807101
57367,0.7660969544200271
57368,0.7509567221148727
57370,0.5824787359776503
57371,0.5656807019846303
57372,0.6849023029999782
57373,0.7511235131028188
57374,0.6990780734952602
57375,0.5052976884526137
57376,0.4835940701013248
57377,0.5023473928055203
57379,0.5445716016319798
57380,0.7362757249438266
57381,0.3093419964222405
57382,0.7640466713719695
57383,0.5070971348429638
57384,0.7976815660847908
57385,0.8997336286903227
57386,0.7761807336371181
57387,0.2840031283601425
57388,0.25383127862692895
57389,0.7909985728417679
57390,0.35281271166176337
57391,0.3706500425600759
57392,0.8924441834244877
57393,0.47196589859818755
57394,0.7017423962191316
57395,0.349866305416338
57396,0.8647727137667148
57397,0.4816232279186819
57398,0.7596728792109645
57399,0.363271261805737
57400,0.0
57401,0.4442870233883001
57402,0.5336177672387092
57403,0.9506184312295672
57404,0.5155966249100782
57405,0.5751707625029494
57406,0.5061559904444383
57407,0.5371040726295003
57408,0.7685326257497126
57409,0.7796035242524298
57410,0.43930442312632473
57411,0.7680126856287718
57412,0.8852014072956306
57413,0.5102102069906281
57414,0.5507590450772727
57415,0.8485374965716539
57416,0.8916033631633159
57417,0.6986246708227252
57418,0.7785017646259903
57419,0.6663125210314913
57421,0.4714288199330953
57422,0.9000718848501615
57423,0.5873405956983446
57424,0.35405425991998984
57425,0.7999372038552478
57426,0.8375698388908143
57427,0.46487742123594616
57428,0.6204912069261869
57430,0.516780980967633
57431,0.7743813484969225
57433,0.8946708126612032
57434,0.6190897831502026
57436,0.800108852106721
57437,0.612361186506338
57438,0.881373032937517
57439,0.22689398852105871
57440,0.8075570530088089
57441,0.7100840315046826
57442,0.514699335068406
57443,0.8425326595176372
57444,0.3184841816381485
57445,0.7896121431044306
57446,0.31804962338420534
57447,0.7979690136274692
57448,0.4465671520409183
57449,0.8172021743707035
57451,0.39276264833722685
57452,0.8663114665236211
57453,0.8114512471793073
57454,0.9383310770668896
57455,0.7215456531337354
57456,0.461708922399726
57457,0.37665801259820264
57459,0.2551144419015154
57460,0.7168780675714389
57461,0.7225171092942823
57462,0.5672226836697334
57463,0.6664266605363328
57464,0.7739742180143357
57465,0.6915066180922965
57466,0.6110972256267494
57467,0.8613420056318294
57468,0.5565397383854619
57469,0.7517030432232498
57470,0.3396867158770183
57471,0.3529331798865288
57472,0.5280220030953168
57473,0.6583476510159442
57474,0.8500701167286522
57475,0.6804600039882162
57476,0.5027306428290056
57477,0.430736740239866
57478,0.32408600673876214
57479,0.4708357387201785
57480,0.8355217500522598
57481,0.8774050604552138
57482,0.7967001167513672
57483,0.5588571272659171
57484,0.8181213409519551
57485,0.4693416787526726
57486,0.35377999702283497
57487,0.8960930440597963
57488,0.34845216744046775
57489,0.4095902937783556
57490,0.32007896860059565
57491,0.8731890742302069
57492,0.8759151948062441
57493,0.5421363314988301
57494,0.3732187879643742
57495,0.4314413717476527
57496,0.2768294338306237
57497,0.7192921922655501
57498,0.7272184910227861
57499,0.5820644453669718
57500,0.5298224892665296
57501,0.3952367427728498
57502,0.4642480870280987
57504,0.7118348816298133
57505,0.691940674948341
57506,0.7072257794285116
57507,0.4094738050122235
57508,0.7218216624225121
57509,0.8551153082960085
57510,0.8260611995516104
57511,0.863666300587977
57512,0.8380238147587055
57513,0.4286058256858634
57514,0.7936091706075062
57515,0.9193531559440551
57516,0.45352553577420807
57517,0.5601564906393222
57518,0.9066438046916616
57519,0.42824900767347307
57520,0.5055541850615942
57521,0.7403531957318569
57524,0.6175445647126659
57525,0.3514784639225061
57526,0.4351014824013655
57527,0.9475558261876964
57528,0.38895663837876987
57529,0.5937852169530022
57530,0.45188491272801024
57531,0.6001469142595245
57532,0.9568732561820754
57533,0.8733791081113771
57534,0.8673085772354026
57535,0.47882828250109394
57536,0.7561353905374485
57537,0.7246497892726415
57538,0.7046161624632132
57539,0.49664800928298014
57540,0.3646646343730544
57541,0.23401803314306913
57542,0.6853899592150596
57543,0.8921229342380759
57544,0.8201238313497248
57545,0.8678161493563198
57546,0.9109411481942834
57547,0.9411560324173194
57548,0.9368683245751791
57549,0.7533322470616359
57550,0.5606146370060502
57551,0.5998040610714815
57552,0.9031254948817701
57553,0.8191349930760783
57554,0.9323781730713754
57555,0.3883954819345237
57556,0.5771257910066537
57557,0.6642926387204219
57558,0.508923273405804
57559,0.2396735664393619
57560,0.4837603667412887
57561,0.4885925425610098
57562,0.8042761246269213
57563,0.5577212480321373
57564,0.4633144464755039
57565,0.6873270233149956
57566,0.6819301844566469
57567,0.36334390375204206
57568,0.640958482193354
57569,0.21933812965737798
57570,0.7280414131203544
57571,0.5517626947387312
57572,0.6821253057714415
57573,0.663446308419022
57574,0.6695437077542551
57575,0.8011824078087674
57576,0.5441854424955781
57577,0.5697786642300849
57578,0.8270766382259515
57579,0.7334555821353065
57580,0.4437621795007263
57581,0.5501877381664378
57582,0.8088843540260632
57583,0.4601835584308705
57584,0.4084595382067029
57586,0.7019742552962605
57587,0.41080083043311616
57588,0.6035961573304257
57589,0.5610141847777991
57590,0.658021664828339
57591,0.8848453560316686
57592,0.7551226796871706
57593,0.8954279710261908
57594,0.4821360257198067
57595,0.7809535856800531
57596,0.831967353577325
57597,0.9117939680875172
57598,0.7516192878033596
57599,0.46412025680256813
57600,0.6844127293865214
57601,0.8445242777496226
57602,0.7796908052935855
57603,0.6673046510993584
57604,0.5104454865185583
57605,0.7392751696309467
57606,0.5240265789939378
57607,0.7924321260331973
57609,0.4529756364907258
57610,0.28587757534132696
57611,0.47205461868291554
57612,0.8608731917464886
57613,0.767009553748565
57614,0.4946181972743115
57615,0.7234915180401177
57616,0.8498451173847288
57617,0.9149592836819892
57618,0.5154541060467562
57619,0.4487862107621287
57620,0.8699864062522038
57621,0.5046884886240558
57622,0.8987976001113319
57623,0.7743895595190834
57624,0.8795387681513458
57625,0.3258557750510424
57626,0.8962858731986919
57627,0.8913972276237256
57628,0.35724242026325603
57629,0.7182492528513276
57630,0.7952357312310161
57631,0.5750480776576508
57633,0.6712806898111463
57634,0.9043270648660734
57635,0.6104344268548141
57636,0.509927632630616
57637,0.7259714188886468
57638,0.729931665865105
57639,0.4862864494773749
57640,0.2237503208647081
57641,0.5325484679475666
57642,0.8705161396185535
57643,0.9238280524686067
57644,0.7854247261968824
57645,0.8858431922047939
57647,0.7828347291498184
57648,0.7269088805487499
57649,0.8262954293444303
57650,0.5253911145983706
57651,0.4730871932373402
57652,0.9011606707759023
57653,0.9537647652583184
57654,0.7647868731615418
57655,0.9104806771149335
57656,0.9040532214664273
57657,0.4977827704745648
57658,0.42730647131588123
57659,0.7017616675399353
57660,0.6934483385023874
57661,0.3045278693154592
57662,0.5446199202404108
57663,0.8971489205896965
57664,0.46699537326195323
57665,0.8267733969381758
57666,0.8079582378280147
57667,0.476264350707702
57668,0.7379199420185673
57669,0.7686478446276536
57670,0.5175402257323244
57671,0.437004260968121
57672,0.5447608770951251
57673,0.5390607461420217
57674,0.2742027462961289
57675,0.3822612142643454
57676,0.5190170846527553
57677,0.821122736243375
57678,0.5613029226690314
57679,0.7367124664113732
57680,0.7785987875737325
57681,0.5044261912572536
57682,0.7744301655944591
57683,0.7388531301349737
57684,0.7860961929301163
57685,0.2908627148956083
57686,0.7529536492536028
57687,0.5752178350586551
57689,0.7207005526429214
57690,0.7038661813371264
57691,0.3960501523086161
57692,0.4493712832224894
57693,0.8645053626691167
57694,0.8343464321561053
57695,0.5658629447548552
57696,0.7091061089256195
57697,0.8410610295527342
57698,0.3317102708502281
57700,0.4036277719426336
57701,0.8705689071936237
57702,0.46385492110994037
57703,0.5841339104491322
57704,0.7618014374678399
57705,0.4493549759985475
57706,0.45335131036034326
57707,0.8562921144479416
57708,0.9189759105723271
57709,0.5135678733631166
57711,0.4256137297592221
57712,0.24429595379622615
57713,0.6866712416868338
57714,0.4093669408974157
57715,0.9394946363271709
57716,0.848387408701471
57717,0.540592118787794
57718,0.5764924482890202
57719,0.3851550365926984
57720,0.6130382996799184
57721,0.4983822931468162
57723,0.4351404910374494
57724,0.8549190862249038
57725,0.6264421468301653
57726,0.5848283916532937
57727,0.3128571439948015
57728,0.6558486486289091
57730,0.4526094459946315
57731,0.7096894108637337
57732,0.3843442882725577
57733,0.697935176244124
57734,0.8304969986483094
57736,0.8530203706459133
57737,0.7263133035440573
57738,0.5361945867762868
57739,0.2372856526224482
57740,0.23678785031253216
57741,0.4323149230739611
57742,0.703596420280476
57743,0.5114761443207229
57745,0.40301503351533063
57746,0.3965211838575748
57747,0.4952973112936012
57748,0.43754759644281416
57749,0.5788608160031452
57750,0.4328318050676904
57751,0.8121138898409427
57752,0.5513710502809377
57753,0.5427509456970884
57754,0.5313395827404538
57755,0.2883992833111057
57756,0.5738666899437792
57757,0.6021049231948974
57759,0.5134126574203494
57760,0.398137327402214
57761,0.5118923063251873
57762,0.5098100422076968
57763,0.44095408349650317
57764,0.670290341952954
57765,0.6242893178838574
57767,0.6897625939185511
57970,0.0
58001,0.6032795228739816
58002,0.38058744077311507
58003,0.378272144655029
58004,0.5536564047936671
58005,0.5686213479236858
58006,0.43799691878220565
58007,0.15171712094228343
58008,0.5569988954313995
58009,0.22914448433196832
58010,0.7028173730355972
58011,0.44173018301202266
58012,0.27547671027419834
58013,0.4809335594377388
58014,0.4937066783741669
58015,0.63575151330849
58016,0.4926005704304277
58017,0.6449542352110865
58018,0.5974322538550224
58019,0.6414057985251075
58020,0.3847603216152331
58021,0.13060636982089166
58023,0.6073902502760153
58024,0.6064928772239672
58025,0.5704021522599846
58026,0.5894207198803186
58027,0.3261910049272711
58028,0.530880777273982
58029,0.6515331553385667
58030,0.32126995174886946
58031,0.3426108568784936
58032,0.2663069226928548
58033,0.3155279010415027
58034,0.7008231431347944
58035,0.23552032712570128
58036,0.21411669862644742
58037,0.23190596737939626
58038,0.3971587156620789
58039,0.36899312579427807
58040,0.648163270694587
58041,0.5853799942478833
58042,0.25730692259549853
58043,0.5659538250107078
58044,0.14074633841314807
58045,0.21430541228262612
58046,0.5701325973987065
58047,0.561683365835871
58048,0.11084154931807566
58049,0.7731953814123376
58050,0.6157510100502005
58051,0.33481898080350003
58052,0.5408312750207949
58053,0.1511299718090745
58054,0.5551726080664187
58055,0.585178443715371
58056,0.30921589421029944
58057,0.0848568650911707
58058,0.26027473796721445
58059,0.20563694827293524
58060,0.37536644305583583
58061,0.2005429600493173
58062,0.8384480728229602
58063,0.9295304815089719
58064,0.14467823152312156
58065,0.6856715786836309
58066,0.6841633797670577
58067,0.19782124760327843
58068,0.49339382083094563
58069,0.6629858963879759
58070,0.3789714642321511
58071,0.596204042592858
58072,0.3312375330121889
58073,0.5028917228473972
58074,0.49517997472890624
58075,0.6871130419490545
58076,0.705612215815377
58077,0.4281944689704254
58078,0.436761498203438
58079,0.5687910278183154
58080,0.61924856290418
58081,0.07569472705543352
58082,0.5744498041789862
58083,0.8578799375511688
58084,0.4789567262369929
58085,0.2804601092469571
58086,0.22532353963730054
58087,0.2761343184027046
58088,0.33482979139045294
58089,0.22733100657912297
58090,0.28200850033578373
58092,0.48915636288194286
58093,0.3272426985264512
58094,0.15785149397714643
58095,0.4339423245684171
58096,0.5206261253151762
58097,0.5499426129172719
58098,0.6585412317849038
58099,0.6771046394262327
58101,0.21012386705383124
58102,0.3662064800931479
58103,0.37556121840811096
58104,0.5299201143141251
58105,0.5111804242955554
58106,0.40459219718308065
58107,0.703816067923773
58108,0.6228063575147237
58109,0.27170450724215084
58110,0.6770825198373057
58111,0.7428157300994691
58112,0.5210099154728411
58113,0.4633991680322949
58114,0.5919493327331086
58115,0.4070794299812393
58116,0.6058683426594874
58117,0.38145331477234135
58118,0.4441969935134445
58119,0.4759366586289908
58120,0.48988588047862597
58121,0.29482439518083003
58122,0.24685679310310962
58123,0.6148671315776032
58124,0.31941870421765556
58125,0.5702240173536659
58126,0.6116653860346001
58127,0.2049616773706091
58128,0.6711184011742496
58129,0.4550323215544918
58130,0.6118938285394141
58131,0.4795047107659302
58132,0.5733142170106145
58133,0.5965327721249446
58134,0.5036099092878621
58135,0.23432273088235692
58136,0.4287114658070161
58137,0.4715180548551307
58138,0.11565899286557636
58139,0.4918680005246005
58140,0.5482483747452176
58141,0.610650349157975
58142,0.5427115123981774
58143,0.5890371578973178
58144,0.09342961106727832
58145,0.2933191024019581
58146,0.4632682711536995
58147,0.1970260108411729
58148,0.527505850531074
58149,0.5439510755553149
58150,0.5817390715684367
58151,0.3532140179848753
58152,0.2387662084821556
58153,0.5519745589344958
58154,0.5754112129867397
58155,0.2601100493927917
58156,0.3379670502167729
58157,0.7764514102024771
58158,0.33621107431643477
58159,0.5736298244956349
58160,0.5292354004608243
58161,0.5672980515877168
58162,0.22654366667116344
58163,0.3216011776730096
58164,0.23038889148746308
58165,0.5689818280747903
58166,0.5940678713826504
58168,0.5598932956866354
58169,0.5488823821188724
58170,0.6591473101814899
58171,0.3068038932705348
58172,0.4099671741870156
58173,0.41502294992010064
58174,0.30473141232884887
58175,0.5076054643237028
58176,0.35560665703927025
58177,0.7367829276571657
58178,0.48540241152921865
58179,0.6829687351418189
58180,0.45160017456360163
58181,0.622408753940664
58182,0.40875303807045094
58183,0.6174489694603464
58184,0.4791370218241849
58185,0.4020091561602344
58186,0.2551019464839879
58187,0.2041477578668228
58188,0.31283333944136665
58189,0.10885344058649242
58190,0.5033164816616881
58191,0.5839909368019354
58192,0.4616523798897201
58193,0.11735553482013587
58194,0.34475463413276913
58195,0.4428909737355394
58196,0.5457546289488362
58197,0.6368427550972607
58198,0.3048960640968772
58199,0.6770844898265592
58200,0.3144125013602685
58201,0.2659076372720806
58202,0.6875914255966622
58203,0.3832449017816313
58204,0.5085607588283932
58205,0.2849161409273212
58206,0.625753748034427
58207,0.28319181240645613
58208,0.6160359849725913
58209,0.48244912964556513
58210,0.39101860370943026
58211,0.4463562662320009
58212,0.5173066199446604
58213,0.4219984479179668
58214,0.24250281376534755
58215,0.19625724189824867
58216,0.4989250830726594
58217,0.3184263967489342
58218,0.38873976622219236
58219,0.6066512465942316
58220,0.1366156210115363
58221,0.42462939799786953
58222,0.42092244465126466
58223,0.2275257507587197
58224,0.5710571098982155
58225,0.3440761068025562
58226,0.46657317561345324
58227,0.1447529049466508
58228,0.24396203063424524
58229,0.7907963916016199
58230,0.6877986093025633
58231,0.5157923651144445
58232,0.4808104826245662
58233,0.31517902534779474
58234,0.16836218346454923
58235,0.4530488417547571
58236,0.4214670618286594
58237,0.5983217490476607
58238,0.2967275007269462
58239,0.5528463334840498
58240,0.31797137361692984
58241,0.4359508657458768
58242,0.5970741200661153
58243,0.5214557631761391
58244,0.7317737695210145
58245,0.3614891470009427
58246,0.5093860873212321
58247,0.5270872230995279
58248,0.5604441099293509
58249,0.6403720495799564
58250,0.6192253059966163
58251,0.38500275321865685
58252,0.21109451702200063
58253,0.2992925842398493
58254,0.33322101071133164
58255,0.596941535405258
58256,0.3019221121742148
58257,0.6054422498812412
58258,0.5892480591762965
58259,0.6072129107047524
58260,0.24713829979229632
58261,0.22400209161588958
58262,0.574083809226214
58263,0.3679785330484777
58264,0.06174102478930027
58265,0.5044243539121992
58266,0.5301551093201693
58267,0.584297487402011
58268,0.37790182389561205
58269,0.5026392171814128
58270,0.31983535998372975
58271,0.6339440886458417
58272,0.6357142109412431
58273,0.2887063036966206
58274,0.5710737836997584
58275,0.29642607087349626
58276,0.49556716238982323
58277,0.6642333283710061
58278,0.34483372714907085
58279,0.4511559042891404
58280,0.4298114508954143
58281,0.46234720051791767
58282,0.3336264171794958
58283,0.6236149063521732
58284,0.6060407541988604
58285,0.6219687349692617
58286,0.5918854786281617
58287,0.5557081858080517
58288,0.5728425384823832
58289,0.45881809565507253
58290,0.4697569309869067
58291,0.5024193446705717
58292,0.2894978230698272
58293,0.6134020416567735
58294,0.3239214536427648
58295,0.31801825513918597
58296,0.34879194409821684
58297,0.4136256989333449
58298,0.32597234369180067
58299,0.30013531369981983
58300,0.30176248609710554
58301,0.48114075336624085
58302,0.14629091305933142
58303,0.2909975744408437
58304,0.6466171356651351
58305,0.47872452946448346
58306,0.5629042039169546
58307,0.37918063361470433
58308,0.6211622412436902
58309,0.6393219288335984
58310,0.4085576924059531
58311,0.4596759242049469
58312,0.3205675700253818
58313,0.5272054540369632
59001,0.5893770293167897
59002,0.8408337278106064
59003,0.6081826048855561
59004,0.9023623380769465
59005,0.9644816478185211
59006,0.5904539996905969
59007,0.893844677269692
59008,0.8185512082649185
59009,0.8162255115723384
59010,0.3838461046785724
59011,0.9445359909403322
59012,0.23426070613905312
59013,0.9658008438297431
59014,0.8024662820934236
59015,0.8195180653671893
59016,0.7833959579871519
59017,0.9419748091286259
59018,0.8039750990049489
59019,0.7960238549785282
59020,0.0
59021,0.6059777634126291
59022,0.946174579584873
59023,0.7930345972929712
59024,0.8341960484454339
59025,0.9501737967667134
59026,0.785650471295658
59027,0.8427283450085342
59028,0.8653592579437969
59029,0.957756634510807
59031,0.5694810651575601
59032,0.7989940255129931
59033,0.5876422979454691
59034,0.9516326442833417
59035,0.31314631489489625
59036,0.41191581317360715
59037,0.7675586464231104
59038,0.6520810876145414
59039,0.6290105989434055
59041,0.6286080814267504
59042,0.9524640109735287
59043,0.7535990513273991
59044,0.950649163606633
59045,0.4401604768112724
59046,0.5961259409671514
59047,0.5034574476790157
59048,0.6114064965154883
59049,0.5146014299289715
59050,0.534153514082643
59051,0.8977437254429951
59052,0.9476713969223388
59053,0.5570495291532384
59054,0.8366946804870263
59055,0.7070004585622699
59056,0.9603850346089327
59057,0.8387726592812855
59058,0.5728040394481154
59059,0.8496299397988731
59060,0.8691936037645395
59061,0.35834216382425227
59062,0.6191473473203742
59063,0.7206680359576477
59064,0.8140876994012528
59065,0.6321432392230809
59066,0.6030399670087943
59067,0.8422324857189393
59068,0.535273203211021
59069,0.9005230520790466
59070,0.6572689525411392
59071,0.955562952844235
59072,0.7037119445541865
59073,0.7602022743730369
59074,0.6745398443790741
59075,0.8486151449800059
59076,0.729578839049213
59077,0.735512305293947
59078,0.5382863733265256
59079,0.9206887083937962
59080,0.8088164767318027
59081,0.7199658655703335
59082,0.7141894402827251
59083,0.7413899218196504
59084,0.8001969821717592
59085,0.7389421019831651
59086,0.7549829307199664
59087,0.8318797636776045
59088,0.9466998199688312
59089,0.8033680533973891
59090,0.9148881891953818
59091,0.8588492864066971
59092,0.6845904920456248
59093,0.3586326238811773
59094,0.6057063194164057
59096,0.9566911530609485
59097,0.39898295987419763
59098,0.9448384446323749
59099,0.5520929475484179
59100,0.8493000735141374
59101,0.6852514630984387
59102,0.6817166136585042
59103,0.5902814302803921
59104,0.5596146466440551
59105,0.8810307513199822
59106,0.9696479141820734
59107,0.7045198372042144
59108,0.7239043751138236
59109,0.8398062760166648
59110,0.7288486279236541
59111,0.87285056553947
59112,0.8788383684026488
59113,0.8582925307130574
59114,0.8698518362528271
59115,0.8539948147509913
59116,0.6901100719066763
59117,0.8545232122456033
59118,0.7124002404652695
59119,0.8607103103808719
59120,0.7419138014433391
59121,0.671445834304461
59122,0.42389746150268254
59123,0.939416531565524
59124,0.9504056762570169
59125,0.4441315092968541
59126,0.8842840775919759
59127,0.8975054151689972
59128,0.972883290280545
59129,0.9553738470128258
59130,0.7246706704933125
59131,0.7685632417924563
59132,0.6442271682030891
59133,0.9459126646715267
59134,0.23990520384541694
59135,0.7940526150596376
59136,0.706813851707171
59137,0.6210414604577741
59138,0.6756442324976938
59139,0.7370383145709462
59140,0.8173409232923817
59141,0.6450116326460195
59142,0.6566018390194142
59143,0.9457574750458807
59144,0.8711137179029556
59145,0.9479604389106034
59146,0.960537585169794
59147,0.61847492219405
59148,0.5861324054195785
59149,0.757371314337798
59150,0.9567376255947284
59151,0.536322823482647
59152,0.9358728137918432
59153,0.8858974578238984
59155,0.7045937782051673
59156,0.8894374901455869
59157,0.5393807399094742
59158,0.9022527629219611
59159,0.7666106746829552
59160,0.8845294975707985
59161,0.5241532262167586
59162,0.709598532803477
59163,0.9392897849764799
59164,0.6642718963486963
59165,0.8449723987542669
59166,0.7543186970693908
59167,0.5823419553065164
59168,0.9546065938102033
59169,0.61258267933714
59170,0.849272127340473
59171,0.7714075760612268
59172,0.738293244071972
59173,0.9647626858143846
59174,0.5895272530466479
59175,0.5713920412521665
59176,0.6009677053838672
59177,0.4511704894549915
59178,0.8295473024932861
59179,0.6859860118086233
59180,0.8245280702252241
59181,0.5618699370187716
59182,0.8150071904870589
59183,0.6451009285616921
59184,0.8680242772857976
59185,0.8717690067081527
59186,0.6106608159024015
59187,0.6127996247772136
59188,0.642663890036628
59189,0.7132950386922129
59190,0.6578736931920915
59191,0.7792672689574726
59192,0.8726783197254545
59193,0.9651208998803602
59194,0.69102482358273
59195,0.973334975738957
59196,0.9583534476200976
59197,0.9555175549356089
59198,0.42066170706658523
59199,0.8773634397598151
59200,0.8022642929735025
59201,0.9630223651076055
59202,0.9168161481233844
59203,0.8647071061012511
59204,0.8899732457705274
59205,0.6958817328181973
59206,0.4726202480819739
59207,0.8911213094339948
59208,0.9661994317180344
59209,0.7396648304355865
59210,0.6905982630679824
59211,0.8717866857389476
59212,0.8052856363973828
59213,0.655748795216529
59214,0.8662987937646713
59215,0.7484563857077374
59216,0.5906778741473552
59217,0.696303203274288
59218,0.25850181762390384
59219,0.6585264663700293
59220,0.9700849381731272
59221,0.791571004140763
59222,0.9145656867449597
59223,0.3338677221611382
59224,0.7935733059015925
59225,0.5098109541500567
59226,0.45621879507744234
59227,0.8405361706222263
59228,0.8999376290367508
59229,0.42004560256334716
59230,0.4982808227322961
59231,0.6405647780746732
59232,0.7013944435320983
59233,0.44145023046771614
59234,0.8678614608841952
59236,0.4359719855714644
59237,0.7708620295658335
59238,0.8563139527025179
59239,0.8303521089093762
59240,0.5910248986508596
59241,0.26257486857434315
59242,0.598495276679861
59243,0.7064820272633182
59244,0.4639232753121449
59246,0.6592020310555484
59247,0.9639092865657202
59249,0.33489953955064883
59250,0.9614283008560055
59251,0.6922027939478723
59252,0.9662660754405802
59253,0.8662192741764135
59254,0.8076771605555441
59255,0.7653874993988085
59256,0.9591184215027786
59257,0.9640448727242998
59258,0.9469750867552168
59259,0.8223646188726957
59260,0.6684829430603565
59261,0.3654035026220374
59262,0.6550627014924743
59263,0.9011814112367255
59264,0.5745904974959076
59265,0.5681962385621725
59266,0.9431269406313545
59267,0.40879816932552315
59268,0.8482284018685703
59269,0.43139910612997995
59270,0.3279255039453991
59271,0.7948518299003892
59272,0.6317321541006883
59273,0.5603998316049207
59274,0.5131561576002429
59275,0.9637578916876093
59276,0.8914183261381238
59277,0.845665717403322
59278,0.9615313747556429
59279,0.924249666916163
59280,0.8683658538696922
59281,0.9593236673814638
59282,0.807609364736619
59283,0.5197244810848305
59284,0.8212277902569616
59285,0.6978355359310108
59286,0.9581565602675806
59287,0.7989086628311707
59288,0.7862140930216023
59289,0.8597495547065934
59290,0.38600035679444905
59291,0.5455297053428736
59292,0.7798787002664721
59293,0.7517225853711519
59294,0.5598011187237161
59295,0.8737945280815774
59296,0.6721325127486404
59297,0.8748995860304986
59299,0.9241062788007793
59300,0.648200917732849
59301,0.7971733866869429
59302,0.8406036780153202
59303,0.9606430387522306
59304,0.9730230975438662
59305,0.6244834706543958
59306,0.5544933445561693
59307,0.7775733468963342
59308,0.8455567293963943
59309,0.675944835552479
59310,0.5328324749157686
59311,0.8055606220136285
59312,0.6099429024589823
59313,0.658459137739937
59314,0.8492616059452535
59315,0.6486003134349847
59316,0.9540760453038183
59317,0.9519170524519845
59318,0.599022522361039
59319,0.7392716964456628
59320,0.9561953941537279
59321,0.7999163589982241
59322,0.6199661897608277
59323,0.6947188356480165
59324,0.5526929781136438
59325,0.7440281075983202
59326,0.7678066394302409
59327,0.8575240389361678
59328,0.9435112348181981
59329,0.884653809290504
59330,0.8958611351397604
59331,0.5160032134057021
59332,0.9650654204146344
59333,0.3566652465054981
59334,0.8795044818942505
59335,0.7952537191836382
59336,0.8501420159335557
59337,0.8357538106788404
59338,0.8533915536566506
59339,0.9398424777987732
59340,0.7333994790690989
59341,0.7255096981969412
59342,0.6088916954134377
59343,0.8129878788947025
59344,0.562424026647781
59345,0.8803208094738334
59346,0.9862705072256609
59347,0.44971526140198465
59348,0.6847579205534639
59349,0.6747451477223176
59350,0.8410696246242174
59351,0.6376820755076021
59352,0.9397698241811322
59353,0.5027593657922699
59354,0.8806622475930173
59355,0.0
59356,0.9717841290314454
59357,0.5045532514035886
59358,0.7732361919427341
59359,0.6878917208184429
59360,0.9609169110178627
59361,0.722781093635164
59363,0.7697628103312794
59364,0.9662327796640886
59365,0.6100064568706205
59366,0.8678537106814671
59367,0.9386019302885179
59368,0.9698861181164345
59369,0.804212247535154
59370,0.5738322724045792
59371,0.9687031280763927
59372,0.760553064758362
59374,0.47122319664328494
59375,0.7979129373898551
59377,0.36889466059443715
59378,0.7511598742747401
59379,0.8346682008962815
59381,0.7733424742936988
59382,0.7630534530295988
59383,0.7472644778093086
59384,0.4648239493201706
59385,0.6081688376548928
59386,0.9614250132696315
59387,0.689113137772913
59388,0.9593936381602107
59389,0.45868712468450895
59390,0.852725607825109
59391,0.7230982937841666
59392,0.4927043724578694
59393,0.8824103024110675
59394,0.7973479904539055
59395,0.6912419029837918
59396,0.5364922616439146
59397,0.8515350597230418
59398,0.9446594098074018
59399,0.7802178352414826
59400,0.7569589778875613
59401,0.7314544127738466
59402,0.8820389889950243
59403,0.8502790511848909
59405,0.3607500995410071
59406,0.6413458185544573
59407,0.8802809605792649
59408,0.9253413152320101
59409,0.832307841867439
59410,0.9730751278425633
59411,0.9596640971429724
59412,0.7623573114811699
59413,0.7427879052265273
59414,0.8574106876741845
59415,0.8550423049835224
59416,0.7884471915938883
59418,0.896582735060961
59419,0.9268551323371023
59420,0.4765938321065141
59421,0.9335880465241706
59422,0.7336280751846754
59423,0.8383358436332996
59424,0.6524668014201912
59425,0.8129043917442799
59426,0.9488187252887118
59427,0.9459484812264677
59428,0.5871272845065777
59429,0.703040244347441
59430,0.7386303157881385
59431,0.8781452350022886
59432,0.659971408611648
59433,0.8544513189565545
59434,0.8657928229591659
59435,0.9510624314968049
59436,0.862023753986787
59437,0.9600279239365935
59438,0.4588057158984415
59439,0.5447816582065177
59440,0.7658845617732153
59441,0.5583780297486151
59442,0.5999455980007523
59443,0.8365409202383245
59444,0.9076911550846843
59445,0.3741618279456534
59446,0.8356969871863299
59447,0.8494082413065168
59448,0.6155546088504534
59449,0.9049930233235384
59450,0.6235231285877324
59451,0.7237428835537368
59452,0.8875054790394553
59453,0.706253946085536
59454,0.8447948779394188
59455,0.615894287869135
59456,0.8566982286008423
59457,0.9669515708124968
59458,0.9762214482189172
59459,0.9207770515491386
59461,0.39695361227423037
59462,0.9385514439102676
59463,0.7217784827901186
59464,0.6741895576070221
59465,0.6639496331111102
59466,0.9624209334082315
59467,0.6000058929855119
59468,0.7627189236082009
59469,0.844710799102924
59470,0.9604705423216054
59471,0.7686209576691332
59472,0.5677446278204535
59473,0.7080630003565479
59474,0.2047811059990364
59475,0.8498762485583281
59476,0.5188257300679433
59477,0.9527531128687404
59478,0.7113729271923424
59479,0.848185321934024
59480,0.8905294257786944
59481,0.774119451534424
59482,0.9586567932977529
59483,0.6294448822583484
59484,0.9094005062845838
59485,0.777512313404309
59486,0.8723782684886255
59487,0.9525774170306303
59488,0.5389363896365088
59489,0.9051660872383582
59490,0.42362654993827636
59491,0.866354082399532
59492,0.5372204962017677
59493,0.5457356063883282
59494,0.749121267537414
59495,0.5552253893083886
59496,0.5843229612744344
59497,0.8356029803360814
59498,0.7238264384538634
59499,0.6457574187110698
59500,0.3704905811787976
59501,0.8474669609603843
59502,0.7669968343830229
59503,0.6124241125487969
59504,0.7168232108080894
59505,0.8828182361978026
59506,0.842491254008427
59507,0.9771616492711569
59508,0.9259909476059457
59509,0.8585306222921806
59511,0.781324552804263
59512,0.8806286547751895
59513,0.9089433534506403
59514,0.5291665964760927
59515,0.8634922802134004
59516,0.8293730141039926
59517,0.5137685440924531
59518,0.8494029420122731
59519,0.7928972204820258
59520,0.6415413742154957
59521,0.5562654317397148
59522,0.9592130289841353
59523,0.9570650527232081
59524,0.9587670978466312
59525,0.2648556978465137
59526,0.8677662080328142
59527,0.9279968089128618
59528,0.8241478137635406
59529,0.5771855550614484
59530,0.9416697165179485
59531,0.7601077055545726
59532,0.6654828090255162
59533,0.8219798824585873
59534,0.37281377096500284
59535,0.7446827135755051
59536,0.8092547428166621
59537,0.8857816981833181
59538,0.8174336369857093
59539,0.729504566529168
59540,0.0
59541,0.8639018645562498
59542,0.5611319153469388
59543,0.5859757036408539
59544,0.7079149956422408
59545,0.7272812385749224
59546,0.7587086481975369
59547,0.8357513770423376
59548,0.6299525931342901
59549,0.8126750651067226
59550,0.9230942414769724
59551,0.7865026520217177
59552,0.6097243281781078
59553,0.955990767171352
59554,0.8288805658482596
59555,0.5429543626442709
59556,0.5361996440208903
59557,0.7769927414360307
59558,0.8553357088519121
59559,0.6699006485766658
59560,0.9581741496356698
59562,0.3592442073562769
59563,0.5760150352957916
59564,0.8756579997747115
59565,0.8675809555378752
59566,0.9730631836095484
59567,0.6507345555557277
59568,0.8820163637147936
59569,0.8604156581220885
59570,0.6981545440331721
59571,0.7494893151578897
59572,0.5482970676311476
59573,0.5861326320698722
59574,0.7971947868900818
59575,0.8880561956559557
59576,0.7780463149756872
59577,0.8534835453286395
59578,0.8459574853191182
59579,0.7108639604225081
59580,0.6839527626896612
59581,0.8092302875362439
59582,0.8435226283460618
59583,0.47337710709810626
59584,0.5075609077485818
59585,0.9616662541406397
59586,0.9501012726816107
59587,0.7301992917608658
59588,0.6704381238770907
59589,0.7541956761632799
59590,0.816311305454639
59591,0.9431791485196185
59592,0.9519394343000599
59593,0.5785776656311948
59594,0.8819878590012951
59595,0.5901780286916584
59596,0.8590598131381718
59597,0.5492837955966245
59598,0.9579474408902504
59599,0.913644541541523
59600,0.9464448185316492
59601,0.24124870973460966
59602,0.964375345549063
59603,0.8700794853451436
59604,0.7617406491070368
59605,0.729526727597016
59606,0.6812894169417905
59607,0.7906544010853089
59608,0.8766153585690093
59609,0.9710533697345776
59610,0.8678004978231044
59611,0.9668559379093348
59612,0.8864004032744942
59613,0.881013530589127
59614,0.7689069663661331
59615,0.773463810273769
59616,0.8008089658387506
59617,0.5580709331792729
59618,0.6745922844746334
59619,0.7248470402153484
59620,0.8616105162577505
59622,0.8156147120629367
59623,0.36472277436506734
59624,0.7175293259531003
59625,0.45824702131788736
59626,0.7393506110810962
59627,0.6576014287730554
59628,0.8797178733324057
59629,0.8680220686404304
59630,0.9364623750144904
59631,0.7353113213808654
59632,0.8577743122838019
59633,0.3574504221589931
59634,0.8719876052716987
59635,0.6439453917243346
59636,0.9437506565570076
59637,0.8581818545601582
59638,0.9594471533693424
59639,0.6681048121474144
59640,0.6835636857003342
59641,0.7137373582860546
59642,0.8697190794781258
59643,0.9700019116421204
59645,0.6842114088063993
59646,0.9248415935226832
59647,0.8006110442376165
59648,0.9620213181289105
59649,0.5933377175491718
59650,0.9181403692088713
59651,0.8206228061531539
59652,0.7096875450202482
59653,0.9574014794176694
59654,0.9012902935538384
59655,0.8272961936820872
59656,0.941542335935146
59657,0.7251455918351318
59658,0.9679885995454897
59659,0.40347489244333773
59660,0.9590611026950935
59661,0.6767051509757745
59662,0.6215768180244294
59663,0.6633705999306523
59664,0.8493907710898511
59665,0.7510837977606518
59666,0.7775921727239585
59667,0.8078142618992565
59668,0.7741938154390123
59669,0.851306647001277
59670,0.9728751147074816
59700,0.0
59770,0.0
59810,0.0
59811,0.0
59830,0.0
59850,0.0
59960,0.0
60001,0.3593504721030532
60002,0.7069975330411976
60003,0.7657959643337652
60004,0.7395099988544916
60005,0.5694835164995787
60006,0.7188132847309509
60007,0.585380235334822
60008,0.35357027607565433
60009,0.8328307555822705
60010,0.5178925021144892
60011,0.9285231956744157
60012,0.6705265939839408
60013,0.6823360174334147
60014,0.5539091549191126
60015,0.797687176476046
60016,0.7213729104464659
60017,0.593814132430147
60019,0.6304670447421675
60020,0.3906241259093961
60021,0.571861479610774
60022,0.8409585265383629
60023,0.49419101785691355
60024,0.30258280366007717
60025,0.43444366730398354
60026,0.7993822574016406
60027,0.4931959982117697
60028,0.7969501908908638
60029,0.7130186012703904
60030,0.684447495176963
60031,0.29117186631097325
60032,0.5997812565919993
60033,0.7595859771829067
60034,0.3575166363147489
60035,0.9394240282041201
60036,0.48606043786510283
60037,0.587449740688737
60039,0.6279969552123985
60040,0.49281892874489913
60041,0.7361071562797686
60042,0.6187298087481983
60043,0.6931777363671833
60044,0.7910614214890068
60045,0.5221282948860672
60046,0.14407090102399087
60047,0.6537936258042087
60048,0.6566868353617492
60049,0.5118447208050944
60050,0.6773793991766849
60051,0.6883777175375481
60052,0.7061717498209595
60053,0.9208505007971324
60054,0.7116205344429448
60055,0.8278232037270762
60056,0.7644577529584891
60057,0.5719500384861531
60058,0.666884447742988
60059,0.606875542291682
60060,0.6825267438626429
60061,0.7892498047119162
60062,0.5464538652911002
60063,0.6947057517862754
60064,0.4600835038520778
60065,0.7719435368879187
60066,0.4183602127175594
60067,0.58196684389389
60068,0.5618961831675316
60069,0.15322803516068403
60070,0.6193298058884299
60071,0.8784046005627767
60072,0.438689792810473
60073,0.6989671935572588
60074,0.7705581904366227
60075,0.45799880978729224
60076,0.19024965218364143
60077,0.8175094186947747
60078,0.5643316117959394
60079,0.1551345439648423
60081,0.7496566110629056
60082,0.4053646434439417
60083,0.1317351939008803
60084,0.7265427031363668
60085,0.628972975848411
60086,0.7713079111040563
60087,0.582252932377526
60088,0.48471016445144394
60089,0.47668841943108936
60090,0.6241431259897602
60091,0.5406329787086528
60092,0.4324972099256703
60093,0.6759866097211144
60094,0.35048524447921264
60095,0.4319657173662485
60097,0.5545920019056058
60098,0.2800225412323703
60099,0.7639771178245186
60100,0.4881793224233948
60101,0.6791114194918983
60102,0.6979455499372028
60103,0.6460496825808387
60104,0.7874276389929676
60105,0.5746776095327237
60106,0.5063835058379009
60107,0.5430701570023629
60108,0.5654471595045202
60109,0.5380632138796476
60110,0.4876373026844211
60111,0.6296756988705756
60112,0.7542174139154653
60113,0.7900566355385186
60114,0.4086160308615366
60115,0.6438477058711901
60116,0.6944150830017083
60117,0.9073357858893094
60118,0.6067547788396658
60119,0.7341428237927397
60120,0.6738757021472471
60121,0.9192664571123222
60122,0.3144729567653821
60123,0.6012898976599442
60124,0.9260337237619948
60125,0.31513778302613493
60126,0.8549953032681437
60127,0.6707116719774038
60128,0.339349293519504
60129,0.4867244040666614
60130,0.5061629659214735
60131,0.6626122837822023
60132,0.9162118863622642
60133,0.552089032417021
60134,0.6848836078493208
60135,0.826357962609952
60136,0.7063597385824014
60137,0.5581372198564584
60138,0.6024417971676294
60139,0.6136037054250738
60140,0.5036119138343103
60141,0.6367778449759077
60142,0.6656092426486054
60143,0.5294524337921295
60144,0.6820992428594858
60145,0.34729260913195303
60146,0.6204166521537003
60147,0.7028401824819978
60148,0.43258029810450815
60149,0.3533785932523239
60150,0.75507816094522
60151,0.49567753857746033
60152,0.5635436539475812
60153,0.7409787718992852
60154,0.6700325304803482
60155,0.7463598944373455
60156,0.5813847264760602
60157,0.50004937222986
60158,0.6701526712392227
60159,0.41831596713656016
60160,0.6650236422630291
60161,0.7348995122783929
60162,0.7243739109810318
60163,0.4609209288234482
60164,0.4621798812830828
60165,0.7703720840249262
60166,0.6235357245217336
60167,0.3724466246091385
60168,0.8850812174848101
60169,0.4365465756859048
60170,0.7939533460398035
60171,0.4151763337081848
60172,0.7990660525964747
60173,0.8437124947021039
60174,0.7020653293752911
60175,0.7928625186521843
60176,0.23719946197832276
60177,0.5903991835521684
60178,0.7499500379551258
60179,0.8019045148453782
60180,0.6974270189100004
60181,0.5570363601747444
60182,0.6061040823293772
60183,0.4180067541881158
60184,0.37496215750744505
60185,0.7435745512206412
60186,0.46387769174950527
60187,0.4916198763511763
60188,0.34177523920404435
60189,0.5762581942957911
60190,0.3693560693803806
60191,0.66983123003829
60192,0.937423256751918
60193,0.5667548525426894
60194,0.6931924019654128
60195,0.4763565123830796
60196,0.7242430663024083
60197,0.7303956561072557
60198,0.9071848747955068
60199,0.4674806193060246
60200,0.9041991336787172
60201,0.7581282612731063
60203,0.41057839002765
60204,0.9251572773666515
60205,0.58168391539344
60206,0.775072839988971
60207,0.23435378621870695
60208,0.5005977115593766
60209,0.6307351752128904
60210,0.5541515828480666
60211,0.4517239059369313
60212,0.7591210632692551
60213,0.6987935682424414
60214,0.37653186247054576
60215,0.42671818297660763
60216,0.5176943692173704
60217,0.36029619242478444
60218,0.4504899523601053
60219,0.2322088029585251
60220,0.7159395246440341
60221,0.5964614266734672
60222,0.7603283758678789
60223,0.5132523460595534
60224,0.48091521330470427
60225,0.6275708737227843
60226,0.7490969989708551
60227,0.8553430176259867
60228,0.4758122625057582
60229,0.3571895370845917
60230,0.760184482114318
60231,0.34056747759173245
60232,0.7313231901173092
60233,0.40538188344192555
60234,0.5256618711838262
60235,0.39014812524524406
60236,0.8354864100534701
60237,0.48225922441301267
60238,0.7103164961119068
60239,0.5234733954457016
60240,0.40322896881493975
60241,0.6068184414023597
60242,0.5410697813722599
60243,0.7139544126452328
60244,0.4923939040656877
60245,0.2962254702578071
60247,0.5419256768614399
60248,0.3850111998210388
60249,0.7842280557465627
60250,0.7846421739182379
60251,0.7343284506698127
60252,0.481078850891454
60253,0.6108596294333879
60254,0.5918821599203477
60255,0.8985106587155057
60256,0.6906541353147904
60257,0.6456422091042302
60258,0.6916105109830233
60259,0.7037696649429143
60260,0.37425705444616914
60261,0.5434698303469528
60262,0.8935126349230212
60263,0.9287419182414364
60264,0.7795543811385864
60265,0.6752576321761666
60267,0.7305860446983364
60268,0.5603238167840283
60269,0.46732669956211637
60270,0.8220977588866648
60271,0.4704495685758871
60272,0.38977441391511464
60273,0.6616773793955332
60274,0.4959886803399847
60275,0.706967583851342
60276,0.733500913352802
60277,0.7779968644599853
60278,0.5303593939023522
60279,0.11037915984158465
60280,0.33807086296245886
60281,0.5875442536183353
60282,0.6962889100642086
60283,0.5128167186920237
60284,0.31251957688792664
60285,0.6281638279118917
60286,0.6484039962451685
60287,0.5975939937307888
60288,0.45744496051452127
60289,0.7339139505197153
60290,0.7392195346402594
60291,0.5838079687728216
60292,0.8818598801210129
60293,0.4782376870108471
60294,0.8949523070876948
60295,0.6469989371644934
60296,0.45164914808531503
60297,0.7462591875962291
60298,0.580479364255485
60299,0.5715695307873089
60301,0.7294384892977819
60302,0.795308411710893
60303,0.4079088943717158
60304,0.6801893745410554
60305,0.3720274416123705
60306,0.4330483817473554
60307,0.8167692093481428
60308,0.7122953130266935
60309,0.6093468958716947
60310,0.7506129988798973
60311,0.63165621623955
60312,0.37689264388049154
60313,0.7335563368981525
60314,0.7045106494375916
60315,0.7108355121143077
60316,0.6752238439016027
60317,0.8009583637743595
60318,0.4028947385243842
60319,0.7603807533214698
60320,0.10153337249726797
60321,0.584053884764463
60322,0.48857499893057693
60323,0.6223101131143473
60324,0.36617953163094435
60325,0.5247253630916365
60326,0.38611919607737405
60327,0.7305613516243197
60328,0.8286179422862711
60329,0.899011699559788
60330,0.7567359715884389
60331,0.7478489481944374
60332,0.6145638499927457
60333,0.6783109862550147
60334,0.8111417132618888
60335,0.5038872667479524
60336,0.7967294443675509
60337,0.6051767126365691
60338,0.4226478935065206
60339,0.6981644095636094
60340,0.9089115734362858
60341,0.6975877789135786
60342,0.6948206999805316
60343,0.4663884899309429
60344,0.7199661548521091
60345,0.3765705400511418
60346,0.6625553195934492
60347,0.06642057463066797
60348,0.7884489450935798
60350,0.8770579001556434
60351,0.6287709922039947
60352,0.5100538233331532
60353,0.6675644586501708
60354,0.7860709104199365
60355,0.7447670476075382
60356,0.6117820065814322
60357,0.5957200971452696
60358,0.1336308276623502
60359,0.7276955878155915
60360,0.6555765602190267
60361,0.4417574235150279
60362,0.9164164740936092
60363,0.6169815713180862
60364,0.5163861581942646
60365,0.7458992594043429
60366,0.6593286943393994
60367,0.4900496134763923
60368,0.6253862161821816
60369,0.32673416086261126
60370,0.6545186972793506
60371,0.44409111929487893
60372,0.8082512881713324
60373,0.7032826786284768
60374,0.6379864919446215
60375,0.4978774287589693
60376,0.8186454244022784
60377,0.5857648513545467
60378,0.7072302634735311
60379,0.8671930380336992
60380,0.38537632238049874
60381,0.9441405996132124
60382,0.5897451414675098
60383,0.5976507084263808
60385,0.28948695989204315
60386,0.6620287846648212
60387,0.6510698424895204
60388,0.6012073390468856
60389,0.6922028181234726
60390,0.7800910165524274
60391,0.8446860159101764
60392,0.6860305461189661
60393,0.8069207050950299
60394,0.7506259861522095
60395,0.43703293935148113
60396,0.7368988986377737
60397,0.7216398358194408
60398,0.6453307967057539
60399,0.6314777708025242
60400,0.7064471647868048
60401,0.723453132011743
60402,0.3049281897370126
60403,0.7390707054517751
60404,0.7206882392707786
60405,0.358989875903646
60406,0.6881395904380292
60407,0.26996323628393654
60408,0.496996445013405
60409,0.7557153999155738
60410,0.5986167196619029
60411,0.5730170675578288
60412,0.402395576358068
60413,0.6675592329225214
60414,0.7880686134143146
60415,0.7708121789214738
60416,0.6755863894394812
60418,0.6493941715005179
60420,0.4626095858321755
60421,0.6308124828795869
60422,0.8332336412275497
60423,0.6644752411316494
60424,0.6962209271678702
60425,0.7800781323843421
60426,0.8215364228866796
60427,0.6239963862244727
60428,0.7506791147235239
60429,0.7238989822395491
60430,0.3682944251457437
60431,0.6066467352848139
60432,0.6824258324569952
60433,0.7599075302395439
60434,0.8977567433135857
60435,0.3994508946440367
60436,0.6342836091702811
60437,0.839576123494068
60438,0.48183076829431787
60439,0.7841310472893198
60440,0.6719022370822395
60441,0.2879380983966592
60442,0.8044131630822301
60443,0.8933297794324133
60444,0.34602283703180037
60445,0.5346039285066642
60446,0.37130205198629646
60447,0.5315549566059131
60448,0.4779268134369121
60449,0.6904073181940795
60450,0.6950393141569228
60451,0.5944628357221453
60452,0.6398976207133134
60454,0.7205810372276287
60456,0.6565904303972318
60457,0.7839473635482368
60458,0.7764387343214884
60459,0.6903446580082351
60460,0.7370873927135375
60461,0.777583167273198
60462,0.7674693928744007
60463,0.756113178649311
60464,0.5015956961281182
60465,0.7946542648286785
60466,0.5340599188253073
60468,0.6320603706698771
60469,0.8341500304062309
60470,0.7665644327367436
60471,0.4774054055889203
60472,0.8017728059780124
60473,0.5866825856360206
60474,0.9352561720791926
60476,0.3926585858474921
60477,0.6712888754378658
60478,0.1262022151337651
60479,0.24664019781584767
60480,0.6847761447666375
60481,0.4346798867629988
60482,0.6327807779948963
60483,0.8854903084149628
60484,0.7926232970306689
60485,0.6050619589654348
60486,0.6465466109613205
60487,0.438082782252949
60488,0.7558654553425042
60489,0.2825534260651551
60490,0.730157766671534
60491,0.3864469300863545
60492,0.7896715708656478
60493,0.777224068532096
60494,0.6763795159977337
60495,0.6542492514908558
60496,0.6224857721040051
60497,0.7783916965102455
60498,0.6775762152965145
60499,0.8928495163066913
60500,0.5756096249930559
60501,0.6020067887784547
60502,0.5437728719922506
60503,0.8939740431879133
60504,0.7794222200993999
60505,0.6430079022043272
60506,0.7909208724757213
60507,0.5813476908758939
60508,0.4180301509085545
60509,0.41719156218712233
60510,0.720774355838394
60511,0.8620986559636838
60512,0.6865212342702182
60513,0.7593222525234836
60514,0.7109882958184409
60515,0.5773030836873253
60516,0.426399009092266
60517,0.7069864869660573
60518,0.6276933477886303
60519,0.6814194034366449
60520,0.7944565266097267
60521,0.1856360593038918
60522,0.5879244714048796
60523,0.7753298707348404
60524,0.6634366686305401
60525,0.6918004607032356
60526,0.5651593989553173
60527,0.7113718273503383
60528,0.5048880331244662
60529,0.5181506917871337
60530,0.7248600693712838
60531,0.36617752900289463
60533,0.7158294060344516
60534,0.5733833054538933
60535,0.7942666297462745
60536,0.4493095296735686
60537,0.8128702856620343
60538,0.8712668500183963
60539,0.7258056171678898
60540,0.5823709066551431
60541,0.4352786343274815
60542,0.7503384234738849
60543,0.5928138336296396
60544,0.599256554864274
60545,0.349679235900922
60546,0.4260782400722412
60547,0.6426403388866623
60548,0.5998601686132378
60549,0.8399179233933579
60550,0.5757036184574652
60551,0.7577385135587903
60552,0.2344010166445362
60553,0.6308140876991444
60554,0.5540539382162233
60555,0.6457274863755256
60556,0.7370971671769313
60557,0.5556476564319048
60558,0.6744965053378507
60559,0.6727785461730296
60560,0.43430889773550346
60561,0.10756738108108721
60562,0.5876885310803347
60563,0.6293783317020353
60564,0.7773345120732661
60565,0.5814654607383948
60566,0.30862343273682374
60567,0.7035882899184993
60568,0.4183175457250603
60569,0.505123592257063
60570,0.580509183055151
60571,0.39784993451987294
60572,0.3384159933786918
60573,0.566687305685447
60574,0.8049074183478511
60575,0.8824891518706538
60576,0.7523602029960487
60577,0.43245079256888524
60578,0.5674675751317432
60579,0.4231185275686205
60581,0.5106418927558798
60582,0.6486169512579884
60583,0.7856967695158869
60584,0.8234232861788172
60585,0.6589624098302779
60586,0.7582564094989627
60587,0.6319115147487264
60588,0.3733830975249075
60589,0.8883752687522241
60590,0.7493031306852274
60591,0.7143907685421308
60592,0.40945735986674286
60593,0.575268424618097
60594,0.4259351019919127
60595,0.37375222193269814
60596,0.4318680458948252
60597,0.4966055025247839
60598,0.6831339260913394
60599,0.4019074593339267
60600,0.5023404681674122
60601,0.794864126451416
60602,0.2190430742281808
60603,0.5741593309244272
60604,0.519875685000052
60605,0.5930681586913297
60608,0.67082354246452
60609,0.718550184878945
60610,0.6430847270179604
60611,0.42959249335367705
60612,0.5183923693009446
60613,0.6731901373846974
60614,0.4501731466761596
60615,0.6302808094477229
60616,0.36178622381833025
60617,0.9021986640091182
60618,0.43680017037780255
60619,0.6540155974546005
60620,0.7888192438907349
60621,0.9403379450167338
60622,0.7620689809460467
60623,0.35982463836186485
60624,0.4946715450912494
60625,0.8597489638581871
60626,0.4138038526550077
60627,0.6150460274957682
60628,0.8118527374064767
60629,0.3778185592603898
60630,0.6402578274037405
60631,0.6383052755609415
60632,0.8906109128567744
60633,0.5852911070041992
60634,0.7835093884438734
60635,0.8995014332110461
60636,0.6115228058535115
60637,0.37442794150773095
60638,0.7899344768201707
60639,0.7250045401770658
60640,0.5652894141477729
60641,0.5108612275348839
60642,0.5826608902999171
60643,0.6355548589889409
60644,0.4292716491847192
60645,0.533921719349676
60646,0.7782069103711272
60647,0.41059574822850786
60648,0.5874770164358495
60650,0.5381011584138576
60651,0.7753300359808769
60652,0.7231502073482661
60653,0.4196857330285328
60654,0.8095084052355611
60655,0.5780931755237388
60656,0.5585453898718774
60657,0.8625988476047194
60658,0.08311185940552153
60659,0.4971129086604112
60660,0.6252998241806412
60661,0.0918873982873115
60662,0.721440954601055
60663,0.731159216229813
60664,0.6950801596969157
60665,0.6718481106497692
60666,0.7467218318527822
60667,0.27147536816334056
60668,0.7655966093433432
60669,0.6750622115093446
60670,0.6585665967493622
60671,0.5059453882529966
60672,0.08366480009187882
60673,0.673088745814128
60674,0.4282316116047881
60675,0.5464040268592261
60676,0.7585378626563504
60677,0.7238929015951769
60678,0.6110031294964974
60679,0.3636438956571871
60680,0.3935300960281269
60681,0.7296964789755341
60682,0.4982242968312092
60683,0.18369080192551704
60684,0.7932287097083757
60685,0.7795513365898986
60686,0.8244153813093428
60687,0.47297367349475655
60688,0.7388275338786693
60689,0.6120705523880522
60691,0.45184695550323023
60692,0.521486298504045
60693,0.671331533839664
60695,0.8249591646490737
60697,0.5650092015847595
60698,0.7487336164543504
60699,0.5965887248394627
60700,0.7524586581894651
60701,0.5534089658999076
60702,0.7754388981775034
60703,0.7963598405142965
60800,0.0
60870,0.0
61001,0.4107936266749926
61002,0.20992561883513036
61005,0.20298205963251373
61006,0.3547004901898791
61007,0.46913202919136693
61008,0.36903941955990255
61010,0.07138915018129137
61011,0.669205634417619
61012,0.5539267239323132
61013,0.3811410825426811
61014,0.5410913332614081
61015,0.07124485272157798
61017,0.04996408440994909
61018,0.18485712579422073
61020,0.6565029850858616
61021,0.6075929110271022
61023,0.7454950857802248
61024,0.6400129888133149
61026,0.3178406042547593
61028,0.8388153345996292
61029,0.14761115481447784
61030,0.7242110113101733
61032,0.35916378117397274
61034,0.5156722901938314
61035,0.5972619823036506
61036,0.29897800902683686
61037,0.2697166182044018
61038,0.16891419524285886
61039,0.602159807646159
61040,0.5903501024403544
61041,0.32399744781391165
61043,0.11378360784585838
61044,0.7086534176738636
61046,0.20292730580101562
61048,0.23840558721698926
61049,0.3556349125544666
61050,0.10079116874414025
61051,0.3108828835986372
61052,0.4993367231421966
61053,0.46719020805360834
61054,0.18212839502326492
61055,0.6139477029666917
61056,0.623247096309365
61060,0.40968882036837
61061,0.07610833512947258
61062,0.6086548195531764
61063,0.6048595588614137
61064,0.03437329573669008
61066,0.18996337307612557
61067,0.1705684556924131
61068,0.6097700804057059
61069,0.7480526736732555
61070,0.5556547794384464
61071,0.15769756975004323
61072,0.15057595679851424
61074,0.5433900691571634
61075,0.21282965088944064
61076,0.6319428640643785
61077,0.4771129610507903
61078,0.5915707096703816
61079,0.10365434830973219
61080,0.5676144416930684
61081,0.024647792482589873
61082,0.1635553736522923
61084,0.8489964791500996
61085,0.6240782775176948
61086,0.3044513428961358
61087,0.20955494674984645
61088,0.04814040682421411
61089,0.23278222854131578
61091,0.5448001124457985
61092,0.5464893314313084
61093,0.47866966130633903
61094,0.6239985099213028
61095,0.6064742708139067
61096,0.4394527160321087
61097,0.10987045195005445
61098,0.5711504525918029
61099,0.2293123076795309
61100,0.5438942807505128
61101,0.24516238290130976
61102,0.6646804835642447
61103,0.09329952205595367
61104,0.5798812639652803
61105,0.31228183251078195
61107,0.553381358258174
61108,0.057647257231706356
61111,0.5159248281772427
61113,0.15704857140978343
61114,0.6186417935631942
61116,0.07848906416680444
61117,0.5215615480745646
61118,0.12872991427327019
61120,0.41290176384033667
61121,0.2063797138603037
61122,0.03594658088384551
61123,0.727485731410754
61124,0.6387711006901923
61126,0.10403615356502917
61129,0.14363243330716838
61130,0.23275484137899785
61133,0.16820310128638127
61137,0.6855207736121877
61138,0.03652100371660139
61139,0.24439526242795886
61140,0.4689976797467414
61141,0.5956119175652597
61142,0.1970257563125437
61143,0.5519477412127637
61145,0.4078701970809047
61146,0.6293098876753215
61148,0.7121433957136292
61149,0.6867192638698908
61150,0.20262019435020662
61151,0.5306206389729703
61152,0.5312344581329977
61153,0.4499344086650714
61156,0.5736195406736608
61158,0.7384581780229418
61159,0.14470621653096383
61160,0.09857048966570242
61162,0.36638059125907824
61163,0.5601325986583149
61164,0.7606158308528054
61165,0.5664413026615852
61166,0.08263970342659945
61167,0.167393099086364
61168,0.8690146469746853
61169,0.5473358467059121
61170,0.5095872732603173
61171,0.7768154395991176
61173,0.0
61176,0.7083645715839274
61178,0.07112104317485067
61180,0.14529257268561172
61181,0.04191678279046257
61182,0.5510051616688684
61183,0.07390059253951889
61187,0.49571293432454705
61188,0.047392522664374305
61189,0.7380470452524918
61190,0.2384611545464093
61192,0.027008697286618377
61193,0.38012165459107905
61194,0.5541200637956929
61195,0.6135674877287532
61196,0.1465588162377954
61197,0.7461752265089476
61198,0.15194286193653575
61199,0.6570153060162327
61202,0.5768119188955182
61203,0.5785417533540101
61206,0.3852782651581816
61207,0.1746910203927611
61208,0.6551179125573704
61209,0.5343691283808726
61210,0.6300272940537992
61211,0.3194968823271369
61212,0.44821547535018497
61213,0.5455890747633333
61214,0.5030225856484783
61215,0.08884674243742473
61216,0.5823448823838248
61217,0.7186217933470478
61218,0.5866996489397481
61219,0.7777357969157132
61221,0.5481206789037093
61222,0.5702720738145823
61224,0.5941928320076763
61225,0.03312248358917056
61227,0.5467857711064941
61228,0.544806381842696
61229,0.19135907998280322
61230,0.10049227808735339
61232,0.3692453585807292
61233,0.6500571979907922
61234,0.5209773046019578
61237,0.707221067246084
61238,0.7874918402622401
61240,0.18744136360185984
61241,0.17077464414178664
61242,0.12235986703219974
61243,0.6089622179659148
61244,0.326685185322811
61248,0.18842244433215727
61251,0.2611519474111442
61252,0.05422448084946937
61255,0.11037452288954754
61256,0.2809867210511445
61257,0.5475188886866239
61258,0.2636955649561054
61259,0.4069038553110076
61260,0.5764915798815123
61261,0.5698968075827463
61262,0.6519323652613829
61263,0.5519500835838435
61264,0.04448454427706949
61265,0.7057521201249971
61266,0.26392117334112364
61267,0.8114187460099522
61268,0.050332043581802356
61269,0.7339419712289326
61271,0.7651650180362983
61272,0.03404343197741321
61273,0.762494744624977
61274,0.09589954597187306
61275,0.04008571172833971
61276,0.7713935668587323
61277,0.14938982814334517
61278,0.6176147068053089
61279,0.6267798255135785
61281,0.6651948503099344
61283,0.5873433274334717
61284,0.1143303392570536
61286,0.4125623457163077
61287,0.6263424443812297
61288,0.2626798294290325
61289,0.4384822748974493
61290,0.7297587146261889
61291,0.7864294102156753
61292,0.5927155243215834
61293,0.15518226333714633
61294,0.2516673501587889
61295,0.5814528733602119
61297,0.454921547328246
61298,0.6055781133465317
61300,0.07816570743541561
61301,0.5482952988117412
61302,0.44571795649871887
61303,0.579313359727163
61304,0.5625646893394074
61307,0.07486203715541212
61308,0.7427118343699816
61309,0.06330395005836002
61310,0.17875975741257713
61311,0.0
61314,0.7249759270210387
61316,0.7514984735609566
61317,0.03481302012508564
61319,0.32681607856434297
61321,0.6222123696030918
61322,0.36201094150444685
61323,0.14078639255456815
61324,0.11906403296092898
61326,0.6072852068183994
61327,0.3266499801002633
61328,0.3877104883226689
61329,0.18718945593730477
61330,0.08585866810498587
61331,0.18593509600847222
61332,0.6728411578794455
61333,0.1764673742155237
61336,0.34060411276254093
61339,0.5649246469266778
61341,0.4539606609283818
61342,0.3788359834549046
61344,0.6317491350933249
61345,0.07722995482602013
61346,0.3302391839813356
61347,0.0485952170959618
61348,0.1918473764323533
61349,0.6288983049826702
61350,0.5742341306954316
61351,0.1011175868889912
61352,0.6259356115055621
61357,0.6157299112589367
61358,0.6165513157931573
61360,0.340977878753872
61361,0.7085484879534486
61362,0.6712687214636799
61363,0.44587365888105085
61365,0.20246509837609086
61366,0.15647896513451054
61367,0.23086320167407592
61369,0.40060913540577925
61370,0.31540088765708135
61371,0.7108875386087722
61372,0.6353528621248334
61373,0.13120013681611334
61374,0.618422628918991
61375,0.29810771488684845
61376,0.5448115301652209
61379,0.13229595322118848
61381,0.31145824508060654
61382,0.5508994465458769
61384,0.559865853972908
61385,0.04940323311481354
61386,0.2599746283246191
61387,0.1773662423552277
61388,0.20081848825115992
61389,0.24206328041338912
61390,0.6459342175452532
61391,0.502955788311832
61392,0.16871594259769654
61393,0.060242088136330176
61394,0.2854783752604699
61395,0.10319055444281788
61396,0.2534200140973086
61397,0.6316371864185729
61398,0.121996606883483
61399,0.3890891577741138
61400,0.6170596277350554
61401,0.33025847269196623
61402,0.6977894138573366
61404,0.2028868463417336
61405,0.12830410575097806
61406,0.33940284133257675
61407,0.6880273153173672
61408,0.7730044599550611
61411,0.2521728470616588
61412,0.22782713613392783
61413,0.4718144047630642
61414,0.21161104812179019
61415,0.5286625336378014
61416,0.028985843355856522
61418,0.15102077232599057
61419,0.5853501968735467
61420,0.680465454303004
61421,0.17275375922760405
61422,0.5996133253905706
61423,0.5913053613549711
61424,0.4683873243724977
61425,0.443077034358158
61426,0.18135826220960868
61427,0.5997443194197909
61429,0.41522856383641543
61432,0.6203293431993856
61433,0.6143496035452064
61435,0.5386630892542935
61436,0.7227811871580131
61438,0.19857229159014275
61439,0.5352182934305768
61440,0.5634632798005262
61442,0.5219523291478735
61443,0.5632979381409697
61444,0.7746318770870532
61445,0.6238574165480535
61446,0.31703186255087296
61447,0.6131912016494852
61448,0.17566713532288933
61450,0.1960346119218904
61451,0.6213223141873484
61452,0.20283668703122737
61453,0.5804749688443382
61454,0.1355329263732302
61456,0.5675627712013905
61457,0.4239195564819081
61459,0.6623149497439474
61460,0.08345671849395264
61461,0.1620315610116824
61462,0.6020343943986414
61463,0.6039335665343349
61464,0.1184336839624663
61466,0.5729770840363057
61467,0.5086459239878178
61472,0.7241454503722994
61473,0.6650524055829029
61474,0.19819017020168492
61475,0.36912344296531635
61476,0.43185792153645314
61479,0.5996553257475828
61480,0.7351325831401526
61481,0.1568949053176288
61482,0.5814120873332127
61483,0.602581434358247
61484,0.1813952831649386
61485,0.1476850041829394
61486,0.4076554223790814
61487,0.22295673560451465
61488,0.33523353327397504
61490,0.6740124062186195
61491,0.14074715617261413
61492,0.17289525123887928
61493,0.1211296971168893
61494,0.683564590790251
61497,0.5531442207948772
61498,0.2444076836655874
61499,0.5603698014958992
61500,0.4392669313929733
61501,0.09575751616090676
61502,0.4971821900460632
61503,0.7081530393992809
61505,0.6645973064268118
61507,0.16068739596950893
61508,0.20644832358422657
61510,0.5505372732682065
61512,0.7186616220224386
62000,0.0
62001,0.6375758803316258
62002,0.761605400684763
62003,0.8544789893671972
62004,0.8249988425531815
62005,0.6994097148038843
62006,0.7382189434160291
62007,0.6857745100216283
62008,0.8025730157410557
62009,0.7314037266172394
62010,0.8061423659840742
62011,0.6829655348500351
62012,0.7162385950081117
62013,0.7810258306033324
62014,0.5900411784156138
62015,0.5604718090561139
62016,0.5602697443206174
62017,0.4700436103081886
62018,0.5606986672564275
62019,0.6665449365615077
62020,0.7389439899519018
62021,0.5666320441593135
62022,0.73414416666258
62023,0.4782773068731176
62024,0.5583250980674707
62025,0.7921018837102988
62026,0.45663548262473513
62027,0.5701127543303036
62028,0.5065268924329956
62029,0.5110083079647884
62030,0.2665020028890058
62031,0.7044891319031147
62032,0.6784410010078524
62033,0.819510036805085
62034,0.6347721913714609
62035,0.6319549316710852
62036,0.5388222097910714
62037,0.727513403856439
62038,0.49047575289235584
62039,0.7137340269712462
62040,0.8079096922381218
62041,0.7236111001622532
62042,0.6814003097032814
62043,0.7022999737416299
62044,0.5930927206442543
62045,0.7003025050966946
62046,0.5126243270588956
62047,0.6371738603273631
62048,0.5211290970633976
62049,0.48776905183510033
62050,0.5113139642779254
62051,0.8451435491822599
62052,0.8102987058707128
62053,0.590834080656978
62054,0.8452708907578453
62055,0.5102200062038312
62056,0.8478924665223974
62057,0.517306633980868
62058,0.6831448370966774
62059,0.6320235028096178
62060,0.6988486103129247
62061,0.49052756853807455
62062,0.41159525551765036
62063,0.6303681213470594
62064,0.3976968344073566
62065,0.6389495526112785
62066,0.48274042172662174
62067,0.7323664833290991
62068,0.7638456278872857
62069,0.5414470501600522
62070,0.5238779207958985
62071,0.6651164280933578
62072,0.6882175290367316
62073,0.6626965793138188
62074,0.6833065300143183
62075,0.8019972976178057
62076,0.5572547141597314
62077,0.6500212268202411
62078,0.6638324843470506
62079,0.5409237826183049
62080,0.6204066055595922
62081,0.7059481989391411
62082,0.2694943090472337
62083,0.6791175810456869
62084,0.6808673335424583
62085,0.7035049492151026
62086,0.6488529071584178
62087,0.5891207742478671
62088,0.8195279322516075
62089,0.8385511175943491
62090,0.4575213833047503
62091,0.48747292274360116
62092,0.644266013415519
62093,0.4158843682644296
62094,0.5627533283837369
62095,0.520852094207118
62096,0.6003175957206156
62097,0.6889150443542359
62099,0.7638530804343336
62100,0.34297439984231914
62101,0.5493542764437703
62102,0.6485406851640171
62103,0.7358591937804494
62104,0.7426384176627988
62105,0.754162964415871
62106,0.8745568241364247
62107,0.8378322635492736
62108,0.6141434829761331
62109,0.5601340829299574
62111,0.46848217546936216
62112,0.6801272363272375
62113,0.667724686406257
62114,0.4711994090921827
62115,0.7454090039762482
62116,0.6470905256385924
62117,0.3211300372718027
62118,0.7135765909363115
62119,0.5551078561405466
62120,0.6339048909562611
62121,0.5358712481012199
62122,0.6003207679000234
62123,0.5912511693535749
62124,0.613816743917503
62125,0.8272666633021007
62126,0.5645102781325663
62127,0.7462496330165974
62128,0.6596651880285038
62129,0.5279571162806512
62130,0.6810662094886579
62131,0.7355387341843892
62132,0.9292592404496398
62133,0.8416280039238341
62134,0.34732686978380073
62135,0.7574981863974112
62137,0.6267743610386526
62138,0.413338515808429
62139,0.8084694862624526
62140,0.38960969413423796
62141,0.6151014521270707
62142,0.5023206776837763
62143,0.5573875198182798
62144,0.5695990518567134
62145,0.7939278127468216
62146,0.7832412816340061
62147,0.7696908655646038
62148,0.8195764739550108
62149,0.7011858099419187
62150,0.488586017122733
62151,0.7784416323855816
62152,0.7753691133521482
62153,0.7133650843633496
62154,0.3964291643275351
62155,0.6844830632335831
62156,0.8211358706004336
62157,0.4307243002069259
62158,0.5200889405167364
62160,0.8811601575365646
62161,0.7666498599085085
62162,0.579390596904484
62163,0.5292785421300931
62164,0.4328477604535827
62165,0.7042428791702467
62166,0.6429094296411738
62167,0.780098744666888
62168,0.3450050000543785
62169,0.7737248568332135
62170,0.5853509815340112
62171,0.5968125436047025
62172,0.5433518477826076
62173,0.8410965396053269
62174,0.6566888051162414
62175,0.6085663980186614
62176,0.5849033615437198
62177,0.6212710812579506
62178,0.4916851990473668
62179,0.6237910112949548
62180,0.680676045043893
62181,0.697681314431625
62182,0.5647386115709695
62183,0.5257970564110476
62184,0.6866551709338489
62185,0.519582986331879
62186,0.6819588386166954
62187,0.6583945980449454
62188,0.48462929255248594
62189,0.32065936337906514
62190,0.5421710844626341
62191,0.8506604669666123
62192,0.7181596029310877
62193,0.6218346520980583
62194,0.6704525249784803
62195,0.7610674250796077
62196,0.5524660960152917
62197,0.6450155365808904
62198,0.7162179516300821
62199,0.6998239450490771
62200,0.7776406156642323
62201,0.7718922842937768
62202,0.41115290419586553
62203,0.7703667989777725
62204,0.364815261417581
62205,0.8494177168995719
62206,0.5023737484262008
62207,0.4864899906580417
62208,0.5729773414677272
62209,0.4730473731248388
62211,0.712648229143093
62212,0.41082379277532644
62213,0.6440075012219536
62214,0.8114849654570507
62215,0.893387995849614
62216,0.6624702143062526
62217,0.6660123884475745
62218,0.7581892032612769
62219,0.36540504520568623
62220,0.4558229903378867
62221,0.5719850730889079
62222,0.3952698484787051
62223,0.6030808192382413
62224,0.5675999922559822
62225,0.8659666479705374
62226,0.0
62227,0.5413687306879017
62228,0.6902607462944514
62229,0.7151403558789126
62230,0.6836428340830615
62231,0.40085849852572647
62232,0.5959628276020262
62233,0.4285804698448887
62234,0.5445923655940162
62235,0.7437157416234536
62236,0.44342839489882974
62237,0.823505828804944
62238,0.658191584948891
62239,0.9260193154428363
62240,0.904716634003504
62241,0.7525230652546252
62242,0.3779187659035936
62243,0.43303747420908634
62244,0.7102185220397365
62245,0.5925683088063465
62246,0.5058531564664719
62247,0.409357073173795
62248,0.7424044315384801
62249,0.8680227534914114
62250,0.82177269511108
62251,0.7630591656303238
62252,0.7675630987633251
62253,0.41121006454546705
62254,0.7221871664954472
62255,0.7247967634152824
62256,0.5263148491181597
62257,0.36799064239931556
62258,0.5609590786264237
62259,0.4607818344634042
62260,0.6046145548361096
62261,0.7608450022235168
62262,0.7868420800670887
62263,0.6732281645227284
62264,0.7720474812176877
62265,0.6096764101896687
62266,0.47906229605238915
62267,0.7267366983443653
62268,0.670874368403716
62269,0.6916573158053749
62270,0.6422129162205545
62271,0.7129005213204848
62272,0.7527243347324429
62273,0.7801149748523644
62274,0.8531149034540685
62275,0.33714349381669156
62276,0.87215215089777
62277,0.843864390346913
62278,0.6188079946284449
62279,0.696515680587071
62280,0.7802760831682845
62281,0.8459180204248188
62282,0.5091491203413593
62283,0.6934407782710568
62284,0.7641844439798802
62285,0.5086110119351589
62286,0.5662331044976177
62288,0.6925225392113371
62289,0.4741069908070681
62290,0.6983622854621437
62291,0.7875247062231515
62292,0.7736546950055206
62293,0.4153205238047028
62295,0.5874973483683066
62296,0.6654650555271499
62297,0.5750169234893118
62298,0.7756166422885827
62299,0.5422737489681079
62300,0.8955235477364633
62301,0.5508121179328925
62302,0.443423710880815
62303,0.45940859893766595
62304,0.7488502141692664
62306,0.5328614540274516
62307,0.8013839320368289
62308,0.4968617738174144
62309,0.6761815114288572
62310,0.7306228183095155
62311,0.8843051798998326
62312,0.5808217655092819
62313,0.5542246327255254
62314,0.7822337587387237
62315,0.6214542258400564
62316,0.5039917006626763
62317,0.7830451510556521
62318,0.6070166955472495
62319,0.7790574327125829
62320,0.7213812832754662
62321,0.8663556237477278
62322,0.30742345719835124
62323,0.6707361089736278
62324,0.7047309757156346
62325,0.691094282874487
62326,0.5574074727334432
62327,0.5251971038754959
62328,0.5255961226436354
62329,0.7777960426067585
62330,0.8172308293395343
62331,0.7016372059638204
62332,0.7900250974374229
62333,0.5798593489069083
62334,0.8314204527637407
62335,0.5866250876429225
62336,0.6484809834927071
62337,0.6148653236184328
62338,0.9289789374317502
62339,0.5174383683171209
62340,0.6669093390942487
62341,0.696014453399036
62342,0.5694396899792832
62343,0.5294881365891096
62344,0.574562753688498
62345,0.3941506475427224
62346,0.5390858425859061
62347,0.6720055585151871
62348,0.5292024543464687
62349,0.6631086494165938
62350,0.6935818948058222
62351,0.8286441195986219
62352,0.6822336117649933
62353,0.44583760079627854
62354,0.7119038116095666
62355,0.7141758364830465
62356,0.7061794705781868
62357,0.5803425660174993
62358,0.7986074982409859
62359,0.43790996278890554
62360,0.8767379579699957
62361,0.575182186655678
62362,0.6967623811171461
62363,0.7008179548030498
62364,0.5273376833878893
62365,0.6521193684583223
62366,0.7107189505615388
62367,0.6441538320074065
62368,0.31343966968517933
62369,0.6871747454058408
62370,0.329045156647028
62371,0.664681598002087
62372,0.669971124331203
62373,0.8767381516284481
62374,0.7468010174509191
62375,0.7242252243861415
62376,0.5754102361302401
62377,0.6853183052957972
62378,0.7030446847601751
62379,0.6868026548461064
62380,0.7125678325735131
62381,0.43998633143686866
62382,0.3292529046209332
62383,0.8623828040604775
62384,0.39236505643829284
62385,0.46553380685571916
62386,0.733962391912975
62387,0.5939674814572053
62388,0.5872311659098877
62389,0.3480288710934145
62390,0.6814135988433078
62391,0.6680830064492677
62392,0.7093012817689721
62393,0.586712737404425
62395,0.41737805036319237
62396,0.7207237586177507
62397,0.7287630879531518
62398,0.544777585848304
62399,0.651314177133577
62400,0.5902186630144634
62401,0.8359347564414206
62402,0.7681529968517977
62403,0.6945107261128204
62404,0.3082585542515042
62405,0.7977367641343296
62406,0.7368951367770095
62407,0.6780832798242297
62408,0.733297590790624
62409,0.738044474426796
62410,0.6075859690314948
62411,0.6603642080058016
62412,0.8200346912857235
62413,0.7688197918457748
62414,0.8579010877504748
62415,0.6746172272638594
62416,0.5786783810753685
62418,0.6905062425358127
62419,0.37279897613168167
62421,0.4146915749538113
62422,0.5027672051047279
62423,0.6965383051331869
62424,0.7869811039229445
62425,0.7719591921092741
62426,0.5655177812310573
62427,0.8101756318943947
62428,0.528467715770481
62429,0.6831167721974886
62430,0.32188346457704914
62432,0.6209002227875227
62433,0.6883077324078292
62434,0.6371027958941649
62435,0.6191181811376949
62436,0.703098467423363
62437,0.3769123939573216
62438,0.6963096009981715
62439,0.8071329710746417
62440,0.3415551603107478
62441,0.6551727279648779
62442,0.5101366729880538
62443,0.5952966025542257
62444,0.8110517059781834
62445,0.6943521208424634
62446,0.8225428404321545
62447,0.7391306490492563
62448,0.8134500466560723
62449,0.4018512669544377
62450,0.5860958539476461
62451,0.5446896385475349
62452,0.7454689504232063
62453,0.4321689347618997
62454,0.7187214436418078
62455,0.6437845280526677
62456,0.6180939683623629
62457,0.6255547322865735
62458,0.719078881556923
62459,0.5453521075831808
62460,0.790515238119499
62461,0.5294693944719869
62462,0.6344507307346632
62463,0.3385285323931382
62464,0.8157910336683054
62465,0.6153422070833999
62466,0.40648628385543395
62467,0.45265871672609753
62468,0.4935835794902778
62469,0.5683278667577251
62470,0.5442358299241711
62471,0.6452002638536497
62472,0.6442947097282875
62473,0.6758953929737572
62474,0.8194289246333764
62475,0.385669673550657
62476,0.797007659584104
62477,0.6093328902930958
62478,0.7084392443030798
62479,0.6144756613697032
62480,0.6047544595421983
62481,0.2993663569232838
62483,0.8158260599618501
62484,0.7230241873813786
62485,0.508970122918413
62486,0.7878285478900016
62487,0.7960574766791041
62488,0.6581871965515154
62489,0.5327684791851172
62490,0.7268385261271629
62491,0.8286313850383369
62492,0.40001409947124106
62493,0.6417965398662114
62494,0.2972490223714746
62495,0.4385479558774353
62496,0.737553714729958
62497,0.9041529381018577
62498,0.6439524889282427
62499,0.4607506166980056
62500,0.5255380075577442
62501,0.5740942524650269
62502,0.7085879692164582
62503,0.8000189043594723
62504,0.7248882836830094
62505,0.8302777958914905
62506,0.7205289661805873
62507,0.42592364718281867
62508,0.5113241469622083
62509,0.5865937195304513
62510,0.671745619406806
62511,0.5546942824910731
62512,0.5222228977004897
62513,0.5838293781917793
62514,0.5572730845246348
62515,0.37952750201170665
62516,0.4917918352072352
62517,0.6403387746067671
62518,0.703053610304185
62519,0.4893434744870903
62520,0.7708407215943294
62521,0.5706165243063225
62522,0.3853332292363074
62523,0.795024021056832
62524,0.7305930420825201
62525,0.7927644886089066
62526,0.6424309158163468
62527,0.6673113718667253
62528,0.751294048855708
62529,0.8721702757997755
62530,0.5596906064116004
62531,0.5826711980989033
62532,0.5146297775016565
62533,0.3698156757109418
62534,0.8284897881625654
62535,0.60602545273774
62536,0.580801610731481
62537,0.5343434216594138
62538,0.48593490227853575
62539,0.6282264593435521
62540,0.6809343499874064
62541,0.45392246723446794
62542,0.3774987210743235
62543,0.6246363049135933
62544,0.6795327443007068
62545,0.30221708368078654
62546,0.8199615335331925
62547,0.6512306531685345
62548,0.6030653591551661
62549,0.8627558121389077
62550,0.579260362309835
62551,0.5354346613202592
62552,0.36834197961162446
62553,0.6774701752832656
62554,0.6453015597433218
62555,0.6316133178942626
62556,0.5796008214972032
62557,0.6659296100838163
62558,0.5494340371206053
62559,0.6326470647309168
62560,0.7691035091025804
62561,0.7580124661569085
62562,0.45230438949173785
62563,0.652610988042915
62564,0.6620654004445478
62565,0.4963412894135381
62566,0.7258447347259663
62567,0.6888858208635319
62568,0.8629336502773476
62569,0.8160946836142519
62570,0.7807421783736
62571,0.5993296931995441
62572,0.6102461273050906
62573,0.892739362346612
62574,0.7144027748420645
62576,0.6140200104662811
62577,0.5944268924962098
62578,0.6972651515143671
62579,0.7071490254533611
62580,0.5754793034687972
62581,0.6314642100425504
62582,0.6645131315467169
62583,0.3052992384252826
62584,0.7415487294859656
62585,0.6111549997792213
62586,0.6717250222673874
62587,0.8137828449675792
62588,0.514359547542178
62589,0.6735384613246816
62590,0.6273764141656638
62591,0.6438084372986373
62592,0.7281406862522984
62593,0.5073348083581585
62594,0.5419872228637312
62595,0.7251020392237874
62596,0.3325708820797834
62597,0.7498050145841755
62598,0.5811147661455601
62599,0.6378709988344088
62600,0.5882416091176058
62601,0.4712261759298397
62602,0.35944119686376014
62603,0.769552170829638
62604,0.6133184646868864
62605,0.5624523673169272
62606,0.8658762132759991
62607,0.5466195452067627
62608,0.6075825864626702
62609,0.655638911030766
62610,0.5583271001905554
62611,0.6497447951357386
62612,0.7178056024819192
62613,0.7283037686350275
62614,0.6235919172349792
62615,0.8599439367407099
62616,0.5248232372540836
62617,0.5721487744268744
62618,0.5833596618362885
62619,0.710774905776543
62620,0.6247252573593695
62621,0.5470992848416135
62622,0.6190181612937141
62623,0.6318545578849176
62624,0.8911944548963827
62625,0.5367113873581201
62626,0.6770015262969123
62627,0.8648369442745927
62628,0.8067355482897778
62629,0.7416753456480566
62630,0.7081246423059623
62631,0.5951071509853779
62632,0.66116976356844
62633,0.5315385175165203
62634,0.5550560999286319
62635,0.4040602263059328
62636,0.8419980024777912
62637,0.9169840244863757
62638,0.7022069764224123
62639,0.6951195540575279
62640,0.29970078404504397
62641,0.6019459799289962
62642,0.6359220314899475
62643,0.8156580494450045
62644,0.7509108649914701
62645,0.5777563688115329
62646,0.8469452518191686
62647,0.6083963626240996
62648,0.7871551628348418
62649,0.2910423307386108
62650,0.6800273930697908
62651,0.5378776081205937
62652,0.6462234798014244
62653,0.8722048207369442
62654,0.8393181309700259
62655,0.5280612702987135
62656,0.6543050454334048
62657,0.8033198808310771
62658,0.8439425624588696
62659,0.4725512852852418
62660,0.6957608797388989
62661,0.5225973715403319
62662,0.5986350099843981
62663,0.293908174559583
62664,0.6730816504020893
62665,0.4382653313328509
62666,0.8887693456383269
62667,0.9066538423800492
62668,0.5159378346186508
62669,0.6673652708975494
62670,0.4859456559401068
62671,0.6521572355191124
62672,0.5342500579232735
62673,0.7234577075131106
62674,0.6954548497927112
62675,0.8613146049590562
62676,0.6468793374674944
62677,0.4889680657510591
62678,0.49318967886774034
62679,0.8586514927325241
62680,0.8333978841659819
62681,0.8395574091332517
62682,0.4001917722966826
62683,0.659964495706482
62684,0.833417358978589
62685,0.5890626509559201
62686,0.7116487760433898
62688,0.5179350844447561
62689,0.7192763373094738
62690,0.2774856634868688
62691,0.6581589160583222
62692,0.4362313162581781
62693,0.619421630290056
62694,0.46296070011692764
62695,0.43450522173338046
62696,0.7187281794657165
62697,0.7856149758506188
62698,0.6384694978678742
62699,0.624250072387604
62700,0.3761916368571967
62701,0.5661231303329315
62702,0.7545785266482458
62703,0.7842709387764902
62704,0.5016579386399281
62705,0.7763636086033768
62706,0.822225994766765
62708,0.5139705868755065
62709,0.7518954339180235
62710,0.42342502325238546
62711,0.7876193812342546
62712,0.7057083486312585
62713,0.6943420902670345
62714,0.6804410132600834
62715,0.4565922767449458
62716,0.6994257452769487
62717,0.581734621566076
62718,0.6786803808247551
62719,0.4513812457303876
62720,0.6640618996835176
62721,0.6825769261510116
62722,0.6058447969051888
62723,0.3688793881630084
62724,0.8228951214942128
62725,0.3866911550024823
62726,0.5004400606559302
62727,0.6868006983692642
62728,0.7387272471291766
62729,0.57035509256223
62730,0.7154308114396436
62731,0.6100975409581216
62732,0.6473173359487187
62733,0.43801699975843555
62734,0.7903475863212716
62735,0.6302830460586062
62736,0.8606397646731856
62737,0.6034888447887305
62738,0.4289903602441221
62739,0.5835408652125839
62740,0.6059604670252726
62741,0.5635244851280741
62742,0.6303818578058059
62743,0.6866223918145854
62744,0.7507874065009733
62745,0.4292946968271225
62746,0.8403116929802353
62747,0.7839004712740013
62748,0.5510925030265611
62749,0.5740405255360881
62750,0.5523340249327707
62751,0.7670528293634713
62752,0.643318105769135
62753,0.6195427328197287
62754,0.5323032027863988
62755,0.8314366963688383
62756,0.655269341981239
62757,0.7089363722908836
62758,0.8544349065593528
62759,0.6623969146335775
62760,0.8456964777276239
62761,0.5622935225702496
62762,0.3656420113136845
62763,0.6384860169971804
62764,0.7588237479210366
62765,0.7497160774780721
62766,0.5836789829458934
62767,0.7156029435318908
62768,0.4741116365241315
62769,0.79035823631421
62770,0.6745632708757228
62771,0.7918035334498404
62772,0.8040729351727031
62773,0.7483388556833566
62774,0.7859251579992836
62775,0.6942672494812542
62776,0.5480539023128038
62777,0.5977455965429282
62778,0.5096347590081054
62779,0.3159348264099598
62780,0.7215851662064928
62781,0.6939325619291212
62782,0.7791156633556966
62783,0.46964806686152705
62784,0.48656219812279927
62785,0.6982715342113641
62786,0.620750796172195
62787,0.6343121118672471
62788,0.762850580580443
62789,0.4836006317531772
62790,0.36838713484511865
62791,0.5971135778959784
62792,0.7654643077453084
62793,0.7025368411690698
62794,0.7201682956422406
62795,0.5474297552938269
62796,0.6813951125379929
62797,0.6126770102620703
62798,0.5799247377002621
62799,0.48531875818999176
62800,0.3550928018457331
62801,0.6460085987861054
62802,0.41061920450238554
62803,0.5187872403756718
62804,0.4316538909267367
62805,0.6336242821187645
62806,0.8628980335938466
62807,0.0
62808,0.5308140049365607
62809,0.47937160702930776
62810,0.6652910954167858
62811,0.5961891950100785
62812,0.597977755352439
62813,0.6400728278051758
62814,0.33841326365398294
62815,0.36354235769977855
62816,0.6937897422293386
62817,0.7048955576791766
62818,0.5046629142564812
62819,0.7980868300362122
62820,0.584609439984656
62821,0.7663104473482335
62822,0.3288497330433147
62823,0.5205548727591433
62824,0.41477756663784127
62825,0.8016924787537935
62826,0.6597245086136302
62827,0.5802850403531785
62828,0.49640912403716664
62829,0.47327373433656644
62830,0.40720457158367335
62831,0.6125880053538709
62832,0.6723088620206651
62833,0.5647493667645408
62834,0.494614739188445
62835,0.6552412389773629
62836,0.6349253565642649
62837,0.799310603232334
62838,0.6423361092754492
62839,0.47031127891388785
62840,0.6520550592877493
62841,0.6382757150956899
62842,0.7425653698079256
62843,0.42142356346357684
62844,0.43993849982322963
62845,0.7817578956089734
62846,0.6745964979989028
62847,0.6229330097266078
62848,0.6010682368059798
62849,0.44151264867136075
62850,0.5297521220148111
62851,0.8572442089604437
62852,0.5956844125090256
62853,0.6197525544257735
62854,0.7430026829602162
62855,0.37879527907084515
62856,0.6963704712567597
62857,0.7267879885435254
62858,0.7195152850266373
62859,0.5055850765951053
62860,0.6694753289538697
62861,0.6285464409942881
62862,0.5443667940730709
62863,0.888281894701611
62864,0.7845206172046427
62865,0.7441238973874461
62866,0.5147964963262208
62867,0.8317408180991134
62868,0.5460785594978986
62869,0.7756692547141952
62870,0.4016099886962508
62871,0.5503589543987972
62872,0.506001528314744
62873,0.6887625199210823
62874,0.6764120695718021
62875,0.8492595269928259
62876,0.5990044833813949
62877,0.35001159530223225
62878,0.7152596816318835
62879,0.4215810018360246
62880,0.7461189411226753
62881,0.4970048645437572
62882,0.6598654055019976
62883,0.6032237733439231
62885,0.4273004215954559
62886,0.4519165758275041
62887,0.7546332281846605
62888,0.8362728863132857
62889,0.7836942298435972
62890,0.5300261799061463
62891,0.4447615739922861
62892,0.7105765842256293
62893,0.6607589420888149
62894,0.7619857749664845
62895,0.8678089760254214
62896,0.7383369256779447
62897,0.7715846965095773
62898,0.7453411363167879
62899,0.8042284887271536
62900,0.633621420952511
62901,0.8197218237327816
62902,0.7518427726999334
62903,0.46834549370103645
62904,0.6386964233249728
62905,0.6736180947109962
62906,0.6300902155246116
62907,0.9306014969630437
62908,0.8311679858936153
62909,0.6139974767721811
62950,0.0
63000,0.0
63001,0.418664086001083
63002,0.2738998881218719
63003,0.413617587343771
63004,0.365890859793953
63005,0.39222552782288833
63006,0.254010479360654
63007,0.6404307478764961
63008,0.6975395727963755
63009,0.5086272536640365
63010,0.318522020070413
63011,0.3875453534818975
63012,0.44862765437086355
63013,0.45011736320249396
63014,0.640824836285562
63015,0.7522382224498806
63016,0.7691035252282289
63017,0.632207455488272
63019,0.7055332162296248
63020,0.6153407313960719
63021,0.6075021992560125
63022,0.31558966100220176
63023,0.2956241252271461
63024,0.6204513547215238
63025,0.5258970514265291
63026,0.6598505157905881
63027,0.43684453929703143
63028,0.6219227734453107
63029,0.6259325685183476
63030,0.6000387837380172
63031,0.3781312709131473
63032,0.596580716112992
63033,0.5222462719441839
63034,0.6205221693455781
63035,0.47517412817991467
63036,0.4253822279861959
63037,0.2750162706157082
63038,0.16064633177406615
63039,0.3031471202016946
63040,0.7145848287849383
63041,0.18705051586695523
63042,0.8273112620183888
63043,0.47497216958584937
63044,0.4906076182304889
63045,0.45828406634592733
63046,0.5185840709013778
63047,0.13658264469052986
63048,0.5056263307687464
63049,0.827640757640073
63050,0.2960243904623246
63051,0.38272570021029634
63052,0.3324088636434674
63053,0.4528911361186357
63054,0.42511576990879063
63055,0.0951268699692845
63056,0.4421075310775094
63057,0.8791613175177336
63058,0.38465077751645893
63059,0.808599663382866
63060,0.269921998137867
63061,0.5321338116847679
63062,0.6082766140072027
63063,0.616177764656871
63064,0.22235198281498994
63065,0.13186719742362854
63066,0.6253045643138172
63067,0.2022092589554314
63069,0.5544283298673623
63070,0.7180410015795488
63071,0.7529218495368003
63072,0.6847179812581468
63073,0.39538513812984455
63074,0.4175580904050294
63075,0.7169531783438917
63076,0.48997087638911646
63077,0.24429242525737904
63079,0.6594066717920801
63080,0.5669693486549839
63081,0.5395004879839815
63082,0.6041994236532926
63083,0.7879834780746447
63084,0.49573778361636456
63085,0.2333364924998037
63086,0.19101620880925738
63087,0.5921217248950695
63088,0.671977234376112
63089,0.6715109807503227
63090,0.49631453127704434
63091,0.39117945334705645
63092,0.7525327825388198
63093,0.4824999202679617
63094,0.15862673673590652
63095,0.40134903297895147
63096,0.799754963752883
63097,0.6073659415606857
63098,0.3442033344370233
63099,0.6069187133211216
63100,0.6109035648403841
63101,0.3076251212821695
63102,0.374400185407544
63103,0.5217400539138564
63104,0.3661216181108881
63105,0.4084024593860464
63106,0.824344992919746
63107,0.6721113575584727
63108,0.5639973020594348
63109,0.49257974929924014
63110,0.15577709543382037
63111,0.4204044013939472
63112,0.6343385742531945
63113,0.47771470514446773
63114,0.4346740660292905
63115,0.11622466003194987
63116,0.43982972355172373
63117,0.21729295686367234
63118,0.12191862970368696
63119,0.5787494234115642
63120,0.5460028043946624
63121,0.46877110730059135
63122,0.5252599771392218
63123,0.7518899060552732
63124,0.5038834028446532
63125,0.22519439863387988
63126,0.534199253488583
63128,0.1521922410923712
63129,0.20690325369517448
63130,0.08833758670129045
63131,0.6104905447571564
63132,0.4017762617468046
63134,0.5359943454451642
63135,0.5653472709856948
63136,0.170331588642071
63137,0.3814423109634621
63138,0.1856947971164943
63139,0.27318343511289767
63140,0.7973283218786422
63141,0.8168359054535759
63142,0.3361490246534413
63143,0.5096135872395721
63144,0.3038095255808255
63145,0.47398864279316083
63146,0.6225263512363076
63147,0.33542018370756743
63148,0.5854057695784534
63149,0.8426733339978706
63150,0.8130915583729528
63151,0.24510530344104797
63152,0.1953793509495951
63153,0.21982839747569274
63154,0.793356903259869
63155,0.3819827701181349
63156,0.6661367706559648
63157,0.5334246643306089
63158,0.32290599348226484
63159,0.24048071768456725
63160,0.2923478442286663
63161,0.411060260377599
63162,0.373210795048299
63163,0.04439250652785904
63164,0.6213703169227397
63165,0.73240936705256
63166,0.39393065449704573
63167,0.5640151926508782
63168,0.7340264432148959
63169,0.1663066605898392
63170,0.04429416844155743
63171,0.24286247062606145
63172,0.4338182590505289
63173,0.4009036106386203
63174,0.3482647082108998
63175,0.7261827341740189
63176,0.12993781101198842
63177,0.5160779895442319
63178,0.2879804958466698
63179,0.20991930722213956
63180,0.7776732498359137
63181,0.5225408417851921
63182,0.6114954479784823
63183,0.6774250181888252
63184,0.44876009913708836
63185,0.5820964251553392
63186,0.130462802401442
63187,0.7083712215072265
63188,0.7756316932166877
63189,0.17244491705821596
63190,0.6739464410108642
63191,0.5058886733294712
63192,0.17686233187660982
63193,0.6758785377846251
63194,0.6294268664980808
63195,0.33212277312338784
63196,0.4698222606591919
63197,0.4816573228914598
63198,0.5325872345429125
63199,0.6464322081197064
63200,0.5999648850520743
63201,0.351790497981439
63202,0.5663737636776699
63203,0.801209866344467
63204,0.6553945718676911
63205,0.49737269433447184
63206,0.4538981333875974
63207,0.16702066448989158
63208,0.35245669642458727
63209,0.4280934262461047
63210,0.5828931025810135
63211,0.3502610400676929
63212,0.6561224181547615
63213,0.6292161207797341
63214,0.5068231491793623
63215,0.5795224957030024
63216,0.44385626872094236
63218,0.28755880840124753
63219,0.351933211459274
63220,0.6433220963967085
63221,0.2999592484774494
63222,0.5096828395248253
63223,0.4530301182968115
63224,0.6656853512473331
63225,0.572258222580525
63226,0.7835188292563533
63227,0.7445136321835276
63228,0.15247646781845206
63229,0.7577605609839622
63230,0.5047982032706578
63231,0.5874412518326256
63232,0.48840087552319916
63233,0.2685426449926856
63234,0.5391181948125133
63235,0.5193053932409973
63236,0.5012744060574591
63237,0.13586368304358662
63238,0.17513627612026417
63239,0.7645894474029736
63240,0.5293583477519718
63241,0.5133299829084426
63242,0.4724526446576995
63243,0.6148435699184458
63244,0.5076570117625376
63245,0.626419406605939
63246,0.20549257673614027
63247,0.255763057367774
63248,0.7291067815792126
63249,0.3375380567932025
63250,0.41764316694618947
63251,0.40961131866639705
63252,0.41532488495597425
63253,0.247506760174276
63254,0.8115421281630301
63255,0.3841473852004064
63256,0.35121194551472895
63257,0.2577462743460264
63258,0.28336966448085943
63259,0.6632705048448605
63260,0.7982019363688982
63261,0.38034514563574157
63262,0.5263665165550182
63263,0.7131236164442291
63264,0.18894295431759386
63265,0.1548242745603766
63267,0.6243839524985347
63268,0.3265581849674389
63269,0.4804646004200957
63270,0.4589049317700889
63271,0.14187162103726966
63272,0.6384260250636224
63273,0.8317063281211935
63274,0.15297488193758582
63275,0.32250267200777355
63276,0.20038841793418527
63277,0.6248101852594335
63278,0.644267009605166
63279,0.15139354148991802
63280,0.7733720377018147
63281,0.09859450140474073
63282,0.4534284514535191
63283,0.1011035166020217
63284,0.4713381351939148
63285,0.1812209155854616
63286,0.5189448758348743
63287,0.470430329544164
63288,0.568199460245762
63289,0.0649002385043838
63290,0.7232679159219261
63291,0.30764049324798864
63292,0.2180547351844939
63293,0.10009610512105173
63294,0.5154635944144732
63295,0.6236239606419023
63296,0.7415094566370292
63297,0.7901629708341416
63298,0.8853940038626379
63299,0.6088802453901208
63300,0.7005176381156805
63301,0.520088925669359
63302,0.5430517056122004
63303,0.20950416751508913
63304,0.3152531688173757
63305,0.2358223279499553
63306,0.7905230899207004
63307,0.5155705568726799
63308,0.7436959175413752
63309,0.23645725523412855
63310,0.651639082025052
63311,0.5680679533072485
63312,0.07428067105192719
63313,0.2871396423048998
63314,0.399254646210077
63315,0.5099679283022738
63317,0.6845498532891955
63318,0.7449771698657875
63319,0.35270542436129704
63320,0.12071660891606416
63321,0.2759157051083956
63322,0.5996317106945551
63323,0.3171778461527437
63324,0.34480320090282124
63325,0.8811912564432808
63326,0.25384397212556215
63327,0.5940655806594974
63328,0.5423876904545294
63329,0.4688601244591117
63330,0.48791577209204
63331,0.3619730382976398
63332,0.7186713146079925
63333,0.6579492196241828
63334,0.20430621242013888
63335,0.40524409510924114
63336,0.23018376627962933
63337,0.3791157587569982
63338,0.2591891659901169
63339,0.0937392328966788
63340,0.4080203135891676
63341,0.5862344746665537
63342,0.43973066365826546
63343,0.2364594186062614
63344,0.4932817194304242
63345,0.6971252515760326
63346,0.2639010520720156
63347,0.4807506716832708
63348,0.45265408902329957
63349,0.34278987976956127
63350,0.8277598170899797
63351,0.5131540516682948
63352,0.28636990425584186
63353,0.21990756968520042
63354,0.35395525828601676
63355,0.1471986501383249
63356,0.49107419086311754
63357,0.5222891043934906
63358,0.5280741732998065
63359,0.24551619055670285
63360,0.18617224291228449
63362,0.7423397275229512
63363,0.3047500385766829
63364,0.20238080170953543
63365,0.493385166836666
63366,0.44892600645884134
63367,0.6675459736957793
63368,0.7598660999181343
63369,0.23742230706375986
63370,0.45454838493177113
63371,0.38270956813623797
63372,0.7810140744433376
63373,0.2178089468319384
63374,0.4254148066764228
63375,0.39423214840687254
63376,0.650233130433768
63377,0.22857477615844046
63378,0.7683307506918121
63379,0.4972411718362187
63380,0.2771448166075986
63381,0.5393839699478827
63382,0.38116910932360204
63383,0.21348186863721533
63384,0.23114559654641867
63385,0.0921567534896152
63386,0.13548895129687724
63387,0.609156506106479
63388,0.32353877298693845
63389,0.5130284648461022
63390,0.3859431303885716
63391,0.48875164051635184
63392,0.4101731382355336
63393,0.5323132018627723
63394,0.38107670952563516
63395,0.5078646173060957
63396,0.6916117418274004
63397,0.44170472300611113
63398,0.3884427638425599
63399,0.4895154416473002
63400,0.5990457439813731
63401,0.19733624844129785
63402,0.6058405091102435
63403,0.41084165456653743
63404,0.3213482904747545
63405,0.7026799830253108
63406,0.5617493768298468
63407,0.16024024857132121
63408,0.5050154747630284
63409,0.44827763935177023
63410,0.7103622395384748
63411,0.41501731069978504
63412,0.23315230226796013
63413,0.5719015941611628
63414,0.22715039366615755
63415,0.48406032263325555
63416,0.853039588442957
63417,0.7817932141916385
63418,0.25165072331495114
63419,0.33038314383874456
63420,0.8077402964844184
63421,0.6901844873415337
63422,0.33833965846215835
63423,0.4759344249739663
63424,0.7874500267307187
63425,0.4926314078114206
63426,0.6196905860456413
63427,0.558900717048938
63428,0.15541630962621392
63429,0.6908862116966015
63430,0.18670881794048064
63431,0.49701449204451725
63432,0.46677029781120805
63433,0.446763724970117
63434,0.2571326957475489
63435,0.5073472787609742
63436,0.1791277452870066
63437,0.6176067590081668
63438,0.20491644475980697
63439,0.539606410627476
63440,0.2333609126997308
63441,0.24991170743540847
63442,0.6894318833522913
63443,0.6207070772294451
63444,0.37935733658388665
63445,0.799575639242346
63446,0.4631398865405972
63447,0.2181695873504378
63448,0.352902531110253
63449,0.3164549965836079
63450,0.7478299871297979
63451,0.23085576892035542
63452,0.4004670108124669
63453,0.799359187610546
63454,0.19661278656747727
63455,0.4658020105698027
63456,0.423417545807881
63457,0.42598562146143076
63458,0.44405530430715495
63459,0.6795302106787425
63460,0.12315101757895669
63461,0.28741546729111916
63462,0.12016413729231916
63463,0.6885658377951674
63464,0.5844397702391937
63465,0.3147157875926561
63466,0.5181685147759663
63467,0.21299464205134322
63468,0.8773989872899682
63469,0.750952511622946
63470,0.7506500136526467
63471,0.12361856668070359
63472,0.4627114578537128
63473,0.607496006369742
63610,0.0
63712,0.0
63780,0.0
63969,0.0
63980,0.0
64000,0.0
64001,0.6470795342337453
64002,0.5653277636651551
64003,0.49841409782845636
64004,0.625944584409072
64005,0.5379781629677511
64006,0.10871158309961393
64007,0.19569791156541513
64008,0.14775063393702645
64009,0.7445288977840403
64010,0.12297019553614452
64011,0.27057027878897616
64012,0.220980680896646
64013,0.161599238645665
64014,0.548332547446583
64015,0.19661995928600104
64016,0.18753083784910904
64017,0.2082580626643761
64018,0.1540398931290539
64019,0.6565122210854734
64021,0.3535367825603322
64022,0.48243102639982044
64023,0.4820096998687391
64024,0.5915143418600136
64025,0.3515147023200109
64026,0.16692856287016453
64027,0.6028868831884743
64028,0.37818835422551694
64029,0.1665052489975147
64031,0.7468561612299833
64032,0.6252017183246875
64033,0.671809192233638
64034,0.1791395708394009
64035,0.6985241961162215
64036,0.1874484746171279
64037,0.48778455789051495
64038,0.6491365937353114
64039,0.41794109051956996
64040,0.08184944626972694
64041,0.6720036271313456
64042,0.4190258174375976
64043,0.6011084491170641
64044,0.461097307824835
64045,0.15434770046110532
64046,0.18540499902901164
64047,0.3453812763174939
64048,0.5510342904062905
64049,0.21984670848210194
64050,0.25522447035759344
64051,0.6966256464481496
64052,0.12406522286254164
64053,0.5910894563918182
64054,0.5652338823571575
64056,0.1520375114587653
64057,0.3098235522398192
64058,0.3750242433645436
64059,0.3516540815784844
64060,0.5125411206336233
64061,0.46100236178900067
64062,0.2009041128073775
64063,0.35594486841422707
64064,0.15844869026019975
64065,0.5777397306641435
64066,0.2478656776847337
64067,0.4907640638336024
64068,0.2515723084699098
64069,0.10068703746394887
64070,0.48483329941350645
64071,0.6385105100301013
64072,0.6849583468812677
64073,0.6493165488135572
64074,0.404493550908766
64075,0.6879874700445215
64077,0.5360618101240049
64078,0.45462147421003646
64079,0.13146254275023186
64080,0.4662736857699361
64081,0.20616063835592682
64082,0.7364599896345777
64083,0.3963049714342786
64084,0.15787501551028343
64085,0.10748049342056216
64086,0.5300273077364165
64087,0.4151049101161646
64088,0.4842652757958135
64089,0.47705635098529703
64090,0.06879506046885835
64091,0.6334186883120929
64092,0.3008026515918079
64093,0.2524172530532265
64094,0.5602578560552541
64095,0.5677203066961446
64096,0.45709769284614055
64097,0.4140501225018263
64098,0.16524835196902163
64099,0.6104427660769332
64100,0.6674705918338018
64101,0.5469945464099616
64102,0.6237198184425878
64103,0.597256720012386
64104,0.17161277756261928
64105,0.23228218512072754
64106,0.15091302848320406
64107,0.19946240524175432
64108,0.4819290559775202
64109,0.4756823537099555
64110,0.2955022797803287
64111,0.4045928818535778
64112,0.42177387420919404
64113,0.7409505781714181
64114,0.5870174459812537
64115,0.3104896819974456
64116,0.4460763045977225
64117,0.5905473168292419
64118,0.24626087365149166
64119,0.5613736369728831
64120,0.12069937854708401
64121,0.4837273158791687
64122,0.7232089514564911
64123,0.5301886560008982
64124,0.21879417940299292
64125,0.6675999893273007
64126,0.3841328867010205
64127,0.11689005188346142
64128,0.1999097472617952
64129,0.5683524370922434
64130,0.7279000615856095
64131,0.5489113610861985
64132,0.5483119550541958
64133,0.34809233171035525
64134,0.4657816652119489
64135,0.5582638693361471
64136,0.092230566116288
64137,0.5461393051218065
64138,0.4480140856878297
64139,0.6535852071961253
64140,0.7246770019805847
64141,0.0729467699730299
64142,0.4411627608693065
64143,0.3927858246161073
64144,0.5532993594725506
64145,0.5565760123221456
64146,0.6668317278785109
64147,0.630312139085437
64148,0.4007001155385655
64149,0.60578653877234
64150,0.15572902482407483
64151,0.48515220155269684
64152,0.4723934907373399
64153,0.10677099855053061
64154,0.1684629538180807
64155,0.24688674311371628
64156,0.6414970894876163
64157,0.49230764100525715
64158,0.4322882110630671
64159,0.11534703298659515
64160,0.6064289437856144
64161,0.5379886157302068
64162,0.26029618277453026
64165,0.7072255170472747
64166,0.3606699296333771
64167,0.2737496586493979
64168,0.6718166630070733
64170,0.6236217123270621
64171,0.4795661891494607
64172,0.4809832371273946
64173,0.6995362109392594
64174,0.39421530278696165
64175,0.14389901121100487
64176,0.6925862077798474
64177,0.512690669175367
64178,0.5125379749543724
64179,0.4997407012020287
64180,0.2830721487321692
64181,0.38200785729911163
64182,0.15791143514765527
64183,0.6336950468896378
64184,0.4682695527063881
64185,0.13390035411380038
64186,0.302033676599111
64187,0.24916319383916766
64188,0.2664442234693118
64189,0.7559104513228093
64190,0.1078858785163907
64191,0.4190333679960528
64192,0.12461013926625035
64193,0.15410828573752747
64194,0.41647496801969636
64195,0.13780204353177058
64196,0.1998083989506416
64197,0.6563141574879624
64198,0.40372513361011936
64199,0.42762671850282064
64200,0.41260754836669983
64201,0.4680472574858956
64202,0.19132124295707373
64203,0.5787358153504889
64204,0.1245490937719322
64205,0.7254354351137707
64206,0.18834555628854113
64207,0.4409496317098927
64208,0.5785839919623214
64209,0.4142919736935157
64210,0.13831512070274601
64211,0.6040302032839211
64212,0.3848775560054587
64213,0.6820124820557792
64214,0.24121163495424805
64215,0.47100569901581907
64216,0.35915321784319193
64217,0.1906860628960354
64218,0.24044959979048888
64219,0.5358908131531487
64220,0.43095864945356976
64221,0.22479735533194742
64222,0.2671143389024939
64223,0.14038739024156868
64224,0.21434013531299212
64225,0.20399811541935498
64226,0.5493582480942151
64227,0.5524453835867537
64228,0.5507408957392358
64229,0.19865768612541343
64230,0.5145054564513517
64231,0.27841668438233547
64232,0.17971554048942381
64233,0.23515156335628026
64234,0.47516463156943756
64235,0.1408319419112214
64236,0.112764563353547
64237,0.6024826859329627
64238,0.39552833940174187
64239,0.4677180804059491
64240,0.09364349420469374
64241,0.4432519671051261
64242,0.6077781893952319
64243,0.485615364528209
64244,0.49398520241258687
64245,0.5059007325388456
64246,0.3847523607729717
64247,0.36231126425682914
64249,0.7927260614272678
64250,0.7280506600657984
64251,0.4173188188752784
64252,0.20943343622805607
64253,0.3847414565576946
64254,0.5486141553093394
64255,0.7213002959257868
64256,0.4107805578256218
64257,0.6579453165840601
64258,0.18734297141504777
64259,0.27227325867204816
64260,0.5790095342279123
64261,0.3291262704412488
64262,0.5725490127114123
64263,0.6382852093683177
64264,0.5027709057207514
64265,0.2032472605485897
64266,0.5545780083523251
64267,0.1886790588259816
64268,0.27869374335761643
64269,0.4583037295861753
64270,0.4487051303183048
64271,0.19808516004979548
64272,0.720625892790364
64273,0.2228000128024922
64274,0.2238379724301314
64275,0.22932181872831492
64276,0.17529988197371837
64277,0.5349924719703458
64279,0.3827493498546677
64280,0.2540270678494165
64281,0.5139622915553708
64282,0.6850322357934188
64283,0.18211658277991305
64284,0.5967465590214137
64285,0.16444591376676107
64286,0.5830116789668651
64287,0.6171699265335305
64288,0.5202977887807273
64289,0.6573912937971774
64290,0.4963857922024156
64291,0.7518535359483818
64292,0.5773063662944931
64293,0.33376655011475503
64294,0.6917179682196446
64295,0.5986747426492468
64296,0.615775910874551
64297,0.18930623582591677
64298,0.2568441880108158
64299,0.6309751288443103
64300,0.507268175499587
64301,0.47259073842276006
64302,0.5496874069702994
64303,0.24944155221028277
64304,0.690816196958662
64305,0.47510126437095274
64306,0.5514812375677162
64307,0.11544758204824727
64308,0.2271405971017851
64309,0.5863838841561653
64310,0.19583159291999577
64311,0.225143503989196
64312,0.4859062065530056
64313,0.12880095304799086
64314,0.16785537631976452
64315,0.6501519111503867
64316,0.41831346838794276
64317,0.7994281592013041
64318,0.5730289611862552
64319,0.13289049703774444
64320,0.04903877851419066
64321,0.49116968372611086
64322,0.22599774263381237
64323,0.2119052230942664
64324,0.5648551071458132
64325,0.6515888362073635
64326,0.4746234913485828
64327,0.11693220460208224
64328,0.364374533016744
64329,0.4251864485809647
64330,0.1414012333906669
64331,0.1570654050425225
64332,0.2559709936913268
64334,0.5623296958971684
64335,0.4039460880402282
64336,0.11656234018438771
64337,0.11671415778083132
64338,0.580316931825961
64339,0.42246555802441094
64340,0.2091796132925905
64341,0.47174168729295546
64342,0.1591792689107384
64343,0.36861595882117887
64344,0.42242846404012396
64345,0.15715043000240625
64346,0.5840466271452948
64347,0.627002251481292
64348,0.4979865435671235
64349,0.47129486310753915
64350,0.25615838982245615
64351,0.2531377813132016
64352,0.3692360073037609
64353,0.12541144054185285
64354,0.17921706576978547
64355,0.4186523943924603
64356,0.18098599859061562
64357,0.30909991543649046
64358,0.3822880123859546
64359,0.5150022867547852
64360,0.19814922360397844
64361,0.4412859417482852
64362,0.11253456809669309
64363,0.5255401946970507
64364,0.19181692495542788
64365,0.40882174777413277
64366,0.09669303295038978
64367,0.40022923845261565
64368,0.7023922571825195
64369,0.3162114391432093
64370,0.4413300120195831
64371,0.373458009416687
64372,0.5041807340612711
64373,0.6958568058527721
64374,0.5382165423088942
64375,0.1936272784048766
64376,0.5859968584525214
64377,0.19350566115422443
64378,0.32016026057565816
64379,0.1405257747244457
64380,0.2863752285760406
64381,0.5649297585821325
64382,0.5892960339931447
64383,0.48765653878001486
64385,0.38949150545718175
64386,0.5478130884229598
64387,0.6390922016185547
64388,0.44891815148111647
64389,0.5133431647691614
64390,0.185222263968428
64391,0.3618367246592413
64392,0.37082100244457
64393,0.4471389249914268
64394,0.24833204296388992
64395,0.21440472376840292
64396,0.46299485538995283
64397,0.4907534561053673
64398,0.6722405736165101
64399,0.46631751185633763
64400,0.43301429497417504
64401,0.15238828752246905
64403,0.6135520553139682
64404,0.25693895122322946
64405,0.3331598662277698
64406,0.38257990725747737
64407,0.6137165332289767
64408,0.37712855234283743
64409,0.2730581930061157
64410,0.5767950173872509
64411,0.28007577078364093
64412,0.6580161522953992
64413,0.5990131568465271
64414,0.6708439310212237
64415,0.6442707684989754
64416,0.5455732861979219
64417,0.4934426185220324
64418,0.682380235470822
64419,0.3450006954118423
64420,0.4773289730304188
64421,0.5254784302958421
64422,0.1548710542155163
64423,0.6294458827162848
64424,0.1579524190876258
64425,0.6400615846418023
64426,0.46240940907650585
64427,0.5242062873244014
64428,0.5980476935220796
64429,0.1350694383518471
64430,0.46919005008788384
64431,0.5080771215974459
64432,0.2659782678221754
64433,0.13016214912144605
64434,0.6975694734261816
64435,0.4045931169606248
64436,0.20572156511044995
64437,0.1446305032858052
64438,0.36790259688775134
64439,0.3733259574727435
64440,0.5364127534899613
64441,0.11236272914719925
64442,0.6737403125267517
64443,0.6706938225900445
64444,0.6317735961490664
64445,0.45803695945913914
64446,0.17954897356265279
64447,0.48530088246506686
64448,0.4500148549443658
64449,0.4567472680895141
64450,0.5030898296305694
64451,0.6774728004695852
64452,0.6596544118180093
64453,0.3681740362747421
64454,0.6401063159559587
64455,0.4022568922853625
64456,0.13538704006500032
64457,0.10344692974923238
64458,0.47851243175387986
64459,0.5591567822692673
64460,0.4479513588751008
64461,0.4589310945945801
64462,0.40510043413995733
64463,0.6309419561484527
64464,0.1116625407231019
64465,0.5931866945234134
64466,0.5533691273048456
64467,0.6136687746568505
64468,0.49310531729552465
64469,0.6088326470717459
64470,0.5732862543293914
64471,0.6032313989139604
64472,0.6084077818176016
64473,0.1431795014384519
64474,0.7601371594085119
64475,0.11253604774219238
64476,0.22686572494336263
64477,0.2155995284041525
64478,0.6809947079742195
64479,0.5720430676318268
64480,0.4381518944953567
64481,0.47218546076032597
64482,0.5593825142549885
64483,0.695417690395919
64484,0.237162529584948
64485,0.3630821139182497
64486,0.10116289117414169
64487,0.26630720668361213
64488,0.5634672303489987
64489,0.23054575604555438
64490,0.2216832676490299
64491,0.5947619066213407
64492,0.16499021792991078
64493,0.13299345517422978
64494,0.580137988679572
64495,0.6350433338764453
64496,0.78331240424499
64498,0.4877091105476518
64499,0.42620622183779117
64500,0.4741033843441452
64501,0.47781088300080515
64502,0.8282396110814066
64503,0.19044227378172063
64504,0.5491189399151414
64505,0.5077016289534247
64506,0.20148371665413733
64507,0.5728298394388235
64508,0.5539411218958362
64509,0.2921952360057875
64510,0.5385745720444335
64511,0.47849149844496286
64512,0.5809423642868525
64513,0.3818757187239888
64514,0.591516416620003
64515,0.46669155210826446
64516,0.5344456303515075
64517,0.13871956294879575
64518,0.38283381481541284
64519,0.3876347179353214
64520,0.37178235032286394
64521,0.5195035299792691
64522,0.5246930258067338
64523,0.37617286173880876
64524,0.18865649499888837
64525,0.4928466680330166
64526,0.3674217533764734
64527,0.7236146170134644
64528,0.16555573185397524
64529,0.40174657055733204
64530,0.5782167590210601
64531,0.47943631721928676
64532,0.10696822337758315
64533,0.30009672383203584
64534,0.09030115551045959
64535,0.5133440190092236
64536,0.3773967714537436
64537,0.25262018632813604
64538,0.18385215223217685
64539,0.10626346639685984
64540,0.6713552184480901
64541,0.5110245835108799
64542,0.29274070060484064
64543,0.2965356662522873
64544,0.5897140712966584
64545,0.4925803799139337
64546,0.5825629650035823
64547,0.596940975378887
64548,0.510725545216085
64549,0.5517337689784857
64550,0.6434810928771658
64551,0.41062785779376326
64552,0.12395500228295626
64554,0.6018867683668677
64555,0.5609846049091791
64556,0.551762464464039
64557,0.3415948254502689
64558,0.7585970690773682
64559,0.24859084698380007
64560,0.5962811504161846
64646,0.0
65000,0.0
65001,0.7194997671288134
65002,0.7078829444391705
65003,0.8269422917656485
65004,0.7095058099756867
65005,0.5457149938905183
65006,0.6381669270455399
65007,0.6634011232290489
65009,0.39878529983823857
65010,0.524483674820455
65011,0.8695879564487278
65012,0.7063657702735768
65013,0.3331492030985221
65014,0.6213095400855692
65015,0.5439709062997344
65016,0.7836870561225787
65017,0.7404101253740324
65018,0.5345421412361723
65019,0.7701939057792284
65020,0.8701061442920284
65021,0.6546297675134201
65022,0.728684296242915
65023,0.6794331766117665
65024,0.7685385399242105
65025,0.6559037332785308
65026,0.5591386625953546
65028,0.5941246365502195
65029,0.6833194069965577
65031,0.5650996117378368
65032,0.38947877229134825
65033,0.8857510158723102
65034,0.6464235623918578
65035,0.5052686960789493
65036,0.7371331812279104
65037,0.6984227059946951
65038,0.886312938010322
65039,0.7340821927574025
65040,0.8605984447835878
65041,0.6285392467895797
65042,0.5743579879321271
65043,0.784399257334561
65044,0.7227547287037247
65045,0.7303273044328743
65046,0.7347864417445088
65047,0.5495622558352684
65048,0.6872418314495968
65049,0.18201985287923828
65050,0.7612510310736411
65051,0.40821271177550056
65052,0.7670331081829539
65053,0.6106045771912537
65054,0.3713497370561856
65055,0.6916839954595174
65056,0.683274005355902
65057,0.5557863101029329
65058,0.814160379992098
65059,0.5316863139092878
65060,0.599307695740014
65061,0.31285390427089266
65062,0.5225558317943403
65063,0.7771461105316174
65064,0.7202095774062736
65065,0.6995199620477773
65066,0.6889010064437479
65067,0.7632845181829416
65068,0.4094454482286059
65069,0.412028589793984
65070,0.7401990736837241
65071,0.6509610928041982
65072,0.7037261615244121
65073,0.6247949591507695
65074,0.6356697344272462
65075,0.7303109443148296
65076,0.6606671678809014
65077,0.6901506468031714
65078,0.6676748747332515
65079,0.4035462488176606
65080,0.7357273828169643
65081,0.372599480669703
65082,0.7743106844870673
65083,0.7583226251741242
65084,0.7851530513996131
65085,0.3510505591919019
65086,0.6967341089220813
65087,0.6827311693095642
65088,0.30669759907094646
65089,0.8129687340557643
65090,0.5514833783387507
65091,0.7142564523165794
65092,0.7078653887455807
65093,0.6875847137316397
65094,0.4040207711614266
65095,0.5322470563038616
65096,0.7198101143210693
65097,0.592895071656329
65098,0.7465423517288675
65099,0.713937381516187
65100,0.5117289134270443
65101,0.44173067520834824
65102,0.6290419529597958
65103,0.7028922909982752
65104,0.5612685075224256
65105,0.6343346191460683
65106,0.8336095208478457
65107,0.8753177594727616
65108,0.738422404359838
65109,0.6826429454432401
65110,0.7249353723048669
65111,0.6449802655139647
65112,0.7309641660904674
65113,0.7149494031473455
65114,0.2577531831848002
65115,0.6949228403144542
65116,0.6794059994257878
65117,0.9107021954880351
65118,0.6858263174938796
65119,0.488111330096659
65120,0.5240373540639806
65121,0.6618975241467042
65123,0.4421041125914362
65124,0.8171967109226445
65125,0.46774620324596955
65126,0.5434783506115254
65127,0.4390316237068883
65128,0.6209556043701137
65129,0.5482186154989579
65130,0.2565199660052889
65131,0.7198543947585488
65132,0.43256434211312095
65133,0.690513515409199
65134,0.2999499344847389
65135,0.7187097117524778
65136,0.6823722338259737
65137,0.2642529414063653
65138,0.5132647655309274
65139,0.6558896787470953
65140,0.7310083932302817
65141,0.7534351986605331
65142,0.6918460659485023
65143,0.45863204233901816
65144,0.8704580841699575
65145,0.7233513161639392
65146,0.7021498012093974
65147,0.476886755963743
65148,0.6361071951382039
65149,0.4564451987908025
65150,0.37601495353819453
65151,0.7338023361220821
65153,0.7460808797207134
65154,0.6077277346708392
65155,0.5446699271579997
65156,0.7032816944377752
65157,0.8388421494430781
65158,0.5939674047582878
65159,0.43711250753568187
65160,0.6573912574784926
65161,0.6459083375416274
65162,0.6033773914967421
65163,0.618356521693209
65164,0.7692824770947052
65165,0.6335742670544798
65166,0.6456975536656289
65167,0.6298710668317447
65168,0.9035553484622291
65169,0.6648073080438871
65170,0.33454232877456896
65171,0.7892577260942014
65172,0.850208534188753
65173,0.811251895761619
65174,0.22487476830072248
65175,0.7014928460602906
65176,0.6909282680476744
65177,0.34346990654582193
65178,0.41124187682446683
65179,0.6078686741807522
65180,0.6977395781934607
65181,0.5280622785019916
65182,0.7582243606799146
65183,0.572787874181607
65184,0.6789455186235571
65185,0.4050883085066992
65186,0.6312851769957253
65187,0.6597714630338108
65189,0.7303125415952326
65190,0.6958808904900898
65191,0.7395258192820163
65192,0.738328871782752
65193,0.6270710243176942
65194,0.6808772077687953
65195,0.7852877502223704
65196,0.37939470895664446
65197,0.7974152340421456
65198,0.6921048135239936
65199,0.7558135733321194
65200,0.7921405569846426
65201,0.7531743744284211
65202,0.6956959638382436
65203,0.8917970879686191
65204,0.7405583024870359
65205,0.7673057635178334
65206,0.7288164768270972
65207,0.7016295181884157
65208,0.7988969976601533
65209,0.7364104277467627
65210,0.7853464149943551
65211,0.7772996942418887
65212,0.7579613975226085
65213,0.25056027058380326
65214,0.37645804811748423
65215,0.28566638668593386
65216,0.8049934295108184
65217,0.6872479483297081
65218,0.5850354251095148
65219,0.22379396785941044
65220,0.7596878726305816
65221,0.7760334979469038
65222,0.7716790078430581
65223,0.5865476167187955
65224,0.6504098537363839
65225,0.7444328107580708
65226,0.5208761169007071
65228,0.711273800699748
65229,0.6970408049257254
65230,0.7057663773317198
65231,0.3704968374395757
65232,0.6973760165825311
65233,0.8440547051801278
65234,0.7218784791968305
65235,0.5646097066652955
65236,0.7615945411659447
65237,0.83345598510914
65238,0.8787665419981806
65239,0.6353382717538478
65240,0.18508707849020503
65241,0.6368252380379067
65242,0.6489890592439277
65243,0.20187554241553737
65244,0.71268995067775
65245,0.5188399712786385
65247,0.7931651774776145
65248,0.19685006297803423
65249,0.4339253243650058
65250,0.3589055327057058
65251,0.6664165610237994
65252,0.6470180347061482
65253,0.7023898655014845
65254,0.6597614363002031
65255,0.7319426384056712
65256,0.44126627504648835
65257,0.7177918253054233
65258,0.2722547942673456
65259,0.5147313256994054
65260,0.3621507828567323
65261,0.6704329031665731
65262,0.28132324371517403
65263,0.31164078654394184
65264,0.2504615756069481
65265,0.5152585608517278
65266,0.6536693987757224
65267,0.716247464938124
65268,0.7790702295671279
65269,0.6622994325839288
65270,0.5117670735094882
65271,0.8784553163203593
65272,0.4858881129683237
65273,0.44123487035445225
65274,0.5186666655054163
65275,0.6232690483966895
65276,0.7671343970027419
65277,0.4241673560422903
65278,0.6539536561617276
65279,0.661848719434921
65280,0.827334670354822
65281,0.7791699290597712
65282,0.6576825416196131
65283,0.7761109111284679
65284,0.6037087786485867
65285,0.7131466303867255
65286,0.6339855317337314
65287,0.6832103228505565
65288,0.628245558362368
65289,0.6397501087833621
65290,0.7681823271405562
65291,0.8174258818704855
65292,0.40007687741398906
65293,0.5500793979060491
65294,0.41086787337112507
65295,0.5956634805892667
65296,0.3466213068992674
65297,0.6781574417892879
65298,0.7275724511360303
65299,0.6794088496260905
65300,0.5645860045260863
65301,0.6800398493869974
65302,0.0
65303,0.5114054740586972
65304,0.18388402116805583
65305,0.6618821654633135
65306,0.44303217720234905
65307,0.5240902784679743
65308,0.35795647609715675
65309,0.7167939226886871
65310,0.7932708781345825
65311,0.5881252703228964
65313,0.759119447312884
65314,0.26335231087451255
65315,0.562617893615923
65316,0.6369809982610023
65317,0.7672814091517216
65318,0.5681534036201249
65319,0.40901858872769803
65320,0.7841695975491533
65321,0.7724717272002191
65322,0.44205257790529484
65323,0.6904020861045299
65324,0.4535781571942386
65325,0.5946893439482598
65326,0.6975609688879517
65327,0.40787613975253123
65328,0.8949606731302705
65329,0.7158591212873677
65330,0.31697568791517944
65331,0.5121542008999773
65332,0.7484772894916686
65333,0.49866374672277186
65334,0.7677458904316655
65335,0.7645082342770831
65336,0.40470532610030013
65337,0.7023105100079778
65338,0.7771730394011725
65339,0.7621813697388592
65340,0.7033775538012309
65341,0.713355868960844
65342,0.6676209686533882
65343,0.7606773229503335
65344,0.48504287207080815
65345,0.8919055088521372
65346,0.5174415726637421
65347,0.6982207340672829
65348,0.7895842855237641
65349,0.7767697375578314
65350,0.7270593972027241
65351,0.7956380770547092
65352,0.7461614470267333
65353,0.46018231193763803
65354,0.7535809217942102
65355,0.7653796572668559
65356,0.4473660080029738
65357,0.44060390844155145
65358,0.32975064267509846
65359,0.7228517104242199
65360,0.7617406478136092
65361,0.6869421953545847
65362,0.7130412282923855
65363,0.3804169647518563
65364,0.7529887813480435
65366,0.7938138434053078
65367,0.49214399081111887
65368,0.5594252466424763
65369,0.7118128687839893
65370,0.7779944900093557
65371,0.6923224006627072
65372,0.6526669413862276
65373,0.27812877196503355
65374,0.3716188037452235
65375,0.48121787863521176
65376,0.667692432374007
65377,0.6014482535858565
65378,0.42332559821191246
65379,0.7339981100266919
65380,0.7425192795784467
65381,0.5813504216398612
65382,0.7150879755882197
65383,0.2862468365915932
65384,0.8875072793347233
65385,0.6927916654244942
65386,0.8436954265055961
65387,0.18149990304565092
65388,0.552365010051303
65389,0.3087612641634403
65390,0.6850707305124158
65391,0.7144013387191768
65392,0.5650986047568864
65393,0.7595077549639034
65394,0.3963766017935872
65395,0.6309372133390924
65396,0.6955173798927201
65397,0.634940531170676
65398,0.5942387753487876
65399,0.7952766597003813
65400,0.6810017718857967
65401,0.5725695442452351
65402,0.7211876369680882
65403,0.6991415120297942
65404,0.3137770358499689
65405,0.6461998417769215
65406,0.680761155658487
65407,0.7213798030939741
65408,0.6089611339914649
65409,0.6040126880238346
65410,0.6023638212010934
65411,0.9309354853480641
65412,0.1646024618109216
65413,0.7995938367223082
65414,0.4126771430340925
65415,0.7140369199269494
65416,0.7083824309997809
65417,0.6470483474749896
65418,0.590116874335718
65419,0.546064300329536
65420,0.7225776123287061
65421,0.8831166900933347
65422,0.6158939833656468
65423,0.7134871239719757
65424,0.744108930495844
65425,0.7060660108040265
65426,0.477392409422952
65427,0.6044938035057293
65428,0.7456021481486212
65429,0.20477034635101252
65430,0.702053468295535
65431,0.632860107633601
65432,0.25330302773068986
65433,0.6529420220529077
65435,0.7389930182538972
65436,0.5089018868500431
65437,0.6412582531572634
65438,0.7142199603975726
65439,0.6994737698358026
65440,0.46923155140234796
65441,0.5989496705822019
65442,0.20141883687023124
65443,0.7239404178505734
65444,0.5435415568925323
65445,0.39278453471480385
65446,0.6613249782097134
65447,0.4632816831210566
65448,0.5065349847146156
65449,0.5753597156958881
65450,0.7690225570934756
65451,0.7615165740386036
65452,0.4056265976878127
65453,0.6182565493659444
65454,0.6733882344970518
65455,0.35611769481103545
65456,0.4042339381312318
65457,0.6668237978231485
65458,0.7461857089890774
65459,0.7882388002951709
65460,0.5036648500622173
65461,0.35781567095943695
65462,0.1758131602485017
65463,0.8238723386681421
65464,0.7776760944280864
65465,0.7370952022545713
65466,0.7805621409472207
65467,0.7176683104829326
65468,0.5441191855500302
65469,0.8134125446580884
65470,0.7773577433165718
65471,0.8476375991590969
65472,0.23280438251847446
65473,0.6662877790352634
65474,0.6281993930578619
65475,0.5649614982222033
65476,0.5203125102602922
65477,0.6772332598009547
65478,0.7337738054439757
65479,0.7744017946253398
65481,0.823999962988044
65482,0.3501392181399962
66000,0.0
66001,0.6368480234079533
66002,0.7772922237916333
66003,0.18563116057671222
66004,0.5587448899874176
66005,0.4132329522505183
66006,0.5161329654996615
66007,0.3876995147433617
66008,0.5680057261545098
66009,0.2162741487082013
66010,0.4612230309940038
66011,0.8056403517725078
66012,0.7967090603940837
66013,0.6281637967127822
66014,0.8058673256653925
66015,0.7152761757333929
66016,0.5464933349362747
66017,0.697133203525636
66018,0.5829877807296543
66019,0.35615289407671885
66020,0.6881376099488249
66021,0.8169499022124137
66022,0.3137063507571552
66023,0.3582737420133277
66024,0.5736228018478421
66025,0.3860376430006731
66026,0.7613750503172927
66027,0.3830933451140908
66028,0.7406791598867595
66029,0.542894696221289
66030,0.879034568128175
66032,0.5524412987824422
66033,0.6013711397381419
66034,0.4258877952037022
66035,0.5732700394213457
66036,0.47653118042387516
66037,0.6815526317461079
66038,0.7268941950092582
66039,0.5227610288618005
66040,0.363676357045144
66041,0.8841988720853825
66042,0.4305461248289175
66043,0.3569314391343131
66044,0.6245164470765963
66045,0.5331455265703865
66046,0.495918041021667
66047,0.5595656538868062
66048,0.6713018634035776
66049,0.2527367067116139
66050,0.7888502942058343
66051,0.3875363099814548
66052,0.43724867496230085
66053,0.5823065813641822
66054,0.38696808688887724
66055,0.5985079870115139
66056,0.6936088618567632
66057,0.3239177045542649
66058,0.7571153154257111
66059,0.786640266426622
66060,0.30007867692505263
66061,0.39571005192354486
66062,0.43205083545730805
66063,0.39254864631112474
66064,0.6039481246974034
66065,0.6933046302301372
66066,0.36265458600213446
66067,0.22375351531987872
66068,0.31369940899814514
66069,0.8666115429371235
66070,0.3638417437676226
66071,0.8418506094035031
66072,0.4653565124828967
66073,0.3735500786302497
66074,0.423439769184327
66075,0.41402571194235244
66076,0.5510117125693959
66077,0.5195440345381194
66078,0.35290446187978386
66079,0.33148181381947867
66080,0.4136855006731564
66081,0.6424091436095968
66082,0.5540845721233855
66083,0.4806552498159249
66084,0.7768159300551175
66085,0.28924265904496194
66086,0.350645357222467
66088,0.38698777248601424
66089,0.28794558113415886
66090,0.4331598299409856
66091,0.4180779573202899
66092,0.5457999955997922
66093,0.6575123848833455
66094,0.7273865241622336
66095,0.22679767703816187
66096,0.5348381209541132
66097,0.5064871970021146
66098,0.4960929729396842
66099,0.6296563376102826
66100,0.3999778292611058
66101,0.816982530552666
66102,0.42389828440227334
66103,0.35372410927118403
66104,0.3657047008813194
66105,0.5605057040777018
66106,0.20599526001934954
66107,0.3251450700343201
66108,0.6720356446203647
66109,0.42913828370878965
66111,0.38338848269471515
66112,0.7411722847597327
66113,0.30972306665826016
66114,0.8052075743053994
66115,0.5269690420642908
66116,0.23020951631985986
66117,0.48825932413184964
66118,0.8604383396930705
66119,0.42030870571254636
66120,0.46938840742389815
66121,0.6600933105524533
66122,0.4267228263477543
66123,0.4619413326774145
66124,0.3753815745098869
66125,0.34259051733227436
66126,0.4147978449832859
66127,0.9107469127137277
66128,0.4893423660167917
66129,0.7245863271641539
66130,0.18733418359193846
66132,0.22291231216972396
66133,0.7196883280340702
66134,0.6358832030372853
66136,0.6137232122859736
66137,0.6570255041353038
66138,0.8593061569975275
66139,0.5958125366531234
66140,0.7485604512665627
66141,0.8367315318788662
66142,0.4533989340176066
66143,0.41638965269719813
66144,0.8208716468208043
66145,0.7797071602725261
66146,0.235742502175013
66147,0.4408245752167985
66148,0.6088777716154591
66149,0.3606253953233269
66150,0.1533328951746388
66151,0.6318259368572833
66152,0.4401778179535012
66153,0.5595963612107434
66154,0.6269646703194821
66155,0.42978325415322943
66156,0.559474856846054
66157,0.5974245152494463
66158,0.40963128864699705
66159,0.6186570650869534
66160,0.2895186809435313
66161,0.28636102101937433
66162,0.27694821882490556
66164,0.8075769193459207
66165,0.3560136952475248
66166,0.296036699446327
66167,0.4005198889893517
66168,0.6940912557103882
66169,0.5596937901359996
66170,0.8097784811379402
66171,0.6543559429721347
66172,0.7390706689598824
66173,0.7465662841837456
66174,0.7195970596312319
66175,0.6754196688590698
66176,0.7529006745251366
66177,0.78398843637015
66178,0.4978884468997015
66179,0.23825730715264748
66180,0.685792823346468
66181,0.42990386778411804
66182,0.7745184089659816
66183,0.4504353787515236
66184,0.5588319981845601
66185,0.40164837428585676
66186,0.7980908316585368
66187,0.31273761702920494
66188,0.4144616131421243
66189,0.7897375921841778
66190,0.7522502175648554
66191,0.5950755914049254
66192,0.4502373219839302
66193,0.329508321800474
66194,0.34445033534421077
66195,0.6756310947125407
66196,0.5228351158686594
66197,0.4536753035079628
66198,0.5506901434272292
66199,0.3862464339134148
66201,0.390996606154782
66202,0.5665163412654309
66203,0.5982785043336377
66204,0.2648259269896485
66205,0.8436849814787842
66206,0.3131920213948208
66207,0.8074010757066182
66208,0.8209515169853817
66209,0.438040239042808
66210,0.6667856475171984
66211,0.7090390338814095
66212,0.7336929796029731
66213,0.7340968646137548
66214,0.6431845870882437
66215,0.507346489929891
66216,0.5664292433096629
66217,0.7658254083558097
66218,0.44972256609303135
66219,0.6297124165557024
66220,0.5103780525103939
66221,0.6398051900348237
66222,0.16969873129405869
66223,0.3514970926288831
66224,0.8316036855787724
66225,0.6868677634429526
66226,0.7845178321571602
66227,0.7925165846879788
66228,0.810957679246736
66230,0.24488176590982402
66231,0.882204140226826
66232,0.5314977108852699
66233,0.5972222150006326
66234,0.5890590048525837
66240,0.0
66247,0.0
66253,0.0
66273,0.0
66420,0.0
67000,0.0
67001,0.8951440650303016
67002,0.44303770262494296
67003,0.5303268464102384
67004,0.3542973180505509
67005,0.5255481202549256
67006,0.479773673879838
67008,0.8122865146664685
67009,0.4460749722565113
67010,0.3788600996847859
67011,0.6456631265934251
67012,0.44250356698802706
67013,0.5737135454424617
67016,0.8850794278603331
67017,0.6296334775565288
67018,0.6177918230994661
67019,0.6917687509238455
67020,0.36062363135241887
67021,0.3023353813856316
67022,0.5318105653668567
67023,0.6448761248865412
67025,0.3605818468362052
67026,0.23903739503952925
67027,0.3229983174218542
67028,0.6623186754552345
67029,0.509048274717231
67030,0.7828235974726474
67031,0.592337994518047
67032,0.5688751372745405
67033,0.7828558441839948
67034,0.8694498525446169
67035,0.671405061540746
67036,0.5353240572735419
67037,0.5692822612814848
67038,0.9121719410001603
67039,0.8379808661352094
67040,0.6159311471363161
67043,0.9241242817060674
67044,0.4360092140571296
67045,0.725264823561501
67046,0.5488183444596484
67047,0.41310963786485194
67048,0.4626841955502477
67049,0.8683839201309954
67050,0.21647764188754856
67051,0.5992197619981449
67052,0.46038888355443525
67053,0.6760881674567187
67054,0.8123747373847364
67055,0.5513280058199185
67056,0.6490540391480611
67057,0.346003701439843
67058,0.5827864317606879
67059,0.4257916501975835
67060,0.6559515209587897
67061,0.24370706436761636
67062,0.5427277062160312
67063,0.4901965381151759
67065,0.9142601455599411
67066,0.08988110104210788
67067,0.7478553594806975
67068,0.47978115877537003
67069,0.4508703802185159
67070,0.5240042250430424
67071,0.6340668079712088
67072,0.46369869022138405
67073,0.43146290586255337
67074,0.5159418005315614
67075,0.5643497419541029
67076,0.16287659781545452
67077,0.4317634689439156
67078,0.5402547994379233
67079,0.4367219419123271
67080,0.8419501508793008
67081,0.8651726874883297
67082,0.3256396576635425
67083,0.22243892100988313
67084,0.41017940367198547
67085,0.7928914059356256
67086,0.8306880393825508
67087,0.4828862859426555
67088,0.5077222610005401
67089,0.28175292772412247
67090,0.635910873757324
67091,0.6805936772530682
67092,0.5275786196089112
67093,0.5554040863531652
67094,0.5369380504300961
67095,0.5011359216615837
67096,0.3783187343059127
67097,0.8946016724405835
67098,0.6132320458020919
67099,0.4650342225636144
67100,0.8653009089293485
67101,0.8096890686562569
67102,0.9533329230772413
67103,0.3118181858505043
67104,0.5423276210134501
67105,0.49906265325326454
67106,0.46961725981178803
67107,0.7310072800338152
67108,0.8878965886494042
67109,0.8883113769834994
67110,0.5974878970731706
67111,0.4846554199083475
67112,0.859157723221797
67113,0.34044555411064725
67115,0.5520090696198557
67116,0.5414525872042578
67117,0.3592865538743102
67118,0.9328932253952796
67119,0.8783572210871862
67120,0.43413183170086017
67121,0.7263295818806617
67122,0.4096828954257478
67123,0.4604317790151386
67124,0.897631762457816
67125,0.349193173757504
67126,0.41731489155533463
67127,0.8479845642360525
67128,0.8681956125394114
67129,0.4197021381990848
67130,0.8388523701629375
67131,0.943977028605941
67132,0.6015811495919317
67133,0.3833134852848719
67134,0.5656791062813283
67135,0.49197680926569926
67136,0.5284363259472914
67137,0.9638432634123895
67138,0.942169787810523
67139,0.6023416130238873
67140,0.37203492215891076
67141,0.5647523689960955
67142,0.31632338648850594
67143,0.5047254242244041
67144,0.2500671770662469
67145,0.6984282143227785
67146,0.5845526227821424
67147,0.5731537204000191
67148,0.5998804902939247
67149,0.41251815554945526
67150,0.8854344254941657
67151,0.8074510851424509
67152,0.8918070977665987
67153,0.3376884986934428
67154,0.7444386851264686
67155,0.573411712609861
67156,0.8169930743960757
67159,0.8830195184831343
67160,0.587010295591528
67161,0.4538375566392417
67162,0.3072710981445115
67163,0.8865924346325306
67164,0.6320644663453091
67165,0.2804596154799771
67166,0.5270357283785504
67167,0.3156030734320722
67168,0.5957505126664512
67169,0.830870091100835
67172,0.7541545685783663
67173,0.9035202681145161
67174,0.41861964039396377
67176,0.49177278046367556
67177,0.5530925151869891
67178,0.5397413477550532
67179,0.46358514179501215
67180,0.39275646477988496
67181,0.9054594225344701
67182,0.8929675417857356
67183,0.3287213929013667
67184,0.3434931958409196
67185,0.32548942791077046
67186,0.6243741175110273
67187,0.7022034461832787
67188,0.6070000683952771
67189,0.4479317845943907
67190,0.46990876986577285
67191,0.4142725511813647
67192,0.7614719070662418
67194,0.7078459686097985
67195,0.6414864324445704
67196,0.5191223418575569
67197,0.8979845605518509
67198,0.5628524604445327
67199,0.3972226126613363
67200,0.961402460265366
67201,0.595992388955536
67202,0.5973585464909794
67203,0.6033744026927592
67204,0.9266386261522038
67205,0.8217110300875548
67206,0.4621351003729081
67208,0.7346711051521074
67209,0.8591231310320532
67210,0.6063431082293137
67212,0.9004236254739392
67213,0.528783354043815
67214,0.9075649376435299
67215,0.5312976943328013
67216,0.5258951748180327
67217,0.9694184411984331
67218,0.9191665815348471
67220,0.5819397866852939
67221,0.48365333471397465
67222,0.2964821526238078
67223,0.8114958009263317
67225,0.47216484385215507
67226,0.9054523101296802
67227,0.5577375293746838
67228,0.9211799292397685
67229,0.45083407965647576
67230,0.7323570117246554
67231,0.372180253159112
67232,0.5803133506541095
67233,0.7269194517461345
67234,0.4527142448176125
67235,0.35147440392265383
67236,0.9610411647325524
67237,0.8476591928837308
67238,0.48563032268763906
67239,0.5824780284268861
67240,0.8681658464532224
67241,0.7285402570766091
67242,0.4318583128459919
67244,0.4658670777318729
67245,0.5681788664169457
67246,0.48812563844905005
67247,0.8789028826566126
67248,0.762286770152261
67249,0.8133980309716738
67250,0.8089840086689092
67252,0.8964150200532089
67253,0.90281676608229
67254,0.4854470002922109
67255,0.4686561170866781
67256,0.8989074791927033
67257,0.5508461141173746
67258,0.7538524159504746
67259,0.5207426655994819
67260,0.5983043995846927
67261,0.4317978374252231
67263,0.481134525667316
67264,0.39224673694838047
67265,0.3334277348352687
67266,0.8999919355081607
67267,0.9388362953885401
67268,0.924238503741921
67269,0.6302252097235073
67270,0.43529298955736645
67271,0.5639574238569285
67272,0.3950838728972877
67273,0.5272251024093217
67274,0.5152205161719928
67275,0.32441497689080245
67276,0.23717729618856698
67277,0.6889670968418201
67278,0.41687883367339795
67279,0.6689094558476292
67280,0.4780851173873284
67281,0.6021948848537056
67282,0.8436108618461468
67283,0.3411123870484814
67285,0.7448788342328152
67286,0.7099134083243205
67287,0.4131466073389398
67288,0.5314699426125741
67289,0.3962673047136698
67290,0.4929002595559508
67291,0.5484489019380063
67292,0.463974540261695
67293,0.5579686104874597
67295,0.46328168609612796
67296,0.9419976353431002
67298,0.8747720695309965
67299,0.5845159514875132
67300,0.680794988206583
67301,0.6745313153228126
67302,0.3911601981104642
67303,0.5701126552739466
67304,0.5811127298360378
67305,0.3287811915465102
67306,0.4802594065926041
67307,0.4665280417415804
67308,0.3266539591063588
67309,0.9098657200145733
67310,0.6508432762385058
67311,0.671971482880069
67312,0.6526449657152457
67313,0.7469724495890725
67314,0.34291921689595606
67315,0.3597334094161389
67317,0.5754169743615987
67319,0.4767380965119667
67320,0.4824309070154371
67321,0.3427110825557144
67322,0.26594347577347116
67324,0.3040461167705269
67325,0.5663113905892326
67326,0.9424027811925911
67327,0.40320593858731085
67328,0.44446774492868685
67329,0.6550427788162826
67330,0.3470659356284336
67331,0.6666099691660161
67333,0.3821113535048015
67334,0.6071418610363043
67335,0.8961087055015469
67336,0.9480428191903244
67337,0.5498415283326763
67338,0.8223875952305052
67339,0.3645221478008753
67340,0.3336374865511396
67341,0.6030724512523461
67342,0.30755699686409943
67343,0.9022083804114448
67344,0.6387043341460089
67345,0.5296276107048951
67346,0.4422789961704329
67347,0.3937955053595141
67348,0.4858817358161199
67349,0.5036068405296164
67350,0.8965439678024979
67351,0.4151567581306817
67352,0.3445039514844987
67353,0.23840310356491182
67354,0.8601559839388787
67355,0.4537216400721494
67356,0.7904509938604339
67358,0.3669077074243674
67359,0.6436417429107463
67360,0.6936142123977809
67361,0.8678892967989045
67362,0.6349115444055237
67363,0.8987302692650477
67364,0.8449340456558975
67365,0.9481027015995842
67366,0.3912398318144274
67367,0.40263290971185944
67368,0.4131207882544013
67369,0.6176294018462821
67370,0.45924846441109074
67371,0.43826633420038413
67372,0.4382902223009246
67373,0.4467903953171217
67375,0.9342738372648886
67377,0.0815623164304315
67378,0.9247100487245642
67379,0.57329990048699
67380,0.32618680190953153
67381,0.5602272577512484
67382,0.8998573263137465
67383,0.7279942012271653
67384,0.15151552127329176
67385,0.5023474179273547
67386,0.6446334834103233
67387,0.589654662725725
67388,0.4524278782223125
67389,0.9077630316361072
67391,0.5331859589882232
67392,0.30695665496356517
67394,0.5512913843116437
67395,0.3848248943329411
67396,0.4085692277226754
67397,0.34948277116151055
67398,0.671035475981927
67400,0.5456282488980105
67401,0.5517223593650186
67403,0.4801604256243344
67404,0.40514183422814826
67405,0.3038311322545159
67406,0.8695993354046395
67407,0.5694054961782107
67408,0.42300148411676247
67409,0.45463059716715337
67410,0.7891903781636485
67411,0.44216334755775466
67412,0.5349176770667544
67413,0.4642553312787772
67414,0.12901503378960646
67415,0.3506725977176077
67416,0.7351671346320684
67417,0.8139089794205283
67418,0.3193797978525755
67420,0.4102776181012213
67421,0.4448977227255728
67422,0.6285299858861592
67423,0.7130367460938093
67424,0.18263154679499163
67425,0.3715489034337726
67426,0.5201174187991958
67427,0.5412025489060969
67428,0.5640158446644558
67429,0.4456085020952085
67430,0.49782445203905185
67432,0.5199006111466726
67433,0.7464328556824215
67434,0.47710856396704965
67435,0.5134954245057765
67436,0.47445476167717143
67437,0.3129553224221077
67438,0.8503416525508832
67440,0.35088848536835154
67441,0.4793148931802976
67442,0.889349901850547
67443,0.46405547723117185
67444,0.5631499251714597
67445,0.47183330264453477
67446,0.41464724637035494
67447,0.92543123459628
67448,0.13987551719595
67449,0.39247747535474575
67450,0.4137058926958685
67451,0.4636745864630343
67452,0.9326134325017178
67453,0.6604628707555373
67454,0.610293518817706
67455,0.5386134274201243
67456,0.44630774839530263
67458,0.6290638764863118
67459,0.3819199278418502
67460,0.5633097661811036
67461,0.6935979185770784
67462,0.4322504227435593
67463,0.2794368191108741
67464,0.5555469273200077
67465,0.30006331258353525
67466,0.44695158578965216
67467,0.5475270946014804
67468,0.5052868228357332
67470,0.2129715961593505
67471,0.9366592840537559
67472,0.31038260756576214
67473,0.862598939330685
67474,0.46502777713485915
67475,0.41730474484387153
67476,0.31630949599147123
67477,0.47700387453996557
67478,0.317959382216202
67479,0.647689072626357
67480,0.5773875348871234
67481,0.3786590013414635
67482,0.7822152806778853
67483,0.5292611970635797
67484,0.45384662542139137
67485,0.8828869144261319
67486,0.5825909650772697
67487,0.46334927061233255
67488,0.4710334521388475
67489,0.38416680211465243
67490,0.52564982334258
67491,0.5058573981939306
67492,0.8327196695553821
67493,0.5186261940930256
67494,0.4258924138133218
67495,0.8979243620680545
67497,0.7029473929212869
67498,0.4385651711828668
67499,0.4631085193699203
67500,0.4554514008722242
67501,0.7734757240573957
67502,0.48371318271754676
67503,0.41924320174654395
67504,0.6331883656701572
67505,0.6501555230282521
67506,0.8987238316183475
67507,0.47630692552321846
67508,0.4124106628458661
67509,0.4924746230784176
67510,0.6495856914135226
67511,0.5750581873533928
67513,0.23651962119404388
67514,0.5004318315064259
67515,0.3850749977578274
67516,0.7340197762215402
67517,0.7673216745905522
67519,0.8603711829366995
67520,0.6105433277805061
67521,0.3973691469699345
67522,0.551417920593907
67523,0.8089241104163073
67524,0.40826631277458475
67525,0.5762517410715167
67526,0.7302106716406933
67527,0.4776760906905156
67528,0.5505023034763586
67529,0.8202088713272399
67530,0.4164662092465341
67531,0.28001808049454113
67532,0.8173573670813306
67534,0.37539073638934456
67535,0.3120557409748104
67536,0.5363977265781233
67537,0.5634113025282891
67538,0.35665527340952835
67539,0.7109289307982234
67540,0.6872416954265387
67541,0.340699043540268
67542,0.8759892297445134
67543,0.21197457981450815
67544,0.6263942181250692
67545,0.6253809123496167
67546,0.5472342523809456
67547,0.6049406613989864
67548,0.9040169099722625
67550,0.5813462954850646
67551,0.9033382526667596
67552,0.5637084495034231
67553,0.49636891433431457
67554,0.8505260985810917
67555,0.5863674598860676
67556,0.7800260539788636
67557,0.6222880782767519
67558,0.37234374665807213
67559,0.532087046665478
67750,0.0
68000,0.0
68001,0.6555526603901095
68002,0.6228548117844444
68004,0.5887980427492723
68005,0.5587511687573435
68006,0.5037428657466075
68007,0.49848643382572666
68008,0.6606459569118197
68009,0.7407223063165422
68010,0.6931835514402276
68011,0.5094978383869909
68012,0.5519887925658225
68013,0.5615200408732152
68014,0.6259479100302613
68015,0.6689926419033934
68016,0.694515296829422
68017,0.6077175444499604
68018,0.4916150838091424
68019,0.6913713847414785
68020,0.8013058338368091
68021,0.6304516549230071
68022,0.6398501413344285
68023,0.6356011904049869
68024,0.4155439787986925
68025,0.5390210222927941
68026,0.6348763272175266
68027,0.7010457393668169
68028,0.5624269860702694
68029,0.5851005608311233
68030,0.5237654584165524
68032,0.6248704614812169
68033,0.6453174381124115
68034,0.5656560361822881
68035,0.5582757107769671
68036,0.5970226879862821
68037,0.4286685213826233
68038,0.5963330416339999
68039,0.35175809088152715
68040,0.4017888717058135
68041,0.7002755749322523
68042,0.5969594728350084
68043,0.6196600690225846
68044,0.49003789068281717
68045,0.5471431148673308
68046,0.40654471748002236
68049,0.6204611424294094
68050,0.4209814417016238
68051,0.3652983689321962
68052,0.4095706955310046
68054,0.6964925946290187
68055,0.7756318229523386
68056,0.5911416675144071
68057,0.695643453875452
68058,0.48265316720246815
68059,0.5252039040347812
68060,0.4761612693182798
68061,0.5489182136454686
68062,0.5839787376512999
68063,0.5404975395083825
68064,0.7919234499504487
68065,0.6752383555385831
68066,0.47386254323843624
68067,0.5436187883305794
68068,0.6187906664292595
68069,0.5953621563190206
68071,0.48182527637347033
68072,0.7314228170810089
68073,0.5853897181874145
68074,0.42064325952934495
68075,0.5826303094111894
68076,0.6719571554300198
68077,0.6908690914273324
68078,0.49302498325540095
68079,0.6647602641365341
68080,0.7914813849318519
68081,0.7054409404937324
68082,0.5315800180433055
68083,0.5474150641825851
68084,0.7709344041807769
68085,0.4100799351559051
68086,0.48072456927221907
68087,0.39333625464353966
68088,0.6742439034777558
68089,0.18884183825420434
68090,0.7466739446678506
68091,0.6903552996735579
68092,0.5807682957099441
68093,0.7904449688338312
68094,0.5637097004596894
68095,0.6886715377828385
68096,0.7435870349240209
68097,0.5732364426315731
68098,0.4348610437173237
68099,0.7245588637690842
68100,0.5716625380975299
68101,0.5273894505329224
68102,0.3544531430084262
68103,0.7623888792894958
68104,0.6160200646191655
68105,0.508326247920959
68106,0.44836825113060536
68107,0.6861585502293849
68109,0.5786216877588753
68110,0.7047682119495399
68111,0.5233521188898699
68112,0.47380034996091647
68113,0.5606773533473407
68114,0.6296240286321767
68115,0.5233883539069244
68116,0.5359932685909843
68117,0.5671910088012447
68118,0.700437103538767
68119,0.6551779097280678
68120,0.5546359644953269
68121,0.5650214212712622
68122,0.6286848040689579
68123,0.5477425465941219
68124,0.7737396641996762
68125,0.46279626002539076
68126,0.5713375749171187
68127,0.7230547526187885
68128,0.4387729741592515
68129,0.5294680360115417
68130,0.5667973309706298
68131,0.8172919446763528
68132,0.7351434249757736
68134,0.469282248344282
68135,0.5712772368647088
68136,0.6679357601438856
68137,0.4760724701206551
68138,0.5815859747634755
68139,0.5064218713846315
68140,0.5466495298904298
68141,0.6277284006464998
68142,0.5845787626014833
68143,0.5518493297999045
68144,0.7619349812761778
68145,0.5096654803864524
68146,0.7203835142050478
68147,0.7730985336070688
68148,0.7457000521606235
68149,0.711868111931128
68150,0.6436313575771101
68151,0.3236167857782078
68152,0.7007298016305592
68153,0.5611736335434981
68154,0.6795441145749073
68155,0.6483218201225686
68156,0.6209456054985383
68157,0.7033492242585294
68158,0.7387275647222759
68159,0.5776253300512972
68160,0.7061790744292219
68161,0.7160253840331342
68162,0.45634359013130715
68163,0.6090608642226668
68165,0.4612253038069265
68166,0.6618172892962697
68167,0.5671378946443624
68168,0.6019421720414354
68169,0.46601344030204944
68170,0.7695080538483589
68171,0.3101175360845525
68172,0.6223044764597706
68173,0.508774134506619
68174,0.7994200515475489
68175,0.5288325273752438
68176,0.3603331320268554
68177,0.4818335692575994
68178,0.37889936715546074
68179,0.5128895263533709
68180,0.5704450489976517
68181,0.5627169412821221
68182,0.5512615977288683
68183,0.5745173311192079
68184,0.556395710763376
68185,0.735539817650527
68186,0.5260480845684176
68187,0.5767908327359561
68188,0.3732676760499463
68189,0.471204214445009
68190,0.5901298575041402
68191,0.7964968098496397
68192,0.6434779272056655
68193,0.4645727541651226
68194,0.50660354605803
68195,0.6548128719099355
68196,0.655026937961744
68197,0.7658383446366722
68198,0.7757011072372206
68199,0.38097689070327
68200,0.611402819412837
68201,0.4642902816844268
68202,0.5784762582486835
68203,0.5697156973970442
68204,0.16391990364335932
68205,0.5380082694706811
68207,0.6441560222737853
68208,0.5884771625103231
68209,0.6171778957854075
68210,0.26536496233495876
68211,0.35389939020405986
68212,0.42214336962982535
68213,0.2989430100659331
68214,0.7412124488911488
68215,0.661309627055882
68216,0.3752485403732302
68217,0.3100477322555955
68218,0.6620606322034758
68219,0.3496929209000991
68221,0.5678074639520783
68222,0.5611881676469787
68223,0.28644388247972685
68224,0.5954935439346926
68225,0.5851914076548921
68226,0.5189819840727345
68227,0.7011552883227862
68228,0.49523798283995707
68229,0.48310887144633613
68230,0.6103259214457317
68231,0.7465936246506245
68232,0.6274188630653277
68234,0.4410316889627199
68235,0.441556416601354
68237,0.6815396207324133
68238,0.7635630774503883
68239,0.5394467633030673
68240,0.6469377880383487
68241,0.47804700235455216
68242,0.3923557533699025
68243,0.6254377261741909
68244,0.6056238764784311
68245,0.802864277576164
68246,0.5588966299154983
68247,0.25895578838208705
68248,0.5650440260818452
68249,0.41265225271803824
68250,0.5002541865317305
68251,0.609879363315834
68252,0.6255140374742963
68253,0.7464227129718353
68254,0.7685782468681212
68255,0.4857981262963266
68256,0.6480962918274392
68257,0.4655184702068529
68258,0.6762891395891786
68259,0.5147812768382297
68260,0.6639477006202107
68261,0.4762679759769317
68262,0.29487258999774074
68263,0.6632302441378707
68264,0.6780823161083728
68265,0.7757687122233534
68266,0.5377006695221573
68267,0.549341324012132
68268,0.6346516873417954
68269,0.4809905303565494
68270,0.6531176247957308
68271,0.6964702706033008
68273,0.4788890786521593
68274,0.4875867616877072
68275,0.3442710954773454
68276,0.5401868874383495
68277,0.6441916266170024
68278,0.5730881756092412
68279,0.6070947788188261
68280,0.6175745913695847
68281,0.7651387094223355
68282,0.637852784719316
68283,0.5332945157603918
68284,0.5661489683151982
68285,0.6367127538376458
68286,0.6295153084105612
68287,0.38243197405363616
68288,0.4505793517913454
68289,0.6483344589176004
68290,0.6697275628307214
68291,0.8003283521920732
68292,0.31839233183274085
68293,0.43326711669425694
68294,0.5419372847961653
68295,0.40789118171295086
68296,0.6319705036689928
68297,0.6197442397604228
68298,0.525462351121543
68299,0.6202553559165351
68300,0.6782951299387626
68301,0.7142728480535653
68302,0.5527433209122675
68303,0.7816535879916645
68304,0.5184672716189974
68305,0.3457468139841405
68306,0.34667763485118885
68307,0.5003893347889867
68308,0.5036861346011822
68309,0.6404243897682761
68311,0.2906244610406436
68312,0.5692001928311178
68313,0.45607818053756394
68315,0.49470850493016155
68316,0.5838174436426838
68317,0.34814147464647616
68318,0.4354600827135087
68320,0.6821648831613807
68321,0.6434497845492673
68322,0.5648483707221182
68323,0.801338602442423
68324,0.7936358654809227
68325,0.6177886587176867
68326,0.449189791260951
68327,0.7354450867958096
68328,0.26209862363452185
68329,0.22899468264892944
68330,0.6453913715846498
68331,0.46592633177101545
68332,0.7175440974446285
68333,0.8042699955589137
68334,0.4770403536311563
68335,0.7960680718942004
68336,0.6280720614292518
68337,0.6194054281155399
68338,0.5765606717251256
68340,0.3470903480230551
68341,0.6928565054362229
68342,0.5718965718490021
68343,0.6740185787453811
68344,0.22615292559899722
68345,0.674720137067753
68347,0.7069604615131378
68348,0.5829814232616793
68349,0.5864489185202583
68350,0.5754730161778383
68351,0.5627398756592038
68352,0.6138434793943025
68353,0.7838857087071167
68354,0.6018655576247077
68355,0.5468090106355782
68356,0.7184844060940251
68357,0.7426836504098365
68358,0.4813568381886262
68359,0.5692896243070114
68360,0.649573120925969
68361,0.4572988475116187
68362,0.5559998994815222
68363,0.5671003329052576
68364,0.5065024652059692
68365,0.5333064939621662
68366,0.5597756325409944
68367,0.6298974082501748
68368,0.5758602912922205
68370,0.36977770727825293
68371,0.7065471576377859
68372,0.40059399142920954
68373,0.43609113469301936
68374,0.5174470338544088
68375,0.47712760394314385
68376,0.7007381591890494
68377,0.6699505632049698
68378,0.6559900071886775
68379,0.5959101407121749
68380,0.5689002936621439
68381,0.6101537301976108
68382,0.7697834483847082
68383,0.6525421981884846
68384,0.7738224923371041
68385,0.5905211388109785
68386,0.7860445096285721
68390,0.0
68500,0.0
68590,0.0
68790,0.0
69001,0.4399412963529927
69002,0.13821592933435256
69003,0.7050132061780735
69004,0.6720860827971696
69005,0.6973548614868476
69006,0.3566274180500209
69007,0.5275242751943833
69008,0.3556067055304078
69009,0.5872523566970892
69010,0.5934405750433139
69012,0.42433795904724886
69013,0.635681581124559
69014,0.3469608890098718
69016,0.15955725050731426
69017,0.5959440676546391
69018,0.6325544328377202
69019,0.49158399348687104
69020,0.6461794982556944
69021,0.6043737193976556
69022,0.6357323977775283
69023,0.69840232832664
69024,0.6180314898552965
69026,0.5616377554909322
69027,0.6388139438421545
69028,0.6814851290152394
69029,0.8627845848946701
69030,0.34513531702840683
69031,0.4681860906192585
69032,0.5949924385743691
69033,0.6877655359521411
69034,0.7664546674899763
69035,0.8135871026380465
69036,0.6588609208187068
69037,0.7010794223264232
69038,0.44537729836689904
69039,0.7162635601796064
69040,0.7827581914096213
69042,0.3938504979059884
69043,0.6818783290930645
69044,0.7217918236946211
69045,0.5899945791273263
69046,0.7067755803625088
69047,0.6621483575222541
69049,0.6639934202969388
69050,0.582360372140993
69051,0.7412270663781607
69052,0.5939754704002399
69053,0.7555919965718091
69054,0.26134509866088906
69055,0.6418011718437616
69056,0.6039017152161583
69057,0.6804514454067302
69058,0.7472833082033077
69059,0.6249940099819744
69060,0.4489478800835873
69061,0.6703529396709239
69062,0.9406711487309898
69063,0.708725948521904
69064,0.581870885571549
69065,0.6858943352792121
69066,0.32545706757891874
69067,0.7286764371028213
69068,0.7497497461702117
69069,0.7183981849545852
69070,0.45262513878493205
69071,0.7062365918370398
69072,0.6714832549370585
69074,0.6972428328569489
69075,0.5737331130291691
69076,0.637759553519527
69077,0.7157206151444117
69078,0.4713484987590834
69080,0.5652022220561879
69081,0.6850705933754382
69082,0.8611027886060452
69083,0.6187688599918867
69084,0.6244306476317673
69085,0.704221102089127
69086,0.6254775710227082
69087,0.7487809112735057
69088,0.7402372318408892
69089,0.7696306803823113
69090,0.6123083557840928
69091,0.6877125119650467
69092,0.6282453687835268
69093,0.4837992157264382
69094,0.6742351987091921
69095,0.42850870302056476
69096,0.6500588970357234
69097,0.5955181585205922
69098,0.4373459090769944
69099,0.3987916949269407
69100,0.7183983839480635
69102,0.37968948878347125
69103,0.8394495686067308
69104,0.8682548528345725
69105,0.6831359432996097
69106,0.5527164614274732
69107,0.6881246278206133
69108,0.6784116427566335
69109,0.7036365216654549
69110,0.9114231640941971
69111,0.6686534138333408
69112,0.6088747448338087
69113,0.6834904504789723
69115,0.7115590827297229
69116,0.659091076521081
69117,0.6578684500856976
69118,0.5463192936737173
69119,0.575259288729714
69120,0.4973027231804163
69121,0.611289365902813
69122,0.6581627576729269
69123,0.6327199333509024
69124,0.6760522232455247
69125,0.6596115957792517
69126,0.6567711296092476
69127,0.6838976965028875
69130,0.5341183401677165
69131,0.6728880148693036
69132,0.45398234072203464
69133,0.6437923569583979
69134,0.686812864300617
69135,0.6406606483807918
69136,0.6680417447535127
69137,0.73885731749606
69138,0.4911135571321614
69139,0.4270875445053354
69140,0.6075772158132495
69141,0.6482240534222278
69142,0.7818903507981753
69143,0.6694294405268048
69145,0.8252791392437416
69148,0.7075221049185227
69149,0.7040015518191801
69151,0.6713826328558824
69152,0.8539310500781516
69153,0.697622162140528
69154,0.6623974818697546
69155,0.43944360293876455
69156,0.6127584071811132
69157,0.38098926767335906
69159,0.6111902646339086
69160,0.2504482349380277
69161,0.24393639357330302
69162,0.6719451537545522
69163,0.6010372662455614
69164,0.40588130243307075
69165,0.7327539972225775
69166,0.6357152476748014
69167,0.7164519642429084
69168,0.7004415154510012
69169,0.522277143020497
69170,0.7457880910060629
69171,0.6560738796321345
69172,0.7258221278356687
69173,0.5634066478758829
69174,0.3851989334628713
69175,0.5563981773223575
69176,0.6652493556198903
69177,0.6399084537732471
69178,0.4134250918238518
69179,0.6116637539388693
69180,0.6861829959818166
69181,0.5556888270917469
69182,0.11509823248456517
69183,0.3838724230846013
69184,0.6122650131151745
69186,0.21076151930378606
69187,0.47878457637389765
69188,0.4410583558358274
69189,0.5374337588417079
69190,0.6854216763313395
69191,0.7357053588433323
69192,0.7363330991068308
69193,0.5272670368991297
69194,0.7113668763182822
69196,0.40801211267001714
69197,0.7103884581931332
69198,0.7662256032979259
69199,0.8391337568062499
69200,0.38140724593739117
69201,0.49332051554630435
69202,0.7019871866728726
69203,0.3708303225702345
69204,0.6744639587433756
69205,0.7396605592707729
69206,0.5246546865472751
69207,0.6606275620413532
69208,0.5654214834049055
69209,0.13856468064779592
69210,0.0
69212,0.6266799260708961
69214,0.5853576573199857
69215,0.6196622970738431
69216,0.5910405658878071
69217,0.493044814055599
69218,0.6686531651395242
69219,0.7225947942225375
69220,0.386234471059895
69225,0.5293821275719784
69227,0.5573984499271697
69228,0.4414807184314438
69229,0.3650211315014548
69230,0.7203505880654312
69231,0.6638728478448236
69233,0.7647010092574424
69234,0.43896531756518975
69235,0.527969003846704
69236,0.5944317890031878
69238,0.5272934414126688
69239,0.5380006770663558
69240,0.4318771230979926
69241,0.7016713383831196
69242,0.7205686064047261
69243,0.39978741104932797
69244,0.7346551955083709
69245,0.7229015576688346
69246,0.6134111326646446
69248,0.3863143099390441
69249,0.7039761749463826
69250,0.6528533846739607
69252,0.5694060704554965
69253,0.5693433071401501
69254,0.39626602195620036
69255,0.6304350237951787
69256,0.7922410800859607
69257,0.6829174507940631
69258,0.7878737393199146
69259,0.7408413515617279
69260,0.7104994302839658
69261,0.5326487246358035
69263,0.523055467374317
69264,0.7285983975048721
69265,0.68478627697363
69266,0.7094969671567372
69267,0.5998712065694428
69268,0.7133263316539837
69269,0.7092533830078401
69270,0.8202200306267988
69271,0.8890675948425238
69272,0.6515563303452533
69273,0.8138655505918201
69275,0.8310069399495577
69276,0.803229248116912
69277,0.9301428603232372
69278,0.6189432170925483
69279,0.8852480594012513
69280,0.911383919991429
69281,0.8402673321013072
69282,0.8359225114930644
69283,0.8397406008423759
69284,0.6828702703206687
69285,0.9704619252257126
69286,0.7411062848723818
69287,0.9223775288320217
69288,0.9283991870384196
69289,0.8627199968644713
69290,0.7457661352747337
69291,0.8147529576279959
69292,0.8050392931085355
69293,0.8183986543139591
69294,0.6766666590273124
69295,0.7678728375623564
69296,0.8064595217526273
69297,0.6399295979410238
69298,0.8830262234603437
69299,0.8321738185911984
69400,0.0
69480,0.0
69530,0.0
69570,0.0
69800,0.0
70000,0.0
70001,0.5017738500683478
70002,0.4616437452958953
70003,0.40438402367690324
70004,0.3567207584432857
70005,0.42299248289478886
70006,0.09055181213343705
70007,0.29586736410459136
70008,0.2593051679713428
70009,0.15665192956782173
70010,0.21688060049757427
70011,0.3940048931435252
70012,0.4394966467962505
70013,0.23192270605053403
70014,0.3454008525175842
70015,0.29987688999356504
70016,0.3679483679192345
70017,0.3333163286294769
70018,0.5554144721057376
70019,0.45182036122016617
70020,0.4235843512651056
70021,0.2812063202196294
70022,0.3708797387998737
70023,0.2558647736533866
70024,0.3868227453346695
70025,0.23261163735691728
70026,0.6129032958866293
70027,0.07328863309359383
70028,0.5945637796506301
70029,0.3124592340515577
70030,0.3288891227756349
70031,0.4505876531290272
70032,0.6467137064946952
70035,0.2052913092682365
70036,0.6675561283219978
70037,0.2546480266273819
70038,0.5273364034845908
70039,0.5541760777478721
70040,0.3573179359339087
70041,0.34990649997514117
70042,0.43343209622746154
70043,0.4559334993046374
70044,0.38498752072372006
70045,0.6124721368847493
70046,0.3392211873603446
70047,0.42647017745004007
70048,0.25754424314533103
70049,0.19622536161935897
70050,0.7392009864972757
70051,0.21585582950475826
70052,0.3234528845666124
70053,0.04172660501229016
70054,0.4549518366784109
70055,0.3046639127452623
70056,0.48464035973813946
70057,0.5158853163334908
70058,0.33217579455965246
70059,0.5092149126159519
70060,0.7499863151808345
70061,0.33139095434067173
70062,0.548780904479074
70063,0.3989228345975447
70064,0.5588098425555
70065,0.5522777456306278
70066,0.19385558102069325
70067,0.42522144113606236
70069,0.2602305751687482
70070,0.2400961083397836
70071,0.21170098054293238
70072,0.4901553022274643
70074,0.25691180307480666
70075,0.2793424118066053
70076,0.7453712873576016
70077,0.5770616435152217
70078,0.16664312464770775
70079,0.3459392180163546
70080,0.4860084437012526
70081,0.3097257131834717
70082,0.5129010569538308
70083,0.22095038501490574
70084,0.7034272616700671
70085,0.6772232306716335
70086,0.21373276219041792
70087,0.43616196815294206
70088,0.12478137805498346
70089,0.1027757670976537
70090,0.627703802343812
70091,0.21533432103614114
70092,0.2423342255388713
70093,0.3103830707207471
70094,0.42725797435694157
70095,0.5132483618344647
70096,0.5872233552231818
70097,0.3057499923159798
70098,0.39817960896406096
70099,0.10376850104181055
70100,0.4935558591521403
70101,0.23538401351435967
70102,0.7201359133769127
70103,0.4184765555708014
70104,0.38104542514461137
70105,0.5480127283770927
70106,0.2708638534369152
70107,0.6991033257509249
70109,0.6925210565807451
70111,0.3936258928586575
70112,0.20299065917562967
70113,0.5450685521816901
70114,0.2293705226403975
70115,0.5922059836407144
70116,0.6174113540939252
70117,0.798935821620088
70118,0.6204383978680058
70119,0.7662252267019358
70120,0.5564167863578371
70121,0.5907018719078845
70122,0.11308065399037998
70124,0.39863219841656794
70125,0.4704288619227554
70126,0.24686064333839375
70127,0.49026456043614813
70128,0.3293113525219509
70129,0.3317460066573242
70130,0.46591486396169457
70132,0.49072193509005196
70133,0.28532527343642355
70134,0.4294448847073477
70135,0.06657853546383281
70136,0.4155804654078454
70137,0.5165536118153935
70138,0.5248109526695871
70140,0.44583197488418796
70141,0.38335058755563517
70142,0.27929309085168036
70143,0.10896959630191606
70144,0.09565492078340015
70145,0.7234210408931183
70146,0.31054746697594227
70147,0.7235766075206898
70148,0.541329950431866
70149,0.5841977551624501
70150,0.707381778757931
70151,0.18670358183798133
70152,0.17246925894281717
70153,0.05066568502517151
70154,0.5476762397861414
70155,0.24358402653355782
70156,0.1612912646783065
70157,0.36669065255971706
70158,0.5994852040359597
70159,0.5782894791114228
70160,0.6152160014535893
70162,0.3995089993589363
70163,0.49497353465269106
70164,0.4029865658554681
70165,0.3714189158576078
70166,0.48888196356270613
70167,0.29434978338716894
70168,0.3941370572282721
70169,0.2778161929765209
70170,0.27467024811957114
70171,0.11202180753280579
70172,0.5324865938580587
70174,0.44908434919547924
70175,0.052024563981731775
70176,0.21201372156266104
70177,0.5268320239869954
70178,0.30333233110925045
70179,0.5661459018085179
70180,0.6854781526060818
70181,0.7408828209911434
70182,0.520292913365827
70183,0.43450987636499766
70184,0.6038590926364112
70185,0.459242186935556
70186,0.3860625737388772
70187,0.6869198189989126
70188,0.39186961539067355
70189,0.7211374928052398
70190,0.47335187670784107
70192,0.27525182066582304
70193,0.5694054636915175
70194,0.24974727479268186
70195,0.39278773694458163
70196,0.2791018928758388
70197,0.4822733873937344
70198,0.2072382281392231
70199,0.5284018721693134
70200,0.2533590782552624
70201,0.23477439590845273
70202,0.21774318392963612
70203,0.5142693396294367
70204,0.33930704179223586
70205,0.7752370936687946
70206,0.6940274973199578
70207,0.42073801660757226
70208,0.3132077953821959
70210,0.4192921224712158
70211,0.4098214097153022
70213,0.39712623782821926
70214,0.6858319514630522
70215,0.6969443580678228
70216,0.2856065885498444
70217,0.3628764623957423
70218,0.5085803261210476
70219,0.4505220287886787
70220,0.3812928187734916
70221,0.5701480678556962
70222,0.06267020235652337
70224,0.7344282593587858
70225,0.37817528071547346
70226,0.41951481376789546
70227,0.4352063972423812
70228,0.48139954104902083
70229,0.523010199341122
70230,0.35281254176081056
70231,0.10496125222179274
70232,0.3274577448185965
70233,0.4508933146297665
70234,0.4853328891413309
70235,0.6021356860700614
70236,0.5597952338927776
70237,0.12355681976351378
70238,0.25927884636651227
70239,0.22100275998145436
70240,0.15680483958383676
70242,0.17833401494677048
70243,0.6486257787774103
70244,0.29336083024567644
70245,0.1063818898697052
70247,0.09592620007352141
70248,0.7268660281448919
70249,0.3409743896933461
70250,0.2436734280158478
70251,0.10654948751365538
70252,0.36666767351699464
70253,0.06170204859151444
70254,0.38385126269688413
70255,0.23499553831676703
70256,0.2944731570765156
70257,0.04979048463805313
70258,0.21092742283539134
70259,0.48030394305773516
70260,0.3124903657000033
70261,0.41411711850344884
70262,0.4123009757893201
70263,0.4145109919441114
70264,0.45084897136381047
70265,0.3329957804700488
70267,0.15367425452141545
70268,0.750036156238764
70269,0.2592380421487449
70271,0.39043254827460827
70272,0.05554968312334494
70273,0.45542191786734304
70274,0.12258192750468844
70275,0.2725870332257128
70276,0.5249463111412155
70277,0.6570867117702734
70278,0.38711226954102695
70279,0.4454207983459179
70280,0.6854978030060481
70282,0.3877332969943102
70283,0.13347765560269798
70284,0.3296243988927698
70285,0.5353445467818965
70286,0.2664035272285012
70287,0.1767144807334664
70288,0.4909997955424979
70289,0.38804921345743043
70290,0.26551064350496695
70291,0.18096054896520866
70292,0.15519190551097575
70293,0.21319324025201794
70294,0.3922330877050626
70295,0.3865167941019531
70296,0.4813485560336273
70297,0.12692923993988872
70298,0.03738000256304334
70299,0.11035788466183301
70301,0.31093727168453095
70302,0.3136934068163345
70303,0.3779818724315611
70304,0.41835764726053354
70305,0.5907362728276907
70306,0.3032542037494013
70307,0.35409188018546783
70308,0.4293233954240226
70309,0.4710083989071085
70310,0.36187872000694526
70311,0.2617822219558734
70312,0.5967585825364582
70313,0.25153587663563526
70314,0.462769710668857
70315,0.25936102142937206
70316,0.32866383535362464
70317,0.3823652408703424
70318,0.3043968222040036
70319,0.3705028447858411
70320,0.2525795855409423
70321,0.2649904477692991
70322,0.4103139297052943
70323,0.1463698849154238
70324,0.27332256826391527
70325,0.26479028030351076
70326,0.36483438456451106
70327,0.25144495340656553
70328,0.4162518201377376
70329,0.04183012309066131
70330,0.695341746852287
70331,0.38511038814316817
70332,0.49646993673728423
70334,0.6154272452931873
70335,0.5577787556844275
70336,0.43625049299222574
70337,0.04506836519507263
70338,0.216149775422929
70339,0.3336192049627773
70340,0.19881106734039555
70341,0.4423148406511954
70342,0.3188598240297641
70343,0.4965121967107094
70344,0.4954825877349025
70347,0.44634099906674907
70348,0.23132811187521726
70349,0.4457611784514535
70350,0.05423758152203939
70351,0.40209578877127966
70352,0.3254050223622969
70353,0.32457513480971273
70355,0.5440893257800948
70356,0.7625733476509797
70357,0.5512305733185646
70358,0.5041432247558545
70359,0.2691432371456836
70360,0.24333821148864965
70361,0.41473863396457383
70362,0.07531456639043811
70363,0.38127480910531947
70364,0.3752585289458447
70366,0.3267502983536638
70367,0.45695254391572915
70368,0.3116917070337729
70369,0.10602356343548737
70371,0.5319364452472924
70372,0.2074263437411196
70373,0.04435815319263232
70374,0.35901385943548125
70376,0.4428285649588397
70378,0.5347956818152454
70380,0.6764544084898345
70381,0.5434809191503917
70383,0.5652105047745619
70384,0.3567514706636878
70385,0.34448142708327684
70386,0.3079130059492711
70387,0.4705096836118013
70388,0.4898842578079881
70389,0.4050446582419409
70390,0.39350340392348304
70392,0.05951312279642684
70393,0.455878700530613
70394,0.22699047073828515
70395,0.5198221564120352
70396,0.5237921537155635
70397,0.5636852808777596
70398,0.4715090087222031
70399,0.15414604199402573
70400,0.1268908504629577
70401,0.5296240933247826
70402,0.4751037321327305
70403,0.29091322671821546
70404,0.2687960332319986
70405,0.5100851200813886
70406,0.2924324876736873
70407,0.6933366393345937
70408,0.23992196179639014
70409,0.16039878373418093
70410,0.717494093471673
70411,0.27369600313313186
70412,0.3275027116941053
70413,0.6522631541464851
70414,0.6212663368345249
70415,0.115869399017263
70416,0.3720128037527841
70417,0.5829274503041175
70418,0.1472996724077956
70419,0.36111085825162564
70420,0.2809405406482495
70421,0.19977455820872114
70422,0.4444247542847264
70423,0.0400709600187567
70425,0.4369759055452154
70426,0.5880794385794429
70427,0.5540876455655815
70428,0.4775025781309705
70429,0.5132741501638368
70430,0.06847416426162525
70431,0.42630699888635665
70432,0.29500020829434387
70433,0.3089816384652612
70435,0.16875850167982556
70436,0.2254745574608107
70437,0.31932474328139
70438,0.09907842021553137
70439,0.5380895015833538
70440,0.12836412948162187
70441,0.17926411041011106
70442,0.12454388087632895
70443,0.2712302715804918
70444,0.2460886330964184
70445,0.44040865118177663
70446,0.49329864614390145
70447,0.3749205989778837
70448,0.08959316247834105
70449,0.6548112092167707
70450,0.04877984526843571
70451,0.32741269096949943
70452,0.3669894941269794
70453,0.31071235611022546
70454,0.21531516814307483
70455,0.42991992903170645
70456,0.4683290572088487
70457,0.5101990887947351
70459,0.3259692613488142
70460,0.2906098581718793
70461,0.448395448891932
70462,0.488909391406498
70463,0.3191157183647006
70464,0.25543126411693207
70466,0.4111969048372494
70467,0.23188229502460392
70468,0.22296026668756305
70469,0.42773124201585017
70470,0.21053573182527266
70471,0.38095617984540525
70472,0.3020782381636097
70473,0.27231821738820966
70474,0.3614372143827927
70476,0.2800496129090894
70477,0.511311624528503
70478,0.328999438084828
70479,0.3976267487119842
70480,0.2804674422616302
70481,0.2598486581255957
70482,0.19722701409885715
70483,0.35778742090929844
70484,0.7435149851537731
70485,0.2129218998028781
70486,0.07059255193302587
70487,0.43590762561575963
70488,0.273981233429459
70489,0.09305040740368205
70490,0.4290363425657359
70491,0.24961519401450596
70492,0.26124932600691375
70493,0.5849336220617295
70494,0.30434104313181803
70496,0.29070807443587693
70498,0.3026124343979747
70499,0.10621670877500122
70500,0.572499708966007
70501,0.5714070530835786
70502,0.07808316126401296
70503,0.5049922433978388
70504,0.5334092321526297
70505,0.3725495995707369
70506,0.6206284604610889
70507,0.4544081754255033
70509,0.28060815676529643
70510,0.3194597313780519
70511,0.24951419187056437
70512,0.11631839967466773
70513,0.4202481516874464
70514,0.132019644860905
70515,0.4340000847781737
70516,0.5365741777445607
70517,0.3482245027588293
70518,0.7068811693712395
70519,0.6639885234093232
70520,0.10605069441516367
70521,0.13958403219455093
70522,0.7055523918050034
70523,0.4284188998476009
70524,0.3567451048761933
70525,0.12279782030654396
70526,0.19466827273565823
70527,0.0581022342894723
70528,0.39395174241502334
70529,0.5193533087124425
70530,0.5460929800959976
70531,0.360277573600122
70532,0.3370286973080592
70533,0.15459632538621584
70534,0.5503330500073317
70535,0.3851614882689927
70536,0.427270731033341
70537,0.3628290590885996
70538,0.36616202837512574
70539,0.16723619777493715
70540,0.18673005476993185
70541,0.5134355635432458
70542,0.16794391701199043
70544,0.5445071454695624
70545,0.2783458703534099
70546,0.4068106846374646
70547,0.6134859993936052
70548,0.18548845413576462
70549,0.18659393507185087
70550,0.47290371056349806
70552,0.33385982201063863
70553,0.4577330804372814
70554,0.16687418212915908
70555,0.6902570833131043
70557,0.19069370583184617
70558,0.5377979962809242
70559,0.5121374731911591
70560,0.4157540822578787
70561,0.3248169820184967
70562,0.37007638355316413
70563,0.3260101013606111
70564,0.2975672465076034
70565,0.6394522112479409
70566,0.3328464970955924
70567,0.7169660348928787
70568,0.14594619216194046
70569,0.6951912618440054
70571,0.42428908219287137
70572,0.16648017237037313
70573,0.4537101081552069
70574,0.08771982673955546
70575,0.656976457418513
70576,0.26280028450416887
70577,0.35813385553887817
70578,0.7554844094207375
70579,0.6463384664705604
70580,0.5554249935240103
70581,0.30558698367920273
70582,0.4303664169963817
70583,0.5438011094426314
71000,0.0
71001,0.5111767677279935
71002,0.8755143476777117
71003,0.9253062750561831
71004,0.7170338017343586
71005,0.7009741105709253
71006,0.45058128253485874
71007,0.6118394311114891
71008,0.19850247737234286
71009,0.5066943920026278
71010,0.44106693139894887
71011,0.48811239101651555
71012,0.29053340674076034
71013,0.42702377866806684
71014,0.5049933460027658
71015,0.4778370302110731
71016,0.7880825565179905
71017,0.47014002489306256
71018,0.6679372434654939
71019,0.6864133404733109
71020,0.34065044634483693
71021,0.3681413310050557
71022,0.26839518098053244
71023,0.8972315671000989
71024,0.5049503210642257
71025,0.08866540174208402
71026,0.662523130624363
71027,0.20896930275365508
71028,0.661535879632042
71029,0.5841558699493543
71030,0.038061976731242626
71031,0.650597285376794
71032,0.6478410189381144
71033,0.7247890960015296
71034,0.6793860891950209
71035,0.8195550278115825
71036,0.7396309350159423
71037,0.5897611901879816
71038,0.16044825362649515
71039,0.7992781240640662
71040,0.15801237882236305
71041,0.43135902268327214
71042,0.1450192236669195
71043,0.6825764849075462
71044,0.4919929624147871
71045,0.46709016750937543
71046,0.5516682172488536
71047,0.40909342235338286
71048,0.49527288045028023
71050,0.6307225370245755
71051,0.6548743752402997
71052,0.6289971113274424
71054,0.5971323871306956
71056,0.29739263191421333
71057,0.6036846920603044
71058,0.6055216619243685
71059,0.20949964090175976
71060,0.6311626244994959
71061,0.6536153961585005
71062,0.4471977673027902
71063,0.3272751831416782
71064,0.4400106844340647
71065,0.21344646517891008
71066,0.8502878143532082
71067,0.645011787603289
71068,0.35689010433392204
71069,0.6688509674782761
71070,0.6273938928257128
71071,0.22551233715353688
71072,0.6555867532157648
71073,0.5739312191358822
71074,0.791338402563805
71075,0.5113171875038961
71076,0.6532247696249386
71077,0.3224106111636365
71078,0.7058466991873914
71079,0.4287978833225223
71080,0.6856054352154528
71081,0.7467364907475632
71082,0.45147721858215956
71084,0.8326244429136199
71085,0.6143468254698125
71086,0.3238778685701574
71087,0.6750679236467616
71088,0.5591890162287184
71089,0.8489584204216026
71090,0.7408016662185379
71091,0.05143829182753409
71092,0.45612654820083226
71093,0.38481439642688925
71094,0.7133068478323047
71095,0.21516328454619893
71096,0.4432398468855467
71097,0.6593369015250797
71098,0.43577769366805025
71099,0.7268426883871212
71100,0.628132401640303
71101,0.21609527969749118
71102,0.6850085468540607
71103,0.3129628080587434
71104,0.4088845459485046
71105,0.5444919534614487
71106,0.24248130956962077
71107,0.6894219831954396
71108,0.8780553255617723
71109,0.649426102272706
71110,0.2798730163228586
71111,0.48974228554617366
71112,0.037891580082324995
71113,0.3306146242584615
71115,0.6849053748678596
71116,0.1795721896293151
71117,0.774329801373392
71118,0.6661228964595324
71119,0.6356153060044134
71120,0.3014383336397821
71121,0.6068969667151548
71122,0.6774615435748391
71123,0.2976106561792185
71124,0.9073690957458895
71125,0.16650116648089508
71126,0.7006656858939285
71127,0.33424847040979855
71128,0.13101649943128604
71129,0.3830654785648479
71130,0.6514925217049662
71131,0.6714889618521221
71132,0.13796884712886381
71133,0.25674525938252607
71134,0.03954052608871823
71135,0.6945313033775354
71136,0.7529822582615314
71137,0.3998496419080198
71139,0.3451770205933647
71140,0.5343062607579001
71141,0.16677327136690448
71142,0.45261334998501984
71143,0.35371863878115434
71144,0.4277183007568255
71145,0.5984915674580544
71146,0.7446130641262485
71147,0.12843516937816277
71148,0.33895171069020696
71149,0.23754147243231494
71150,0.8032161645613424
71151,0.6086474513130695
71152,0.4291978024841612
71153,0.3022759154399287
71154,0.708801131501429
71155,0.18243136879368596
71156,0.8371519669246741
71157,0.32625109361854504
71158,0.6390089272795391
71159,0.5604649897197266
71160,0.20702934629868477
71161,0.7092680870363982
71162,0.5096869602717554
71163,0.07660805215194308
71164,0.3374658979144471
71165,0.4161620671390373
71166,0.6368999467992303
71167,0.7224314633605147
71168,0.2921274762202711
71169,0.6838179859880088
71170,0.866907479279087
71171,0.6893521076211052
71172,0.4482172163153186
71173,0.2743035519291528
71174,0.6191460441572465
71175,0.7858422185110925
71176,0.29273628635659654
71177,0.5220444641850884
71178,0.05018481458567726
71179,0.4449508646678104
71181,0.8163767658316523
71182,0.6428603769895826
71183,0.3995824463937203
71184,0.595751167914009
71185,0.43326725877998423
71186,0.5198097874951292
71187,0.23339619226707983
71188,0.8259645970920632
71189,0.7045283813363206
71190,0.4649913407465432
71191,0.23838088696287887
71192,0.336438637776298
71193,0.6949722335436856
71194,0.6984891374194727
71195,0.6237934220658873
71196,0.3163037140147607
71198,0.2517050645071276
71199,0.4097765403190962
71200,0.6066042619398019
71201,0.6390477707543275
71202,0.6359094593293985
71203,0.3993004902593353
71204,0.7005006644611683
71205,0.4560152095858862
71206,0.6896308726531091
71207,0.40933711438465376
71208,0.23681031094494265
71209,0.32561943673604826
71210,0.7227289873597496
71212,0.3129454323975036
71213,0.521695153786811
71214,0.41675171350425516
71215,0.668817491351488
71216,0.5648966899545479
71217,0.7432191282874876
71218,0.14969167053863905
71219,0.9018747411995439
71220,0.33147671767897313
71221,0.5564597133631197
71222,0.11098446750601114
71223,0.6479867275680959
71224,0.7028698101800815
71225,0.6934851748499243
71226,0.8538050029702164
71227,0.36996878162566427
71228,0.8976709835279343
71229,0.7087810352382663
71230,0.5739932196939468
71231,0.25068094904711624
71232,0.47678095821212985
71233,0.604500724782281
71234,0.6618075178305655
71235,0.6346216007548342
71236,0.8355774480818222
71237,0.2839021038364777
71238,0.4481980422063652
71239,0.4283623989704344
71240,0.5052449426154598
71241,0.6781861411222206
71242,0.3230524212498614
71243,0.4447817958092158
71244,0.5995532864964132
71245,0.6320737836568032
71246,0.3079469316797167
71247,0.8967814256182365
71248,0.5969418719144176
71249,0.6147583001356641
71250,0.6986463952344195
71251,0.3674867977465202
71252,0.8987999999501689
71253,0.7532739506697977
71254,0.4548288816385791
71255,0.4323506983389202
71256,0.8487784753319945
71257,0.6609180746937912
71258,0.705993644560592
71259,0.31552170801455715
71261,0.6451495436719589
71262,0.1886385519678304
71263,0.41995288801758396
71264,0.37590828841181323
71266,0.3843293287543375
71267,0.7939508731435295
71268,0.4408171555549085
71269,0.7301991527804672
71270,0.4635241555660956
71271,0.4962399283848404
71272,0.6291082370670037
71273,0.42569546480123227
71274,0.5488783415195319
71275,0.6414480881392203
71276,0.36069303919442747
71277,0.3076848962330985
71278,0.14406415139111925
71279,0.31365307912114443
71280,0.578656815953134
71281,0.6573312411920512
71282,0.33209872813064734
71283,0.9124364303486351
71284,0.7333785791939841
71285,0.5404561749870839
71286,0.32275440882809375
71287,0.44764529469253184
71289,0.17353643275049113
71290,0.4210688832926517
71291,0.43673722081238714
71292,0.6450657273891541
71293,0.6687790628365876
71294,0.6650991675829134
71295,0.22463473199836734
71296,0.8666489512811006
71297,0.34161754877887746
71299,0.6650443622130968
71300,0.3213150405369289
71301,0.42924063793755135
71302,0.6834712003497606
71303,0.47970280130137866
71305,0.5856684581949972
71306,0.1890144826584413
71307,0.5666943601280742
71308,0.6415712271130555
71309,0.3068893742824062
71310,0.11316143819038212
71311,0.46204853045414107
71312,0.7257207756592373
71313,0.5036652567456575
71314,0.6210589068505344
71315,0.2539930150422325
71316,0.10068224607247128
71317,0.49716890434416244
71318,0.4686902798448673
71319,0.42783192775892825
71320,0.3392256585042828
71321,0.5126972895377722
71322,0.5619202429935044
71323,0.09248987712904067
71324,0.673333727042387
71325,0.394199168761272
71326,0.5386527869110317
71327,0.2121345804881888
71328,0.6199324531532789
71329,0.20176894760155628
71330,0.5515351611115848
71331,0.48220964511128495
71332,0.8806714564837123
71333,0.745528287790823
71334,0.3790441563149612
71335,0.40892542113265673
71336,0.7989000987553729
71337,0.5739346276195573
71338,0.7099596354462784
71339,0.12914350184463064
71340,0.31087216475108354
71341,0.8565011539776538
71342,0.37671375756593695
71343,0.6558919134400453
71344,0.17685174493756348
71345,0.817270238684778
71346,0.2054187241249464
71347,0.2439137285303863
71348,0.6363579750317427
71349,0.7337693930039908
71350,0.6477532038613493
71351,0.4586053400028232
71352,0.4985627296029182
71353,0.520935611209518
71354,0.6118238400048835
71355,0.19697715817433603
71356,0.0982814904750684
71357,0.23355628542031318
71358,0.17007256383418953
71359,0.4746634390821556
71360,0.6560690751735109
71361,0.5128303428313344
71362,0.859227471780705
71363,0.46931043766428543
71364,0.3427559688341335
71365,0.585664493832711
71366,0.6462060073597126
71367,0.47218607733094026
71368,0.3704003634498502
71369,0.6538154767462628
71370,0.6688813802355954
71371,0.6238843874113363
71372,0.7222672358880405
71373,0.5887921163535479
71374,0.6847068588306362
71376,0.6568423950231798
71377,0.7530253850633142
71378,0.6003011878682618
71379,0.17294691283135555
71380,0.2927395832631093
71381,0.1180143668885527
71382,0.3494884869008221
71383,0.7970230933416916
71384,0.6805619410450854
71385,0.8013131968422725
71386,0.6946267055827219
71387,0.14337505354505312
71388,0.4586560618289952
71389,0.28451202276066545
71390,0.1436190236822579
71391,0.6565978490138676
71392,0.8717948573433381
71393,0.46610126817227976
71394,0.18031358143721174
71395,0.6723932617672315
71396,0.512227180056204
71397,0.612339913882082
71398,0.8784523525324884
71399,0.3365577407954379
71400,0.4212462417300766
71401,0.5078516259866962
71402,0.6561611718699437
71403,0.6856104948355902
71404,0.6614547974733025
71405,0.32746893234444846
71406,0.6697721939638042
71407,0.4361491358906009
71408,0.4952872835463162
71409,0.45115231772858694
71410,0.8203560813714349
71411,0.4406990975958043
71412,0.10409207180222418
71413,0.3998809374415073
71414,0.5449254662417796
71415,0.3416914889625649
71416,0.8215229967515274
71417,0.8143396097873161
71419,0.2704459629784482
71420,0.846142858921931
71421,0.4669383073054683
71422,0.6935892407506795
71423,0.8670966446885867
71424,0.42656127596753973
71425,0.7071027825918416
71426,0.631730968593229
71427,0.36569130132268085
71428,0.3983997137478965
71430,0.8481031551538388
71431,0.48549628017951757
71433,0.4224598760584075
71434,0.43860203601468584
71435,0.26510184719021485
71436,0.25579931444306786
71437,0.24141031869875873
71438,0.3508379614895943
71439,0.5847666735482252
71440,0.5827117968350535
71441,0.6465446696320435
71442,0.637104064256941
71443,0.8608214729306723
71444,0.6813729927654525
71445,0.7229239728892504
71446,0.2931787424336014
71447,0.693637992394236
71448,0.7512483914304244
71449,0.23975990367079936
71450,0.4798395423982287
71451,0.4033125025075937
71452,0.15777176457532022
71453,0.31031315824866834
71454,0.4672714328241178
71455,0.5528540845381205
71456,0.6485113847605317
71457,0.845443303589752
71458,0.35336199626005765
71459,0.8569029058721799
71460,0.8781362937478357
71461,0.6151071755736348
71462,0.7082684942655874
71463,0.2718541524792235
71464,0.5230381465696637
71465,0.13689020964448861
71466,0.446688084472024
71468,0.35631077320530774
71469,0.17808429305853055
71470,0.6271497626042045
71471,0.22822834097280453
71472,0.6347774896806592
71473,0.1511764727621823
71474,0.5555351786116914
71475,0.6832707650641839
71477,0.39263286661015356
71478,0.4465678923754614
71479,0.42020276246542654
71480,0.5221044037238531
71481,0.7610815768774098
71482,0.322099539518563
71483,0.17375089746574027
71484,0.20388059486703836
71485,0.8691104445650742
71486,0.0921191598276387
71487,0.7986562766036741
71488,0.18425228087344733
71489,0.8666695929884366
71490,0.43362186710341205
71491,0.40905855008456454
71492,0.18310652718042472
71493,0.5593646506199618
71494,0.7419924219049943
71495,0.23319495615285665
71496,0.6505303513236443
71497,0.763260859450129
71498,0.7063435638882801
71499,0.10936369687842466
71500,0.542469009312943
71501,0.6718957717516417
71502,0.7265967016978444
71503,0.9353712997435059
71504,0.5040713658767569
71505,0.5586849137914123
71506,0.2467329932258592
71507,0.740656029766627
71508,0.6171778811522459
71509,0.7094372961405223
71510,0.23973659625630364
71512,0.6018192104882506
71513,0.711708198483496
71514,0.4091802255797045
71515,0.7693419642020493
71516,0.2568641361607877
71517,0.2929574849699753
71518,0.6729293256684737
71519,0.3666604070918568
71520,0.7054999827711866
71521,0.12212410831467753
71522,0.448960808133561
71523,0.18247517665320592
71524,0.05992196292062447
71525,0.6191039746292484
71526,0.6875775962426469
71527,0.4660766172304849
71528,0.4171515204088408
71529,0.06729854946313511
71530,0.49490418943169495
71531,0.516082252969554
71532,0.5741231802589435
71533,0.29765068048180265
71534,0.5170700260465523
71535,0.5274960572494094
71537,0.44900095447915395
71538,0.256910687077537
71539,0.5430901194292408
71540,0.1688804611743173
71541,0.588691623275884
71542,0.4869029998232817
71543,0.5477011656886895
71544,0.28338475148293335
71545,0.8316158179965819
71546,0.04491304230716379
71547,0.07264517937637362
71548,0.8577395323151614
71549,0.4873925467456446
71550,0.5759883162672453
71551,0.48180487858676485
71552,0.5245321302988413
71553,0.21000129891878347
71554,0.6833638025594784
71555,0.6695538900667852
71556,0.7857591187675926
71557,0.47069981818654955
71558,0.2896779169809319
71559,0.1779685998619411
71561,0.2552817347370359
71562,0.39814196108971056
71563,0.36505781878618976
71564,0.19756488938729003
71565,0.7019131477073565
71566,0.7111563631046977
71567,0.6974019213827626
71568,0.21829768066543478
71570,0.7023383016610437
71571,0.05772374452787391
71572,0.580826541924985
71573,0.6127703646561952
71574,0.662302262792084
71576,0.5204496786386013
71577,0.8870215543727736
71578,0.24092050005573587
71579,0.4660288313406256
71580,0.48668584717407953
71581,0.5912328376524668
71582,0.1066766489280147
71583,0.7780514375221684
71584,0.6301712270595777
71585,0.668982560995052
71586,0.30900130430211725
71588,0.4847942392414814
71589,0.254199388572574
71590,0.48450213286241756
71591,0.6657560338687961
72001,0.6731424053742378
72002,0.6916709080717854
72003,0.7711548952669195
72004,0.8139513122634895
72005,0.49356244064635785
72006,0.7248099420203737
72007,0.5680797876566624
72008,0.7371280400741295
72009,0.8285290827151109
72010,0.5590863471809318
72011,0.6133849816097137
72012,0.8732695796421263
72013,0.22733598902132746
72015,0.709264273716686
72016,0.4291079662286921
72017,0.8875477047733061
72018,0.20304775986271414
72019,0.4117402747334615
72020,0.24937781561838523
72021,0.5828017116165428
72022,0.5587409009021438
72023,0.6753111199354943
72024,0.59382533081883
72025,0.5044404786892601
72026,0.8053685087019163
72027,0.28575249153795124
72028,0.20714970045824233
72029,0.5378553364324065
72031,0.21745292089794632
72032,0.37220184756977553
72034,0.5952995381049976
72035,0.2354826291892523
72036,0.5584377344588195
72037,0.71097436559297
72038,0.2622901863292116
72039,0.22616347984247467
72040,0.35005470474329803
72041,0.28452215413936705
72042,0.21387774138329155
72043,0.4830974534860877
72044,0.8238178060969464
72045,0.5898097962551399
72046,0.31017997551269705
72047,0.5090531733359969
72048,0.3663041677772854
72049,0.16626189382652265
72050,0.2679985858283926
72051,0.5839880002996922
72052,0.21786419807493673
72053,0.4289985307483731
72054,0.5306422484032246
72056,0.5819946544463704
72057,0.44578080354700683
72058,0.47144717424537896
72059,0.6713157499531023
72060,0.3457866628719824
72061,0.3832657712606526
72062,0.2695593863553114
72064,0.31347035425407466
72065,0.7618826157246236
72066,0.893586990624259
72067,0.1626781515084663
72068,0.3230984173619011
72070,0.2862511443269609
72071,0.10145303441338667
72072,0.4015387706916438
72073,0.628327814433971
72074,0.3513230943701828
72075,0.8221824259331282
72076,0.5441917513484261
72077,0.30049319104387057
72078,0.3876862965638685
72079,0.48350649312895966
72080,0.19172984552590977
72083,0.5260720945894214
72084,0.8168317088354561
72085,0.16394489846944582
72086,0.33775422578050623
72087,0.3037496426055945
72088,0.8653580338035164
72089,0.8168989726513999
72090,0.15215902880184082
72091,0.5738442946845449
72093,0.20345761146433353
72094,0.257083646347729
72095,0.6905988465767777
72096,0.6005778139591584
72097,0.0
72098,0.6282815156292484
72099,0.8587089816679306
72100,0.7519404806392105
72101,0.8325839919636823
72102,0.13695647344023046
72103,0.2532625765292084
72104,0.5479349829775463
72105,0.18603938179716126
72106,0.38191129808723084
72107,0.8344853081312161
72109,0.04520590523211961
72110,0.5410516335027866
72111,0.6511065543046924
72112,0.1339760391566005
72113,0.6824578025511284
72114,0.3290442801523273
72115,0.2633789940679716
72118,0.28375998006437503
72119,0.8401088450185833
72120,0.30886158484218884
72121,0.6085989202895327
72122,0.13048010808054789
72123,0.8031025496263607
72124,0.154112492989158
72125,0.10028700619720599
72126,0.2676376896592394
72127,0.608163160200692
72128,0.07795408169413996
72129,0.575065410813204
72130,0.6227474949818598
72131,0.6390555009159605
72132,0.30194728095958906
72133,0.7724038165720918
72134,0.22774969175787452
72135,0.7123817190041919
72136,0.6050732261748138
72137,0.3938276230363506
72138,0.31715649594583634
72139,0.42389318333207676
72141,0.6722605120768114
72142,0.4348488632344359
72143,0.26351603842477367
72144,0.15194147293887672
72145,0.08778407404334813
72146,0.7250241322694505
72147,0.9041795358090647
72148,0.3043215780650483
72149,0.30625505389134616
72150,0.8869827955649865
72151,0.46513154065399337
72152,0.2655289085605199
72153,0.25299968839556136
72154,0.7890071854323887
72155,0.4584163872683749
72156,0.20863666113141832
72157,0.6686520663814935
72158,0.3668554820195184
72160,0.10686851837363316
72161,0.2259164197118683
72163,0.8361554308327993
72164,0.7345354511194412
72165,0.4779479475918233
72166,0.900743732439078
72167,0.5110814803813513
72168,0.2647488025646186
72169,0.5986631030396866
72170,0.4761232740076111
72171,0.7115822448905843
72172,0.21777790438091463
72173,0.10156017871255014
72174,0.6838413747123587
72175,0.6934414192910862
72176,0.7557970819108287
72177,0.6241197144370546
72178,0.1222336412668049
72179,0.725917428858994
72180,0.4819645335814727
72181,0.405309338542218
72182,0.5775506045704522
72183,0.22508528928991037
72184,0.4782804193579895
72185,0.8646794993532175
72186,0.6230984760376062
72187,0.09481130912962211
72188,0.5148688749644501
72189,0.11748564694198493
72190,0.2940206741603109
72191,0.06559222642230254
72192,0.661748841395668
72193,0.21166715682859558
72194,0.03764606163436118
72195,0.574234069687986
72196,0.8355491485288585
72197,0.8832799391315588
72198,0.7286558940796826
72199,0.4868754683973504
72200,0.7140893574475274
72201,0.18745323330745464
72202,0.21118762692471918
72204,0.2751783742196938
72205,0.6454955119214816
72208,0.25896131479501416
72209,0.13273705791286947
72210,0.14766430014866866
72211,0.06823972433174147
72212,0.642937945762365
72213,0.7442284380465161
72214,0.16158120619842198
72215,0.6716392133669699
72216,0.8722874554863592
72217,0.6742934312599723
72218,0.40327143877084565
72219,0.8588240850817807
72220,0.2781254585013314
72221,0.2428209040350023
72222,0.03725193932550082
72223,0.5224363874802281
72224,0.3248364125040051
72225,0.6630347598039862
72226,0.6149179491242128
72227,0.7166625546646319
72228,0.508551817779705
72229,0.3750217618244092
72230,0.5215431018378265
72231,0.30575038425511086
72232,0.22934356192695335
72233,0.16465316191640103
72234,0.09352132069124465
72235,0.3045654269979185
72236,0.4143066306260388
72237,0.9421035603596898
72238,0.4198710505362902
72239,0.5301727817028387
72241,0.5129407468458629
72243,0.17904530028848042
72244,0.17680555593814604
72245,0.30548340990707956
72246,0.36836265400410334
72247,0.6422462886212393
72248,0.2625467950789449
72249,0.6650147805460548
72250,0.1681162681340785
72251,0.3148297341863265
72252,0.49141757085746424
72253,0.7345122361446229
72254,0.45882394804657683
72255,0.24781536373545157
72256,0.15116146536903433
72257,0.6385135035052644
72259,0.27489754560835356
72260,0.5434816010607718
72261,0.38396437210511425
72262,0.21510378844120917
72264,0.35900201843408236
72265,0.302091241257421
72266,0.5462954068143887
72267,0.3412984757903532
72268,0.3456830935145961
72269,0.1670380004013038
72270,0.655715338030739
72271,0.3433088201080627
72272,0.15142495352885463
72273,0.49654918764482897
72274,0.6813052612323229
72275,0.5482493926283544
72276,0.3820713112842889
72277,0.3642671061514405
72278,0.31941523558290735
72279,0.16628655973656165
72280,0.615475341413666
72281,0.27192793140875793
72282,0.5556772732733607
72283,0.2429533594560229
72286,0.22477430796688994
72287,0.5125292183133489
72289,0.863076147581519
72290,0.6279674565807049
72291,0.7050681077636591
72292,0.23513185509636245
72293,0.5733272912920265
72294,0.5622908179850192
72295,0.7604956167211814
72296,0.38968242859877494
72297,0.6922527458810791
72298,0.19518590611709066
72299,0.14614732932126848
72300,0.5106798223732762
72302,0.4087663097675369
72303,0.23413945208910195
72305,0.5410739138848201
72306,0.3699651930616977
72307,0.5817598948667286
72308,0.5987918777914131
72309,0.5788860800950105
72310,0.7501090347523117
72311,0.23763455918552237
72312,0.6810820471507922
72313,0.218372809591702
72314,0.2886662432023685
72315,0.04913819593657501
72316,0.30177663817106065
72317,0.7033937234209469
72319,0.8787331558203241
72320,0.8108952262389465
72321,0.37817471835713473
72322,0.1454506506103896
72323,0.600997424454933
72324,0.23631473420643345
72325,0.23141847731441667
72326,0.6438239181815044
72327,0.25239557502720256
72328,0.6317695595956142
72329,0.551759055403388
72330,0.8266874538110711
72331,0.30534433555089485
72332,0.1090274492301735
72333,0.38532833831695656
72334,0.07332646547559714
72335,0.8006073578604985
72336,0.49565940913766804
72337,0.5804746271662783
72338,0.9008454175940499
72339,0.6394594990596829
72340,0.8615179637256755
72341,0.4786244692449731
72342,0.3347474506479331
72343,0.3341311335083794
72344,0.757971318812633
72345,0.38343685622714535
72346,0.4881364526448959
72347,0.6357266452186425
72348,0.3674860408025855
72349,0.6960386339984656
72350,0.4829026837436627
72351,0.7322408410444035
72352,0.41460455261121915
72353,0.166846108469748
72354,0.5758679724736607
72355,0.6793171553959211
72356,0.2765874636384351
72357,0.8637791333466942
72358,0.10312968712432043
72359,0.74695095099338
72360,0.6851920931895266
72361,0.14206430516289403
72362,0.9231396907854155
72363,0.13486232902756837
72364,0.11063880724231771
72366,0.4206311845630936
72367,0.6169563843348848
72368,0.21068638454836916
72369,0.22900096782830726
72370,0.9052060509171405
72372,0.7151122185671334
72373,0.2867550564985828
72374,0.6921100323422147
72375,0.5548290691608712
72376,0.16088754229330052
72377,0.8271994834310542
72378,0.4747539699297634
72379,0.4354251956555133
72380,0.19501955376143842
72381,0.7932316169834029
72382,0.3831717607369694
72383,0.40291233998116055
72385,0.4136116749726296
72386,0.5681773987071279
72400,0.0
72530,0.0
72700,0.0
73001,0.6413164545250557
73003,0.47735771092215157
73004,0.8118318585013647
73005,0.793729823225528
73006,0.46032227190630026
73007,0.38507043245988043
73008,0.5029024795497429
73010,0.367831316722845
73011,0.5052613605970278
73012,0.6496098489047166
73013,0.6805709726004577
73014,0.6828625851611413
73015,0.4611638899835288
73017,0.7208840199124378
73018,0.6728506087057712
73019,0.43917563609102306
73020,0.6859171972504757
73021,0.6465562810319834
73022,0.5834316970443332
73023,0.6202487049382778
73024,0.622594822960891
73025,0.4988599989920431
73026,0.571490459759684
73027,0.591334463491622
73028,0.6179256633314165
73029,0.7760593196112487
73030,0.7254318476986154
73031,0.7527811058586931
73032,0.46648547035031956
73033,0.7669221720604703
73034,0.6443026486309239
73036,0.6974824835031016
73039,0.4921505144007092
73040,0.4063190891054537
73041,0.5361232859369314
73042,0.6793972081487861
73043,0.4181300571694873
73047,0.9343302703536919
73048,0.5852451186316041
73049,0.5564792372743916
73050,0.7925002684237211
73051,0.5680679323369547
73052,0.7052071995080919
73053,0.4535631312741266
73054,0.5319358891663789
73055,0.7513390240490505
73057,0.5293511776393799
73058,0.563144948724435
73059,0.4802064136167031
73061,0.5798525749951154
73063,0.5921426857609541
73064,0.6769057285017954
73065,0.5462782296253405
73067,0.25140295104812743
73068,0.5267025045325526
73069,0.5242762217397169
73070,0.46822687479546965
73071,0.8193699343864848
73072,0.7509956961665253
73073,0.44552214449389754
73074,0.3969604106641502
73075,0.711893717506007
73076,0.6620836997254683
73077,0.7734734219117234
73078,0.7883387057814576
73079,0.5647236575579084
73081,0.6388141970068665
73082,0.6895459899472028
73083,0.2907108710814321
73084,0.7481990881618615
73085,0.45646202323624463
73086,0.5510664564569436
73087,0.7148194054917041
73088,0.6441054467297167
73089,0.5594680014325413
73090,0.6864852124325823
73091,0.4686475712287413
73092,0.8011464507632614
73094,0.635259666733626
73095,0.773689195225011
73096,0.6453785997641037
73097,0.7279551170571491
73098,0.7116419999599665
73099,0.7429384316436501
73100,0.46202101880211366
73101,0.6471749568053877
73103,0.6668984771348004
73104,0.5899829303634365
73105,0.70240386965364
73106,0.652342232039898
73107,0.8305187986249797
73109,0.3267322794863625
73110,0.6276627556914144
73113,0.6031181748570741
73114,0.5706690449973785
73116,0.4649790090424915
73117,0.7399261742318656
73119,0.7861237026870976
73120,0.5116359036583115
73121,0.5439588551087069
73122,0.527404412501873
73123,0.5937657965654343
73124,0.736427591112634
73128,0.4843736447900365
73129,0.41046108044411334
73130,0.7306522663008255
73131,0.544761003300339
73132,0.4854738084662052
73133,0.602981720351304
73135,0.5204098663650771
73137,0.7897738035068694
73138,0.46455976527406495
73139,0.6523286702784512
73140,0.6218038835057814
73141,0.5841348924048834
73142,0.847283683701134
73145,0.6240464571153306
73146,0.5931995537266384
73147,0.7687103018262218
73149,0.5774129578717633
73150,0.7318956665150406
73151,0.6037528628943899
73152,0.6213488985171779
73153,0.5661744842892824
73154,0.49656226188675
73155,0.692556229651973
73156,0.7741194098282044
73157,0.6629216028568264
73159,0.5989378417847168
73160,0.7347747139754572
73161,0.5213888581021809
73162,0.48230592296309444
73164,0.5367161175812658
73166,0.5274124639656153
73168,0.5492951224055712
73170,0.6774586988808928
73171,0.6824513100382128
73173,0.6442790246367681
73175,0.7999080709691208
73176,0.9100315470289099
73177,0.431103022179171
73178,0.6227049332909155
73179,0.5174694707274138
73180,0.5663463776080971
73181,0.6236875250056171
73182,0.6250688975587481
73183,0.8548813217174983
73184,0.6290883759405825
73186,0.5841135899680003
73187,0.5614370254175977
73188,0.5834424035474078
73189,0.3411082935377349
73190,0.616735053776369
73191,0.5398519252896308
73192,0.7892489514177781
73193,0.6215137305710731
73194,0.8168105891800529
73196,0.6121603258512288
73197,0.8776768256465907
73200,0.6337094171909982
73201,0.7778472931302102
73202,0.555999315622154
73204,0.4852982543770307
73205,0.3689148660230084
73206,0.8106020590912774
73207,0.6620843049394428
73208,0.6021370372598128
73210,0.8538155653842622
73211,0.5176800258232145
73212,0.6413294675437226
73213,0.6699576958267186
73214,0.5137578129619683
73215,0.6195755938860605
73216,0.5998868369587101
73217,0.743245892998769
73218,0.5044416672941145
73219,0.59752686764356
73220,0.3386878915489367
73221,0.34287994705651453
73222,0.6622943452621306
73223,0.7823195592948787
73224,0.3495925802709066
73225,0.7282299351071742
73226,0.7196206771167254
73227,0.3659332708769279
73228,0.8345281890761704
73229,0.771266846268538
73230,0.5221609538247137
73231,0.22129998557085032
73232,0.8951945220834526
73233,0.7697093282088133
73234,0.7887787804673202
73235,0.4654934025294437
73236,0.40644638165704894
73237,0.5575669842964887
73240,0.6263523864757218
73241,0.5210067093541203
73242,0.5806147101295908
73243,0.6860181169296938
73245,0.7572970353074783
73246,0.8015871321354139
73247,0.6390765976499647
73248,0.5073045574759593
73249,0.8014261784718061
73250,0.5837584691735929
73252,0.34875500111019303
73253,0.5596587432844791
73254,0.7383086451657214
73255,0.409616365796967
73256,0.7151144876608515
73257,0.46844298182218375
73258,0.6304541684355464
73259,0.3182739648182178
73260,0.0
73261,0.6704476135418688
73262,0.5536901718070824
73263,0.7128759312350366
73265,0.4711008607470604
73267,0.5798412060139796
73268,0.6104421732824155
73269,0.710615164417543
73270,0.4858901821642343
73271,0.7613095466735219
73272,0.3692521789159113
73273,0.5754093310602516
73274,0.7642127222766691
73275,0.7682041529765474
73276,0.5810605244307995
73277,0.8131335756862685
73278,0.2583175753927505
73280,0.5741018311669049
73281,0.6594711613719436
73282,0.8103055836074194
73283,0.5660666635644681
73284,0.5658104131888545
73285,0.7702487364127572
73286,0.5552304856225
73288,0.6818613284030159
73289,0.6637155234237356
73290,0.6651583558614129
73292,0.6612275929063601
73293,0.8474512998087095
73294,0.7049134758540164
73296,0.9656353101925563
73297,0.634519346125287
73298,0.5376276497704177
73299,0.6904073360665789
73300,0.6331291830458448
73301,0.5815166007063043
73302,0.57547860495973
73303,0.45226114571314957
73304,0.9372158289257805
73306,0.566883172582446
73307,0.7556150466239467
73308,0.6150741417516662
73309,0.7502563193596944
73310,0.6832640570606973
73311,0.7051702261387819
73312,0.514289042463881
73313,0.8058210201939087
73314,0.5839148485778232
73315,0.7310159242798834
73316,0.7664106160563735
73317,0.7206579084504033
73318,0.6037314841898067
73320,0.6884253310224032
73322,0.6492481517182326
73323,0.9077328254264497
73324,0.5919666222921024
73326,0.6216165327064843
73327,0.4226476019558268
73328,0.7257773830324071
73329,0.7029832344232174
73330,0.6169967058178749
73570,0.0
73700,0.0
74001,0.4057412115650499
74002,0.5650934928956395
74003,0.7490186833529832
74004,0.7120383811972522
74005,0.5789123245461746
74006,0.6213926277496741
74007,0.45468155824667367
74008,0.774830570113255
74009,0.7029079824232128
74010,0.5688596255826445
74011,0.0
74012,0.7028920992248558
74013,0.7056916631566391
74014,0.45579341365670595
74015,0.7364419318052198
74016,0.5348708851416921
74018,0.46288352986909614
74019,0.6841824601673857
74020,0.6708745948854897
74021,0.6005703280490456
74024,0.44386368160930073
74025,0.6235357343704085
74026,0.6270048433487297
74027,0.7659868395513468
74029,0.3432707542742732
74030,0.6292470035410371
74031,0.5542378887867726
74032,0.5947553424574501
74033,0.6214597309169184
74034,0.6087131045623583
74035,0.5965848770886654
74036,0.7611924409449894
74037,0.5544290280629243
74038,0.6401672186736369
74040,0.58508096351465
74041,0.6532902130901833
74042,0.4941473159165836
74043,0.5796376697301819
74044,0.5844573705917083
74045,0.7059102286257922
74046,0.6540019022355416
74048,0.6336095182454544
74049,0.44286597277155176
74050,0.601645376722327
74051,0.6319850737315319
74052,0.6814752025485383
74053,0.6270280627384436
74054,0.5607166713070572
74055,0.11101262235303189
74056,0.40981189060840056
74057,0.7626746334430354
74058,0.5875758094711717
74059,0.6335220187827852
74060,0.7711598707462338
74061,0.6521010006932734
74062,0.6513546734652454
74063,0.3297479435521253
74064,0.4396126226349601
74065,0.4635335503270391
74066,0.7454412871314888
74067,0.6711778648562192
74068,0.17868789988346703
74069,0.38369849810191337
74070,0.5951666545271449
74071,0.34854253719509565
74072,0.7000005849553464
74073,0.6710686276296638
74074,0.3325193304789662
74075,0.635572019239372
74076,0.6134188378467088
74077,0.28313378183794413
74078,0.6211760028920201
74079,0.7527475282125452
74080,0.5656232881434599
74081,0.4016915570720947
74082,0.5193446924354829
74083,0.520228834028556
74085,0.7093087435423029
74086,0.6594802131795581
74087,0.47321589557372884
74088,0.622863321645446
74089,0.5625568643088232
74090,0.47329484008174055
74091,0.44017574608779303
74093,0.0
74094,0.5382964581195666
74095,0.696443857002394
74096,0.558603216730424
74097,0.52321235410786
74098,0.6468054903309483
74099,0.835353933897304
74100,0.4029015426607261
74101,0.3866924001410916
74102,0.7273598953398513
74103,0.5655295954229228
74104,0.7141182262627622
74105,0.5999953934251928
74106,0.6020802631103571
74107,0.5493271730484596
74108,0.7803749825709546
74109,0.1941522000212912
74111,0.7996385385824128
74112,0.594075611060219
74114,0.42926507083625404
74116,0.5486386615195011
74117,0.7835012349278978
74118,0.6582861642644239
74119,0.8411046647970135
74121,0.6674820437064118
74122,0.47624037633170113
74123,0.5411222511132707
74124,0.5857927147563863
74126,0.6158532533456503
74127,0.6768168020809533
74128,0.47251194708391164
74129,0.704879063003723
74130,0.10345635323260051
74131,0.47795610684032913
74133,0.6291400690992707
74134,0.4314233830361
74135,0.6737688466906163
74136,0.5455811282828195
74137,0.5593479966493963
74138,0.5941731348994402
74139,0.5903818365051656
74140,0.5781905539422639
74141,0.7412107712549562
74142,0.5842960558418052
74143,0.5681201848812388
74144,0.387316659592317
74145,0.7131147694372091
74146,0.7508898450584153
74147,0.7553232701295722
74148,0.7431706480101945
74150,0.6061386860922561
74151,0.6904597907855289
74152,0.6791926678918895
74153,0.5960011015958018
74154,0.6823743480291059
74155,0.6508799343228474
74156,0.6711322088099948
74157,0.64972534621684
74158,0.6506816339637095
74159,0.42220552174550335
74160,0.447949163030856
74161,0.6297955047116501
74162,0.49160050982344156
74163,0.657843340628141
74164,0.38506462880344133
74165,0.6012269510465807
74166,0.724126011093424
74167,0.6000913927004009
74168,0.6616731057601114
74169,0.44082923660092027
74170,0.6730355927057595
74171,0.6577965910213672
74172,0.8012466375503999
74173,0.48016199302122403
74174,0.6124533119443345
74175,0.7369074848963328
74176,0.742681348079168
74177,0.7513850436095338
74178,0.6686897349458715
74179,0.7277794213492328
74180,0.5992432671719694
74181,0.0
74182,0.0
74183,0.3851776963669236
74184,0.613894249550394
74185,0.6007061565824645
74186,0.7131508006000957
74188,0.267906788131271
74189,0.41397430186193745
74190,0.5826975233898403
74191,0.323160808297146
74192,0.6766484103178992
74193,0.7221169434204119
74194,0.6039238709879545
74195,0.6729251390749914
74196,0.5166941945832949
74197,0.5510598246901548
74198,0.7990576193595622
74199,0.7048118794231825
74200,0.837030427793899
74201,0.6017055123401538
74202,0.7590399669494367
74203,0.7534014951314689
74205,0.5580266570632234
74206,0.6168853199766038
74208,0.3793137082405684
74209,0.4671317490018374
74210,0.6407596810720256
74211,0.45888169433709963
74212,0.3830188203373641
74213,0.6544210354109284
74215,0.48552755912216566
74216,0.6023212780283518
74217,0.0
74218,0.6622072521244167
74219,0.6727687284194643
74220,0.4610597809724277
74221,0.5318113779673167
74222,0.7112958876750616
74223,0.5038457507668371
74224,0.4914325415671534
74225,0.5872602068232737
74226,0.6501774553374634
74228,0.7430052830715734
74229,0.6125784088420826
74231,0.7555502227326056
74232,0.7579568739721129
74233,0.5593421674126541
74234,0.7864252062197354
74235,0.11408961390164017
74236,0.36727057442974526
74237,0.6893454255147736
74238,0.2629353272012903
74239,0.6011420212261639
74240,0.49243711447907906
74241,0.5981749959115615
74242,0.6432154685944557
74243,0.5221298766589836
74244,0.4830191888171275
74249,0.6584200014705149
74250,0.43548556211152106
74252,0.4578320054204454
74253,0.5349970608595042
74254,0.6341732762111493
74255,0.727742653523717
74256,0.47588297096780946
74257,0.6898840442798398
74258,0.46783097508750543
74259,0.7569275823928536
74260,0.36037955867724375
74261,0.6156411341710161
74262,0.5003315239713964
74263,0.5526803479709255
74264,0.4133470050186234
74265,0.7666040974894178
74266,0.6782442205533455
74267,0.7236142425028392
74268,0.0
74269,0.40078696774673994
74271,0.6725172088603998
74272,0.5725991237303931
74273,0.7276211561728226
74275,0.6897943687367994
74276,0.3962281954350266
74278,0.40855585693653546
74279,0.6422969971250482
74280,0.643983174024394
74281,0.5786564530849978
74282,0.45655266066633543
74283,0.6691508672112886
74284,0.6294369093482868
74285,0.19113113210976818
74286,0.6110126580960594
74287,0.6363229228002599
74288,0.32316360182722864
74289,0.6428068173009005
74290,0.6207054934691797
74291,0.2451169175285551
74292,0.7126414044838444
74293,0.5849958455062519
74294,0.45669299015470033
74295,0.6971252169290728
74296,0.43299907334942284
74297,0.7240800717287971
74298,0.6033035610919463
74299,0.7381031091639131
74300,0.0
74301,0.6639290775290562
74302,0.6372072066725359
74303,0.6276914812897414
74304,0.6282836782433869
74305,0.7081773257819273
74306,0.6985160579075552
74307,0.6676047875220578
74308,0.7057764265135346
74309,0.4018336057699386
74310,0.6212144063069627
74311,0.542825369695016
74312,0.44943605810643583
74313,0.7663970345564316
74314,0.32609402625710215
74315,0.6538968756077287
74800,0.0
75000,0.0
75001,0.0
75012,0.0
75014,0.0
75015,0.0
75018,0.0
75020,0.0
75056,0.8575766967973827
76000,0.0
76001,0.3609827121400481
76002,0.38292835023695265
76004,0.6022158941481428
76005,0.7449557881186838
76006,0.47046868976125483
76007,0.6693975259435304
76008,0.672426299237418
76009,0.5137276742142477
76010,0.5970480653915048
76011,0.45856350501992815
76012,0.4773007104886658
76013,0.3970017510273714
76014,0.667905628000264
76015,0.0721335065608092
76016,0.36364877571305976
76017,0.6808394751524839
76018,0.49995706996955264
76019,0.5633589992800396
76020,0.8067467672652336
76021,0.4870328134834517
76022,0.6011578821442627
76023,0.4691701771981475
76024,0.7540400314178223
76025,0.5162700092826271
76026,0.6678988649441401
76028,0.46752595832420835
76029,0.31171099874218655
76030,0.5815649078822037
76032,0.34804951849768445
76033,0.5370960793341383
76034,0.33978031736861675
76035,0.1937124251274908
76036,0.48056877054762176
76038,0.6690677191719422
76039,0.6229942150079348
76040,0.21556830912912148
76041,0.4172669111807623
76042,0.5875995602406853
76043,0.7213264215524591
76045,0.5756026110827889
76046,0.6425408098583377
76047,0.4906333825546059
76048,0.46679930299715755
76049,0.39064029183353205
76050,0.5127561720780942
76051,0.3604028308625857
76052,0.5104225222129594
76053,0.7438690758051498
76054,0.616543689648394
76055,0.5649521343770393
76056,0.8268386157140678
76057,0.7572382619388028
76058,0.36724754587688757
76059,0.39660884663014206
76060,0.6850255738167963
76062,0.4902569662734746
76063,0.2570814666166969
76064,0.7437569141072138
76065,0.6805465158922601
76066,0.652058523376209
76067,0.2186616646046701
76068,0.4583473482148357
76069,0.7706401252647903
76070,0.6961533851050047
76071,0.6369896093069835
76072,0.5430748226820451
76074,0.4334645956866972
76075,0.419161052071713
76076,0.42738400584119224
76077,0.41087363316205733
76079,0.548013826526489
76082,0.23798768694160957
76083,0.34882276255389905
76084,0.35023074931457837
76085,0.4667440068892943
76086,0.5287527349198985
76087,0.41355973008644326
76088,0.8290735258298167
76090,0.31095076030672303
76091,0.5748983280986497
76092,0.5200518437375341
76093,0.4008157615885867
76094,0.45767184538182076
76095,0.6451983622960832
76096,0.20986486524264047
76097,0.5338489406956497
76099,0.771943530286643
76100,0.5520799911644204
76101,0.2509869569324892
76103,0.6524675772064654
76104,0.09491122351491592
76105,0.468871566156734
76106,0.6807647263884485
76107,0.4890871755692521
76108,0.561662172765928
76109,0.5613100579491412
76110,0.5964768669154826
76111,0.6593494698153936
76112,0.5701529093141876
76113,0.5723587741990223
76114,0.26676914989745143
76115,0.3938504728888237
76116,0.7701113876288143
76117,0.5232252754312662
76118,0.563112431143004
76119,0.4980831288769165
76120,0.6309801588185026
76121,0.5617876513724269
76122,0.2574476629714395
76123,0.7927096730693739
76124,0.4120437980621327
76125,0.7025962340421471
76126,0.785264566224192
76128,0.35786829530672154
76129,0.5019429362844753
76130,0.6659977430562907
76131,0.5748944337021678
76132,0.4997365103223554
76133,0.565563726747743
76134,0.07358564596641533
76135,0.6793167833387707
76136,0.492034632885962
76138,0.5372366994233634
76139,0.6572740787762396
76140,0.2855162494368997
76141,0.2866101060863442
76142,0.26268022971063915
76143,0.42092847218375873
76144,0.48406114429924535
76146,0.3558715823864051
76147,0.5887248257170619
76148,0.7246442361234937
76149,0.5368692343885337
76150,0.0
76151,0.06992656533843093
76152,0.5137260360027714
76153,0.4292211141941074
76154,0.36699339686996707
76155,0.388748103489887
76156,0.29802707471120266
76157,0.6979040839796392
76158,0.3562231777331834
76159,0.21832196143786176
76160,0.8070976187379454
76161,0.4416356525919551
76162,0.7096137694915626
76163,0.551253376909037
76164,0.6562239429178517
76165,0.8717458820471452
76166,0.528944751134128
76167,0.732206152550433
76168,0.7258886846070114
76169,0.5869261064944701
76170,0.6512802645673927
76171,0.4411656421596464
76172,0.5096669616162975
76173,0.5136453002658504
76174,0.776859095953823
76175,0.4711542789525935
76176,0.2733229075103775
76177,0.6899603800586963
76178,0.6127316955439882
76179,0.6999539587479305
76180,0.4635521505750737
76181,0.3927694139049603
76182,0.35401613405512694
76183,0.5166425258347154
76184,0.5637237986816027
76185,0.755070546620009
76186,0.3539496001436972
76187,0.5710483449539155
76188,0.42538669276349217
76189,0.07850701321444113
76190,0.42998614852980094
76192,0.4529972469495392
76193,0.6788753160468417
76194,0.6905630368863006
76195,0.38671504081570157
76196,0.6360335095585233
76197,0.4171935935693875
76198,0.48753690246495274
76199,0.1998582070591253
76200,0.411180520993735
76201,0.385194829165183
76202,0.6712851124970162
76203,0.686802157326087
76204,0.6248861658876793
76205,0.5297926290363352
76206,0.6571351522091173
76207,0.4423366744371336
76208,0.41809914108611784
76209,0.37832911237014
76210,0.699064130054472
76211,0.4157630776163151
76212,0.6577910287203353
76213,0.4414047427591226
76214,0.4891834721225931
76216,0.6618440036565255
76217,0.7929529559610985
76218,0.4591951180135932
76219,0.29051167390433036
76220,0.6593673132673453
76221,0.07491146889718268
76222,0.768935836706424
76223,0.6040848087014196
76224,0.5526319108697804
76225,0.4097137864457048
76226,0.46602690129891816
76227,0.5074395848492409
76228,0.546807283507405
76229,0.334369630344071
76230,0.41636451679892234
76231,0.7592009435839263
76232,0.49659527369690554
76233,0.28268156668458216
76234,0.7463216677371359
76235,0.5758036979235892
76236,0.37639842390377165
76237,0.8596759814596427
76238,0.7452507409798746
76239,0.5200791052536152
76240,0.6458496766471045
76241,0.05882677016022523
76242,0.4795821783013943
76243,0.5297486642131265
76244,0.618919590617933
76245,0.6858806642939004
76247,0.732970563726799
76249,0.6873412487780852
76250,0.5116507195229144
76251,0.42602528930976113
76252,0.4352380171325196
76253,0.3818579419500226
76254,0.6415055741461408
76255,0.3935609610979425
76257,0.29037220957704396
76258,0.36577977176192106
76259,0.639019456551981
76260,0.4555527239105033
76261,0.614470167938194
76262,0.48571203599768714
76263,0.2095207129708583
76264,0.5661424108912542
76265,0.5246504355121253
76266,0.3728484252272444
76268,0.5810189587009627
76269,0.618641389810888
76270,0.7854847723036033
76271,0.6949600840769369
76272,0.2715517994842538
76273,0.7144026426943099
76274,0.6742785547741618
76275,0.7774929004496635
76276,0.5340279177076693
76278,0.1765881383577371
76279,0.37616790645718323
76280,0.6471808318935052
76281,0.6074694854288647
76282,0.6583799482196341
76283,0.7851223025752665
76284,0.5663463666064352
76285,0.6810550645711602
76286,0.3831165234781335
76287,0.7383313468270841
76288,0.7791527454647073
76289,0.7342497781441736
76290,0.5509092921380788
76291,0.6393572898830421
76292,0.27066897701271403
76293,0.3640101082494696
76294,0.4731412113033478
76295,0.3067970479692607
76296,0.6021505484015836
76297,0.4030162239902633
76298,0.680724195757309
76299,0.3415741813657116
76300,0.5535564597252265
76302,0.49482518383060237
76303,0.4924727069419866
76304,0.4531551233885955
76305,0.5973464704432644
76306,0.5034594515009836
76307,0.7563830339190498
76308,0.4197142556647364
76309,0.37640648831790946
76311,0.8122957216193818
76312,0.5370511766349647
76313,0.7755522653155246
76314,0.5169794801270423
76315,0.4056430034220731
76316,0.6130293833551482
76317,0.43106417094778654
76318,0.5444070581810262
76319,0.5607904345586853
76320,0.37025879224472563
76321,0.6961487330445494
76322,0.7385432448656468
76323,0.6366587185906653
76324,0.8305383873920263
76325,0.5053426656766709
76327,0.4947661863050034
76328,0.4212936562002356
76329,0.4442564586010623
76330,0.47233909693239823
76331,0.6888087440579506
76332,0.2825581093025978
76333,0.36253540405268675
76334,0.5353322459226536
76335,0.5852816037523701
76336,0.06622003953029007
76338,0.394808761442833
76339,0.4421111145298602
76340,0.4106095067668822
76341,0.8737270157780657
76342,0.3562830569263356
76343,0.4707102672366923
76344,0.1782958393584115
76345,0.3832337176861886
76346,0.3569132433989402
76347,0.4149482554271593
76348,0.359278019400706
76349,0.7276618818030371
76350,0.6279351493059344
76351,0.6590789564217118
76352,0.19116957347456376
76353,0.3604120413033755
76354,0.7251407776621134
76355,0.5114774016203378
76356,0.5749905281121616
76357,0.6871378689979183
76358,0.34019399270314005
76359,0.4901980756598581
76360,0.42273887230932233
76361,0.7797139288901654
76362,0.8340877445260365
76363,0.4082957930639138
76364,0.2827597116481333
76365,0.08062955013373417
76366,0.7133459129326312
76367,0.6518949075215551
76368,0.3549384718585639
76369,0.5508286637804902
76370,0.6135875873498654
76371,0.4624544352400986
76372,0.21992339436503358
76373,0.5447079870291428
76374,0.3699452536476357
76375,0.09020780737675103
76377,0.6712541086194009
76378,0.6962311030188628
76379,0.4295918906503025
76380,0.5517191555146487
76381,0.5467457058782403
76382,0.33707407139020007
76383,0.41990943360177485
76384,0.4723562502381462
76385,0.5846209684531963
76386,0.3718437622579068
76387,0.542049704331223
76388,0.5595122927113457
76389,0.47002192207546445
76390,0.44806590914238525
76391,0.5116317921874236
76392,0.5094265422639327
76393,0.45558428020976244
76394,0.39665766262803775
76395,0.6242299409526854
76396,0.43806661403088376
76397,0.4584051137430065
76398,0.7088956210352162
76399,0.5397111458327747
76400,0.4456078843949007
76401,0.6486266098996595
76402,0.6600127257343521
76403,0.2476900163018306
76404,0.7188631121587212
76405,0.5332794140052349
76406,0.5760503958704365
76407,0.07927035914912998
76408,0.5266149711612537
76409,0.763432049646971
76410,0.6826542899759382
76411,0.25764976521777055
76412,0.6412190221752603
76413,0.6444290111779303
76414,0.7950466184130741
76415,0.6367298717586071
76416,0.7031468747678057
76417,0.7864318649244085
76418,0.6640445579324717
76419,0.6157082960493344
76420,0.6346392723476709
76421,0.4151888146926603
76422,0.4151574066584103
76423,0.3896160495131586
76424,0.6440575193097716
76425,0.5180536636308825
76426,0.29981662912506424
76427,0.7140512501067073
76428,0.06635208945891084
76429,0.6950870734678332
76430,0.7216836056783503
76431,0.2791361375659341
76432,0.8610405180208934
76433,0.6670894298850089
76434,0.7272272807866509
76435,0.41047954857085456
76436,0.5987633197377218
76437,0.7298084640299195
76438,0.38941320569698273
76439,0.2868507470113288
76440,0.43717127865499333
76441,0.24353243761899868
76442,0.3953268442620052
76443,0.6366016437235236
76445,0.6692997064581153
76446,0.6903024585130592
76447,0.6573953170314394
76448,0.7481780310202647
76449,0.5118882526328244
76450,0.35344023494006566
76451,0.5885815539359486
76452,0.644162911961024
76453,0.573391658944809
76454,0.583938038340579
76455,0.19011259458298566
76456,0.5655252742705054
76457,0.5779719326263818
76458,0.7667779799375115
76459,0.686316490099461
76460,0.37582097078310667
76461,0.618884982781377
76462,0.5203033685932673
76463,0.3984806836399039
76464,0.7531780779850635
76465,0.5895677689955984
76467,0.05793777022891044
76468,0.2575279474020621
76469,0.17900932418193835
76470,0.5000996345716524
76471,0.6130207056292053
76472,0.7599938026620575
76473,0.7464945037584595
76474,0.6647032491831003
76475,0.740407392113895
76476,0.4487649127985849
76477,0.7803151284330845
76478,0.6931906267365555
76479,0.3202196449640557
76480,0.07041635955533725
76481,0.7024108700836758
76482,0.4899540553516169
76483,0.47288600946196363
76484,0.5818954525188702
76485,0.44993301322442125
76486,0.6660692765928347
76487,0.752181126594305
76488,0.3123698641876783
76489,0.5820223826589235
76490,0.4919566840561409
76491,0.4803465147695123
76492,0.6436059161779286
76493,0.1658697030156925
76494,0.34746016883531256
76495,0.6639754647355322
76497,0.6515538692499595
76498,0.7103849941772232
76499,0.45785693733907756
76500,0.24817004696873343
76501,0.6863257321068303
76502,0.5123618738009982
76503,0.8166794044937437
76504,0.06599643831183978
76505,0.48251633373011193
76506,0.7610025601859597
76507,0.3895374560051412
76508,0.7669397305232214
76509,0.6028160637754678
76510,0.44112039722256474
76511,0.21183074105345834
76512,0.41465438949099537
76513,0.8269081452808394
76514,0.8218197185172219
76515,0.5918042773825066
76516,0.6428481324169414
76517,0.5889979084019247
76518,0.36529080493676247
76519,0.5475173092042012
76520,0.47130290673369785
76521,0.47603528717422944
76522,0.5355574998356483
76523,0.45083572209862544
76524,0.482438694848026
76526,0.7884566098423139
76527,0.5148788782013028
76528,0.28288758264965513
76529,0.479845322516188
76530,0.5101703068584603
76531,0.37123567700809784
76532,0.45074764546525276
76533,0.6066892150473565
76534,0.7881604297228592
76535,0.6022184017961603
76536,0.6483658944446158
76537,0.4614533298093582
76538,0.7850901386453378
76540,0.5477919534673256
76541,0.777260264884753
76542,0.4279709113244319
76543,0.2501108182657638
76544,0.5979045760040455
76545,0.7862134302543199
76546,0.5354462289830665
76547,0.4368339685049975
76548,0.44579372446692417
76549,0.531159406596119
76550,0.5971217446706615
76551,0.5356182895557701
76552,0.7738953599783492
76553,0.6518911210003803
76554,0.4749355786651983
76555,0.5710583503906439
76556,0.6440969162090794
76557,0.504268720927841
76558,0.7865293492367852
76559,0.5989779901193525
76560,0.7508860419621524
76561,0.6515240251297393
76562,0.5860276945831202
76563,0.5171266296377336
76564,0.6182145100385744
76565,0.7300904880269904
76566,0.7248535353160613
76567,0.5943063079856971
76568,0.7668292176896493
76569,0.07683773279539156
76570,0.5641341247514355
76571,0.3728825400553464
76572,0.6016292476044101
76573,0.4262863002979797
76574,0.32061017987282775
76575,0.5962903805379064
76576,0.34142175591214347
76577,0.6945951598679102
76578,0.8048945444911922
76580,0.6280397806279718
76581,0.423268497078151
76582,0.6677178679635403
76583,0.6804423624740443
76584,0.6027797705756779
76585,0.5808199869214951
76586,0.4260703389064253
76587,0.4927484953213152
76588,0.6744409648550516
76589,0.7331704083368707
76590,0.7555921610801581
76591,0.5995052608922361
76592,0.5510543037375379
76593,0.3093701655095839
76594,0.6994146548888883
76595,0.7375847908083286
76596,0.559530044782012
76597,0.4531522174811197
76598,0.4490949419676919
76599,0.684671038793281
76600,0.6526255954678861
76601,0.14682504750586828
76602,0.4902038962595608
76603,0.440848888334701
76604,0.40991680626033383
76605,0.6752012226731962
76606,0.25521932123897434
76608,0.7857202760049322
76609,0.6804589888371201
76610,0.6323772869480169
76611,0.5408273115557005
76612,0.4408389170438793
76613,0.3524536665571742
76614,0.8014835765218788
76615,0.714884253268206
76616,0.7287245356218263
76617,0.6418826792945035
76618,0.5178777583884292
76619,0.2994573131233962
76620,0.5882021962174127
76621,0.5310081523158862
76622,0.4815329908067271
76623,0.3331711262968109
76624,0.5495895977419976
76626,0.6007842540917131
76627,0.5806277006197749
76628,0.5840688497372167
76629,0.49932992132505616
76630,0.6918303714854841
76631,0.7550406998757722
76632,0.30229717687919355
76634,0.814414477823023
76635,0.3832851227496232
76636,0.7337742661817219
76637,0.3922288801572811
76638,0.3493617234678263
76640,0.8569519187803322
76641,0.5513804752895206
76642,0.4252443201914849
76644,0.34293025039774944
76645,0.5124191033757787
76646,0.11580977559297377
76647,0.43438458816568754
76648,0.6133861764404712
76649,0.6138563274995331
76650,0.6211882657678681
76651,0.10849000538557764
76652,0.7571159434276317
76653,0.3653361521977044
76654,0.5605561629405421
76655,0.12210426020778009
76656,0.732047432012926
76657,0.5223089497285343
76658,0.6598781932273281
76660,0.5678656608728351
76662,0.5443162891259863
76663,0.3494904723163426
76664,0.2769623318184405
76665,0.7681152618255923
76666,0.3040392841321106
76667,0.5731821253664076
76668,0.5463069990173979
76669,0.5103536307797767
76670,0.6238687774658426
76671,0.42680680094620155
76672,0.7223080559483871
76673,0.6223142302958412
76675,0.5686711529151723
76676,0.496389576280108
76677,0.2666345096480489
76678,0.6696421381568931
76679,0.48969216978628266
76680,0.5102901650347104
76681,0.6471657759635404
76682,0.6370706757975256
76683,0.45417766153164374
76684,0.6189013808107563
76685,0.4053640553927435
76686,0.3844319771360458
76688,0.4275549566377222
76689,0.3964433561691126
76690,0.5628410357514926
76691,0.6186179011421278
76692,0.5201730603271862
76693,0.6168420996307665
76694,0.4852470813554813
76695,0.3941632179684611
76697,0.7292283560871189
76698,0.7519621215677739
76699,0.49216811978136527
76700,0.3456840531553926
76702,0.7580772348312083
76703,0.6944479236499813
76705,0.5481485078751765
76706,0.6064465433501692
76707,0.5781807044105914
76708,0.5538325729370599
76709,0.7793519167103735
76710,0.5219443269339679
76711,0.44023725470788894
76712,0.568578647116993
76714,0.42835576182256574
76715,0.570941270641475
76716,0.652977205764716
76717,0.6455535281144827
76718,0.4077332178285727
76719,0.35660528725155455
76720,0.7005039466079747
76721,0.6339481816841789
76723,0.567291581153751
76724,0.47804634257020545
76725,0.2843220233771043
76726,0.5899000718216652
76727,0.5711915596454767
76728,0.7055650747138985
76730,0.48026749396165314
76731,0.49239392897613793
76732,0.3264960601170074
76733,0.6312199207820863
76734,0.6690584680891937
76735,0.0785192996807183
76736,0.26537767795197303
76737,0.4984859792266718
76738,0.40447154285263975
76739,0.37996485606529706
76740,0.574366266213668
76741,0.6416617235279252
76743,0.8002883996262441
76744,0.2982905262544864
76745,0.3975691822591652
76746,0.3763413822282112
76747,0.40309068047346197
76748,0.1337122123184994
76749,0.3802981315285013
76750,0.7607634686792512
76751,0.36556366347476793
76752,0.43262987775358813
76753,0.8008040462827011
76754,0.6450072287957503
76755,0.5169382520967857
76756,0.43899990842826964
76757,0.35201555890201713
76758,0.6474797568538764
76759,0.8148067972395073
76800,0.0
77000,0.0
77001,0.5753625128101884
77002,0.46497861943725255
77003,0.7283984550806308
77004,0.8717617855084376
77005,0.9869378882897513
77006,0.4990478719590552
77007,0.5703234442013222
77008,0.5516653954278861
77009,0.7402279024385768
77010,0.6448147288170555
77011,0.7436835090262991
77012,0.5194518864816794
77013,0.6800020533653425
77014,0.6516303122053252
77015,0.660234753052362
77016,0.45350846639248205
77018,0.9656666489443057
77019,0.42598951966238346
77020,0.5445447499365113
77021,0.42521474183417407
77022,0.7133990279165063
77023,0.9706877174134355
77024,0.6507044612978864
77025,0.41796639131530006
77026,0.49689110909274364
77027,0.5009955274227772
77029,0.646737094684287
77030,0.6411219082673633
77031,0.5406413340972901
77032,0.5558771438322789
77033,0.6066487070065988
77034,0.5745651783851037
77035,0.6243377069795192
77036,0.6376847777236657
77037,0.7477304944996143
77038,0.939680614579404
77039,0.92639563717603
77040,0.8717077834741692
77041,0.6803964726047139
77042,0.566342411296167
77043,0.7292652994908181
77044,0.8290583593121427
77045,0.7540955939513786
77046,0.7055251258110095
77047,0.9397255952948865
77048,0.39938122964796374
77049,0.9345938283019494
77050,0.26108391307795004
77051,0.754920388634852
77052,0.7324119027787251
77053,0.8183172745253574
77054,0.4650574417709447
77055,0.9819789859248168
77056,0.7527961071779287
77057,0.6961397742415153
77058,0.950325879926981
77059,0.9327968191511187
77060,0.6639804118277416
77061,0.3890820505798285
77062,0.9886339010660409
77063,0.9802738602358678
77065,0.5868337995024789
77066,0.37923018193266295
77067,0.6773689841501686
77068,0.7172110358420571
77069,0.8625967477779675
77070,0.586660953081517
77071,0.2555626476423112
77072,0.4953074639086396
77073,0.708944826154773
77075,0.9987725800790139
77076,0.6928129372255188
77077,0.977496683362681
77078,0.4635997406388241
77079,0.6448781432441654
77080,0.5561986264328526
77081,0.6616011965610026
77082,0.5833858918048298
77083,0.9155407616810097
77084,0.9026352999111822
77085,0.9665315011965032
77086,0.4694847628375502
77087,0.5872390939613424
77088,0.5093341717869836
77089,0.6552178737939096
77090,0.7326367467916581
77091,0.9789001363156286
77093,0.3773932556678344
77094,0.9899147234364452
77095,0.988341036523745
77096,0.8016539108782822
77097,0.5478025861961195
77098,0.656449478006648
77099,0.3934398734576259
77100,0.5158145759860874
77101,0.44890532381399423
77102,0.8011858003318247
77103,0.583003352272999
77104,0.9716562396535489
77106,0.5969395808652448
77107,0.7632601579330319
77108,0.975717203107675
77109,0.535462169380171
77110,0.7346314130109718
77111,0.9837099265544289
77112,0.7631845890604886
77113,0.5232451249310922
77114,0.9151759887265829
77115,0.6765843145744105
77116,0.49851160433163183
77117,0.5991127848817185
77118,0.983301050456476
77119,0.6716609338369968
77120,0.4460318780926375
77121,0.9307851368949042
77122,0.7893550733346378
77123,0.9788903244572388
77124,0.9600018087801371
77125,0.9674359113557064
77126,0.7376712027861722
77127,0.9075589971007086
77128,0.9564090614744819
77129,0.20006805992401114
77130,0.9335169954932899
77131,0.6505430552272989
77132,0.9900229464391394
77133,0.43754980819614603
77134,0.6244312495635244
77135,0.5185862326653911
77136,0.9116846208840786
77137,0.6031832068154234
77138,0.571361116447293
77139,0.9909808993150775
77140,0.7441320016378531
77141,0.9595558099838387
77142,0.9320164922994247
77143,0.9790658382801635
77144,0.9792110517336378
77145,0.6654546610558842
77146,0.9097263401722153
77147,0.6007890594616283
77148,0.5103346484562211
77150,0.9817686505670965
77151,0.5730599722094534
77152,0.8725010855760003
77153,0.6978882121781022
77154,0.9810402719727981
77155,0.9961190299981771
77156,0.5503425763278824
77157,0.34201430095128216
77158,0.7165252463288061
77159,0.6308575646894119
77161,0.6810602517600323
77162,0.6429284601360634
77163,0.7039149977154052
77164,0.4357020510168832
77165,0.710513258144756
77167,0.6993197691960877
77168,0.42040713417345127
77169,0.9146192496187915
77171,0.9978370999123015
77172,0.40780605766625627
77173,0.7634675031590077
77174,0.6262832815948084
77175,0.6959840123372506
77176,0.9724075087380465
77177,0.9373484526699872
77178,0.7306288317770147
77179,0.7240164816898608
77180,0.9241089149345751
77181,0.944605442653069
77182,0.5735189683402067
77183,0.4463414280775684
77184,0.7018393152947526
77185,0.6576868078872922
77186,0.36446917184585326
77187,0.5644955965170105
77188,0.8413009842954181
77190,0.7398650986639573
77191,0.6649452399507227
77192,0.7073538165239174
77193,0.9650643558939059
77194,0.4768398278193901
77195,0.6495115984549046
77196,0.9906772944110406
77197,0.620162431915848
77198,0.7442488412444107
77199,0.9254708527714043
77200,0.7668827723105366
77201,0.6394530699282769
77202,0.455196233860431
77203,0.9758332797191734
77204,0.6304239906623766
77205,0.9647004171637881
77206,0.9710134156346698
77207,0.6246150933175493
77208,0.7009252938330119
77209,0.9580148149653261
77210,0.4207236286508929
77211,0.6951497478896234
77212,0.41749238017284923
77214,0.9734553148069175
77215,0.9832618983191023
77216,0.4570689387610824
77217,0.6961058217066202
77218,0.7037062077689593
77219,0.976926476037176
77220,0.7222406884731152
77221,0.9567485622392743
77222,0.825013225251793
77223,0.7192094565902231
77224,0.9800165583046777
77225,0.9098491701290651
77226,0.6507275379262568
77227,0.7212969328476225
77228,0.6586674194652464
77229,0.9780979779941501
77230,0.786957972849886
77231,0.7699166495007473
77232,0.9926110251527885
77233,0.9866179090573644
77234,0.9937249259685909
77235,0.5410018964290723
77236,0.6637418059245207
77237,0.9605757032758374
77238,0.624031300458392
77239,0.5172980188873413
77240,0.5010666495588912
77241,0.9633100468615338
77242,0.6978457277560034
77243,0.9922231562617663
77244,0.5284839236178555
77245,0.43391262811013237
77246,0.49046537386965156
77247,0.46475414645899443
77248,0.9957234437411664
77249,0.9243819840039209
77250,0.6111909689031818
77251,0.8250859712909754
77252,0.7041253681848932
77253,0.6971901092967544
77254,0.8931359045869923
77255,0.8719440219340266
77256,0.7038466458915863
77257,0.7360110060916215
77258,0.9139959130625677
77259,0.8120806552838052
77260,0.7264874384789691
77261,0.5822973644423434
77262,0.3874209791442607
77263,0.6914252563052244
77264,0.6872270930368263
77265,0.3739856068524367
77266,0.4225614720361115
77267,0.7398385696852497
77268,0.9793572688327442
77269,0.7267772187596258
77270,0.9726148607977784
77271,0.7815490194364872
77272,0.7575694531896459
77273,0.9534336819314418
77274,0.9690106076157131
77275,0.5469849172459691
77276,0.9485675689643571
77277,0.9755740329758623
77278,0.6194997213957653
77279,0.3692532502563353
77280,0.7659221554303782
77281,0.725977811995752
77282,0.7750146988465728
77283,0.5982903896561677
77284,0.9852142876918025
77285,0.9045305218637312
77286,0.7509209545492063
77287,0.3678139478483484
77288,0.633391945312208
77289,0.6005737538347817
77290,0.4068678199338945
77291,0.7929319614879887
77292,0.9889769163784043
77293,0.37448060848114223
77294,0.9638649755801446
77295,0.6573389318403613
77296,0.6983714262422697
77297,0.6551074457624241
77298,0.713220282768054
77300,0.9083391478798696
77301,0.3908967148856473
77302,0.43309984690498576
77303,0.500485274939246
77304,0.3874934700924529
77305,0.3390760269511524
77306,0.7082186651799107
77307,0.97300138393694
77308,0.9655597870198612
77309,0.9714484375284508
77310,0.6886862017738541
77311,0.718556938269218
77312,0.5688590297358963
77313,0.7014278494688458
77314,0.32664246719511114
77315,0.9766006274396976
77316,0.5262331074269389
77317,0.615011477994223
77318,0.9823784045039288
77319,0.6403848696555037
77320,0.9721092155385835
77321,0.6346824158715808
77322,0.6982947771260689
77323,0.8337236309408498
77325,0.6795025993314284
77326,0.7003139200376934
77327,0.8426752260806413
77328,0.6478026541819908
77329,0.42172968175559916
77330,0.9418236588302022
77331,0.6662283786905733
77332,0.9701125404371519
77333,0.4283909153574748
77335,0.9837475033021726
77336,0.9868001203316359
77337,0.9206532219529966
77338,0.7292863532390458
77339,0.366006947403237
77340,0.45331814780276775
77341,0.7295328513310119
77342,0.7902421987487198
77343,0.7572450751745956
77344,0.695692308473816
77345,0.682670366109102
77347,0.6520261854985865
77348,0.7786175851131413
77349,0.7294856622818093
77350,0.9241693931475674
77352,0.8636945090390197
77353,0.6175324541280324
77354,0.6996424231862072
77355,0.7149322583050525
77356,0.6837069045412097
77357,0.6037922629882583
77358,0.9741694219608502
77359,0.6514505702402532
77360,0.7320401093260397
77361,0.9296439188941843
77363,0.9824642673457874
77364,0.9880816407001772
77365,0.6116351884076422
77366,0.9813388497211705
77367,0.7728686086598772
77368,0.7239130446457928
77369,0.9854648354585648
77370,0.445452939925985
77371,0.9754821945818151
77372,0.9853884295505719
77373,0.9052626456662178
77374,0.9366997800899668
77376,0.9922959712339058
77377,0.9846122754090959
77378,0.6792354643967041
77379,0.5477006011264625
77380,0.7336419859433404
77381,0.6267760225032936
77382,0.9512445311835384
77383,0.7176949021051436
77384,0.759245503518311
77385,0.7292670921312109
77386,0.5307120518645573
77387,0.340022918082874
77388,0.6598996328696853
77389,0.8802766914117383
77390,0.9052935745357867
77391,0.587777793757778
77392,0.7583327994388901
77393,0.5493425975562669
77394,0.6957612029436063
77395,0.7151111438996808
77396,0.6352970230380625
77397,0.6245804594597032
77398,0.6520541131949517
77400,0.6408274992973021
77401,0.36756399873932444
77402,0.5611558160399784
77403,0.5823614745889149
77404,0.7033769776163613
77405,0.5718853528278316
77406,0.673505759262786
77407,0.6161628266436826
77408,0.9203682513371794
77409,0.36175836235154785
77410,0.7221614921585494
77411,0.6807473094403435
77412,0.6672940714229535
77413,0.9679462466828669
77414,0.5628260109298902
77415,0.9016321748692637
77416,0.662796938767107
77417,0.6887781226515522
77418,0.6871920793952818
77419,0.7066327675860898
77420,0.9587050426270687
77421,0.4768976988934313
77423,0.536505982957434
77424,0.3025573206719902
77425,0.5806436783408812
77426,0.5661096065245189
77427,0.973495166585491
77428,0.7121940120804063
77429,0.6407861463515451
77430,0.5954990907057606
77431,0.4354280672025123
77432,0.5161474657830717
77433,0.48025684060671847
77434,0.677035883399813
77435,0.6599253317186627
77436,0.5455756375238191
77437,0.9653927218575813
77438,0.9533527289434711
77439,0.6476251383127201
77440,0.538731081973891
77441,0.7510507508374284
77442,0.6485622711937973
77443,0.9230915431656248
77444,0.3337030750564068
77445,0.6969019751489457
77446,0.6437150981339742
77447,0.9184705829078866
77448,0.8061669577559497
77449,0.9715951383649924
77450,0.8956313723494462
77451,0.5254475239534525
77452,0.7277886794308005
77453,0.5875862688902479
77454,0.6870184352862984
77455,0.8668535730326482
77456,0.7066822299913519
77457,0.8913495853152161
77458,0.2962282415371657
77459,0.5766230109258604
77460,0.4802058943172562
77461,0.7033367113879492
77462,0.9674028102613269
77463,0.6305924694139752
77464,0.9904079468453727
77465,0.686504665735422
77466,0.9836026546014643
77467,0.43149743735874296
77468,0.92631593446187
77469,0.5699626451977919
77470,0.9784786269524615
77471,0.6374901732074685
77472,0.7009563669265657
77473,0.4546047967878226
77474,0.9885679505332852
77475,0.9352082312868282
77476,0.7884124457778313
77477,0.6397342333198653
77478,0.5591189509871738
77479,0.9256517451143527
77480,0.4442235858596337
77481,0.7393166019765324
77482,0.42288573277597763
77483,0.9779309759452692
77484,0.921935071318228
77485,0.46348673575901905
77486,0.6303511462378792
77487,0.7668580083103652
77488,0.0
77489,0.6474531076923873
77490,0.44621798138175955
77492,0.5419263525910808
77493,0.8111736457500731
77494,0.41377605674361345
77495,0.6505920135965582
77496,0.6582811578752441
77498,0.9922017071500475
77500,0.6412192642292124
77501,0.7186986740148091
77504,0.5957269280084471
77505,0.908387588223071
77506,0.7002825251494894
77507,0.6747631594894611
77508,0.9466030315631325
77509,0.728059950175013
77510,0.9537879318904695
77511,0.8521306206403882
77512,0.6295057186988031
77513,0.9872315489248359
77514,0.9752397012635471
77515,0.988032038363185
77516,0.7200194078013816
77517,0.9840941606247896
77518,0.9110115059046873
77519,0.5645304627290231
77520,0.4815555640418944
77521,0.9525771231440237
77522,0.6615165751150887
77523,0.6363721400257734
77524,0.6845778780959861
77525,0.9896447681983602
77526,0.7653529533642542
77527,0.5349097215788997
77528,0.7460262910325373
77529,0.9440526843266096
77530,0.5603079647974059
77531,0.707228378581089
77532,0.6798782591588056
77533,0.6837337581490894
77534,0.8608093294958247
77700,0.0
78003,0.2506243234806466
78005,0.9295038604357572
78006,0.5940917368584336
78007,0.8073160989815246
78009,0.39821521151185185
78010,0.5114418036525671
78013,0.6900956194803625
78015,0.7395804494535491
78020,0.7463944010996065
78029,0.5175635296985602
78030,0.4772091948125625
78031,0.5766238575234263
78033,0.501479914082473
78034,0.6030350470174974
78036,0.5831587388158564
78043,0.9158755691728538
78048,0.40965563868534316
78049,0.5109889688845484
78050,0.6005197076445427
78053,0.7050476908648665
78057,0.7511543505658843
78062,0.6196518928794572
78068,0.8043691439275715
78070,0.5643569978066206
78071,0.475910692859055
78072,0.7888682054901387
78073,0.8047531223144221
78076,0.7045210964656472
78077,0.556797163008013
78082,0.7308592698745283
78084,0.6264213143033276
78087,0.45857421099724577
78089,0.7486398532589473
78090,0.5163717232843088
78092,0.9394804243913205
78096,0.42883324271966233
78104,0.5732281872760266
78107,0.9243037885237902
78108,0.4648632060788871
78113,0.6484228422946539
78117,0.9412429847270051
78118,0.7631806737578087
78120,0.4439100772395787
78123,0.7543220689021083
78124,0.9798652712461662
78125,0.6964672159080091
78126,0.9370412342369425
78128,0.7115963141883332
78133,0.8113582559586754
78138,0.7410146838782662
78140,0.51523411875911
78143,0.9331321397949779
78146,0.9735156954714341
78147,0.7692039490151169
78152,0.7909027540722006
78158,0.9358267644254554
78160,0.7118864990616808
78162,0.5555357661750778
78163,0.7374248530643776
78164,0.45824908394868075
78165,0.6054636289747796
78168,0.587636986027162
78171,0.5704564623727287
78172,0.8478243258875025
78179,0.0
78180,0.0
78185,0.7645358614528982
78188,0.7459755213129627
78189,0.6882468789860701
78190,0.9751754585516683
78192,0.7657785334886397
78193,0.7407791350738281
78194,0.45072204992367965
78196,0.7045444891963424
78200,0.0
78202,0.7638833590283625
78206,0.5224452760903994
78208,0.5483540175618868
78209,0.6517696637411019
78217,0.45207016230861385
78220,0.49487982470756586
78224,0.9115053473732262
78227,0.6612094109224257
78230,0.491806247279277
78231,0.8059361101170818
78233,0.6207585973988224
78234,0.8000318906727074
78236,0.7661732008647021
78237,0.7795379634586288
78238,0.5564693608243239
78239,0.613212458437418
78242,0.8394862962975665
78245,0.7278126242433821
78246,0.767429740636937
78255,0.7324169945574034
78261,0.6310305049844034
78262,0.5902608954354035
78263,0.38161656496220653
78264,0.598070654477203
78265,0.5968770063446595
78267,0.4596363415726484
78269,0.4301259964138959
78276,0.9037707250896091
78278,0.6964453066441685
78281,0.45975741969873
78283,0.6247159770861964
78285,0.5876059360566124
78289,0.5793406927618139
78290,0.742707564102601
78291,0.525703893563377
78296,0.5925099649387942
78297,0.771285565702538
78299,0.6408617070840239
78300,0.7862315641538656
78302,0.6185102506855875
78305,0.7002426529092567
78307,0.5706907258926489
78310,0.36988359811686
78311,0.9811158851940393
78314,0.47623109120239143
78317,0.6637407641779395
78320,0.7626061734676327
78321,0.5332492955791394
78322,0.9501104947562493
78324,0.7493795390332302
78325,0.6727029155268901
78327,0.46146993084067917
78329,0.7021850465920938
78334,0.5737044283387137
78335,0.5562588524233795
78337,0.7534174772839322
78343,0.9425653956348713
78344,0.740925366651862
78346,0.9089712308548084
78349,0.4971011094419577
78350,0.933991323375149
78354,0.5794730266094328
78356,0.7936716472426507
78358,0.9709703686089112
78361,0.5312555560241085
78362,0.5407658127596324
78364,0.6853801664131698
78366,0.598740467688465
78367,0.9645760950245478
78368,0.6950479936409284
78372,0.9286702013311379
78380,0.6652939849636397
78381,0.4344642153855713
78382,0.7729502251223342
78383,0.5488700959009957
78384,0.5945931410655864
78385,0.916848463252963
78389,0.5946794476267768
78391,0.7351360823075734
78396,0.9711921968867109
78397,0.580370283289096
78398,0.7095603346976312
78401,0.4889296266070404
78402,0.4480190934046344
78403,0.4702267645380778
78404,0.5907200547073669
78406,0.7290353552123557
78407,0.5781111894862375
78410,0.9082246019465591
78413,0.913295203225534
78414,0.0
78415,0.6935907141418861
78416,0.7642333870201998
78417,0.7865561125851043
78418,0.9724227619969552
78419,0.0
78420,0.5647194417692326
78423,0.5900200863749069
78431,0.5312089212811811
78437,0.9079739767242044
78439,0.7721839985117956
78440,0.477399790117933
78442,0.6596842418950141
78443,0.6139773589364959
78444,0.9300908524482695
78451,0.5125750177199856
78455,0.9091908772953117
78460,0.631470770968911
78464,0.501098237403967
78465,0.5479349278190421
78466,0.5292062864492015
78470,0.4257222600561265
78472,0.4826551912184691
78474,0.6953447125272256
78475,0.746591744654594
78478,0.4823222267640715
78481,0.9706691267556004
78484,0.7344642357584009
78486,0.4380522594399902
78490,0.5452825170165915
78497,0.45073904332926157
78498,0.5797813139076081
78499,0.4696617741036386
78500,0.0
78501,0.4594742098949678
78502,0.97806312122504
78505,0.7181211848183394
78506,0.32147899845765004
78513,0.5275555663167892
78516,0.5870708632406793
78517,0.3768020127102927
78518,0.8522180812289424
78520,0.4649575469398466
78522,0.49548995861507983
78528,0.7355636067137192
78530,0.7737562267904666
78531,0.7276976970266281
78536,0.7379184633352849
78537,0.4350515108958974
78545,0.8589383817657308
78548,0.7802830271358333
78550,0.6367833408858788
78551,0.9156923425874561
78557,0.6061154644180614
78558,0.7380112144780394
78559,0.9197077802006056
78561,0.5825089928570858
78562,0.5906452473035008
78564,0.3592153467014561
78565,0.7639574200162803
78567,0.7267297375494314
78569,0.4668920339221703
78570,0.0
78571,0.8979890720104127
78575,0.543564886093666
78576,0.5254700357037397
78586,0.9796827313587663
78588,0.6818550183185482
78590,0.7364972342950766
78591,0.7493787766609626
78597,0.5681089208131206
78601,0.4081510172683916
78605,0.49250924084406505
78606,0.6559439342017862
78607,0.0
78608,0.9132755077737045
78609,0.6562292320027737
78615,0.6498229137466519
78616,0.67131673398339
78618,0.7196157890423168
78620,0.9731794867277556
78621,0.5424430053321431
78623,0.6182552303684826
78624,0.6038315942550904
78638,0.6605754672827523
78640,0.9514931002909249
78642,0.5053940220940386
78643,0.5238195513218077
78644,0.5843776337870041
78646,0.9202956138139121
78647,0.5608279112197964
78650,0.9752610611233224
78653,0.5848833896220474
78655,0.4876302541209032
78668,0.740373720452783
78672,0.5839077758931279
78674,0.8123224513552385
78677,0.7902835574821679
78681,0.7573011017136045
78683,0.6290100729073796
78686,0.9450642874044853
78688,0.713550657266841
78767,0.0
78780,0.0
79000,0.0
79001,0.3900679655378752
79002,0.4623988201275113
79003,0.6239081040570484
79005,0.23841024834269411
79007,0.48331413500187037
79008,0.3348096229429458
79009,0.6907492610853488
79010,0.5008932365611568
79012,0.690359700418479
79013,0.2956946378301838
79014,0.30240827150743677
79015,0.3520381970035908
79016,0.37977937207159246
79018,0.6662415638011887
79019,0.4983889963547918
79020,0.7025681846857535
79022,0.4372740813818213
79023,0.6832632882014501
79024,0.6118867085976939
79025,0.22850185248907215
79029,0.2773419164220949
79030,0.5426430060331864
79031,0.7047149521219461
79032,0.7508544089983156
79034,0.7632563931535096
79038,0.2724613113190825
79040,0.49679791587793054
79042,0.6473417499661688
79045,0.0
79046,0.5043227707746726
79047,0.35476441113684665
79048,0.4508829212023902
79049,0.20017210803944793
79050,0.19984457720819573
79055,0.516856536366059
79056,0.6154172755343826
79057,0.5491070149799556
79058,0.7665786447024296
79059,0.5592125724311202
79060,0.45573896540776754
79061,0.49229412043097714
79062,0.32492899464976904
79063,0.3999611763364385
79064,0.32404508032521545
79066,0.5207473798759752
79069,0.45527047996745545
79070,0.6233552263432487
79071,0.37588103202534057
79074,0.49251987925492285
79076,0.363141359525266
79077,0.48937719555636017
79078,0.3691379585270509
79079,0.2547280691991182
79080,0.20011770995317138
79081,0.585565438971477
79083,0.4633681574648139
79084,0.6475180577406857
79085,0.4015216104840446
79086,0.5687641487254959
79087,0.5985757083005425
79088,0.3429132951494245
79089,0.48599547274319216
79090,0.24088430735614827
79091,0.21199931613450232
79092,0.6636276204774517
79094,0.4391199983420935
79095,0.38005134883876907
79096,0.22093904252281946
79100,0.638845738209889
79101,0.7261398520208558
79102,0.5484955612407687
79103,0.34796225295276617
79104,0.5699301660393471
79105,0.7713707742992401
79106,0.27823576751009976
79108,0.4497719259407394
79109,0.6267118826894639
79111,0.3218622585620453
79112,0.637389704327808
79114,0.574629493006502
79115,0.5921263476239582
79116,0.3277102164540824
79117,0.8619837822870845
79118,0.5470508967447031
79119,0.6350288114627801
79120,0.33082516479928686
79121,0.587905764742254
79122,0.6035242657063157
79123,0.3883383210541497
79124,0.7792478087472224
79125,0.6306998335925483
79126,0.7831892710829282
79127,0.6290137253750111
79128,0.6237025515309395
79129,0.5726959611091167
79130,0.6370709286695543
79131,0.38091190838995953
79132,0.34745038409571943
79133,0.622488877393515
79134,0.3481979549550049
79135,0.2758527460095689
79136,0.3023403752521909
79137,0.5607676826630846
79139,0.6588229096417128
79140,0.7448092410421602
79141,0.46545173442076077
79142,0.36776395279257024
79144,0.7783876893564406
79145,0.41241774472460907
79147,0.3896142238609725
79148,0.3426517286931992
79149,0.47611711236951465
79150,0.4754652564820536
79152,0.5128266581307336
79153,0.6270552897539207
79154,0.6274979241726121
79156,0.27944222251195
79157,0.5674628794526632
79158,0.5905304354697769
79159,0.5513249204746189
79160,0.4484564955125712
79161,0.4545275520603671
79162,0.6804078024543699
79163,0.46216294493233273
79164,0.42637616248955706
79165,0.33099899750210243
79166,0.6303431292301358
79167,0.4672901743569609
79170,0.3907548362926798
79171,0.0
79172,0.4168271008882076
79174,0.4594271168042448
79175,0.458321481256138
79176,0.6461459579855874
79177,0.39370785812795334
79179,0.30334751969580737
79180,0.4905302721740705
79183,0.32707736351438615
79184,0.6740302408940965
79185,0.4637940654630907
79189,0.4593169516370364
79190,0.466461990574283
79191,0.49763121021400014
79195,0.17356232223365997
79196,0.4432581985709371
79197,0.3962157136306134
79198,0.6082145080930362
79200,0.6009256653951149
79201,0.6074901835971686
79202,0.21435874886549675
79203,0.8272567342239098
79204,0.5146026536568363
79205,0.642487225971391
79207,0.19653806753299832
79208,0.2608754867850762
79209,0.3711783813427454
79210,0.16774172549925082
79212,0.44142650496955377
79213,0.20180388599530616
79215,0.43173799909460847
79216,0.63874965314246
79217,0.597686392734113
79218,0.482541747909401
79220,0.45891794939573644
79223,0.61809111967083
79225,0.745250813765828
79226,0.5609938203255722
79229,0.6529917164508227
79230,0.489257363534257
79231,0.5925274082873099
79235,0.3691189773335379
79236,0.38292102092982433
79238,0.4490579635092273
79239,0.2184467620662821
79241,0.6047102962748933
79242,0.3720995966940894
79243,0.40528037063287564
79244,0.5999636281714266
79246,0.5379105667538394
79249,0.6318432926863854
79250,0.5470535506999707
79251,0.3442864035507441
79252,0.4506442886172975
79253,0.6548770320496963
79254,0.5865608213702289
79255,0.4535177955737162
79256,0.7599964394171144
79257,0.5946681932128491
79258,0.5768893793993201
79259,0.5102974980823254
79260,0.0
79263,0.5976215305821994
79264,0.0
79265,0.6339771971736193
79266,0.0
79267,0.6445013354678507
79268,0.25917682075474185
79269,0.5876382324023278
79270,0.6746526341692718
79271,0.4739011730990921
79273,0.7853847142562027
79274,0.8123782790944345
79276,0.7181808601209895
79277,0.4977759128115283
79278,0.5744770485702585
79279,0.0
79280,0.19656220242773292
79281,0.7447532633632274
79283,0.5663146551953467
79284,0.6438455452690423
79285,0.21945304084274375
79286,0.36853708147509395
79289,0.4434749855033043
79290,0.5253986886348615
79292,0.0
79293,0.7004859763405183
79294,0.7818265826511777
79295,0.5277538064728664
79297,0.5929411252812907
79298,0.7023324111597975
79299,0.3436996788459005
79300,0.5200151384055419
79301,0.35737369703192035
79302,0.7190861541646015
79303,0.5971114604964861
79304,0.6575431497551989
79306,0.39074335193391746
79307,0.44469180610703013
79308,0.7776402691293618
79309,0.5718170626840611
79310,0.683817994394247
79311,0.3380519005040378
79312,0.545388732951006
79313,0.5144962150880916
79316,0.6355782523167518
79319,0.7342909330859159
79320,0.7588162603238616
79322,0.24846253557444975
79326,0.2074770943914277
79329,0.3267979327868494
79331,0.794210136718592
79332,0.5015088119707841
79334,0.5037524650483777
79335,0.6628515610917444
79336,0.6538293633854707
79337,0.605680711170062
79338,0.41885836432272266
79339,0.4188233969498521
79340,0.7612720184444303
79341,0.7749504258115607
79342,0.31700039419899845
79343,0.5555325801389922
79345,0.48297603313482407
79346,0.4897044999408707
79347,0.30507799795766827
79348,0.31665091885375535
79349,0.5916895664835308
79350,0.5949630141225797
79351,0.6872991553459395
79352,0.3577378225247883
79354,0.3210190503132025
79355,0.6714341947402792
79357,0.7473277687700915
79378,0.0
79425,0.0
79543,0.0
80000,0.0
80001,0.4403330566334102
80002,0.6861650788011503
80003,0.545071322361489
80004,0.6767757773701956
80005,0.6272376452788316
80006,0.6821005865222634
80008,0.5757802098938583
80009,0.4159887741908066
80010,0.6234126993398598
80011,0.5675901392693049
80013,0.6223545641054687
80014,0.7734543869705267
80015,0.7841369238867909
80016,0.73139044846726
80017,0.7947891465812499
80018,0.42947869868977073
80019,0.6728329193890383
80020,0.7322937051796202
80021,0.5122540868283186
80022,0.5958126657223765
80023,0.8430130799063965
80024,0.642258000201635
80025,0.5753363034556512
80026,0.6033726462954411
80027,0.9565582231503718
80028,0.4734324849137675
80029,0.695678015069138
80030,0.44428725184078627
80031,0.7278299819746722
80032,0.9057014492170138
80033,0.7630482250955112
80034,0.6553060960697654
80035,0.6269030978769545
80036,0.6893890025557684
80037,0.6513888270319558
80038,0.6317337855186007
80039,0.4471355915755573
80040,0.5281205925525612
80041,0.5354819701734284
80042,0.37135045456567967
80043,0.40214326989901134
80044,0.261378724814544
80045,0.7141585638266519
80046,0.594760149281332
80047,0.6989357512020135
80048,0.583515824334169
80049,0.9008039639091271
80050,0.6471249557391784
80051,0.7922882259399007
80052,0.7752597651686157
80053,0.954579176478458
80054,0.6500984610485477
80055,0.4271803782045723
80056,0.8379188088781854
80057,0.3813024083506107
80058,0.7392209154722575
80059,0.7918934007761586
80060,0.44631805553848536
80061,0.3231514611367296
80062,0.35675643567399185
80063,0.39286053395854736
80064,0.6866408087127863
80065,0.5903079484974931
80066,0.8211988726289459
80067,0.7754379269781676
80068,0.5735786638131526
80069,0.5934431594695443
80070,0.5050796643877288
80071,0.26219130207482116
80073,0.87525084420589
80074,0.939081602075922
80076,0.5495131957585311
80077,0.8201056598427496
80078,0.6790009553924857
80079,0.5773446837764941
80080,0.7439968682655479
80081,0.6342548911248264
80082,0.4756527969412761
80083,0.6809761190511221
80084,0.5199365177786885
80085,0.634709125279584
80086,0.33222182370304115
80087,0.4630985068524021
80088,0.7588904869665067
80089,0.3539247196557442
80090,0.7282525349947008
80092,0.6362359387218974
80093,0.5286302976520917
80094,0.638023632727356
80095,0.42440629290961424
80096,0.4368709306403269
80097,0.9041698270146811
80098,0.39447262062207905
80099,0.5920468438557184
80100,0.3470717862987173
80101,0.6918911039261842
80102,0.6245356885619775
80103,0.9490897339972159
80104,0.4165703902963369
80105,0.9453250234586461
80106,0.5367610883695516
80107,0.6686704745460705
80108,0.38559014314052303
80109,0.47034168979355306
80110,0.7544506841554589
80112,0.807564619304142
80113,0.5091352075977563
80114,0.5850101452381047
80115,0.5350783974179733
80116,0.8208272606065242
80117,0.401929798501839
80118,0.25874558164652695
80119,0.7864262978420866
80120,0.2820008017054622
80121,0.8777354571111257
80122,0.3958076260618597
80123,0.6696898761405409
80124,0.5230877559961377
80125,0.9083829484410385
80126,0.27690478635579874
80127,0.42282687582538275
80128,0.7465552649146515
80129,0.6357028512131073
80130,0.8576030993037995
80131,0.6507324520197509
80132,0.8433211340203798
80133,0.6643061877999755
80134,0.7260531716148719
80135,0.649442412741385
80136,0.7455243144489486
80137,0.7384560157101853
80138,0.8346032565606955
80139,0.9337056714474882
80140,0.40180977739580287
80141,0.762565668151684
80142,0.849268027924961
80143,0.5700798043003523
80144,0.7735688368350458
80145,0.423892081525225
80146,0.6475511639885355
80147,0.5904002868961511
80148,0.397195128161912
80149,0.703550325388525
80150,0.7816478242418251
80151,0.7650056809584155
80152,0.6938011408808883
80153,0.43406580675338075
80154,0.8033887425691578
80155,0.5122399251803259
80156,0.7717313244680936
80157,0.6798629828088
80158,0.8836008737056602
80159,0.6291822656352394
80160,0.7270183611465176
80161,0.6406597099020753
80162,0.7113678796531833
80163,0.5700766390539002
80164,0.7306440914874465
80165,0.5984000141549916
80166,0.5702774278803462
80167,0.6926994083782025
80168,0.33722353337085
80169,0.6326539826583606
80170,0.5257420778664715
80171,0.6501385785657628
80172,0.8340062512264245
80173,0.7071638507803426
80174,0.5646200572639889
80176,0.77631397653421
80177,0.6953934062715469
80179,0.395323477923281
80180,0.8510762497081971
80181,0.7373261659190781
80182,0.4887384296178745
80183,0.6084214665268534
80184,0.7888597294770903
80185,0.9481815750609238
80186,0.6270682487020571
80187,0.5631796764110154
80188,0.7566690976063076
80189,0.7550759449389653
80190,0.6610836044314247
80191,0.6996850870599962
80192,0.7864579371675071
80193,0.798846145748231
80194,0.8577266219357985
80195,0.8395935678889909
80196,0.683114551238611
80197,0.8702578171910128
80198,0.6424601563105945
80199,0.5667504231990196
80200,0.524133710946806
80201,0.38498463891166584
80202,0.6784204281478673
80203,0.5603718581331089
80204,0.4878206998369494
80205,0.3692705285846776
80206,0.8021566519964516
80207,0.8139427490465166
80208,0.6182599086433389
80210,0.7746804200638545
80211,0.618461003129357
80212,0.7228054870879937
80213,0.6559597223453243
80214,0.5748535804010736
80215,0.6807541659257165
80216,0.65651587114105
80217,0.48744398083744933
80218,0.6119037859888327
80219,0.7359914699186008
80220,0.8894660215374479
80221,0.5725323651950266
80222,0.4862160132506855
80223,0.7544327872233945
80224,0.9436198727378148
80225,0.8664642114792399
80226,0.6682288618490867
80227,0.7146320917836566
80228,0.5533708594951701
80229,0.7008077830550051
80230,0.7008806821572781
80231,0.5696265671580057
80232,0.7788095488254623
80233,0.7247234907857828
80234,0.6690194019967439
80235,0.392388006438545
80236,0.8788996721482022
80237,0.6134337885967334
80238,0.7782302768764321
80239,0.7132236438310732
80240,0.6802297659684483
80241,0.358472770194948
80242,0.5980927337906669
80243,0.5503932549756575
80244,0.5733069374729958
80245,0.5668482726842123
80246,0.8945272709310462
80247,0.6623135294837782
80248,0.5262434563308752
80249,0.563801134021687
80250,0.6488015790406828
80251,0.500600335376668
80252,0.8411922895019958
80253,0.4077331586181279
80256,0.5930578399216127
80258,0.8230941555176386
80259,0.5753526581096634
80260,0.5250151432686719
80261,0.7749458714626529
80262,0.6795587741361621
80263,0.7544849132389148
80264,0.8105830280306338
80265,0.37567935059181723
80266,0.6055471388489572
80267,0.7798565258150371
80268,0.7246994620141199
80269,0.6082418036948684
80270,0.32782837895521444
80271,0.7229415815600216
80272,0.8031078030737078
80273,0.5320798507203485
80274,0.6624488484474425
80275,0.5772301909587683
80276,0.5699950389789196
80278,0.8024544944134617
80279,0.9117698766961088
80280,0.5175227489517004
80281,0.588133913445206
80282,0.8091057671581224
80283,0.6145350210391589
80284,0.8094718676731949
80285,0.636347363725866
80287,0.7484843401331615
80288,0.7433028900175688
80290,0.6575835409473739
80291,0.8049314732270378
80292,0.7159697012774947
80293,0.9013729545785503
80294,0.8131831957595083
80295,0.7693890688006375
80296,0.37149634993868136
80297,0.6463035901383503
80298,0.4438220104778596
80299,0.7600013258074115
80300,0.7887594433856361
80301,0.6085579197010665
80302,0.9122010674678148
80303,0.6497306600285997
80304,0.7278839008138115
80305,0.6333444542628074
80306,0.9352957847401294
80307,0.6009802677405054
80308,0.5383494478362946
80310,0.3826158923471226
80311,0.8757603589609153
80312,0.6068509396849332
80313,0.6447960394713884
80314,0.5373313159698173
80315,0.516686501781123
80316,0.5738281699154946
80317,0.795527804774833
80318,0.3184685175235514
80319,0.830888182227239
80320,0.7990878488910013
80321,0.5581512247183292
80322,0.7069568816074838
80324,0.7119211654592439
80325,0.8794923748591162
80326,0.4963962945356842
80327,0.6556587114002573
80328,0.6215361521840789
80329,0.5146502027392774
80330,0.6623044185346655
80331,0.6943644949592201
80332,0.5351975486221102
80333,0.635539776409144
80334,0.7958698235611911
80335,0.8036805906709424
80336,0.4442405362411043
80337,0.7578098292268242
80338,0.6455079837399248
80339,0.7317233091668313
80340,0.26351956179232566
80341,0.8299851585919162
80342,0.9092012718816199
80343,0.3275804657381583
80344,0.5737466844879666
80345,0.7295205479601835
80346,0.580031348033817
80347,0.7286067449366075
80348,0.574356445162114
80349,0.5753072516347651
80350,0.8207459087414466
80351,0.8368431031282005
80352,0.7150795567249985
80353,0.6943385988804649
80354,0.6279829030495896
80355,0.5994891152126619
80356,0.6390652773944091
80357,0.7631980050073452
80358,0.7152735521928988
80359,0.7741440778513672
80360,0.47599833378688655
80361,0.7013840626539856
80362,0.3860576552383566
80364,0.43901118934262623
80365,0.6806875918821071
80366,0.8310772278411673
80367,0.6066339979836851
80368,0.4651159229625847
80369,0.38293968464012346
80371,0.6603437865900911
80372,0.7378234379915085
80373,0.40070188902737375
80374,0.660012264335779
80375,0.289964886416136
80376,0.6169226196563572
80377,0.2994269185627521
80378,0.5223776691245039
80379,0.7798614117416917
80380,0.5524681754728701
80381,0.398663057093108
80383,0.84289339030828
80384,0.6194515162567442
80385,0.6153777225576555
80386,0.8704651376396214
80387,0.8020351524178334
80388,0.514423647019895
80390,0.5262597216774373
80391,0.9452836869298987
80392,0.32546392141433805
80393,0.7718841217914015
80395,0.80279122884272
80396,0.6460376161808573
80397,0.5284225250076576
80399,0.6488047112411839
80400,0.890809053052552
80401,0.777142479163868
80402,0.6574985606627285
80403,0.805593108167158
80404,0.6623061645415335
80405,0.6543289977013437
80406,0.641807008862357
80407,0.624166465774586
80408,0.5809798342439288
80409,0.6975780177733961
80410,0.7229027277065737
80411,0.8425896070234234
80412,0.6802898639265068
80413,0.7591431637534923
80414,0.6276601879388012
80415,0.6419759968034293
80416,0.44648238609170526
80417,0.860160346457728
80418,0.5402614191329024
80420,0.7958290662352349
80421,0.7215836138317657
80422,0.6964441825363545
80423,0.7012952384859057
80424,0.6694811477904746
80425,0.5180329913685461
80426,0.8045883278899822
80427,0.2952437475354021
80428,0.5755019369608508
80429,0.7252913015710937
80430,0.6402333336821567
80431,0.7355380132690336
80432,0.7993431491790295
80433,0.9416379779716667
80434,0.8374036849103587
80435,0.8268776923074213
80436,0.28288428290361894
80437,0.7970018587812103
80438,0.5798213728844411
80439,0.4095396799790783
80440,0.6430782105422693
80442,0.8596390617567767
80443,0.31669423115270423
80444,0.6017795792784147
80445,0.36293389104973356
80446,0.48178080807278634
80449,0.6763944183328929
80450,0.5864448509950133
80451,0.7233971482664759
80452,0.6938608860755432
80453,0.9439641663497803
80455,0.5003783093804767
80456,0.2934164747340993
80458,0.8144209320512795
80459,0.7111929208409792
80460,0.4761074761443662
80461,0.7788337792195573
80462,0.81294569232129
80463,0.664044928710349
80464,0.5442070173535143
80465,0.9279470079051277
80466,0.5309053896291616
80467,0.7508694271487818
80468,0.7542879827090282
80469,0.629022352364668
80470,0.5102460507494556
80472,0.4892898075949646
80473,0.7345659485329138
80474,0.8882733264148811
80475,0.6964489789858485
80476,0.7747004515294901
80477,0.6167774522181964
80478,0.9457016544583828
80479,0.27916620398512987
80480,0.5201471794892869
80481,0.7960710090656108
80482,0.5807364224253894
80484,0.5338468108354235
80485,0.630501016017693
80486,0.37197682761297335
80487,0.8744719841974892
80488,0.5113087769942973
80489,0.7495880169416808
80490,0.7561883346650761
80491,0.3035456269846996
80493,0.46816186130262877
80494,0.8881466129639053
80495,0.2896548352651725
80496,0.7192980565260724
80497,0.43115534389739635
80498,0.5183730732875521
80499,0.8015767235802672
80500,0.47905126478990145
80501,0.6419633001209988
80502,0.6895119553069375
80503,0.4038515363125655
80504,0.8631316144545718
80505,0.7817283027463496
80507,0.6510743562504271
80508,0.9535528026167843
80509,0.669212489221153
80511,0.8873993191910895
80512,0.6607600567712387
80513,0.7887282477396477
80514,0.4271574517612738
80515,0.3025221694878106
80516,0.8513604356882354
80517,0.9529948368911505
80518,0.4811905207485767
80519,0.8978968513458279
80520,0.7048219090386684
80521,0.529097751044869
80522,0.5354055337946616
80523,0.7563155592090679
80524,0.9247392665564235
80525,0.3480345005177657
80526,0.3960148791272989
80527,0.452412843761661
80528,0.6604184172339761
80529,0.7193996343394415
80530,0.8079232209189756
80531,0.6017346937161322
80533,0.5642837672861719
80535,0.7384972063445785
80536,0.763297710930778
80537,0.6218667145405247
80538,0.4474506127026672
80540,0.6400554717300253
80541,0.8984506892634746
80542,0.8972717640078858
80543,0.8046843635061854
80544,0.42484182009687227
80545,0.6567580897187074
80546,0.6304853553214735
80547,0.6425732726808314
80548,0.6923911145625979
80549,0.5219978903801363
80550,0.8078100059093791
80552,0.4995213547579864
80553,0.7691595121118282
80554,0.7186686252422544
80555,0.7164904954704334
80556,0.7259319609283178
80557,0.7010926731001152
80558,0.6559154280257294
80559,0.6220921967917001
80560,0.7703518066895958
80561,0.7201363477169281
80562,0.8288985655809474
80563,0.31667873959917875
80565,0.7548992558872699
80566,0.4748198392159145
80568,0.8857048734655546
80569,0.7576934932885386
80570,0.5285285860225654
80571,0.78981368583047
80572,0.7851878383212131
80573,0.24030959691116402
80574,0.4145056941013248
80575,0.4099791341469876
80576,0.9363611757417086
80577,0.6198959423507047
80578,0.5894217068719846
80579,0.7471900754614333
80580,0.37822668751843974
80582,0.8085783821449896
80583,0.686336998181902
80584,0.5742065520056054
80585,0.8517743156031606
80586,0.3504601693002247
80587,0.502060201752384
80588,0.6632741388639123
80589,0.684620204818493
80590,0.6892720726160805
80591,0.661519694451282
80592,0.4839328160990021
80593,0.8226317513590587
80595,0.8484575078780822
80596,0.4369498971277717
80597,0.583818166397455
80598,0.5619474520489848
80599,0.6502250324651402
80600,0.6361106056769955
80601,0.750935409251159
80602,0.3178026683233844
80603,0.7050544259006064
80604,0.3226840867753735
80605,0.9076966429519202
80606,0.5943870884088017
80607,0.8606256087665424
80609,0.6782888482144659
80611,0.6504556973617867
80613,0.43656907926070976
80614,0.3738992623002886
80615,0.8356459672977231
80616,0.7990715970763381
80617,0.7434114181730411
80618,0.6229265794127525
80619,0.4943043519111557
80620,0.42959705491802574
80621,0.6641910427462906
80622,0.7153508898756521
80623,0.8975751390442591
80624,0.7832655491782013
80625,0.8088675366078298
80626,0.8555787890016519
80627,0.6275696812435411
80628,0.650147434396584
80629,0.7534672985733328
80630,0.3522156818197793
80631,0.5366640156406904
80632,0.6601580943017369
80633,0.5626467954362663
80634,0.8002838797478663
80635,0.5793466241187524
80637,0.7107491641665029
80638,0.9121885613202516
80639,0.7098881487936438
80640,0.8109878215316669
80642,0.5185746651077084
80643,0.7629897709204752
80644,0.762282526540182
80645,0.6368097001048241
80646,0.6948535554647949
80647,0.6935612608273379
80648,0.5911063007494369
80649,0.3852035250757802
80650,0.7039538627154017
80651,0.5360567792275067
80652,0.7119453797543095
80654,0.76264132688727
80655,0.6144269428260388
80656,0.7265284968313089
80657,0.5202845966153024
80658,0.7246264816151461
80659,0.6845146994324857
80661,0.771386245112589
80662,0.38247517733262154
80663,0.308471220324787
80664,0.5197352182579774
80665,0.4374102573730025
80666,0.5365609987672283
80667,0.9004313716890463
80668,0.8902593149648604
80669,0.9438731183210961
80670,0.8172546848150054
80671,0.6488118351467437
80672,0.814105499988837
80673,0.7334596189080864
80674,0.8538777664617517
80675,0.5958253593400054
80676,0.7410068365509819
80677,0.8422157137533581
80678,0.8899198190494766
80679,0.6669489492985364
80680,0.8300594157800139
80681,0.8108574455930629
80682,0.8117300876251079
80683,0.9124348163532812
80684,0.9179016983652023
80685,0.7868616703676935
80686,0.7232049919261098
80687,0.9012292165993226
80688,0.41062486302176837
80690,0.7994968417251201
80691,0.6040272861422703
80692,0.6797489390639094
80693,0.7743896525741554
80694,0.839735321732746
80695,0.5083721365023809
80696,0.6789899463545092
80697,0.4572653030407307
80698,0.49782049729906114
80699,0.5646845649921154
80700,0.5274136172814589
80701,0.7889842094662333
80702,0.7159206010542496
80703,0.2863535377550706
80704,0.8302603185641932
80705,0.42344730135094166
80706,0.2868979164716037
80707,0.584448310435144
80708,0.8010766375767586
80709,0.5739287928305185
80710,0.5004046989445393
80711,0.23431849468686616
80713,0.6481598438891912
80714,0.4589571765004883
80716,0.5710728361733461
80717,0.6423330910530146
80718,0.582045391252289
80719,0.41452204718137065
80721,0.5704848503172038
80722,0.5864211945421326
80723,0.8436320715874243
80724,0.6441502287180018
80725,0.6932791789722309
80726,0.8080082419348092
80728,0.44792474570856183
80729,0.6365765020238388
80730,0.5896687706385887
80732,0.4529360305983359
80733,0.6026830454511223
80734,0.6858329762683083
80735,0.863275871996655
80736,0.6808290015867421
80737,0.601340044920964
80738,0.6390031871165096
80740,0.7927188062416506
80741,0.7048754508068473
80742,0.4307171756949891
80743,0.7978607805666664
80744,0.6731979216413423
80746,0.6018599743314094
80747,0.7728555526291
80748,0.8117169455129268
80749,0.2930773115684389
80750,0.7345427257652215
80751,0.6173514788042653
80752,0.6429327878074733
80753,0.699161501569359
80754,0.5941610707860352
80755,0.6628401945718884
80756,0.4151095743321446
80757,0.8030737808293251
80758,0.7856516890685795
80759,0.7026276553486067
80760,0.3961044958300482
80762,0.8557053917435692
80763,0.6161261508738359
80764,0.552736021614265
80765,0.4557841265135803
80766,0.7371877053098087
80767,0.29554331261091105
80769,0.8394356934370947
80770,0.5967493361739659
80771,0.8400208095921992
80773,0.7889241516773634
80774,0.6821412450040077
80775,0.6754844231561602
80776,0.6522892229727213
80777,0.43156928297093344
80778,0.4031727901528042
80779,0.7563157625265594
80780,0.5640353125025394
80781,0.9027651133223937
80782,0.6120504669135164
80783,0.6523921029598104
80784,0.7893825102355745
80785,0.6547507747407693
80786,0.843611726196449
80787,0.43092249900748425
80788,0.7744025927335546
80789,0.6909807373915312
80790,0.9541097804582556
80791,0.6733244287153334
80792,0.542020669133397
80793,0.43940374757349737
80794,0.8957850511826851
80795,0.3852685007251478
80796,0.47016378655658114
80797,0.7596920711501873
80798,0.6791269796826208
80799,0.6168588278802848
80800,0.6091843296442915
80801,0.6881706864164806
80802,0.7642356560216865
80803,0.7909369574555701
80804,0.4194441987790987
80805,0.5991102399737278
80806,0.44813190096868255
80807,0.7768456189602406
80808,0.4091243035124276
80809,0.4425814585504904
80810,0.39781690494318656
80811,0.8953368128062483
80812,0.7497863302476983
80813,0.6344015781122473
80814,0.9143902974116283
80815,0.3934467448349536
80819,0.715811531834739
80820,0.7620159365865607
80821,0.5289473552406908
80822,0.9342231791509041
80823,0.7984854686141253
80824,0.8728778842402644
80825,0.7417289653045035
80826,0.5528070791469187
80827,0.5467756891992357
80828,0.7340360433654064
80829,0.777920327755571
80830,0.5371607940429173
80832,0.6911843240630507
80833,0.7191221057903544
80834,0.4261221656847043
80835,0.6508365704686644
80836,0.5910548342121148
80860,0.0
81000,0.0
81001,0.2657721230190219
81002,0.45305821981004163
81003,0.6112728422695174
81004,0.5651646521940931
81005,0.4817247663987085
81006,0.3290309067649542
81007,0.38029820113222
81008,0.5932968660266923
81009,0.6080905425522043
81010,0.6663310844596279
81011,0.3901250387282634
81012,0.5924199572200718
81013,0.7047420270951568
81014,0.5294681098603785
81015,0.44972047644049534
81016,0.7198017107696199
81017,0.5201495308165017
81018,0.5816483684313102
81019,0.516513243196741
81020,0.7041233691701048
81021,0.4837761950390696
81022,0.40315003130766586
81023,0.4264280550027763
81024,0.5976832750953732
81025,0.46743197499060196
81026,0.7052548260943263
81027,0.5688043494245835
81028,0.5455434380618663
81029,0.674412851365673
81030,0.4398666470089097
81031,0.5992245435047648
81032,0.4240791164604216
81033,0.5540872476148181
81034,0.7008643287298706
81035,0.558727226088397
81036,0.6432186938634633
81037,0.5772928544819336
81038,0.48135685303097553
81039,0.5707886147073461
81040,0.5498224967690635
81041,0.47386197320038903
81042,0.5309338079314855
81043,0.6069942684005121
81044,0.5929650864485428
81045,0.5950360276274688
81046,0.5633183032486052
81047,0.5646193797055997
81048,0.6190181155542053
81049,0.5869990745708328
81050,0.291368119215746
81051,0.6306684780350837
81052,0.5707458127685907
81053,0.6669472621507566
81054,0.5776603087160228
81055,0.7294565037320115
81056,0.34967210246257735
81058,0.5331087444125387
81059,0.6364937849325978
81060,0.49185847367685076
81061,0.829910870780521
81062,0.3628356138003069
81063,0.6060899990665432
81064,0.20080026012021582
81065,0.42346507493425545
81066,0.5834017721296978
81067,0.7886095410199404
81068,0.7021777543818452
81069,0.7044383595284428
81070,0.22793968953667978
81071,0.7297703061251646
81072,0.6732808730008389
81073,0.7007757901803382
81074,0.5944023080638883
81075,0.5945960792889904
81076,0.2924687868741869
81077,0.511646941194214
81078,0.5098009702987989
81079,0.6644781143958319
81080,0.7318114795502337
81081,0.5630619754792298
81082,0.542975607596454
81083,0.6802888481504555
81084,0.5704547827377877
81085,0.6056987293679676
81086,0.5584015411716153
81087,0.7445692107121579
81088,0.7170489527178825
81089,0.54192070753613
81090,0.8034781058733057
81092,0.4765921789011438
81093,0.6433800511394479
81094,0.6162802686762745
81095,0.6693504109332413
81096,0.5929728077722932
81097,0.6442079337676002
81098,0.5701352410913189
81099,0.24270713281897752
81100,0.3988348490844921
81101,0.5868749167880049
81102,0.4999944666823735
81103,0.5883599245382257
81104,0.24924163415851386
81105,0.5390943847411239
81106,0.29212164089241316
81108,0.33254881641299683
81109,0.5245026596552109
81110,0.5095691314640162
81111,0.45544343265867965
81112,0.6313811652204441
81114,0.6914492966536442
81115,0.5694163510854815
81116,0.5202567934264563
81117,0.6900329683166756
81118,0.4943385250407406
81119,0.7085078431115704
81120,0.38403154000119333
81121,0.6098168252024382
81122,0.3595763531762433
81123,0.7792107228206663
81124,0.3963774221329531
81125,0.5295856737400385
81126,0.49518358809841817
81127,0.30408842118960017
81128,0.516310554653709
81129,0.582888894619463
81130,0.5663043582676801
81131,0.5145375880850745
81132,0.5712621582722619
81133,0.5693934830348204
81134,0.5683281772604015
81135,0.5351134114745252
81136,0.3443778600480905
81137,0.6837303780845989
81138,0.7143171694548073
81139,0.53607872819813
81140,0.4697535921385156
81141,0.3356594078567263
81142,0.47601969876766487
81143,0.4981826120244038
81144,0.6006134814249003
81145,0.1714459615478805
81146,0.7676237647707822
81147,0.6443877610147076
81148,0.48932397433303465
81149,0.2843727002334625
81150,0.2755442002931429
81151,0.41342427030918444
81152,0.7282022887216014
81154,0.385217843151227
81156,0.5662687802654509
81157,0.48840430631599996
81158,0.5599077410759158
81159,0.5007683862047666
81160,0.6415007677564676
81161,0.5684503684982047
81162,0.3285351444531889
81163,0.38037564187418305
81164,0.3043787546739105
81165,0.565925256912457
81166,0.7854110887960982
81167,0.6016934213662571
81168,0.4212566233769108
81169,0.5842134463151375
81170,0.6401901369529345
81171,0.2374601362768526
81172,0.38506081143003223
81173,0.5427062403506188
81174,0.7076920066790954
81175,0.5931127320519692
81176,0.4887997243359646
81177,0.44584578581169204
81178,0.34035433660547015
81179,0.3953540772643655
81180,0.5035803759865615
81181,0.504229476183508
81182,0.5029638647099297
81183,0.5827791234766211
81184,0.5878011391049198
81185,0.5605729923260429
81186,0.5186444532427973
81187,0.5416156370180183
81188,0.44218873049695057
81189,0.2718552603247824
81190,0.654931304451183
81191,0.5168937304042717
81192,0.37443666246425283
81193,0.6473123030529092
81195,0.6364728485021093
81196,0.5802113737286355
81197,0.781738333476936
81198,0.7102482514950408
81199,0.6684559615223717
81200,0.4192816795862482
81201,0.2572080061340609
81202,0.3122526198503286
81203,0.5336037615056665
81204,0.48203769207775365
81205,0.3141430379138856
81206,0.24461770759698576
81207,0.5444062902644761
81208,0.3337868330140367
81209,0.5557460869678179
81210,0.4398277099832306
81211,0.7112233115658301
81212,0.47352610718555715
81213,0.4144042271683601
81214,0.5022372229808655
81215,0.42595623617609596
81216,0.5361862018446729
81217,0.24394195982563674
81218,0.46140961844552386
81219,0.3206492617125981
81220,0.18812368289649117
81221,0.5788871906291181
81222,0.6020150407834272
81223,0.6692206490330387
81224,0.5767643985764406
81225,0.5757757422293319
81227,0.47911189382931824
81228,0.3753747775601064
81229,0.48753519833665493
81230,0.5547826253749272
81231,0.5047761046938366
81232,0.6035889284443515
81233,0.5387682960378677
81234,0.30289943708205397
81235,0.652745563554021
81236,0.4212066509765644
81237,0.5569186872264894
81238,0.48346109260564457
81239,0.5263080662796978
81240,0.5408709816821935
81242,0.5512718837681906
81243,0.4192148845356929
81244,0.6930128451006077
81245,0.5060932180455526
81246,0.37880300720530546
81247,0.7036174659296064
81248,0.4807451695162781
81249,0.4695843149087988
81250,0.7066845509747015
81251,0.5182950563955321
81252,0.49116351733265545
81253,0.6990645508255935
81254,0.5171052462455125
81255,0.2637349231706189
81256,0.5763554889940316
81257,0.5523172260811698
81258,0.588711046460638
81259,0.6867451558389993
81261,0.24663793660048716
81262,0.6610223353287004
81263,0.6219289505417077
81264,0.5717947082965827
81265,0.3254472885732583
81266,0.47774458273718906
81267,0.5458987707929882
81268,0.587992903811236
81269,0.5975833610926082
81270,0.4808740223233894
81271,0.28374953808449016
81272,0.3641118223037478
81273,0.5616717824646927
81274,0.6389547888805464
81275,0.7054615351152851
81276,0.29233718128956027
81277,0.6042250656927717
81278,0.6157289634164654
81279,0.1794647935042131
81280,0.5598012531875844
81281,0.5640371229933924
81282,0.661431200738675
81283,0.6819205541656178
81284,0.6836645521633441
81285,0.6754768591218815
81286,0.5617132015328595
81287,0.731298387484022
81288,0.5286386008822559
81289,0.47606290235008614
81290,0.7149383038210472
81291,0.6128773913711062
81292,0.24682894454288098
81293,0.3488229278903123
81294,0.3428621936557786
81295,0.6286239073465911
81297,0.6590762637567665
81298,0.7802863994777262
81299,0.4224609653294175
81300,0.32822183011418077
81302,0.33927715915832657
81303,0.5932858497338858
81304,0.6813967386930329
81305,0.3649195323255814
81306,0.5763239003535695
81307,0.5684274744665533
81308,0.689389002775055
81309,0.20221244699443466
81310,0.3927925845906721
81311,0.5049626959897157
81312,0.558805879538217
81313,0.3833034704958209
81314,0.5174503393285833
81315,0.5545390282579342
81316,0.4774771177907248
81317,0.6506190042998437
81318,0.31120991487604793
81319,0.7523947563023334
81320,0.5282190701242543
81321,0.6504004834936082
81322,0.6956907925281994
81323,0.4768408285763061
81324,0.3874281424231831
81325,0.5928287910726381
81326,0.7878661154467962
81400,0.0
82001,0.861793128763915
82002,0.5093546682063618
82003,0.7453666165126273
82004,0.48700492013979146
82005,0.612278342307675
82006,0.07766586652423309
82007,0.5115110893730961
82008,0.33074567595868914
82009,0.6506239647825821
82010,0.3986434476639849
82011,0.8219700280074326
82012,0.8221019614330336
82013,0.22917617129128867
82014,0.5954433852393642
82015,0.4545235251833564
82016,0.335619071050725
82017,0.509872985481258
82018,0.5162362276542819
82019,0.6596333268573497
82020,0.3231551496130474
82021,0.17848543066342226
82022,0.2135675945043467
82023,0.6456120177624172
82024,0.3144514978543878
82025,0.6536009112890443
82026,0.25023821021973697
82027,0.5411351064869234
82028,0.5012221929671371
82029,0.7224737401057574
82030,0.556062939700725
82031,0.5276249626120669
82032,0.5068625183561001
82033,0.36246379559621983
82034,0.5169827580168375
82035,0.5904925617805677
82036,0.05402146284122541
82037,0.35700555039300697
82038,0.21067863048502966
82039,0.6306766546720942
82040,0.4544174090218745
82041,0.34159906050911126
82042,0.1870949904587146
82043,0.3503239322153618
82044,0.6461871293023277
82045,0.6713939749008263
82046,0.7609408250313295
82047,0.07989144400021328
82048,0.46583630201007936
82049,0.3910476386280721
82050,0.35862280433844806
82051,0.3892169771313576
82052,0.7097494433531425
82053,0.06908663779579975
82054,0.4469250218311898
82055,0.32250911662812726
82056,0.16611966104125309
82057,0.5579382200388491
82058,0.7699169587990848
82059,0.06675640545302534
82060,0.3310266648796894
82061,0.30228163932130414
82062,0.7480568154388844
82063,0.5320372670707574
82064,0.14325674734168872
82065,0.41316914367758845
82066,0.8009890457432167
82067,0.7369103898189944
82068,0.0630057957263014
82069,0.7002887650999314
82070,0.32393169177413167
82071,0.07065262126446116
82072,0.3951054359003387
82073,0.39511987890748196
82074,0.13084884764399576
82075,0.438138944120359
82076,0.8037278552447517
82077,0.6954166792719079
82078,0.5754298626844694
82079,0.5884522814770646
82080,0.8036896110654265
82081,0.6611665730524589
82082,0.22940588385697677
82083,0.36623643923597665
82084,0.21037235081440855
82085,0.6425214803999477
82086,0.6635922502825481
82087,0.6487270355765616
82088,0.49054368529869335
82089,0.39941396971798016
82090,0.6151739317384557
82091,0.2793270843743011
82092,0.29742269084781114
82093,0.5722698887353426
82094,0.16003488552553471
82095,0.4169935455636499
82096,0.7657623607890165
82097,0.679719003885089
82098,0.6003831232832785
82099,0.814559929853654
82100,0.3958849175159802
82101,0.4373180574630962
82102,0.28204190052700934
82103,0.11576831289295765
82104,0.3262146024727482
82105,0.7059806110833949
82106,0.06160136136886271
82107,0.6028663550752796
82108,0.8093677120619737
82109,0.5180622356526605
82110,0.8125475190223699
82111,0.3581410131060856
82112,0.24730588437972612
82113,0.6425413662121123
82114,0.7708168748097721
82115,0.5596543903973711
82116,0.15727379631679364
82117,0.22305536281011937
82118,0.6534244446614602
82119,0.2404199891766944
82120,0.868248061068179
82121,0.47950786188065436
82122,0.37205583975517875
82123,0.5725402906602415
82124,0.5602652661530051
82125,0.5034975954005024
82126,0.2263713579727542
82127,0.44665390130392835
82128,0.57340805182864
82129,0.6104729830107336
82130,0.39433257034074914
82131,0.1968331550447067
82132,0.20183767252625026
82133,0.5903330693520591
82134,0.5275937623251253
82135,0.7678790197641678
82136,0.782402944000382
82137,0.5590096613372612
82138,0.5195506274069855
82139,0.5770853044210934
82140,0.8643586755139863
82141,0.44952102944023437
82142,0.5784014390189673
82143,0.4104697697476835
82144,0.7560872294466283
82145,0.3979495627445296
82146,0.7146226845324094
82147,0.632576052745805
82148,0.4444061612450719
82149,0.46241431229542185
82150,0.8196111516380893
82151,0.25946911887315055
82152,0.5257450610542874
82153,0.2590265060551074
82154,0.3230668409626924
82155,0.2208140723120251
82156,0.7662276994397321
82157,0.31431367141391525
82158,0.2929566580548019
82159,0.24467494313215424
82160,0.502547212125399
82161,0.5007326592137914
82162,0.43993483164319064
82163,0.4937293961866733
82164,0.17707407554877952
82165,0.3566384090993682
82166,0.48982590895907735
82167,0.7835345815651428
82168,0.5148348893295129
82169,0.46018993999803776
82170,0.5137459770914566
82171,0.8142330533995056
82172,0.4168945400837629
82173,0.5344386631969833
82174,0.5208550255911756
82175,0.6833971373764894
82176,0.7739660438779867
82177,0.1005329152501057
82178,0.6532126616056471
82179,0.20763010865202616
82180,0.46525858461497327
82181,0.5814631852875441
82182,0.14683708900831086
82183,0.1375989000635558
82184,0.6471249092323449
82185,0.2607933790072247
82186,0.3240182340384879
82187,0.5177171641746708
82188,0.781498645555564
82189,0.6052522192061826
82190,0.5757642362664516
82191,0.3615829605967303
82192,0.819728496072027
82193,0.4278107792975927
82194,0.7881943877661852
82195,0.8694859002432405
82200,0.0
83000,0.0
83001,0.571316338818464
83002,0.30132508475141934
83003,0.31700705378075306
83004,0.46825320128417075
83005,0.19505429824828713
83006,0.42614150654546123
83007,0.291974389711992
83008,0.501423656851907
83009,0.44549744905285865
83010,0.37740281966279715
83011,0.3292719451807495
83012,0.33790018423332807
83013,0.26515189972828795
83014,0.3922718368710596
83015,0.2239082505161719
83016,0.4935598202129406
83017,0.7375535518740156
83018,0.4125803901939984
83019,0.35413391886729806
83020,0.4573201919322418
83021,0.17408533016408168
83022,0.4549584122742953
83023,0.21013539632873693
83025,0.3151260896545411
83026,0.2102966101806317
83027,0.43503459529152444
83028,0.5465486721031939
83029,0.500816580427904
83030,0.20578631130850011
83031,0.2550385353958858
83032,0.275680696718774
83033,0.40665272017763776
83034,0.6821690877721219
83035,0.43036346567857664
83036,0.5873696368497908
83037,0.25881223289044497
83038,0.4667927760342403
83039,0.4225107062926416
83040,0.2931385806479741
83041,0.595891229441353
83042,0.5492432745960311
83043,0.45692885282474177
83044,0.34989854803255466
83045,0.33644628138755445
83046,0.267946851321093
83047,0.6074602022195607
83048,0.5887223768266739
83049,0.5740077485553193
83050,0.4860269642199336
83051,0.2819691738425197
83052,0.16877568715273752
83053,0.6272145201461155
83054,0.7501476055578481
83055,0.4880889475775783
83056,0.4923899536588993
83057,0.1995226433550319
83058,0.5295653047395777
83059,0.3881963096922281
83060,0.11197590194489897
83061,0.4541397209448821
83062,0.7002321919744673
83063,0.5144285436367633
83064,0.35565477965800935
83065,0.67275717594095
83066,0.2841239302720086
83067,0.41184416996762657
83068,0.5302410214652387
83069,0.5155580068792055
83070,0.44517249914196905
83071,0.5071560321383644
83072,0.35811551853626594
83073,0.22764306333225157
83074,0.15757034615811563
83075,0.4549043260173697
83076,0.34321233692026265
83077,0.6786671690218116
83078,0.1881957318952623
83079,0.5494008559286399
83080,0.30201462506869703
83081,0.47872013226408033
83082,0.35112008596171834
83083,0.3208942208296646
83084,0.21241836544504353
83085,0.41672913876465073
83086,0.3892791168102337
83087,0.5058413033343254
83088,0.5292970644130173
83089,0.22190728110100766
83090,0.5920800989906686
83091,0.5470607334126636
83092,0.37737241092818313
83093,0.6177824163329455
83094,0.589617156696935
83095,0.33561331474437245
83096,0.2569051742127197
83097,0.25710770138854766
83098,0.7369996924763358
83099,0.45734599488110045
83100,0.5144881195985739
83101,0.6453128891211608
83102,0.12963639684032216
83103,0.7021320408039062
83104,0.3941063203627946
83105,0.5683248204381111
83106,0.48428524072604273
83107,0.40360082263022434
83108,0.3417208737408048
83109,0.24356155182773928
83110,0.38565962572461093
83111,0.4105884644422484
83112,0.4413007880991137
83113,0.2719082784683918
83114,0.31150339820919765
83115,0.5553302515019632
83116,0.19141419426241288
83117,0.6111831932733188
83118,0.5776246737603649
83119,0.6524799745320878
83120,0.6098504636203684
83121,0.1984727909221712
83122,0.4005150479460587
83123,0.4856070856696308
83124,0.3253993822574514
83125,0.19160677999841735
83126,0.5313301110032466
83127,0.6000240658771734
83128,0.19770882818800276
83129,0.4915225954871905
83130,0.6048824736374572
83131,0.6926922599800148
83132,0.7521294255954993
83133,0.6195164144121464
83134,0.3735127954694859
83135,0.20487730160478335
83136,0.35512674372267056
83137,0.5798454826443262
83138,0.5119746450080106
83139,0.3386896090679384
83140,0.1706266776643984
83141,0.5356243583410721
83142,0.3038678499308031
83143,0.20525055394364022
83144,0.6559170524046297
83145,0.19856642420760892
83146,0.07782783355060884
83147,0.19579272495556357
83148,0.4132700352875884
83149,0.3353269661530442
83150,0.2636138515186
83151,0.20482853372405818
83152,0.71058844958505
83153,0.809293178658252
83154,0.45286008023189384
83250,0.0
83270,0.0
83310,0.0
83350,0.0
83440,0.0
83470,0.0
83480,0.0
83500,0.0
83502,0.0
83570,0.0
83600,0.0
83630,0.0
83700,0.0
83790,0.0
83820,0.0
84000,0.0
84001,0.874490902477842
84002,0.35201653810118355
84003,0.39671089459369574
84004,0.8210092178153899
84005,0.18252985385179854
84006,0.28291909873202054
84007,0.48457729021040746
84008,0.7153412203800831
84009,0.4518344958442147
84010,0.3701269266634666
84011,0.7581411637626934
84012,0.8241195598467236
84013,0.4011458326757032
84014,0.2956818622301485
84015,0.4383405237907934
84016,0.6464385984356357
84017,0.4801420210015827
84018,0.6140564734289407
84019,0.3394065534835982
84020,0.1708317157814816
84021,0.31227725939829915
84022,0.3454323589714699
84023,0.25724147664093
84024,0.33722093136858433
84025,0.4982705994976953
84026,0.34037231192582507
84027,0.5553972582258292
84028,0.6825059759718983
84029,0.690273729703299
84030,0.6677481602348637
84031,0.7571670827116326
84032,0.1878207985043673
84033,0.28540317400561754
84034,0.4968532761331577
84035,0.34041115025633556
84036,0.5648771965895888
84037,0.659495957478916
84038,0.35142272718858253
84039,0.6700361444050896
84040,0.6861383976567179
84041,0.728203061749971
84042,0.33125880119571366
84043,0.6275694808129014
84044,0.22246338764384965
84045,0.41745971632307294
84046,0.6405124726928811
84047,0.19575929526103275
84048,0.3153663125971908
84049,0.7955504125510963
84050,0.25179737280395514
84051,0.3923701235581425
84052,0.45185696162302164
84053,0.49053010473268266
84054,0.5497217097413788
84055,0.6456364009820846
84056,0.6282447669811552
84057,0.29384753132651537
84058,0.4256786239693319
84059,0.8849472876664728
84060,0.23400802977789914
84061,0.8131224487531664
84062,0.560050654974661
84063,0.4267647694863044
84064,0.33425536252794474
84065,0.40439154112937753
84066,0.18794017593375525
84067,0.871574845310981
84068,0.3557651118293426
84069,0.5205634538244887
84070,0.6778897992401118
84071,0.4114863619810351
84072,0.6036039754327914
84073,0.42696870671977916
84074,0.5472191810006416
84075,0.6144120852732012
84076,0.2938824654719548
84077,0.7208494530499318
84078,0.48154166196168485
84079,0.1520229147975656
84080,0.8051895571465568
84081,0.5802100161068872
84082,0.6685130770521082
84083,0.6319558578496253
84084,0.3322875435968992
84085,0.56935041363991
84086,0.42824118569177766
84087,0.4457023738346848
84088,0.7025357560789773
84089,0.3618123301524596
84090,0.49336714686267663
84091,0.4698576541999418
84092,0.6618872694173903
84093,0.5177012977028681
84094,0.417909703174572
84095,0.3573805221687245
84096,0.6303079617422688
84097,0.3677932064309813
84098,0.31889448903066114
84099,0.4247480096350375
84100,0.899573487854442
84101,0.8291223430524487
84102,0.17848593377745084
84103,0.17825886114418535
84104,0.7845611334909085
84105,0.21366422686142594
84106,0.7151739138722627
84107,0.2247158562211582
84108,0.8171330001932349
84109,0.9030265806815624
84110,0.263421524217476
84111,0.42970135920165137
84112,0.2322107795233689
84113,0.3867756237352016
84114,0.41167079481070507
84115,0.7427465018974749
84116,0.41963413363435764
84117,0.7404461838073603
84118,0.12188582108329031
84119,0.6092923703132714
84120,0.28597285060367894
84121,0.42770271066503973
84122,0.7421926134418065
84123,0.23156520351007523
84124,0.7348874550431336
84125,0.3181031986080857
84126,0.7775818673735917
84127,0.7320947210066575
84128,0.3269376090205875
84129,0.5768285811396759
84130,0.8697873044750666
84131,0.31090603695403224
84132,0.6189580917640277
84133,0.2271483703008399
84134,0.8542396893993606
84135,0.5035523801408809
84136,0.8231260953896061
84137,0.35259742210074824
84138,0.23851153056905652
84139,0.6763479350096367
84140,0.36602695149803166
84141,0.6117490370360853
84142,0.7571255554548081
84143,0.6460741415189718
84144,0.1753091739027992
84145,0.12995163550949493
84146,0.35165068867833366
84147,0.39734310132651113
84148,0.5946896115275027
84149,0.8014209272403984
84150,0.3007400647559646
84151,0.45561053208493174
84260,0.0
85001,0.6274272412342535
85002,0.799674883463435
85003,0.5496789681150951
85004,0.5317961457006665
85005,0.45637872526867307
85006,0.49200627417479925
85008,0.4544201471664586
85009,0.17010384105948426
85010,0.42641269122482717
85011,0.6442059857899144
85012,0.6913828769011211
85013,0.7129669248454058
85014,0.477851345097823
85015,0.6502265469588914
85016,0.55645950503015
85017,0.532184651913504
85018,0.6708126392834214
85019,0.6029789712090933
85020,0.45838961091923197
85021,0.5125461136280396
85022,0.3020690640879304
85023,0.5155769921623313
85024,0.367463817166501
85025,0.6295999897479838
85026,0.48211031552102157
85027,0.0
85028,0.3598185735844288
85029,0.5017523806222889
85031,0.5193914308130568
85033,0.3513066591607023
85034,0.19097528842141673
85035,0.7230853611676181
85036,0.40346662014857215
85037,0.46116056496497043
85038,0.4463495029117885
85039,0.5878593088581114
85040,0.41348719621768676
85041,0.42830849081612743
85042,0.18765681251274136
85045,0.8782512080045484
85046,0.43410045316862744
85047,0.4915771146783383
85049,0.2218665482047213
85050,0.3897260208788958
85051,0.23934006548664769
85053,0.384582855396502
85054,0.6166379111665271
85055,0.6012948311594745
85056,0.5344233299293263
85058,0.38269777469856475
85059,0.67268736017376
85060,0.0
85061,0.5291174013451021
85062,0.5778423039238844
85064,0.4441569710293279
85065,0.5223026209237306
85066,0.4464908215266881
85067,0.3627577791189967
85070,0.5390395712021568
85071,0.47933470161725794
85072,0.5283981963277378
85073,0.3079172823479478
85074,0.4765004242991262
85076,0.3846354073447373
85077,0.4704441750197643
85078,0.4117333941400964
85080,0.1775083463044361
85081,0.5532675748505446
85082,0.6478289148432691
85083,0.6851464945479219
85084,0.29681950898625464
85086,0.4290167890141771
85087,0.6092582750769627
85088,0.6612075003342451
85089,0.4794500290538081
85090,0.44269448926928895
85092,0.21105184645222738
85093,0.4922037895329782
85094,0.46215917842368537
85095,0.3628850289291638
85096,0.4069126979116129
85097,0.5289816114528421
85098,0.6364976711901976
85099,0.7901783657275657
85100,0.6780897377515632
85101,0.3482933811333306
85102,0.49726428349975604
85103,0.7735191539481785
85104,0.5122038737103458
85105,0.3374292052142465
85106,0.6779733680117852
85108,0.281399677900982
85109,0.42165499931113076
85110,0.43609752261910256
85111,0.2762462845605242
85112,0.8842446833291323
85113,0.5646425557335796
85114,0.6923212230091565
85115,0.5058120396741005
85116,0.4295525849458963
85117,0.4096034873806403
85118,0.5522575239350758
85119,0.7110203140956198
85120,0.8400907078532339
85121,0.20907909495642693
85123,0.3708449661802449
85125,0.4996155062878141
85126,0.20660953030981785
85127,0.390415650748935
85128,0.2909006464366756
85129,0.6149447591388388
85130,0.4622359865394087
85131,0.3987789961921035
85132,0.3131757214206757
85133,0.37088285857907866
85134,0.7265746043114215
85135,0.4042740309197848
85136,0.6048868362641556
85137,0.37273850787489765
85138,0.8036866536217279
85139,0.6100639785202796
85140,0.5052837496448485
85141,0.3701241083965527
85142,0.7279276287214115
85143,0.3388623747152028
85144,0.7513238449169893
85145,0.5550169300797028
85146,0.25572688501447566
85147,0.31186762146932606
85148,0.16872680730440304
85149,0.31444043951395073
85150,0.0
85151,0.43189134836961535
85152,0.6835253539247915
85153,0.6770918198095082
85154,0.34479526195771504
85155,0.6009650892188007
85156,0.3140526173114187
85157,0.5105189386286028
85158,0.3632249337730342
85159,0.20853673546464777
85160,0.4474592979667881
85161,0.5051450486408912
85162,0.31165836717102097
85163,0.6260004239158156
85164,0.6841584353389923
85165,0.0
85166,0.0
85167,0.3778769278981086
85169,0.6522114492328036
85171,0.37239189642350223
85172,0.6673463856447794
85174,0.25308097387110967
85175,0.26627937550864383
85176,0.35786199515920614
85177,0.1772195460786891
85178,0.533307604547737
85179,0.6918440776517699
85181,0.42738594248133954
85182,0.4780473264644371
85184,0.41509124155683147
85185,0.1751484828775555
85186,0.6587942464617346
85187,0.42251976678577274
85188,0.49498027604394096
85189,0.6144200418410758
85190,0.5148728072618725
85191,0.4979104106538375
85192,0.6691049966416136
85193,0.5027890487512092
85194,0.7479245535761908
85196,0.45940321906470655
85197,0.2839060256568943
85198,0.4465777890654376
85199,0.3448205108881088
85200,0.34247482116896477
85201,0.4407733186941169
85202,0.37214069253081306
85204,0.44235566760356376
85205,0.43836407983693265
85206,0.6986924048162538
85207,0.41988075419094045
85208,0.6409776654469838
85209,0.24018162430059928
85210,0.4684522800928603
85211,0.7203684136657517
85212,0.0
85213,0.3844940196709241
85214,0.8533808479698929
85215,0.6298448568786719
85216,0.3333697798419484
85217,0.0
85218,0.762459586511028
85220,0.6535225477172865
85221,0.5878446220701602
85222,0.6761972505497322
85223,0.24777979308205644
85224,0.0
85226,0.6217575932068654
85227,0.42749209890931467
85229,0.43943115785170467
85230,0.0
85231,0.6267042111115299
85232,0.19584187536523226
85233,0.29479883938356016
85234,0.6847646284728416
85235,0.5718650746582922
85236,0.7722095453558792
85237,0.4920228648703196
85238,0.38368406480425743
85239,0.6659551417214212
85240,0.48824409038621536
85242,0.7088908563351923
85243,0.8364278018734655
85244,0.2579951799195232
85245,0.5392749383568076
85246,0.3752511849851743
85247,0.47349488287053304
85248,0.564956096122128
85250,0.8513098152526984
85251,0.3978219746447489
85252,0.5147767879162936
85254,0.2858450953129952
85255,0.5368108627987769
85256,0.45842856313394975
85259,0.6883676535914579
85260,0.442028305053813
85261,0.46628409183672986
85262,0.4008174472847032
85264,0.34203817781733487
85265,0.26318427468811034
85266,0.6074165938509317
85267,0.1477201986479659
85268,0.6610570123685228
85269,0.5638713621754979
85271,0.4858102740522778
85273,0.6459604629952443
85274,0.4973338325534158
85276,0.728835780826402
85277,0.31450000926688954
85278,0.7672894820186077
85280,0.5250654782791059
85281,0.20238213123999635
85282,0.5872317647869378
85284,0.6099499823946146
85285,0.62825867918401
85286,0.3918969823260909
85287,0.3896108024945429
85288,0.6135952843799992
85289,0.4719120901901366
85290,0.3073961082079344
85291,0.5390461025069372
85292,0.4148188597818094
85293,0.666807310905031
85294,0.6280529670880696
85295,0.5740851338650111
85296,0.6430178456466251
85297,0.3904993137012598
85298,0.8431516934658451
85300,0.5243565653186754
85301,0.5538604701248823
85302,0.3613008709502856
85303,0.26443563576535106
85304,0.37415358965409085
85305,0.3694718686612488
85306,0.4855441659439715
85307,0.0
85400,0.0
85540,0.0
85740,0.0
86000,0.0
86001,0.13501578720987772
86002,0.3937309164004856
86003,0.3746697931912342
86004,0.7316847272113737
86005,0.7148261039995797
86006,0.43010408200507494
86007,0.6324158512438774
86008,0.8309288230814355
86009,0.5578575428900308
86010,0.7041333377852514
86011,0.38696258205900547
86012,0.4953452049465077
86013,0.5907591951697283
86014,0.5900804402746881
86015,0.21339819864384924
86016,0.6925138931089955
86017,0.2162548855397902
86018,0.6349797401500005
86019,0.6144493446000093
86020,0.7869083852388116
86021,0.0
86022,0.6558647484269889
86023,0.6647509139607792
86024,0.7569839416450416
86025,0.4139317639616895
86026,0.6111928830688097
86027,0.7522586871233855
86028,0.6710029931693341
86029,0.39078024849529774
86031,0.6001989872940934
86032,0.7249444114593828
86034,0.2494508169549424
86035,0.4472839988465327
86036,0.6094422092040728
86037,0.1793872551245359
86038,0.3101019828826744
86039,0.23971762288030118
86040,0.6162713338624163
86041,0.6604552932589721
86042,0.362912618334009
86044,0.672292758107592
86045,0.6416417762273424
86046,0.6635857215079862
86047,0.8232149339903728
86048,0.6711466683532851
86049,0.70192236420215
86050,0.3078368624892816
86051,0.4502205824932503
86052,0.593447425264305
86053,0.4594035640358063
86054,0.6661799471093314
86055,0.43988467341965426
86058,0.7882025875727101
86059,0.41523251356178337
86061,0.44914999979234377
86062,0.6900757783915491
86063,0.6647177677565209
86064,0.39789506710921785
86065,0.6766637936071783
86066,0.5207844596088016
86068,0.43857218978321266
86069,0.5550741639649929
86070,0.21548752983730424
86072,0.7834169466815402
86073,0.2727239763807764
86074,0.780290029110955
86075,0.3455383935820498
86076,0.654635384126289
86077,0.23281039952056024
86078,0.42222249747530277
86079,0.614208866249898
86080,0.7445167074555475
86081,0.6170406308416054
86082,0.1970529338062917
86083,0.7910552526455547
86084,0.13049231638772915
86085,0.3618925718740111
86086,0.7570402918564575
86087,0.3204190187816606
86088,0.9236700597890205
86089,0.2616353303058143
86090,0.7940804810281671
86091,0.6483637129416668
86092,0.4579491662200745
86093,0.5784161499464155
86094,0.20178624623235727
86095,0.7052153024483451
86096,0.5470373022297496
86097,0.5527903837300504
86098,0.3688278852050724
86099,0.5149678987165548
86100,0.7555668955833322
86102,0.7871892289131578
86103,0.3647922923061755
86104,0.5162038010903941
86105,0.7469419793137447
86106,0.6863589986366373
86107,0.1964574714390254
86108,0.395057827736417
86109,0.6000379056432922
86110,0.4546058785576432
86111,0.5848012765128312
86112,0.3953223035680498
86113,0.7225388169588131
86114,0.6463068151567819
86115,0.572453589847751
86116,0.732459074358165
86117,0.5074748765431302
86118,0.4551492290681776
86119,0.7271265270702192
86120,0.1048810711465044
86121,0.7343737481596664
86122,0.37368096220402425
86123,0.7192674319350832
86124,0.8074857235147869
86125,0.8081630322272383
86126,0.3693397258152172
86127,0.8349169914072724
86128,0.7586508800803582
86129,0.7445786177168053
86130,0.7905367329784708
86131,0.12268547537803014
86132,0.46570148343045265
86133,0.7953094342497966
86134,0.44241645987348316
86135,0.858746580727097
86136,0.701730802194433
86137,0.6124002167859218
86138,0.34316170490757053
86139,0.6728379445856628
86140,0.1567130027795243
86141,0.4246396073920715
86142,0.39157257756506497
86143,0.8141440685426647
86144,0.33905947481410004
86145,0.7067842520569106
86147,0.7360145239037208
86148,0.7587969287491451
86149,0.6290192738386318
86150,0.36810889985686573
86151,0.5590214984482604
86152,0.4639377104150934
86153,0.18460540081060153
86154,0.3236950709849192
86156,0.6937128796404967
86157,0.6010780220415312
86158,0.6465411685884536
86159,0.4154602738970641
86160,0.4540982765454227
86161,0.5087712633997153
86162,0.8329895661771989
86163,0.6065416943160398
86164,0.7510442735267441
86165,0.3847128585677913
86167,0.5461499682339844
86169,0.7044402987421147
86170,0.35208214208083616
86171,0.3822781081810735
86172,0.41101352201302754
86173,0.6853398441518319
86174,0.563252968909654
86175,0.5239260285979553
86176,0.5184395160565055
86177,0.6083402047266665
86178,0.554581610214163
86180,0.606182719738837
86181,0.5002033142760756
86182,0.7687582676360419
86183,0.3622202522376276
86184,0.8094490618194907
86186,0.6019283376950241
86187,0.3606677002274316
86189,0.42274649727618624
86190,0.21757091543532048
86191,0.509592397259366
86192,0.27175722932252916
86193,0.8275426645628591
86194,0.5140634387454086
86195,0.36491156955211435
86196,0.6651948375731948
86197,0.4734236238754403
86198,0.4615500526819129
86200,0.5743959718523727
86201,0.5852829236886483
86202,0.4653579274079618
86203,0.32495896645615824
86204,0.6894682605515032
86205,0.8241137619055966
86206,0.6887656921250542
86207,0.5237038519691016
86208,0.0
86209,0.8438151193107178
86210,0.6811408702902199
86211,0.6601510076146515
86213,0.5325591476210398
86214,0.6782180996393219
86217,0.7919183502355374
86218,0.5882264832474379
86220,0.5115805478684338
86221,0.7779111135642913
86222,0.6202835270065598
86223,0.47672016008670925
86224,0.7829063705510277
86225,0.41064512478874776
86226,0.5732717871582361
86227,0.8550517904648189
86228,0.24798732340046137
86229,0.672791527534749
86230,0.4696063237622792
86231,0.4878538355782094
86233,0.1011740424833152
86234,0.3439108213549899
86235,0.25843956666635526
86236,0.6056825499697652
86237,0.45002887187022034
86239,0.4697509232844455
86240,0.0
86241,0.6838094053372674
86242,0.629611347340872
86244,0.5616765832193221
86245,0.7478219166646998
86246,0.47730928287640445
86247,0.4341715793539149
86248,0.45259771213608163
86249,0.6226960899562927
86250,0.6639586913327966
86252,0.6641925806605938
86253,0.6800163351038663
86254,0.25762413359124164
86255,0.425764650651018
86256,0.6227126062637119
86257,0.7679556505764484
86258,0.8056719404865915
86259,0.0
86260,0.7105108912587766
86261,0.6378891415816893
86262,0.26902864935646015
86263,0.7228515115688677
86264,0.6438980566874197
86265,0.8075125093982433
86266,0.7121591282282002
86268,0.3316839771283398
86269,0.6604934457059142
86270,0.3505463174285268
86271,0.5953957972111309
86272,0.549068589343102
86273,0.2760789342963736
86274,0.6707186020615007
86275,0.6508743898934698
86276,0.2347825092364529
86279,0.6407869162466282
86280,0.5941473864809047
86281,0.4454551331033649
86284,0.5567048742936126
86285,0.12218454310454951
86286,0.45880223358904115
86287,0.6506000786494336
86288,0.6089917241659366
86289,0.3062401311491752
86290,0.8384427172403179
86291,0.5328091103709877
86292,0.8036076989685412
86293,0.5813861858284297
86294,0.724226042555307
86295,0.4990187142699367
86296,0.37904099226267957
86297,0.6877188482218267
86298,0.731952425686747
86299,0.4203425685025591
86300,0.6794366476412569
86310,0.0
86320,0.0
86330,0.0
86340,0.0
86350,0.0
86360,0.0
86370,0.0
86400,0.0
86410,0.0
86440,0.0
86460,0.0
86470,0.0
86480,0.0
86500,0.0
86550,0.0
86600,0.0
86700,0.0
87001,0.527783831036886
87002,0.4329602269770844
87003,0.2764090466552798
87004,0.1785132494762424
87005,0.8134283853303286
87006,0.4822557841928848
87007,0.40833090598516986
87008,0.2578902406314202
87009,0.3415539529819073
87011,0.11558000190769792
87012,0.11742274821534897
87013,0.15536423315835068
87014,0.06467891911704675
87015,0.6703023608351982
87016,0.4029926201694824
87017,0.2306834406697471
87018,0.26369519339868536
87019,0.4751574486758739
87020,0.5015741378357551
87021,0.7647729124959315
87022,0.12316902681861663
87023,0.7776816618984705
87024,0.1774327697483077
87025,0.7854675839972772
87027,0.07146036577204827
87028,0.098394072809789
87029,0.12050515958353232
87030,0.29713364662661573
87031,0.1973715894663738
87032,0.14174373100059875
87033,0.39372045897876573
87034,0.10620946336284014
87035,0.2868471622369009
87036,0.11212961798937832
87037,0.12033186654102207
87038,0.5335966521015795
87039,0.15862874528675194
87040,0.27095178160378425
87041,0.06977548177936461
87042,0.8583024766994348
87043,0.37670287642558836
87044,0.20169961140513584
87045,0.4540533197988224
87046,0.3238455536974127
87047,0.3959668494409468
87048,0.49383525115555277
87049,0.2934095031670768
87050,0.43022221762778856
87051,0.33260204387960474
87052,0.3323827193453546
87053,0.34308429310274446
87054,0.1212518811015202
87056,0.2182354945020005
87057,0.24791765668681287
87058,0.3027826073961939
87059,0.07508840711470428
87060,0.1031017426846048
87061,0.2701553287366163
87062,0.8173411350117092
87063,0.5237937340308921
87064,0.15919612912467881
87065,0.5202088271207789
87066,0.41737990931376495
87067,0.22709467905250755
87068,0.29311209925241344
87069,0.35358734238294615
87070,0.7827699443565052
87071,0.18080855168194984
87072,0.20161543749265945
87073,0.3096617225691514
87074,0.3733463914163982
87075,0.5175230728203265
87076,0.3487724681186197
87077,0.6809269330229987
87078,0.32500911944469424
87079,0.5192809766918084
87080,0.3061983023243384
87081,0.7869015037479614
87082,0.12049898286753485
87083,0.4540793108694014
87084,0.590129248694041
87085,0.39676091224612686
87086,0.39768255354655097
87087,0.32927692272586273
87088,0.17904384214484095
87089,0.06425556360082789
87090,0.31828056741526217
87091,0.18712390385101307
87092,0.16727216175125692
87093,0.2528694376289398
87094,0.6880305760485879
87095,0.18676992263481032
87096,0.3083753511434604
87097,0.161932494010107
87099,0.3224923672468792
87100,0.662239388582193
87101,0.6429923797706665
87103,0.3944550897340729
87104,0.5404576341417682
87105,0.14979489059638076
87106,0.6038781617587401
87107,0.600061912142292
87108,0.36320565996791054
87109,0.21071452166945348
87110,0.21114306099477873
87111,0.28411111837751707
87112,0.10753626518054277
87113,0.541781378556618
87114,0.4990005555042812
87115,0.15877021384008297
87116,0.30514811002562475
87117,0.3359477761353045
87118,0.5849208088375283
87119,0.42695653610463585
87120,0.23486520270900887
87121,0.1310406255789026
87122,0.3453595065367683
87123,0.4136613480511777
87124,0.18168042967206297
87125,0.47797064305742953
87126,0.1673120451830258
87127,0.24880174167191116
87128,0.1611152781399898
87129,0.8263452218461088
87130,0.34142210155425395
87131,0.32818876902864275
87132,0.242086520205242
87133,0.33061597337476073
87134,0.1405196753185743
87135,0.4509489454692488
87137,0.24775836347591315
87138,0.559850789478447
87139,0.17146214273930735
87140,0.4818948911508744
87141,0.5384928835813458
87142,0.5854640986186063
87143,0.5105562570276662
87144,0.4191244383028862
87145,0.37643035605504366
87146,0.1661024341596285
87147,0.5191841735039668
87148,0.4849598659313706
87149,0.30573003840940854
87150,0.39789687005383606
87151,0.433894756926087
87152,0.5649958821642427
87153,0.322260255483327
87154,0.25994671298125865
87155,0.1614348377444413
87156,0.7728640665706407
87157,0.7781319323239447
87158,0.2706632641039821
87159,0.23723127794703344
87160,0.1257885758659468
87161,0.7195545632888573
87162,0.5746943098264159
87163,0.23761258808453523
87164,0.45860016950380356
87165,0.3561375163333487
87166,0.5982383588217018
87167,0.8089012043327481
87168,0.15288469548048678
87169,0.7366769827606391
87170,0.353648175883359
87172,0.3077501109320316
87174,0.7734849028544809
87176,0.17034037079500072
87177,0.5596128686457277
87178,0.769257632399889
87179,0.23590992167638516
87180,0.3180051856271516
87181,0.3154146098571919
87182,0.3650293379557252
87183,0.3796100563894294
87185,0.4140653586924408
87186,0.4414593806959895
87187,0.2860162240083008
87188,0.6051247817698479
87189,0.14678435851337604
87190,0.3727283411440838
87191,0.5689254035184376
87192,0.5315882310290186
87193,0.5115960464103911
87194,0.38412462590272733
87195,0.243806728608673
87197,0.5596194789074554
87198,0.24795687011645504
87199,0.3513108417782124
87200,0.16735901992293434
87201,0.4891669524268238
87202,0.5068303988580721
87203,0.15316880901499133
87204,0.3434293501307468
87205,0.456011355112145
87206,0.20671636676284974
88001,0.3998332207328386
88002,0.5601685869209695
88003,0.30643849570329085
88004,0.22348351118374812
88005,0.5428517966323124
88006,0.19036371249238593
88007,0.24668426280765066
88008,0.27121772105014935
88009,0.3959202111867719
88010,0.42991363724332526
88011,0.5312260551249084
88012,0.5121784547321412
88013,0.4092036798878837
88014,0.4661270475814909
88015,0.440092812741653
88016,0.30183707192839293
88017,0.722473820769566
88019,0.5338900565204021
88020,0.530435628755575
88021,0.47180202159511153
88022,0.4181043380120226
88023,0.5152107841290156
88024,0.2804121035791834
88025,0.5914467644367267
88026,0.5458678615474402
88027,0.5533889778211033
88028,0.5312425663927574
88029,0.1583105335063816
88030,0.1429194212818237
88031,0.39283842730685525
88032,0.47227873209343035
88033,0.6229367460360606
88035,0.7071666679494193
88036,0.5711783160092215
88037,0.33727640797472214
88038,0.2029974595024366
88039,0.32299641989819766
88040,0.5962186619551272
88041,0.7696505638362973
88042,0.47103796282765137
88043,0.6065434833970776
88044,0.44260293010500246
88045,0.5381248217747594
88046,0.5317950534113143
88047,0.29969881067893817
88048,0.26882012723018617
88049,0.33669236349639947
88050,0.5158937191906614
88051,0.43201957463276686
88052,0.3113542629045696
88053,0.5971722318095309
88054,0.5863334901056559
88055,0.632885651979685
88056,0.23062752356387603
88057,0.6393937027893126
88058,0.3543187796581419
88059,0.53003133841902
88060,0.32643993381252984
88061,0.3003947573296903
88062,0.4607037739534021
88063,0.522923948000075
88064,0.7397076351052899
88065,0.38562209377793905
88066,0.1787014342659281
88068,0.4768531699852739
88069,0.5082648574407892
88070,0.5148400235569547
88071,0.5551689760284856
88073,0.531094550740043
88074,0.5000734088919961
88075,0.20117153473015512
88076,0.5423734540045789
88077,0.4088874212606554
88078,0.5588003274005874
88079,0.23041479746741564
88080,0.5274302571393977
88081,0.19897725996271953
88082,0.703063662661728
88083,0.57537452241867
88084,0.2339989134602868
88085,0.42252502216659443
88086,0.6614539448066749
88087,0.5412659439296331
88088,0.267001723633096
88089,0.49061542402313013
88090,0.3481395774300487
88091,0.5858707615190736
88092,0.5726123785789587
88093,0.6170091112760258
88094,0.5448587152701521
88095,0.33111546728394664
88096,0.23496765160954292
88097,0.2540981258872575
88098,0.44902606765654357
88099,0.5788287815410825
88100,0.24110233727231647
88101,0.5979321304828962
88102,0.5110130676421302
88103,0.5287566491604467
88104,0.5386128963889486
88105,0.1760498806731449
88106,0.3582692540164519
88107,0.37989100885266325
88108,0.21004391128355762
88109,0.27512792767644445
88110,0.567377748371566
88111,0.5159790223726394
88113,0.6172541875728097
88114,0.33409806959830585
88115,0.4341347762399677
88116,0.2892273998084046
88117,0.4093241223013549
88118,0.3303259834896704
88119,0.31122677129750315
88120,0.49004396555354884
88121,0.37970618625716906
88122,0.506697744937015
88123,0.7603781233323823
88124,0.3107727154854772
88125,0.4678222089549064
88126,0.48979071266324503
88127,0.5579266859592925
88128,0.5947674395297295
88129,0.7303500663212895
88130,0.5474538804565382
88131,0.6417855732491907
88132,0.5656505645578446
88133,0.6344522143226966
88134,0.5962500017615192
88135,0.6035801147065882
88136,0.6282290801491635
88137,0.531579867479371
88138,0.29040180432569673
88139,0.2722192111302088
88140,0.3950584558511223
88141,0.5027088492424774
88142,0.5709904978750265
88143,0.758502728628125
88144,0.591660551257715
88145,0.5355107184691025
88146,0.5520655200547586
88147,0.6563901532841429
88148,0.28792582859933075
88149,0.1626098145069591
88150,0.34372302732306265
88151,0.4314734823607305
88152,0.5691063145273145
88153,0.4690166360565517
88154,0.35479982736635735
88155,0.35728277741232134
88156,0.2791136441526275
88157,0.6643419268852537
88158,0.5550339181749653
88159,0.52290827599947
88160,0.380002018488328
88161,0.13889528759719294
88162,0.25076897624392275
88163,0.395808164186759
88164,0.5411655734622748
88165,0.3587964564408262
88166,0.6191306570184346
88167,0.6197252952980928
88168,0.6018496295581254
88169,0.6686677557169319
88170,0.22394233264530758
88171,0.23312897901339344
88172,0.5565577112657902
88173,0.34266958568445877
88174,0.5383019010996148
88175,0.7583957313151842
88176,0.1431461108542755
88177,0.31306091178984824
88178,0.5067936028645134
88179,0.250843285930622
88180,0.3677800590234295
88181,0.4279803981501759
88182,0.6408373674131994
88183,0.5649089706803705
88184,0.7232266631694532
88185,0.2991169639822823
88186,0.3119015144850404
88187,0.1488788993779674
88188,0.17842674956497973
88189,0.6197786542569358
88190,0.6355815213644006
88192,0.3538781713819232
88193,0.4959043785356281
88194,0.322747694176978
88195,0.46534244353855375
88196,0.2700835415503883
88197,0.387871303819526
88198,0.4299321643191399
88199,0.6134552622062514
88200,0.5368046674201822
88201,0.6277424182629655
88202,0.4662451714938154
88203,0.5492829998479397
88205,0.2741771046599489
88206,0.3264616905715902
88208,0.1975201235996237
88209,0.5919967487421777
88210,0.508964319345342
88212,0.46380742134533753
88213,0.6134168522566893
88214,0.17326448297527644
88215,0.6417820007887941
88216,0.5767883192464517
88218,0.26943834988042115
88219,0.3289194378184587
88220,0.16207505693825142
88221,0.19048258715456265
88222,0.7751537791083399
88223,0.7528402351732598
88224,0.7028583332066248
88225,0.4472588045292328
88226,0.27298541223887424
88227,0.4137297410026573
88228,0.49217346036701315
88229,0.579741512343301
88230,0.4426158857723916
88231,0.2562537933081811
88232,0.36326171983280764
88233,0.6462005186547458
88236,0.1678057362714701
88237,0.4922445224912046
88238,0.20139666182575652
88239,0.21814918738038278
88240,0.46175915488341773
88241,0.4117101345812353
88242,0.4706223229390812
88243,0.4688094422769617
88244,0.4964933799363829
88245,0.5227195616784859
88246,0.367781086950435
88247,0.6061968795194207
88248,0.3011284436553726
88249,0.4938505600777812
88250,0.6261026046993104
88251,0.40208995138842063
88252,0.413712771095541
88253,0.7558350002174921
88254,0.6030797500818221
88255,0.4913326306049073
88256,0.4292382597094626
88257,0.2961130554037363
88258,0.32882876728916266
88259,0.522330967730492
88260,0.5447058855038521
88261,0.6006290190136269
88262,0.5175060375345023
88263,0.5525552971573591
88264,0.13948541029625575
88265,0.6538070452677675
88266,0.5999912421009014
88267,0.36985777195805297
88268,0.5264545476736231
88269,0.3258108574660063
88270,0.4303624744195526
88271,0.27051768290061123
88272,0.2587996440422606
88273,0.5851772146643646
88274,0.5022329055040134
88275,0.5331681534579797
88276,0.45089781872646273
88277,0.6392147211909173
88278,0.45557083127833947
88279,0.3353510036360657
88280,0.7556545874454107
88281,0.4738629183025646
88283,0.35473355530487805
88284,0.5003952975553779
88285,0.3247964734542144
88286,0.18751752126399854
88287,0.6066587971416625
88288,0.24888836274334744
88289,0.38631721855698226
88290,0.4671556117584874
88291,0.23632868302954124
88292,0.2753539292830201
88293,0.37032029403228456
88294,0.5234295596573894
88295,0.29096331699636885
88296,0.4848432807025032
88297,0.6337426306715668
88298,0.4261721200704933
88299,0.32523510897170815
88300,0.5364105978052874
88301,0.2429397983863453
88302,0.24241687608152454
88303,0.5915754642919843
88304,0.24674188232861885
88305,0.43772821964918873
88306,0.6254475247790405
88307,0.3343885452910229
88308,0.5310374877392913
88309,0.23148610898094504
88310,0.248571288939718
88311,0.22174727281369125
88312,0.35533975152755315
88313,0.6410311630242093
88314,0.35012765585661215
88315,0.526693224536332
88316,0.41046321442556394
88317,0.559629154217421
88318,0.8314769260788623
88319,0.35437199641998157
88320,0.5575336035726889
88321,0.5756595746976063
88322,0.605182921447475
88324,0.5014199119872816
88325,0.29996566881771675
88326,0.560094207151024
88327,0.5595609103083854
88328,0.4884810828172396
88330,0.31849377873943635
88331,0.7777506163806857
88332,0.3808908936363522
88333,0.5341166873142837
88334,0.2642941433755254
88335,0.3012376118677307
88336,0.4502715205162848
88338,0.6929338935101783
88340,0.50455888064873
88341,0.5723634863973169
88342,0.7390649560738766
88343,0.6457445146176483
88344,0.4558647522824486
88345,0.657172361451534
88346,0.500316883274791
88347,0.27731964733855435
88348,0.7612621604775592
88349,0.3738395249228181
88350,0.4534383003469804
88351,0.1676042290847718
88352,0.5054389368882827
88353,0.1504597244862214
88354,0.19052513716155162
88355,0.5679860820924407
88356,0.5621881756387369
88357,0.23348533626713486
88358,0.6219636708809642
88359,0.6659805679125494
88360,0.47729980249967013
88361,0.4349506718585164
88362,0.6154459479758368
88363,0.3664989706973836
88364,0.34172846028346693
88365,0.3599371609149567
88366,0.4702836058137543
88367,0.4349477250164009
88368,0.3595874429117161
88369,0.19155179566982336
88370,0.263977214488685
88371,0.45059789567035385
88372,0.6639594963431886
88373,0.3630990679426657
88374,0.6173241044288821
88375,0.4796955580007996
88376,0.550926362056736
88377,0.20038840363385732
88378,0.6532806143131248
88379,0.6979666595034807
88380,0.41293063304460453
88381,0.31861496537080813
88382,0.3769839816927442
88383,0.3298517014026264
88385,0.25387437545031316
88386,0.5350616301681387
88387,0.4690364422543773
88388,0.7543578475019089
88389,0.24899227353427997
88390,0.19818585446218093
88391,0.4023429825944053
88393,0.5728132444019478
88394,0.8012631548539916
88395,0.48231700314197495
88398,0.7548553002903207
88399,0.656028164231644
88400,0.2720067147937019
88401,0.5364855386427783
88402,0.30172752209863307
88403,0.280767018103853
88404,0.20120922061695012
88406,0.47290540948111176
88407,0.4305292187281553
88408,0.19985543833338926
88409,0.27216753348319395
88410,0.46133319441268195
88411,0.2898197881117793
88412,0.4723034296722522
88413,0.6876113062358852
88415,0.3681350434466804
88416,0.7800905514665555
88417,0.5061248938378177
88418,0.506746347352831
88419,0.728008154868069
88421,0.3602334894864694
88423,0.4803953462626558
88424,0.6657533672214276
88425,0.3876327438656441
88426,0.15558687096592214
88427,0.369117250905251
88428,0.4777693210621338
88429,0.4264308378140913
88430,0.17517173423183374
88431,0.3826907670624293
88432,0.5416140351864072
88433,0.3402202070892928
88434,0.3605429253914087
88435,0.4484139260587923
88436,0.6199173519655826
88437,0.657596210832511
88438,0.4770497205819962
88439,0.4839416337290463
88440,0.5077575122049559
88441,0.1563975929041642
88442,0.302070378992102
88443,0.47422669566850745
88444,0.5978259394853175
88445,0.5037473212466347
88446,0.3645718514091696
88447,0.319318285511291
88448,0.24104593472310343
88449,0.35465702659183923
88450,0.18453283124151088
88451,0.425358690655079
88452,0.3094394514853613
88453,0.397397260350468
88454,0.5814762824288513
88455,0.33006858848236786
88456,0.5288255800768235
88457,0.48658776705256385
88458,0.28397344684445974
88459,0.46236072910528375
88460,0.45452517140696197
88461,0.41105025159868985
88462,0.2447849450114826
88463,0.5121021872002609
88464,0.5334789366076765
88465,0.42920518460452145
88466,0.34229023495990757
88467,0.35403142797864157
88468,0.35216636437710597
88469,0.32223078338075795
88470,0.26415541203235376
88471,0.23966347271514532
88472,0.3008870173849845
88473,0.36963310443741865
88474,0.5518618288666818
88475,0.5074784148324919
88476,0.291506472315384
88477,0.4016857691825139
88478,0.5304866342622356
88479,0.2772737236943234
88480,0.5581315183349332
88481,0.6616213574160034
88482,0.5688716431596937
88483,0.4902685404036012
88484,0.6061348687652074
88485,0.5530215645316361
88486,0.27296620522221854
88487,0.13737148473650415
88488,0.23541429458105625
88489,0.2010202929817729
88490,0.30413083416013476
88491,0.14529984865322346
88492,0.18448891292170796
88493,0.610148880943253
88494,0.6498266155218636
88495,0.6172095318387627
88496,0.36614302022449335
88497,0.6417069030612441
88498,0.266935175727344
88499,0.2748163172104178
88500,0.22302321851633225
88501,0.5968469703561755
88502,0.6033634206471145
88503,0.568139008497152
88504,0.44149971697935064
88505,0.534665647676745
88506,0.5151303718084278
88507,0.2756983795793388
88508,0.4576643273147393
88509,0.5730509885994669
88510,0.4508748445578199
88511,0.5093072741997221
88512,0.6306908485464723
88513,0.5244556167025859
88514,0.4064516286119877
88515,0.16585095790351925
88516,0.19411779261100048
88517,0.6117680218879532
88518,0.6186022924591247
88519,0.49955752084875454
88520,0.27830943671534497
88521,0.5168145073849084
88522,0.22204315000817285
88523,0.5254776868298816
88524,0.23317135139443912
88525,0.2675506449512965
88526,0.45786244656297176
88527,0.49126188962556644
88528,0.6064900500510301
88529,0.20849115191913573
88530,0.5020815878729451
88531,0.20949771946437026
88532,0.7262988715208026
88600,0.0
88800,0.0
89002,0.639731880904652
89003,0.36730717901833715
89004,0.23074055588294795
89005,0.6528519902015357
89006,0.6452670208264739
89007,0.2419113978553735
89008,0.5933444069807141
89009,0.71816792634378
89010,0.5735931561311108
89011,0.8051545962268795
89012,0.8293488800938209
89013,0.721426366260863
89014,0.6374003999030965
89015,0.6533097970031723
89016,0.6968899979743789
89017,0.6374415292614705
89018,0.634720514817507
89019,0.2985835152502953
89020,0.4532434509517526
89021,0.7017901493594865
89022,0.6257146154149019
89023,0.6812225226219334
89024,0.4716000497295585
89025,0.5235512865180616
89027,0.5568443890049611
89028,0.6934134559665202
89029,0.8870409803633522
89030,0.626282806957127
89031,0.9163923671838948
89032,0.8298433112856273
89033,0.8518141720974647
89034,0.629726405232841
89035,0.5165143031138683
89036,0.64683633448364
89037,0.23046792436724006
89038,0.7037524641155911
89039,0.6687261502252646
89040,0.6332010846915891
89041,0.4825618855417612
89042,0.7461936652219939
89043,0.8364966093144229
89044,0.7145051795099461
89045,0.6471540827537715
89046,0.421307506044356
89048,0.6748942430487815
89049,0.6274102445549095
89050,0.8809921217382223
89051,0.7377371326504077
89053,0.6649666755245768
89054,0.6636392184995294
89055,0.8402915458857115
89056,0.8045242879497128
89057,0.575460917679637
89058,0.557480091704431
89059,0.42985695553359743
89060,0.3611475548679423
89061,0.5871594360599937
89062,0.6905522759170438
89063,0.2140551431993
89064,0.5879612865365257
89065,0.6943345235858738
89066,0.6740077128069659
89067,0.49769195051173004
89068,0.503541151455032
89069,0.6201371765255693
89071,0.5483699577566178
89072,0.4160854925583184
89073,0.78031129384441
89074,0.6568306177935811
89075,0.7769134248498921
89076,0.40402954333475694
89077,0.8107258673335284
89079,0.7501326833048886
89080,0.4042265153845619
89081,0.8123634814159035
89083,0.5943903974390842
89084,0.5560532918930668
89085,0.8468627282545885
89086,0.15625280479921352
89087,0.5790073269451385
89088,0.8122425099329104
89089,0.8303206545951171
89091,0.4015604881243669
89092,0.7762191520952696
89093,0.7160299218759384
89094,0.6513501653446674
89095,0.599948101426515
89096,0.6839980698183444
89098,0.7070444320336708
89099,0.8522439464635454
89100,0.5358464506758515
89101,0.5406486688941313
89102,0.7919855500607365
89104,0.5809054999206508
89105,0.7004657741630753
89108,0.6437559883802876
89111,0.7403684823424568
89112,0.6615012107158434
89113,0.4627456135542607
89115,0.5992213593831673
89116,0.441468090880006
89117,0.7947299955251591
89118,0.7640339436149867
89119,0.2428969765113181
89120,0.6589915850371577
89122,0.5002439544261167
89123,0.6197619718453627
89124,0.3442292723435074
89125,0.2207807137084233
89126,0.41499056192129746
89127,0.47050740848837563
89128,0.5079386667355474
89129,0.26428136986482237
89130,0.2951377586339096
89131,0.5571892059597517
89132,0.19738267620250494
89133,0.43144697491918754
89134,0.6012046727031413
89136,0.3806160353720028
89137,0.7478184000047392
89139,0.7676278759827708
89141,0.5423738650178016
89142,0.619488391736981
89143,0.7077394096189309
89144,0.5624790570645964
89145,0.7870465423820477
89146,0.7487726914665487
89147,0.5801302150238407
89148,0.4444184653561892
89149,0.7617806290993098
89150,0.8598358514139508
89151,0.36849803938602976
89152,0.8423338403668509
89153,0.8082595848001198
89154,0.7792870526502412
89155,0.8084033715205138
89156,0.8650187652291298
89158,0.3326015370804513
89159,0.8034234748845203
89160,0.7599058473380946
89161,0.27590338870124975
89162,0.3852936550920571
89163,0.23143153929643176
89164,0.2749246011675564
89165,0.5238098022240076
89167,0.6160618297930132
89168,0.5964472679213627
89169,0.4947755541857706
89170,0.7141938987428507
89171,0.5500136010971977
89172,0.7185956705447598
89173,0.6229180481696489
89175,0.6966582130795546
89176,0.6201082030748741
89177,0.611995959308335
89179,0.5211502649412693
89180,0.4864451024648868
89181,0.614228316829475
89182,0.24382663091849
89183,0.7071426055847067
89184,0.5400499048727442
89186,0.48270553049607035
89187,0.17073180789245015
89188,0.7305807227550091
89189,0.3694234308605238
89190,0.7349949651440398
89191,0.6619337944789657
89194,0.5148013807222424
89195,0.6983330745875832
89196,0.5460613004244923
89197,0.5745046524918421
89198,0.7172814438812519
89199,0.7790992813878814
89200,0.89080777301311
89201,0.6155887060186199
89202,0.6300709450518416
89203,0.7870471138980518
89204,0.8324638253075012
89205,0.5143890628159463
89206,0.5647367938314855
89207,0.7479491525881562
89208,0.48475542429208446
89209,0.45874121202074386
89210,0.22446091534222193
89211,0.7645609162843403
89212,0.7992037966652292
89214,0.5536009579860288
89215,0.495160082578723
89216,0.47033557836460566
89217,0.7179808090745121
89218,0.8105803335273896
89219,0.4272732317753744
89220,0.2577264876242705
89221,0.521158212204821
89222,0.5228224365434712
89223,0.6043502993758131
89224,0.4495843203382253
89225,0.3449266007848924
89226,0.8203852446036284
89227,0.7986835478171718
89228,0.8234089572261009
89229,0.7233841812831739
89230,0.8025997557733731
89232,0.5451469619119332
89233,0.6466682106214946
89234,0.3412068473586635
89235,0.6376203726263969
89236,0.7861343679222106
89237,0.43038208301897246
89238,0.196949665773389
89239,0.7051744371705727
89240,0.7882399632374102
89242,0.7931752104801225
89244,0.8264563496173402
89245,0.6519058210025501
89246,0.5294476750995858
89247,0.5996504337066204
89248,0.7722325985966365
89249,0.5866046705316763
89250,0.7196194561153882
89251,0.8339533513607006
89252,0.4483817015463498
89253,0.29035474475569506
89254,0.5980020930944289
89255,0.5813891982250062
89256,0.7714312720362183
89257,0.7572090559779864
89259,0.615635818527419
89261,0.5657315777725856
89262,0.6957693558726094
89263,0.6797680450127661
89264,0.5712106586413123
89265,0.6213998200509522
89266,0.5478794890337019
89267,0.586587087712772
89268,0.8752267880985176
89270,0.5559874489731905
89271,0.6303646818641876
89272,0.7771350764118834
89273,0.5947817418696416
89274,0.4101576644294114
89276,0.4244109660022391
89277,0.5213773129345025
89278,0.7694877363242387
89279,0.4049234899647221
89280,0.24995143965675196
89281,0.507871165251915
89282,0.8968216614704264
89283,0.40064075795512194
89284,0.7056619465804488
89285,0.7750318808222559
89286,0.8401120660525484
89287,0.4088657752004467
89288,0.8619284669268233
89289,0.8151811410398212
89290,0.6048979973385261
89291,0.7287063662030974
89292,0.5676087755905131
89295,0.7482335391142224
89296,0.2690285375493948
89297,0.7272110295001996
89298,0.3143755979170246
89299,0.7226555290060844
89300,0.8284634796011892
89302,0.6974278469508902
89303,0.6240628083700013
89304,0.6112466321117827
89306,0.8197789583326364
89307,0.8324868418859005
89308,0.7545137668182492
89309,0.5578693029481078
89310,0.6517166759467714
89311,0.8312815538195165
89312,0.7339595854436034
89313,0.40310852876953035
89314,0.5695111500080184
89315,0.45113069213769347
89316,0.6011611495068728
89318,0.7604361223364317
89319,0.6638247231477611
89320,0.6720516837869802
89321,0.16663627786634147
89323,0.7168200029161572
89324,0.474186987635828
89325,0.6436265339800972
89326,0.7349624825167779
89327,0.7357350058903851
89328,0.8389894328559767
89329,0.7176839659884499
89331,0.170363321248634
89332,0.7379526911524316
89333,0.6085621417986449
89334,0.813335317788359
89335,0.5514140607166826
89336,0.5840731620894966
89337,0.5909356303956911
89338,0.4714526267421861
89339,0.5456644649919401
89341,0.4060743881935283
89342,0.4385966405782867
89344,0.34068812855183
89345,0.48593254759038046
89346,0.8455332921936711
89347,0.8302598272624636
89348,0.4898702975240859
89349,0.7830111969431726
89350,0.2802999751661827
89351,0.556515436204274
89352,0.4291560691004137
89353,0.27895166347614286
89354,0.49433467149218485
89355,0.6730019340162784
89359,0.5844658226647034
89360,0.8419752506938142
89361,0.8710552846319753
89362,0.7218514067467353
89363,0.6320367272966151
89364,0.7042605976613739
89365,0.42405143020182257
89367,0.4444483043062973
89368,0.5548545426674237
89369,0.7119988162282133
89370,0.6498601846835635
89371,0.6430304314915745
89373,0.6969841758671665
89374,0.7223696122550902
89375,0.8229795175570418
89376,0.7805811848100938
89377,0.5712524867101494
89378,0.6581407358069681
89379,0.5860807025589464
89380,0.2456615252666059
89382,0.6581933025450889
89383,0.46294873357022
89384,0.5593411449903577
89385,0.1746687238418184
89386,0.21019420519124635
89387,0.38819408762652374
89388,0.34294409077103843
89390,0.5887869739988977
89391,0.5669605328964656
89392,0.7564665500541506
89393,0.7209578013703651
89394,0.6052877451748541
89395,0.7696340626542891
89397,0.5176736490150472
89398,0.2988363156784248
89399,0.434283540256158
89400,0.5339261593434138
89402,0.51936807989239
89403,0.2548727496841715
89404,0.4978552092287236
89405,0.29966952879806114
89406,0.846272012343236
89407,0.5908659713365675
89408,0.5806252618201665
89409,0.7626983462958065
89410,0.7709342808391514
89411,0.7221868179909977
89412,0.8455895393646476
89413,0.7389140270201802
89414,0.34046176681399976
89415,0.5359272945138124
89416,0.38186337510512597
89417,0.7315003899174827
89418,0.6455770219050784
89419,0.792592237637115
89420,0.24513561840591577
89422,0.6737053656662187
89423,0.7082613617424415
89424,0.6322118903557441
89425,0.31576822308152047
89426,0.6332398481639313
89427,0.8204462396841709
89428,0.6902995103639246
89430,0.8470636058897978
89431,0.7949912441329113
89432,0.659466179284107
89433,0.7595888130286143
89434,0.7143495677750082
89436,0.3755453592293714
89437,0.837507415528136
89438,0.6566893210539145
89439,0.7800115526090118
89440,0.31833770541136225
89441,0.23409306003187305
89442,0.3572959379733737
89443,0.6711024170488912
89445,0.8108278638829631
89446,0.5323530141856617
89447,0.7985341180777045
89449,0.474398836923658
89450,0.43664985259522093
89451,0.7029756095045769
89452,0.6050753673373134
89453,0.8853816912345135
89456,0.6738708666056102
89458,0.4711303469193517
89459,0.4638697253108457
89460,0.5074592301821541
89461,0.6467677538773998
89462,0.5674737045143742
89463,0.6625661181115399
89464,0.5698917570066099
89465,0.4548263930294976
89466,0.504807660659981
89467,0.7169643240501419
89468,0.6085924132171355
89469,0.5662265733765236
89470,0.5346098005488878
89471,0.7642622388480578
89472,0.49980090908464864
89474,0.5369405088764021
89475,0.6770901622235582
89477,0.8557202228136093
89478,0.8132796549708233
89479,0.8453079452448314
89480,0.3613915969543513
89481,0.7295341309516702
89482,0.7196623404122539
89483,0.60702004794134
89485,0.713751366666031
89486,0.611598192623516
89500,0.0
90001,0.6898576462389366
90002,0.41040354116934097
90003,0.4607359787381979
90004,0.6116059293901098
90005,0.6869481189443557
90006,0.7282277602491826
90007,0.5644204393554497
90008,0.5831838033219827
90009,0.6488822475266874
90010,0.40357284118715997
90011,0.5598261971979087
90012,0.6478585889419785
90013,0.4794042919220909
90014,0.7060720738676608
90015,0.6482803530349895
90016,0.470257167059235
90017,0.5177690624048861
90018,0.735242925548295
90019,0.7611610748634039
90020,0.6626621972600034
90021,0.7448283755310315
90022,0.4998318642606024
90023,0.6808233915769044
90024,0.7301484215547185
90025,0.6687540873175383
90026,0.6723075384700069
90027,0.7308025191711373
90028,0.6498335971272732
90029,0.7308210837218133
90030,0.7474775860880318
90031,0.7725184313267315
90032,0.6505202947834559
90033,0.7597104437824936
90034,0.6707150268578029
90035,0.5703176450721447
90036,0.526492273308164
90037,0.7045570446943863
90039,0.4960505943852785
90041,0.6775604564126038
90042,0.6984034944389693
90043,0.7330461943659142
90044,0.4283012250964504
90045,0.6881758985663905
90046,0.7455290410353475
90047,0.4642170029145227
90048,0.6059257257886699
90049,0.44729890243041354
90050,0.493212769261236
90051,0.7185351700052434
90052,0.6422674623570445
90053,0.6261535701525404
90054,0.6908257695058198
90055,0.7264963138248389
90056,0.722426288602842
90057,0.6654789683083941
90058,0.3880530315796709
90059,0.5258970775358658
90060,0.4678019613821523
90061,0.7453434008849543
90062,0.454222942230951
90063,0.8078383277985228
90064,0.6728569550856851
90065,0.6185955016865904
90066,0.40838192664571
90067,0.5167174190506597
90068,0.5427886117319082
90069,0.6766205469399583
90070,0.7324964143900541
90071,0.7452370414384043
90072,0.6734240749876027
90074,0.7983427833889332
90075,0.5425796263981861
90076,0.7226781721155847
90077,0.5677349074490571
90078,0.40882739707620647
90079,0.7207330437403877
90080,0.5915708030138617
90081,0.433269130698316
90082,0.7578665846923928
90083,0.73112824587258
90084,0.43049770798243686
90085,0.6852199878139636
90086,0.6360073357851176
90087,0.5124663317299327
90088,0.6618064420966163
90089,0.5626594357224354
90090,0.7691011775391688
90091,0.4470864683453792
90093,0.6772143802157355
90094,0.634026553097531
90095,0.6774836843156238
90096,0.703237106050659
90097,0.523506750738104
90098,0.5728465657345422
90099,0.48317546281347507
90100,0.42445357833472674
90101,0.7404689146423215
90102,0.6548036872084656
90103,0.5856291471105812
90104,0.6027308084637204
90105,0.7521138219753029
90160,0.0
91001,0.5708542187827829
91016,0.5387361752066644
91017,0.4656663776613923
91021,0.8406855539986436
91022,0.542310200578052
91027,0.9367030640023349
91035,0.3188841678638629
91037,0.6598072006664571
91038,0.6546240909974376
91041,0.665368224696838
91044,0.8498431411698891
91045,0.7721855398232087
91047,0.8044383634035945
91064,0.9533071643099156
91067,0.6052815472867675
91069,0.6123518458032148
91075,0.5330401918556315
91079,0.41210986520679427
91080,0.742226637911743
91081,0.628843846844153
91085,0.6399536590597398
91086,0.8004981816893514
91090,0.0
91093,0.5395781400398721
91095,0.7445296871125952
91097,0.9425616204576248
91098,0.7211365964574967
91099,0.6595843561982716
91100,0.5162010028174578
91103,0.8502311280011144
91105,0.5721049901426097
91106,0.6105230715623823
91109,0.5902724701570494
91111,0.561202730275388
91112,0.5916985301662355
91114,0.937424530096365
91115,0.6975660906318287
91121,0.5793597003909748
91122,0.8699352483958039
91129,0.7028340892659521
91130,0.48957095420420127
91131,0.49923650794191604
91132,0.7627834723717838
91135,0.6115509678835007
91136,0.9062257678171918
91137,0.5610557760683615
91145,0.396549097956765
91148,0.7367962652789476
91156,0.7751367739192339
91159,0.645258802391342
91160,0.0
91161,0.9125539313188433
91174,0.7688220050254414
91175,0.33765893760294713
91179,0.6875904021252395
91180,0.5689535797714496
91184,0.6778575595422582
91186,0.648853336594268
91191,0.975569026306084
91195,0.6083395078185045
91198,0.7532590819474511
91200,0.3335261671351811
91201,0.8470518507291996
91204,0.7814433092506675
91207,0.6771372914191579
91210,0.0
91215,0.94832662042962
91216,0.8778834313096633
91220,0.0
91223,0.4500824936013645
91225,0.806534024596418
91226,0.6388825708780462
91228,0.7120740009573222
91232,0.7250983946772757
91235,0.8265946761730262
91240,0.5398152473859995
91243,0.6752396047212597
91244,0.8391752046439246
91247,0.6655398705077074
91248,0.5280901589004116
91249,0.4658379670694552
91272,0.8333379626486584
91273,0.5493280159619407
91274,0.6103621789073873
91275,0.7670424184635567
91284,0.6220559398112746
91286,0.8013357013956037
91290,0.0
91292,0.7597827703403977
91293,0.7986931297064362
91294,0.4691732117256667
91300,0.0
91310,0.0
91312,0.9274507767640024
91315,0.7114422954686761
91318,0.7038607886270797
91319,0.7866183205700142
91326,0.90222434403944
91330,0.7115304993667076
91332,0.9516923909984684
91333,0.875973195670073
91338,0.5026855191849279
91339,0.866158650625071
91340,0.7882573399615547
91345,0.8565866096434133
91347,0.8864701731032042
91359,0.5349978004450282
91363,0.7513833169252983
91374,0.530207757618698
91376,0.8550416982229206
91377,0.8932771610462916
91378,0.7654908569569706
91386,0.6265222069458493
91390,0.4333907359478963
91393,0.567634398233818
91399,0.5088837286036646
91400,0.0
91405,0.2879787847021045
91408,0.6875366358971986
91411,0.5441420988581561
91412,0.8417655306398512
91414,0.5619403301207733
91420,0.0
91421,0.9426808551333566
91425,0.8755090359351708
91432,0.9119654753694574
91433,0.4606811613666731
91434,0.8165540371516528
91435,0.7597760096728144
91441,0.647605846016437
91457,0.8586444182853178
91458,0.7971072479131537
91461,0.8570751593437947
91463,0.6115310962805101
91468,0.8148484275703708
91469,0.4637336450130601
91471,0.8603070290231489
91473,0.7345228827823241
91477,0.8996657839498859
91479,0.9377781918895529
91480,0.0
91482,0.5026821551943347
91494,0.8999013126297256
91495,0.5629298035716545
91507,0.6143106746439796
91508,0.504703959033019
91511,0.4695196521052667
91514,0.8464917258742671
91519,0.5688094686551808
91521,0.814111588325242
91525,0.4614123593465589
91526,0.5942147006910727
91533,0.38754420502543
91534,0.9401842632271445
91538,0.9662942408290651
91540,0.5393755231631857
91544,0.41526454734890134
91546,0.4362872082200724
91547,0.34773496971017176
91549,0.7826684358658148
91552,0.8588575670067571
91553,0.8281591032767407
91556,0.5543750413620917
91560,0.7997858953662772
91568,0.619407563114502
91570,0.8901100197323276
91573,0.7711811833555621
91577,0.7934766691510974
91578,0.7231779082615652
91579,0.7786043360839514
91581,0.646426860614744
91587,0.8419835584506767
91589,0.8823239122189955
91593,0.48005747964899714
91599,0.663533219920868
91600,0.818160879614806
91602,0.7133158984732951
91613,0.5757114572375038
91617,0.8542550415951947
91619,0.7725752678985661
91620,0.0
91629,0.4465434502385209
91630,0.536514993515024
91631,0.8656971770997787
91634,0.6131965613972409
91635,0.9590845201651376
91639,0.6514992404375376
91645,0.9214311531840648
91648,0.7846095028477622
91649,0.8366325544211088
91654,0.8639614479110381
91657,0.9738133568935469
91659,0.8243155259332693
91661,0.8372661450505806
91662,0.6138305921654378
91665,0.8434465872608811
91666,0.8807885036416998
91667,0.8231216663361115
91671,0.6930356544908727
91679,0.9615264703379945
91685,0.8205871540433017
91687,0.8410449132264143
91689,0.9278442515690598
91691,0.9347803666894957
91692,0.862407201199924
91700,0.0
91800,0.0
91940,0.0
92000,0.0
92002,0.9231031455661101
92004,0.9833793179014712
92007,0.9585148045809992
92009,0.9820110844202375
92012,0.9749076436260933
92014,0.9476577364219582
92019,0.926113036888644
92020,0.9661857407266657
92022,0.9528789539273358
92023,0.9590221907928805
92024,0.9841974521445213
92025,0.9814952861231445
92026,0.975695598857874
92032,0.9558713319588223
92033,0.956164481704998
92035,0.9842177061600969
92036,0.9753007043917726
92040,0.9709681354254244
92044,0.9893277636975597
92046,0.9699077826830237
92047,0.9496242287980179
92048,0.9547178009312457
92049,0.9700919290368946
92050,0.9726979445180465
92051,0.9887627737371721
92060,0.9583440515908491
92062,0.9794275230889996
92063,0.910084908899995
92064,0.960151821189752
92071,0.9443499835849108
92072,0.9600678367065877
92073,0.9780367112616855
92075,0.987219100317876
92076,0.9459365374620844
92077,0.9509886308578416
92078,0.9814633483275553
92100,0.0
92120,0.0
92210,0.0
92220,0.0
92230,0.0
92250,0.0
92290,0.0
92320,0.0
92390,0.0
92500,0.0
93000,0.0
93001,0.9825618351627216
93005,0.9327945737954527
93006,0.9623512365583715
93007,0.9451185704996844
93008,0.9533102940272583
93010,0.9496842012107402
93013,0.9484416908568317
93014,0.9947697903299856
93015,0.9924737545516374
93027,0.9772967118186892
93029,0.9498534317660358
93030,0.9523872329490984
93031,0.976842692358738
93032,0.949074728928429
93033,0.9420876160683335
93039,0.9810586616443553
93045,0.963548195454602
93046,0.9501826710296917
93047,0.9898822313498705
93048,0.948621298175126
93049,0.934198264831489
93050,0.9492125472608697
93051,0.8289458643944533
93053,0.9554605075716652
93055,0.961798070707886
93057,0.9504557921955786
93059,0.9773418054285572
93061,0.9731925669661315
93062,0.9538082800830948
93063,0.9597146645970503
93064,0.9547892075887653
93066,0.9788911839158732
93070,0.9861900784669718
93071,0.9422130942457966
93072,0.9766524446356707
93073,0.8285905669947021
93074,0.9739330463391734
93077,0.951504133205065
93078,0.9209419246562357
93079,0.9777144878440523
93100,0.0
93110,0.0
93140,0.0
93190,0.0
93270,0.0
93300,0.0
93380,0.0
93420,0.0
93600,0.0
94000,0.0
94001,0.9931112056070223
94002,0.9501538855541934
94003,0.967491962422009
94004,0.9613441523340849
94011,0.9669158103005563
94015,0.9423961979963349
94016,0.9489220789760165
94017,0.9385767155908188
94018,0.9575432848724824
94019,0.9304050807532617
94021,0.945813437384364
94022,0.9699881391795048
94028,0.9560424807665973
94033,0.9394191739853385
94034,0.9420602380264572
94037,0.9685860243058402
94038,0.9437420510398509
94041,0.9566452182887183
94042,0.9512872139619125
94043,0.9653230614544069
94044,0.9577182406478825
94046,0.9443819808803126
94047,0.8827569762221192
94048,0.8962766278126807
94052,0.9538743995084881
94053,0.9108521861672804
94054,0.9444438335118219
94055,0.9793900320247783
94056,0.8791330184097382
94058,0.9497309480796007
94059,0.9270773926833643
94060,0.9327175012868999
94065,0.9493746469263921
94067,0.9593138266537039
94068,0.9394443051418016
94069,0.9426854580202094
94070,0.8668736429039229
94071,0.9424143545972069
94073,0.9447040842348944
94074,0.9677956323132269
94075,0.896105817256356
94076,0.9465003658724256
94077,0.9710367716088254
94078,0.9648847642358905
94079,0.9411173621108991
94080,0.9478584829868252
94081,0.9411083368963223
94150,0.0
94200,0.0
94370,0.0
94400,0.0
94435,0.0
94500,0.0
94600,0.0
95000,0.0
95002,0.650502599235289
95008,0.7601950256830593
95011,0.7892380612016292
95012,0.8966156590993472
95014,0.9857498842450889
95018,0.977938782029268
95019,0.9845393933727798
95023,0.6164872059807357
95024,0.6686422661028836
95026,0.7501698764120514
95028,0.9314540474365525
95039,0.6205225406181141
95040,0.674508147666899
95042,0.9343421039077272
95046,0.675963791929736
95051,0.9729922262031505
95052,0.6743284543576608
95054,0.5302169408707532
95055,0.829127732048686
95056,0.793858463601658
95058,0.7256062747731867
95059,0.6494665994955167
95060,0.9239297891061714
95061,0.9377387184308499
95063,0.9836286021827941
95074,0.7310660081988102
95078,0.6831019110036362
95088,0.9514834413459691
95091,0.9808513469533139
95094,0.9835049957080736
95101,0.9018688689240778
95102,0.7615232543949748
95110,0.7186635983600455
95116,0.7271846099978821
95119,0.44979701052764026
95120,0.6751306229948996
95127,0.6058433170004944
95134,0.640791426751962
95139,0.4785499272143072
95141,0.7838169510674474
95142,0.6553484770244743
95144,0.8668461381367137
95149,0.8158289277777979
95150,0.8141181094872924
95151,0.9458542110523837
95154,0.7357135226381185
95157,0.9024036915808741
95166,0.5911630207269577
95169,0.6623751974669996
95170,0.6382721450521099
95176,0.9774610635026907
95177,0.7743995024552683
95181,0.6784849213450311
95183,0.6805342248890752
95190,0.0
95197,0.981977079276366
95199,0.9797602429889757
95203,0.9804675896365195
95205,0.9817575374028881
95210,0.9816005148972292
95211,0.6701955070712348
95212,0.7661720409338967
95213,0.7751140754715657
95214,0.8199408269739238
95218,0.7591490572423791
95219,0.9802346246699415
95220,0.0
95229,0.9816484696631598
95241,0.8637909532097344
95250,0.667983547736687
95252,0.9799691897675743
95253,0.6065015381449425
95254,0.7640146693431062
95256,0.9042399742460123
95257,0.9797486752844211
95258,0.730268927164964
95268,0.9738829083231346
95270,0.7031763415005373
95271,0.6815539249652537
95277,0.9355570982132849
95280,0.9250352501343754
95282,0.7431699699384069
95287,0.7776193851633885
95288,0.9876437362540846
95295,0.6432917636253874
95298,0.7030712894060893
95301,0.9097831980322848
95303,0.7797014940026562
95304,0.6276541386370994
95306,0.9648555168679162
95308,0.73887833431438
95309,0.7190970911884728
95313,0.5988077866201801
95316,0.8349142108605591
95323,0.7282121061002594
95328,0.746835403296858
95330,0.0
95331,0.8238951203358463
95341,0.7527833391454459
95348,0.6150552580794638
95351,0.7271921780208949
95352,0.7743722751029752
95353,0.7506998027175756
95355,0.48967594468725434
95365,0.8520577995252433
95369,0.9879757789376701
95370,0.7320441709010818
95371,0.6932065243586439
95379,0.7092892978865075
95387,0.7509965646169717
95388,0.6810962444330556
95392,0.6757661512643326
95394,0.752855930264094
95395,0.9385562496818324
95400,0.0
95409,0.9831329452866727
95410,0.0
95422,0.6583445188347995
95424,0.9786443198840726
95426,0.9870111596424254
95427,0.9827388914041598
95428,0.9817997855278101
95429,0.7383557167304061
95430,0.7348907436179134
95436,0.7165167127321106
95438,0.7193637918483194
95445,0.7158903006084733
95446,0.7128154563820974
95447,0.7244450535833811
95450,0.7610485443777728
95452,0.7133699181361419
95456,0.7584055512930178
95459,0.49092730659645634
95462,0.7878236478340394
95476,0.6151497408470795
95480,0.6167250226836782
95483,0.7312901276349167
95487,0.6654463577411703
95488,0.9492228481885617
95489,0.990177624364847
95491,0.9784915582336663
95492,0.9833478786803553
95493,0.8550642859879013
95500,0.7302713953630056
95504,0.705615094658571
95509,0.7172597922603522
95510,0.6942322208910268
95523,0.9054170059285237
95527,0.7557470693757661
95529,0.6342969165966506
95535,0.6808879433516702
95539,0.99047967103827
95541,0.45614568791866644
95543,0.7665806348196144
95554,0.5115320454735547
95555,0.9807783130945129
95563,0.9767373592086974
95566,0.7363461841265848
95572,0.6916790489317247
95574,0.9795051805785745
95580,0.7674440792753637
95582,0.9790506627200183
95584,0.7205506887120873
95585,0.9885513477714737
95592,0.6020629640072884
95594,0.8108364686521075
95598,0.9822036491211494
95604,0.7219369830215231
95607,0.9676349364955389
95610,0.706803357086458
95611,0.7999621479922494
95612,0.9304904872763685
95625,0.7063723233807351
95627,0.7449238666661199
95628,0.6825533786683505
95633,0.9272270408027711
95637,0.6840612827418853
95641,0.7344871212088742
95651,0.8388290483341256
95652,0.7837227008324518
95656,0.8305804827333124
95658,0.6408229337738273
95660,0.8047742417994579
95675,0.7146979510658044
95676,0.8238397553623903
95678,0.7994302810659925
95680,0.984948230554996
95682,0.8177778998554893
95690,0.6535014851504028
95870,0.0
95871,0.0
95956,0.0
97101,0.00730416757922844
97102,0.006324240065960932
97103,0.007164389456232636
97104,0.005960984329384159
97105,0.005647776265249282
97106,0.005173735418718021
97107,0.005260940701055668
97108,0.0
97109,0.006319561002677172
97110,0.04181137187982526
97111,0.009197549880100514
97112,0.004381819076753715
97113,0.006897689491428762
97114,0.007150088231869239
97115,0.007316226651660067
97116,0.010557602066475115
97117,0.006772654434901264
97118,0.005102973118227157
97119,0.010368409334161123
97120,0.019487257000475374
97121,0.007845729683207663
97122,0.006522016506129403
97124,0.005220441836298245
97125,0.00630744948932516
97126,0.004429800929827211
97127,0.0
97128,0.006647949772159913
97129,0.0060240842573159314
97130,0.01854720916245077
97131,0.01033926034686723
97132,0.006693500021810253
97133,0.014405346723232007
97134,0.005337814858363997
97141,0.0
97160,0.0
97201,0.0
97202,0.005815119314390115
97203,0.0
97204,0.004923651767493467
97205,0.005121799364550028
97206,0.005297101660973781
97207,0.004993190209742887
97208,0.005291647247720399
97209,0.004718451727647399
97210,0.005334936700200857
97211,0.0
97212,0.005057762187128419
97213,0.004708521426812778
97214,0.0
97215,0.0
97216,0.004784402951381896
97217,0.0049153341079014755
97218,0.004798591515120164
97219,0.0
97220,0.0051279919810113825
97221,0.005243611517820442
97222,0.004952088084223275
97223,0.006000157450384419
97224,0.004950050697794709
97225,0.004638418481891684
97226,0.004943020809438609
97227,0.004921408491594626
97228,0.004769053363003577
97229,0.004838900354962371
97230,0.004838963042222262
97231,0.005224707876966203
97232,0.005337179469681476
97233,0.0053850394959345125
97234,0.00585142329573349
97301,0.0
97302,0.004524481415333026
97303,0.0
97304,0.0
97305,0.0
97306,0.0
97307,0.004451319405817786
97308,0.0
97309,0.004627738993670304
97310,0.0
97311,0.0
97312,0.0
97313,0.0
97314,0.0
97352,0.0
97353,0.0
97356,0.0
97357,0.0
97358,0.0
97360,0.0
97361,0.0
97362,0.0
97400,0.0
97401,0.00496513618330339
97402,0.004918277209699767
97403,0.004848326296568847
97404,0.0049241225446996955
97405,0.00521032711593104
97406,0.004688620508859047
97407,0.005623918012803959
97408,0.004703431612375536
97409,0.0049505353759428375
97410,0.004511679939457333
97411,0.004786425048597887
97412,0.004406095112184039
97413,0.0046945734362677
97414,0.004775481715072244
97415,0.004647597659411235
97416,0.006110905389234492
97417,0.004679344215410589
97418,0.00680133881627552
97419,0.0
97420,0.008097966926067892
97421,0.004606744203976211
97422,0.004481739119830758
97423,0.004763765629792483
97424,0.004810521567190407
97601,0.0
97602,0.0
97603,0.0
97604,0.0
97605,0.0
97606,0.0
97607,0.0
97608,0.0
97609,0.0
97610,0.0
97611,0.0
97612,0.0
97613,0.0
97614,0.0
97615,0.0
97616,0.0
97617,0.0
99999,0.0
14616,0.0
46331,0.0
50160,0.0
