insee,reseau
,0.0
01000,0.0
01001,0.8715303720499086
01002,0.556103852854099
01004,0.5965423867390454
01005,0.7409798839050957
01006,0.36067120641999006
01007,0.604053178111596
01008,0.5000633414208218
01009,0.27356090757287865
01010,0.4485590365469679
01011,0.30532022872103093
01012,0.3306451677800056
01013,0.43037789526389153
01014,0.7544531064333082
01015,0.34937189535230645
01016,0.8200937892264052
01017,0.3778596770032805
01019,0.3578212620578723
01021,0.8793265111384219
01022,0.6751813403569449
01023,0.9967047434297055
01024,0.5848907472246082
01025,0.9041052990018024
01026,0.9157464627172088
01027,0.91500190767214
01028,0.8530473129006176
01029,0.21408002171229878
01030,0.9055531407361387
01031,0.46582698396259237
01032,0.7852193614584643
01033,0.3622727742792634
01034,0.4551231654467043
01035,0.36933055021293654
01036,0.22023870691572225
01037,0.5087595305831938
01038,0.5238355943232058
01039,0.49476643211518734
01040,0.872626286978323
01041,0.5072041827219902
01042,0.9419425154986312
01043,0.9460760928623545
01044,0.18420484422507938
01045,0.6570318270683757
01046,0.8953235118281244
01047,0.7843436355639329
01049,0.9253031392396542
01050,0.8898869616170553
01051,0.631544219698595
01052,0.5460182306470224
01053,0.8498756551271266
01054,0.7587228367124056
01056,0.5079689513944279
01057,0.9278772870964148
01058,0.3895429426742449
01060,0.19747053053060223
01061,0.6653803154495843
01062,0.8529212937987023
01063,0.31109741946153624
01064,0.2443289673740719
01065,0.7250030315630777
01066,0.34726593727536414
01067,0.5950075655714793
01068,0.5099818485887206
01069,0.8752079087421225
01071,0.9858127805151217
01072,0.7873040892330851
01073,0.5339062437706315
01074,0.6851314078620708
01075,0.793450378576564
01076,0.40699750528092826
01077,0.5825200832875892
01078,0.6949763555051033
01079,0.20451650563348903
01080,0.22927989636394683
01081,0.3719635678061682
01082,0.213992164632913
01083,0.8335229078297441
01084,0.7789809799066585
01085,0.237977876205305
01087,0.23311385832129952
01088,0.5617530068364587
01089,0.654241817891061
01090,0.6537574710638204
01092,0.5891831879952663
01093,0.8765595158903461
01094,0.8675317622070665
01095,0.732827088278543
01096,0.6189363586859395
01098,0.2646524313428067
01099,0.42611021811937727
01100,0.2995321537536093
01101,0.24340069245216794
01102,0.9400950395014298
01103,0.9815032154739775
01104,0.6178591857321344
01105,0.8405624053268108
01106,0.6722346139646992
01107,0.4420402792094111
01108,0.30744643888732515
01109,0.6260788033989525
01110,0.3638185918596348
01111,0.45634290569189606
01112,0.270211908788271
01113,0.7100723189646867
01114,0.4569619850800682
01115,0.7434052660212618
01116,0.27218009310611574
01117,0.3562345320029674
01118,0.3493301240651357
01121,0.2954644684551775
01123,0.9618737962643162
01124,0.22731095654273328
01125,0.7234886820936824
01127,0.47887133294587786
01128,0.5806716349432357
01129,0.4606065731033618
01130,0.4622619319266694
01133,0.6213903994714904
01134,0.9919603005164815
01135,0.9688283812259461
01136,0.9346933098775698
01138,0.5028212144776301
01139,0.32079962011243046
01140,0.5186466331541139
01141,0.2839178250057439
01142,0.9267458131345975
01143,0.9128729787530191
01145,0.6817294353268342
01146,0.8347594986478233
01147,0.23083125106876598
01148,0.6767524296096944
01149,0.6553155790217359
01150,0.7126875218494687
01151,0.6318047701231418
01152,0.27380818316736627
01153,0.9434645880513414
01154,0.0
01155,0.39230370228598405
01156,0.6277818133884456
01157,0.827857929993231
01158,0.648728692986926
01159,0.9585461982724648
01160,0.9782979667943416
01162,0.5077207236767953
01163,0.3879831052260156
01165,0.8316998962110728
01166,0.9001086378656762
01167,0.9151325489353236
01169,0.8297051668883918
01170,0.34106165394253185
01171,0.4548180899306825
01173,0.9096782018803847
01174,0.3501871582667541
01175,0.8884546162082039
01177,0.7029868551179733
01179,0.9412275363796002
01180,0.9762052382096723
01181,0.3794843149351184
01183,0.817943817869303
01184,0.6457591058008424
01185,0.3120146521931673
01187,0.22965384211475165
01188,0.9342456977017798
01189,0.18335322955761105
01190,0.25837724215853597
01191,0.28530901432222083
01192,0.3142922832472767
01193,0.5242377289104156
01194,0.920522975986472
01195,0.7472733457010351
01196,0.38691160496736604
01197,0.8057523884161537
01198,0.6316304880112196
01199,0.5611242651196264
01200,0.5511321728537238
01202,0.40072382760636466
01203,0.9919233479760186
01204,0.21413938933133383
01206,0.2805352221096259
01207,0.7886153635017815
01208,0.5264844175045408
01209,0.5275405120084832
01210,0.6203455413003978
01211,0.7674761064175706
01212,0.296380096940937
01213,0.45554124932442464
01214,0.5820899188095104
01215,0.19526295736345597
01216,0.3468603108383653
01219,0.28933275251936663
01224,0.880709659321499
01225,0.7299998380408427
01227,0.5704914252388906
01228,0.4748028042865565
01229,0.4596109811745691
01230,0.6212783790823743
01231,0.9523487109769434
01232,0.36334897109426506
01233,0.23679607216719167
01234,0.5221468162386818
01235,0.6636983648762161
01236,0.8258955626034429
01237,0.3022258785303564
01238,0.8541020652884579
01239,0.7194745121351587
01240,0.40884795224409926
01241,0.694321015695349
01242,0.5307739849558417
01243,0.7407315794497878
01244,0.6131139394612839
01245,0.7191477217500095
01246,0.8414387799868409
01247,0.8658659843141451
01248,0.8971950365771941
01249,0.9332344341291327
01250,0.8846745901688673
01252,0.841892335963777
01254,0.8463759764208914
01255,0.3370685102808111
01257,0.2748316163420384
01258,0.8183188374143979
01259,0.6408096053794422
01260,0.6496678387829846
01261,0.755438139210726
01262,0.8564750233706401
01263,0.7978907225398306
01264,0.7064062737163015
01265,0.2995642618542046
01266,0.426948850316553
01267,0.5515827094069395
01268,0.6276171013402426
01269,0.25309153551039587
01272,0.837642778374074
01273,0.5953285979836109
01274,0.24422865243206437
01275,0.9453339972059327
01276,0.9281374651533328
01277,0.3439622432462272
01279,0.39775369825215967
01280,0.3126526488653749
01281,0.9858203312240408
01282,0.25314783748516784
01283,0.9303938662938278
01284,0.9466116579722618
01285,0.8465713895652918
01286,0.7617295797967396
01288,0.6847371030700204
01289,0.8154170719910119
01290,0.7275211936997756
01291,0.863302728234945
01293,0.5014687529728655
01294,0.707955143692825
01295,0.8302152719704936
01296,0.29084353213003644
01297,0.8112664387506728
01298,0.2473407698884622
01299,0.44312732110236713
01301,0.6508501815489263
01302,0.5448187306307515
01303,0.5989037774172389
01304,0.8921854600227848
01305,0.8580019360768296
01306,0.9925439147927108
01307,0.32248464043403097
01308,0.6229255454982361
01309,0.5088739224720944
01310,0.47172549959971327
01311,0.30214389089810423
01313,0.9791545974307008
01314,0.57555321969229
01317,0.7465018832299104
01318,0.8346797018123235
01319,0.7442534175158166
01320,0.9422428716673613
01321,0.7843444976924314
01322,0.8444229260292998
01323,0.8823572900814327
01325,0.5916731766504976
01328,0.5878051352570487
01329,0.3032498682096207
01330,0.2413311957034548
01331,0.518603924853473
01332,0.9093035474924462
01333,0.8483079432405879
01334,0.9917087916046006
01335,0.7452105294275192
01336,0.7961412268941211
01337,0.8480584719787296
01338,0.38089814166149216
01339,0.8798811705467532
01342,0.8303234338463943
01343,0.8580430718887403
01344,0.7728329190349646
01345,0.5433907656735544
01346,0.7961269704195932
01347,0.8849919078529369
01348,0.8934643541872425
01349,0.580457001820264
01350,0.9112397901522108
01351,0.8454917338143688
01352,0.9054317890910829
01353,0.886552683574119
01354,0.982319191307962
01355,0.8845592114495652
01356,0.45149286946313766
01357,0.25470694509151764
01358,0.23722140969568942
01359,0.7185764112801619
01360,0.7452901876776009
01361,0.7775158737410955
01362,0.8262366202980312
01363,0.5572575385794789
01364,0.8707883117015317
01365,0.9127486716709468
01366,0.4416111658354207
01367,0.5651908246774188
01368,0.8969192730764752
01369,0.7759878323724997
01370,0.9605833039192061
01371,0.7603103403603579
01372,0.39675363920447754
01373,0.2618428833809066
01374,0.7092413330590601
01375,0.43862501776468416
01376,0.9487285184510635
01378,0.8400163093056058
01379,0.44730099187453437
01380,0.2852481188066731
01381,0.6882727296521945
01382,0.718494178432472
01383,0.7540214804403427
01384,0.48667366182931765
01385,0.7796670244517098
01386,0.4183984421863379
01387,0.8343160313135075
01388,0.6966866931137442
01389,0.7711246077163647
01390,0.794303662207467
01391,0.4180033300331041
01392,0.3899044796429659
01393,0.5014990254335463
01396,0.44077231755647983
01397,0.9836375601659328
01398,0.78550885764438
01399,0.9879925997544201
01400,0.2902156178416129
01401,0.8241508941313836
01402,0.8194407165203482
01403,0.4900069885582086
01404,0.6034204619713339
01405,0.7947051455011912
01406,0.913064962051077
01407,0.47414838984669916
01408,0.7384530989160828
01410,0.6286062579078021
01411,0.4515004671949607
01412,0.8389236703802526
01415,0.5441437579558838
01416,0.3760404071328886
01418,0.9465226155285972
01419,0.8117693575670746
01420,0.8838844538690738
01421,0.4487730581418241
01422,0.8789121842480138
01423,0.8526366678459621
01424,0.9184147136824887
01425,0.7074601510350057
01426,0.6550084573760826
01427,0.8654479195435713
01428,0.8416454387229925
01429,0.6070724097566729
01430,0.9030126459044024
01431,0.47572552455535405
01432,0.4349956269426272
01433,0.711396316295262
01434,0.5304669675752959
01435,0.9859021089730517
01436,0.908665281238697
01437,0.8497762573031
01439,0.9978369598143312
01441,0.22685410511381326
01443,0.6371528789793145
01444,0.47818755295098525
01445,0.3757749277942359
01446,0.8011269148007056
01447,0.7369010521888909
01448,0.20635330067160532
01449,0.5755790384774061
01450,0.4215934284411754
01451,0.6725882343148447
01452,0.3449556831693818
01453,0.4167775080002696
01454,0.6941676274738647
01456,0.5050954608596611
01457,0.885722670496361
01600,0.0
01800,0.0
02001,0.6450222828538342
02002,0.3585661584680653
02003,0.3569803932466581
02004,0.06764486742747322
02005,0.6894497123554454
02006,0.5062937324618889
02007,0.330890259231293
02008,0.35340889444557305
02009,0.5989245624384789
02010,0.395158686788495
02011,0.3533213662331918
02012,0.37857340611068063
02013,0.3256523159822839
02014,0.5327477546963345
02015,0.27162740050074363
02016,0.3343554264843579
02017,0.3561829475287668
02018,0.4522151635493892
02019,0.711027169313953
02020,0.3817948018563641
02021,0.15426063349261163
02022,0.3329023341309918
02023,0.25994528086270263
02024,0.32797153431119036
02025,0.6947694196240001
02027,0.21620145289499157
02028,0.4460048815407754
02029,0.6192250717451725
02030,0.6251240364162214
02031,0.23613133356527483
02032,0.6348196977752179
02033,0.30027064625455313
02034,0.39090596752471074
02035,0.1435376342862664
02036,0.22392201387324703
02037,0.40086009299192826
02038,0.22752629195735824
02039,0.12070905603404061
02040,0.10667070866677653
02041,0.6396116500262962
02042,0.5386353484695602
02043,0.4457812946729789
02044,0.11821770463051468
02046,0.32019751978173655
02047,0.2897321377778025
02048,0.19283090577104858
02049,0.4192458904274412
02050,0.24673404591827053
02051,0.2648892467861253
02052,0.5166481685394675
02053,0.29623561722560837
02054,0.10476818581391177
02055,0.20740055253106746
02056,0.5699097923949352
02057,0.6956426550830872
02058,0.3093879502984087
02059,0.4898109821813859
02060,0.6280631948320233
02061,0.602479897214711
02062,0.25265639045722316
02063,0.6045876307926548
02064,0.6334266972462048
02065,0.5497873528528
02066,0.6991513571617419
02067,0.27846236961739124
02068,0.04550519590261344
02069,0.08607623417005104
02070,0.7142522774282326
02071,0.2761759269173367
02072,0.3910320500305598
02073,0.5988209047691452
02074,0.4530055004422571
02075,0.623815071267866
02076,0.7394898541370238
02077,0.44970826466060754
02078,0.37754463994717385
02079,0.18405899105960266
02080,0.4319822309375871
02081,0.621394987746189
02082,0.3893918937083474
02083,0.20343387519013503
02084,0.40590937473308836
02085,0.3497641990214661
02086,0.5905813950633201
02087,0.4252369151542062
02088,0.4405864275885932
02089,0.46233121061567944
02090,0.35080201270349515
02091,0.13021242288198387
02093,0.45490026343518214
02094,0.4228394614353858
02095,0.5988613959303253
02096,0.1415008383941035
02097,0.15314140354180483
02098,0.4970923969219072
02099,0.26499672560904747
02100,0.5157664434056408
02101,0.046163186910316276
02102,0.3908703065768921
02103,0.23242964850011463
02104,0.6811385883023694
02105,0.3044588907144175
02106,0.27771717796862394
02107,0.4082858634880456
02108,0.37518155702752154
02109,0.12109501010532236
02110,0.23063991641158713
02111,0.5179482190105206
02112,0.7549474348568018
02114,0.5418956863247881
02115,0.32930667144153986
02116,0.07892223127472327
02117,0.6457990272835642
02118,0.3495491012430779
02119,0.2539512976570669
02120,0.24551990183656747
02121,0.29549496100300077
02122,0.4158249799591137
02123,0.5008324156720368
02124,0.503109714600024
02125,0.3473524326124713
02126,0.18161556704609008
02127,0.2113339487346553
02128,0.4125104942116959
02129,0.10142015633264687
02130,0.29214431985862155
02131,0.4113170480794529
02132,0.4139658002176433
02133,0.14936742129421537
02134,0.35063103168919024
02135,0.145693004683543
02136,0.04554953633020405
02137,0.30905410393152494
02138,0.4407431522812212
02139,0.6193001958640807
02140,0.3386827621010369
02141,0.1713915389415474
02142,0.7360646505847079
02143,0.5962982069323493
02144,0.6669969357917086
02145,0.6377221910628992
02146,0.3097379306937966
02148,0.356786925979816
02149,0.6909890169338838
02150,0.4494493097911586
02151,0.4076523395661046
02152,0.22518923154905554
02153,0.39389280780630626
02154,0.3813612745890877
02155,0.2838062337486639
02156,0.25496934853695397
02157,0.4303468582560921
02158,0.44029797950021077
02159,0.5053776494307488
02160,0.10005790299780491
02162,0.44906173150076817
02163,0.4094351920914776
02164,0.28566741729623923
02165,0.30901510233757595
02166,0.22550562809699506
02167,0.258066781532232
02168,0.6614082687148019
02169,0.09114110514690044
02170,0.6046903354246315
02171,0.3682945375745287
02172,0.3551775139200631
02173,0.8329587678098201
02174,0.32188448224971977
02175,0.5132494178027979
02176,0.3763964923849801
02177,0.4349675766666457
02178,0.43625114095446654
02179,0.10604443333355028
02180,0.25245192217339957
02181,0.08495457317983507
02182,0.055707736603727624
02183,0.3231891029787064
02184,0.1146327575881764
02185,0.3201687837506946
02186,0.49608280886245687
02187,0.5544525883635576
02188,0.08312949998569526
02189,0.2412245525908088
02190,0.315559334792833
02191,0.4445216717447518
02192,0.2929331379631434
02193,0.10559322903201088
02194,0.04486385141314161
02195,0.25937636898987837
02196,0.4414120460547622
02197,0.19350548436545728
02198,0.3659401677950931
02199,0.6789326129424432
02200,0.06399684061732738
02201,0.294997451876527
02203,0.2255685786749705
02204,0.15132104595545473
02205,0.34227532113290654
02206,0.09201218400621428
02207,0.597763240944669
02208,0.568565011104463
02209,0.3196147261215278
02210,0.33470869333734615
02211,0.5857948501232991
02212,0.7134814892759772
02213,0.29381174919686504
02214,0.7125626085461032
02215,0.3967509600257106
02216,0.2556818131680939
02217,0.4781196272457071
02218,0.28416049301560004
02219,0.5435412765903842
02220,0.10164256144429495
02221,0.3347893257649116
02222,0.3940811471464407
02223,0.3518619280648112
02224,0.2155094260302094
02225,0.2251423845788354
02226,0.6061667506834303
02227,0.2520645722374767
02228,0.2589229316856211
02229,0.27741475787742387
02230,0.2649032782199596
02231,0.2693495279238641
02232,0.0826627173208946
02233,0.35856200022748463
02234,0.40063972579842133
02235,0.39260788549407344
02236,0.45096900953290087
02237,0.23416083822092357
02238,0.3455816730860519
02239,0.293159208122955
02240,0.7687396473168747
02241,0.2723925834680222
02242,0.4559671656954945
02243,0.40837237964187323
02244,0.09849144972807891
02245,0.8734831700712571
02246,0.7147245472264896
02248,0.15006779691382
02249,0.2928953007036244
02250,0.23888439026550967
02251,0.1500712429582062
02252,0.3074762863714415
02253,0.4210421773666445
02254,0.3647943503667621
02255,0.31252961356938297
02256,0.11791898225835627
02257,0.7839221492847731
02258,0.24650654786964354
02259,0.23173386621538455
02260,0.38075052431952466
02261,0.19083139671655605
02262,0.3612766942859794
02263,0.09648661076822777
02264,0.07452379530821004
02265,0.1713564011341583
02266,0.141108517574149
02267,0.3481356356157277
02268,0.3708889129166621
02269,0.19766621107138221
02270,0.6257857885419755
02271,0.12162023672194776
02272,0.38077471026222914
02273,0.6620191432094241
02274,0.1276054633306412
02275,0.16281555435409967
02276,0.10328167001103092
02277,0.4646437934293429
02278,0.32889372719452586
02279,0.3367337491045744
02280,0.26071449253727735
02281,0.4895841830856759
02282,0.3977925513502399
02283,0.1148311515419795
02284,0.11614896625868766
02286,0.17562113508375155
02287,0.696933768010181
02288,0.7720602591677135
02289,0.4839217619078155
02290,0.5185239946041302
02291,0.5950456091515955
02292,0.6534189088276234
02293,0.7727809116860153
02294,0.3855017013481576
02295,0.0893690086955326
02296,0.6009451457518552
02297,0.3810319723764395
02298,0.2926581235227675
02299,0.45724288922625345
02302,0.24906931138050237
02303,0.8903669330843487
02304,0.41096398549849056
02305,0.21989329363060428
02306,0.17341006253867813
02307,0.1104297918399105
02308,0.3285148322911992
02309,0.3187274183059673
02310,0.7479196392555657
02311,0.28920871124883907
02312,0.13012690597111345
02313,0.15783826366933973
02315,0.7097560254013353
02316,0.22837119197129205
02317,0.6393035485205975
02318,0.45451923143412326
02319,0.7735510244658004
02320,0.7442109514947102
02321,0.09918255114623767
02322,0.7372849680631852
02323,0.7557866915647394
02324,0.1665061675707319
02326,0.32414834980093093
02327,0.5543038551885029
02328,0.3290813744006978
02329,0.403373213403143
02330,0.8344720597507145
02331,0.04496014856306234
02332,0.2699633274514568
02333,0.40743093548262427
02334,0.7959273652411346
02335,0.4575421247744757
02336,0.7250230278690072
02337,0.12162191214191859
02338,0.19255232419793972
02339,0.3338884174280674
02340,0.8993072315281977
02341,0.06598922370279924
02342,0.11526227532759035
02343,0.6041845325218527
02345,0.6816149760560926
02346,0.28718020362696234
02347,0.3821876290944096
02349,0.37402270848018065
02350,0.15750585825714655
02351,0.08273324929785021
02352,0.6257075449787031
02353,0.23481586694456152
02354,0.05072045061375731
02355,0.784539061005173
02356,0.3196502836535813
02357,0.05990611270995507
02358,0.38623831036192247
02359,0.7992821598188474
02360,0.5019812725405285
02361,0.3608261269930542
02362,0.5165956241131554
02363,0.5234086813448346
02364,0.6836465802712632
02366,0.3147953544965863
02367,0.6862071874419284
02368,0.08659813422092899
02369,0.0971678762412191
02370,0.5121373218499354
02371,0.8091786394707859
02372,0.3973076943707349
02373,0.07089466554675156
02374,0.7111365020175942
02375,0.2756197891175878
02376,0.7207446993084644
02377,0.08328572641071894
02378,0.23489312535308166
02379,0.07750441888503683
02380,0.6877811729558421
02381,0.3869752304253915
02382,0.7655006813687548
02383,0.7765908194518698
02384,0.04217104686083167
02385,0.057407058046653116
02386,0.21133551381808582
02387,0.7541451870050424
02388,0.1733047887415359
02389,0.24244713693587705
02390,0.625681380497794
02391,0.1400029795462037
02392,0.6423756913973281
02393,0.2578460682049236
02395,0.49639446323977304
02396,0.32285852915951335
02397,0.6866823968309153
02398,0.41891194662125464
02399,0.4717661769086589
02400,0.3455606872927727
02401,0.08031506409705685
02402,0.5826784471181452
02403,0.16419211396171624
02404,0.14010863745418564
02405,0.21359888997643264
02406,0.46880164181372774
02407,0.39135251432404117
02408,0.5752490276823067
02409,0.24291085628327344
02410,0.08538047355317543
02411,0.2570828917412081
02412,0.38340360314035654
02413,0.34760829329275295
02414,0.14271228130185784
02415,0.3293263255727732
02416,0.06057797929837321
02417,0.4280510234211583
02418,0.12616412614433303
02419,0.13829166983097158
02420,0.7653652718706353
02421,0.256167182614691
02422,0.2341082273395743
02423,0.3984255740134038
02424,0.41777310826414327
02425,0.2861303560700998
02426,0.6875434850626491
02427,0.26636921084515724
02428,0.23565674186875488
02429,0.34034729102712724
02430,0.269727116945265
02431,0.6586836968032723
02432,0.20503854346884196
02433,0.19473686480275004
02435,0.26022728964408487
02438,0.26876938265595124
02439,0.10593031973944551
02440,0.2808489258345566
02441,0.28535088496521693
02442,0.108518837237113
02443,0.2954429046172216
02444,0.04328040973622037
02445,0.13671668132952414
02446,0.6500313751997906
02447,0.34501615279028697
02448,0.2769077244143589
02449,0.23977956527774155
02450,0.2700291833384102
02451,0.6373980638273724
02452,0.7043366786153883
02453,0.18305979592641944
02454,0.2791905354580921
02455,0.10361618904710868
02456,0.500646510166467
02457,0.2778282621453968
02458,0.4154882182843738
02459,0.7160675553961374
02460,0.09516165300876074
02461,0.5847726922637665
02462,0.11131458860797049
02463,0.043927940743352184
02464,0.3289108841480366
02465,0.3643614797820846
02466,0.06759187669793162
02467,0.20894423874742973
02468,0.12309232632963008
02469,0.07353438454308002
02470,0.33416628225504585
02471,0.42604993604982977
02472,0.24061391684367067
02473,0.5100344326036911
02474,0.7015107365786536
02476,0.5862596170703713
02477,0.6028468202607438
02478,0.27754776990662217
02480,0.2347878506494086
02481,0.7583267005517736
02482,0.4884963657605633
02483,0.6350198705248667
02484,0.26234749918482736
02485,0.4019927405833589
02486,0.27752620635114755
02487,0.30292650048717584
02488,0.9296575343886834
02489,0.404223153710924
02490,0.3211141652208598
02491,0.059458589118240285
02492,0.3543019309203893
02493,0.2988992601451059
02494,0.13942961999611966
02495,0.2846025132046718
02496,0.23415211439893968
02497,0.4023567142125465
02498,0.2755778038307515
02499,0.32446991377916584
02500,0.7224392298582248
02501,0.4077871061942658
02502,0.3415673538053171
02503,0.6918683964385848
02504,0.6773721383914518
02505,0.46077196130770415
02506,0.23059867039592294
02507,0.26518304616226984
02508,0.36000635310502666
02509,0.23811776826782446
02510,0.2985606110714414
02511,0.7511537795796848
02512,0.294710269306674
02513,0.06241097725660924
02514,0.29558084398679985
02515,0.3343274369613296
02516,0.054063998519981345
02517,0.23262661900343076
02518,0.36334648565110195
02519,0.10570736249039862
02520,0.10488465753077998
02521,0.3408123338367742
02522,0.2747115666567527
02523,0.12840149507697865
02524,0.26022977778470474
02525,0.7987956231163169
02526,0.13147047513174032
02527,0.40243539629288855
02528,0.3106579099421926
02529,0.21360341724942908
02530,0.39432059980811857
02531,0.2880261838025472
02532,0.5925235047312648
02533,0.3726801838185746
02534,0.33901042175835316
02535,0.0980500574503879
02536,0.35513930891753054
02537,0.3602554601311343
02538,0.22888009358345837
02539,0.5895979846372096
02540,0.4841158443280921
02541,0.5353967728904229
02542,0.6774789901659616
02543,0.23118327233166586
02544,0.2664979078322838
02545,0.0940541195192988
02546,0.6157302230655499
02547,0.05140262933240858
02548,0.22379141187059975
02549,0.7939079260355951
02550,0.45035167946207205
02551,0.3493438754299141
02552,0.6909842776301373
02553,0.2755588391227966
02554,0.6529782631096561
02555,0.42573091784466255
02556,0.09199244044044644
02557,0.2558128267175247
02558,0.1913327445235694
02559,0.3325532841323026
02560,0.39470020954427765
02561,0.3813623525880258
02562,0.332974184726751
02563,0.40560090170967017
02564,0.5227091949928088
02565,0.2845019829189586
02566,0.7130349744164322
02567,0.20109932413134277
02568,0.10507583093965729
02569,0.3452476279834538
02570,0.6857260499764646
02571,0.8328411556394939
02572,0.8623433224837498
02573,0.4353997423575634
02574,0.17391585563858478
02575,0.5372244120758087
02576,0.42493032573395056
02577,0.38425420634784374
02578,0.43145353356986677
02579,0.5101640547130144
02580,0.47996824253357157
02581,0.09253849593600257
02582,0.4159701327192998
02583,0.3566983744133605
02584,0.14934333266308236
02585,0.3971597696615948
02586,0.15668161852888815
02587,0.442301985217594
02588,0.28442291857753
02589,0.35729427642920575
02590,0.353166998143522
02591,0.15172811968653702
02592,0.1806798650107052
02593,0.5762371564052781
02594,0.10715673020575686
02595,0.28778565165994785
02596,0.45490706425552513
02598,0.4368770548348753
02599,0.5089692519269758
02600,0.26670363667606894
02601,0.751538532587645
02602,0.39609714589794337
02604,0.625642757506451
02605,0.4965042639756574
02606,0.3979562662408521
02607,0.4469616128868468
02608,0.12290997980384943
02609,0.37498422544618676
02610,0.5554334511746815
02612,0.18992244049730983
02613,0.30976347803955145
02614,0.6194813890124518
02615,0.6078946413693682
02616,0.5054492667135513
02617,0.2057548531564842
02618,0.5851833841749069
02619,0.42141606673198617
02620,0.33052566571001873
02621,0.4183139601063478
02622,0.22741035670415524
02623,0.04258029677963239
02624,0.08058715231740286
02625,0.2362721405008023
02626,0.3544495193818784
02627,0.29413262796803963
02628,0.24034094603071882
02629,0.08986426220488394
02631,0.4777147461125183
02632,0.4654065907691604
02633,0.22026692038005813
02634,0.05833964065789646
02635,0.6795801875668368
02636,0.6820951609934162
02637,0.7742157552188778
02638,0.23548869911974446
02639,0.6657673531087314
02640,0.42231700944605216
02641,0.12381069296056106
02642,0.04630875380317685
02643,0.2628538717306006
02644,0.18551885309113533
02645,0.28977229509296054
02647,0.9129877653131909
02648,0.61550210142722
02649,0.2875794522756339
02650,0.19734891075728606
02651,0.4125288332194241
02652,0.04380849248691195
02653,0.43911971948565554
02654,0.086764100403953
02655,0.16938402571891756
02656,0.6545943203573226
02657,0.04308140642744521
02658,0.6796464075596805
02659,0.8101950389750525
02660,0.052927069863253205
02661,0.32939989880706244
02662,0.47083065663579915
02663,0.4390796229859669
02664,0.4596894818001906
02665,0.3881260900548653
02666,0.0665767865901406
02667,0.456454853007313
02668,0.06522050184807299
02670,0.08812960238031295
02671,0.5155308970023716
02672,0.30196743189252556
02673,0.2997996373960833
02674,0.12956287023698312
02675,0.3340786249907129
02676,0.3323732777024486
02677,0.3210869978503664
02678,0.08402661409909037
02679,0.290999045003517
02680,0.48454503643566077
02681,0.045673938295132395
02682,0.18602530658344102
02683,0.9243928376834977
02684,0.41653001042794197
02685,0.45578412690335307
02686,0.43639047036949224
02687,0.28226240514802653
02688,0.0456539191883425
02689,0.04937479572765009
02690,0.27460592007826035
02691,0.8963530249271913
02693,0.3610108254710719
02694,0.6959708380300937
02696,0.29776061065170717
02697,0.3466346022108286
02698,0.34942470650560864
02699,0.1143660898385787
02701,0.42914384106803016
02702,0.7425074939624839
02703,0.5498476753777912
02704,0.47712512095609705
02705,0.2653745813775683
02706,0.4961902878703137
02707,0.48926666342067526
02708,0.7214964160811387
02709,0.7031665109949715
02710,0.6998071113984922
02711,0.32911774354594137
02712,0.12704875316490818
02713,0.11703147370692948
02714,0.2870923281934079
02715,0.10643566831765898
02716,0.41354420997545166
02717,0.5507098951480391
02718,0.08542115536013818
02719,0.5715559781758303
02720,0.27591209726754506
02721,0.6395483196326698
02722,0.7303891193261852
02723,0.1054727862006147
02724,0.2463855201244981
02725,0.14584607755178938
02726,0.6780766991552916
02727,0.059154916635445975
02728,0.09736908520310826
02729,0.28700044514075557
02730,0.2671854368482636
02731,0.07040795229726546
02732,0.4097923534071307
02734,0.17381350612967528
02735,0.24960377789467225
02736,0.38365789634704445
02737,0.052521823281127485
02738,0.604945713992819
02739,0.3400286959288631
02740,0.0895245923192881
02741,0.6652110390390763
02742,0.052976130667076175
02743,0.0850789038241276
02744,0.27953594417976124
02745,0.17119607051183272
02746,0.45885860064857403
02747,0.6183956500178599
02748,0.23618863223363942
02749,0.06969821338986971
02750,0.5304062313720931
02751,0.33233235790752147
02752,0.6630642666005159
02753,0.3223353596014484
02754,0.5733659422803103
02755,0.3206532595955727
02756,0.7759060101701394
02757,0.2305011237364511
02758,0.36529480770698075
02759,0.059125838678214415
02760,0.9229212291174211
02761,0.6510012375379828
02762,0.42197380054758254
02763,0.24347532406391292
02764,0.40045510101661236
02765,0.3721758140181292
02766,0.3234664093449871
02767,0.46701190712634755
02768,0.36777313229732206
02769,0.6386408104305419
02770,0.6941466176561789
02772,0.6090207186227357
02773,0.10146043842531997
02774,0.6570356259837132
02775,0.5679111059723546
02776,0.47211253674183645
02777,0.4180991361293076
02778,0.4265640339129149
02779,0.32435668568176335
02780,0.4107496940456551
02781,0.451981562360914
02782,0.6446936943800701
02783,0.29716998358512403
02784,0.2901348663374171
02785,0.6529772171678463
02786,0.4772310714570354
02787,0.25528196555791005
02788,0.41125566117452567
02789,0.1506557447120471
02790,0.21643284996839357
02791,0.4143590884714351
02792,0.3587299946168809
02793,0.4288938503902291
02794,0.1352595409610942
02795,0.297823134196692
02796,0.25845397785947255
02797,0.17416063213985442
02798,0.45370239284233577
02799,0.3579336512445911
02800,0.4199352792034289
02801,0.09951092203819015
02802,0.08477022574537288
02803,0.3692947712762329
02804,0.43727548581378944
02805,0.5407999467596136
02806,0.20041132110942156
02807,0.6752222274925119
02808,0.5558593908721922
02809,0.11341945171276312
02810,0.2546405228060248
02812,0.3182175693491951
02813,0.45846547463875237
02814,0.16412651894703828
02815,0.5781960478377409
02816,0.22950770728860065
02817,0.1496577281171311
02818,0.4073324722877246
02819,0.11347037275282805
02820,0.8972171115894594
02821,0.27806127671110764
02822,0.24511794797193626
02823,0.04411349418080388
02824,0.4166192639462589
02826,0.052195469062911753
02827,0.09558085573981995
02828,0.3100437600364149
02829,0.3169459146649188
02830,0.6633383344744419
02831,0.39155369003612084
02832,0.09668706578283805
02833,0.1889664289330409
02834,0.3930192995616403
02860,0.0
02880,0.0
03001,0.9084948842410513
03002,0.21587752675976793
03003,0.2519074971387432
03004,0.06310436203318137
03005,0.30010643589783964
03006,0.07567020050472341
03007,0.6232556797040439
03008,0.35511141130755053
03009,0.11761757722314023
03010,0.2996490043285711
03011,0.18048951986393902
03012,0.37998360354743455
03013,0.7287648347175684
03014,0.4424604328342619
03015,0.17309703947264968
03016,0.6860484994275995
03017,0.09008511784216452
03018,0.734254934002774
03019,0.10390688071695023
03020,0.7356019264111429
03021,0.40101564497165554
03022,0.47953237215145844
03023,0.9432263997062292
03024,0.07673602381300995
03025,0.4311845723928907
03026,0.38609180302115886
03027,0.695299327439971
03028,0.30916910182440493
03029,0.4046011848444735
03030,0.7815963225282434
03031,0.8532292088410991
03032,0.9616449780176078
03033,0.6958216080298265
03034,0.13859738100605995
03035,0.2632468655772384
03036,0.2556215373566397
03037,0.15566191311028849
03038,0.5775638796468384
03039,0.34778789152893863
03040,0.5332244296777392
03041,0.047425735324418135
03042,0.16985946814950387
03043,0.6792697759803616
03044,0.8471279114271963
03045,0.8236091436929038
03046,0.6822910326834826
03047,0.6881136983653763
03048,0.09816783677281263
03049,0.6375640535959518
03050,0.7935843783209886
03051,0.3776548359689525
03052,0.9068185233406274
03053,0.5124516970513929
03054,0.28569874425774267
03055,0.42659485079470727
03056,0.4979329157548523
03057,0.2536834879568755
03058,0.7543133170107104
03059,0.2948505839379851
03060,0.9368221379232744
03061,0.46211712815472356
03062,0.42720345948511496
03063,0.437332091368988
03064,0.13533390574466342
03065,0.3489637323281829
03066,0.09880937474928905
03067,0.07189244164728706
03068,0.06127433596577883
03069,0.528317076847052
03070,0.7055240268286924
03071,0.10884842908094516
03072,0.2641862696113389
03073,0.4549804626088629
03074,0.3399508262547097
03075,0.5031739196651912
03076,0.40408496926756554
03077,0.5519364740293781
03078,0.49474470443233154
03079,0.09306318169230983
03080,0.7331310953977475
03081,0.6877419258631318
03082,0.7335711446636569
03083,0.2836281086068518
03084,0.47932287767469667
03085,0.6559796715829217
03086,0.24762965241781335
03087,0.6342314930040485
03088,0.3748562184209973
03089,0.581774476639798
03090,0.158713914574885
03091,0.5039188692289769
03092,0.4374450185860041
03093,0.7190592981056323
03094,0.8410852884531511
03095,0.8236522390834312
03096,0.5166785557442846
03097,0.7803375647515074
03098,0.6499581016408655
03099,0.6305748987226892
03100,0.07589694192676039
03101,0.6030050973519657
03102,0.16577856075206368
03103,0.12866675244850223
03104,0.8335823540683023
03105,0.07153957882221701
03106,0.6248418594427861
03107,0.46547630548898866
03108,0.6647246650489238
03109,0.7591151784419149
03110,0.8039959177471186
03111,0.5509252042236175
03112,0.4705927048258746
03113,0.11046526463582507
03114,0.280325392444917
03115,0.5763804577779641
03116,0.5650796925897149
03117,0.0926003881894401
03118,0.4694555030667993
03119,0.1571617055508976
03120,0.13451826005629694
03121,0.592757234639435
03122,0.04564896155013585
03124,0.38216494281470154
03125,0.7252958278078214
03126,0.8782545690757873
03127,0.30611665968446844
03128,0.4025741824939928
03129,0.6782553196451422
03130,0.10698207587386131
03131,0.32904242462224076
03132,0.13218207275787908
03133,0.42437899741519286
03134,0.5715061975063798
03135,0.5884216564495328
03136,0.2421996700051491
03137,0.23949747604776944
03138,0.36788170459813335
03139,0.7979052805529379
03140,0.6240200786207795
03141,0.7472643358659579
03142,0.11345597524302427
03143,0.2434442764988922
03144,0.0430690339244079
03145,0.557528216979433
03146,0.0837883042964177
03147,0.06842541658928716
03148,0.6484156771492611
03149,0.26253894925310056
03150,0.2779714459390096
03151,0.6935337036806505
03152,0.9404565020165102
03154,0.3974401031920231
03155,0.2145298318123188
03156,0.32812497441294347
03157,0.3407575002878198
03158,0.32588919072381006
03159,0.7328298821539048
03160,0.44209438857586114
03161,0.25254644726291725
03162,0.44665699977307327
03163,0.40914642258899575
03164,0.43717535779252775
03165,0.33362557155721806
03166,0.3959094899787464
03167,0.3708531476682349
03168,0.10626055184278235
03169,0.27632339422939634
03170,0.16906553432555194
03171,0.2928863137412231
03172,0.3003056611908301
03173,0.33430694832223934
03174,0.5505983863228939
03175,0.5152404971060123
03176,0.330465045566996
03177,0.11718754325964442
03178,0.09797675051040736
03179,0.19563275837989474
03180,0.3203572593347116
03181,0.10713487925750599
03182,0.42629972971972485
03183,0.48809239012362715
03184,0.38406940483463503
03185,0.7575716046930564
03186,0.9843778361605026
03187,0.31363271940552007
03188,0.2743367430146754
03189,0.7057688924696287
03190,0.7335384676537123
03191,0.7167746225955516
03192,0.64177176256928
03193,0.1902339380673002
03194,0.2914329980581707
03195,0.6108309913834294
03196,0.17890679344233548
03197,0.49775354881739037
03198,0.15645083390192638
03200,0.6699990441310959
03201,0.35371791432665756
03202,0.5433230936926885
03203,0.10910618586960215
03204,0.5496755332845507
03205,0.2743903606429006
03206,0.27590059229739405
03207,0.12201272292028643
03208,0.28705905898928175
03209,0.4838603789966877
03210,0.1154620819666631
03211,0.4671905702024649
03212,0.2868336069847308
03213,0.4408213265655471
03214,0.49787943429179177
03215,0.19576518297118398
03216,0.5697777018513919
03217,0.57104007206095
03218,0.07258162279134182
03219,0.9671485061340741
03220,0.3696778126970704
03221,0.1703095445450514
03222,0.04537452500022803
03223,0.40017268139960926
03224,0.0819526100848842
03225,0.20597285841135615
03226,0.20658185464162
03227,0.563416673425367
03228,0.035245011101283995
03229,0.4246504425525733
03230,0.43681672485278594
03231,0.12677736552725744
03232,0.6134196246549166
03233,0.5829258704603393
03234,0.29568052419249796
03235,0.262354968144438
03236,0.6722964285592097
03237,0.4453774079533507
03238,0.5244713695162847
03239,0.35031555707028283
03240,0.06550859590284164
03241,0.0843817846737104
03242,0.2104636643467209
03243,0.8518544296528947
03244,0.15635064297350756
03245,0.1337233290054566
03246,0.28513200041748765
03247,0.4337054232364173
03248,0.09605340365463581
03249,0.05162961775830142
03250,0.05760637481341957
03251,0.14585536830954046
03252,0.763233978808847
03253,0.085424962675074
03254,0.43727268460827773
03255,0.5377072499314769
03256,0.7737668789677834
03257,0.12176687699113038
03258,0.7620072675310311
03259,0.19077959275601233
03260,0.6368005404873657
03261,0.41191031335120604
03262,0.6738968403241434
03263,0.34154001013770163
03264,0.861211723017864
03265,0.13084226558499282
03266,0.28678378064064614
03267,0.24538540453337798
03268,0.40836877012456213
03269,0.7029467370494445
03270,0.8736750358898001
03271,0.8344162382205278
03272,0.12887751788302038
03273,0.6377535956862883
03274,0.23706860199656046
03275,0.37972840819616555
03276,0.3327396417285849
03277,0.667065326870162
03278,0.5543214180597754
03279,0.31455928209635037
03280,0.45144900844381347
03281,0.5741975835414861
03282,0.12663127705085023
03283,0.2394127042317669
03284,0.2875795668126168
03285,0.6769034802970181
03286,0.9302587323344508
03287,0.512073951048775
03288,0.2529052500071245
03289,0.4076140945329343
03290,0.7370063297834999
03291,0.09461686241022423
03292,0.4358143378477358
03293,0.23372194254035758
03294,0.4169529329076376
03295,0.519385889421372
03296,0.17945917501016104
03297,0.13285887306739327
03298,0.43535126671960045
03299,0.19665604523742145
03300,0.044738346820889556
03301,0.565277700944003
03302,0.5367905076118765
03303,0.46838833591835094
03304,0.7857814513506061
03305,0.5445335373557716
03306,0.8700499930325923
03307,0.307951228784231
03308,0.9466851278660621
03309,0.09756834005804038
03310,0.9459973289293789
03311,0.39434375348136536
03312,0.41683767629292656
03313,0.058870350284398014
03314,0.6140501721933012
03315,0.70238677467467
03316,0.147232330346691
03317,0.23842432489532386
03319,0.6876156435374453
03320,0.09833111943999397
03321,0.6578382297491697
03400,0.0
04000,0.0
04001,0.41831876002899837
04004,0.44372950059784216
04005,0.03935248269265344
04006,0.4412024676154986
04007,0.038453767230421654
04008,0.04000817972435731
04009,0.24927285535130567
04012,0.5101087850345555
04013,0.732445862902316
04016,0.691351089813077
04017,0.05710862756367741
04018,0.1030285228690223
04019,0.8775834866278487
04020,0.035551074436430144
04021,0.48496261625130066
04022,0.03746398740237506
04023,0.1697899494033658
04024,0.050092499967529555
04025,0.04852948244578645
04026,0.432406480001961
04027,0.7146010446969223
04028,0.16211654259175637
04030,0.04259497164136469
04031,0.19700749102613874
04032,0.03613498286670725
04033,0.10243354618585239
04034,0.36468084000228806
04035,0.13511537173299645
04036,0.2310023544957166
04037,0.6705129385302611
04039,0.14059037624616133
04040,0.6783378356588378
04041,0.2863099258327869
04042,0.09783164052005468
04043,0.04386865398567105
04045,0.46014490151740756
04046,0.33781822801927386
04047,0.4772679777274898
04049,0.5559687007724595
04050,0.6876721881757498
04051,0.6698678246447963
04053,0.6076691259949265
04054,0.22323721337133343
04055,0.1241297595092859
04057,0.8262392983211947
04058,0.7114015929539436
04059,0.14797766925712005
04061,0.05393847300426631
04062,0.400396949574323
04063,0.36339633453905856
04065,0.6244578955218061
04066,0.6006108123244293
04067,0.4787747330295516
04068,0.4650363976666698
04069,0.05873484303713276
04070,0.3907275174929042
04072,0.26366900948391814
04073,0.5869519674554083
04074,0.20928826695215014
04075,0.675829043790744
04076,0.2742581108818819
04077,0.1806157634976483
04079,0.5245288203521559
04081,0.4446235927726438
04084,0.1729219839182484
04085,0.649640675373643
04086,0.5439539427092797
04087,0.12875281565579216
04088,0.5332454984643985
04090,0.03628935343741688
04091,0.22644213425148618
04092,0.07446190311862413
04093,0.7219206336338984
04094,0.4608464740568223
04095,0.10110138339851263
04096,0.49666751641693613
04097,0.22793697185630152
04099,0.03473966364677109
04100,0.0
04101,0.0868337195538858
04102,0.1733586200446686
04104,0.44053178804579635
04106,0.359195933473604
04107,0.04524209601696331
04108,0.3223503630898398
04109,0.5847656683146628
04110,0.3528773243166093
04111,0.4484244268868477
04112,0.7646286621378721
04113,0.24292674140322232
04115,0.033198218860041595
04116,0.2672533220819085
04118,0.7617279006992994
04120,0.36331119935614714
04121,0.20395470436963262
04122,0.3619059530208545
04123,0.7185025528591382
04124,0.1367968611608482
04126,0.04527460950744637
04127,0.46114634619919026
04128,0.4932786296072375
04129,0.47210762715151233
04130,0.3337915592500757
04132,0.15413428183842684
04133,0.03344255075205741
04134,0.8204250790690245
04135,0.14521505392163064
04136,0.03459779987810513
04137,0.9191696434827646
04138,0.35010876786847545
04139,0.7202768520760912
04140,0.11106973343827463
04141,0.11860040098520418
04142,0.14039020604765637
04143,0.32421297661613124
04144,0.06789728928550136
04145,0.6893661575055835
04148,0.06019174325855946
04149,0.3174823547098132
04150,0.45830569363306844
04151,0.33389226447218606
04152,0.49934982709787124
04154,0.09812425941778599
04155,0.0528338903591796
04156,0.34017790839372586
04157,0.06870846758169584
04158,0.12842017532005634
04159,0.09280473618106333
04160,0.499649886099671
04161,0.2667257854133476
04162,0.46277575210380556
04163,0.1797326868393647
04164,0.32578951437022574
04166,0.18174684446322487
04167,0.21986205551671095
04169,0.09145799621974153
04170,0.2714847983840816
04171,0.06891570220719063
04172,0.10541110419055719
04173,0.03427501289921682
04174,0.03620379138895353
04175,0.5146461045659968
04176,0.15274208760851674
04177,0.4500530306967052
04178,0.428101329795278
04179,0.6954145092949499
04180,0.11089319820003886
04181,0.19233832412690005
04182,0.18027392915947832
04183,0.051303043262099446
04184,0.1799308863727312
04186,0.1526432995606212
04187,0.03669959995503297
04188,0.4180108215778976
04189,0.419455753289759
04190,0.5352386030945019
04191,0.07060528948987167
04192,0.4942471020852913
04193,0.03939371920556093
04194,0.31192237838494946
04195,0.4715937922898738
04197,0.4797524765532037
04199,0.744238917650133
04200,0.7052261516324577
04201,0.08042050053913594
04202,0.11396655413319118
04203,0.04172870473580183
04204,0.036278628220763526
04205,0.05215826994858841
04206,0.2777851403649104
04207,0.8129014888443692
04208,0.31092398653557207
04209,0.7250932910646167
04210,0.04635327186144767
04211,0.6691733352930813
04214,0.20789977193814033
04216,0.8047748379743377
04217,0.6288415070189988
04218,0.03290600059959808
04219,0.037460012389039114
04220,0.3772683482169928
04222,0.5838912723034021
04224,0.04379466416174878
04226,0.5193117722674336
04227,0.49467105827883706
04228,0.7000729739469893
04229,0.6961476135208945
04230,0.382839421283696
04231,0.7294042845088741
04233,0.672531704263201
04234,0.6869243866956672
04235,0.04009156602172736
04236,0.042557740781534736
04237,0.0772993380238718
04240,0.08213152187096778
04241,0.5153775265368059
04242,0.3555984337538184
04244,0.6365312384264684
04245,0.44257409306458967
04370,0.0
04400,0.0
04401,0.0
04900,0.0
04901,0.0
05000,0.0
05001,0.03755042869450137
05003,0.05776720089792185
05004,0.4057205203489821
05006,0.2684373685913267
05007,0.304648801228602
05008,0.6194855021692304
05009,0.03879438806682589
05010,0.7125568800212903
05011,0.44111638982856133
05012,0.20911643202415459
05013,0.49226974159426856
05014,0.6694079464397727
05016,0.5492207252618647
05017,0.41082591858806233
05018,0.510711970702953
05019,0.7345956256551188
05021,0.5024662110705282
05022,0.40443492806445913
05023,0.5952898437260709
05024,0.34888319131355894
05025,0.3664973429531971
05026,0.05650540053641198
05027,0.3754172973131291
05028,0.5297517393300726
05029,0.4277961762126816
05031,0.1316257303536571
05032,0.0491617183128509
05033,0.4554109443084433
05035,0.5050119449076874
05036,0.13395126593363044
05037,0.41737696578273725
05038,0.24958470309300915
05039,0.03892218244671404
05040,0.2907602700498832
05044,0.23105677692378782
05045,0.17412464500368324
05046,0.22105121359198796
05047,0.6670367540534297
05048,0.3299370745337624
05049,0.6379234683656444
05050,0.3530049790886447
05051,0.17057121154888827
05052,0.07866234186902307
05053,0.8802186980569102
05054,0.3124632437242854
05055,0.7154331560749734
05056,0.41986577578209106
05057,0.6722797146952728
05058,0.08998868907291521
05059,0.4915321298580835
05060,0.5750208865270812
05061,0.570215177488517
05062,0.039815578028259996
05063,0.38000705215677705
05064,0.04305565381851374
05065,0.058991767822100055
05066,0.7727155819542134
05068,0.508464612160625
05070,0.8917231441192669
05071,0.6685136774158861
05072,0.3131153497660706
05073,0.8419325202703064
05074,0.4263627329586802
05075,0.483694485927278
05076,0.5354297932781219
05077,0.04743037125903591
05078,0.7156930312459261
05079,0.5799414776039598
05080,0.4018887266390479
05081,0.6170115907912301
05082,0.18703510170701265
05084,0.34539887591989904
05085,0.5198906710495886
05086,0.18090124981759317
05087,0.5524741064633996
05089,0.5088897021495732
05090,0.2069412350820501
05091,0.3555170273058203
05092,0.4280663325024716
05093,0.4834876135573456
05094,0.6517116618104319
05095,0.2272019244772867
05096,0.1580072866788686
05097,0.6788367986097604
05098,0.25100880031692435
05099,0.6944579468262053
05100,0.4481277383189029
05101,0.4344588482505051
05102,0.5557064309842595
05103,0.6906474501722815
05104,0.28765304551743315
05106,0.18981005814753704
05107,0.4893577497995923
05108,0.1495826864554634
05109,0.5846824041626327
05110,0.31483188791573724
05111,0.1836840766006164
05112,0.4683824303391796
05113,0.6215364085662602
05114,0.11986978871342575
05115,0.4859862001972352
05116,0.10679830257408401
05117,0.31446996495600626
05118,0.7143001061463916
05119,0.12208365177409822
05120,0.0
05121,0.4471732185794598
05122,0.1811083941210271
05123,0.48789732838120253
05124,0.5169328878648263
05126,0.0695320284204418
05127,0.33955692755624856
05128,0.1414282231679117
05129,0.10616636009161788
05130,0.18010742826162718
05131,0.6676204647210269
05132,0.2897852964252616
05133,0.5407399908188618
05134,0.09911095186638066
05135,0.15335029885278864
05136,0.15497241468186457
05139,0.149396953762226
05140,0.48725504181904367
05142,0.048289486607273384
05144,0.04174404328831463
05145,0.37756454146584834
05146,0.37976649282416197
05147,0.3330523437872997
05148,0.3655222682767369
05149,0.39111911660973897
05151,0.3118638628911176
05152,0.038403606176927625
05153,0.34911653991701436
05154,0.6727300739019001
05155,0.6526577258171663
05156,0.24335787966596006
05157,0.03454405182777095
05158,0.5693943060354147
05159,0.6439851325185723
05160,0.6807784775023086
05161,0.715738243439643
05162,0.6434144965709897
05163,0.19296029541521328
05164,0.10786742478602272
05165,0.4475438612871153
05166,0.7362038188360485
05167,0.6218091093304255
05168,0.4083589755364778
05169,0.08912127985448365
05170,0.38975882623338814
05171,0.4480834817538095
05172,0.44428603420317925
05173,0.86666422667407
05174,0.4280712571580882
05176,0.519275202997573
05177,0.15311686591282117
05178,0.7595946724987607
05179,0.8363944073490424
05180,0.2933429236213282
05181,0.48018089716272744
05182,0.05052139073137682
05183,0.41190787302458676
05184,0.5436181296103992
05250,0.0
05260,0.0
06000,0.0
06001,0.33331782093879936
06002,0.06088720456006833
06003,0.2733341402461154
06004,0.9291810555401305
06005,0.5482234611794405
06006,0.8489940662484545
06007,0.8836738379794513
06008,0.27280038489637354
06009,0.12340241025890157
06010,0.8991766365357557
06011,0.9115827728507941
06012,0.8538246463656161
06013,0.04962671661429123
06014,0.8031196737245079
06015,0.775274962993493
06016,0.37651071857618484
06017,0.8526668857978844
06018,0.9339787223996214
06019,0.8209282486701117
06020,0.06693397065254925
06021,0.7467740092188199
06022,0.8188048095834245
06023,0.13771469861566446
06024,0.0641008953849544
06025,0.8392200216805914
06026,0.8698835990601287
06027,0.9046146261492429
06028,0.17342958785725185
06029,0.9006041228067919
06030,0.915881848015339
06031,0.813953903344548
06032,0.9663702130237616
06033,0.8746710454235358
06034,0.8470590160175401
06035,0.7389558587983728
06036,0.45259549883730793
06037,0.6450963060331578
06038,0.9096616383679497
06039,0.8200537993466496
06040,0.1628079973176149
06041,0.5176074477853894
06042,0.07888635897766007
06043,0.7847762530967723
06044,0.9053590701884864
06045,0.08495397617034431
06046,0.8853682705345712
06047,0.739921978511776
06048,0.8039430829784918
06049,0.8858060970179001
06050,0.805575784280764
06051,0.2173938297769799
06052,0.5332190910012935
06053,0.1254553631669983
06054,0.8041080952605358
06055,0.6872885598912574
06056,0.21691221988348586
06057,0.7693156457554707
06058,0.2669137830281171
06059,0.8348313982408566
06060,0.8566556083901995
06061,0.7370959156906519
06062,0.08444973569585157
06063,0.0635398867576601
06064,0.9082184989613753
06065,0.9418476052098035
06066,0.7670129404451087
06067,0.6211118924637677
06068,0.8748808320126986
06069,0.8859611359398476
06070,0.2933374117066359
06071,0.23724202968438418
06072,0.5526565163559041
06073,0.5656744600191008
06074,0.1442475577909821
06075,0.7831149777286758
06076,0.4657242769134608
06077,0.46398181410916506
06078,0.11871835686090772
06079,0.9373290374303521
06080,0.08919550866080633
06081,0.08400588497777334
06082,0.12160467311392106
06083,0.7922143041377738
06084,0.9114107109081138
06085,0.9263520953289218
06086,0.0576960872215552
06087,0.07692488054781395
06088,0.9206110801099506
06089,0.9116328871656973
06090,0.8939908025494278
06091,0.7116907310872822
06092,0.9681170473603641
06093,0.3878562598126626
06094,0.2948574548169552
06095,0.8695341139953648
06096,0.42561706079029893
06097,0.6722338353348427
06098,0.328226497371064
06099,0.49541446508591097
06100,0.6749160502410342
06101,0.3767663401673813
06102,0.09513074157912141
06103,0.07221738326396418
06104,0.6377118002868808
06105,0.9171011298274775
06106,0.6145519166613718
06107,0.11484398584441902
06108,0.8969396288930399
06109,0.8238593158659422
06110,0.37536100366319863
06111,0.4249964128825173
06112,0.9083261851280175
06113,0.551069866504845
06114,0.8445431099898036
06115,0.4488983419661765
06116,0.07266463930848586
06117,0.823855868871937
06118,0.7561437988360327
06119,0.7033294817307345
06120,0.5963403115213366
06121,0.8706940591327974
06122,0.9075148050193096
06123,0.9207698931388031
06124,0.15875551749979816
06125,0.1443574343772764
06126,0.8344168610620719
06127,0.07810111663413533
06128,0.9041552066901831
06129,0.474084634976037
06130,0.8114608897444711
06131,0.28231262726008494
06132,0.08528842739804188
06133,0.14306103032705003
06134,0.13275314286197293
06135,0.4554486108682832
06136,0.4001274595368515
06137,0.8537757418093949
06138,0.8902778771743037
06139,0.5235253938985174
06140,0.8549624997942185
06141,0.6570009800505991
06142,0.6236543775604328
06143,0.5208468301338516
06144,0.09199249091492344
06145,0.6971636363638466
06146,0.12012638426784318
06147,0.8268507524604822
06148,0.9031240056378325
06149,0.8050560635282102
06150,0.8720585724414758
06151,0.10823167489993182
06152,0.9291738835800294
06153,0.07608905176011985
06154,0.08811270464511818
06155,0.9234616483445341
06156,0.06746517376304949
06157,0.898833917913765
06158,0.12313098159351477
06159,0.8794420111391567
06160,0.13780393384563416
06161,0.9220434574034156
06162,0.06440518122998369
06163,0.05467090514405525
06200,0.0
06210,0.0
06220,0.0
06250,0.0
06270,0.0
06300,0.0
06410,0.0
06510,0.0
06530,0.0
06800,0.0
06900,0.0
07001,0.0964277825652397
07002,0.2208642235243661
07003,0.13113635947902297
07004,0.2333689070396489
07005,0.8958879958674111
07006,0.09729572663205589
07007,0.9406908669414483
07008,0.970633536854624
07009,0.7316628923142783
07010,0.8595984897908608
07011,0.15522908688069428
07012,0.058023826515162615
07013,0.7299118134176807
07014,0.777128256039337
07015,0.6305926342014669
07017,0.3727249501878466
07018,0.03698455385225047
07019,0.5430255179484105
07020,0.9104769200481839
07022,0.960351774554247
07023,0.24597717822704626
07024,0.31642838948951185
07025,0.04183081516410754
07026,0.05918373104740373
07027,0.9136598597557433
07028,0.45093158036510594
07029,0.11800909820555658
07030,0.16868896214051765
07031,0.4092572946977342
07032,0.8943983717369016
07033,0.5334557158058127
07034,0.5076804213644068
07035,0.9351148982595797
07036,0.9732035614184296
07037,0.06130266897154622
07038,0.04643129652531642
07039,0.7527574622522166
07040,0.8011650841363879
07041,0.9749060207584791
07042,0.6726104760135003
07044,0.8736858039234605
07045,0.06845247500102433
07047,0.049836247239031295
07048,0.13772760457287364
07049,0.0399555004959007
07050,0.30553564156391466
07051,0.974049648426918
07052,0.9103932063426349
07053,0.39897737878868744
07054,0.07811872487546946
07055,0.9235132899687322
07056,0.8870284181898828
07058,0.22972451714002515
07059,0.9224558870297372
07060,0.8878481738960952
07061,0.2876389785269657
07062,0.19075930951625755
07063,0.6866904003116436
07064,0.38966484605749446
07065,0.110721072025662
07066,0.9372556335151415
07067,0.8384829899315176
07068,0.9014023247013317
07069,0.7572011517066043
07070,0.9943279580942578
07071,0.03980298172698242
07072,0.9617402715891633
07073,0.7900077149628117
07074,0.27864662677645713
07075,0.03939465896322525
07076,0.9815381902427026
07077,0.2093491571545889
07078,0.865694451890693
07079,0.150966460455703
07080,0.1304019115329313
07081,0.096732472821731
07082,0.04333108528234664
07083,0.8784106898405079
07084,0.7628354031458329
07085,0.11415535260973081
07086,0.7089655386721112
07087,0.13116136520421812
07088,0.1949961538840179
07089,0.8930757455143756
07090,0.9243151023250615
07091,0.2741467048339319
07092,0.8917934387337265
07093,0.17233959788363956
07094,0.8991157732056932
07095,0.9146334138514286
07096,0.18008234492486597
07097,0.9174979256027785
07098,0.21338788821527366
07099,0.553884681447925
07100,0.2233806477703043
07101,0.41510399373709245
07102,0.9346460012797627
07103,0.09942414744833444
07104,0.20155425822801637
07105,0.03923844763821286
07106,0.05347586705847236
07107,0.14141122796021305
07108,0.13596580990943796
07109,0.19224403622828112
07110,0.43005477152476057
07111,0.11751440392297975
07112,0.10839218972592127
07113,0.353882248509114
07114,0.1485935826480278
07115,0.40652330372725654
07116,0.18727175441032246
07117,0.3397624624839633
07118,0.13333698424372842
07119,0.040317789289469816
07120,0.03701624898076758
07121,0.04127477804637591
07122,0.2881017499716649
07123,0.08120729032216711
07124,0.09915172804321125
07126,0.2793245951338992
07127,0.13609287788051458
07128,0.21135027498113998
07129,0.2037356110338294
07130,0.036900212628678965
07131,0.23606024891350752
07132,0.2684501845920756
07133,0.8024728578858333
07134,0.3489463905776314
07136,0.06199166550811429
07137,0.03790455293863038
07138,0.26224163583381027
07139,0.12504147490278508
07140,0.7240388863945194
07141,0.17594292478575085
07142,0.053432019321092955
07143,0.8881345500106259
07144,0.0505190209437005
07145,0.253532623153205
07146,0.9553318496729365
07147,0.19064591151877638
07148,0.1679860572217343
07149,0.06828037785208915
07150,0.06285858279901736
07151,0.08698491368157067
07152,0.9088972940494386
07153,0.06097256384673811
07154,0.03689186785454502
07155,0.21537480175263327
07156,0.119734088384241
07157,0.9549481090344828
07158,0.04010418888638594
07159,0.20301123687706288
07160,0.20072851686507134
07161,0.05763297139703732
07162,0.2966365875157248
07163,0.1097693317460391
07165,0.1057990263579016
07166,0.1058906415456894
07167,0.5045171768822948
07168,0.4545254470225775
07169,0.711726613211617
07170,0.067040120305881
07171,0.24340336441631122
07172,0.9736064851764321
07173,0.0381120685937575
07174,0.9792365171423256
07175,0.04403032670151758
07176,0.183776266544283
07177,0.9074853732919974
07178,0.11113133596647397
07179,0.2638976324530355
07181,0.935207611286909
07182,0.15783148253096052
07183,0.2902758180964607
07184,0.5360551955681102
07185,0.4880184197697313
07186,0.9462629962995239
07187,0.17093542959870714
07188,0.7842517361304194
07189,0.21888809389189798
07190,0.1781775137033721
07191,0.9357546386911517
07192,0.14170194007747994
07193,0.19165101743199714
07194,0.9348462520632114
07195,0.07296653214098132
07196,0.18078801764400967
07197,0.8228021749609112
07198,0.9509635543831982
07199,0.4739888130585763
07200,0.03577196545808124
07201,0.3971497771661976
07202,0.10359064940763368
07203,0.03824387875791721
07204,0.12199194940676569
07205,0.5093566382324068
07206,0.0448916968892967
07207,0.3658978376169461
07208,0.5685986576338007
07209,0.041660816923373686
07210,0.1826491737458915
07211,0.3816858559078884
07212,0.1383773600790738
07213,0.1605981786499654
07214,0.10691057699437938
07215,0.10982572161791994
07216,0.9082187431996082
07217,0.8712076477278188
07218,0.11886509426526216
07219,0.9709307559598854
07220,0.09017415909667358
07221,0.9296082691181644
07222,0.14544742033722552
07223,0.15695080448156176
07224,0.03999205656519246
07225,0.9741917686226823
07226,0.07068091983034741
07227,0.8067185912589933
07228,0.8123774018641867
07229,0.4892936626765373
07230,0.23254170398984042
07231,0.34593849842995733
07232,0.050325322273797726
07233,0.18351363664560985
07234,0.7737746203645859
07235,0.04213390106795127
07236,0.14184059988913178
07237,0.960156037013587
07238,0.31285552596733024
07239,0.05899857625771963
07240,0.9069009080279901
07241,0.19163236249543053
07242,0.2175132836441387
07243,0.8970112163811143
07244,0.10785634529149217
07245,0.7752392063514851
07247,0.3407468727121472
07248,0.13906637818240145
07249,0.14790468084177527
07250,0.7213965891262573
07251,0.18571656645939064
07253,0.19747920128695545
07254,0.22238467756977082
07255,0.9240064939141266
07257,0.8287543639938296
07258,0.19454927267220717
07259,0.6729838762393585
07260,0.9545012038959738
07261,0.9251786302599014
07262,0.07699355556726777
07263,0.2351495436499766
07264,0.6678813610828941
07265,0.8977958665078029
07266,0.16313097999014825
07267,0.04204210353131784
07268,0.6983219019507598
07269,0.10742736185903035
07270,0.9598502995102197
07272,0.21574047911771804
07273,0.18314034775046312
07274,0.15365555969001593
07275,0.12791040164851156
07276,0.13334357932693075
07277,0.2001987490520508
07278,0.5015792133046493
07279,0.7108065624943708
07280,0.29386914780176093
07281,0.9160320551991894
07282,0.10062671757054593
07283,0.954350020122363
07284,0.1965231525705319
07285,0.16207343676551497
07286,0.13034216797680018
07287,0.8396430953361211
07288,0.4508945513201535
07289,0.3801731662336578
07290,0.13289638869718481
07291,0.37752755570763763
07292,0.5860491005950963
07293,0.9225085494609306
07294,0.44616647100228407
07295,0.2336562628806183
07296,0.30134565966127236
07297,0.9233837069056986
07298,0.9363389879059908
07299,0.29867097225943323
07300,0.7365930727493443
07301,0.7207543342247149
07302,0.9705135106182768
07303,0.9222954213513609
07304,0.42709451116067215
07305,0.27924149489031996
07306,0.37025839338016786
07307,0.27416285790490164
07308,0.6779433870689465
07309,0.2715925058653344
07310,0.8874358814816918
07311,0.9865938551068295
07312,0.6566370614846099
07313,0.9156268168835637
07314,0.559371338760849
07315,0.10861672306756748
07316,0.947368624157792
07317,0.7290384832691342
07318,0.24386479080146586
07319,0.8918906587141077
07321,0.7735116074681968
07322,0.0836982907956768
07323,0.929630218925131
07324,0.8713074331750085
07325,0.24914737374161927
07326,0.036390831539936275
07327,0.2824635655011209
07328,0.43776118597542113
07329,0.06857005626006789
07330,0.48855082280600787
07331,0.15157432837552418
07332,0.9163328815020174
07333,0.20823258567235686
07334,0.29078150300695565
07335,0.21179752149962236
07336,0.34898115361940274
07337,0.7832853053517103
07338,0.883755138175773
07339,0.24786573455091174
07340,0.5191429754794514
07341,0.34648146745123354
07342,0.8316981523791216
07343,0.25873394403715344
07344,0.8780750051673509
07345,0.6846345825603116
07346,0.8090871594917687
07347,0.3291720177086036
07348,0.23357019915454671
07349,0.9406825985945776
08001,0.18093413519410903
08003,0.9078798361719048
08004,0.3613155198791656
08005,0.21567791725055982
08006,0.157179907091267
08008,0.16818628972681554
08010,0.1750017623326823
08011,0.2360335919508729
08013,0.6348606934463136
08014,0.24007354566272657
08015,0.12876265627761582
08016,0.0
08017,0.08278216666018091
08018,0.04253030348293343
08019,0.14682976085460622
08020,0.04517226728606888
08021,0.18225131442478948
08022,0.5323779106234913
08023,0.17493889193771436
08024,0.39960746439073175
08025,0.16383049477622574
08026,0.15304628998557268
08027,0.20252246017214276
08028,0.6913893425571704
08029,0.41089408326282395
08030,0.1818544396904868
08031,0.04548865412315791
08032,0.35291386293420185
08033,0.049049094225434436
08034,0.4704668388565625
08035,0.04640767939419239
08036,0.07107387047479022
08037,0.039079576594267806
08038,0.18684516065655468
08039,0.4241417640906776
08040,0.8049282304933555
08041,0.44116063637709774
08043,0.49003557548524523
08044,0.38943641403546614
08045,0.1446769057872905
08046,0.11009475231401065
08047,0.5083397757355927
08048,0.15127701337464255
08049,0.29485740816390466
08052,0.45384266436228105
08053,0.44806130191808513
08055,0.33918210457783327
08056,0.05911615514197345
08057,0.06614785092317461
08058,0.5792379823311068
08059,0.2909377714405975
08060,0.2889883817483346
08061,0.1587763579935642
08062,0.26175714898947183
08063,0.45414300155859455
08064,0.2254047273601764
08065,0.5064977181038072
08066,0.23911479124392598
08067,0.4618490187916836
08069,0.1827580296382372
08070,0.3554158281907243
08071,0.13892736881245568
08073,0.1923745610781974
08074,0.04222962071684711
08075,0.08466954698059233
08076,0.5526368653640095
08077,0.09519057173485145
08078,0.19265108243283438
08080,0.4441682805118545
08081,0.8414711045480809
08082,0.08773738826943346
08083,0.4876119894303524
08084,0.6480073092767251
08085,0.045325388201447166
08086,0.07588773338258174
08087,0.5277854342723722
08088,0.42899798474369244
08089,0.37590695376517735
08090,0.665415164486086
08092,0.296419249729785
08094,0.03501637582574816
08095,0.4390833783650041
08096,0.6980218798184931
08097,0.06622095517870698
08098,0.0923004958514399
08099,0.5327928110119747
08100,0.09929058370083817
08101,0.5536140100251529
08102,0.15800961808816688
08103,0.15903613440356737
08104,0.11604455870322741
08105,0.914208247870083
08106,0.832098339600576
08107,0.14694916268732536
08109,0.044178237473864956
08110,0.24527253752072242
08111,0.2767795778819664
08113,0.09877114001992413
08115,0.5023111678722866
08116,0.04367686379570844
08117,0.16518758591654334
08119,0.5120756023809258
08120,0.06105402755381646
08121,0.04641375255194043
08122,0.7160912465151406
08123,0.1877408006303086
08124,0.5785248111896176
08125,0.4479596815923238
08126,0.0824551262745694
08128,0.11107042326860252
08130,0.09209610198568126
08131,0.03829902013075297
08132,0.22968981312687065
08133,0.19058288999882753
08134,0.18091362307194542
08135,0.12612137384814437
08136,0.32624844903936734
08137,0.5725433096883673
08138,0.39625338510858493
08139,0.5511423661053961
08140,0.5524735080297268
08141,0.3324002030802108
08142,0.5672242190534085
08143,0.17320177225599243
08144,0.2356908733126115
08145,0.46791313752368985
08146,0.19164826818104427
08147,0.13016253928934818
08148,0.4036052009827019
08149,0.2366078620994988
08150,0.14377495319861933
08151,0.15855443733888056
08153,0.43652791265547763
08154,0.02753066486622023
08155,0.030909365537384756
08156,0.04215172001865917
08158,0.617919634863022
08159,0.5133549385701511
08160,0.6765386165306875
08161,0.06002076717570534
08162,0.6559239567218731
08163,0.2566707445883677
08164,0.19416215680107893
08165,0.16890970713067274
08166,0.48491824155382146
08167,0.0
08168,0.42910357066265814
08169,0.027563166102106948
08170,0.8078749201673426
08171,0.056562023474626216
08172,0.21705465218256337
08173,0.5899011962274173
08174,0.5123028396868056
08175,0.8268043330655094
08176,0.32852281812821127
08178,0.051118724469441865
08179,0.43035380053077443
08180,0.7309859480526647
08182,0.05237309118490379
08183,0.914140128062952
08184,0.40127914773085216
08185,0.237749917845877
08186,0.05952697510517841
08187,0.563018763400071
08188,0.5418996792001737
08189,0.027682247634912192
08190,0.9537249714588485
08191,0.6944781343520207
08192,0.17836181010096758
08193,0.16070067159907453
08194,0.5546412603769147
08195,0.3885280978007302
08196,0.16956358100836114
08197,0.04084987926960715
08198,0.06067736014475297
08199,0.589266624389753
08200,0.09365324057548427
08201,0.5270779771780536
08202,0.08118182004567195
08203,0.4864598360091462
08204,0.1627839779783242
08205,0.40299136747802883
08206,0.48948603337638963
08207,0.7194776360627918
08208,0.214570523864383
08209,0.5318371517017966
08210,0.1158902713140993
08211,0.3128159466540539
08212,0.364894798670634
08214,0.4029806876688808
08215,0.04926145785895898
08216,0.5222886690537871
08217,0.8628932890898949
08218,0.1690572880325485
08219,0.15581147348595598
08220,0.29444807971776843
08222,0.3987674348153535
08223,0.5000529555007043
08225,0.23001394814608153
08226,0.704583229304285
08228,0.44290571328888945
08229,0.51086799036507
08230,0.5559633933055134
08232,0.7698067839864005
08233,0.0768276578128035
08234,0.16102241377457943
08235,0.5614818474372322
08236,0.451154369792562
08237,0.8687239466000638
08238,0.41676460267706866
08239,0.22180540702076604
08240,0.17164523577483054
08242,0.5530266863898544
08243,0.17967911954249405
08244,0.13607330530561976
08245,0.05388477020711242
08246,0.11510944273378507
08247,0.7048436030228472
08248,0.4005072396715481
08249,0.20034786888199443
08250,0.07539893338398863
08251,0.3790763501519976
08252,0.3674991544073272
08254,0.0
08255,0.446075342489584
08256,0.05710335558825655
08257,0.027101555200504397
08259,0.13041391753300963
08260,0.4397950023007827
08262,0.18525735151323172
08263,0.6997014701544655
08264,0.06907898268495037
08268,0.24468006800082406
08269,0.41221313543334
08271,0.04147077972786336
08272,0.1813714141884706
08273,0.030675087394699402
08274,0.056286133234674
08275,0.4817573160465009
08276,0.4480916325981066
08277,0.1441998409494851
08278,0.1179835047598311
08279,0.12827573977394385
08280,0.048900878060692765
08281,0.26134500313972236
08282,0.04037550110632079
08283,0.4499797932574792
08284,0.39775966211185226
08286,0.1626449969024049
08287,0.3734618798881096
08288,0.19670320166603783
08289,0.46212130013695346
08291,0.19698076545001697
08293,0.42242829913529756
08294,0.32591074083969285
08295,0.5377299303906722
08296,0.04538593688239482
08297,0.5087731370813077
08298,0.8951394909043022
08300,0.1864186489440497
08301,0.13942280525730763
08302,0.5846364307805365
08303,0.06583999068751015
08304,0.550786297901223
08305,0.4583064959748938
08306,0.18204913011654675
08307,0.14449889133396837
08308,0.08264615505120859
08309,0.27902854071019695
08310,0.06420245955479374
08311,0.4539034923219019
08312,0.4026010234461189
08313,0.18803268189811506
08314,0.23190133031390353
08315,0.5387946492450426
08316,0.5656170244588438
08317,0.4125552352158243
08318,0.7006070297263418
08319,0.19641414146980693
08320,0.28708937580215776
08321,0.15356208264483154
08322,0.6288235034731516
08323,0.1946033384757734
08324,0.35241693973474614
08325,0.07361389941344569
08326,0.3949056788300675
08327,0.6094359343728853
08328,0.8791982495669117
08329,0.21157447936211737
08330,0.21597003600422393
08331,0.4269957126049508
08332,0.032801409781250304
08333,0.10598955936848616
08334,0.5194705498196032
08335,0.518609007591734
08336,0.5617537909227173
08338,0.19345889579280365
08339,0.18890423239354687
08340,0.647463771499109
08341,0.43744221213676354
08342,0.45014277867136004
08343,0.48847904659515257
08344,0.02772385849250437
08346,0.7272185191052144
08347,0.35893644204032377
08348,0.22721999027383882
08349,0.5039371777053201
08350,0.08732852405466612
08351,0.11362464170453193
08352,0.4836715626957866
08353,0.8998222408457549
08354,0.4903797242757412
08355,0.033055777336708836
08356,0.1603257385502559
08357,0.6149267308313997
08358,0.46460233967161335
08360,0.0647118481601677
08361,0.4419730741322844
08362,0.3387270278095233
08363,0.23993383616642855
08364,0.17520965730195276
08365,0.37394284016444607
08366,0.04062421770539054
08367,0.08481629218229442
08368,0.4065808589343323
08369,0.19273535941684314
08370,0.44895416475015404
08372,0.0438310418940381
08373,0.1559068812117952
08374,0.13427292253110187
08375,0.47365070539597603
08376,0.4919736652773461
08377,0.5273160475018446
08378,0.3098826750146317
08379,0.08276153699397286
08380,0.09318107308111838
08381,0.42645033994131104
08382,0.0
08383,0.06137610558749049
08384,0.16712572641573553
08385,0.7118917003730904
08386,0.2607057601616766
08387,0.24417515597761583
08388,0.6576839045080579
08389,0.5435013657638306
08390,0.17521241433474738
08391,0.5072817133431544
08392,0.10531689081057234
08393,0.3147160033816507
08394,0.13841143510021822
08395,0.5585280043027937
08396,0.2965104972052967
08397,0.4271820873903444
08398,0.17110205474187162
08399,0.4572246334930916
08400,0.5417381516253182
08401,0.1740232940846564
08402,0.28392801706301596
08403,0.2096235218669427
08404,0.48562009372563575
08405,0.15567369016127217
08406,0.16839996078581534
08407,0.043820005623978045
08408,0.5331437353904079
08409,0.5936195339994693
08410,0.10044704833269343
08411,0.15034344590199464
08412,0.04397691978261542
08413,0.10499102266695547
08415,0.1955226088493649
08416,0.18569341467625147
08417,0.07402049648053496
08418,0.061197400450216724
08419,0.11781122020516141
08420,0.3883672323920213
08421,0.4963887702603833
08422,0.490400555126059
08424,0.1700738508638137
08425,0.06657921335532882
08426,0.14765719035884223
08427,0.22414185555194474
08428,0.16386674760866254
08429,0.4108799692531391
08430,0.14780354708855628
08431,0.13522610026320211
08432,0.5714899852164568
08433,0.16727904179707873
08434,0.0389559425320086
08435,0.1719799223075257
08436,0.05310413844845456
08437,0.5167458275244929
08438,0.18039727183583537
08439,0.06847623168265328
08440,0.15001962336741306
08444,0.5139700978683274
08445,0.37095405571990014
08446,0.08801192635846963
08448,0.8591436990507754
08449,0.483880088438109
08450,0.6119528922665908
08451,0.2937239943792844
08452,0.16412364479986397
08453,0.10911871114062047
08454,0.4772477022128318
08455,0.0761467289283772
08456,0.8477584477826295
08457,0.5058471668420815
08458,0.16624885280088272
08459,0.1928603755871628
08460,0.18175647764076874
08461,0.12298913572442406
08462,0.1692409516312716
08463,0.2140418859905433
08464,0.05334172551530293
08465,0.050016784465415964
08466,0.5442974083450451
08467,0.18248373584924063
08468,0.40568428782812765
08469,0.5269170725161969
08470,0.10895211117195085
08471,0.04042414500182794
08472,0.200691060211064
08473,0.45512703388611786
08476,0.40626155593854324
08477,0.4520484175603144
08478,0.5127332687858216
08479,0.3832080316379797
08480,0.8678410794333772
08481,0.5444334494290526
08482,0.459129753736882
08483,0.6403820557311664
08484,0.2534771839712172
08485,0.37842252572880497
08486,0.6636661990901316
08487,0.5889056242805657
08488,0.5698501623284726
08489,0.1660467770118196
08490,0.2840122592862077
08491,0.5470518403627654
08492,0.5562634878773858
08494,0.47847077419057626
08496,0.16199465662421172
08497,0.6583273266989088
08498,0.6234738692251333
08499,0.20071766955749265
08500,0.2385571888927954
08501,0.19445314168698566
08502,0.4397016723392143
08503,0.44733116127007283
09000,0.0
09001,0.5276026574163729
09002,0.12239904646896724
09003,0.1353649491915685
09004,0.08163292013423731
09005,0.1517518095688922
09006,0.06764960967512407
09007,0.19499720231736034
09008,0.12012303794715508
09009,0.4581063905704575
09011,0.028179708957378324
09012,0.08471328292517806
09013,0.360132749645213
09014,0.12480570376025617
09015,0.09408143428546065
09016,0.0962684498653541
09017,0.08183669450989896
09018,0.13112603074512524
09019,0.8533738554502815
09020,0.33777951164297015
09021,0.5504198954289032
09022,0.5196919489294008
09023,0.14164027247918146
09024,0.05750830239714594
09025,0.12026501930713797
09026,0.13487622147725375
09027,0.028714007108408404
09029,0.05100230793865574
09030,0.03257511376464596
09031,0.07027450829474888
09032,0.07616941492929986
09033,0.16320864933695556
09034,0.06582241303148571
09035,0.12793410986501436
09037,0.20232988807480784
09038,0.21107420814639713
09039,0.4412850627554747
09040,0.4850373631439164
09041,0.3969579962351963
09042,0.5509541824811456
09043,0.17159647970704578
09044,0.44327778269841356
09045,0.09442657943784308
09046,0.1659708416094491
09047,0.19277959759225946
09048,0.08706103414953223
09049,0.39006847074745427
09050,0.6522799433722581
09051,0.1662784531960782
09052,0.5451776473370011
09053,0.06794524323773199
09054,0.15678987296163338
09055,0.1010305257259714
09056,0.7904781609947757
09057,0.14947535195193903
09058,0.0917090302137438
09059,0.028353101779746023
09060,0.7642333560255781
09061,0.3976565532465369
09062,0.03136373159547938
09063,0.1503715885223638
09064,0.05946213908209151
09065,0.15564863719072383
09066,0.28604249698679224
09067,0.805034521694732
09068,0.33513814577905315
09069,0.11359519524281339
09070,0.06994575874325099
09071,0.47416232632667427
09072,0.4932846565440338
09073,0.12913556841184964
09074,0.06677448437874484
09075,0.0874559270213684
09076,0.29552982718829096
09077,0.05664291051010904
09078,0.272299342306799
09079,0.11755685462070686
09080,0.469073986420888
09081,0.5097074845781877
09082,0.346619914810527
09083,0.7640518208306932
09084,0.12694107914502617
09085,0.0847245118049708
09086,0.1613964607341376
09087,0.07251344834304925
09088,0.0796129542948954
09089,0.04759250939910764
09090,0.5070763193220266
09091,0.13381956262770245
09092,0.10461663703048982
09093,0.239067281046349
09094,0.1486198680264195
09095,0.1334340587649277
09096,0.0672390635442395
09097,0.16810341988293523
09098,0.10820319810974867
09099,0.38875804408940046
09100,0.07520702662691743
09101,0.5655273954042783
09102,0.5302278882297626
09103,0.43968268586156245
09104,0.46714478237051626
09105,0.08581305630163531
09106,0.2452583121398837
09107,0.5179961668221463
09108,0.23160460406656658
09109,0.838826689172966
09110,0.1795647573779635
09111,0.15114936820146205
09113,0.0806023628869893
09114,0.18690023389734606
09115,0.47281420061054696
09116,0.8346679906037823
09117,0.8153387747550853
09118,0.16128740842296183
09119,0.16819486276181808
09120,0.1492120794330525
09121,0.3355990034897008
09122,0.4013769467052606
09123,0.22505550582616082
09124,0.7418153989149947
09125,0.10673112308573975
09126,0.13092252032858445
09127,0.6126273477347086
09128,0.20191581078699364
09129,0.09787260931416898
09130,0.26830013753596266
09131,0.05998342540975847
09132,0.4374711143101493
09133,0.06967127544637394
09134,0.04524927340853275
09136,0.0771560862190924
09137,0.43849524184709465
09138,0.38885427805129374
09139,0.03784668040457049
09140,0.07731430435442166
09141,0.12490565460458317
09142,0.3646539773754364
09143,0.06324635665007539
09145,0.5352154523508187
09146,0.8242652617773664
09147,0.2931840679930361
09148,0.14248350921769826
09149,0.16265219216462856
09150,0.06372035237861075
09151,0.8732236620564648
09152,0.06726693446086673
09153,0.48712889301098783
09154,0.1937265172020958
09155,0.049887850286422356
09156,0.064492378348795
09157,0.27207459524412514
09158,0.19185641125609532
09159,0.07788622508513554
09160,0.37282586640124277
09161,0.1393601912684446
09162,0.03751358575445791
09163,0.8183326505411974
09164,0.16365741880644005
09165,0.12699453845925496
09166,0.3668476878056696
09167,0.4286536054811228
09168,0.5063442971511823
09169,0.44653520273365943
09170,0.19849115825745123
09171,0.0690325000166876
09172,0.21060962494022958
09173,0.48738053825284045
09174,0.3949573736709205
09175,0.5191354691604543
09176,0.06955952937059273
09177,0.8508414012734585
09178,0.0450062067333665
09179,0.48761877385427044
09180,0.5282702511851006
09181,0.7878392909247534
09182,0.05646785499019538
09183,0.15376180761342406
09184,0.09561587838400515
09185,0.41690867926284525
09186,0.21363689333465333
09187,0.1511401885261695
09188,0.12006813813488494
09189,0.042245675873716186
09190,0.1280650983483606
09192,0.058050321841345544
09193,0.18255706695680035
09194,0.4668370137822865
09195,0.8645139741007564
09196,0.16609392629145153
09197,0.09252652107932992
09198,0.13561090759096264
09199,0.3338008850276237
09200,0.0981616245261665
09201,0.19919905579955635
09202,0.5809963165592413
09203,0.5074161891881445
09204,0.1324171469700183
09205,0.10522069036055341
09206,0.13937759346715767
09207,0.32773909591424805
09208,0.16812521375723816
09209,0.22091273479854956
09210,0.20872109794584906
09211,0.09215686760437042
09212,0.2515914358903978
09213,0.05096841681183674
09214,0.11585866981845264
09215,0.289837852674691
09216,0.42578417664055945
09217,0.06359489969815833
09218,0.09933561498693577
09219,0.11386022391490827
09220,0.223438697507361
09221,0.07241363381430824
09222,0.06784939070601242
09223,0.1681870083235556
09224,0.8736548559031826
09225,0.6468691532000558
09226,0.06776082901356967
09227,0.19124484981650874
09228,0.06608094324378778
09229,0.14907175641353285
09230,0.3262746444477266
09231,0.044554855818576405
09232,0.07884377707787293
09233,0.44002928610743725
09234,0.36538726491767026
09235,0.14803871804967858
09236,0.2437766432178671
09237,0.29121695368467176
09238,0.5514101168999272
09239,0.2898169100718282
09240,0.07418703433370658
09241,0.08294171454766341
09242,0.20105141909008548
09243,0.15136115687400803
09244,0.5282734757904285
09245,0.5835405871389514
09246,0.20724278449215647
09247,0.20031892851561567
09249,0.3186093478708879
09250,0.4202739007237565
09251,0.05398150113186788
09252,0.3167365805229807
09253,0.8863422979322406
09254,0.5434580266641047
09255,0.7927136128558714
09256,0.5852696997570295
09257,0.15858884561404035
09258,0.5192874063568075
09259,0.5108370950644783
09260,0.3390591348141109
09261,0.21652053278121403
09262,0.19028098764477755
09263,0.12704484756808304
09264,0.40594345847393987
09265,0.7021713789008461
09266,0.47623393280594545
09267,0.045274438833973224
09268,0.565969208426681
09269,0.4266702858854399
09270,0.8245987544423548
09271,0.8361116683886558
09272,0.11407057578765388
09273,0.38140594696802427
09274,0.07724014065918257
09275,0.2080580685800936
09276,0.5890932553586279
09277,0.31968899596512695
09279,0.08205647830914056
09280,0.10134561433077555
09281,0.4268014691672332
09282,0.4008915098734527
09283,0.06956941316357063
09284,0.48283692824800856
09285,0.0558082160728591
09287,0.08452859644333416
09289,0.27010620838745786
09290,0.02777920857679886
09291,0.12559482301295122
09292,0.17370465122899814
09293,0.4282004815527189
09294,0.23072193060272406
09295,0.03775333409449499
09296,0.06213209466016196
09297,0.11914066976887479
09298,0.07905613229508321
09299,0.16763180759720245
09300,0.3325846516100095
09301,0.20774875264787498
09303,0.07777618586072
09304,0.5463226416573834
09305,0.4681883820845351
09306,0.08115065441776834
09307,0.1866854249412545
09308,0.20011694170010433
09309,0.525825275169486
09310,0.20587135801108455
09311,0.06240436503885998
09312,0.6268392001103142
09313,0.1732402143086239
09314,0.535656640212277
09315,0.4591571562135287
09316,0.09990997123884815
09318,0.059868299558601734
09319,0.7918573818261966
09320,0.06816834694490613
09321,0.06897753501872109
09322,0.1087642792407977
09323,0.5294697081327215
09324,0.6066933397225611
09325,0.06931334613142023
09326,0.0781820107361422
09327,0.4580204121335963
09328,0.0792492600917924
09329,0.38544543218478317
09330,0.06472459070841013
09331,0.3186789467096666
09332,0.6912389013264496
09334,0.042492773619547265
09335,0.11792454064834558
09336,0.18886695555114788
09338,0.7470117190663563
09339,0.42167944778227995
09340,0.509518487348297
09341,0.5240836641994163
09342,0.27413902237673543
10000,0.0
10002,0.2058725295897334
10003,0.32265973339171644
10004,0.2302193254745313
10005,0.9435675075123403
10006,0.1363676447495456
10007,0.037260453972584505
10008,0.881319469094604
10009,0.8879250693068479
10010,0.08763220377363334
10011,0.08518963096218206
10012,0.883041408478762
10013,0.7584517090722308
10014,0.7934454690202438
10015,0.7497195032056623
10017,0.05235566148033274
10018,0.17728591552681316
10019,0.17849779194020365
10020,0.37284582270874567
10021,0.6091365377712665
10022,0.8931496395961452
10023,0.5500362923594203
10024,0.06906531653566535
10025,0.04693340692463851
10026,0.03616252851776472
10027,0.04014664776414162
10028,0.054261330735390315
10029,0.9067225784103008
10030,0.9362990057512645
10031,0.40152466447721985
10032,0.04327384234164833
10033,0.21644015640777614
10034,0.93545476051828
10035,0.5206461026144288
10037,0.5573906719775535
10038,0.4493341932442527
10039,0.8387279682703187
10040,0.2732725150660576
10041,0.9291392279106027
10042,0.43988494556833757
10043,0.1576185279222198
10044,0.08329478916128946
10045,0.9882299148551252
10046,0.2002990502414102
10047,0.09672369078211322
10048,0.8187453823012539
10049,0.7719609990079768
10050,0.8879556622312422
10051,0.6988029896541768
10052,0.2536120228582062
10053,0.8858256257044811
10054,0.4488206879847437
10055,0.9345025047131134
10056,0.7985569719672304
10057,0.43187423599710456
10058,0.04878674861816343
10059,0.0590948440239185
10060,0.910079357537008
10061,0.9198622188917962
10062,0.9295985231589019
10063,0.22822541908010963
10064,0.37877726863913747
10065,0.06345096631230766
10066,0.5713274024903443
10067,0.8658254868012126
10068,0.9290271530166461
10069,0.9758630507255661
10070,0.9416116698061244
10071,0.8877524035873331
10072,0.08325407964763498
10073,0.06226191929445066
10074,0.2302161865730394
10075,0.2942757871917153
10076,0.770780400522808
10077,0.06009875533817222
10078,0.9591930702572796
10079,0.04759768498517089
10080,0.3432273077446979
10081,0.9343991531608108
10082,0.8043451468201404
10083,0.8931690536552025
10084,0.7171338070235711
10085,0.5443677651364577
10086,0.3487316396099663
10087,0.39318002238958794
10089,0.6439460827039141
10090,0.8818834118784578
10091,0.05054127382637907
10092,0.8716063602911786
10093,0.17930630518421928
10094,0.0435668998958404
10095,0.21582296416269287
10096,0.4742805172470435
10097,0.9523157848478241
10098,0.3457298625148258
10099,0.25047624598299295
10100,0.8877489726225388
10101,0.05281996629082589
10102,0.06480748385090587
10103,0.057318313489638784
10104,0.7250133813503851
10105,0.06708090617470264
10106,0.5156903183905176
10107,0.10525595295737808
10108,0.13244389829998962
10109,0.8784248421083712
10110,0.9890929282177003
10111,0.919003751580887
10112,0.3981009526807899
10113,0.847919230699278
10114,0.5433560034536203
10115,0.8543265424898966
10116,0.6627961773161856
10117,0.10114600825520159
10118,0.2511800066197699
10119,0.056776613644238035
10120,0.09280163279977537
10121,0.04815262770369054
10122,0.12985534158395556
10123,0.9301181235004841
10124,0.4813993471248917
10125,0.5145974862279057
10126,0.8830676345352626
10127,0.05936837354847914
10128,0.04116318683837095
10129,0.9382211608356746
10130,0.2650668434222002
10131,0.6003115137838837
10132,0.44323361176745046
10133,0.12467757954364847
10134,0.5022375396984896
10135,0.15804088207666858
10136,0.8941223167471885
10137,0.07195092356606972
10138,0.23042722605711283
10139,0.10253491632937325
10140,0.1311028093855214
10141,0.8721952347178356
10142,0.44332300513900513
10143,0.41603227464748366
10144,0.3705751118935367
10145,0.3553813241441584
10146,0.553006679040154
10147,0.6282238818030067
10148,0.4790131080741826
10149,0.800078662231201
10150,0.12331245812262516
10151,0.704873078032354
10153,0.5098056114414145
10154,0.4165099782643994
10155,0.8234537561556917
10156,0.7498780817103738
10157,0.47292281150014337
10158,0.888145054168408
10159,0.9635918941345765
10160,0.8623539470419486
10161,0.07423780599926705
10162,0.9941124376373929
10163,0.08344682514338517
10164,0.6148334623924134
10165,0.9221732359681095
10166,0.4864170531601716
10167,0.23328241089329912
10168,0.14026703756991124
10169,0.4141720534303588
10170,0.9307891142922599
10171,0.0628111949617401
10172,0.24388589974772476
10173,0.7904266565821203
10174,0.047662073037821606
10175,0.07113278419931283
10176,0.8711388153298063
10177,0.6820864301969451
10178,0.9036476646365204
10179,0.43076332099252435
10180,0.03701009813797059
10181,0.8740941820099711
10182,0.5228128879277787
10183,0.9057227663882541
10184,0.0805590143014095
10185,0.1045444101153542
10186,0.7627398339217847
10187,0.929341916162497
10188,0.2462300861774574
10189,0.11731561830491938
10190,0.9760538586788309
10191,0.9247087034419712
10192,0.043535810679680056
10193,0.06618866517064656
10194,0.15723654969563158
10195,0.2644599406295971
10196,0.4042647155637004
10197,0.04484555184979562
10198,0.7123257037869861
10199,0.9025889381663954
10200,0.9365172245541834
10201,0.13461663047457456
10202,0.36919582381790533
10203,0.5367706908796962
10204,0.7163743727515384
10205,0.9324193090379543
10206,0.6788028460837581
10207,0.3524062214076822
10208,0.47192058346917537
10209,0.9181893930925866
10210,0.7637668762377136
10211,0.8549652027861743
10212,0.6870625048306293
10213,0.9960929802044453
10214,0.06784616020577743
10215,0.9145393817458092
10216,0.41244672927529397
10217,0.8941534950138986
10218,0.0750772421521476
10219,0.06411018882249202
10220,0.8318921310273272
10221,0.08343125272211806
10222,0.15612971039877205
10223,0.4248416276630449
10224,0.31129184824570433
10225,0.4957782821788053
10226,0.9146910171029209
10227,0.34672671749141165
10228,0.9384012745769004
10229,0.7302760899201842
10230,0.8718790961064435
10231,0.3991025499260679
10232,0.9426183697858699
10233,0.488868800683876
10234,0.5581648610413552
10235,0.0650967276426297
10236,0.09711073140302334
10237,0.3410532375104333
10238,0.9183004026380482
10239,0.8312789533893904
10240,0.8297298168790113
10241,0.2522717112502083
10242,0.8477364576285707
10243,0.053077190341691956
10245,0.9860378638867351
10246,0.7065655448599512
10247,0.09713415423280035
10248,0.8519265848783452
10249,0.9009684532314451
10250,0.17146644902278743
10251,0.13627172236139806
10252,0.9068345439377434
10253,0.05570607094026563
10254,0.3116832043559052
10255,0.8932507087371533
10256,0.6293319360746082
10257,0.054571857258009795
10258,0.10214878059556347
10259,0.4543507779168971
10260,0.8473532140775422
10261,0.1629929905939531
10262,0.9290048844822468
10263,0.25374522128133825
10264,0.8489162760258785
10265,0.9199019211570515
10266,0.10649679920539913
10267,0.04803877830474227
10268,0.5704342341900192
10269,0.24323461325681459
10270,0.7488777344280286
10271,0.6217384647830309
10272,0.07576887427619033
10273,0.04298216238989736
10274,0.564554289708842
10275,0.4835805776999494
10276,0.41832807157294594
10278,0.054069544623658865
10279,0.043119973953229106
10280,0.7448826002829367
10281,0.8535178472545669
10282,0.8732878491176191
10283,0.16811846010302017
10284,0.4168022477468473
10285,0.11763750342944802
10286,0.16837324977274115
10287,0.9285092531613569
10288,0.16555770347809567
10289,0.22355693802958085
10290,0.4519718405134543
10291,0.30703592579465383
10293,0.39728192031585485
10294,0.9177025172543128
10295,0.9085054900214327
10296,0.9110537405874616
10297,0.9419496576241566
10298,0.5192641676734693
10299,0.06089684917660684
10300,0.057592469623701015
10301,0.4859737223723078
10302,0.16206230102502373
10303,0.18698121454992314
10304,0.10030782025550743
10305,0.38968519946989744
10306,0.8644218154452256
10307,0.8012151240548605
10308,0.3617639152827609
10309,0.3139093268932082
10310,0.9514165707015187
10312,0.11631263224558752
10313,0.9436233876675199
10314,0.053307572982335995
10315,0.0785175128689257
10316,0.2729121779120474
10317,0.14986160973329254
10318,0.5019447903851837
10319,0.44616228784312956
10320,0.7102376285074448
10321,0.8708631307714327
10323,0.772965007900198
10324,0.7348291963398078
10325,0.8984355985212212
10326,0.09970106993539245
10327,0.17564934351717923
10328,0.8389305065508054
10329,0.9841282673244995
10330,0.04785064037626478
10331,0.8973334501968828
10332,0.9746733699900493
10333,0.9333801169141988
10334,0.5296566012687612
10335,0.4465115205942041
10336,0.8787131401782755
10337,0.10082660487518398
10338,0.20759130856061497
10339,0.307986925301708
10340,0.8138292244885434
10341,0.6292000516839734
10342,0.7283081818814783
10343,0.9963167898762173
10344,0.8472682218295015
10345,0.29187737806132585
10346,0.0401818559916125
10347,0.4516383955540519
10348,0.4693573325499088
10349,0.8856648307375301
10350,0.35828734923471134
10351,0.4983966629232552
10352,0.8937343585633832
10353,0.6555898912657674
10354,0.04971366120988962
10355,0.3328929602279624
10356,0.48532668694804154
10357,0.9996971217863077
10358,0.9069507960565355
10359,0.2872423338651885
10360,0.7601780697070283
10361,0.23786303955150429
10362,0.9030475101258845
10363,0.753978666695045
10364,0.8149198305678941
10365,0.2599917505311104
10366,0.05325006666092776
10367,0.38165019420889273
10368,0.8873807058055221
10369,0.2912557939219113
10370,0.5030084866243599
10371,0.6180879958406703
10372,0.09820648704141745
10373,0.7139571865367513
10374,0.8626455675584834
10375,0.9818939549204738
10376,0.9947428153444806
10377,0.07165327324997514
10378,0.05924409738674258
10379,0.08127882319823032
10380,0.06025883022487827
10381,0.8349122175540629
10382,0.4433860977439751
10383,0.48254469364596847
10384,0.8981490332137483
10386,0.3128634966654077
10387,0.9451442978123322
10388,0.07798390195152198
10389,0.9160954943708436
10390,0.8302460460525273
10391,0.8089871136432196
10392,0.6391047007548449
10393,0.07537064232033248
10394,0.26064299220094583
10395,0.20739516588931778
10396,0.7659640521195606
10397,0.9221771696662792
10398,0.054885942013717486
10399,0.8791249093698493
10400,0.04418265804772776
10401,0.9712536353217486
10402,0.7397083047684753
10403,0.1625428861974279
10404,0.8479179806675139
10405,0.05314861941484963
10406,0.8038452881948068
10408,0.05634107623045064
10409,0.8849160393727804
10410,0.3960216850219168
10411,0.09736260077890019
10412,0.9154517418782716
10414,0.6520176265852886
10416,0.8038902369878245
10417,0.29803216605787
10418,0.883096094219756
10419,0.9047935963230167
10420,0.28176256406133515
10421,0.40756949926807495
10422,0.08926370381202167
10423,0.9463383632870535
10424,0.053362263729861824
10425,0.6949605868171195
10426,0.4438062022044382
10427,0.9622639050099914
10428,0.08159047511016382
10429,0.07636730986913641
10430,0.280230635573168
10431,0.3716503080291678
10432,0.8841845819809537
10433,0.9713552675009706
10434,0.7857018688005107
10435,0.7825827442713279
10436,0.05211921503285455
10437,0.8785964440956258
10438,0.812473092591612
10439,0.9181562389323011
10440,0.07134279465506782
10441,0.08656076953400278
10442,0.5795341231836075
10443,0.8802081995882344
10444,0.4961958838434811
10445,0.06647987318273127
10500,0.0
10510,0.0
11000,0.0
11001,0.7475788685248802
11002,0.6208429852465138
11003,0.27590210886767247
11004,0.5463904053967582
11005,0.8520371090335095
11006,0.33291534762072644
11007,0.11958436338262901
11008,0.33914692417451675
11009,0.7836744500420666
11010,0.4685178055233622
11011,0.976835374221288
11012,0.7996346710967093
11013,0.7424930837669599
11014,0.8015878879793864
11015,0.27953876187286075
11016,0.7445876666714591
11017,0.33507410567786866
11018,0.8477423386736271
11019,0.37768214100806713
11020,0.08374060444890451
11021,0.3424743938044136
11022,0.5575457793068512
11023,0.7855496697347903
11024,0.8652922466132927
11025,0.9779323117242995
11026,0.732806708566928
11027,0.8388663374969705
11028,0.16449555405315716
11029,0.2485301073764623
11030,0.6838136623436606
11031,0.30073938330010647
11032,0.5177803541667042
11033,0.623593344480133
11034,0.5623004787723147
11035,0.6556379022308884
11036,0.4180160815606872
11037,0.8369559509908736
11038,0.37216424214955196
11039,0.2617536509645139
11040,0.7177781631222591
11041,0.4110356337865827
11042,0.5905441612331774
11043,0.8234755227359027
11044,0.16071488090055477
11045,0.3432842513392177
11046,0.3332257161197058
11047,0.2212618962620201
11048,0.7123060029122498
11049,0.767832631557208
11051,0.741902075227693
11052,0.783617796795561
11053,0.7588320362265222
11054,0.6377571881833883
11055,0.45187630467775675
11056,0.6860664890450229
11057,0.52405007261604
11058,0.7411390808292031
11059,0.7553580052187171
11060,0.4423343063284282
11061,0.7330419846565567
11062,0.21223642449891045
11063,0.7140919242252856
11064,0.5281463777453029
11065,0.24533749018149253
11066,0.1284307320862574
11067,0.7109975813526616
11068,0.8630772754305645
11069,0.9935226924972375
11070,0.7627504438585341
11071,0.5428448214558468
11072,0.5158051057821101
11073,0.38504316638385716
11074,0.6153321838539804
11075,0.49296039106701484
11076,0.7704561971756494
11077,0.5793671191443776
11078,0.2872946041087505
11079,0.5244701290407333
11080,0.11052996588448057
11081,0.6046402307682743
11082,0.45738444282924196
11083,0.42670384779131715
11084,0.895233009506252
11085,0.851338515022569
11086,0.786582334790489
11087,0.37688208009698404
11088,0.8398130583176523
11089,0.7670430279819588
11090,0.8097452775599805
11091,0.30322810836486486
11092,0.6470102878021645
11093,0.3494414162687702
11094,0.5503140697241171
11095,0.6123721390716369
11096,0.09629576722851746
11098,0.6913838599938108
11099,0.9735086013840084
11100,0.14389504612111975
11101,0.6156299329862528
11102,0.8334575288297871
11103,0.4797204724539936
11104,0.22985540254713277
11105,0.40183808335392673
11106,0.8266171757335239
11107,0.19237666012931187
11108,0.5674092214674525
11109,0.43288963808149944
11110,0.48942443220568926
11111,0.712159319611914
11112,0.11404689198599671
11113,0.2402516277240109
11114,0.5955735002923512
11115,0.608587905102524
11116,0.8261902342357446
11117,0.08617627198642609
11118,0.20077307629447544
11119,0.30617167078495194
11120,0.6097577866069218
11121,0.5528679654906085
11122,0.558855796987736
11123,0.1862932862955212
11124,0.6270686421700135
11125,0.7860260507133705
11126,0.6462099640663862
11127,0.2889465922379479
11128,0.11691417560854092
11129,0.6301157400489489
11130,0.25194937944932133
11131,0.5195700995396936
11132,0.5975882066810877
11133,0.7745279154306768
11134,0.5199637650637993
11135,0.10811352221784128
11136,0.541314259606244
11137,0.1035762691386228
11138,0.7147310102837845
11139,0.5594359952850856
11140,0.7647598383183127
11141,0.7673138133719962
11142,0.38068541600858263
11143,0.7705720009427939
11144,0.8004969575549288
11145,0.8530709879565088
11146,0.8157319016352983
11147,0.27532471856296514
11148,0.5902167705497867
11149,0.5829789127854534
11150,0.846808933562391
11151,0.8251132829798915
11152,0.5992533437020657
11153,0.7405025647144015
11154,0.9600597338642419
11155,0.16420943499138693
11156,0.805800796552545
11157,0.5776121011753311
11158,0.7743067474041704
11159,0.5289527092941838
11160,0.24828174500145436
11161,0.7778233463469797
11162,0.5415807529391907
11163,0.22044809408020735
11164,0.759860867331771
11165,0.7987893851241471
11166,0.7320744376090027
11167,0.733988365900931
11168,0.5498757243024031
11169,0.7397218838678633
11170,0.8447674888348581
11172,0.7470996320079523
11173,0.4553651884241209
11174,0.9591314231254697
11175,0.6151193995660605
11176,0.4397263869264802
11177,0.38153152316000954
11178,0.7035167002267306
11179,0.5781540515121266
11180,0.5537273495081088
11181,0.6156120540640442
11182,0.23129817631918012
11183,0.782353535091224
11184,0.3733726231180869
11185,0.4865329964395323
11186,0.4462696445423297
11187,0.06750858240169276
11188,0.6532739835320691
11189,0.3779529878628817
11190,0.5460809626947445
11191,0.0813556224343685
11192,0.5601502335390052
11193,0.7575219499213937
11194,0.969572960561029
11195,0.6031147502070712
11196,0.510489772681911
11197,0.7583159814358998
11198,0.7607161450723706
11199,0.8918000303289148
11200,0.5543479890485985
11201,0.8187787359450209
11202,0.7167078297216095
11203,0.8652509822278545
11204,0.1103817141933948
11205,0.9693010302782127
11206,0.8023211089225565
11207,0.5599298601266866
11208,0.5612441777847493
11209,0.37630391724863027
11210,0.752817767881844
11211,0.37976284709645597
11212,0.4390999295627603
11213,0.1992370144627039
11214,0.7581545702658228
11215,0.8241796691403912
11216,0.7720582752727866
11217,0.806098556406413
11218,0.5428862450675972
11219,0.5138813161408347
11220,0.7505229470755633
11221,0.2536648566792588
11222,0.22553853076963673
11223,0.788065478343915
11224,0.20029631864534833
11225,0.5462170925364921
11226,0.5238432135271032
11227,0.43596770308734256
11228,0.5616522291092395
11229,0.1976774431508959
11230,0.09949918361081511
11231,0.5885275989466585
11232,0.7560975626841826
11233,0.7765580992762672
11234,0.6280415907239194
11235,0.17875142392721066
11236,0.5012556361271139
11238,0.6202392345412022
11239,0.5614590082493514
11240,0.5224091785990236
11241,0.5935170522588858
11242,0.8227554891795916
11243,0.7736936999498124
11244,0.19190935984055946
11245,0.1851202364618267
11246,0.47805001322781887
11247,0.1370349450815464
11248,0.7997847509383307
11249,0.350313350697435
11250,0.060373121631511914
11251,0.6301475672272288
11252,0.656136784804732
11253,0.7689128638747234
11254,0.7836276267479131
11255,0.8635926073916571
11256,0.7215678887574197
11257,0.7948002031438388
11258,0.8341104904527192
11259,0.8060217617857953
11260,0.08415861460551578
11261,0.5369260010032699
11262,0.8828993445150145
11263,0.5669189644548213
11264,0.7529661191232367
11265,0.17415202478031283
11266,0.827239666441033
11267,0.6935873477725355
11268,0.3208245550748276
11269,0.8019750595476627
11270,0.17640577278412894
11271,0.10988667687018706
11272,0.7944085154876793
11273,0.7268439233767021
11274,0.7467263108541479
11275,0.5416230030998951
11276,0.90848655877616
11277,0.5776938954771835
11278,0.5285002483101594
11279,0.8656158497145592
11280,0.583488410523415
11281,0.5311862690093484
11282,0.13913715554546188
11283,0.5551724325117515
11284,0.6299805429208648
11285,0.770136578922252
11286,0.6292332772259089
11287,0.2980121579438063
11288,0.8486210994392445
11289,0.8022242280882796
11290,0.5663951410847939
11291,0.3758957152139747
11292,0.6130782354264034
11293,0.7888979798676811
11294,0.17551884879724056
11295,0.7661919374061043
11296,0.723719902856153
11297,0.4653692933255526
11299,0.8137346745860812
11300,0.6012501106394187
11301,0.5561040248764149
11302,0.29222451053273507
11303,0.4268549572689051
11304,0.7604737124172138
11305,0.17975116319406723
11306,0.6267621577680803
11307,0.7498992330394687
11308,0.7775590543889702
11309,0.4960030837980855
11310,0.35606162129585645
11311,0.5026606600556903
11312,0.40116648978030744
11313,0.588882580248505
11314,0.49839176049003825
11315,0.5823304201731525
11316,0.30114973299386033
11317,0.2610714216263757
11318,0.5498829464049501
11319,0.5767771550152063
11320,0.21796718569729226
11321,0.18682807360009365
11322,0.7098577280453154
11323,0.3796507352996631
11324,0.7305816572858981
11325,0.7957680589196403
11326,0.18788056535246814
11327,0.8487500829206894
11328,0.7359275923144692
11330,0.8150048256380907
11331,0.5353122122385892
11332,0.7514233521738388
11333,0.2985470197081854
11334,0.6047285805577844
11335,0.18738925193546907
11336,0.23804195477121654
11337,0.5383892438433469
11338,0.30322067682459325
11339,0.7595467116233409
11340,0.8300897135967704
11341,0.6231371573465116
11342,0.6048843629176028
11343,0.3076264833059725
11344,0.7926638439279403
11345,0.57723394522128
11346,0.43312301694294153
11347,0.5308243134685526
11348,0.35283681430918656
11350,0.4925468530191009
11351,0.5967482429331246
11352,0.34604649054111025
11353,0.8230606807287533
11354,0.4136541147001061
11355,0.7932839980688589
11356,0.641135421839324
11357,0.7694528317859648
11358,0.4426849489916569
11359,0.5898557606913617
11360,0.7762248355873066
11361,0.6370870423816035
11362,0.609297850367415
11363,0.4136588501150754
11364,0.6748586039670641
11365,0.5767616859226714
11366,0.732763099202407
11367,0.6411031517246351
11368,0.9749058997805016
11369,0.8235224536703791
11370,0.8436572963818503
11371,0.6149837929212243
11372,0.9701838593953471
11373,0.2172494393120277
11374,0.06071965807349465
11375,0.04352771878870278
11376,0.42015469413315837
11377,0.3434700495829331
11378,0.5614753945118556
11379,0.832324489148404
11380,0.17569119654640927
11381,0.35702825068843475
11382,0.6026536633630456
11383,0.5982032441793861
11384,0.31318912293257156
11385,0.6032992983157069
11386,0.5091076783861782
11387,0.5184878691625812
11388,0.47053400364883213
11389,0.26437284539836453
11390,0.7309037010722357
11391,0.752795857303108
11392,0.5064619819091774
11393,0.6595771209840765
11394,0.3292417392975131
11395,0.962005104093707
11396,0.5308978132057064
11397,0.829527449239296
11398,0.7386697420523913
11399,0.6053628232710322
11400,0.053919618348995786
11401,0.2853460953063261
11402,0.1857846963673956
11404,0.8442828695883677
11405,0.7420551465632776
11406,0.2831084405874089
11407,0.5374771721343006
11408,0.8064669018684202
11409,0.4302202423864999
11410,0.9763646784979327
11411,0.9724176754862249
11412,0.1661082853906729
11413,0.9743870567902944
11414,0.7564521766100264
11415,0.7785226308019062
11416,0.9732349182211758
11417,0.7833005253932973
11418,0.5001168511944624
11419,0.5659258578508944
11420,0.7103550279257349
11421,0.7173884283989008
11422,0.8274711476963214
11423,0.7819595392864531
11424,0.3986321387977557
11425,0.9770526225992194
11426,0.9762667072115474
11427,0.18209188712245616
11428,0.6191761945449208
11429,0.9785265876915801
11430,0.6807562215293063
11431,0.5480061514694802
11432,0.770387941785988
11433,0.9733939187558933
11434,0.7136111569019561
11435,0.09976113262492461
11436,0.7692114146491412
11437,0.8884989696643575
11438,0.7282298904748284
11439,0.6185196984567289
11440,0.5701207975282258
11441,0.8224511668491199
11600,0.0
12001,0.297178210872048
12002,0.3197623193404426
12003,0.6546749831201417
12004,0.5526835387054752
12006,0.37800547669361717
12007,0.871174468462142
12008,0.6441745739202739
12009,0.4084339626249657
12010,0.2000843692206542
12011,0.30392373511861165
12012,0.6238335112125373
12013,0.6888710406933387
12015,0.209360048944818
12016,0.643355287133619
12017,0.34840025837761174
12018,0.8386470288037821
12019,0.691680695365205
12021,0.7166551183984533
12022,0.2338456415577507
12023,0.593778664775348
12024,0.4128991460532663
12025,0.5753824215823012
12026,0.2528354345101405
12027,0.37495182305068986
12028,0.6003328384318565
12029,0.531432787042914
12030,0.6114687925928189
12031,0.6375234976231617
12032,0.2794635038586186
12033,0.33628763864533356
12034,0.9315482274921346
12035,0.5076213220230652
12036,0.33463208124232563
12037,0.49998697632204336
12038,0.448283530249255
12039,0.4622495153232987
12041,0.19257381371990626
12042,0.43213731727222565
12043,0.2802874364237861
12044,0.4446544392754176
12045,0.21732550761401243
12046,0.14662969360259176
12047,0.4863427927665542
12048,0.4783465274316837
12049,0.34206511408233925
12050,0.3012112974390388
12051,0.25938611260725414
12052,0.8759297370454463
12053,0.8821930126513313
12054,0.6427435207732921
12055,0.5622088085248552
12056,0.26365391032184443
12057,0.1997069546555082
12058,0.5354457238990513
12059,0.23046980662419866
12060,0.2163990798813534
12061,0.2367517383875763
12062,0.17092620333224146
12063,0.44544046938681753
12064,0.26404442225864294
12065,0.15553605284038133
12066,0.4580836545125939
12067,0.376546751462826
12068,0.31446867999609235
12069,0.6023782878739318
12070,0.362611461459457
12071,0.7318357382843184
12072,0.19398604118396387
12073,0.3096765450880678
12074,0.3008844870214399
12075,0.4364745877196012
12076,0.5398653940244416
12077,0.258714264720984
12078,0.3498458494298582
12079,0.26073996323050147
12080,0.6341637346784236
12082,0.22135017702764287
12083,0.6770620982453533
12084,0.25573794489205304
12085,0.20503799355142463
12086,0.43746073122257134
12088,0.3735087124261472
12089,0.6678662928141145
12090,0.4179035861950054
12091,0.9103232424815778
12092,0.3101363931584801
12093,0.4680391450713121
12094,0.4081495309576769
12095,0.4815664888847072
12096,0.484228222398512
12097,0.34733344489518486
12098,0.29751458636930045
12099,0.37283420714573284
12100,0.562146788152672
12101,0.5756247039708992
12102,0.3851951849902157
12103,0.4470773728285986
12104,0.8403662366008444
12105,0.6491812027937605
12106,0.20043845683875508
12107,0.327162956051754
12108,0.6894328650485391
12109,0.30409220518188823
12110,0.389997812457097
12111,0.5256544514590823
12113,0.19272262407728002
12114,0.0
12115,0.3461675754252019
12116,0.52049136576564
12118,0.30969177651374297
12119,0.5984100889036149
12120,0.16239711965478
12121,0.9412081359204616
12122,0.277240200724145
12124,0.16495099171918784
12125,0.8762652563854144
12127,0.2203333628810987
12128,0.5469759928231646
12129,0.4656088354416022
12130,0.5674298406991285
12131,0.3764399346251057
12133,0.3094511308589505
12134,0.7296277487917098
12135,0.6150432228617047
12136,0.9227223290155995
12137,0.2534853166228975
12138,0.5753146888492927
12139,0.3707411985926605
12140,0.9262414914738792
12141,0.6439812071054082
12142,0.4454017749253756
12143,0.3287772609819826
12144,0.15831915248707917
12145,0.2666651083006585
12146,0.4385603675927035
12147,0.30197329971943465
12148,0.7276039571887672
12149,0.5530515072403948
12150,0.7921026960020918
12151,0.4177488951760197
12152,0.6496191414633904
12153,0.2083386220537638
12154,0.41297919243334436
12155,0.34168202066620207
12156,0.3245533981813677
12157,0.25725569450704466
12158,0.8629085115934181
12159,0.9712346425253414
12160,0.515495428531157
12161,0.42956888538710336
12162,0.3174222506323157
12163,0.7285597654790164
12164,0.22316088613307558
12165,0.4120434993736427
12166,0.27905078093102254
12167,0.6733453509045311
12168,0.30508093393350305
12169,0.23704832671313084
12170,0.8649223188477735
12171,0.4691037219897933
12172,0.39638068147854044
12174,0.40015759478953816
12175,0.8912328902485654
12176,0.6437336800820063
12177,0.11083160885627899
12178,0.22798345493307634
12179,0.3531735775181068
12180,0.5017610406471631
12181,0.8837613841441513
12182,0.45013491019559904
12183,0.6136400179148029
12184,0.4336225762467028
12185,0.367409230800518
12186,0.7098575959253021
12187,0.20396486239957845
12188,0.13262749339911598
12189,0.2205186846273448
12190,0.577530821262432
12191,0.9183815336318706
12192,0.4290908384424393
12193,0.4690189058000171
12194,0.18113945858456337
12195,0.4492535814734735
12197,0.4148155445732842
12198,0.5941616302902353
12199,0.43343517599926046
12200,0.41782144854395264
12201,0.39562750609777253
12202,0.589672032740591
12203,0.29935928394696765
12204,0.27217961650058614
12205,0.9679955914189142
12206,0.7304196552964773
12207,0.19670510815548942
12208,0.4619449146278838
12209,0.5452041040774213
12210,0.4005496374458305
12211,0.27695518379853595
12212,0.3650745654681361
12213,0.35291182631209994
12214,0.29032801571347766
12215,0.5421657166876828
12216,0.2657206859446713
12217,0.9092098477293005
12218,0.0
12219,0.49464356120368186
12220,0.39371745370664385
12221,0.30927289601313507
12222,0.3663038912404079
12223,0.38773736232335987
12224,0.1460376502908143
12225,0.23250471656074664
12226,0.3161963511020615
12227,0.9086461572807633
12228,0.5443946907918512
12229,0.34678822729663084
12230,0.2822813818374228
12231,0.34166815279283813
12232,0.3354199821054752
12233,0.5562705127420088
12234,0.26504466444013497
12235,0.15977989171734477
12236,0.4298281945585746
12237,0.4029961695862642
12238,0.3960158866513677
12239,0.49534365699414573
12240,0.44860956291904264
12241,0.3999519409601545
12242,0.9539929735126355
12243,0.2541233146232518
12244,0.33382882003020503
12245,0.0
12246,0.44663677754844583
12247,0.5607240397740553
12248,0.8114801401417604
12249,0.8309658957373299
12250,0.42999785738801327
12251,0.3397098455524979
12252,0.8768423027552126
12253,0.3211262633567171
12254,0.4320156363859425
12255,0.2787996800038829
12256,0.8475473377831786
12257,0.8452293008505712
12258,0.40235458460750734
12259,0.8077463211777793
12260,0.30294889489423066
12261,0.8947739626365548
12262,0.20296822058633418
12263,0.9650194327493755
12264,0.4541782647040692
12265,0.424061689430619
12266,0.4381144483684246
12267,0.21958615852686386
12268,0.41660557816837523
12269,0.6620860383337326
12270,0.7120168649357348
12272,0.8411292900060767
12273,0.4228566001990897
12274,0.3313482991807606
12275,0.26913891691607833
12276,0.1455362725983347
12277,0.5185623421356285
12278,0.2331958944400199
12280,0.1754094990052359
12281,0.9784299933998627
12282,0.28862648208059904
12283,0.36643075163341315
12284,0.45540872389294845
12285,0.0
12286,0.4008246199324411
12287,0.9546633446443864
12288,0.4848961034812478
12289,0.6893666622409058
12290,0.7505625949149738
12291,0.3195438620352098
12292,0.286215995475398
12293,0.0821846354048564
12294,0.48966696788072567
12295,0.3073117449648195
12296,0.2888612481194462
12297,0.286435202975894
12298,0.48597896353440345
12299,0.4653682978553692
12300,0.9966234955505535
12301,0.9081233162371642
12303,0.4298599165808898
12305,0.6376147820831823
12307,0.1692234039022203
12430,0.0
12600,0.0
13001,0.9485569145079531
13002,0.9245447973101262
13003,0.8000320737982676
13004,0.3669052346622126
13005,0.847934232280116
13006,0.7197200118983467
13007,0.9582287004277052
13008,0.7904267073594777
13009,0.8268064822181315
13010,0.9700054740089052
13011,0.7975723347311071
13012,0.890556233216382
13013,0.8848855436048286
13014,0.9103758567468138
13015,0.9532771983836397
13016,0.833163089373997
13017,0.8271262352994324
13018,0.7734686563753547
13019,0.9599372326553303
13020,0.9187962109136124
13021,0.8489625320385608
13022,0.7886523572336974
13023,0.7536311665346569
13024,0.7769710326085951
13025,0.8765989852372688
13026,0.8520708645075137
13027,0.9815896289931453
13028,0.7974076851750543
13029,0.8412832520652378
13030,0.719284447166182
13031,0.8491906358868007
13032,0.8824415817596182
13033,0.8890104906055983
13034,0.7104110558703669
13035,0.8237956834821817
13036,0.9680270236412837
13037,0.8715731284358196
13038,0.5619207642655869
13039,0.9085855097401871
13040,0.9002687974976253
13041,0.9400708293189809
13042,0.96919490919673
13043,0.946478637699456
13044,0.7955521020035753
13045,0.9677709353603844
13046,0.9061788765912914
13047,0.8819994193645034
13048,0.5650130120682603
13049,0.8102694362011991
13050,0.7890773757224753
13051,0.860349758801199
13052,0.9692363624871155
13053,0.8038824524323598
13054,0.960922398320717
13055,0.9261174054735049
13056,0.8015258256327239
13057,0.9356519197021277
13058,0.6937380320469286
13059,0.8163579875373539
13060,0.9213684864395959
13061,0.7617149010912945
13062,0.9406125494409092
13063,0.9621306475100011
13064,0.679149773453702
13065,0.6533579008804017
13066,0.9674018126856333
13067,0.7103039897141601
13068,0.5111068802061738
13069,0.7930541711200786
13070,0.8677775966908711
13071,0.9451689331878298
13072,0.869696757477637
13073,0.8957055190925837
13074,0.7854637603723948
13075,0.9965197215806093
13076,0.7005631688974541
13077,0.854343279340658
13078,0.7365451907969641
13079,0.7836563785075794
13080,0.799081653580798
13081,0.9146330486550788
13082,0.8318881011194
13083,0.9793131592992359
13084,0.7842165493625899
13085,0.7586308170841535
13086,0.8368943060719508
13087,0.8858887118630568
13088,0.925652593567647
13089,0.7408781661566288
13090,0.868570713403464
13091,0.8532765922699254
13092,0.8804399188472114
13093,0.6762031842677461
13094,0.9347345046463513
13095,0.8865470877276492
13096,0.03939424178834943
13097,0.5342561798806904
13098,0.8989352582117993
13099,0.22502238823770163
13100,0.959211794785021
13101,0.9213406173648888
13102,0.9593784095944032
13103,0.8457374730945091
13104,0.8348598516434714
13105,0.9689757729455879
13106,0.9566478460297694
13107,0.9967305955594814
13108,0.9404066159826181
13109,0.9023349252566842
13110,0.7413656618351044
13111,0.8527344199105883
13112,0.9005615830301831
13113,0.8206769147717676
13114,0.8948662176943335
13115,0.7903074692335759
13116,0.9663512972508311
13117,0.9532269323943695
13118,0.8760552161869093
13119,0.7912044169293923
13127,0.0
13200,0.0
13220,0.0
13290,0.0
13400,0.0
13500,0.0
13540,0.0
13590,0.0
13700,0.0
13710,0.0
13928,0.0
13960,0.0
14001,0.8013390025761182
14003,0.37675851130866483
14005,0.9757954205507109
14006,0.9371649012635748
14007,0.15668059578303054
14009,0.9269130351045044
14011,0.33372943279352923
14012,0.46601140656143886
14014,0.9573626407727284
14015,0.9588281879597543
14016,0.4569043429661386
14019,0.3600993193837161
14020,0.8489378106365001
14021,0.82170263090914
14022,0.8333460641750186
14023,0.16781631046564954
14024,0.5641107570883094
14025,0.9060918861759825
14026,0.8789076875623245
14027,0.15754513332051948
14030,0.9802766682770488
14032,0.595166887260969
14033,0.44562657001351547
14034,0.931201124246854
14035,0.43006072397802103
14036,0.8945869049841612
14037,0.815486802623334
14038,0.9188516298289049
14039,0.8878918935735519
14040,0.447446700559019
14041,0.790080070537552
14042,0.9305900320722669
14043,0.5922753420288054
14044,0.9550697764002585
14045,0.7204259014585046
14046,0.8804717945304051
14047,0.608692415517936
14049,0.8495701418037411
14050,0.5036824177839314
14053,0.6175134175358283
14054,0.4658515933011812
14055,0.5529112178146041
14057,0.987257660716488
14059,0.9693906226450707
14060,0.9542141222139586
14061,0.29673382676532506
14062,0.9465666399321557
14063,0.2165108217289977
14064,0.6264097751992742
14066,0.947444112573451
14068,0.9561596371125506
14069,0.5880028958214639
14070,0.6486577494541075
14076,0.9571683102647597
14077,0.5792958189188396
14078,0.407799427864775
14079,0.7109504192914209
14080,0.6991015927550402
14082,0.3461176545955469
14083,0.4200853499990678
14084,0.19696091259706114
14085,0.560037434091324
14086,0.9466488839169694
14087,0.6013298354056941
14088,0.5554301683703929
14089,0.9151613313078589
14090,0.9485588247440844
14091,0.5018139865071005
14092,0.9565076132585729
14093,0.4186990960461519
14096,0.15463943369330252
14097,0.8383803891310926
14098,0.9328010574667625
14100,0.9360543588567318
14101,0.9767568652294368
14102,0.48590493303860416
14103,0.39371015702248413
14104,0.4434189034968944
14106,0.9147134316372791
14107,0.20319343273574036
14110,0.7205869835266075
14111,0.855648896459259
14116,0.828032892533623
14117,0.8473974801780515
14118,0.9698713255994342
14119,0.9959991803253867
14120,0.15364318523701806
14121,0.3236689826076518
14122,0.865465448924645
14123,0.9647625742447472
14124,0.2785255499347709
14125,0.9646326024227171
14126,0.30604326323870307
14127,0.3900489802314439
14130,0.38438378645819904
14131,0.9086948289737395
14132,0.17835544874248332
14134,0.7777848409454882
14135,0.8085587925558723
14136,0.25694170839677244
14137,0.9865943169176766
14138,0.3992138147333921
14140,0.3548471002528939
14141,0.39977023722214977
14143,0.22049541461946848
14145,0.8926815888552281
14146,0.2344092084242103
14147,0.2781194739225838
14149,0.7770460594589015
14150,0.7076035269562297
14159,0.837065315296387
14160,0.9371253157935256
14161,0.4383775719797988
14162,0.5475591984601929
14163,0.7085367261225168
14165,0.32041565449434084
14166,0.950832713555802
14167,0.9651750817330577
14168,0.18711547676112475
14169,0.9101573516559186
14171,0.5636285362296626
14172,0.4442421332583759
14173,0.8182160944537646
14174,0.39854218883711373
14175,0.8301040221033694
14177,0.48698090907405955
14179,0.4489493249721347
14180,0.5573016256033453
14181,0.9685399225901913
14182,0.4125013685023557
14183,0.678965644361029
14184,0.39596828328955597
14190,0.6549792295042831
14191,0.9393005412923615
14193,0.5414377850681243
14194,0.404701601888782
14195,0.5875600175185265
14196,0.8852088031013746
14197,0.9456632440193822
14198,0.35392427760024425
14200,0.8803498152968361
14201,0.0
14202,0.972045410296988
14203,0.7110028163786086
14204,0.16900494943865266
14205,0.9052278961181689
14206,0.5974778156650539
14207,0.749149265537109
14209,0.39113942932402357
14211,0.2706903099793306
14214,0.4205772763384899
14215,0.9943628324175752
14216,0.6428311502048285
14218,0.38403241977889285
14220,0.9827406339594279
14221,0.9952849012257454
14223,0.6287636181880488
14224,0.15194057683323234
14225,0.7276822494202743
14226,0.6253358671565263
14227,0.4412438376455072
14228,0.9502322637527724
14229,0.602400772991763
14230,0.446777245733305
14231,0.3781367493244763
14232,0.8444060845687555
14236,0.7628371300287244
14237,0.9871670779136019
14238,0.931315877305717
14239,0.11311309671388341
14240,0.6740099980915221
14241,0.75204757292489
14242,0.9661642455563504
14243,0.7966039568687273
14244,0.7005875282452749
14245,0.6164988819651346
14246,0.9245432105297462
14248,0.8332318557630664
14249,0.9325614417217067
14250,0.8095925829799975
14251,0.5400625820319251
14252,0.7369772678018286
14254,0.9599892502849109
14256,0.3973550694463217
14257,0.9169522090297186
14258,0.801391453507411
14260,0.47729724219775194
14261,0.5536534085299394
14266,0.9432774958333677
14269,0.5893704293181304
14270,0.6143550738547684
14271,0.9762023876046377
14272,0.2578308119099935
14273,0.10789245305996517
14274,0.9482729929964925
14275,0.9455194034319732
14276,0.6308275354908323
14277,0.944818018892203
14278,0.9063045572469534
14280,0.44741954243668997
14281,0.21173366735043844
14282,0.2859285407689501
14283,0.5521697376418999
14284,0.5670013381643187
14285,0.40831410232876547
14286,0.7037241205859874
14287,0.9900074689953655
14288,0.9416264767304979
14289,0.6218294243601235
14290,0.9423500239865038
14291,0.8957486529530208
14293,0.6209924547288586
14297,0.9171786321341157
14298,0.574190262264167
14299,0.7225843643733354
14300,0.3856460168851028
14301,0.9970271137598987
14302,0.543091028566957
14303,0.5795506138484291
14304,0.728227367404287
14305,0.533426702937192
14306,0.8301846754902324
14308,0.6823422559901133
14309,0.8995603620612819
14310,0.766417547556551
14311,0.9224158003481495
14312,0.2105105136533555
14316,0.6140403813679077
14318,0.9174237807124421
14319,0.9689102670038808
14320,0.9272857925220753
14322,0.70357897269641
14325,0.949261050824952
14326,0.5531842976042018
14327,0.972557694396514
14328,0.9939466665976465
14329,0.4166252646423695
14332,0.5123943182327756
14333,0.8585635598443387
14334,0.4749355560740702
14335,0.6860323322937882
14336,0.8394154177383365
14337,0.3251586580607689
14338,0.6425673443887109
14341,0.996329938023771
14342,0.360568135422724
14343,0.5998229884506476
14344,0.839817666137579
14345,0.648151801780578
14346,0.7989521826843239
14347,0.17230730773184683
14348,0.8702975110174048
14349,0.9329853335772378
14352,0.5095527746827967
14353,0.8300903748036977
14354,0.946417554324042
14355,0.9170034295547994
14357,0.2925233972807456
14358,0.40019513202956014
14360,0.6168877921582585
14362,0.37143275526575265
14364,0.8472753271972522
14365,0.9453327060604121
14366,0.669074072292986
14367,0.492527528291095
14368,0.3258049697343296
14369,0.6018581582933862
14370,0.3529774852907268
14371,0.4092067780540996
14374,0.10673669439841581
14375,0.5893359671585058
14377,0.4035359654218506
14378,0.17646607574640627
14379,0.16515699695994948
14380,0.8717480764441163
14381,0.6188443428652411
14383,0.9689503724675185
14384,0.9453452747290978
14385,0.45323926383449953
14389,0.1633873769682179
14390,0.8597626054959476
14391,0.4010294156900665
14393,0.9319157369916934
14394,0.7536696470282304
14396,0.9498786887898499
14397,0.3127333321526929
14398,0.3783078907586305
14399,0.6003920003406862
14400,0.8337812819307711
14401,0.43147601066996366
14402,0.6277179961690733
14403,0.5180161872632321
14404,0.5575791577140988
14405,0.6391327630020541
14406,0.8901217349606025
14407,0.9522077656725654
14408,0.9409691295257526
14409,0.8968648410391374
14410,0.6980613938226199
14411,0.590086553044146
14412,0.5424478115270345
14419,0.4010514415531731
14421,0.5215703073340908
14424,0.5107567811934891
14425,0.33798900005526616
14426,0.5829123888442502
14427,0.6495088194189115
14430,0.8462712753792986
14431,0.2800474782937118
14435,0.32076968297379643
14436,0.7260068211954623
14437,0.9768100128644559
14438,0.9229365226830086
14439,0.229789110302188
14445,0.5390531267335046
14446,0.8487069689264995
14448,0.39884867597244045
14449,0.8281253911069608
14452,0.5958513132833589
14453,0.3967940247024664
14454,0.9346895793090281
14455,0.8432690726957962
14456,0.9772918157710014
14457,0.5765743176068915
14458,0.9176729724769181
14460,0.5454927550112151
14461,0.929050808971452
14465,0.8177083660623836
14466,0.5004706740787301
14467,0.7122964600487985
14468,0.3622517680587098
14469,0.5770559946620625
14473,0.2622335060649843
14474,0.5427857815659981
14475,0.8414952647816012
14476,0.5850245257392952
14478,0.3882101371063648
14480,0.6570035449381526
14482,0.7243565459276204
14483,0.886866680961831
14484,0.5794287036996433
14486,0.5931395211201241
14487,0.5424619074598982
14488,0.9951324388998114
14491,0.8126973582645491
14492,0.8171487100772661
14494,0.7409659922914885
14495,0.9493938797571123
14496,0.2543988826915844
14497,0.6379047915124965
14498,0.5772877499482542
14499,0.7976410788030669
14500,0.5648903389289247
14501,0.6305762329237979
14502,0.6239735578141733
14504,0.4896380083584235
14506,0.38363220027776423
14509,0.9468195152761887
14510,0.6562476274944221
14511,0.3864100207719669
14512,0.36559204138810036
14514,0.9080943476153565
14515,0.4490854853621733
14516,0.4853418897134928
14519,0.8998212890148762
14520,0.3449000172088816
14522,0.48830924704413037
14524,0.7020701522117037
14527,0.4887120057104247
14528,0.6830215831655932
14529,0.4051171253397624
14530,0.994124530491838
14531,0.6119171720872929
14533,0.4005413770906792
14534,0.5683187959835679
14535,0.9404874867676397
14536,0.9140481419380232
14538,0.9437771871011601
14540,0.5728525015792398
14541,0.40621968283738813
14542,0.9717533836141632
14543,0.9605865355276011
14546,0.7180685230660028
14547,0.2797281607729858
14550,0.38347411368501744
14552,0.7805784212145656
14554,0.9400014001768727
14555,0.6011303615279242
14556,0.9552153161948344
14557,0.9665156737371899
14558,0.9528885078236004
14559,0.6447683450916023
14562,0.9418862971726436
14563,0.6213794596727845
14565,0.7949424756958293
14566,0.9716108673544561
14569,0.9057491598537041
14570,0.3077517820440651
14571,0.5315829837347174
14572,0.5697488494781072
14574,0.4537511286847435
14575,0.618477759300729
14576,0.3657884736128199
14578,0.8995870686962207
14579,0.11754412492331867
14582,0.4323948130558808
14586,0.24947027107856298
14587,0.9771197181740405
14588,0.5847481714598086
14589,0.7913842568451677
14590,0.2796725343999197
14591,0.39569895985104436
14592,0.9197261933183707
14593,0.44469594136904106
14595,0.4755507131525751
14598,0.45344984263692667
14600,0.0
14601,0.6119298370465894
14602,0.297827423851172
14603,0.9507469499195131
14605,0.2557633177418357
14606,0.4032875449505127
14607,0.7274512279559572
14609,0.5272917228855708
14610,0.9589355683094541
14613,0.35790730759555345
14614,0.4629046745263938
14619,0.44788274854378607
14620,0.8017970717019479
14621,0.25874795493809233
14622,0.2922743862760098
14623,0.9486935107985943
14625,0.5041505445135025
14626,0.4824385020427209
14627,0.6118423878461615
14630,0.7837791210585837
14635,0.6841631036630867
14637,0.7577734201971492
14639,0.29505288058856693
14640,0.889121657760246
14643,0.3407095647861358
14644,0.47730892379517526
14645,0.5218059086754767
14646,0.8037263563084736
14648,0.4082372424053875
14649,0.5676699278975654
14650,0.11975790607388921
14651,0.7845244497988552
14652,0.1480451943099284
14654,0.7116569753062334
14656,0.3673048437413844
14657,0.7670799170929962
14658,0.6297780040721259
14659,0.8856820819703655
14660,0.49115279883653085
14661,0.8447539973723279
14663,0.7566911059813979
14664,0.2800808839324359
14665,0.9264281711876811
14666,0.9008889120712529
14667,0.3415400527268692
14668,0.29311831724977533
14669,0.5845763060036437
14672,0.17602922527089856
14674,0.8046181914239012
14675,0.9592436882999793
14676,0.7813139427253755
14677,0.7066558048765649
14678,0.49982965732898293
14679,0.38335536864173736
14680,0.41796086893763135
14681,0.3213413279412795
14682,0.6184908138900285
14684,0.8972272485372991
14685,0.953017960528762
14687,0.6679041723420247
14689,0.5159942298856918
14692,0.8867146933945623
14694,0.4442688192133705
14698,0.9058911723372174
14699,0.9742198676645601
14700,0.39712917516086227
14701,0.9497997104449265
14705,0.42334428810542996
14706,0.9108599999566714
14707,0.9225643898614
14708,0.16592492162809805
14709,0.4516487759674359
14710,0.6097226577786441
14711,0.24935318331856524
14712,0.8918853648156843
14713,0.9120234435858924
14714,0.3841649393947033
14715,0.9769750081910479
14716,0.754012051254765
14719,0.8618669180476243
14720,0.5449366526962609
14721,0.8905113094957923
14723,0.4485018428025739
14724,0.7745857498965139
14726,0.42981857741900487
14728,0.48470437915283343
14731,0.709942588426078
14732,0.4233405190653333
14733,0.8075321614277111
14734,0.8536708851164495
14735,0.645784519261651
14737,0.7575684922502172
14738,0.9644646914114081
14739,0.8779944502138695
14740,0.2867353253936521
14741,0.734384495388105
14742,0.6248927004564975
14743,0.4272113276387735
14744,0.8159208982358942
14745,0.208591136075014
14747,0.9388940258523947
14748,0.6022965380821423
14751,0.5292076704711738
14752,0.7410007037104498
14753,0.6314793933646806
14754,0.5586595608310041
14755,0.9712705147855795
14756,0.3598788164788929
14758,0.9649878973010532
14759,0.6301934387190795
14760,0.7762429955713525
14761,0.8921185341068183
14762,0.670027503638608
14764,0.7057550455967968
14800,0.0
15001,0.14701303506719268
15002,0.5601201810259402
15003,0.1280789219847404
15004,0.3880776191619573
15005,0.5061801779886612
15006,0.16443846384135236
15007,0.6726703568098773
15008,0.20227548574872453
15009,0.10790288107706097
15010,0.09788829442645743
15011,0.15748261520376883
15012,0.5910584848476704
15013,0.5184816487598773
15014,0.7995973201240807
15015,0.18748772801445301
15016,0.43691580454622747
15017,0.2891404446037906
15018,0.13655529256132876
15019,0.13281291504162482
15020,0.5403062243054065
15021,0.25273914955479454
15022,0.46891585898720733
15024,0.095921891832452
15025,0.09808450941987386
15026,0.06113568549428445
15027,0.2773327474611118
15028,0.3597703738660912
15029,0.3795391464057109
15030,0.23705672434691433
15032,0.2116562558874591
15033,0.15316784221822277
15034,0.5450816927556518
15036,0.0921833222920092
15037,0.1227534686941367
15038,0.14843284732757048
15040,0.16403068737983117
15041,0.2066674317516594
15042,0.44264006776286713
15043,0.43336164330635996
15045,0.17095323729809472
15046,0.13876939041857905
15048,0.20327750019850643
15049,0.0682848860641237
15050,0.05401169378459211
15051,0.6140707401249843
15052,0.07538525243900591
15053,0.32321685384233123
15054,0.14612398860206138
15055,0.2988515669123984
15056,0.4583334779001931
15057,0.16607552969212624
15058,0.4077677249802456
15059,0.36008468819245076
15060,0.08376959631174265
15061,0.06540879097109073
15063,0.1254595325074411
15064,0.13239801850070881
15065,0.11220377376291658
15066,0.07084088661552215
15067,0.041300319840194284
15069,0.22430496442118183
15070,0.06324586536839297
15072,0.4544104273194408
15073,0.6253290465370872
15074,0.37362771840657066
15075,0.3229583069491425
15076,0.11525407806879671
15077,0.190214696136809
15078,0.1397402149619229
15079,0.13197413209868422
15080,0.20478403536244835
15081,0.2816199112684035
15082,0.36375027446249353
15083,0.5024962748640813
15084,0.5519432122515086
15085,0.4182730233544523
15086,0.08729874947591876
15087,0.4574680410372868
15088,0.3762517983738785
15089,0.5101026849829149
15090,0.45624443290472605
15091,0.09709860170123573
15092,0.1352722912114789
15093,0.3606789552978479
15094,0.551516743698808
15095,0.306191503545628
15096,0.2592062600233016
15097,0.22555019174017357
15098,0.5439439210440854
15100,0.21272477960152814
15101,0.04545414473785073
15102,0.05043363685137465
15103,0.4780738499632693
15104,0.17880464934782964
15105,0.6232393628293685
15106,0.28686690009440685
15107,0.6348313609096589
15108,0.5912467297797537
15110,0.10098852839176348
15111,0.1857910274470646
15112,0.09073808562870635
15113,0.04175213157566681
15114,0.08447880136100136
15116,0.10879780464919327
15117,0.40200580144535386
15118,0.37665652279412776
15119,0.8122769474944602
15120,0.1947669955017091
15121,0.6493119057638396
15122,0.39495210148193943
15123,0.15068298143384112
15124,0.24849367211926618
15125,0.2990007197303155
15126,0.489101891320836
15127,0.4589475288289501
15128,0.2198023435831482
15129,0.18621165551963453
15130,0.2555283001984799
15131,0.21039492001092927
15132,0.13484505476137945
15133,0.457031217950467
15134,0.5658527672026438
15135,0.21412152114605695
15137,0.22803180848801521
15138,0.11754487905653732
15139,0.11222556959797675
15140,0.6122201908574171
15141,0.17668689644361069
15142,0.28646300999034374
15143,0.44238862204712276
15144,0.2914351869406494
15146,0.0869771226188124
15147,0.1237723215456666
15148,0.27170214432412154
15149,0.18145660873363187
15150,0.0
15151,0.20780641214593126
15152,0.2619360267644259
15153,0.23035243231742986
15154,0.26185540592293416
15155,0.10543075539220814
15156,0.49248787303735914
15157,0.13275865260331624
15158,0.23233773349503117
15159,0.3235908280720925
15160,0.551778845081585
15161,0.22280665403923783
15162,0.4273685402998384
15163,0.4183624130440885
15164,0.3906305208643178
15165,0.18277102455310668
15166,0.22587093564864422
15167,0.10528044736489346
15168,0.5047811837141701
15169,0.3157504355394261
15170,0.18658760541230995
15172,0.4024841300816332
15173,0.10674220573534426
15174,0.09904232532786132
15175,0.4346170634617853
15176,0.19191606296503322
15178,0.12169171157697414
15179,0.25261805202879
15180,0.09577491888164227
15181,0.3839064052641855
15182,0.3975789949649499
15183,0.29812805084099464
15184,0.30230434596364064
15185,0.2632885925367646
15186,0.13526985023928637
15187,0.42980742707928
15188,0.5008727807759895
15189,0.3907129077925166
15190,0.08404780302938536
15191,0.4538047101131031
15192,0.04650155509642744
15194,0.09536561083783328
15196,0.4324522860772364
15198,0.16228548551321603
15199,0.6668234401615741
15200,0.13713512529869876
15201,0.1302566539460778
15202,0.09694290948043799
15203,0.15897783330856108
15204,0.42435576438267775
15205,0.06891268683595034
15206,0.20636206618238118
15207,0.15734571723367066
15208,0.06537130306549417
15209,0.08234574597282175
15211,0.44826921567486266
15212,0.4149000294328774
15213,0.07777937519201772
15214,0.16545727186403092
15215,0.379796793030146
15216,0.1514903499399857
15217,0.4480693059248355
15218,0.12628681704987837
15219,0.11870263358790237
15220,0.16304673479889964
15221,0.3981553006459911
15222,0.4846875148774472
15223,0.18682274638919077
15224,0.27205746721210744
15225,0.07307979577335068
15226,0.2547010984678276
15228,0.17402730496534619
15229,0.25726479143685366
15230,0.11698504445447218
15231,0.30603282356738953
15232,0.41486045737551686
15233,0.45186950809136106
15234,0.4459543816206822
15235,0.32635379945620757
15236,0.06380087776436953
15237,0.27533260762089284
15238,0.38453599428011015
15240,0.16017649481691007
15241,0.18593592770233808
15242,0.37429584429221635
15243,0.20158822728716266
15244,0.26428567709425105
15245,0.5189328037095537
15246,0.19229501324975645
15247,0.2329622939796137
15248,0.26342692428226794
15249,0.06936107170247609
15250,0.2121678067209169
15251,0.22850632206221816
15252,0.28364261866169044
15253,0.08343092129807068
15254,0.10364761770943078
15255,0.42147096259638217
15256,0.12178665030650102
15257,0.46684568507196916
15258,0.2701987901874151
15259,0.22312569081556935
15260,0.48432599109849517
15261,0.15931714754090984
15262,0.3103846917155705
15263,0.19142273065424764
15264,0.35134790819908757
15265,0.29524675795310956
15266,0.329165826056967
15267,0.47602828086657123
15268,0.2685407475301911
15269,0.13611739260819708
16000,0.0
16001,0.2702878452795202
16002,0.4098462199099386
16003,0.6319053792555772
16005,0.46726727613683694
16007,0.1765380398136348
16008,0.2868356494668946
16009,0.14321689553559058
16011,0.6992204245640736
16012,0.37519512596062476
16013,0.23448484993750696
16014,0.07786410403658882
16015,0.7895483187107739
16016,0.25893640963621495
16018,0.5322258616063766
16019,0.5814331947644455
16020,0.09091434604978021
16023,0.4337224004990788
16024,0.6126991349200883
16025,0.0679869919480401
16026,0.9538250233145034
16027,0.07347151572637761
16028,0.22212300676496058
16029,0.07714756324819633
16030,0.10734972457935542
16031,0.6622627628425886
16032,0.22649102952022176
16034,0.09109522308204306
16035,0.4796201317615448
16036,0.3877651405994392
16037,0.06838201489878483
16038,0.3183837545582305
16039,0.6189835327350677
16040,0.05344854968229876
16041,0.0697138652581603
16042,0.5306884993360913
16044,0.5452888524441184
16045,0.15886968184131864
16046,0.06675449031182465
16047,0.410868070562537
16048,0.05452984267223715
16049,0.07735521042353853
16050,0.2398561131188427
16052,0.055891585369306315
16053,0.08515100683670696
16054,0.5494402978960057
16055,0.6966882528176073
16056,0.30115971178769935
16057,0.2761718224008091
16058,0.501647781311283
16059,0.573111822708363
16060,0.34590801732017395
16061,0.6318816983458053
16062,0.06887660262368213
16063,0.07607510044893577
16064,0.29129359110749914
16065,0.2044217029853509
16066,0.0930199554593853
16067,0.6373222882568688
16068,0.2956506496534831
16069,0.4712690355704867
16070,0.1451759647457399
16071,0.20559938109447787
16072,0.49513697624841235
16073,0.10198429216924607
16074,0.06633964823056071
16075,0.3166941629381513
16076,0.5508957246995295
16077,0.5241912372587701
16078,0.7900350884909989
16079,0.12348144901325694
16081,0.5609082087286437
16082,0.49694743850806516
16083,0.5035040389464748
16084,0.27641728488649303
16085,0.27026263478833995
16086,0.16249560172135769
16087,0.4918191476857835
16088,0.32907741809190716
16089,0.6263978668476707
16090,0.24121449914676665
16091,0.06446054998822938
16093,0.676993737463654
16095,0.5103928525310112
16096,0.13410666931616838
16097,0.3821304006941957
16098,0.5828198148162614
16099,0.05921694070786719
16100,0.16704502242706679
16101,0.527537456346312
16102,0.6464687131099951
16103,0.0937368874873476
16104,0.6131413755799713
16105,0.05048027700064829
16106,0.619976107665024
16107,0.5895847270652014
16108,0.5514069471902147
16109,0.2987455450005215
16110,0.6531119903013846
16111,0.041053089644849244
16112,0.07278489314170866
16113,0.6668781063331097
16114,0.4665950338721843
16116,0.2715709716919898
16117,0.07485020252438343
16118,0.057008558115295496
16119,0.7298040315909746
16120,0.790600195646692
16121,0.5009016795575346
16122,0.512539436750622
16123,0.38383784428768347
16124,0.265236994692634
16125,0.41137287425824703
16127,0.5572417406483398
16128,0.28404590364973237
16130,0.07745807946298697
16131,0.283400621071661
16132,0.19980433513524784
16133,0.11209709981688198
16134,0.10646863090915416
16135,0.24764190984318774
16136,0.6847271298665426
16137,0.25937575250916844
16138,0.6255188240571756
16139,0.1922827352102335
16140,0.2819284580687702
16141,0.34969989460217765
16142,0.5084701008268765
16143,0.6937236272441665
16144,0.42743174647759974
16145,0.2023656994115219
16146,0.7756550422561171
16147,0.5402868143387157
16148,0.5555583571466579
16150,0.44115215044601447
16151,0.42246844780409415
16152,0.5511311204507842
16153,0.23444056983250935
16154,0.8633273884129858
16155,0.10906253836360244
16157,0.24387534193151875
16158,0.5306782446281695
16160,0.09407984277481483
16161,0.06959823381538309
16162,0.06877098701730883
16163,0.5073919286265325
16164,0.2660207711783653
16165,0.3222595493758174
16166,0.8472369172547627
16167,0.42726830343553795
16168,0.6557090097232793
16169,0.4566235748084171
16170,0.050512743643042535
16171,0.3451695327390965
16173,0.4157688752773131
16174,0.3368621836167846
16175,0.08497807776554996
16176,0.2429438571007631
16177,0.09726254415246378
16178,0.16336825208647998
16180,0.08176765615942166
16181,0.3375288507420016
16182,0.3093634057947501
16183,0.03885044132351727
16184,0.3296154128008393
16185,0.4115957923060535
16186,0.31336426839078635
16187,0.6269377098041015
16188,0.16681141367862568
16189,0.46561655878794495
16190,0.6017700563049019
16191,0.46782137301078763
16192,0.05886799107632956
16193,0.34875546975986915
16194,0.09537426946361269
16195,0.16674887484185225
16196,0.3541281085391028
16197,0.535286011424593
16198,0.5867201943471312
16199,0.8371748898182739
16200,0.4893353161954082
16203,0.13031472059154156
16204,0.11114866859450277
16205,0.10673480072506884
16206,0.2878120254825139
16207,0.14125329535908085
16208,0.2388440912776356
16209,0.3022431674876021
16210,0.6404374526417245
16211,0.5351697313689752
16212,0.045215375538733386
16213,0.2033542556148459
16215,0.1298511426679173
16216,0.36106527677397865
16217,0.5531205575606172
16218,0.3416695250105013
16220,0.28150918049687923
16221,0.1200711611279391
16222,0.07457877118987002
16223,0.2421150636445072
16224,0.07671743428617782
16225,0.17418805796023257
16226,0.9224078947270979
16227,0.0674715475094368
16229,0.49885075370011844
16230,0.04514862068782837
16231,0.3003395272270518
16232,0.6480570805945951
16233,0.5148536538360994
16234,0.45190777263901466
16236,0.6488972583753979
16237,0.36781086319493067
16238,0.3776188656434639
16239,0.12188811986175128
16240,0.0744120962600656
16241,0.5198124040221123
16242,0.5538075573261184
16243,0.4123898134755583
16244,0.631326083894809
16245,0.1382952506548712
16246,0.05625987054556773
16248,0.07483064334093974
16249,0.1583706906549828
16250,0.21849095443531305
16251,0.05467921000939476
16252,0.06763128606400907
16253,0.5748443652174217
16254,0.0876911370224041
16255,0.29584227885948966
16256,0.06315054703060977
16258,0.1035992620537952
16260,0.06696576578009997
16261,0.3857152717861318
16263,0.45173804976546544
16264,0.36460544719975074
16267,0.057915272383156975
16268,0.5595589136166753
16269,0.6484425116579147
16270,0.15491976316409514
16271,0.7934269830282243
16272,0.4840885638212017
16273,0.5936265803778045
16275,0.06829661034925917
16276,0.057830445094497356
16277,0.3730439327767792
16279,0.11062212994718738
16280,0.6828671128560359
16281,0.6728419262875279
16282,0.6182821431192934
16283,0.16875235185009477
16284,0.08644801489880369
16285,0.5147418052126812
16286,0.05088250200635247
16287,0.5243244272654904
16289,0.18657331175213013
16290,0.21902444109978347
16291,0.8092238583038521
16292,0.6757265679696062
16293,0.19745101757190203
16295,0.6766190420895704
16297,0.26372541787108433
16298,0.5283011421343404
16300,0.5798532138833216
16301,0.07185532769849567
16302,0.09578650284897777
16303,0.08762953132303074
16304,0.4669341531804871
16306,0.28115654632198755
16307,0.49700498817176403
16308,0.19014226797973402
16310,0.15864449719306542
16312,0.4824652359256981
16315,0.06231018653316968
16316,0.38513376957967116
16317,0.5476672122400555
16318,0.44054034283313315
16320,0.6123087333348308
16321,0.6075039015648742
16323,0.6788211148873231
16325,0.5234706480011514
16326,0.30516032497963425
16329,0.11085706950819904
16330,0.47936854385556044
16331,0.06021411885235312
16334,0.05345151466749921
16335,0.5198346946370097
16336,0.28681720615770967
16337,0.2712186856087478
16338,0.10297263577236516
16339,0.05997268451256367
16340,0.2462054178463397
16341,0.6906385319566728
16342,0.41901404173412227
16343,0.27212992796950797
16345,0.05016934485628779
16346,0.09666458172882113
16347,0.09786063854568998
16348,0.5256455436511963
16349,0.35151207741351204
16350,0.09152243127373942
16352,0.22834727731256155
16353,0.4362764036341955
16354,0.058838369385099204
16355,0.6501964871878515
16356,0.4958859512618226
16357,0.0757825002001206
16358,0.9503614781769972
16359,0.5336101644307641
16360,0.10090109645085524
16361,0.5941780076773246
16362,0.07124983780103528
16363,0.2686907081021211
16364,0.04674556593215573
16365,0.08666708419008032
16366,0.3014344850487056
16368,0.7147702740288755
16369,0.27812590151914146
16370,0.5698472463830747
16372,0.10903943556276573
16373,0.550729011391532
16374,0.966683509811461
16375,0.14361463370668753
16377,0.3129101542700435
16378,0.47606724503284026
16379,0.29428369047347513
16380,0.050293133202788144
16381,0.540483631198337
16382,0.7398926856914437
16383,0.7128288031124769
16384,0.05168213896780005
16385,0.7458301378556865
16387,0.20304032402732763
16388,0.5815943183838996
16389,0.2894556746826913
16390,0.4659949016264537
16392,0.4804633598666463
16393,0.9399360870517277
16394,0.06064351395855322
16395,0.18183105057315457
16396,0.5104344845365215
16397,0.056390262066708635
16398,0.038681738997880424
16399,0.3608086523441952
16400,0.7251102423765217
16401,0.5309764018131573
16402,0.40389241763797123
16403,0.318165350725855
16404,0.5609403806726208
16405,0.0872595638084886
16406,0.6480679156443115
16408,0.5592353274754608
16409,0.5714988241909258
16412,0.6812325669277863
16413,0.5405135517993959
16414,0.4889499619498057
16415,0.931679987437017
16416,0.1828506619769738
16418,0.714937215076273
16419,0.5914800204758391
16420,0.5301754243467927
16421,0.4660220376972906
16422,0.6954944768357014
16423,0.5686934152582371
16424,0.08996249133194327
16425,0.22762358235465172
16430,0.0
16700,0.0
17002,0.36282750429280725
17003,0.8298447512680391
17004,0.9413794807130044
17005,0.3492742052303297
17006,0.1393316833687143
17007,0.6260389955896547
17008,0.7797324019464436
17009,0.6694301678222151
17010,0.9878246482814088
17011,0.726774901595953
17012,0.5571364833190676
17013,0.40621614018347546
17015,0.7583573823858404
17016,0.4463928310527602
17017,0.3789995302689629
17018,0.5239112371351728
17019,0.8902410251467062
17020,0.27937093601306084
17021,0.9615937333731877
17022,0.694298750782692
17023,0.5146512628822018
17024,0.4511349955629825
17025,0.5109917979925571
17026,0.4784084003135021
17027,0.6888315049926618
17028,0.9646462862067224
17029,0.24246526702015522
17030,0.9425749986217115
17031,0.337030253593263
17032,0.914212108514424
17033,0.44020541951470865
17034,0.7821833552436278
17035,0.08148327252239329
17036,0.7094656257734341
17037,0.10127777302980553
17038,0.5035790031061511
17039,0.6510223308860849
17041,0.2923544329130464
17042,0.813443215717614
17043,0.40312465054816293
17044,0.79577580499177
17045,0.7267569625347301
17046,0.6882636277743206
17047,0.749681680279191
17048,0.3961691699934813
17049,0.2459846034148476
17050,0.527794978962312
17051,0.9458016435180953
17052,0.5064898376504416
17053,0.6170533894800501
17054,0.16397470839292821
17055,0.2168480608843422
17056,0.7626227088354457
17057,0.5914980384308933
17058,0.8898994954560976
17059,0.803358264762803
17060,0.5933173891975019
17061,0.06272717575918149
17062,0.07252488241061779
17063,0.5864290181413349
17064,0.9537235601020241
17065,0.7773172621621256
17066,0.11383926940905753
17067,0.3486806893130626
17068,0.5896698395291776
17069,0.7192402663551084
17070,0.7997885403213554
17071,0.4982815197645057
17072,0.7508598803068325
17073,0.8596187448275722
17074,0.5729626646379424
17075,0.3343627645915028
17076,0.5594469971939077
17077,0.38222530973432267
17078,0.7282267944656279
17079,0.9490947877702611
17080,0.6627295289989459
17081,0.4365251955544934
17082,0.24939927025913064
17083,0.349391072285965
17084,0.6387746339467837
17085,0.3815482150008955
17086,0.8019643699471369
17087,0.46635361339827364
17089,0.7984239568291026
17091,0.7351349278359912
17092,0.4530456445957041
17093,0.8556683663194209
17094,0.9593712280317314
17095,0.22844156858421155
17096,0.23254724685499747
17097,0.7858428652550842
17098,0.924798335877924
17099,0.37155607492635817
17100,0.6890680655156226
17101,0.32363839882049283
17102,0.9780346552530917
17104,0.12830688775901705
17105,0.12284984490406299
17106,0.4265348838891717
17107,0.5191569201574512
17108,0.6170107531624653
17109,0.8328780697841051
17110,0.3231191914722949
17111,0.5676362313726601
17112,0.9792891839833591
17113,0.5059253214883442
17114,0.2132770037031419
17115,0.8395820515439555
17116,0.326415337486177
17117,0.18422879470585216
17118,0.5140338963556706
17119,0.8268130172676268
17120,0.9512611964772986
17121,0.852831647012497
17122,0.6251929640124906
17124,0.38073198399312635
17125,0.5052720908721936
17126,0.48411721918572465
17127,0.2906571247830261
17128,0.8298441560683846
17129,0.40189173819572344
17130,0.4744779414929719
17131,0.8993195575026389
17132,0.2899002138748931
17133,0.8107884265842612
17134,0.7965499109207885
17135,0.09065152835741759
17136,0.8491170219639185
17137,0.24099925965469893
17138,0.2676841168187006
17139,0.28470127067370254
17140,0.8806763345128985
17141,0.7263158594308212
17142,0.828295330129682
17143,0.836612404871262
17145,0.6808851610452931
17146,0.37981390280937216
17147,0.80336923053845
17148,0.8284883117360216
17149,0.21281031304081727
17150,0.40595925819860434
17151,0.8958336449614165
17152,0.9176542525215869
17153,0.7980208444604878
17154,0.8359755773845587
17155,0.9621401139042285
17156,0.4716654465947096
17157,0.7479702757572889
17158,0.4362319987304775
17159,0.6408828610988947
17160,0.5611913238254173
17161,0.955937095987557
17162,0.12058641595965512
17163,0.2847240552294151
17164,0.866880778366528
17165,0.4759530630758028
17166,0.7481297583038261
17167,0.3019358542595842
17168,0.856063900068853
17171,0.6708898570935086
17172,0.6862337142254903
17173,0.15025079525101664
17174,0.5535840188473332
17175,0.3962066140686672
17176,0.38452729424710524
17177,0.13988128937662003
17178,0.6872877657313051
17179,0.9749477515463203
17180,0.08126215465896268
17181,0.6906638439897267
17182,0.2827453141703881
17183,0.8485547148161723
17184,0.8640958053464288
17185,0.8771866961040303
17186,0.6096251694714739
17187,0.5542875169657773
17188,0.15314994009025265
17190,0.8713906599954276
17191,0.8171110392557978
17192,0.6719026788728103
17193,0.9649879276884722
17194,0.8344781375637186
17195,0.31210766865381656
17196,0.8616035517140315
17197,0.4955655786779396
17198,0.7393731840945758
17199,0.43568402409875645
17200,0.9077289849835951
17201,0.23100737985511605
17202,0.4663594480195129
17203,0.5767815100852971
17204,0.2137170155431489
17205,0.43709691235835424
17206,0.2599327540256317
17207,0.8689926939416849
17208,0.688981863688945
17209,0.6168532000295068
17210,0.5026272326668926
17211,0.3444198955952339
17212,0.3506424521140967
17213,0.31616548869469496
17214,0.9707642972428616
17215,0.6056298291183219
17216,0.3855404101325919
17217,0.324687008353998
17218,0.5410091565781887
17219,0.8439601264771087
17220,0.6322075247556717
17221,0.43953998107503917
17222,0.8531038700214111
17223,0.07363921124486644
17224,0.3543272182229438
17225,0.9878978214004037
17226,0.6589240382723135
17227,0.7309056074557796
17228,0.9378021963960863
17229,0.15905506815404516
17230,0.8769680389295643
17231,0.2392121867040087
17232,0.9370050835065105
17233,0.16893176655790648
17234,0.24666974383015758
17235,0.43746537196603746
17236,0.3429418084026245
17237,0.7214554228928637
17239,0.3360003180991475
17240,0.5174821069131768
17241,0.4104990807870237
17242,0.8088918438964885
17243,0.3044568601151338
17244,0.9685509523870564
17245,0.811152704037854
17246,0.4401629599605991
17247,0.9279423258987554
17248,0.6046112499887139
17249,0.11117976240294553
17250,0.5833856561574419
17252,0.7400156863446777
17253,0.3544575883595856
17254,0.43323543857244107
17255,0.9437722535866737
17256,0.7704469600370402
17257,0.25980417076519785
17258,0.6888624773921976
17259,0.6871872411634025
17260,0.18718770463666665
17261,0.28250298287252074
17262,0.8635517251351075
17263,0.35382893669019155
17264,0.8487457413494989
17265,0.6583653114912528
17266,0.4089311860437115
17267,0.5811009507666188
17268,0.27748027013194626
17269,0.23848347757005975
17270,0.2864039991438946
17271,0.4033387023758244
17273,0.741223489986807
17274,0.9715261156987319
17275,0.8863018147576609
17276,0.1492276017051987
17277,0.5335997072757779
17278,0.9479782602145028
17279,0.47374213701435847
17280,0.8121887985853997
17281,0.29227314834504603
17282,0.4093788899813994
17283,0.7886867318307065
17284,0.7739973539040172
17285,0.7977696153858749
17286,0.9058072152618305
17287,0.13881559969455412
17288,0.46315809036468075
17289,0.7647380760321271
17290,0.3558440047754868
17291,0.9401472699277577
17292,0.41155784229077014
17293,0.46130305337607364
17294,0.4591582424346098
17295,0.45722386976119256
17296,0.9773965654197452
17297,0.9528746807116012
17298,0.807547990271295
17299,0.5549309573275557
17300,0.902233208826883
17301,0.19040405099809932
17302,0.6775060132229367
17303,0.23315795428060862
17304,0.7399844737345525
17305,0.38194986428956773
17306,0.9775047354542151
17307,0.9404559792340101
17308,0.3647835013697954
17309,0.46189738156740007
17310,0.9482224794581
17311,0.9732823829000098
17312,0.35449464179368584
17313,0.7529909830819793
17314,0.7867340138422961
17315,0.7697681743807666
17316,0.10676938495609062
17317,0.44674742499573855
17318,0.8729741297499676
17319,0.18936719563510546
17320,0.3752008490026244
17321,0.525843169899344
17322,0.323767134116755
17323,0.810256919687946
17324,0.3307202455576618
17325,0.3483464172810021
17326,0.12211494962824992
17327,0.3050969456524148
17328,0.5249062302553282
17329,0.7391123147537451
17330,0.9565779151527175
17331,0.5585096132202625
17332,0.5892996081761491
17333,0.9483274498113576
17334,0.2731369352916482
17335,0.3153308330305098
17336,0.8857551996782855
17337,0.7518726222371359
17338,0.4696003225171863
17339,0.41866336245862523
17340,0.6093232211265408
17341,0.13290199486604218
17342,0.5989922693528318
17343,0.6026567841815406
17344,0.7311346591059331
17345,0.40787141936433086
17346,0.2889123336439505
17347,0.6204709628258817
17348,0.4045724185714245
17349,0.18547648986514628
17350,0.5287187901871518
17351,0.9027608059798984
17353,0.8132222641267484
17354,0.885492960606416
17355,0.4819580402664606
17356,0.4844073447224611
17357,0.08471614371986376
17358,0.17247621102401298
17359,0.6012502757433836
17360,0.956145792472219
17361,0.23617530763629704
17362,0.314514479015101
17363,0.4303265962172065
17364,0.5912752631280022
17365,0.2849688857339878
17366,0.5311737258445367
17367,0.341281968129892
17369,0.9600729185960947
17372,0.2560961746668371
17373,0.7795474606875008
17374,0.4535855444784525
17375,0.8060272288673491
17376,0.766143381162471
17377,0.0792034151243245
17378,0.15042598077917663
17379,0.7126398016812181
17380,0.9784452374179993
17381,0.37157416674746263
17382,0.3257491995195693
17383,0.44442968242717434
17384,0.33165059457130575
17385,0.9648248528098428
17386,0.3722208359958876
17387,0.7661854136537886
17388,0.6955793165146972
17389,0.5593061770874661
17390,0.32398166372483106
17391,0.8577310746343062
17393,0.9186141961494875
17394,0.4054037962542155
17395,0.7627220410175097
17396,0.5729458175324257
17397,0.7342196186513533
17398,0.8533000352129301
17400,0.7879042474930151
17401,0.2347038824116223
17402,0.515060028356214
17403,0.4122317087948588
17404,0.8032111499834741
17405,0.43438600532116495
17406,0.8650082531244156
17407,0.7851620790266908
17408,0.7762666387252031
17409,0.9509317975138739
17410,0.35704371548048575
17411,0.8894177708058367
17412,0.8209548787507001
17413,0.9557547100518965
17414,0.8224934974364554
17415,0.9972659176004179
17416,0.19572659326758468
17417,0.352027445021056
17418,0.4933917559741623
17420,0.9603541829104257
17421,0.8797909603783874
17422,0.11577434893054225
17423,0.3231251242509056
17424,0.30942681783760945
17425,0.8685661103975632
17426,0.33767841263882425
17427,0.26985087365251165
17428,0.3574044415805173
17429,0.7195460707994464
17430,0.40350054300091354
17431,0.9681174306400607
17432,0.46461545615212996
17433,0.35356417293296255
17434,0.8345085969503987
17435,0.7312287968480191
17436,0.7483663135444205
17437,0.8116551690680998
17438,0.7174620658638214
17439,0.25769147139278104
17440,0.5514524706500851
17441,0.7902222191243665
17442,0.9594747494948276
17443,0.9557715704329949
17444,0.7937390904257234
17445,0.945799630939009
17446,0.3535857494648102
17447,0.7359169475200538
17448,0.49569883098260636
17449,0.33367283998129504
17450,0.4585424835653945
17451,0.14548649146520506
17452,0.94569321514978
17453,0.2866108629765444
17454,0.3975021591454997
17455,0.3292150804693135
17457,0.6630787029402246
17458,0.07760068795153849
17459,0.47201535686693713
17460,0.9769730944801563
17461,0.9899926235268086
17462,0.8096163608687291
17463,0.8228089332959264
17464,0.23907900755099235
17465,0.5335372910671949
17466,0.7265377886546454
17467,0.4258709189366863
17468,0.27229137892938937
17469,0.8662570182208467
17470,0.773236446113422
17471,0.249971441292985
17472,0.771777236882942
17473,0.34837202672251444
17474,0.25201318648952886
17476,0.27429754203747014
17477,0.1722077763704307
17478,0.1840095724424526
17479,0.6346940548846448
17480,0.6803837205450212
17481,0.44529096868314316
17482,0.4171237602814748
17483,0.9365597833520506
17484,0.8380656194990409
17485,0.8984963178201425
17486,0.759340297361507
17640,0.0
17740,0.0
18000,0.0
18001,0.1285967193182258
18002,0.23375664726866907
18003,0.3556757712734702
18004,0.9304711961752095
18005,0.9232771213380089
18006,0.6306721196791147
18007,0.35242713095481104
18008,0.830986164170728
18009,0.3553919452435241
18010,0.3519871720411851
18011,0.2770059674956131
18012,0.2525388222590224
18013,0.46830347948599643
18014,0.5095397585822662
18015,0.5804212633598858
18016,0.30346386774995016
18017,0.21873138611023246
18018,0.19183973215589034
18019,0.03739836979390366
18020,0.6029922938740243
18021,0.32531199340573846
18022,0.10612839778734838
18023,0.04355941994661997
18024,0.21403891725368976
18025,0.3189242082877049
18026,0.2939199846834556
18027,0.042895468521435144
18028,0.9306393460186517
18029,0.16084436858304654
18030,0.25897354967080544
18031,0.11774597031945193
18032,0.4563226301395674
18033,0.8812075970046197
18034,0.4689211152175789
18035,0.21397018220364444
18036,0.9232801795642371
18037,0.3284109100708503
18038,0.64509640962402
18039,0.4696529517722361
18040,0.10974532145438727
18041,0.17661772302673995
18042,0.6270853221770848
18043,0.35036165156885796
18044,0.9559983541154083
18045,0.13707363982807402
18046,0.44939440256977636
18047,0.12061960374436777
18048,0.2974491333685174
18049,0.2981922136149158
18050,0.9153771703915506
18051,0.11522176613718668
18052,0.4027580572160488
18053,0.1551527890594415
18054,0.1004603622779037
18055,0.7295812311457311
18056,0.04654877273816598
18057,0.31927190962111
18058,0.2179994204206856
18059,0.3951853853363222
18060,0.16888652605321583
18061,0.10544633111331668
18062,0.4114677458203401
18063,0.1866080920690221
18064,0.8946177630983354
18065,0.12511588627354817
18066,0.7634425802844111
18067,0.06645606511965753
18068,0.23295341655583596
18069,0.33358029182687027
18070,0.06657321610608205
18071,0.2697259139676053
18072,0.05729887654102669
18073,0.47324382138583326
18074,0.4321632938578806
18075,0.4159109727986849
18076,0.2871540133924292
18077,0.15296717737914858
18078,0.3343339654112405
18079,0.4964426205365778
18080,0.10069820793758327
18081,0.6238614872448836
18082,0.4332133022848181
18083,0.028892475830538965
18084,0.09454934719931603
18085,0.8336476832836549
18086,0.36558068584464853
18087,0.42866637805112945
18088,0.14165864857606567
18089,0.07477344823453758
18090,0.030512407877894908
18091,0.8521034572821279
18092,0.19935046104567633
18093,0.20420166276669585
18094,0.41619364897262096
18095,0.09010049033223223
18096,0.933133192583691
18097,0.8404230449345695
18098,0.4666971573739698
18099,0.16889615384348788
18100,0.8189455677805967
18101,0.22871916641046036
18102,0.24965087187405868
18103,0.7061348883002525
18104,0.22042053437419598
18105,0.03629502696680622
18106,0.2766578501570322
18107,0.3301592061069413
18108,0.4394015963917245
18109,0.28014859363304445
18110,0.36836112612734595
18111,0.054892979567093936
18112,0.5063376513804587
18113,0.1835355094011816
18114,0.4336927156766727
18115,0.13518984167821876
18116,0.20436796657279604
18117,0.5447620280427541
18118,0.4237327822414988
18119,0.1363013636005213
18120,0.2131027473875632
18121,0.08325238539578284
18122,0.7972186399944511
18124,0.9094651382527398
18125,0.3393946799535958
18126,0.4719009757870271
18127,0.45080459411099033
18128,0.938345215421361
18129,0.8019285707734046
18130,0.26690293719805747
18131,0.06872412024045252
18132,0.22165117231699993
18133,0.7678457406748175
18134,0.9192723424507515
18135,0.450444277684132
18136,0.49359314157907314
18137,0.10903676547809955
18138,0.967640880532449
18139,0.3629587657748308
18140,0.765866767108777
18141,0.9319437029852556
18142,0.5311655095326121
18143,0.3543019450140049
18144,0.518024543740077
18145,0.3396028540276107
18146,0.48763361378354614
18147,0.06660917199860422
18148,0.9171488429058361
18149,0.07906493848455949
18150,0.9247357320402976
18151,0.04426709383353919
18152,0.35328295262443393
18153,0.5238397414993565
18154,0.18793710358767354
18155,0.12714182337966087
18156,0.06342693149030779
18157,0.9097927517792171
18158,0.571253725785387
18159,0.8594624472282607
18160,0.06538764646904102
18161,0.22549570554576173
18162,0.06102499126980271
18163,0.12242940843091774
18164,0.21631074045220355
18165,0.8965661999293747
18166,0.5945789088155683
18167,0.694639633950334
18168,0.5417995634780836
18169,0.7569967088311185
18170,0.16358261086285428
18171,0.5512269054107637
18172,0.5925953765902013
18173,0.07170278889354081
18174,0.5924569360114565
18175,0.10555047929904846
18176,0.3450518471816624
18177,0.35508219605041436
18178,0.20241801918648494
18179,0.8278193720276398
18180,0.7953151510244494
18181,0.8566669627013869
18182,0.8082706110896803
18183,0.449186818308598
18184,0.2469600183254541
18185,0.06779461709380578
18186,0.9407075377113369
18187,0.06640337830054835
18188,0.40227020604235464
18189,0.39595323990054204
18190,0.941064344408748
18191,0.04780046693022808
18192,0.2811220537347816
18193,0.315009822010964
18194,0.21419604641424844
18195,0.17284021715289785
18196,0.21535502762563252
18197,0.5384817581750686
18198,0.6877548641238883
18199,0.2758897620235336
18200,0.4336125542258256
18201,0.8153039269812947
18202,0.06931323753158898
18203,0.22787046881521772
18204,0.5169319961541579
18205,0.9148569252457962
18206,0.9124511026178933
18207,0.8011087464461883
18208,0.5233932027123445
18209,0.3241295588963294
18210,0.8876963527549445
18211,0.8531541044122506
18212,0.3712795439365926
18213,0.7713570299855529
18214,0.8753482376126462
18215,0.2860601315408722
18216,0.1632998686920942
18217,0.09510135912274374
18218,0.6121837642229927
18219,0.9302918771067982
18220,0.28639153618743324
18221,0.2921010273873888
18223,0.8884594184687434
18224,0.18753152577671967
18225,0.0339013963023523
18226,0.7823662934463619
18227,0.0762435695199824
18228,0.16797078933770482
18229,0.36733228008227015
18230,0.47125714093519244
18231,0.3944059250031875
18232,0.09265677934712115
18233,0.5179188075832357
18234,0.07610814106714966
18235,0.5656396707621103
18236,0.3487958809337412
18237,0.9470524725337429
18238,0.1475032366620285
18240,0.18096657240382755
18241,0.4857479978051928
18242,0.375091094999681
18243,0.30019376344908816
18244,0.70845771341039
18245,0.15145109407001195
18246,0.45536495489517204
18247,0.6062989066402509
18248,0.5173176708625628
18249,0.49527509918021057
18250,0.35688576108375597
18251,0.15311118776233273
18252,0.042881681239395446
18253,0.5547565214724044
18254,0.6258037498588
18255,0.8597785196463
18256,0.5301328565688606
18257,0.3298393769863626
18258,0.5143591497941161
18259,0.4035737354640882
18260,0.07095677544796451
18261,0.27432464019885155
18262,0.4554110832632584
18263,0.8653080869625793
18264,0.4992233284858692
18265,0.3842188244318329
18266,0.44920275061084963
18267,0.8552024062347282
18268,0.32843328216801204
18269,0.09475675219198684
18270,0.5764922959456007
18271,0.8899843265092992
18272,0.390554989312956
18273,0.23398971542827446
18274,0.5062651855852786
18275,0.2041795447167878
18276,0.28254582160011477
18277,0.44225848003513246
18278,0.029479559652121668
18279,0.9813979732763592
18280,0.8114095909658
18281,0.9348467276661168
18282,0.12956538694848616
18283,0.2844276878072772
18284,0.09593818527271766
18285,0.8912586617470435
18286,0.04261816437311998
18287,0.46438231307318617
18288,0.4886756545307938
18289,0.33131038004152313
18290,0.9336203298922329
18300,0.0
18390,0.0
18400,0.0
18500,0.0
19001,0.14054498259449333
19002,0.6142469038570277
19003,0.8328759830015666
19004,0.18062677322734363
19005,0.7213721196958559
19006,0.5260236926182337
19007,0.5092514265148431
19008,0.1334270815239506
19009,0.30940193233828933
19010,0.18367640897310236
19011,0.406157130657254
19012,0.5978979611395117
19013,0.7546271564677033
19014,0.06202760712760534
19015,0.6893966212733049
19016,0.3067077026267281
19017,0.29769406997584913
19018,0.05190075473618552
19019,0.4261218430880363
19020,0.3548173000198582
19021,0.5667378745876246
19022,0.2626396735018874
19023,0.7671581495045867
19024,0.31373433263845724
19025,0.24352481773711016
19026,0.5024774801423484
19027,0.3328486045299492
19028,0.29256841436815373
19029,0.43140567081538184
19030,0.6436518518506843
19031,0.8851357657780752
19033,0.033101090311095975
19034,0.4225629261085275
19035,0.687395669378407
19036,0.1465759806724408
19037,0.4258295741912103
19038,0.539055941248414
19039,0.4401511373626894
19040,0.42223537971683484
19041,0.34141940307984464
19042,0.5287505318072679
19043,0.8426964672785053
19044,0.4585579361722367
19045,0.23737122721199716
19046,0.4414000522980359
19047,0.7686870244705866
19048,0.6620899652604533
19049,0.7772830535839491
19050,0.48651328046126185
19051,0.3690196714321919
19052,0.1666342352080606
19053,0.5068065774584029
19054,0.19612247288975768
19055,0.207214423370498
19056,0.4063532551445352
19057,0.7860377276062579
19058,0.13254104375741746
19059,0.3052133676296762
19060,0.32019707535428604
19061,0.6569277346703751
19062,0.5079792353465186
19063,0.8351248292807881
19064,0.5846962507041549
19065,0.5690508276415644
19066,0.6121008108431444
19067,0.49000526820871637
19068,0.8246330167602673
19069,0.061128649982972946
19070,0.2779830871140802
19071,0.26805945772299516
19072,0.7100582014296131
19073,0.41615456313703447
19074,0.042727239135713024
19075,0.4077289251521736
19076,0.2755719458604396
19077,0.7262262176308978
19078,0.6899627014261809
19079,0.32288866788308535
19080,0.6071940809341972
19081,0.5263210979851474
19082,0.5523191115922963
19083,0.6088317075734958
19084,0.16182472106349916
19085,0.3402494650797366
19086,0.19106288788726603
19087,0.035192813530306497
19088,0.343072494603953
19089,0.4117138711388388
19090,0.4044043819916938
19091,0.1203645434695252
19093,0.748847392467283
19094,0.09569458746305409
19095,0.04079247102105874
19096,0.3496878175660168
19097,0.42036831879879444
19098,0.17021114114231684
19099,0.790273142159921
19100,0.29854370342798003
19101,0.3783410057335241
19102,0.3218111728510557
19103,0.6030425622285251
19104,0.24323897995796115
19105,0.8092327087227915
19106,0.37979512669260646
19107,0.813704982563204
19108,0.5630719465431799
19109,0.3505637640619672
19110,0.057054656221846245
19111,0.44660740361630574
19112,0.03289802002190695
19113,0.19487120935549943
19114,0.5349891753039773
19115,0.7416187309491264
19116,0.5910652491226337
19117,0.8340829539543757
19118,0.18613429543038634
19119,0.2955928282305499
19120,0.5765374210922576
19121,0.2987057610802248
19122,0.3529699524501729
19123,0.8285857397170581
19124,0.7439228008102674
19125,0.3969255847040439
19126,0.45773912232721337
19128,0.49812356317449896
19129,0.4411051271011618
19130,0.20860639773156878
19131,0.22171861865804646
19132,0.22389216836517936
19133,0.5282900481713719
19134,0.9594589992342545
19135,0.4174231000309121
19136,0.16264581542739387
19137,0.44844366809507924
19138,0.6220998107491447
19139,0.07923494098615395
19140,0.19060122479631783
19141,0.7029468911144301
19142,0.553553929442174
19143,0.44268165691753836
19144,0.25248788648660997
19145,0.3484873657280462
19146,0.30221274920445695
19147,0.7101570038994511
19148,0.20069699555165085
19149,0.18089974345961796
19150,0.7751488845917811
19151,0.7629188092548728
19152,0.3546783998993383
19153,0.7923609651634472
19154,0.593706597814224
19155,0.3383786737379311
19156,0.739286279053681
19157,0.16481136886160916
19158,0.35914473854547946
19159,0.37779818189682374
19160,0.031469636628966215
19161,0.6502965646907066
19162,0.5369873901886476
19163,0.544760397142005
19164,0.03370304133008691
19165,0.2322658551783596
19166,0.31636734330618294
19167,0.5619678831939768
19168,0.34853633541792856
19169,0.49215709142123193
19170,0.39019614540885666
19171,0.33447893430932896
19172,0.22998203461697467
19173,0.09608873510982574
19174,0.41324350344195715
19175,0.19041678388729838
19176,0.4514074171038395
19177,0.6176930406996289
19178,0.6531161911743255
19179,0.7075529051227336
19180,0.3806303006152062
19181,0.4119791325764126
19182,0.7775040158803056
19184,0.5371194212526844
19186,0.1612049716394987
19187,0.7438085285118574
19188,0.6856140620147121
19189,0.21042856982744698
19190,0.4985705146512188
19191,0.7967723000737383
19192,0.18792137932395722
19193,0.1989758088599263
19194,0.30670536599187026
19195,0.7345414104582714
19196,0.7806615857505361
19198,0.21822515309257445
19199,0.5859336221049164
19200,0.18566572556985336
19201,0.44383971161916347
19202,0.7322440157286729
19203,0.3812398062855069
19204,0.4490560740018211
19205,0.22094009244808618
19206,0.5392658064930929
19207,0.6481951353392794
19208,0.3938455600999307
19209,0.03672931547009627
19210,0.15779189195231239
19211,0.7585868730929104
19212,0.17846883193008384
19213,0.30394660596641515
19214,0.2328955515710285
19215,0.2139850918259824
19216,0.28187725232947486
19217,0.519240801930405
19219,0.1873370106275192
19220,0.41049419018405514
19221,0.09696275283766793
19222,0.07931294194527846
19223,0.2845098467036424
19225,0.4279115451903867
19226,0.028477279904664827
19227,0.25825396534692796
19228,0.043103754336671005
19229,0.8798238961640729
19230,0.3025883673114078
19231,0.40136746390596095
19232,0.5282757670243496
19233,0.5152090495515684
19234,0.6789645622526553
19235,0.39749796217446626
19236,0.45390861289194934
19237,0.08183981455135024
19238,0.565803452822022
19239,0.6294060554614052
19240,0.3566292213733229
19241,0.028187601288979534
19242,0.7428337912339621
19243,0.34889047163109665
19244,0.17847511600346136
19245,0.15271000358296305
19246,0.8119378660035576
19247,0.45158251045704006
19248,0.28506713618893054
19249,0.3598179803675069
19250,0.2967081325745452
19251,0.44125611802975473
19252,0.23029672751297264
19253,0.33288087710298325
19254,0.227369791988047
19255,0.3660888016446316
19256,0.20724784170871605
19257,0.5607001406124127
19258,0.07244225637922828
19259,0.288063138598481
19260,0.4265429949816313
19261,0.21353310434167957
19262,0.24343196796396557
19263,0.3333333333333335
19264,0.042928675069194656
19265,0.03828147654059237
19266,0.5254193908396635
19268,0.03404702553440801
19269,0.043310807388955354
19270,0.29922393709971984
19271,0.2806035271530277
19272,0.5316316914563811
19273,0.7459218617999857
19274,0.839686009029074
19275,0.4686282559871307
19276,0.30037331984046906
19277,0.27032828484384813
19278,0.8502303810506315
19279,0.7651250427436623
19280,0.5017940007048424
19281,0.379125398663356
19283,0.4768500796094483
19284,0.03474865358028203
19285,0.2869624306675414
19286,0.6873222483787893
19287,0.6905766711680235
19288,0.7221629906205429
19289,0.7683360850437195
19500,0.0
21001,0.8479478329224563
21002,0.9061407143637983
21003,0.9333541677133294
21004,0.09663278396162044
21005,0.8832284394345481
21006,0.42122921054522694
21007,0.22201234702553221
21008,0.2232206257013644
21009,0.3113360969792016
21010,0.8637944000678659
21011,0.11832374321305833
21012,0.44317999558363635
21013,0.8967833473546045
21014,0.7026641489890906
21015,0.3209065914835428
21016,0.9251042245657983
21017,0.8151022470527428
21018,0.9061511780093737
21020,0.33513479385890976
21021,0.9313244883473577
21022,0.712412014652517
21023,0.4455164831999603
21024,0.23528841510281234
21025,0.05691614072030892
21026,0.042257432639529593
21027,0.9299091121166587
21028,0.5236697461661177
21029,0.27622037558305135
21030,0.7541124730235167
21031,0.7494879256914191
21032,0.830095200454343
21033,0.5793324945047226
21034,0.12715831153888063
21035,0.5731796256358455
21036,0.5671276360709389
21037,0.8214007089161586
21038,0.4802129265606542
21039,0.14918591624600427
21040,0.6336326352736185
21041,0.128914521576916
21042,0.6792754716778964
21043,0.8365893113608904
21044,0.4018166416160588
21045,0.7991441853746118
21046,0.16163806393397626
21047,0.4152686641716421
21048,0.9112789688436599
21049,0.13810973373741603
21050,0.8044952878634598
21051,0.8603672611847779
21052,0.09538971671242089
21053,0.7334854911562156
21054,0.9302912499387066
21055,0.21801727605669557
21056,0.8346002838620885
21057,0.8003712983048671
21058,0.1804243897564661
21059,0.9408739561833849
21060,0.902683459153038
21061,0.3996939621808759
21062,0.5010250621673624
21063,0.02674437093828271
21064,0.19079750361986084
21065,0.7671414241873564
21066,0.640869694147474
21067,0.842953838401868
21068,0.3039115484574396
21069,0.3397692289805328
21070,0.8662097999837403
21071,0.6704889144653002
21072,0.8235006894570254
21074,0.4090708711970643
21075,0.14144379238829205
21076,0.8950439134221392
21077,0.1721517606366356
21078,0.3771539970142679
21079,0.7476896111405396
21080,0.5406656871132853
21081,0.5959371056192053
21082,0.41550202318534113
21083,0.21447560402877017
21084,0.21393053164482925
21085,0.17244248702906415
21086,0.850441803705853
21087,0.7850064394009668
21088,0.8360724628459428
21089,0.6133634522674227
21090,0.6976062455380132
21091,0.2771985887995133
21092,0.7443520788671288
21093,0.3556479785716266
21094,0.3241309608571846
21095,0.27823090491017954
21096,0.10039169233851619
21097,0.3724698724883291
21098,0.22640832211228729
21099,0.7900652978169246
21100,0.246050976413886
21101,0.21859953108734242
21102,0.1791807228687425
21103,0.7115990493220157
21104,0.4008558799663392
21105,0.9086147392269198
21106,0.8940390792158851
21107,0.9299454947614945
21108,0.24396396282601254
21109,0.231212964597082
21110,0.9947272105851409
21111,0.8993849609247772
21112,0.5509279525463388
21113,0.9887995695050966
21114,0.056553309862985644
21115,0.4895851651007593
21116,0.026990808525402657
21117,0.36087795561993896
21118,0.11244285126555997
21119,0.11929057094539065
21120,0.291907839283372
21121,0.5224437945578022
21122,0.186777217661488
21123,0.6129010915721366
21124,0.32906533466866916
21125,0.46552726598623173
21126,0.8760820915667785
21127,0.8684690029049199
21128,0.4110776760244525
21129,0.028355422324333034
21130,0.8524911118499199
21131,0.5259784605801874
21132,0.9559722638368101
21133,0.8711275450853133
21134,0.4333976792162531
21135,0.44433445937387683
21136,0.09626799555098582
21137,0.1667311012953252
21138,0.5725125012689797
21139,0.2163981407888658
21140,0.39572372747382195
21141,0.5837856639791895
21142,0.10553553381009097
21143,0.2193894708514779
21144,0.5536584984619561
21145,0.21617226642752124
21146,0.8251844121339409
21147,0.25651125845378314
21148,0.6005913967395584
21149,0.22008732666383235
21150,0.8392204639927899
21151,0.2547476613329586
21152,0.26222213309062276
21153,0.38302630821191697
21154,0.6296788696323702
21155,0.49275044819767916
21156,0.26221151936866344
21157,0.027039570085144925
21158,0.1065183007100285
21159,0.12191502934263579
21160,0.10711587705566745
21161,0.28172448006159734
21162,0.8429751998364657
21163,0.23352486409222087
21164,0.3073518046480417
21165,0.34229533601552314
21166,0.9674332692152743
21167,0.7962545520073187
21168,0.6095412996528787
21169,0.8246312835795587
21170,0.8060417744176229
21171,0.9497335642052327
21172,0.5301567527006684
21173,0.8815511219801269
21175,0.7985188352465367
21176,0.7109754532875274
21177,0.22922766052880683
21178,0.9323208846510253
21179,0.9142213360945592
21180,0.4039593826825168
21181,0.44110338853631254
21182,0.8568005830356205
21183,0.7353575832634023
21184,0.5151654820147717
21185,0.8083722478331907
21186,0.7817038250833572
21187,0.7093328327160098
21189,0.7120790697455177
21190,0.8718166308900227
21191,0.8486605757895636
21192,0.9613634931347526
21193,0.7317589195115006
21194,0.7526801214149312
21195,0.8156848170553637
21196,0.8727856435615979
21197,0.10312258529116947
21198,0.4269987394784565
21199,0.45977624119704175
21200,0.9962384541510001
21201,0.34839547639595764
21202,0.14588321484953237
21203,0.4029821551711803
21204,0.18208402037389398
21205,0.15903745734175814
21207,0.11229162505572235
21208,0.1445012996846543
21209,0.9564724033540062
21210,0.44598581929146125
21211,0.30333335556492497
21212,0.14007596925766416
21214,0.509838453805354
21215,0.8607230625333366
21216,0.3414277204648422
21217,0.9039660932264196
21218,0.8625505620358701
21219,0.8763223228348835
21220,0.1042549262176464
21221,0.793990164968712
21222,0.3113165575880451
21223,0.9533204998419038
21224,0.2789403775801739
21225,0.4126651797928452
21226,0.17837573031104556
21227,0.9493093456141565
21228,0.7691864167692296
21229,0.3209649162537125
21230,0.6792398522459331
21231,0.9686473723543875
21232,0.2487231985267018
21233,0.8041891734020935
21234,0.5136550303445475
21235,0.2791588427792084
21236,0.8699141596003344
21237,0.0546344995512316
21238,0.594786516124869
21239,0.46585509683466897
21240,0.28476788296601807
21241,0.8128648761858209
21242,0.8424243109856686
21243,0.7043523154319437
21244,0.6801016488883382
21245,0.8882344635406644
21246,0.8414422708781386
21247,0.5256160227355209
21248,0.19530265681389047
21249,0.4378071877393435
21250,0.0
21251,0.4185037131886163
21252,0.08427908640466096
21253,0.08327035227094763
21254,0.8868148037823608
21255,0.9462815312148514
21256,0.8179307120485758
21257,0.10750506947669412
21258,0.5292195172418815
21259,0.17764758939965622
21260,0.4896088906227922
21261,0.9000421867831324
21262,0.02824771923496898
21263,0.9325220077192204
21264,0.40749175765984913
21265,0.995390125919668
21266,0.8717790318906365
21267,0.8343514461928394
21268,0.3860009844447426
21269,0.4470674531873701
21270,0.9594462028851481
21271,0.16165931157897798
21272,0.27386183908364375
21273,0.8956442965865755
21274,0.29907436073186244
21275,0.13126429261381775
21276,0.09922228936226475
21277,0.3523641063481995
21278,0.9495749160656726
21279,0.22395041523997655
21280,0.2507584531165623
21281,0.39112880924006804
21282,0.3340730781171666
21283,0.13337822021691678
21284,0.8457802143430504
21285,0.3291028981152651
21286,0.0912754611452513
21287,0.19716943077034102
21288,0.3033203766982035
21289,0.7804452190189392
21290,0.7695842861725316
21291,0.27472183198289235
21292,0.8322059585348802
21293,0.9047678306664569
21294,0.8085719448077376
21295,0.9334024628370975
21296,0.6368229909003167
21297,0.8302225557350533
21298,0.5991563652866934
21299,0.15857781753239344
21300,0.9603136311211038
21301,0.6830168242930327
21302,0.21217782134346877
21303,0.02837161562845914
21304,0.09587588044854765
21305,0.12261723918210479
21306,0.6333838062756403
21307,0.2136472212276302
21308,0.2168199415391686
21309,0.2749679538891498
21310,0.7208063981129309
21311,0.29033096302128386
21312,0.02825840048914331
21313,0.028284008245792774
21314,0.14266599662179355
21315,0.9889119637575611
21316,0.256516982903337
21317,0.6665756624821736
21319,0.8462882901589882
21320,0.9027045620055529
21321,0.7290403032354024
21322,0.38953093426986096
21323,0.4589966750047555
21324,0.2604015692463042
21325,0.33923605983032706
21326,0.12493478032193012
21327,0.8069702216401161
21328,0.258263580892726
21329,0.24364594079788865
21330,0.8371731087749049
21331,0.448772571736545
21332,0.7059497610912696
21333,0.5767024830737639
21334,0.34098123053859564
21335,0.151625171474579
21336,0.32217192474801304
21337,0.6946856247818518
21338,0.04349378662875581
21339,0.8975431796522836
21340,0.2922218218504012
21341,0.20969430813007991
21342,0.3975770522713986
21343,0.3129310761019924
21344,0.5160862284543456
21345,0.042763711423559725
21346,0.0411723717993378
21347,0.8329879686876127
21348,0.410694131684693
21349,0.34727846730642353
21350,0.7101068068384128
21351,0.7655344856401244
21352,0.7924797718183271
21353,0.8999738173970763
21354,0.3503319597945611
21355,0.9546685622278421
21356,0.391651545865981
21357,0.15385972776076215
21358,0.18883999450977973
21359,0.02820027538268809
21360,0.7942216748744155
21361,0.7068267530926744
21362,0.4135714917659904
21363,0.1765757223836242
21364,0.10841142471577997
21365,0.2758631266586705
21366,0.6543272172258371
21367,0.6917465538818189
21368,0.8351640278575791
21369,0.88877976978266
21370,0.9030151076286922
21371,0.4416819285879762
21372,0.2978621023573088
21373,0.8926755660744132
21374,0.3439333053454947
21375,0.20407946427255044
21376,0.8240597075204859
21377,0.6703547771629094
21378,0.3537471405279489
21379,0.19454312846032165
21380,0.22222368774349147
21381,0.26559637044573003
21382,0.2936823625675632
21383,0.7507105026092021
21384,0.8416749398139788
21385,0.19455705576631227
21386,0.23098140172825912
21387,0.7997786127816296
21388,0.885664271269832
21389,0.16320298173192246
21390,0.9615649417514968
21391,0.8929032470206856
21392,0.5040760026426614
21393,0.48373417002225105
21394,0.232016273444897
21395,0.7382446584134051
21396,0.10494662928702615
21397,0.769915693748192
21398,0.7366921738943152
21399,0.38139628830471456
21400,0.15248861291815102
21401,0.7810614135508913
21402,0.02728492382585015
21403,0.4062012358790821
21404,0.24644946312473157
21405,0.8861492158557637
21406,0.5170462159300272
21407,0.8672872994489425
21408,0.9044910134682475
21409,0.8538079022571297
21410,0.2206983256193421
21411,0.8249143720890896
21412,0.8470786658668206
21413,0.18519892974881513
21414,0.4214364487222364
21415,0.03423155191170392
21416,0.8186063346775049
21417,0.27416246592374005
21418,0.04030162907222447
21419,0.196886174104428
21420,0.5403163008704768
21421,0.4193939881252545
21422,0.18068155544382736
21423,0.8480920965340493
21424,0.3139183016186719
21425,0.15022019982596838
21426,0.49663487599468287
21427,0.7863470924206823
21428,0.8380069296664123
21429,0.15321778071134792
21430,0.24890652808436253
21431,0.2638065916537684
21432,0.6796510661318941
21433,0.15202892422801678
21434,0.314528124295218
21435,0.6650478055280665
21436,0.6688706427159805
21437,0.8272293484815901
21438,0.04170155807526859
21439,0.6570175662078858
21440,0.6469319445781399
21441,0.2853203316411585
21442,0.8928920673927224
21444,0.28053181930228255
21445,0.30535842517535944
21446,0.45239128019312697
21447,0.3842833154499107
21448,0.22376910789404736
21449,0.2378083591898129
21450,0.8071531470911564
21451,0.29409907383294226
21452,0.9948586975800886
21454,0.03998231508913188
21455,0.4116654590936878
21456,0.16687171350294805
21457,0.23319468976093607
21458,0.895796973778464
21459,0.7298337408803405
21460,0.24934905700421092
21461,0.8335170851141224
21462,0.9186683061883918
21463,0.2278976658120863
21464,0.8478988426564691
21465,0.30046781631826763
21466,0.19984127929535409
21467,0.767473664316606
21468,0.04021187502100621
21469,0.9586309132238735
21470,0.31271003737009
21471,0.40105729624513575
21472,0.22644845797238533
21473,0.9237214268530689
21474,0.45156274574348737
21475,0.35135192570577056
21476,0.27910907817586805
21477,0.8629009194686688
21478,0.8933573567158379
21479,0.042993156593630254
21480,0.8510624863883752
21481,0.9484994236247831
21482,0.4296774106413365
21483,0.7838974214288579
21484,0.053145791428506034
21485,0.9485686390497747
21487,0.7498280655589881
21488,0.39573332060713573
21489,0.05843267240121502
21490,0.366646747924894
21491,0.1547231632283147
21492,0.8820506604998712
21493,0.5241336307783546
21494,0.15625954713307436
21495,0.6978930841822578
21496,0.6913065884002928
21497,0.4078617996642616
21498,0.2908153788274131
21499,0.3331534826519091
21500,0.17989643813804762
21501,0.49426452307964075
21502,0.5763509439265898
21503,0.18637121479988586
21504,0.9149849219097741
21505,0.27632330984474585
21506,0.7690353242385845
21508,0.9442090653311489
21510,0.35971627797869643
21511,0.2568653700970212
21512,0.8391849526580603
21514,0.4201320949278478
21515,0.9970383746323328
21516,0.11451000254458707
21517,0.8238927240531253
21518,0.31004071787325216
21519,0.027177771331287168
21520,0.5408982265324349
21521,0.9048221369559001
21522,0.4548204991334413
21523,0.8836922512197387
21524,0.10117519588263373
21525,0.4655125117627467
21526,0.3202334410005616
21527,0.8216850718579475
21528,0.25907384608690986
21529,0.2777521201848874
21530,0.04473671913175937
21531,0.5889931146619233
21532,0.8959299827097248
21533,0.3151700917254001
21534,0.8223160714296057
21535,0.9465620374397754
21536,0.10691308251328434
21537,0.7576897282584868
21538,0.5788532592691176
21539,0.5827072133643102
21540,0.9480624623919299
21541,0.8477238901212445
21542,0.8365409237605204
21543,0.03632541035568575
21544,0.21528408590911804
21545,0.5899522523913991
21546,0.163889765424844
21547,0.3148894146156486
21548,0.5333596152612365
21549,0.34665592109786125
21550,0.11573171412222168
21552,0.5672003035425668
21553,0.9535352010227152
21554,0.4478942453830565
21555,0.9208700162189587
21556,0.8026057026641166
21557,0.08710114011122894
21558,0.8084250750994515
21559,0.8812622690698682
21560,0.34233625824477226
21561,0.760632798743235
21562,0.09036459574940904
21563,0.5690713348141653
21564,0.838842547269885
21565,0.915862278197142
21566,0.3211812540909965
21567,0.3372349203181755
21568,0.1308778865665444
21569,0.7933672190932504
21570,0.2657040489796096
21571,0.7922921754274318
21572,0.3887943260909221
21573,0.11704289015670076
21574,0.1827058701457283
21575,0.36824085235389675
21576,0.24239372717885907
21577,0.5270573968746713
21578,0.8720502068143292
21579,0.08298138570688801
21580,0.21804194375673505
21581,0.37225700147384844
21582,0.8311232835856944
21583,0.8077790278788453
21584,0.558560327929535
21585,0.8925126876990268
21586,0.9181279822960416
21587,0.3412656237742647
21588,0.7172659915546425
21589,0.8666636971666466
21590,0.7973625012855896
21591,0.9077048997511591
21592,0.798876786326374
21593,0.2371761809778535
21594,0.06287436747075364
21595,0.8749130394032525
21596,0.9005781515187093
21597,0.8591443519509465
21598,0.20589766247652408
21599,0.1962420656206373
21600,0.7477796959718341
21601,0.9367702173964547
21602,0.29498505569727096
21603,0.44077657083021954
21604,0.28785055458244546
21605,0.9952728933523491
21606,0.797059012277963
21607,0.7207214446416483
21608,0.5682259397961643
21609,0.7096953477559552
21610,0.4000451854614417
21611,0.4666555372517818
21612,0.19803640876342976
21613,0.4967245820734328
21614,0.7766078695501497
21615,0.30163841174140793
21616,0.8759825949344239
21617,0.993230787876825
21618,0.2122237855617581
21619,0.8380232610901154
21620,0.7245917728388015
21622,0.8116020072607217
21623,0.8270114420657658
21624,0.8037376356811157
21625,0.9433098398372914
21626,0.027075525922631034
21627,0.27772705072595893
21628,0.1547782251250448
21629,0.3207861694887616
21630,0.44711497547862844
21631,0.6347846728491741
21632,0.8980804471065775
21633,0.315265423600015
21634,0.6671746098939607
21635,0.363512465690575
21636,0.36001557437553977
21637,0.36449828637031567
21638,0.63374849608682
21639,0.6025305205183145
21640,0.36785689948072436
21641,0.08825799389460523
21642,0.6320549709493998
21643,0.7120143656910743
21644,0.8644613631061331
21645,0.5548682061608212
21646,0.1493646909319648
21647,0.4107217271588648
21648,0.5096017588385663
21649,0.7877836700062989
21650,0.9170123077738861
21651,0.9150738955758386
21652,0.29252157161238596
21653,0.42290511145532644
21655,0.23351666412441846
21656,0.8705772798797607
21657,0.9605393730519087
21659,0.0646537726899737
21660,0.3033633221605711
21661,0.9398528297672227
21662,0.23297930510164466
21663,0.2651331635636475
21664,0.04357413874207545
21665,0.4024529861563799
21666,0.7623188456932541
21667,0.2515395150592452
21669,0.5457510967752349
21670,0.5813187193313375
21671,0.18025741149863228
21672,0.3382004773587051
21673,0.5901910188482534
21674,0.6944311610013582
21675,0.1478919737953551
21676,0.2307379380775784
21677,0.6794334361831289
21678,0.2677219994212716
21679,0.49891021488832976
21680,0.40573673931421206
21681,0.5800583713734354
21682,0.8035869504642132
21683,0.1365963384772207
21684,0.8670678529263055
21685,0.11932006806174132
21686,0.1358678083423216
21687,0.37142785149003327
21688,0.8480653760421325
21689,0.2868195960955507
21690,0.7102892042168125
21691,0.838070629303505
21692,0.7633044109633488
21693,0.2505836984349722
21694,0.25709386612448637
21695,0.10166922463860258
21696,0.23275909742546314
21698,0.8200622948883464
21699,0.5500874128990054
21700,0.28715611794380463
21701,0.43171164932863026
21702,0.2886882877757161
21703,0.18620686111197246
21704,0.2815283517597655
21705,0.1570878043208275
21706,0.25130542316390564
21707,0.668331211755881
21708,0.7542900948392924
21709,0.28407849603996815
21710,0.41735169941038125
21711,0.4687931923788458
21712,0.8479839990194491
21713,0.7075289438166402
21714,0.8613337642673796
21715,0.13620400164325666
21716,0.849361949892701
21717,0.18441490603986585
22000,0.0
22001,0.37906108960953616
22002,0.6842001888871595
22003,0.7279467542866955
22004,0.5823126370953238
22005,0.2343449511835224
22006,0.5846836336112501
22008,0.702165640914447
22009,0.3202461173721388
22011,0.642924973444139
22012,0.33796605762356646
22013,0.29393778787873115
22014,0.4560798536906861
22015,0.6805180574843419
22016,0.23278797549651262
22018,0.4267481444981837
22019,0.43375473394835534
22020,0.3755697001594495
22021,0.6539365746176861
22023,0.2829699077370316
22024,0.2600858609288553
22025,0.2820676782723032
22026,0.665195808936757
22027,0.2300607827857976
22028,0.7253236553708478
22029,0.20222269844160595
22030,0.6124609990531492
22031,0.17852509209714448
22032,0.49365405359770764
22033,0.07413324967875648
22034,0.5509139210258146
22035,0.6666970848211896
22036,0.25041504453847935
22037,0.204765148013251
22039,0.2596659593428652
22040,0.3088575659971534
22041,0.5224413579925892
22042,0.7001730745210646
22043,0.2066451297959774
22044,0.6814588913013532
22045,0.7050958921268611
22046,0.3039720593168022
22047,0.14741934796961453
22048,0.6769435038927146
22049,0.7352505992002686
22050,0.8284677047640653
22052,0.26963488130001845
22053,0.33775390214007006
22054,0.46175277976371965
22055,0.7242412037847851
22056,0.6538744338729163
22057,0.4575698339877044
22059,0.7851796084391414
22060,0.41388721292939146
22061,0.15790221492515008
22062,0.17881499258635825
22063,0.42157176696685467
22064,0.12395502937634022
22065,0.367368250607723
22067,0.35636787002249537
22068,0.3820671209749592
22069,0.48521970260633707
22070,0.6058139327106284
22071,0.4075155671863207
22072,0.37109099896149783
22073,0.20373171568251347
22074,0.16525155247134926
22075,0.286047595931743
22076,0.42740010564275627
22077,0.32794238890654226
22079,0.7510388258862879
22081,0.7989962214801735
22082,0.6658695613871868
22083,0.13435435231766124
22084,0.3776816685492355
22085,0.4417914005727636
22086,0.4144464627555233
22087,0.17635604622959922
22088,0.28176801301660837
22090,0.7317482959535393
22091,0.36610598710792214
22092,0.3169766037035479
22093,0.7074316756416174
22094,0.9792438602934158
22095,0.35562143595506435
22096,0.30495263017444246
22097,0.4739714351144565
22098,0.6427067255398143
22099,0.7331086458154632
22101,0.6472770275876087
22103,0.7454370248773626
22104,0.4089987433514185
22105,0.7346673867138694
22106,0.9316167814908564
22107,0.09114043148416515
22108,0.4521903255494837
22109,0.3944310403763555
22110,0.6704388409024638
22111,0.4101701381493594
22112,0.4078200879618076
22113,0.9071948106603305
22114,0.24184527189034588
22115,0.2005062046410677
22116,0.33453202119125725
22117,0.706206347427493
22118,0.7425702000385731
22119,0.46248635232909224
22121,0.4721339033033098
22122,0.19487512614835964
22124,0.11811291752413514
22126,0.6977789825058147
22127,0.43990473957774107
22128,0.1774429233200891
22129,0.2331229307099495
22131,0.2922028405416602
22132,0.3456890704594606
22133,0.15199016286086398
22134,0.7883807834473404
22135,0.3032591999059558
22136,0.5583947332120806
22137,0.1649831111678014
22138,0.3023128959715638
22139,0.2707302819880511
22140,0.2805047823182003
22141,0.6082065515953645
22143,0.6696546987336265
22144,0.7656698206464433
22145,0.4034945910673245
22146,0.13616508934211125
22147,0.2425455087771191
22148,0.21646737089508736
22149,0.2627893074403154
22150,0.44311731539208965
22152,0.6702402239663495
22153,0.7253110754497027
22155,0.3833406966097147
22156,0.32891124411661476
22157,0.17680059809277068
22158,0.18926001301744444
22160,0.4224308866372157
22161,0.39858060742775336
22162,0.6266318078796859
22163,0.12784318391269134
22164,0.4179285886187343
22165,0.24990530631134591
22166,0.7486816577543339
22168,0.8576716532118815
22169,0.19405289562908828
22170,0.7960369915447835
22171,0.8305345825005818
22172,0.636698729570204
22174,0.5245777325338965
22175,0.23961226468766064
22176,0.8460265216668038
22177,0.5348951649773772
22178,0.5135850495512276
22179,0.4671989372807559
22180,0.421481751636065
22181,0.1157851566374461
22182,0.7062933015846143
22183,0.2825185974445095
22184,0.7167859361583423
22185,0.2205083116316294
22186,0.7620567548591868
22187,0.8245969666733587
22188,0.7371616014646919
22189,0.2837657865623262
22190,0.7425423247189175
22193,0.23342180501169688
22194,0.4869439348207697
22195,0.5357389403910296
22196,0.40416501393959053
22197,0.6730245194629495
22198,0.8241161596052183
22199,0.38813228514684206
22200,0.4085826228031122
22201,0.6851247954039512
22202,0.13731072802932318
22203,0.8014677596531474
22204,0.4634520831165172
22205,0.41205540259712753
22206,0.5433881302120935
22207,0.44075255944333125
22208,0.5247120293521692
22209,0.7912163271067705
22210,0.5102277218304948
22211,0.6198973194431476
22212,0.4324346137800323
22213,0.795554119526239
22214,0.37964020092578166
22215,0.8524719113724273
22216,0.30637845320464907
22217,0.24390702904244346
22218,0.6677492818745392
22219,0.4121836153604163
22220,0.16014485898534664
22221,0.6899467359922477
22222,0.5167507561965234
22223,0.3410895286469226
22224,0.7615811249763611
22225,0.413313964383719
22226,0.6605541942322715
22227,0.3189591540972386
22228,0.5441290958613535
22229,0.16139099844624444
22231,0.24967826402905932
22232,0.7179310362026561
22233,0.41132416110217557
22234,0.7337513391464927
22235,0.5222872955277497
22236,0.42005207573995923
22237,0.6294625899139759
22238,0.4277476036517039
22239,0.600973529105712
22240,0.2585287554694099
22241,0.25997600220096506
22242,0.4009169719992463
22243,0.2786966837058872
22244,0.12003252137224438
22245,0.42343930136813285
22246,0.7367169570479432
22248,0.4026217968691496
22249,0.36340093285334246
22250,0.48836828889680745
22251,0.7281061713181524
22254,0.5659698937122427
22255,0.2713541699915335
22256,0.45070426790250967
22257,0.6270286883176164
22258,0.767350785856423
22259,0.774079596950376
22260,0.24633173894756827
22261,0.2992404770191875
22262,0.8158484691353125
22263,0.615609970798887
22264,0.5765864947333277
22265,0.7023848818622819
22266,0.22151704171525186
22267,0.2491750738528487
22268,0.3548825168371695
22269,0.5006297410402678
22271,0.30071744187132826
22272,0.46925039398120855
22273,0.7152794313330374
22274,0.631209632680818
22275,0.30090060510538447
22276,0.36155696133207044
22277,0.8103022297532629
22278,0.9152411693159532
22279,0.2834914562359548
22280,0.715768570043729
22281,0.7781636032757439
22282,0.7510969965674983
22283,0.4188181858843567
22284,0.3072807994661856
22285,0.2286441311736223
22286,0.2911559126105835
22287,0.768452678742764
22288,0.2585167703421127
22289,0.2997589523887749
22291,0.3605872072180666
22293,0.42102909243749925
22294,0.32633186578511314
22295,0.19639206191954853
22296,0.3133134713403276
22299,0.7107351109053689
22300,0.41079421777255387
22302,0.8283589903937969
22304,0.36432411527351166
22305,0.4251254259046713
22306,0.647557346559834
22307,0.8368060220006643
22308,0.6299296380673229
22309,0.18545732635673834
22310,0.39984225922398553
22311,0.7144218654496332
22312,0.5666026129281252
22313,0.2592947315485807
22314,0.3366845734430008
22315,0.5397280101139782
22316,0.08127711302681634
22317,0.41041604010305804
22318,0.4641683822010432
22319,0.5593191625289942
22320,0.20437887487856196
22321,0.1830642552920947
22322,0.3418891174667958
22323,0.5827075403165194
22324,0.8295774662806474
22325,0.7498307941407797
22326,0.2522088048858816
22327,0.7275253047984939
22328,0.2820887572122431
22330,0.3583814209623263
22331,0.11998534964263596
22332,0.5903634150564161
22333,0.16913698396422927
22334,0.09985558846976059
22335,0.30061042050808245
22337,0.2305651155866797
22338,0.3507146601999263
22339,0.7016594445326214
22340,0.5556853392715375
22341,0.1980997945317253
22342,0.5300746917381337
22343,0.7868721927099483
22344,0.1716214109415173
22345,0.31007139077749335
22346,0.6552225817353559
22347,0.5695197506014215
22348,0.4381374090493574
22349,0.6151060984851063
22350,0.48252866259043553
22351,0.17883897244451682
22352,0.5809055343742552
22353,0.8849801502659256
22354,0.34873052487425693
22356,0.7037652795463816
22358,0.37918677181443644
22359,0.3049372125258547
22360,0.9076209863304736
22361,0.5888782196285177
22362,0.6765877194230047
22363,0.755971674512711
22364,0.7353166205871215
22365,0.16763971413320022
22366,0.38020078760611886
22368,0.7803806741310048
22369,0.32525121351233294
22370,0.42043179515460155
22371,0.14862343020980942
22372,0.7614125009627983
22373,0.13110562945552184
22375,0.48900079684181075
22376,0.3898966832841817
22377,0.612242065564394
22378,0.4385715987610329
22379,0.7473899685076192
22380,0.6456455494706883
22381,0.6988655603559969
22383,0.5905157867086581
22384,0.3890613223747726
22385,0.729439876465739
22386,0.2810050137979517
22387,0.3632593079729078
22388,0.6032350851690617
22389,0.8328297578739309
22390,0.45216570581563537
22391,0.5290835277505815
22500,0.0
22780,0.0
22970,0.0
23001,0.17422927969516713
23002,0.10763666157920529
23003,0.1369245059095195
23004,0.12820639844954762
23005,0.08150329019324341
23006,0.1126000478353016
23007,0.09923570222716213
23008,0.4122401972899246
23009,0.05893693302029427
23010,0.11489933023708675
23011,0.11728639314591192
23012,0.12904887953487887
23013,0.4088073642101744
23014,0.11351700345324438
23015,0.19784477123520283
23016,0.12643447129942126
23017,0.10604000196096848
23018,0.19257426155380084
23019,0.044710644779830465
23020,0.1279153888064669
23021,0.2827301313038029
23022,0.08120035474229113
23023,0.14761412928002576
23024,0.14561214407740095
23025,0.2256736599051346
23026,0.08047005362838025
23027,0.10896420002698672
23028,0.10555321746410799
23029,0.1215989815177378
23030,0.37842381724059954
23031,0.3192553596547129
23032,0.2111577102311084
23033,0.10432710562552175
23034,0.10431963733944091
23035,0.2756812076448451
23036,0.09176065839276923
23037,0.10929636072261133
23038,0.09107989169876088
23039,0.1129927954047409
23040,0.14210619255843673
23041,0.1605742767226778
23042,0.06865506934186866
23043,0.17688101977887555
23044,0.07913489518858355
23045,0.14413304692084355
23046,0.14431094424298768
23047,0.0797422189252283
23048,0.08596224105278548
23049,0.14131329618107713
23050,0.19703350743776046
23051,0.14391114514104678
23052,0.14957464396209053
23053,0.09437570477273173
23054,0.13607329160404572
23055,0.11025823548053211
23056,0.09556734480871204
23057,0.1456683274772066
23058,0.09981684025193836
23059,0.11431224703659905
23060,0.11251090901897408
23061,0.1832166120193376
23062,0.1162440725512059
23063,0.07298831926557105
23064,0.10113949190163074
23065,0.16019106928821417
23066,0.11852539959432823
23067,0.05250914724536818
23068,0.1462132711122976
23069,0.15606417692940117
23070,0.20619079610356528
23071,0.15085819373057544
23072,0.09990554681803393
23073,0.08082341409043618
23074,0.15155520350296744
23075,0.2620705951929979
23076,0.19028988163540503
23077,0.057804664871569426
23078,0.1848210950050262
23079,0.3360263727685018
23080,0.04185841199860415
23081,0.5551729930343228
23082,0.13350759985097266
23083,0.08696120574067226
23084,0.2240871998284017
23086,0.10866589510347878
23087,0.10492821863527804
23088,0.09662162155838322
23089,0.16091497732862936
23090,0.07973040370624118
23091,0.1072369660260602
23092,0.1267914882279828
23093,0.14371501111571053
23095,0.13262872983136856
23096,0.4246053456545523
23097,0.11318212019864478
23098,0.12261099934466563
23099,0.13170246813765685
23100,0.17204439144542283
23101,0.10538563834643637
23102,0.14705285104589272
23103,0.1944852071437572
23104,0.0865580094146273
23105,0.14119861314405635
23106,0.06940585034509855
23107,0.1412635432262116
23108,0.08698944862109652
23109,0.09638809096142784
23110,0.12377728714920559
23111,0.12164559668103203
23112,0.13232352754305707
23113,0.10647758336215998
23114,0.07859924099376894
23115,0.07663247570032275
23116,0.10644364059677744
23117,0.21521850847712712
23118,0.1503429772580609
23119,0.5821528063344693
23120,0.13414188855057055
23122,0.1796046989239857
23123,0.14495423480983088
23124,0.08650844062635507
23125,0.03608260781777309
23127,0.1530179323353614
23128,0.12492994325348308
23129,0.08704814800817205
23130,0.16482035580610685
23131,0.08145455239508824
23132,0.10290423924752132
23133,0.1565402885804118
23134,0.13146688131394313
23136,0.0933478077845555
23137,0.07325957939767666
23138,0.18789214393923762
23139,0.08718840037195494
23140,0.19710734294110466
23141,0.1584471016128822
23142,0.14995388470847368
23143,0.12612212601029543
23144,0.15821715981191875
23145,0.20067555741238835
23146,0.08521048115159531
23147,0.1086629317343821
23148,0.19476841754658944
23149,0.1228641652138351
23150,0.14427700636299706
23151,0.10390990578147012
23152,0.10329499985697903
23154,0.12779578992124252
23155,0.1458293613991521
23156,0.14778286219144116
23157,0.0930990110295669
23158,0.11064553223586923
23159,0.12678605365494022
23160,0.09012853974669478
23162,0.12468496774734614
23164,0.13320767583168733
23165,0.33921265370040043
23166,0.17897021778484346
23167,0.10888127559772308
23168,0.15759027694553446
23169,0.13652453107426804
23170,0.17511326822722076
23171,0.11742964072258263
23172,0.11997170211771557
23173,0.11727157323831659
23174,0.08474247980008269
23175,0.13325919871749717
23176,0.32007249469425675
23177,0.27011990683829307
23178,0.05994407223865186
23179,0.13766013489925788
23180,0.1756641332112249
23181,0.1509130170112302
23182,0.1566083395627369
23183,0.087727866975979
23184,0.15180363028606925
23185,0.1158437775706279
23186,0.16338692620946121
23187,0.10041066774567478
23188,0.12692701329194386
23189,0.08471163161450607
23190,0.11203364248533546
23191,0.13536482318899382
23192,0.10622111972967312
23193,0.21782084970136317
23194,0.18060344761380656
23195,0.19779227777442754
23196,0.18154879174258637
23197,0.1049110527835618
23198,0.11650865637720542
23199,0.20287707330723387
23200,0.08257933535850667
23201,0.13450287206375452
23202,0.11472248626691173
23203,0.10393975124127694
23204,0.09934556953370816
23205,0.16140397444680693
23206,0.13477983583873931
23207,0.16176549096255607
23208,0.13634113551133334
23209,0.08969111126606018
23210,0.12364481280726493
23211,0.16591801958272231
23212,0.1359621798417464
23213,0.092563737441052
23214,0.13224431439266823
23215,0.5787966212345514
23216,0.1722291100028911
23217,0.09567105161094747
23218,0.13708561096517183
23219,0.14218725134119103
23220,0.1331646879028214
23221,0.5446598006440653
23222,0.10756702008123463
23223,0.18203018916326663
23224,0.5683412445268848
23225,0.18310380022135764
23226,0.16077208871626966
23227,0.1461674775189554
23228,0.17001639037632302
23229,0.11083088777973875
23230,0.13971069607325665
23232,0.11590801040269225
23233,0.07273656997216796
23234,0.10712578715463225
23235,0.1642196792630585
23236,0.10309167009902426
23237,0.16620194884030115
23238,0.2592318301879015
23239,0.15413399357305496
23240,0.17487478013587732
23241,0.12143532714541562
23242,0.09424489276015323
23243,0.10538630301918547
23244,0.1459378048370448
23245,0.1443693793560573
23246,0.08410311719380344
23247,0.08493304184001033
23248,0.12047350924697232
23249,0.12396067530512801
23250,0.12117316442100917
23251,0.09030210158590245
23252,0.0985823495522684
23253,0.13491664793026745
23254,0.107806291593787
23255,0.09492925726182629
23257,0.13847695797389384
23258,0.3197317310098581
23259,0.05717055741823465
23260,0.1004617765411436
23261,0.23174970390025212
23262,0.15964380044236043
23263,0.13804342590320512
23264,0.06989315403685153
23265,0.12614631556833683
23266,0.1575094292127734
24001,0.150189225360149
24002,0.4564754620149557
24004,0.13590923602235022
24005,0.49261090122547063
24006,0.6542961505671601
24007,0.07737376195911878
24008,0.1534374100302531
24009,0.10307877461393666
24010,0.38455284721044913
24011,0.37006827010370313
24012,0.5316487693293417
24014,0.11684419225769274
24015,0.6147383829112022
24016,0.24093992876246473
24018,0.08909437146331514
24019,0.0765868002331352
24020,0.08223910452313243
24021,0.07949204451609919
24022,0.3082249216203911
24023,0.37134376499140576
24024,0.09245335570125914
24025,0.06672585302234538
24026,0.4474140365014395
24027,0.1944077998582341
24028,0.09905522250403571
24029,0.19612405237366054
24030,0.3413755797132719
24031,0.1361700256031045
24032,0.10019236464753137
24034,0.31433765605413755
24035,0.6771468056784117
24036,0.693706506020804
24037,0.5970146697060381
24038,0.07131255783229558
24039,0.7165072894773877
24040,0.5617335951700095
24042,0.47944591721119306
24043,0.1160187259513684
24045,0.07225076644412678
24046,0.06450938335671252
24048,0.42038490808115914
24050,0.3798551369502426
24051,0.37907815029270747
24052,0.5404077517235385
24053,0.5983912844379259
24054,0.2506518923225577
24055,0.19319231788646193
24056,0.2775563508749557
24057,0.07015681768080544
24058,0.07553086976395917
24059,0.12112067862576016
24060,0.2287835631735643
24061,0.25476884559661367
24062,0.09708916231937374
24063,0.6086363397751077
24064,0.5166853259894167
24066,0.1637891437394284
24067,0.5933432241503325
24068,0.5180082277575004
24069,0.417652823266911
24070,0.09238116501961172
24071,0.11157713307085995
24073,0.3343533715577161
24074,0.3880535579700173
24075,0.6212424759765055
24076,0.6856615795219
24077,0.21916524597530226
24080,0.23307915561996798
24081,0.28953081032652705
24082,0.5559457663721263
24083,0.40123321191951716
24084,0.6768282655022774
24085,0.7116338830215964
24086,0.5835921050510142
24087,0.632519677603511
24088,0.3291962855927833
24090,0.08609127133659927
24091,0.6343525633359789
24094,0.40232619628725014
24095,0.04547250625438623
24096,0.16060196874861463
24097,0.07917859018452304
24098,0.5044897523503533
24100,0.09157163127696681
24101,0.15054957167109137
24102,0.5537250421535238
24104,0.13759232662550128
24105,0.06829187091240223
24106,0.18340917654161285
24107,0.12150955537582132
24108,0.4674929365152019
24109,0.09581368004758553
24110,0.10158288005847066
24111,0.17103047803567492
24113,0.06686029925686172
24114,0.06827159322012942
24115,0.5105862390021968
24116,0.22770332102864332
24117,0.737041695305575
24119,0.09441298054158097
24120,0.09146091686123223
24121,0.046239575184044375
24122,0.6573486367017106
24123,0.14024074013453688
24124,0.09714440360635053
24126,0.3269567287554276
24128,0.07928714947929767
24129,0.2105378872810875
24130,0.2982393733270908
24131,0.19554095049575734
24132,0.30416957851783627
24133,0.054969377109062335
24134,0.07797412062204577
24135,0.4206503635557973
24136,0.5454201496846885
24137,0.09132137090090243
24138,0.8808889716204508
24139,0.4176223561003607
24140,0.34447047150478727
24141,0.056637697543105714
24142,0.64729926956647
24143,0.19182452621122115
24144,0.17764661993469386
24145,0.304543377770282
24146,0.318091796486068
24147,0.21121668516500505
24148,0.5627571191156612
24150,0.6445462502779322
24151,0.5910033369706016
24152,0.5726772472630264
24153,0.7292683603998007
24154,0.15565953978482935
24155,0.12321191054595758
24156,0.43644205317652135
24157,0.07764974540254115
24158,0.09267114016074343
24159,0.08421183854454511
24160,0.4428106907043567
24161,0.3342996315206477
24162,0.37787149057639535
24163,0.17726198268892374
24164,0.1675922277970623
24165,0.4277928965748936
24167,0.41470006387995395
24168,0.18089128034684931
24171,0.07649056218890539
24172,0.45245190888389847
24174,0.1341009038490587
24175,0.08202522304004738
24176,0.05899936108830631
24177,0.3473687780695042
24179,0.7813576115733252
24180,0.04041354744389524
24182,0.4285380749906943
24183,0.21888818205327312
24184,0.6314982610922903
24186,0.41280549418272394
24188,0.17064206868075205
24189,0.48872063940429955
24190,0.15674695081214673
24191,0.30434418962900645
24192,0.14548411714649268
24193,0.5976432392160796
24194,0.6220229731520354
24195,0.14971787455254093
24196,0.05507149188875469
24197,0.5243473686431871
24199,0.12065901922030073
24200,0.16332773510867885
24202,0.0760830366355235
24205,0.23954781788514168
24206,0.6397833434606471
24207,0.5109494296388276
24208,0.24471093080379963
24209,0.15715184284072672
24210,0.05090145499368815
24211,0.15395655321763993
24212,0.2278985701751371
24213,0.22065170156872171
24214,0.21413730060551994
24215,0.7523207735335786
24216,0.12672501556094565
24217,0.27829666089451854
24218,0.08134829133470844
24220,0.40570516463770023
24221,0.2094035015702757
24222,0.6076167363473851
24223,0.2054101524915012
24224,0.2627076788193245
24225,0.6492671936111749
24226,0.5584786958527854
24227,0.12597399350883393
24228,0.3564037215001218
24229,0.38822565203182785
24230,0.6525287221576633
24231,0.15013993875458495
24232,0.6182192798972542
24234,0.3592194644837511
24236,0.3314664802254837
24237,0.34999984201830353
24238,0.1155603041862732
24240,0.5850923405407734
24241,0.15368901909125737
24242,0.2867583914374243
24243,0.3306754504921296
24244,0.1589951263045517
24245,0.7453592350126713
24246,0.5341058982799511
24247,0.09274311578225702
24248,0.2597869969399925
24251,0.34298906195308665
24252,0.27777408293480066
24253,0.18249616734439209
24254,0.6786447962180824
24255,0.3706539238714852
24256,0.5527751469095857
24257,0.1715296257473149
24259,0.37557499970219316
24260,0.21647810017484212
24261,0.24154312691348073
24262,0.2187898853259524
24263,0.32051928521906725
24264,0.44309756029061204
24266,0.3525989145857112
24267,0.45688209847988
24268,0.533000506850288
24269,0.06279094924929782
24271,0.10550995018355483
24272,0.5985591934309112
24273,0.3589018225629473
24274,0.47274964537155756
24276,0.6035988457275124
24277,0.441436271011393
24278,0.29883749077459876
24279,0.20994739001381515
24280,0.16754566212343566
24281,0.2245204334600604
24282,0.22475916627650822
24284,0.1915964013378279
24285,0.24589865580234255
24286,0.16593870561178373
24287,0.2864005349327412
24288,0.38955092295158994
24289,0.44734613318306937
24290,0.4401691736904388
24291,0.2896730951505034
24292,0.435806385836842
24293,0.6647727631382123
24294,0.40951280002790436
24295,0.2943913839469454
24296,0.29987124022839806
24297,0.7317167042033632
24299,0.1972522663422218
24300,0.5183608496485647
24301,0.7760707386059242
24302,0.0708994542003273
24303,0.08422492162163274
24304,0.08733446988513753
24305,0.07687604655845427
24306,0.42822787882117647
24307,0.07276180047618509
24308,0.09682034027718711
24309,0.15147273845551557
24311,0.41599266125300144
24312,0.4553293646068359
24313,0.5902186889448221
24316,0.11250276732188347
24317,0.4075902673865351
24318,0.4195351965474636
24319,0.1789052660045515
24320,0.15727401382105924
24321,0.7346205084443866
24322,0.8880762250100671
24323,0.06700156470948965
24324,0.2032123722337907
24325,0.3691056314923153
24326,0.3138212574808256
24327,0.270054530648942
24328,0.14401902647322365
24329,0.5363199085274919
24330,0.1406823838083136
24331,0.5837283948169004
24334,0.21804389183375764
24335,0.4902377935219045
24336,0.3818797018543853
24337,0.5968915413788951
24338,0.15359567233067936
24339,0.11895827778459205
24340,0.6316869786633786
24341,0.40343486412503404
24345,0.29714035696599495
24346,0.15026869619501518
24347,0.12683345279631764
24348,0.32551627351561646
24349,0.5850101599863243
24350,0.41642553552260486
24351,0.3572930361501122
24352,0.25353143520025617
24353,0.14418767095049706
24354,0.4768736900882651
24355,0.6376511090485601
24356,0.22015567824184448
24357,0.5103386805953888
24359,0.2946360400303137
24360,0.7125189453873904
24361,0.31794691751830306
24362,0.16368537132976718
24364,0.3760134210780906
24365,0.23275442831040066
24366,0.5231266042213347
24367,0.10831726612189799
24370,0.4613290024589329
24371,0.2650379822900678
24372,0.31290800736699964
24373,0.26219043362079975
24374,0.34326179993817196
24375,0.5771983226551335
24376,0.08103203180564697
24377,0.3061247840707153
24378,0.4549690934057676
24379,0.3555729548838248
24380,0.35593897100241856
24381,0.1375501031063234
24382,0.32762326993761093
24383,0.2512103476159823
24384,0.13419823740606687
24385,0.27798879083321915
24386,0.5970049953560429
24388,0.59050184975028
24390,0.41244600132826315
24392,0.3137875375378507
24393,0.16799473852746002
24394,0.11101747220684774
24395,0.6827450571076299
24396,0.6373443060094609
24397,0.13156335930751833
24398,0.20055775077431354
24399,0.10879396562037416
24401,0.06600133696250378
24403,0.1546770444791614
24404,0.29081507425656217
24405,0.13026238436083018
24406,0.6159289493089357
24407,0.15498512497502043
24408,0.27153375599912866
24409,0.1712366664004979
24410,0.15237956242933817
24411,0.21856711876300297
24412,0.19824035709214377
24413,0.4516031252262957
24414,0.2288106921151537
24415,0.26847052409465333
24416,0.6714800575343916
24417,0.08491663918171145
24418,0.12039522244073647
24419,0.32320662897933716
24420,0.2617582093212788
24421,0.41228977036057834
24422,0.10398164518198713
24423,0.4714838760072378
24424,0.08212953020670682
24425,0.07720691607210305
24426,0.15758603697925389
24428,0.058667112153129204
24429,0.07305010373059918
24430,0.0
24432,0.30360145764949
24434,0.07541563351833545
24436,0.22623870674463056
24437,0.7901567587785397
24438,0.6401730158900797
24441,0.058074246152888136
24442,0.2440749137278697
24443,0.24915668450911765
24444,0.10784849879955123
24445,0.13020479374738184
24446,0.3787031282887627
24448,0.1238472961491487
24449,0.28584548053154113
24450,0.5709391683951914
24451,0.3102761861569015
24452,0.08547382962660874
24453,0.08447954644969992
24454,0.38109400586877096
24455,0.11644374454208477
24456,0.17673249584554251
24457,0.12644568497015515
24458,0.37227210186774146
24459,0.21915607489992364
24460,0.08278485564398132
24461,0.4104541730604735
24462,0.12218474022522546
24463,0.11800111105028387
24464,0.10694562264917995
24465,0.07854356619216345
24466,0.5303341071141859
24468,0.2831818345200473
24470,0.3899605027780759
24471,0.37590017212151045
24472,0.34848706241633953
24473,0.05642506483867925
24474,0.15885613964677284
24476,0.09546577611994757
24477,0.14510438901020872
24478,0.6645628055917535
24479,0.1606822404414471
24480,0.35033265904660876
24481,0.05705968400676232
24482,0.10048035489005898
24483,0.23608202773126255
24484,0.44276746891504304
24485,0.07372669417928994
24486,0.04194377310363478
24487,0.5135132378900668
24488,0.6907436257250691
24489,0.052944500717203795
24490,0.07161939168930684
24491,0.0711963070160742
24492,0.058875416381968755
24493,0.10281489469176534
24494,0.38741992100788347
24495,0.19207667510049375
24496,0.08252294508318854
24498,0.10646605943618304
24499,0.28190018452216614
24500,0.2188396925509895
24501,0.4494287669020042
24502,0.06155659314619386
24504,0.09803831765670379
24505,0.07524552487435363
24507,0.06667307075899596
24508,0.17311162306517167
24509,0.08528056523380685
24510,0.5984549132866529
24511,0.060244334885610776
24512,0.5049803896135785
24513,0.29994188313781733
24514,0.40584124200485006
24515,0.07794544539390004
24516,0.36109251272030823
24517,0.4829259056509002
24518,0.39323494674376486
24519,0.10487329594347945
24520,0.6897500183661789
24521,0.29210468395343464
24522,0.07189250174769633
24523,0.6145618685461807
24524,0.32025513265243766
24525,0.218078591347168
24526,0.11738650465256384
24527,0.20248295626789678
24528,0.18364348460757918
24529,0.15202673314002682
24531,0.25060699936959546
24532,0.3248357532257304
24533,0.414617581817556
24534,0.4952563906434109
24535,0.3646919485059512
24536,0.39689374620265183
24537,0.10564577390168617
24538,0.694807505433164
24540,0.2113783574074994
24541,0.11147880365554506
24542,0.1762074251737166
24543,0.08198184947658231
24544,0.2754157918664031
24545,0.08020797773358809
24546,0.06388007062682938
24547,0.6550155307632342
24548,0.17852784857584275
24549,0.5484906729648662
24550,0.06963420506903187
24551,0.1319360817334414
24552,0.19797868443651817
24553,0.26926899177836067
24554,0.08684176557775132
24555,0.07329744163277147
24557,0.5107387567026388
24558,0.3745698005477224
24559,0.32066924019365006
24560,0.5993813080829543
24562,0.17481951013499716
24563,0.21895690415251529
24564,0.11769827954908317
24565,0.26464429908873327
24566,0.3453308208053982
24567,0.06672194073572099
24568,0.4202780045530363
24569,0.08286685332310555
24570,0.3346238611066152
24571,0.3228781289367412
24572,0.10852222105075736
24573,0.0790758074688659
24574,0.4413646516007196
24575,0.6426482506607767
24576,0.3377276651115507
24577,0.5604574622245335
24580,0.5218201346169302
24581,0.17027319075402045
24582,0.09933543207352148
24584,0.5158819333219653
24585,0.7565113982943114
24586,0.11749364416179106
24587,0.614836393731208
24700,0.0
24750,0.0
24800,0.0
25000,0.0
25001,0.538862347365944
25002,0.4995926849596977
25003,0.08482600547108612
25004,0.7422732889691067
25005,0.1351437784528632
25006,0.20542736648738186
25007,0.19752016093853672
25008,0.7744043502938367
25009,0.24322134752549554
25011,0.7686720363982145
25012,0.2688280233473806
25013,0.8278610191796867
25014,0.6961375488470714
25015,0.23722990380112877
25016,0.2904730150319956
25017,0.49464530109065885
25018,0.11881747442945584
25019,0.49392530890222064
25020,0.9141725925946612
25021,0.2692236076394618
25022,0.694824066812621
25024,0.22184215007134506
25025,0.18991097771064988
25026,0.13477608954127185
25029,0.15189157703885486
25030,0.6739985023260896
25031,0.8417283473657747
25032,0.08845005708891918
25033,0.6631278480795683
25035,0.7259017987361424
25036,0.8146601920724714
25038,0.16289601290940836
25039,0.16186858134250162
25040,0.7514914350942851
25041,0.3450980876760726
25042,0.22150064920573373
25043,0.8190915865219377
25044,0.1972349004882325
25045,0.1665618256810837
25046,0.0898986716275942
25047,0.28188665488088405
25048,0.7269624478323784
25049,0.07399791921995579
25050,0.3330541257530156
25051,0.07062696331265864
25052,0.1734788325720164
25053,0.14281077423720048
25054,0.7110608101221981
25055,0.47707069795708346
25056,0.8055156645873692
25057,0.8453905890582551
25058,0.7057934415646407
25059,0.5852785388138178
25060,0.24606301271527234
25061,0.19773929363435513
25062,0.2276385832140143
25063,0.6794239002858544
25065,0.31020576872773115
25066,0.47960532504152203
25067,0.40519712994019313
25070,0.14119605059271556
25071,0.7303552734038661
25072,0.16555036812993804
25073,0.6526055533612417
25074,0.16880100383207042
25075,0.3815107717553648
25077,0.21555967153716943
25078,0.47023674816347755
25079,0.4311812635076832
25082,0.6488453242296617
25083,0.12127787514267868
25084,0.5931252656849173
25085,0.3615895397150382
25086,0.6177988940206988
25087,0.09663979578109061
25088,0.1643407981783293
25089,0.17559997446115605
25090,0.2783181353624883
25091,0.19042908162720804
25092,0.15907624264776793
25093,0.6063889266927674
25094,0.21285922140667435
25095,0.11509758310576207
25096,0.32948866852536646
25097,0.7911820930456921
25098,0.12471060873497364
25099,0.1910541167612994
25100,0.29461608575578235
25101,0.572363803245162
25102,0.2751734894644282
25103,0.6070928216142123
25104,0.0992643274152611
25105,0.43145935877570374
25106,0.538708074586933
25107,0.17855470412983895
25108,0.12409443221486423
25109,0.46210224510929704
25110,0.3525793505907896
25111,0.6888038432906477
25112,0.7315123984734974
25113,0.10126175157507714
25114,0.6572089702907868
25115,0.715219357764488
25116,0.4245595405378812
25117,0.7188142558840794
25119,0.7124819586884181
25120,0.15705835968086268
25121,0.25545243313385374
25122,0.3269681069767345
25124,0.2796787033331996
25125,0.073537803542913
25126,0.5258542016969481
25127,0.09926097042515611
25129,0.49492388872206944
25130,0.22945608018920646
25131,0.2156450578256109
25132,0.634917867774313
25133,0.7102541860798504
25136,0.6608191988031105
25138,0.17330209319260798
25139,0.22456383079834102
25141,0.2753752564660969
25142,0.2321580002419552
25143,0.10056393115205739
25145,0.11126895823443261
25147,0.7692864548363041
25148,0.2807471415531759
25149,0.5645632480822542
25150,0.6326613272320789
25151,0.23277604107592453
25152,0.5702182641009729
25153,0.6030899270820226
25154,0.45865179912069953
25155,0.5180330562833575
25156,0.08834753420903259
25157,0.27524748761848306
25159,0.5995960028731933
25160,0.23971838197561637
25161,0.18909800853625747
25162,0.5570740355190991
25163,0.5087633381194847
25164,0.5423612176363908
25166,0.2631378893521526
25170,0.8855626213498075
25171,0.4865101885591101
25172,0.5237784937729419
25173,0.15629762178760478
25174,0.6126605592297899
25175,0.12257463416912477
25176,0.4810976704017448
25177,0.10590696212911406
25178,0.06394524295653405
25179,0.22330665398644992
25180,0.13644115373688406
25181,0.10865857082157888
25182,0.1001570332666561
25183,0.06332863957535065
25184,0.1846553903116933
25185,0.41200955957123025
25186,0.6761656957287939
25187,0.4883986785382007
25188,0.7605720153550496
25189,0.24885393662003924
25190,0.7985028337214476
25191,0.693321708674549
25192,0.5758251914466741
25193,0.08670601338705636
25194,0.9513524069166167
25195,0.6321275005612776
25196,0.7926978109288905
25197,0.5854445604531112
25198,0.7390745057038685
25199,0.13197585169499126
25200,0.6472895877925453
25201,0.4018062150296009
25202,0.3173855949524659
25203,0.19894074934159534
25204,0.3911242809920741
25207,0.8082130916870991
25208,0.13560830806783553
25209,0.30313358618036335
25210,0.7784326651720597
25211,0.1957545661478473
25212,0.8370080496081727
25213,0.12807514945877646
25214,0.6191833585918393
25215,0.18652566640641588
25216,0.6697559318557851
25217,0.6500084550262475
25218,0.1708051956748736
25219,0.186334555818859
25220,0.6016362730071836
25221,0.19446881413806913
25222,0.188193328675164
25223,0.08962920317162135
25224,0.6692967316649446
25225,0.4486442399514092
25226,0.5204227781284443
25227,0.1951697018563421
25228,0.8179925469595926
25229,0.27750172788443495
25230,0.9070010869647284
25231,0.16729072743673604
25232,0.5825908513727274
25233,0.16146296426125728
25234,0.07403430454324993
25235,0.5521290502026738
25236,0.3933264898422609
25237,0.7801291586567038
25238,0.21851402713311285
25239,0.565159224187712
25240,0.4987980129398511
25241,0.13311296796768038
25242,0.20230948366594015
25243,0.16892213910586212
25244,0.1796219729367623
25245,0.6594532968920902
25246,0.10140540825763084
25247,0.07617229979443353
25248,0.16288147726117838
25249,0.17240166114716976
25251,0.1806040639797026
25252,0.2993399245424388
25253,0.45863223653095353
25254,0.28076027198352826
25255,0.10553985679480274
25256,0.1630978909337661
25257,0.564583033353775
25258,0.8357906167183613
25259,0.35836299261993
25261,0.1490568494966668
25262,0.334991003623071
25263,0.23122313735008776
25264,0.6894186457072384
25265,0.6735886200243005
25266,0.5239308270198216
25267,0.6453142511815579
25268,0.1508319719927987
25269,0.23592856698374057
25270,0.09405170702048904
25271,0.2598126969580178
25273,0.27911120788135463
25274,0.6990265451756386
25275,0.4986860001089678
25276,0.07342463903508084
25277,0.1156184754263807
25278,0.2814343665102627
25279,0.09060486547157948
25280,0.20991855791918637
25281,0.5170424848665314
25282,0.2270639711350692
25283,0.38005431988263244
25284,0.8531786393340554
25285,0.17694963063162544
25286,0.18474795039645456
25287,0.774522098181459
25288,0.28760087025823905
25289,0.17644404056492252
25290,0.14781194856920365
25293,0.398540757523587
25295,0.3092143860678722
25296,0.3420624506541413
25297,0.5791474229993239
25298,0.17619149066845258
25299,0.10787016454861814
25300,0.14327157772776242
25301,0.25459429068173584
25303,0.2712591037291516
25304,0.7268357731409144
25305,0.3560898243823866
25306,0.06633846948479437
25307,0.3878603428890332
25308,0.303961784305898
25309,0.44289086640490827
25310,0.12937740816771542
25311,0.4411919193958557
25312,0.06010074993823957
25313,0.06035942432968643
25314,0.26597187873225747
25315,0.41237354910901314
25316,0.8354027862224023
25317,0.41696791754182994
25318,0.42983797455753786
25320,0.3129313008791029
25321,0.44023063656478295
25322,0.7841238287462351
25323,0.4476013033663911
25324,0.10366384166284362
25325,0.11725544427318042
25326,0.5188045396082072
25327,0.42329630163064585
25328,0.6550127826247544
25329,0.15010885858841228
25330,0.32446294034006673
25331,0.16276878950053017
25332,0.55520057769735
25333,0.06888403834314163
25334,0.42372609536798117
25335,0.6050428138597338
25336,0.3853110444358615
25338,0.39631108116352576
25339,0.218333991539817
25340,0.32620554770302884
25341,0.062013869418580524
25342,0.17294850042219295
25343,0.15260728388361283
25344,0.11459476229381671
25345,0.5756687160962145
25346,0.2587148453303972
25347,0.27945297120948
25348,0.30023904514855493
25349,0.19489908431068123
25350,0.6445673519336618
25351,0.1718381988188715
25354,0.18061435978727794
25355,0.2662573888396742
25356,0.22207628031649781
25357,0.2505347653186634
25359,0.16179626332463728
25360,0.5909213932072912
25361,0.31834158560870146
25362,0.337129995645598
25364,0.5176733750658858
25365,0.1449152336133986
25366,0.16805016847058332
25367,0.7155444955972581
25368,0.7876670585680255
25369,0.6315035851008062
25370,0.6891596803525865
25371,0.6681504305445786
25372,0.5317764353577198
25373,0.18857116944260932
25374,0.4422915396072401
25375,0.6144077867018546
25376,0.5956767447904555
25377,0.07435829620001314
25378,0.7003955259569521
25379,0.2945951972594889
25380,0.38115070242840904
25381,0.7964583172310182
25382,0.6072017890947373
25383,0.6470947063125476
25384,0.169012259011334
25385,0.07461956938189776
25386,0.40483367271264137
25387,0.1979597275488733
25388,0.8942758282078793
25389,0.158182036998161
25390,0.2595804927617633
25391,0.1773623686786018
25392,0.11311948908824869
25393,0.6175649399636338
25394,0.6498101599507186
25395,0.6507992764387012
25397,0.7233303677871571
25398,0.26040910583847815
25400,0.1537323431666637
25401,0.10159170496736611
25402,0.6682105144189344
25403,0.30687238818809154
25404,0.0963229589148092
25405,0.2728815718203964
25406,0.6118933221422903
25408,0.16314391219028052
25410,0.6242277405770841
25411,0.45274357731780446
25413,0.24075458218688808
25414,0.43455128429538314
25415,0.20396022906090192
25416,0.12062259076767841
25417,0.35980155379578616
25418,0.6016261189901121
25419,0.10624206699693431
25420,0.11875002484217767
25421,0.22305889979654187
25422,0.5724975655527551
25424,0.1469103798124231
25425,0.3382221091627949
25426,0.5875973508892409
25427,0.6653106554570453
25428,0.7975991076686013
25429,0.6792106127199736
25430,0.18060823476650223
25431,0.5926542083423202
25432,0.20498939813646117
25433,0.18056045915339497
25434,0.3596442363437758
25435,0.15436884673954407
25436,0.12547545193886242
25437,0.5335079891584479
25438,0.5866953137965841
25439,0.2089795765378084
25440,0.20618242544009097
25441,0.1088302375867596
25442,0.317762320201608
25443,0.42840667266087346
25444,0.5796504277578253
25445,0.10175161030560809
25446,0.12122027152483493
25447,0.137050377019869
25448,0.6736249132123034
25449,0.16082435331862424
25450,0.27800717244341083
25451,0.42991869699718344
25452,0.6587337246979136
25453,0.1690834909567129
25454,0.7811946327673909
25455,0.6209183282363084
25456,0.13984117722205086
25457,0.2460650826463782
25458,0.17959675582077309
25459,0.3363188009099794
25460,0.2970319115602772
25461,0.1055912216077178
25462,0.359341642328851
25463,0.6102697401171552
25464,0.28141025602206093
25465,0.18832718558926356
25466,0.5597822129295221
25467,0.7013284980655228
25468,0.4859963373903553
25469,0.760691944661964
25470,0.49967574345011145
25471,0.1442026003656852
25472,0.17889809947112567
25473,0.6507826369500304
25474,0.3462223087233702
25475,0.4027478551998817
25476,0.14165740419529477
25477,0.707738483847126
25478,0.06552472101517641
25479,0.14757211227866054
25481,0.8045703824142217
25482,0.6030996984496668
25483,0.3616670017258855
25485,0.5549261553364575
25486,0.3578977477896509
25487,0.2208678443035801
25488,0.09610561890977222
25489,0.29044628157061697
25490,0.44122375452588203
25491,0.37082573189248885
25492,0.08052270656965782
25493,0.3537608550544568
25494,0.22250641540514093
25495,0.6801394365921669
25496,0.06440184291644915
25497,0.6946559516392764
25498,0.162977154335286
25499,0.08035833444883703
25500,0.2042053081172048
25501,0.2638716754452184
25502,0.5731384805355193
25503,0.13729782293890908
25504,0.12982901222023796
25505,0.112110703305824
25506,0.16512597353064729
25507,0.4518902735491229
25508,0.37322489446512636
25510,0.581869503376098
25511,0.5106696856988349
25512,0.2062468289272337
25513,0.1153514314209955
25514,0.3053418080398975
25515,0.3538061194764342
25516,0.1168745249890271
25517,0.17731650749085637
25518,0.2592289213673551
25519,0.23575632291784027
25520,0.22391447650057472
25521,0.7567278043056219
25522,0.1477938333839011
25523,0.7194014483654265
25524,0.5131127442465698
25525,0.34186999923380684
25526,0.8498080814186423
25527,0.5965401502350516
25528,0.24320177627657968
25529,0.1083549341494411
25532,0.5930616226998952
25533,0.1083856137909766
25534,0.22782186831793547
25535,0.21275888234081328
25536,0.642094866990834
25537,0.554163095505633
25538,0.1682556543458028
25539,0.7743377716146688
25540,0.7582794771607387
25541,0.2916070798091773
25542,0.7886428677890812
25544,0.06044590713704208
25545,0.14235965676461101
25546,0.21613610353526097
25547,0.8914395128601468
25548,0.5240912828965135
25549,0.2801686219622603
25550,0.205587091317804
25551,0.6605750662183933
25552,0.45483764318784664
25553,0.10853433079005563
25554,0.08272696773152732
25555,0.8594726821180113
25556,0.15808640305534014
25557,0.7122730469736607
25558,0.5845933690371496
25559,0.09751531319616794
25560,0.6560515773020607
25561,0.6563270321817795
25562,0.7217253683042546
25563,0.5537158156998063
25564,0.6470566228371418
25565,0.29823068971109
25566,0.2156949168429005
25567,0.16167265288338556
25569,0.46133691192471665
25570,0.16401024021891586
25571,0.1062980330413557
25572,0.15952105810911135
25573,0.2526511838355116
25574,0.08158484968080612
25575,0.6964432869351523
25578,0.305890766887027
25579,0.1620245870222168
25580,0.8092412661998064
25582,0.5018958325640219
25583,0.1585665492878231
25584,0.16398650504495488
25586,0.7424788480150181
25588,0.07712518241196088
25589,0.15792197165818891
25590,0.10509791587843118
25591,0.9375795587382384
25592,0.36712540768056956
25594,0.6299493127090817
25595,0.1240019897268252
25596,0.1333451741014741
25597,0.0617469770189662
25598,0.6489000451948302
25599,0.36141154804548276
25600,0.229251241664229
25601,0.18073773201948162
25602,0.07656185932268517
25604,0.16645863808410266
25605,0.1230870167398469
25607,0.1342816744981638
25608,0.678134552126068
25609,0.28996416306701195
25611,0.6167988251818309
25612,0.6156092520840858
25613,0.06726017020439154
25614,0.8400876435415049
25615,0.6771845211329525
25616,0.5239093630674283
25617,0.5886977452844484
25618,0.5659769545368754
25619,0.2034230647876463
25620,0.28262667892943893
25621,0.07486419048278511
25622,0.6056004236203608
25623,0.17553306116359083
25624,0.21197807050371106
25625,0.1383725401963851
25626,0.0710641621944129
25627,0.10861665897511857
25629,0.06083815573348633
25630,0.11764925896938434
25631,0.5613890880986375
25632,0.7788518354783217
25633,0.21147794524371724
25634,0.25097345982203767
25635,0.12978681780330636
26001,0.6725353793121185
26002,0.6898469851157581
26003,0.7143770502848955
26004,0.9865151607426763
26005,0.9092965021804627
26006,0.936499206827777
26007,0.9328294868466038
26008,0.9348537296377978
26009,0.7539753118048995
26010,0.7491406792252193
26011,0.45561261117551105
26012,0.19286592656723006
26013,0.7474433467664757
26014,0.8209576035530943
26015,0.32444873877201413
26016,0.5061614163866015
26017,0.7925506330919004
26018,0.30607228451307733
26019,0.3759379906891073
26020,0.9602772380953164
26021,0.9540376684308715
26022,0.12858095807022038
26023,0.7532255704077452
26024,0.9339543935461969
26025,0.7269588474332926
26026,0.17403286845729093
26027,0.3500391680093051
26028,0.5971212000938378
26030,0.7106869011966109
26031,0.9123246365286757
26032,0.9259108203479935
26033,0.6611676349812887
26034,0.8216906247940219
26035,0.25135707820317843
26036,0.4642625833199756
26037,0.9511783366199025
26038,0.9093224698437992
26039,0.6654369027039565
26040,0.6355452895461301
26041,0.6976331342423413
26042,0.9241565008314199
26043,0.832665736118834
26045,0.9209722275399053
26046,0.2243372554031336
26047,0.5721840586315056
26048,0.8295281075654964
26049,0.8781100378817317
26050,0.2598336245171992
26051,0.4078157597456804
26052,0.9253773476715312
26054,0.6689777815870661
26055,0.5817781342251827
26056,0.21243022552203078
26057,0.8981001350991844
26058,0.9638690453632108
26059,0.4977384732591758
26060,0.1763368850726504
26061,0.7234663200658378
26062,0.8701659689998235
26063,0.5867999279386598
26064,0.9491280229524606
26065,0.9488536578063761
26066,0.41239594454526923
26067,0.7684077915185745
26068,0.7373328637409002
26069,0.654784058787369
26070,0.7139200139112606
26071,0.8921081528546427
26072,0.7599291972175407
26073,0.6962080519555884
26074,0.5303442917891211
26075,0.1734949954098401
26076,0.1119970247593206
26077,0.8011251773074474
26078,0.9388998750962946
26079,0.8974301716299168
26080,0.4975224192130085
26081,0.8862463119379066
26082,0.822834101327448
26083,0.7169454594438849
26084,0.990845740362652
26085,0.9359655935962119
26086,0.6427305206185824
26087,0.7093086994874009
26088,0.8378060671362959
26089,0.1583789633679928
26090,0.5615503877102955
26091,0.08464764268537898
26092,0.8084826806175613
26093,0.7009927774679217
26094,0.7443571807075424
26095,0.9425386331278639
26096,0.9834654883528735
26097,0.9548981587168669
26098,0.47511783189998325
26099,0.6493524341207454
26100,0.8930679677777102
26101,0.10895102624649243
26102,0.9830851867797853
26103,0.18150480688545045
26104,0.25823851291708044
26105,0.7507682414218502
26106,0.9810211091739404
26107,0.7516097953132437
26108,0.9554793251506213
26110,0.7882532854889361
26111,0.1595349090104441
26112,0.783053390361717
26113,0.8606257379658802
26114,0.10871624873999607
26115,0.9553395784036061
26116,0.6514379413983192
26117,0.4952524941483213
26118,0.766969526904405
26119,0.7008090504035518
26120,0.0
26121,0.9155140085517981
26122,0.445989098561814
26123,0.5913278063299414
26124,0.9153335771015753
26125,0.9530730410711811
26126,0.03229100203630881
26127,0.3318340536485525
26128,0.1845685066037938
26129,0.788970954994171
26130,0.20962360510283654
26131,0.597830009158227
26133,0.6929660257398497
26134,0.1144024468004418
26135,0.29011691304428183
26136,0.5910925014919641
26137,0.1970442778547728
26138,0.6648068197883926
26139,0.8438581350882522
26140,0.7453709865275484
26141,0.5089303376197791
26142,0.6757918384413932
26143,0.1669891636951446
26144,0.9446765392748944
26145,0.7057485974013195
26146,0.8619456761867803
26147,0.1971717060822954
26148,0.47424345221891845
26149,0.6970619694161403
26150,0.11776467680141083
26152,0.6077838535471852
26153,0.15870830274323167
26154,0.1173087167302331
26155,0.7625621180070276
26156,0.827781619839582
26157,0.9408256679651219
26159,0.6493971732883441
26160,0.6552916529204401
26161,0.15907850329249942
26162,0.7654781244158515
26163,0.6524505378026535
26164,0.5464345714869797
26165,0.9437394861244229
26166,0.9333643221564595
26167,0.6957664206500572
26168,0.44997263454708847
26169,0.8499713017887146
26170,0.9518590677538263
26171,0.9355946098351726
26172,0.7655682539045507
26173,0.8333027583754066
26174,0.8359061643417358
26175,0.1620934296343466
26176,0.9973242383970671
26177,0.784534911658888
26178,0.6421668614195005
26179,0.9046941513549853
26180,0.9048362831107285
26181,0.19687580498749602
26182,0.7996635539009628
26183,0.3382066752480228
26185,0.9763917547975471
26186,0.5738565525668418
26188,0.2953294473360404
26189,0.06571339877647842
26190,0.8178611576600505
26191,0.9054525770283339
26192,0.25273958500028115
26193,0.35890185566999017
26194,0.7017794393135636
26195,0.33075028000334017
26196,0.9520858620769015
26197,0.987881263184211
26198,0.9942258587779316
26199,0.1186264175015901
26200,0.056912407925211746
26201,0.09332883170603037
26202,0.14640402013462178
26203,0.8634145345773846
26204,0.6605235926250692
26205,0.7176723120237678
26206,0.9251827565777114
26207,0.644044370028971
26208,0.9376815583570772
26209,0.1887242054437774
26210,0.5645954553335025
26211,0.722119395660904
26212,0.9303020596004442
26213,0.7522721986017256
26214,0.29139239723065297
26215,0.7034858881632963
26216,0.6764351576462313
26217,0.6706477248937797
26218,0.8531850988873859
26220,0.8888755600649783
26221,0.07646149792922013
26222,0.10701289701505823
26223,0.6299534814864738
26224,0.9193038919567591
26225,0.7035332001085663
26226,0.1351195638693942
26227,0.21536269007856873
26228,0.8400927947075588
26229,0.2954986292955847
26231,0.8421539750711831
26232,0.8556294679912912
26233,0.8017170564309034
26234,0.251489889366412
26235,0.7269646712505605
26236,0.2997824203871422
26238,0.8154125841072458
26239,0.2837273950064385
26240,0.14591748885786635
26241,0.16471105433744632
26242,0.43385289416252854
26243,0.5781021999045597
26244,0.7653935924918475
26245,0.1512850441465808
26246,0.23502650766751512
26247,0.7083776313531702
26248,0.36070180652697864
26249,0.9367673713238512
26250,0.9689342203765885
26251,0.911981203149396
26252,0.9466892846326875
26253,0.6202741186415112
26254,0.5763866947179135
26255,0.7072507187783773
26256,0.3295531136756525
26257,0.9049653891561791
26258,0.9973162597304142
26259,0.7033807143439716
26261,0.8393517232109827
26262,0.6580298047806737
26263,0.46340111049947613
26264,0.29714380701394266
26266,0.4164491167650401
26267,0.19832880498386868
26268,0.10699497674856828
26269,0.8347667475989659
26270,0.6597595552874785
26271,0.9434877009344403
26272,0.9065930216040284
26273,0.7211275378022793
26274,0.81451969258716
26275,0.8734195413040375
26276,0.10037467805515185
26277,0.9576080788192046
26278,0.2929967903077841
26279,0.27652219404750916
26281,0.8689903234192409
26282,0.6221675589802403
26283,0.6566758019164971
26284,0.8284305125452139
26285,0.3376670437468637
26286,0.09320574199565432
26287,0.9697865019286731
26288,0.1872125600314421
26289,0.44561452096939025
26290,0.4430690448083525
26291,0.12638200559659268
26292,0.13976145403496518
26293,0.6799818076348726
26294,0.9809017749874985
26295,0.7380465888472247
26296,0.4391571084491
26297,0.0
26298,0.650203890985771
26299,0.25361008507327615
26300,0.0838992928405094
26301,0.8251003880050468
26302,0.531455786744169
26303,0.2993061338438124
26304,0.2349916453663588
26305,0.92884144108049
26306,0.8194077929747015
26307,0.6137972193527205
26308,0.08320083172802807
26309,0.44577258173969914
26310,0.6868933466650562
26311,0.5361495852137045
26312,0.9281503811942854
26313,0.9910604005281256
26314,0.6987063339164937
26315,0.4815926767449381
26316,0.6288686331695259
26317,0.6503143999491924
26318,0.10690749593284983
26319,0.6893409869690209
26320,0.7250330789338022
26321,0.5678021210592639
26322,0.42612761159722357
26323,0.7566441074162598
26324,0.7621153078321208
26325,0.9359080424757982
26326,0.6655106302551279
26327,0.586713765641877
26328,0.37045980479871576
26329,0.3799696051295394
26330,0.736504372863134
26331,0.6153137073911882
26332,0.7249831323937294
26333,0.712490497561632
26334,0.9327575216194517
26335,0.8560956464803027
26336,0.253853619750169
26337,0.9764767269153916
26338,0.9178928929344967
26339,0.955657200964352
26340,0.1208534206627835
26341,0.6371278575462153
26342,0.7080248010084109
26343,0.7272889234130259
26344,0.9617842193049995
26345,0.6854817279380365
26346,0.2512610885828537
26347,0.8697507230253027
26348,0.7750439345364605
26349,0.5145631089383315
26350,0.15772011074810216
26351,0.5218867825074386
26352,0.906955518452394
26353,0.9994864960125877
26355,0.742620083413384
26356,0.11840217901910112
26357,0.7773676239321099
26358,0.8872235354253798
26359,0.21055813967510642
26360,0.95027435754438
26361,0.308512861822253
26362,0.9737336050498617
26363,0.17399914119898058
26364,0.16391955350558637
26365,0.8991600896207824
26367,0.4490236925146908
26368,0.468462128196069
26369,0.13697922995844378
26370,0.23665928197010716
26371,0.4634233731275044
26372,0.10333727911972046
26373,0.14247008064847427
26374,0.1657659385252042
26375,0.1604955022993824
26376,0.1864616518152637
26377,0.7690909839784557
26378,0.7485225356322989
26379,0.9874867501552901
26380,0.7427972688932922
26381,0.6805048406045395
26382,0.8597560618872733
26540,0.0
26800,0.0
26901,0.0
27000,0.0
27001,0.3270339475910867
27002,0.26788275759354824
27003,0.9506124383273427
27004,0.7696271937148427
27005,0.7522757766785888
27006,0.40135508326225156
27007,0.0
27008,0.8641501996030717
27009,0.3718074748296983
27010,0.2519398803362735
27011,0.7236833796100304
27012,0.7947991567062231
27013,0.812170794070755
27014,0.9508306071541482
27015,0.7920595958812505
27016,0.6656270134645392
27017,0.7916465940616103
27018,0.4295324264536083
27019,0.1454854577858236
27020,0.9369774154617309
27021,0.5415110486763912
27022,0.7217474522172009
27023,0.9214438380584391
27025,0.7877936169402713
27026,0.47635601511201975
27027,0.6156401357163794
27028,0.5570716199267511
27031,0.9549933156961468
27032,0.5492960329909957
27033,0.941239704777225
27034,0.725180538823384
27035,0.5729315009721248
27036,0.14608001853521715
27037,0.5647179132366397
27038,0.17635914572339137
27039,0.8460569144231814
27040,0.4595351758356023
27041,0.0
27042,0.45503415872867836
27043,0.3047806272009318
27044,0.9325192402730169
27045,0.3924323499777293
27046,0.5847319513445369
27047,0.17006828009630098
27048,0.12301005150276716
27049,0.4494566347506851
27050,0.48948586456504306
27051,0.48851240809867147
27052,0.5781443658784563
27053,0.8091168201628348
27054,0.26372424862832805
27055,0.9585674142578009
27056,0.5937695477277245
27057,0.9306987754724295
27058,0.7148586199814105
27059,0.4261970907454505
27061,0.5258975392374452
27062,0.895737170461275
27063,0.8410120359387246
27064,0.7284473568811466
27065,0.6291516128427568
27066,0.18466668520399293
27067,0.40758522980536593
27068,0.45210103273391355
27069,0.35584107172313645
27070,0.6410752675864236
27071,0.5256876855947146
27072,0.7536958516258035
27073,0.6053088601088379
27074,0.492934357669612
27075,0.42126473050057395
27076,0.7110921644463819
27077,0.8676505155599847
27078,0.7274687658420762
27079,0.7469408555448718
27081,0.7038735047818455
27082,0.9211789360673481
27083,0.8972880321350328
27085,0.9160476161963933
27089,0.879323671775216
27090,0.7809226559874364
27091,0.8686835082357379
27094,0.11561869552677324
27095,0.6379799018284381
27096,0.41693868202880796
27097,0.7226913050728285
27098,0.2153267287199657
27099,0.8289141550512864
27100,0.5994025953048341
27101,0.39499963853160125
27102,0.7098605619611168
27103,0.9836891799313512
27104,0.7931145168667071
27105,0.7742155471699357
27106,0.40534049407879696
27107,0.35638207747116
27108,0.22076966179956023
27109,0.5989873429662342
27110,0.4674783647585506
27111,0.7184219518461054
27112,0.21085824467495373
27113,0.49161039682412344
27114,0.7244870053296281
27115,0.11587204067150379
27116,0.34958400978959714
27117,0.3493539399012229
27118,0.9558260168906075
27119,0.7149867057500534
27120,0.9451411113027619
27123,0.7135359867003653
27124,0.9588569022072964
27125,0.5404035868123669
27126,0.48973055462511755
27127,0.9642313121285344
27129,0.40670016613351656
27130,0.2874246962554166
27131,0.0
27132,0.9179715628343086
27133,0.8408301848591919
27134,0.3973853202644583
27135,0.7786401079776787
27136,0.7435250142556096
27137,0.2652206376442418
27138,0.3678745519368376
27139,0.39581678521926655
27140,0.7690235424916152
27141,0.9172534561967342
27142,0.7608834573427491
27144,0.7166502585354022
27146,0.5306089692151973
27147,0.9510407341573835
27148,0.22053469451891428
27149,0.428096141041282
27151,0.33340588290961537
27152,0.4903410431906023
27153,0.4153370671369464
27154,0.5577642634375745
27155,0.14315943105995754
27156,0.3187067302647365
27157,0.2063609580906437
27158,0.7277239896043469
27161,0.9215394830902258
27162,0.7944868588838927
27163,0.363589450867174
27164,0.6407258297314792
27165,0.9352018251628793
27166,0.0
27167,0.46548283257888473
27168,0.7429339105307775
27169,0.712460779113917
27170,0.4560713180335666
27171,0.7062253893890587
27173,0.4772570753797755
27174,0.3851605613370257
27176,0.16397398241665948
27177,0.5836824027731876
27179,0.7747817169303841
27180,0.7240436727873408
27181,0.5543930899810366
27182,0.1307147195295082
27183,0.7210785320044485
27184,0.7469589150112516
27185,0.7329848111539511
27187,0.7663773003492866
27188,0.8311547065370496
27189,0.9349047446525416
27190,0.7233006610242372
27191,0.7638254629646636
27192,0.864124775477008
27193,0.6108791006217658
27194,0.6732990776758325
27196,0.8297904556182917
27198,0.18166314968828629
27199,0.5000672437010921
27200,0.9685921004570476
27201,0.7727731993758072
27202,0.7270526452732174
27203,0.8667589667686894
27204,0.26432323430731675
27205,0.8430106444336024
27206,0.31026282767756874
27207,0.4025015593056945
27208,0.44875950247439855
27209,0.5598841138917804
27210,0.6012667227369162
27212,0.9716608912556128
27213,0.6753310960890302
27214,0.7234236123471403
27215,0.971496988322858
27216,0.9466242999069148
27217,0.9178100467753261
27218,0.43291966991540315
27219,0.9039860724961043
27220,0.71387488569875
27222,0.4891118077561317
27224,0.7030421726525573
27226,0.33715566175831013
27227,0.40868146663714094
27228,0.4591668587194324
27229,0.8811923216627239
27230,0.9301414254093163
27231,0.7475329335530156
27232,0.2928081690406633
27233,0.784764094264814
27234,0.8742050988202852
27235,0.9469299764676864
27237,0.510838374088159
27238,0.929110954298083
27239,0.39236656355084937
27240,0.18246119038073827
27241,0.966071061530608
27242,0.11485738895200266
27243,0.7906322270503414
27245,0.09903499801364418
27246,0.6842399027707683
27247,0.822558575324731
27248,0.530824392031021
27249,0.7840168978305785
27251,0.4715766271709575
27252,0.4554717360495454
27254,0.790145688898251
27256,0.581827130618645
27258,0.5413541391938272
27259,0.7484871446741425
27260,0.5663625040684712
27261,0.8072607331140961
27263,0.7704520098576736
27265,0.0
27266,0.33282653480787144
27267,0.5651090461819679
27269,0.5377702671059982
27271,0.7141218562894286
27273,0.7327213462541219
27275,0.7375720352884794
27276,0.40908516982552384
27277,0.7282117414094509
27278,0.7412534035188764
27279,0.758914532733383
27280,0.777818139184503
27281,0.9148700138588555
27282,0.9245321166201143
27284,0.7110463618602134
27285,0.7535007404450933
27286,0.5555555555555556
27287,0.9265214803047253
27288,0.6218841684119452
27289,0.0776201184058741
27290,0.4568289476379776
27291,0.19672268060745904
27294,0.5819607716693809
27295,0.347479444097108
27298,0.9478986399650708
27299,0.8739749881433059
27300,0.5445922896727866
27301,0.5527700333653204
27302,0.9048269201494323
27304,0.443017846731619
27306,0.7563970647349404
27307,0.7151261514849372
27309,0.6780321875129968
27310,0.3084384832284854
27311,0.43367846606067956
27312,0.7624212324021112
27313,0.8322710734985582
27315,0.358267516685378
27316,0.6236900256874124
27317,0.4656754678118764
27318,0.5771291471006003
27319,0.5084128149784151
27320,0.9336201652878466
27321,0.9528897381914466
27322,0.8051977900460877
27323,0.32509857643832135
27324,0.27778011391460966
27325,0.40908664183865157
27326,0.7385893291594545
27327,0.6950413326968197
27329,0.7025864080766303
27330,0.7424836840768148
27331,0.7259948935481452
27332,0.8281836199857533
27333,0.29683722422749825
27334,0.522034338200843
27335,0.9459945604770238
27336,0.9034847757598251
27337,0.735358609253378
27338,0.1771774644817551
27339,0.9525497953423535
27340,0.8710693859924618
27341,0.12249218988996272
27342,0.9608708576583578
27343,0.7862429676864944
27345,0.40549185920807884
27346,0.7740811205795929
27347,0.8396534355303067
27348,0.8611505849131537
27349,0.5010292856032494
27350,0.5188394643331751
27351,0.8141344912405296
27353,0.9597798242758843
27354,0.6454374594398876
27355,0.7939580237186854
27358,0.7687689043443566
27359,0.47790870297192095
27360,0.5391556304992944
27361,0.6007292717653
27363,0.8235095324899109
27364,0.43035446806199723
27365,0.827364816532879
27366,0.6339986518077544
27367,0.5545567007552706
27368,0.5541772514901352
27369,0.11443505434711031
27370,0.16066077774677806
27371,0.5197358859850626
27372,0.23461856455877794
27373,0.09922474471562354
27374,0.9406935407420692
27375,0.8852597495966176
27376,0.6069033211435473
27377,0.11745035094346491
27378,0.5087701065630834
27379,0.24721038041201704
27380,0.9056614598454065
27381,0.5179210095200211
27382,0.8131445482810398
27383,0.1881401984118624
27384,0.7065420513873601
27385,0.44123404709702735
27386,0.9835611136812317
27388,0.8235220199764892
27389,0.9780539729169045
27390,0.3481830798151478
27391,0.5907886312712614
27392,0.18771984668538716
27393,0.5358155128055523
27394,0.8419963973372815
27395,0.1835194117144781
27396,0.28662230788189663
27397,0.7942070002028124
27398,0.6191278300988007
27399,0.8331114270332038
27400,0.7234516173409927
27401,0.9491787598879017
27403,0.9572018165883333
27404,0.27368137185330443
27405,0.2085350269578765
27406,0.5854442728718305
27407,0.2630047410165692
27408,0.6545184796364292
27410,0.7443668857809906
27411,0.4713691527065047
27412,0.8013967665549665
27413,0.5427547231326935
27414,0.0957963226437019
27415,0.6006865840727201
27417,0.17551920141218746
27418,0.5889204412896482
27419,0.7852051381451435
27420,0.5109100904402698
27421,0.7703470754723952
27422,0.7337605273340134
27423,0.6576773926528121
27424,0.49208486609096763
27425,0.378523523131721
27426,0.5239913420964699
27427,0.34496349657877734
27428,0.9738715723004917
27429,0.7044133858031582
27430,0.19922509560591203
27431,0.3653765412120003
27432,0.9210593009716599
27433,0.41734293465977074
27434,0.5365476355545835
27435,0.3859050183585867
27436,0.9224496099446311
27437,0.22398551054861
27438,0.42816156667855015
27439,0.8549089571288373
27440,0.7211506569452594
27441,0.5245885979424806
27442,0.21422056209380388
27444,0.5307268969581805
27445,0.5203502504514381
27446,0.9411320522354122
27447,0.9220356778954246
27448,0.7762399659750114
27451,0.9229915312955304
27453,0.3387443866289564
27454,0.33149363621126254
27455,0.5696907185440359
27456,0.8998203962269599
27457,0.15394245085188205
27458,0.8710496561855933
27459,0.5023220066834275
27460,0.3243302897998755
27462,0.3843853005119781
27463,0.6316060698601791
27464,0.6396774487532189
27465,0.7170364334896391
27466,0.4932193635611687
27467,0.34704139660207833
27468,0.5968059054205939
27469,0.8189692563087264
27470,0.8803601626502144
27471,0.7887074154445277
27472,0.9409419308098594
27473,0.715627177341263
27474,0.833774142991985
27475,0.438301849885482
27476,0.38764570219432565
27477,0.7341564619505561
27478,0.6940192307040514
27480,0.17053301215337005
27481,0.16690323006016353
27482,0.9396542152353424
27483,0.9588034434610461
27485,0.7518464107514677
27486,0.9562449117358855
27487,0.7992221867895443
27488,0.7149481573750263
27489,0.826428349302059
27490,0.5080450175196678
27492,0.4407670190501562
27493,0.8651705313767102
27495,0.7082862216222772
27496,0.21593754421015318
27497,0.5010083209749041
27498,0.595599911478657
27500,0.4959933836962965
27501,0.7749001844676184
27502,0.453776541540437
27504,0.9377226045238493
27505,0.11918133249740048
27507,0.6988253334089515
27508,0.46351689309824434
27511,0.9732725143956144
27512,0.5205772476478986
27514,0.2701299393207051
27516,0.5081325657935436
27517,0.7585802973830909
27518,0.7382481443296994
27520,0.41078965397241984
27521,0.1631027249675441
27522,0.4660219414049915
27524,0.9379806462866015
27525,0.7382548597383339
27527,0.4166624641550262
27528,0.8352949080368793
27529,0.8552489517554488
27530,0.09332623125881358
27531,0.8723211318775709
27533,0.3688895182580719
27534,0.8434178311789684
27535,0.9408766728910105
27536,0.8994390266392893
27537,0.8186194796911324
27538,0.4294793665720542
27539,0.753549892564015
27540,0.7528387544924653
27541,0.5055292835602754
27542,0.4664315897849596
27543,0.6298512051061854
27544,0.7164399827671395
27545,0.8436140970463774
27546,0.9672621218112641
27547,0.30042442935085795
27548,0.5329710989263247
27550,0.5686617510548173
27552,0.22323703608640513
27553,0.7222342751526802
27554,0.7830339019569734
27555,0.604311404559254
27556,0.16170833357386283
27557,0.5104212227684101
27558,0.8793766324175609
27560,0.7337514651841464
27561,0.5572524589720775
27562,0.8267724048035626
27563,0.37588239445178356
27564,0.3619434449712575
27565,0.1244553062368685
27567,0.356847314368615
27568,0.27412231806593707
27569,0.417926335468397
27570,0.9349230178643626
27571,0.36884475442521336
27572,0.9192661638898783
27576,0.8985651570527471
27577,0.7173917480175711
27578,0.1531427660799298
27579,0.7897765018031221
27580,0.8127490414418812
27582,0.8003529777484527
27584,0.907581817541737
27586,0.8721152224498131
27587,0.5385688723337968
27589,0.739639527516243
27590,0.12947882054892365
27591,0.4608578469582563
27592,0.38686135161491375
27593,0.8195906914766758
27594,0.5116440176595806
27595,0.7373773959827022
27597,0.6942519065248699
27598,0.8488443297865479
27599,0.717376268641452
27600,0.0
27601,0.8958739364598635
27602,0.9229995907783762
27603,0.3576976702042513
27604,0.4438528066505734
27605,0.4913918766766923
27606,0.4513689269833783
27608,0.3293736211511499
27609,0.4728095172278612
27610,0.14034142562937096
27611,0.8130378897738004
27612,0.8588525487522198
27613,0.3513542131388472
27614,0.27611062378852597
27615,0.8168226947469136
27616,0.8375523143713501
27617,0.21219416357399087
27618,0.15030853786214776
27620,0.32401380803823004
27621,0.724865353326482
27622,0.4245860649927809
27623,0.7537108669435306
27624,0.9582778755438638
27625,0.4285345514679769
27627,0.5740397673011475
27629,0.4416035940398011
27630,0.5123070726677282
27631,0.9083509898851162
27632,0.25712912996789666
27633,0.45759298769319345
27635,0.6691873855937263
27636,0.0
27638,0.7917435407061514
27640,0.8398992715913778
27641,0.952859213442321
27643,0.11289838928285967
27644,0.712615687935221
27645,0.3562148110936338
27646,0.5509474478347544
27649,0.25449859276887643
27650,0.9336996274998753
27652,0.9546449798224514
27653,0.0
27654,0.6773146288625129
27655,0.22858736606825664
27656,0.41326889721688115
27658,0.9644964234465037
27659,0.736370687048625
27660,0.26571865027420194
27661,0.8377974392351386
27662,0.48882983847918643
27663,0.6787030479957804
27664,0.08409950911683116
27665,0.7166645091423308
27666,0.9460072910415916
27667,0.6613001537822201
27668,0.7363115925718974
27669,0.341772225263201
27670,0.5954961899377051
27671,0.5239361376396794
27672,0.19536753772800072
27673,0.7424131820111821
27674,0.7451309071664843
27677,0.9693695706615263
27678,0.9161850393331327
27679,0.20881428112463082
27680,0.09318184890348362
27681,0.8230496094604196
27682,0.4949130148241235
27683,0.7408214410218623
27684,0.7999866853067535
27685,0.18977310948615894
27686,0.3620941877401577
27689,0.7241272252499223
27690,0.5204510816808077
27691,0.7098170369174799
27692,0.9693318224785392
27693,0.616593579324292
27694,0.7194736170250147
27695,0.649847490517221
27696,0.7387888758428289
27697,0.8973721985168547
27698,0.933134569482236
27699,0.872560856672946
27700,0.7906331541537439
27701,0.8190765448093746
27950,0.0
28001,0.9079996503316491
28003,0.5935417143363513
28004,0.6366025798250523
28005,0.31042497131408825
28006,0.9711764404870299
28007,0.6470467510586546
28008,0.08928997101067529
28009,0.4194449812948354
28010,0.3753549454623419
28012,0.48519728784625393
28013,0.8755856862664959
28014,0.48543462964258344
28015,0.6041781357491793
28016,0.37919549358153487
28018,0.2437099969028181
28019,0.8010789247032106
28021,0.6591024783049797
28022,0.9564680753131046
28023,0.6542056964714527
28024,0.9902853576019841
28025,0.4985641235874835
28026,0.3590491823728073
28027,0.3022791882899651
28028,0.2087462321800598
28029,0.6996775661741453
28030,0.11028447426318803
28031,0.2983092159611922
28032,0.5951007765858973
28033,0.14199285499997336
28034,0.6653767858086053
28035,0.7697770545355119
28036,0.6404369171677824
28037,0.14548346106680987
28038,0.2525058894822687
28039,0.6863057874074421
28040,0.2797127036332903
28041,0.6079214874849517
28045,0.5205410623913123
28046,0.09789841422616392
28047,0.6226394763228015
28048,0.6256490848674979
28049,0.7564944882992679
28050,0.6095759446672275
28051,0.30155508881271176
28052,0.694568177650909
28053,0.4279314707596076
28054,0.404467456139547
28055,0.37724192640933013
28056,0.5061989250072418
28057,0.4706632520006965
28058,0.531051264038973
28059,0.13026056329454094
28060,0.7278927916036044
28061,0.524662739361769
28062,0.4782081326234654
28064,0.5456205421504818
28065,0.17018276232001775
28067,0.6672629776830393
28068,0.5960608625310928
28070,0.9044398837072046
28071,0.37578386120101104
28072,0.3033538654714065
28073,0.6538951593159377
28074,0.9176234429779586
28075,0.19101180232516848
28076,0.4758271123611023
28077,0.06751733367984267
28078,0.2759467453811224
28079,0.4546539539206373
28080,0.2518342776591846
28081,0.581453719583164
28082,0.602758256476918
28084,0.795525795230605
28085,0.991317873329634
28086,0.5322034418049263
28087,0.5080404230602684
28088,0.2794725630403942
28089,0.5336000243559597
28090,0.13353550462801334
28091,0.5125253513411497
28092,0.39818025235091503
28094,0.46077664883966146
28095,0.7296690764820455
28096,0.8049363094072487
28098,0.6616738956814149
28099,0.3054072386344771
28100,0.9664585479165702
28102,0.6340450523090477
28103,0.08107812019082095
28104,0.7979290345147388
28105,0.43007621487830244
28106,0.15794241510130005
28107,0.784315794756692
28108,0.796736489273764
28109,0.4010937545428395
28110,0.9810053273721849
28111,0.23470642476828626
28113,0.5581474808833184
28114,0.3894134935376232
28116,0.6850030253130935
28117,0.5411150913240622
28118,0.5354726779928727
28119,0.5922648595517747
28120,0.3117431980254171
28121,0.8799256578312993
28122,0.7767908646635188
28123,0.6843620565053296
28124,0.35839800586554954
28126,0.1590873882206497
28127,0.48903252504689737
28128,0.7612767296180589
28129,0.48622288701704564
28130,0.09842563682830006
28132,0.1605079897263171
28134,0.868024016644472
28135,0.7028530358314672
28136,0.6254707097530612
28137,0.6593419959771142
28139,0.6011906180222786
28140,0.810434218479044
28141,0.697366783571086
28142,0.5579208165053451
28143,0.4644409329842109
28144,0.2793834364325848
28146,0.5796374665699198
28147,0.136142212053261
28148,0.07066486598619999
28149,0.07999641215986386
28151,0.12816596218158832
28153,0.18511251617163887
28154,0.9649103180675682
28155,0.5200126102725605
28156,0.13913170571330932
28157,0.7685615392365758
28158,0.973171007204418
28159,0.10833527735456942
28160,0.7528165123214302
28161,0.6768364643193293
28162,0.7010789493111554
28163,0.7113894909224011
28164,0.704061345420584
28166,0.05524104860092535
28167,0.49722181506075075
28168,0.6533761396645638
28169,0.42713061261993135
28170,0.557567872236829
28171,0.6125151915078475
28172,0.67739352018033
28173,0.9105692739836106
28175,0.3513512744714092
28176,0.4701977842720519
28177,0.8589886029186505
28178,0.47747436668375365
28180,0.7870365550580269
28182,0.4606331670086304
28183,0.4258749812014023
28184,0.370178642656837
28185,0.5072176710258006
28187,0.7620638939110281
28188,0.6373223507168265
28189,0.6449198100098087
28190,0.8527865469420522
28191,0.6933893582008968
28192,0.43205544577693156
28193,0.5314044616670675
28194,0.748287482273789
28195,0.6697347389742122
28196,0.5067209137307749
28197,0.4191062707023794
28198,0.16367817965628817
28199,0.9171372935261476
28200,0.07195100053384616
28201,0.8321404955227489
28202,0.08471474082648649
28203,0.1827765389693527
28206,0.4717101122641197
28207,0.48542819170518325
28208,0.641887204387528
28209,0.7883573652071479
28210,0.4885506300897054
28211,0.3560991501327262
28212,0.8416541036763138
28213,0.6419998868022975
28214,0.2913678113992138
28215,0.47236886171744574
28216,0.5698562997837588
28217,0.10657561406075551
28218,0.9817636282248774
28219,0.6291083396009511
28220,0.988987131649474
28221,0.8241456424443785
28222,0.6126705451469029
28223,0.6746575822214809
28225,0.6361700572693815
28226,0.4543686684054415
28227,0.688275086501533
28229,0.9648128568251961
28230,0.8777977123461869
28231,0.08977703918876956
28232,0.06628831521421746
28233,0.13873182034344014
28234,0.6479368655247236
28235,0.5126103325904124
28236,0.3290631831614681
28237,0.3720825792854592
28239,0.5074072280745817
28240,0.24051490487579735
28242,0.3988398503281044
28243,0.4225719079740325
28245,0.7766349589930069
28246,0.6601117037194587
28247,0.704728255948131
28248,0.0866737447659929
28249,0.7144107710288685
28251,0.6328749656901765
28252,0.46821091687160665
28253,0.7549916331240465
28254,0.7649329609780772
28255,0.7136624718295084
28256,0.1563504895708372
28257,0.3876743376662858
28259,0.26558408195827615
28260,0.34523081355905466
28261,0.44169887803902136
28263,0.13164021327221498
28264,0.4176480660985004
28265,0.4269754256923153
28267,0.6757686572224573
28268,0.42390477222173756
28269,0.809189268464551
28270,0.29472257591341683
28271,0.08270619977186991
28272,0.43036039141460014
28273,0.49628546673482166
28274,0.3754700395078009
28275,0.6454121423780466
28276,0.7097909471404417
28277,0.4077921230168425
28278,0.902906840935451
28279,0.6062639399437108
28280,0.08220050739970819
28281,0.7721438713923617
28282,0.3961211325397254
28283,0.191247458388579
28284,0.952821015695246
28285,0.6740677320873539
28286,0.6859703812219733
28287,0.8174044666236686
28289,0.5479417167056633
28290,0.7041492618976131
28291,0.6229069461853567
28292,0.5168551460584787
28293,0.6959917920422026
28294,0.5122675798662089
28296,0.13448869252279705
28298,0.71002250562207
28299,0.5212426295061979
28300,0.7036781427996999
28301,0.7160848477584065
28302,0.07441847974739906
28303,0.8927942146602159
28304,0.2794349937496849
28305,0.22453013614790648
28306,0.3221226021630084
28308,0.39705295014663056
28309,0.6834873907026751
28310,0.09347972311213662
28312,0.41062076823520716
28313,0.5528004006427737
28314,0.09235423781577189
28315,0.18966084342631306
28316,0.14748442182672292
28317,0.6280383323839508
28319,0.4892408214820227
28321,0.5553179860423683
28322,0.1482638178184956
28323,0.5131835845551357
28324,0.9152274693251246
28325,0.9650740233331991
28326,0.5509167353408783
28327,0.2311674248147996
28329,0.1402859780756631
28330,0.15242476135118824
28331,0.43542201336488734
28332,0.6964696511779781
28333,0.407511779274435
28334,0.16247544155285693
28335,0.11984742375405172
28336,0.40318561375613254
28337,0.9664419912097084
28339,0.6662620653331296
28341,0.5241300396302288
28342,0.26918632329535375
28343,0.5244835106989563
28344,0.6709102278007097
28346,0.354064673369551
28347,0.5277554735959552
28348,0.4483644631685234
28349,0.6007236376199374
28350,0.7471244677576477
28351,0.19803407925544414
28352,0.6826762178687261
28353,0.2106467430852806
28354,0.11066613432398777
28355,0.6940541187906054
28357,0.7246061499944538
28358,0.8355695529290028
28359,0.47198719466340666
28360,0.3908830449913803
28362,0.07193371694627311
28363,0.5196516203344507
28364,0.30009133289820444
28365,0.663980850415108
28366,0.675803341408772
28367,0.734818345542423
28368,0.09922506593872295
28369,0.5251196643730578
28370,0.49314690667802397
28371,0.922241349894558
28372,0.547127826451027
28373,0.06710028939242739
28374,0.5853475824220222
28375,0.4923994293237728
28377,0.9059469179336749
28378,0.24673491986487167
28379,0.7616638267621576
28380,0.8123014910187989
28382,0.7905458343031843
28383,0.6951240815700589
28385,0.4153808751447708
28386,0.15159121759033156
28387,0.47971178871758563
28388,0.8422656138067527
28389,0.14286647308403572
28390,0.7781828633351882
28391,0.725217600232021
28392,0.9370824648199991
28393,0.4388411438787027
28394,0.5241487804881778
28395,0.28905939070948294
28396,0.3646201208497578
28397,0.6639764390245916
28398,0.5808963150359986
28400,0.17973440936631085
28401,0.183579366557121
28403,0.851892817403292
28404,0.7398189997635926
28405,0.6022213076277245
28406,0.40485713012668006
28407,0.27667894525897685
28408,0.6825408164067797
28409,0.4230859602455982
28410,0.1648430645460219
28411,0.43450922005967085
28414,0.6348884722086423
28415,0.48438736191274784
28417,0.7486160798682315
28418,0.17049939814187018
28419,0.4748309577864323
28421,0.7667660285051398
28422,0.6734552341695393
28423,0.6900370688408927
28424,0.47347082962118536
28425,0.6362987316862424
28426,0.384232755593072
28500,0.0
28600,0.0
29000,0.0
29001,0.37948235752697296
29002,0.6240249546437862
29003,0.7221973178113713
29004,0.4424434348131657
29005,0.6287572872168603
29006,0.5935973929383945
29007,0.2581472144466417
29008,0.5615545504932219
29010,0.5296696713860533
29011,0.8575068529397115
29012,0.23215277149394117
29013,0.4015101000512642
29014,0.31601693191258523
29015,0.7435950148450557
29016,0.23914337696711677
29017,0.8406355615892724
29018,0.11892863920617021
29019,0.8827049030458853
29020,0.4153181640067555
29021,0.24380497278163282
29022,0.724136490287986
29023,0.5579836997036792
29024,0.26324193682778657
29025,0.44069365409017763
29026,0.35787041129503266
29027,0.16546728423477514
29028,0.6273202419984586
29029,0.09297891445836398
29030,0.49268694269654484
29031,0.6292832517377998
29032,0.5916268911872268
29033,0.15499860183486597
29034,0.3739975569206507
29035,0.7539866638769904
29036,0.12748200901684897
29037,0.631180828207167
29038,0.48098872662630165
29039,0.6251400886978424
29040,0.7065452993497973
29041,0.5006833229242409
29042,0.634491966272111
29043,0.569530513127653
29044,0.3086512367388967
29045,0.5867585641983911
29046,0.6702530547045685
29047,0.6191496751895982
29048,0.4055779686384447
29049,0.4684833921757789
29051,0.576499117161039
29053,0.38739828605670934
29054,0.18994207688966086
29055,0.571110415553866
29056,0.6554073447690049
29057,0.5012358860834158
29058,0.5417850255593955
29059,0.4124177731094699
29060,0.5964484000359972
29061,0.8512663308054457
29062,0.33691983221189153
29063,0.6125394538465762
29064,0.2601940931438395
29065,0.6041831753512421
29066,0.5620094729923533
29067,0.3945242814649204
29068,0.5175621447846254
29069,0.8527802069511843
29070,0.506895885228536
29071,0.6122162281257449
29072,0.5512040087407335
29073,0.46244145045625185
29074,0.5415191180490135
29075,0.9498234286698211
29076,0.8149113462593874
29077,0.21537864572726456
29078,0.2995506651721638
29079,0.5829594912274946
29080,0.37545541378204716
29081,0.21021973665845534
29082,0.35400210732591375
29083,0.2835399795896891
29084,0.3074645128752075
29085,0.683596538327778
29086,0.4191881222344418
29087,0.5812356460961245
29089,0.11773920877735145
29090,0.5617483573652495
29091,0.23659332940023015
29093,0.5853899133307449
29094,0.3498461291178344
29095,0.6086133955968343
29097,0.6172700683419269
29098,0.7270017785681966
29099,0.686531701938354
29100,0.5976892594987322
29101,0.6074077912986967
29102,0.10528891110273861
29103,0.6871327832958535
29104,0.5391943726278451
29105,0.8966387175752534
29106,0.42759426755681895
29107,0.5284424219260548
29108,0.6274044771450212
29109,0.48017031078025063
29110,0.5325492144035929
29111,0.41876980182883317
29112,0.6792337252323462
29113,0.5701674682041308
29114,0.3190484461097381
29115,0.2092858743871598
29116,0.34987154015149796
29117,0.6900631769309588
29119,0.8393887643928509
29120,0.6683695346889601
29122,0.18006296086901688
29123,0.14254703582604666
29124,0.3048876483554199
29125,0.11751509105435626
29126,0.6158529325410781
29128,0.5062585192247302
29130,0.8482955341240004
29131,0.49491962994643346
29132,0.5321057536258381
29133,0.506106660567717
29134,0.6092666070970574
29135,0.5621647958790508
29136,0.5990945051253156
29137,0.581527829754759
29139,0.26027798371797023
29140,0.5835614057633423
29141,0.16971427677205284
29142,0.2995074278655816
29143,0.5738057468998947
29144,0.4391220213718341
29145,0.6326075072443953
29146,0.3395486578146021
29147,0.6191277568521566
29148,0.5603450943920596
29150,0.4953737039632432
29151,0.6339255103798822
29152,0.13408818425534463
29153,0.38024732322857285
29155,0.08262584181578159
29156,0.606533987789514
29158,0.459409812731234
29159,0.6207071709192813
29160,0.7040113477628813
29161,0.5668988073327017
29162,0.2569349780475348
29163,0.5122811733411698
29165,0.574809416360807
29166,0.4956558918293812
29167,0.6274045947945948
29168,0.6291256998484727
29169,0.5167800914653222
29170,0.6082147170717935
29171,0.5727452883815081
29172,0.43100921284515964
29173,0.5924031871047527
29174,0.613452228380049
29175,0.15933352386203042
29176,0.5848183924404661
29177,0.8445618395172371
29178,0.7751279344511575
29179,0.6463331415614363
29180,0.48877840576843073
29181,0.618435512863539
29182,0.3842758503079551
29183,0.3083302774829307
29184,0.577439795998132
29185,0.4844611988429275
29186,0.4478528047462528
29187,0.49370925226966733
29188,0.41805287945724584
29189,0.6621949938156343
29190,0.7490041116393223
29191,0.375682881961035
29192,0.6088705693679587
29193,0.5878257164525903
29195,0.5080117480872116
29196,0.7746555793883224
29197,0.6969172969563854
29198,0.3848525991205411
29199,0.411398952586722
29200,0.0
29201,0.8443248572465538
29202,0.4871227259041681
29204,0.3479104463950133
29205,0.15888804661205547
29206,0.4488403121943112
29207,0.5303874831110019
29208,0.8151523230343123
29209,0.69436581507994
29210,0.5511716009050392
29211,0.1582883339562202
29212,0.8534100967230731
29213,0.5425049253505645
29214,0.5235145539325416
29215,0.5726351244001417
29216,0.593455962432204
29217,0.3083513720037239
29218,0.6751902137891478
29220,0.7109542580144289
29221,0.5498414798812039
29222,0.3323206069715768
29224,0.6409650719613188
29225,0.5543720853565786
29226,0.5798525113959376
29227,0.15545436935080245
29228,0.7134592248702976
29229,0.4962824253147143
29230,0.421926525725214
29232,0.7136690410557716
29233,0.6393845324721087
29234,0.5921341542477949
29235,0.7531570018773783
29236,0.4815268417462665
29237,0.4068085607755203
29238,0.7919440197275915
29239,0.6125345416607801
29240,0.2974037552805783
29241,0.39001594849997745
29243,0.3179716606181519
29244,0.3813139196144542
29245,0.6217063789623215
29246,0.4412073220409278
29247,0.5962742281074812
29248,0.2616713756315771
29249,0.10075298870470906
29250,0.104885623545284
29251,0.4201417196716582
29252,0.4911739940482901
29253,0.0
29254,0.8544963244840909
29255,0.3908918301432864
29256,0.3406427981888029
29257,0.6892472438238203
29259,0.7652435293475484
29260,0.8670403968585405
29261,0.4467800530825432
29262,0.5001549725208836
29263,0.3082194518127726
29264,0.4254198631577117
29265,0.5883285168761043
29266,0.4834477013025535
29267,0.16836591082810798
29268,0.6232816215100424
29269,0.4067305328794136
29270,0.6044391002975905
29271,0.4813194982705385
29272,0.45227025667848564
29273,0.590469046981114
29274,0.18145308473962157
29275,0.1915298069318853
29276,0.6012313795508659
29277,0.49725673164032674
29278,0.10162893102735894
29279,0.6088469998726395
29280,0.4132854426285487
29281,0.5128835728926637
29282,0.7245820426920896
29284,0.510360504562439
29285,0.5354834568222286
29286,0.5011435998533691
29287,0.4326775920229565
29288,0.6084861434891016
29289,0.3010236941307927
29290,0.737234102974604
29291,0.39661923480002587
29292,0.43274159340815127
29293,0.39567916851616786
29294,0.4497088607443562
29295,0.5916069721332763
29296,0.6222882169694144
29297,0.6042681640647651
29298,0.4887816562440334
29299,0.7966726187787714
29300,0.4176267707691764
29301,0.5452788626524904
29302,0.25284045947735717
29350,0.0
29360,0.0
29390,0.0
29400,0.0
29460,0.0
29470,0.0
29490,0.0
29500,0.0
29520,0.0
29530,0.0
29540,0.0
29560,0.0
29600,0.0
29710,0.0
29900,0.0
2A001,0.0
2A004,0.0
2A006,0.0
2A008,0.0
2A011,0.0
2A014,0.0
2A017,0.0
2A018,0.0
2A019,0.0
2A021,0.0
2A022,0.0
2A024,0.0
2A026,0.0
2A027,0.0
2A028,0.0
2A031,0.0
2A032,0.0
2A035,0.0
2A038,0.0
2A040,0.0
2A041,0.0
2A048,0.0
2A056,0.0
2A060,0.0
2A061,0.0
2A062,0.0
2A064,0.0
2A065,0.0
2A066,0.0
2A070,0.0
2A071,0.0
2A085,0.0
2A089,0.0
2A090,0.0
2A091,0.0
2A092,0.0
2A094,0.0
2A098,0.0
2A099,0.0
2A100,0.0
2A103,0.0
2A104,0.0
2A108,0.0
2A114,0.0
2A115,0.0
2A117,0.0
2A118,0.0
2A119,0.0
2A127,0.0
2A128,0.0
2A129,0.0
2A130,0.0
2A131,0.0
2A132,0.0
2A133,0.0
2A139,0.0
2A141,0.0
2A142,0.0
2A144,0.0
2A146,0.0
2A154,0.0
2A158,0.0
2A160,0.0
2A163,0.0
2A174,0.0
2A181,0.0
2A186,0.0
2A189,0.0
2A191,0.0
2A196,0.0
2A197,0.0
2A198,0.0
2A200,0.0
2A203,0.0
2A204,0.0
2A209,0.0
2A211,0.0
2A212,0.0
2A215,0.0
2A228,0.0
2A232,0.0
2A240,0.0
2A247,0.0
2A249,0.0
2A253,0.0
2A254,0.0
2A258,0.0
2A259,0.0
2A262,0.0
2A266,0.0
2A268,0.0
2A269,0.0
2A270,0.0
2A271,0.0
2A272,0.0
2A276,0.0
2A278,0.0
2A279,0.0
2A282,0.0
2A284,0.0
2A285,0.0
2A288,0.0
2A295,0.0
2A300,0.0
2A308,0.0
2A310,0.0
2A312,0.0
2A322,0.0
2A323,0.0
2A324,0.0
2A326,0.0
2A330,0.0
2A331,0.0
2A336,0.0
2A345,0.0
2A348,0.0
2A349,0.0
2A351,0.0
2A357,0.0
2A358,0.0
2A359,0.0
2A360,0.0
2A362,0.0
2A363,0.0
2B002,0.0
2B003,0.0
2B005,0.0
2B007,0.0
2B009,0.0
2B010,0.0
2B012,0.0
2B013,0.0
2B015,0.0
2B016,0.0
2B020,0.0
2B023,0.0
2B025,0.0
2B029,0.0
2B030,0.0
2B033,0.0
2B034,0.0
2B036,0.0
2B037,0.0
2B039,0.0
2B042,0.0
2B043,0.0
2B045,0.0
2B046,0.0
2B047,0.0
2B049,0.0
2B050,0.0
2B051,0.0
2B052,0.0
2B053,0.0
2B054,0.0
2B055,0.0
2B057,0.0
2B058,0.0
2B059,0.0
2B063,0.0
2B067,0.0
2B068,0.0
2B069,0.0
2B072,0.0
2B073,0.0
2B074,0.0
2B075,0.0
2B077,0.0
2B078,0.0
2B079,0.0
2B080,0.0
2B081,0.0
2B082,0.0
2B083,0.0
2B084,0.0
2B086,0.0
2B087,0.0
2B088,0.0
2B093,0.0
2B095,0.0
2B096,0.0
2B097,0.0
2B101,0.0
2B102,0.0
2B105,0.0
2B106,0.0
2B107,0.0
2B109,0.0
2B110,0.0
2B111,0.0
2B112,0.0
2B113,0.0
2B116,0.0
2B120,0.0
2B121,0.0
2B122,0.0
2B123,0.0
2B124,0.0
2B125,0.0
2B126,0.0
2B133,0.0
2B134,0.0
2B135,0.0
2B136,0.0
2B137,0.0
2B138,0.0
2B140,0.0
2B143,0.0
2B145,0.0
2B147,0.0
2B148,0.0
2B149,0.0
2B150,0.0
2B152,0.0
2B153,0.0
2B155,0.0
2B156,0.0
2B157,0.0
2B159,0.0
2B161,0.0
2B162,0.0
2B164,0.0
2B165,0.0
2B166,0.0
2B167,0.0
2B168,0.0
2B169,0.0
2B170,0.0
2B171,0.0
2B172,0.0
2B173,0.0
2B175,0.0
2B176,0.0
2B177,0.0
2B178,0.0
2B179,0.0
2B180,0.0
2B182,0.0
2B183,0.0
2B184,0.0
2B185,0.0
2B187,0.0
2B188,0.0
2B190,0.0
2B192,0.0
2B193,0.0
2B194,0.0
2B195,0.0
2B199,0.0
2B201,0.0
2B202,0.0
2B205,0.0
2B206,0.0
2B207,0.0
2B208,0.0
2B210,0.0
2B213,0.0
2B214,0.0
2B216,0.0
2B217,0.0
2B218,0.0
2B219,0.0
2B220,0.0
2B221,0.0
2B222,0.0
2B223,0.0
2B224,0.0
2B225,0.0
2B226,0.0
2B227,0.0
2B229,0.0
2B230,0.0
2B231,0.0
2B233,0.0
2B234,0.0
2B235,0.0
2B236,0.0
2B238,0.0
2B239,0.0
2B241,0.0
2B242,0.0
2B243,0.0
2B244,0.0
2B245,0.0
2B246,0.0
2B248,0.0
2B250,0.0
2B251,0.0
2B252,0.0
2B255,0.0
2B256,0.0
2B257,0.0
2B260,0.0
2B261,0.0
2B263,0.0
2B264,0.0
2B265,0.0
2B267,0.0
2B273,0.0
2B274,0.0
2B275,0.0
2B277,0.0
2B280,0.0
2B281,0.0
2B283,0.0
2B286,0.0
2B287,0.0
2B289,0.0
2B290,0.0
2B291,0.0
2B292,0.0
2B293,0.0
2B296,0.0
2B297,0.0
2B298,0.0
2B299,0.0
2B301,0.0
2B302,0.0
2B303,0.0
2B304,0.0
2B305,0.0
2B306,0.0
2B307,0.0
2B309,0.0
2B311,0.0
2B313,0.0
2B314,0.0
2B315,0.0
2B316,0.0
2B317,0.0
2B318,0.0
2B319,0.0
2B320,0.0
2B321,0.0
2B327,0.0
2B328,0.0
2B329,0.0
2B332,0.0
2B333,0.0
2B334,0.0
2B335,0.0
2B337,0.0
2B338,0.0
2B339,0.0
2B340,0.0
2B341,0.0
2B342,0.0
2B343,0.0
2B344,0.0
2B346,0.0
2B347,0.0
2B350,0.0
2B352,0.0
2B353,0.0
2B354,0.0
2B355,0.0
2B356,0.0
2B361,0.0
2B364,0.0
2B365,0.0
2B366,0.0
30000,0.0
30001,0.45689119854294113
30002,0.3450452118529185
30003,0.7995813172755628
30004,0.8740466603781145
30005,0.660223745264123
30006,0.8492449179784457
30007,0.6146476920676062
30008,0.545140398186403
30009,0.4405027767929951
30010,0.5408220110438857
30011,0.975429195979409
30012,0.8229791578914405
30013,0.665003580445123
30014,0.7155559649110633
30015,0.3824525213038719
30016,0.4153228101781234
30017,0.3904788693057494
30018,0.7186465168669119
30019,0.8471215496753437
30020,0.903391214025234
30021,0.596716308718683
30022,0.1704644776451852
30023,0.844459897321407
30024,0.568082680666074
30025,0.3432957509155566
30026,0.6371462589776389
30027,0.5096278494772699
30028,0.9550448386809117
30029,0.7530818462738762
30030,0.4152431179008674
30031,0.858042297093645
30032,0.975456819720473
30033,0.8825626376208419
30034,0.8345892540368123
30035,0.37946489012066137
30036,0.8728005620285935
30037,0.27565234449565135
30038,0.3723598086986445
30039,0.8388444970983032
30040,0.3696452587199372
30041,0.886675219609152
30042,0.49884335445507666
30043,0.8761825551740087
30044,0.17464529229425088
30045,0.18329877116862134
30046,0.297861558573515
30047,0.9228047821813905
30048,0.5618728487079762
30049,0.8509214862824331
30050,0.3403399707258417
30051,0.20791420389039664
30052,0.43315703583793247
30053,0.37316290969852234
30054,0.22389455112787165
30055,0.5297841445435103
30056,0.47552019256830474
30057,0.8632537345370871
30058,0.5025795659949547
30059,0.8549745822685035
30060,0.9464048599625032
30061,0.776146075550674
30062,0.8481408496762989
30064,0.2763573582413156
30065,0.40714167031749465
30066,0.3140515333210122
30067,0.8759938853918557
30068,0.3828299099895432
30069,0.6979820365704716
30070,0.6719246517723492
30071,0.3755616068025476
30072,0.36586604569465486
30073,0.9206024662840828
30074,0.2658142339183441
30075,0.9912399682031889
30076,0.9339731345188806
30077,0.3784007331199376
30079,0.13486202976451114
30080,0.118468667948355
30081,0.9179565026395239
30082,0.8851008261707719
30083,0.8624170292187288
30084,0.9190371445531234
30085,0.8361382431751334
30086,0.36805200664119514
30087,0.327328507076835
30088,0.7671663694071076
30089,0.8396981697192537
30090,0.17418748320801042
30091,0.8432139103658137
30092,0.9520967960731959
30093,0.3979620111112588
30094,0.48290189489106844
30095,0.5217577937305101
30096,0.9214496018981535
30097,0.2866006505650034
30098,0.6519233898902952
30099,0.4016857777784873
30100,0.32011241472118995
30101,0.3915732062320846
30102,0.8087948027115819
30103,0.8036242853659009
30104,0.29510778844054764
30105,0.2394998372532266
30106,0.45863958301737934
30107,0.8435216681076075
30108,0.20796168327871142
30109,0.4219357399230386
30110,0.9262711286658986
30111,0.41453640531828106
30112,0.7929615002499506
30113,0.4664496645963646
30114,0.6719513270045355
30115,0.7937275642264502
30116,0.6242679836767473
30117,0.7349758074537498
30119,0.5097173027570591
30120,0.22540941021135455
30121,0.5992682560825013
30122,0.811916993204487
30123,0.9309074532867211
30124,0.36147735082039306
30125,0.8989581482631854
30126,0.6737571574411969
30127,0.9461464898786095
30128,0.9085543091472943
30129,0.4682562501009879
30130,0.13154120372251776
30131,0.7449626040455094
30132,0.24929621818520167
30133,0.6135616309794832
30134,0.3224165239181418
30135,0.8523330131525385
30136,0.7635873382804457
30137,0.2610293927621578
30138,0.8818642516369756
30139,0.2063389787302466
30140,0.4116237168048708
30141,0.8937507486123902
30142,0.28599453650559226
30143,0.653201209688535
30144,0.6226427108993584
30145,0.7905086368680813
30146,0.4137605094132225
30147,0.44210699249726104
30148,0.3727819020074865
30149,0.9813952066475023
30150,0.41068209553764556
30151,0.8906497004011444
30152,0.5780517603845214
30153,0.16206295608026564
30154,0.4364622280075284
30155,0.9082012333576414
30156,0.9527211841006801
30158,0.380280567488984
30159,0.29614483312857515
30160,0.5608160663786912
30161,0.3621191324403691
30162,0.4507657151838348
30163,0.3163244897095994
30164,0.836623844730896
30165,0.4984410656046536
30166,0.8179264944551924
30167,0.4131490673496052
30168,0.398077194372049
30169,0.9192866679353474
30170,0.4930225911118118
30171,0.4114454382333489
30172,0.38044239484605114
30173,0.4942583237531123
30174,0.48370337191169005
30175,0.4134266656684118
30176,0.381602082756562
30177,0.4351553616008551
30178,0.8790334069329365
30179,0.7873620965767634
30180,0.7453396272382976
30181,0.3760039648712076
30182,0.894191822099515
30183,0.3054487997443646
30184,0.45839813959889575
30185,0.8598265833521092
30186,0.8699061049975811
30187,0.5378973651037455
30188,0.35980941849401016
30189,0.9966745445391921
30191,0.8898698184383973
30192,0.34916053049813267
30193,0.8750649734337503
30194,0.18514471621238418
30195,0.2029265316153564
30196,0.9161049705169639
30197,0.49641131119105003
30198,0.18603932160281417
30199,0.8325787173295027
30200,0.8453038094723963
30201,0.17188347696677314
30202,0.6924249166486371
30203,0.23201376818791788
30204,0.5401250527548777
30205,0.8724857964203293
30206,0.9038659964889787
30207,0.5315028917706387
30208,0.3936225531889742
30209,0.8894600778426295
30210,0.36179491882815923
30211,0.8677958506306129
30212,0.9346818497196814
30213,0.2760703414921916
30214,0.40832630314004875
30215,0.5622008411377285
30216,0.31585518914038674
30217,0.822369988499549
30218,0.4911194830886636
30219,0.7525133519100499
30220,0.6125080290977101
30221,0.865442433435685
30222,0.9056482119652134
30223,0.4707131442195011
30224,0.7772019041474022
30225,0.8951964359822442
30226,0.678665740028195
30227,0.6122215413267231
30228,0.8663167706753766
30229,0.4110925938944199
30230,0.7443843660772027
30231,0.16262872037820528
30232,0.9124155126393895
30233,0.7653977495418448
30234,0.37802606631950403
30235,0.7920288978236506
30236,0.5199177566988951
30237,0.4088246568948514
30238,0.8631728314123985
30239,0.18079914709371517
30240,0.35468220447123716
30241,0.7839226157940389
30242,0.7162116067149543
30243,0.6657125042527875
30244,0.686190275534144
30245,0.872874222845796
30246,0.46466718443146915
30247,0.5498126793402617
30248,0.5374585776300018
30249,0.8792210869750474
30250,0.3993381439034307
30251,0.8780921782341718
30252,0.5124980268139284
30253,0.3569037750759385
30254,0.983221670727564
30255,0.7112585193638384
30256,0.9099631102048306
30257,0.9079723053012674
30258,0.8547962127601086
30259,0.5422665683060912
30260,0.6746927784688962
30261,0.4224047668695168
30262,0.6541660504113617
30263,0.46683039752491173
30264,0.3898304751440863
30265,0.42931174191125265
30266,0.5391503172910125
30267,0.3899861254589392
30268,0.4516328454393708
30269,0.43634294804682894
30270,0.4561599814919437
30271,0.5211344211124935
30272,0.6031081510028057
30273,0.6956117489337569
30274,0.3927564247342921
30275,0.4847787999485617
30276,0.7297316268319224
30277,0.6537535300495376
30278,0.9793577474396333
30279,0.760799582024748
30280,0.8032703058183878
30281,0.8534454824320711
30282,0.7309139836942902
30283,0.3189624672268087
30284,0.40167202956161013
30285,0.3804151807908217
30286,0.7084496571517105
30287,0.9060719459397525
30288,0.6967065440595799
30289,0.4281888412677534
30290,0.6851856698726498
30291,0.3453218594791028
30292,0.9329249110133327
30293,0.5820640746124774
30294,0.5324545825621094
30295,0.514407381246714
30296,0.37778645714235054
30297,0.18620324383808778
30298,0.4204710075856003
30299,0.6566679932648809
30300,0.36999089977658667
30301,0.6597728351445449
30302,0.9241654252649251
30303,0.5496428944633667
30304,0.6985538979316932
30305,0.5007992151277659
30306,0.7241270494753587
30307,0.2761056499333892
30308,0.8779895604893683
30309,0.4594773307825418
30310,0.23638698380987166
30311,0.43691335778499446
30312,0.9217186968413457
30313,0.5175842675072838
30314,0.39255142629780027
30315,0.7919922079012155
30316,0.14139869260325458
30317,0.9686977271595263
30318,0.49987142279777363
30319,0.39321172369379487
30320,0.5011075067524937
30321,0.7567379994257039
30322,0.25926064715255726
30323,0.3133652141972604
30324,0.8428700958482478
30325,0.47837449773678986
30326,0.8531402553544774
30327,0.5184649727740702
30328,0.6946972921599777
30329,0.4849553365245797
30330,0.4941338995571412
30331,0.9285854077063405
30332,0.2473321456078731
30333,0.8670394344009281
30334,0.7487921647825535
30335,0.5001234734938561
30336,0.7075484375362943
30337,0.8867181629151819
30338,0.507176396444846
30339,0.4075555400642595
30340,0.6484348673854792
30341,0.6695779235029463
30342,0.864573491825041
30343,0.7744761317910396
30344,0.8684231997615711
30345,0.1504277672514169
30346,0.6561946951673172
30347,0.8503833316857232
30348,0.35982823267664904
30349,0.6359843561987598
30350,0.6089759074710289
30351,0.9933938748809992
30352,0.7590815570240382
30353,0.2537429016681082
30354,0.34442916401328216
30355,0.9190913719510405
30356,0.9215469232109543
30500,0.0
30540,0.0
30670,0.0
30800,0.0
30980,0.0
31001,0.05296052313586239
31002,0.5002783463328541
31003,0.9348663410539932
31004,0.7303853793967683
31005,0.3904887768660004
31006,0.4515512856791197
31007,0.12067025238700613
31008,0.045123732072991286
31009,0.3970625655542291
31010,0.23618060810032018
31011,0.5164250853748252
31012,0.5717954241853712
31013,0.5831080742392704
31014,0.4515213737842057
31015,0.06969151407221921
31017,0.0822323303407845
31018,0.47683700190898093
31019,0.17298391909617877
31020,0.5955330115574298
31021,0.65376596640083
31022,0.9498634003509308
31023,0.5453758577435199
31024,0.776475216758594
31025,0.9381145858159761
31026,0.7471976199714364
31027,0.40839731898546777
31028,0.47868319470171056
31029,0.8066873896926468
31030,0.14156824481792923
31031,0.5880873629568585
31032,0.9959123950473792
31033,0.7621225068096107
31034,0.46234249795157617
31035,0.9459877343095984
31036,0.9252502443257998
31037,0.6095317327401991
31038,0.6370348814978132
31039,0.1355213459383937
31040,0.1609976785771773
31041,0.3831493750120784
31042,0.4807636372266114
31043,0.5559364809641114
31044,0.9568325814763214
31045,0.48912207052545154
31046,0.13128149082473756
31047,0.20967957753990396
31048,0.745746205963237
31049,0.9092170496345031
31050,0.4926566007660264
31051,0.32976348003299655
31052,0.610343979013954
31053,0.9305425612449205
31054,0.554467413525799
31055,0.5936570498669576
31056,0.9622275403763375
31057,0.9121810107482865
31058,0.8296261795771972
31059,0.14311405053725293
31060,0.5937661025006998
31061,0.6684575593190247
31062,0.10586591583209536
31063,0.1327412210934224
31064,0.25977245868219967
31065,0.3048333634132167
31066,0.6965951256709221
31067,0.1221515736971709
31068,0.27054976484338433
31069,0.9978624219365955
31070,0.5478154581178513
31071,0.2513231463599683
31072,0.0598748814218651
31073,0.7453932574126296
31074,0.965492411996451
31075,0.4862233807423984
31076,0.6482648881276134
31077,0.8904797958967757
31078,0.3746408761304657
31079,0.8782390206106853
31080,0.05350551557971164
31081,0.2411343310226447
31082,0.9716644066935699
31083,0.48330168913518534
31084,0.31325510237150245
31085,0.06836199895805224
31086,0.4779631083913187
31087,0.16710271343687413
31088,0.886546221804644
31089,0.813666938122306
31090,0.0824089559421337
31091,0.9227383965893734
31092,0.13923675724980883
31093,0.6987976659194463
31094,0.6345898305617199
31095,0.6413094210005839
31096,0.04913058212762503
31097,0.4603387462175499
31098,0.09150089636118784
31099,0.4918386829369209
31100,0.3758862966623263
31101,0.606417486543506
31102,0.9072995894406395
31103,0.2466252576033665
31104,0.5543260179775883
31105,0.6960926256155441
31106,0.8763333895437028
31107,0.3061010959123017
31108,0.5549708292981131
31109,0.4916721158613526
31110,0.35311474703391177
31111,0.25342241025159484
31112,0.44758089688359187
31113,0.938798329018743
31114,0.5166996049034615
31115,0.12131125358839666
31116,0.9363792725813882
31117,0.9130282748041689
31118,0.914093823230975
31119,0.1787945997452628
31120,0.577861157134186
31121,0.4987643855898497
31122,0.10897232043543315
31123,0.19693682827978173
31124,0.5188057462320412
31125,0.2647076426475287
31126,0.13966660410720536
31127,0.2237598391791367
31128,0.40570606893735617
31129,0.4298838236786617
31130,0.5347400417574617
31131,0.5311366786593194
31132,0.14512930789302142
31133,0.2498086686564665
31134,0.47706582478391696
31135,0.21802404678250956
31136,0.9087230374611021
31137,0.6112624511817706
31138,0.5522028760239677
31139,0.19042454026400502
31140,0.5001977366526177
31141,0.5832038948597361
31142,0.16495193120448806
31143,0.5505531072807801
31144,0.22228168126134776
31145,0.48605114800994825
31146,0.22605200740127243
31147,0.8134767076004804
31148,0.9135608714376449
31149,0.9651461977657985
31150,0.9970948849394804
31151,0.9111870377356764
31152,0.0791317170684187
31153,0.18236446499260509
31155,0.5916409192273415
31156,0.08276230908710651
31157,0.9466788319154361
31158,0.33481922108226664
31159,0.5662083647723883
31160,0.9866694123660035
31161,0.9257737751119994
31162,0.923694525555041
31163,0.9951863948746094
31164,0.37078057709333617
31165,0.8220222603196907
31166,0.23620359671647678
31167,0.6756963135947032
31168,0.09415346455757372
31169,0.9190955527930735
31170,0.512596343814112
31171,0.8910466825419738
31172,0.47822091790096627
31173,0.40395348730414865
31174,0.511442923416039
31175,0.8798126872236743
31176,0.1906418021770794
31177,0.12069684914508098
31178,0.11431778704191362
31179,0.3300754171258944
31180,0.6118419244952068
31181,0.4431722882019564
31182,0.9458016135639729
31183,0.5102378910435953
31184,0.9421987683190209
31185,0.5940387709034992
31186,0.9472826391549576
31187,0.8833341810937579
31188,0.7898649696851138
31189,0.261156886881196
31190,0.05695847165615917
31191,0.1313511129411976
31192,0.8472348854423105
31193,0.17104048658222248
31194,0.8478403606720457
31195,0.11733184804906589
31196,0.1257746598146649
31197,0.49816223515133595
31198,0.3674653083036402
31199,0.21458549522592346
31200,0.3677186980096845
31201,0.07014677716844481
31202,0.8600422273329886
31203,0.9252062871578297
31204,0.10988408636672924
31205,0.9356846011323015
31206,0.3709648875623595
31207,0.3828356966994667
31208,0.5660928938156342
31209,0.6177719108198275
31210,0.5724466081685912
31211,0.9060796418361805
31212,0.8919526773315138
31213,0.2887379566089303
31215,0.9854985300784248
31216,0.742775519123233
31217,0.4561508132806726
31218,0.2652954382078801
31219,0.17940793333159502
31220,0.3723265098059132
31221,0.2976549629192321
31222,0.14376378575448828
31223,0.09255673593377656
31224,0.5866236881634553
31225,0.18042667772449203
31226,0.19691121296074737
31227,0.9294212110691474
31228,0.9823155700777682
31229,0.19530587230570975
31230,0.9284190347388779
31231,0.4767130868343122
31232,0.8866772571182369
31233,0.8471416625268584
31234,0.4639111953557485
31235,0.15987088214861142
31236,0.5150798839002179
31237,0.4583810932364619
31238,0.5695598455909836
31239,0.07033228494385962
31240,0.8365444461731905
31241,0.6442905512736723
31242,0.2881069788644209
31243,0.4725303591811008
31244,0.2570170958785106
31245,0.5198966273259513
31246,0.5738661119087847
31247,0.581088054132882
31248,0.9188230613772176
31249,0.7489133815392789
31250,0.21154784165832316
31251,0.11011022957284022
31252,0.9259411007053905
31253,0.6740610055313123
31254,0.9535847692318288
31255,0.4757070396900998
31256,0.8261430439737595
31258,0.27678644388354773
31259,0.9357954906628837
31260,0.4165905279662807
31261,0.18803279353009653
31262,0.586735278209978
31263,0.8339950120009332
31264,0.536227621420109
31265,0.3084891220659183
31266,0.2732760581763767
31267,0.14988917784963465
31268,0.5788541851864534
31269,0.8143780390953046
31270,0.8537216814933255
31271,0.9869133490682677
31272,0.21231837626543815
31273,0.9360830161978398
31274,0.6291771557809984
31275,0.08407793812228244
31276,0.5468555231447032
31277,0.7561214716254087
31278,0.6336231894019047
31279,0.20692646305105677
31280,0.2533150575323005
31281,0.7630084208159492
31282,0.952258121478242
31283,0.21572982868652255
31284,0.93689563197127
31285,0.9893366845890801
31286,0.17661448133768942
31287,0.365620825130175
31288,0.710283737990367
31289,0.3437459859474629
31290,0.1393162209144419
31291,0.878868763719676
31292,0.13452262525605493
31293,0.9236470482091018
31294,0.7118046690740693
31295,0.5538443076397447
31296,0.5012365445108675
31297,0.8208093529585392
31299,0.5144860116146502
31300,0.7325347802661684
31301,0.48345561412317917
31302,0.553550535369699
31303,0.3700761169958736
31304,0.23550357858536006
31305,0.5545825672496165
31306,0.4040877295772766
31308,0.3982459060881873
31309,0.1055514799741773
31310,0.5782827972239375
31311,0.7885139920902444
31312,0.2076567673285852
31313,0.5381842712028077
31314,0.339235383889714
31315,0.522493564573624
31316,0.15415055699768973
31317,0.17308469437206842
31318,0.35756784818218246
31319,0.7266863706763331
31320,0.3728631523366493
31321,0.38756994055251487
31322,0.06865335840418901
31323,0.615254065468807
31324,0.28150822618039184
31325,0.8429436467248637
31326,0.2661227421421079
31327,0.15801054109904078
31328,0.6707004582145427
31329,0.46125510358514393
31330,0.47311935523044674
31331,0.9550834565497872
31332,0.5824795737580689
31333,0.05542493719794171
31334,0.417236352246034
31335,0.20892430403780057
31336,0.3477034563323645
31337,0.06156279031285637
31338,0.7467392739279252
31339,0.7560581026247759
31340,0.9406600012760156
31341,0.991042673022681
31342,0.5480626823295472
31343,0.06716210989892865
31344,0.8178130873135777
31345,0.7228553775259775
31346,0.6802752844534333
31347,0.060664750724613865
31348,0.44822571224834556
31349,0.18751540866992486
31350,0.4727188029376387
31351,0.9905887608341482
31352,0.9385921925600926
31353,0.2019624724241168
31354,0.5151273815017188
31355,0.946223742030534
31356,0.9796385409298171
31357,0.5110889720872233
31358,0.8345982941726261
31359,0.20364653627241405
31360,0.2912752863848945
31361,0.35906274234359004
31362,0.14059190584202305
31363,0.029203505855100793
31364,0.9428915482886703
31365,0.12536388163990161
31366,0.8855506541462215
31367,0.14220093020667637
31368,0.5799953686339177
31369,0.406279160739508
31370,0.10539622165742829
31371,0.5969751085378939
31372,0.510893012222246
31373,0.04325150025095397
31374,0.605603625608964
31375,0.19941412659992508
31376,0.5003117847140375
31377,0.5940239616155312
31378,0.564476705386838
31379,0.32029529692796616
31380,0.48513653032406334
31381,0.8630129029063969
31382,0.2595636497107223
31383,0.8617286817173971
31384,0.9014490558555099
31385,0.552782716703236
31386,0.4263702386381419
31387,0.13495811644713748
31388,0.7552218383793208
31389,0.9432292788805133
31390,0.5502207973563321
31391,0.45642230726008326
31392,0.7250803370165428
31393,0.5953770951720057
31394,0.4097450482681251
31395,0.762686031535092
31396,0.569107593771499
31397,0.04970563338872567
31398,0.5471451518262814
31399,0.36299410040905766
31400,0.48915792328153795
31401,0.8027166060290211
31402,0.9053624306307733
31403,0.8787650467801533
31404,0.27621902332325554
31405,0.36757948809756186
31406,0.14200890356655127
31407,0.8566047645697835
31408,0.609843215210372
31409,0.9261603115481426
31410,0.9359169423436368
31411,0.9516781094784055
31412,0.045352012892292494
31413,0.2546766497770186
31414,0.09887160727448484
31415,0.4795468482566847
31416,0.2600308222702266
31417,0.9114300549280927
31418,0.9484833767047647
31419,0.21049558359241954
31420,0.9387876701946006
31421,0.9220004798605842
31422,0.13726481667720597
31423,0.24612696118146943
31424,0.9176143301864167
31425,0.14179968311951244
31426,0.6340555092021023
31427,0.6899631801586004
31428,0.10663188678751964
31429,0.9186743839314089
31430,0.655551044176181
31431,0.10231408562731349
31432,0.3129823363330054
31433,0.9607248108299984
31434,0.2716536679476432
31435,0.4004530946380179
31436,0.18978571793467439
31437,0.8407065015336753
31439,0.8799328462125565
31440,0.4795364974535224
31441,0.9159956748378315
31442,0.6023698025430061
31443,0.053297652670500316
31444,0.341276635466416
31445,0.9441416016163142
31446,0.9566774561880114
31447,0.48997238521677694
31448,0.935019389449039
31449,0.6288718117571885
31450,0.5919190213286984
31451,0.6702361577919095
31452,0.7397613703593001
31453,0.5894983716359952
31454,0.29479792440394326
31455,0.1972730813268332
31456,0.11740931232770295
31457,0.3049030955179639
31458,0.9057880079660884
31459,0.6820809322634013
31460,0.9163502552386726
31461,0.5031304015732451
31462,0.9311589390969514
31463,0.6826857608137783
31464,0.15185360678054244
31465,0.28185334441896215
31466,0.4785737543924048
31467,0.9364538563063276
31468,0.4833488611348333
31469,0.18823994922555806
31470,0.25268711873791927
31471,0.12865712206013788
31472,0.3720486550595632
31473,0.7765565940355975
31474,0.1845965389679258
31475,0.7099903105452167
31476,0.1668637875416243
31477,0.4805471197281729
31478,0.7379451478083288
31479,0.04436649943419237
31480,0.9174765236685948
31481,0.502378000239623
31482,0.07704044409410647
31483,0.7561400366819363
31484,0.9417588128958345
31485,0.6329585506056986
31486,0.5016104944277366
31487,0.5804008502683294
31488,0.9518420264123512
31489,0.9640218769035824
31490,0.909697774963392
31491,0.5118418387738756
31492,0.16724066738711058
31493,0.5895384218418438
31494,0.03960676755753253
31495,0.6957555687559545
31496,0.7328871927520416
31497,0.9380861373729584
31498,0.26065729433788437
31499,0.8237949980115769
31500,0.5585584437039179
31501,0.9801528651945598
31502,0.6289449606660251
31503,0.373350852486923
31504,0.5501103533623476
31505,0.1366816877420922
31506,0.9494153305579321
31507,0.9787562985904099
31508,0.2248860028895094
31509,0.439091232968476
31510,0.5565772280343667
31511,0.977196199340396
31512,0.9943611830538007
31513,0.5471118546572774
31514,0.5705637942890236
31515,0.8854212619390627
31516,0.8895432292550676
31517,0.3426365595231262
31518,0.2271561520721724
31519,0.5793165175659213
31520,0.2113058335603668
31521,0.470846403598464
31522,0.0649277123079828
31523,0.5103685205426945
31524,0.21088184789664402
31525,0.18085529191600766
31526,0.9037987970423076
31527,0.4399743468443093
31528,0.5668966265300849
31529,0.11967382765685655
31530,0.14250551680808404
31531,0.5384923106840998
31532,0.550474387000265
31533,0.9049346984931556
31534,0.9379268524936323
31535,0.5442332991889843
31536,0.6177375811575585
31537,0.715878307183528
31538,0.222696745099739
31539,0.5201319859553569
31540,0.6468152515063637
31541,0.9480202036522256
31542,0.5404092812765126
31543,0.1075607353852937
31544,0.4437161653164537
31545,0.5299475837757609
31546,0.5581446641768817
31547,0.8740661752834075
31548,0.16444897508561895
31549,0.19847852732295565
31550,0.6527194699295332
31551,0.7589669565604859
31552,0.13064387672725122
31553,0.5514010957923087
31554,0.4433901162741187
31555,0.9790288471825517
31556,0.5034153841747436
31557,0.9532718541793397
31558,0.6314986960211887
31559,0.32751591688064924
31560,0.6096055703481633
31561,0.9644574668610402
31562,0.13093950623435258
31563,0.8754375376206492
31564,0.4510660792528468
31565,0.623221163140191
31566,0.5771948520910845
31567,0.9865038111815696
31568,0.6976521500680711
31569,0.7503797010227258
31570,0.5051842277799267
31571,0.37144954950217185
31572,0.8828465486654378
31573,0.9577035302667973
31574,0.890414617034373
31575,0.9505469261753688
31576,0.5759157388596736
31577,0.12771236367160435
31578,0.9437589948566573
31579,0.9277337385312382
31580,0.9094675964824657
31581,0.8482750807353111
31582,0.6497604547425972
31583,0.8175333373307135
31584,0.8600590136075562
31585,0.5512079643601229
31586,0.32018665217903397
31587,0.8903817757626192
31588,0.929000184260008
31589,0.6375349470030385
31590,0.15623270602178402
31591,0.1481668616068082
31592,0.9750153205820588
31593,0.11131160184581405
31709,0.0
31800,0.0
31830,0.0
31840,0.0
32001,0.043720294777979285
32002,0.12704007544364898
32003,0.1304022709883135
32004,0.45707468875072166
32005,0.3934806630015311
32007,0.07220505126669109
32008,0.06303660269399615
32009,0.052413416278675205
32010,0.07914898350323199
32012,0.11327839499740743
32013,0.4571202829880841
32014,0.15319334098005305
32015,0.06583630602453008
32016,0.28012425790218376
32017,0.297771256450132
32018,0.03847605614635095
32019,0.23180105856968103
32020,0.03555792078184898
32021,0.22341148476148975
32022,0.0410667222788822
32023,0.08519589891274475
32024,0.09515662973207438
32025,0.03513980200470205
32026,0.061614535500149774
32027,0.45852654499588
32028,0.04215368655555198
32029,0.1828429036705571
32030,0.03175522721117517
32031,0.03280724302468645
32032,0.03393168640260128
32033,0.028959214985518317
32034,0.03050762203434888
32035,0.07862308385547097
32036,0.07132698802123022
32037,0.2292139235550013
32038,0.08401360093473662
32039,0.049369456306745815
32040,0.14054049145474673
32041,0.04148395707856915
32042,0.03722098433959603
32043,0.028365712592311215
32044,0.3223840106492003
32045,0.03515318976497644
32046,0.39116246212790773
32047,0.5312937100075786
32048,0.04266187885199287
32049,0.05894516012028135
32050,0.03773610431165205
32051,0.06538936031204412
32052,0.06113529915108957
32053,0.05502037847692023
32054,0.11247523568740513
32055,0.08160419748608029
32056,0.1095433527278844
32057,0.17012903043331815
32058,0.040518951149596305
32059,0.10896397945441526
32060,0.2130440605251543
32061,0.1670412952981499
32062,0.04152741003462687
32063,0.0621881590937527
32064,0.04085084731874358
32065,0.14182841989893197
32066,0.06091375911444603
32067,0.07623578968574331
32068,0.07181466561048098
32069,0.062324760333883504
32070,0.13391968966580278
32071,0.02764416669953711
32072,0.03122374004242539
32073,0.033958300664784245
32075,0.21208811928272234
32076,0.16576388817137164
32077,0.03221500242924365
32078,0.0721562606342294
32079,0.03239103808472355
32080,0.19299977595733905
32081,0.038487851164052594
32082,0.12207319478782626
32083,0.14034755272251567
32084,0.37153287912567906
32085,0.08633372682708954
32086,0.0377659093505289
32087,0.32482519422850964
32088,0.028740825322499757
32089,0.2235831345395491
32090,0.09313567472497693
32091,0.22828111998170034
32092,0.0519722073138929
32093,0.4728658410696723
32094,0.31520472790929516
32095,0.27045409106743384
32096,0.03352501573664398
32097,0.030108025269405366
32098,0.09942776353887509
32099,0.04260131653123151
32100,0.07154415367562879
32101,0.13677445713206624
32102,0.2070664176713268
32103,0.14355237178505226
32104,0.05246822180449175
32105,0.11292495384840931
32106,0.06867197284624976
32107,0.5279425320321843
32108,0.3835861150542925
32109,0.045957318769598146
32110,0.06715459570417558
32111,0.050902462068772705
32112,0.1736922389899494
32113,0.048232629129153284
32114,0.06010985390060572
32115,0.031071534986970285
32116,0.05601729529643403
32117,0.34547212612303707
32118,0.15576992203385884
32119,0.05403998607657817
32120,0.08106539214979862
32121,0.1347004713102952
32122,0.04619593133676488
32123,0.04404943837688771
32124,0.07337050259449499
32125,0.037002652854076584
32126,0.03665569459617957
32127,0.04292992586499644
32128,0.04509926589207035
32129,0.07699102554376891
32130,0.20766622172599997
32131,0.27483732187272264
32132,0.12929076364513745
32133,0.18920717672988366
32134,0.06585592801913795
32135,0.07729149239815916
32136,0.10916057931694026
32138,0.0788604485463078
32139,0.07615130963751368
32140,0.05277814026816356
32141,0.05587572118162031
32142,0.16973880100532018
32143,0.2159492328200056
32144,0.033557365872226005
32145,0.4135851108599452
32146,0.48474987684858417
32147,0.04134793161724731
32148,0.052559662091316434
32149,0.10389776496900101
32150,0.15102614964715708
32151,0.12035658901751882
32152,0.060410238549073056
32153,0.20190473138189863
32154,0.06671575035281933
32155,0.4893790855656156
32156,0.09787030913634519
32157,0.12236519786579896
32158,0.06681454009569317
32159,0.13435168316566917
32160,0.3819294377266248
32161,0.11487901067662837
32162,0.1339964789139948
32163,0.11652623819045475
32164,0.05951368163706032
32165,0.07711164559706048
32166,0.062435606209031796
32167,0.03109704939899812
32169,0.06945491110383911
32170,0.36813405970118307
32171,0.11124113207793092
32172,0.12381877317529488
32173,0.15926686237193102
32174,0.08174829108840105
32175,0.0905108434669557
32176,0.09951544030909304
32177,0.04543753315129968
32178,0.0829538484921453
32180,0.09210090980155587
32181,0.03571601911332085
32182,0.05507696906067071
32183,0.19865295722198367
32184,0.14851371827457918
32185,0.060681222926972804
32186,0.10165268612307145
32187,0.11599232614283932
32188,0.10589582246037753
32189,0.26850140471936973
32190,0.04733893654697877
32191,0.4926429267985416
32192,0.32983628796027453
32193,0.035203442376513204
32194,0.3022573679603443
32195,0.11015548177441481
32196,0.1106061925738745
32197,0.24445513236189714
32198,0.19030842809866758
32199,0.06106626254976195
32200,0.19381060218333546
32201,0.18360482350460597
32202,0.3909950983808852
32203,0.15726600496432358
32204,0.194492624756415
32205,0.0449474350826972
32206,0.10525457051157196
32207,0.23114934360528386
32208,0.15193564312830582
32209,0.4602012762849141
32210,0.43914392027540194
32211,0.038606719240138324
32212,0.6993249908451876
32213,0.15252956098857573
32214,0.05219473656270529
32215,0.12597018474232335
32216,0.0669201873419153
32217,0.0534206159177991
32218,0.048108256519808254
32219,0.03250291944323623
32220,0.47198292431338473
32221,0.14694680605281973
32222,0.48907997562710187
32223,0.06989257411451726
32224,0.16689109085637474
32225,0.040125394991892285
32226,0.04120135646338183
32227,0.03684564912305721
32228,0.08158603566599784
32229,0.13359333729999323
32230,0.13018434416745245
32231,0.044781925743285614
32232,0.15585297837397108
32233,0.07230457117640625
32234,0.13506200371168064
32235,0.03697947571133592
32236,0.036245440281461316
32237,0.15607383053210033
32238,0.03123629420730291
32239,0.11755629561589247
32240,0.04316102231385329
32241,0.14184860492451687
32242,0.04564335837561014
32243,0.046727971938232415
32244,0.5002505021134411
32245,0.44210201795466847
32246,0.31118280260232206
32247,0.05183805288725163
32248,0.07115849115400277
32249,0.0317047022193568
32250,0.04319429300173719
32251,0.2328455986599003
32252,0.03341405268456144
32253,0.12307105288544247
32254,0.10760246978069431
32255,0.18048918708420503
32256,0.05289639754235414
32257,0.16344495373742782
32258,0.21011952255807959
32260,0.08259036130458886
32261,0.14217673791657642
32262,0.10574089392351983
32263,0.038565882605611716
32264,0.04017300464127295
32265,0.03306142192306919
32266,0.030195051023483382
32267,0.1912500178950718
32268,0.06074020941939272
32269,0.05647235650907835
32270,0.04303000271741146
32271,0.3484192720045797
32272,0.10512209438298498
32273,0.04233888599520697
32274,0.4134867665975107
32275,0.03734552815825752
32276,0.09495753973317744
32277,0.05643949915056691
32278,0.040328786973504296
32279,0.2256888366798361
32280,0.10398231390200328
32281,0.03894249220422009
32282,0.2199536584132854
32283,0.07343225627287815
32284,0.07972817737506516
32285,0.03414319385113517
32286,0.29207828682728476
32287,0.051832043961158786
32288,0.15041872339831266
32289,0.09295996895572942
32290,0.13629472876744575
32291,0.4676412085011052
32292,0.1679788435571281
32293,0.10751764350095855
32294,0.05216984373303561
32295,0.13161053444837087
32296,0.47921950143943026
32297,0.07549609406985394
32298,0.1762595935940819
32299,0.03321065972540323
32300,0.19324549671418034
32301,0.1513332196686061
32302,0.1674450443688546
32303,0.03822881310783298
32304,0.06441410520365179
32305,0.25155658480423343
32306,0.0664073749817563
32307,0.2844604395611944
32308,0.15281228336467303
32309,0.04450399596656998
32310,0.47768246960576255
32311,0.6094879003325272
32312,0.21721865124034884
32313,0.06460718281675895
32314,0.3097336366352757
32315,0.03125279755269624
32316,0.23880620069807368
32317,0.02924545567703365
32318,0.16545597754863392
32319,0.1037437212098757
32320,0.06290164658458487
32321,0.038724415385464804
32322,0.1280126260172596
32323,0.03199032254832549
32324,0.07638495492390578
32325,0.0658754682428823
32326,0.032442823137666055
32327,0.06648854336483033
32328,0.7040125447540948
32329,0.18906036708549936
32330,0.1250261181906893
32331,0.2182927907490302
32332,0.028727036247508417
32333,0.2431137874880658
32334,0.7297433903571097
32335,0.17640583880827973
32336,0.10783243032200437
32337,0.19619235650008143
32338,0.032963689594170016
32339,0.060940269417480195
32340,0.03386616412089354
32341,0.17310013319006914
32342,0.04579206484665174
32343,0.046984024400983516
32344,0.5314987482464574
32345,0.1495022555365133
32346,0.027960006081832346
32347,0.20955934712147828
32348,0.23130703294397942
32349,0.06214136091806279
32350,0.1915985766786915
32351,0.08019200755359486
32352,0.05145939343048118
32353,0.055697691129284826
32354,0.04880763544422215
32355,0.03807997772052802
32356,0.050232024537226166
32357,0.07321420853940878
32358,0.28489638666447376
32359,0.11551465266280077
32360,0.05570740231860774
32361,0.040852918796770894
32362,0.09513163882442457
32363,0.045443170724636814
32364,0.04602241501993589
32365,0.06118426260264047
32366,0.18237103531796642
32367,0.033407143899244804
32368,0.19647468635383553
32369,0.057576703195675864
32370,0.08049865153102022
32371,0.0957185011898132
32372,0.05921029902979326
32373,0.03682186251654451
32374,0.0413169817986033
32375,0.04036702876425113
32376,0.08838985626924364
32377,0.06135740264225914
32378,0.43395046522602665
32379,0.05311901033872438
32380,0.4935751833509903
32381,0.15444191067793575
32382,0.08685203005766906
32383,0.04923349755547128
32384,0.16820800461725907
32385,0.07525904818057196
32386,0.06910150671300017
32387,0.1368535112576791
32388,0.11027822091660264
32389,0.03892710467178804
32390,0.43265328114024426
32391,0.44655858939599047
32392,0.03988924256066772
32393,0.03148526194027993
32394,0.04658400633190884
32395,0.31940027665272996
32396,0.6287104414088212
32397,0.036868233888183555
32398,0.4175686301425027
32399,0.04759724481857753
32400,0.2523998009253516
32401,0.05349237539406525
32402,0.04452760396004813
32403,0.03416645726848381
32404,0.15767429356810292
32405,0.1494419464239562
32406,0.10639724549999381
32407,0.05322022230220106
32408,0.08022392423528
32409,0.05671787138596404
32410,0.12486984443000251
32411,0.18001022169264025
32412,0.08717298217009674
32413,0.05719325141804555
32414,0.4366663068254933
32415,0.03972400430648422
32416,0.04328600855941026
32417,0.12199644627501527
32418,0.06405748488233552
32419,0.0421334547308195
32420,0.13610248866205837
32421,0.14069203098391467
32422,0.04809064002875895
32423,0.03627280983161621
32424,0.24582218402108358
32425,0.751600714320201
32426,0.15787485015096095
32427,0.043064730249512545
32428,0.09105322744674439
32429,0.4104879203085844
32430,0.046456636633866226
32431,0.04307880944793417
32432,0.14672109951582282
32433,0.047268012304089835
32434,0.06880834774052397
32435,0.05380009870298677
32436,0.05409790251530579
32437,0.08388218785485874
32438,0.06933483210651657
32439,0.4673677535584062
32440,0.08587439940316643
32441,0.17585116514956312
32442,0.10694078948603015
32443,0.09967233272054686
32444,0.06612388761267503
32445,0.10806579712596358
32446,0.03720541556324117
32447,0.0690618086876849
32448,0.04472992231145037
32449,0.41410038391074044
32450,0.05607614533400546
32451,0.05509690811715249
32452,0.09274005473703073
32453,0.209513077356483
32454,0.20624975211019012
32455,0.038333964184095695
32456,0.0278051033245777
32457,0.0662273644664273
32458,0.2945962882999658
32459,0.1196478471136646
32460,0.4904835691993806
32461,0.27701291636782605
32462,0.030361896780195415
32463,0.3642036835277484
32464,0.06253802486135045
32465,0.05329990502211699
32466,0.04633334590087365
32467,0.12965085973786564
32468,0.05992149958362362
33001,0.5009996831447348
33002,0.23392895140326841
33003,0.9072607173148115
33004,0.8510964689606461
33005,0.9753259835937392
33006,0.45994203254479205
33007,0.7023089686213516
33008,0.8222063717736019
33009,0.9853319764353191
33010,0.47721494787748914
33011,0.9560625797322656
33012,0.8647525963692
33013,0.9495305287948939
33014,0.47517145873937044
33015,0.6584141656279475
33016,0.866505998439751
33017,0.2601483656593849
33018,0.7528895813688937
33019,0.7777777777777778
33020,0.38961101485012056
33021,0.2981253174626021
33022,0.6770648181963693
33023,0.8587727600011794
33024,0.31031585630575576
33025,0.37588449809491264
33026,0.34193088145266826
33027,0.24115880075269205
33028,0.805777265343115
33029,0.627984160676975
33030,0.3908157788741574
33031,0.24576480885488908
33032,0.9373390484638825
33033,0.8785581723201082
33034,0.5664850091819167
33035,0.7920689054962975
33036,0.2738080069428804
33037,0.8466992617549322
33038,0.570389882784779
33039,0.9739814018638396
33040,0.5395991292302916
33042,0.7313712538525914
33043,0.4316049051639416
33044,0.458441970079634
33045,0.5893455395510993
33046,0.09452241601828358
33047,0.611924621109533
33048,0.2263091018679803
33049,0.8684980113079329
33050,0.28475753866505926
33051,0.7968444641016155
33052,0.6647857122931343
33053,0.2542262912396153
33054,0.27520310612023074
33055,0.7488444772364454
33056,0.9335013344274511
33057,0.38358094221878297
33058,0.6031627724729751
33059,0.5083217107508572
33060,0.380108289424692
33061,0.9157951391462182
33062,0.5625378645742334
33063,0.969965941468219
33064,0.4198567112356943
33065,0.9571100460956062
33066,0.18399836531167543
33067,0.830893823262114
33068,0.05351233191519008
33069,0.9650693355348722
33070,0.26950005403207233
33071,0.5409506903045936
33072,0.2752253056488942
33073,0.4392099007363541
33074,0.30501696442280196
33075,0.9589687645204586
33076,0.410793281618153
33077,0.3651912864208628
33078,0.5414314754933441
33079,0.610477391164484
33080,0.919622435051396
33081,0.46707731017570586
33082,0.7978166228398665
33083,0.8912300206810878
33084,0.9143899901207538
33085,0.9409678762279768
33086,0.7549822784853675
33087,0.267724721211955
33088,0.5117664277408446
33089,0.5596744104619525
33090,0.9264578594198162
33093,0.7509709762626737
33094,0.25019364187933746
33095,0.10050975890733603
33096,0.9304385381841802
33097,0.7369070407139683
33098,0.5157373807337506
33099,0.9452649511641777
33100,0.6273536573147979
33101,0.5477751094680126
33102,0.259816720145245
33103,0.13531755325973416
33104,0.4356331463028562
33105,0.37025643482471343
33106,0.242258833594633
33108,0.6164044648982625
33109,0.8175918048636288
33111,0.29270532647013425
33112,0.14572354986189096
33113,0.19359100566522366
33114,0.8676253930234843
33115,0.34979458611483005
33116,0.2768965279071566
33117,0.1928721449567382
33118,0.9389604821361294
33119,0.9626922196617678
33120,0.4558459792333463
33121,0.4029602306510895
33122,0.8642937393962936
33123,0.9295572333188493
33124,0.46101175333020644
33125,0.6631962469043587
33126,0.5849077870192616
33127,0.548131666140522
33128,0.7100517834859197
33129,0.16813042000055464
33130,0.36998436737667295
33131,0.7891799888482522
33132,0.7206433959946975
33133,0.2581543664181014
33134,0.5591900062004447
33135,0.448053706882049
33136,0.23435877989140236
33137,0.26552351469687835
33138,0.628884728165346
33139,0.16896945989223483
33140,0.929249061253905
33141,0.8683944212360601
33142,0.9357704046505563
33143,0.8544966126701029
33144,0.21481573627645328
33145,0.8589564349943506
33146,0.4606835974782163
33147,0.453710763188982
33148,0.4565968474259095
33149,0.2348863083409363
33150,0.21363951290520736
33151,0.563920378723178
33152,0.44976912865494684
33153,0.30779004837236085
33154,0.43675318851147743
33155,0.1555637187007591
33156,0.4726116258765439
33157,0.49732501205449314
33158,0.29818621203568824
33159,0.4577551261694473
33160,0.25590555949284144
33161,0.5434482818262706
33162,0.9416047140207615
33163,0.434791299007202
33164,0.491663919325626
33165,0.938009265688482
33166,0.4510306553261118
33167,0.9617555171709689
33168,0.49882459767873333
33169,0.2854966948784606
33170,0.26572449403597703
33171,0.2181876641262297
33172,0.5401430630648274
33173,0.5565004444962123
33174,0.6793166171920185
33175,0.42644002794487323
33176,0.3939370500140046
33177,0.8365566909311171
33178,0.3118131185477849
33179,0.6678236760275386
33180,0.24031743248050086
33181,0.5772288273629417
33182,0.7371701542065482
33183,0.7191648965574775
33184,0.5450391423444275
33185,0.5616010055503158
33186,0.22917264000915222
33187,0.26877943031051776
33188,0.13255332919688181
33189,0.7797755615261345
33190,0.1505738781719582
33191,0.8538832427625265
33192,0.9422658241933367
33193,0.8617153177369679
33194,0.4503057239098797
33195,0.24920401608287768
33196,0.4573472012912505
33197,0.3147589223809985
33198,0.5652619520079363
33199,0.9770008381454193
33200,0.9464944683764336
33201,0.853170629260907
33202,0.22753262090436066
33203,0.9312078565491138
33204,0.2322589257039839
33205,0.4523857370412801
33206,0.8980632110571071
33207,0.8172200172809462
33208,0.8825847758502287
33209,0.46750962631630827
33210,0.23833840917268476
33211,0.8597399479896736
33212,0.2676779990706706
33213,0.8514795837460464
33214,0.9074816779469073
33215,0.40751196102988924
33216,0.24019091204100942
33218,0.523723316280207
33219,0.8076134714698318
33220,0.36910008571984
33221,0.2135908542684167
33222,0.655020193026154
33223,0.22840134863559747
33224,0.10526349132908781
33225,0.4009425297903934
33226,0.7877026447188086
33227,0.9344880369533669
33228,0.7033951096767885
33229,0.7140941609036501
33230,0.6476883508349945
33231,0.4848474763030986
33232,0.0996575687599597
33233,0.8897296275842139
33234,0.9583719153342466
33235,0.14552151880584896
33236,0.966501425215574
33237,0.33992153976212575
33238,0.9334965811276632
33239,0.13746922049795526
33240,0.9398724488470933
33241,0.7545404937283073
33242,0.2685945244204849
33243,0.7370779704587391
33244,0.245644498691252
33245,0.934267285309061
33246,0.5828012170770281
33247,0.37563771693305165
33248,0.3350729075930713
33249,0.9604020400449333
33250,0.17172049991635
33251,0.2136348021074195
33252,0.9133385451746616
33253,0.4290852771914277
33254,0.25135028261217723
33255,0.32055482797757673
33256,0.9070073132482558
33257,0.4900754366779898
33258,0.4188467274114933
33259,0.8088856779458546
33260,0.7884091161070758
33261,0.5594386803702406
33262,0.8892437072650586
33263,0.9158533757370642
33264,0.6738339873948
33266,0.9168133374605278
33268,0.7454662680985973
33269,0.5996062995101539
33270,0.2087431219720105
33271,0.1797837950233517
33272,0.9210390494019757
33273,0.9052129062184443
33274,0.9065071233301285
33275,0.811946832603839
33276,0.2558052347246539
33277,0.24767032275192474
33278,0.261088078440246
33279,0.39283855171102167
33280,0.5435446630453618
33281,0.9787630538078371
33282,0.45858603277889515
33283,0.16019132850500845
33284,0.7122684207549399
33285,0.6525758113523598
33287,0.1975825090012214
33288,0.7986695897477583
33289,0.21465193504874203
33290,0.5640361822740791
33291,0.20314836062770467
33292,0.832663324462038
33293,0.9038557286638886
33294,0.2639996252722479
33295,0.7453611013086644
33296,0.5937899129574613
33297,0.39459083179062043
33298,0.51878022334668
33299,0.7885009418703841
33300,0.8271700445332953
33301,0.47527809000438265
33302,0.5613165072406268
33303,0.6000455992514531
33304,0.16398945830415393
33305,0.2981237650135546
33306,0.21330409005641798
33307,0.3375592783762166
33308,0.45360457010782923
33309,0.6095724038973995
33310,0.1363715463118758
33311,0.7278119221243693
33312,0.9267461160523671
33314,0.7764243303230406
33315,0.5588947268525963
33316,0.29320352578916997
33317,0.9444463802523704
33318,0.9411002781032224
33319,0.2101991408523326
33320,0.5146774280852671
33321,0.7370821700436968
33322,0.9057281389121198
33323,0.7991910276376457
33324,0.6122226987493269
33325,0.629213247066393
33326,0.38433732125193343
33327,0.5287407297190201
33328,0.6859239100247454
33329,0.2496693443387538
33330,0.9179616158855121
33331,0.23823083786539628
33332,0.5379454587447187
33333,0.8530147694506118
33334,0.7472196471945568
33335,0.8930376150415968
33336,0.29448056344568574
33337,0.34209338102734166
33339,0.8045284672527133
33341,0.6892891740665761
33342,0.557295931144978
33343,0.37414103437571306
33344,0.40467562610075086
33345,0.18800360950750628
33346,0.2561972710228831
33347,0.6054052223124863
33348,0.9592045963918783
33349,0.9284317728219097
33350,0.4951818434888108
33351,0.5267707619631148
33352,0.40847057601748304
33353,0.11076627991803899
33354,0.2774500030782645
33355,0.5224994847457691
33356,0.7371350154155664
33357,0.43358317902796484
33358,0.4436950669238307
33359,0.17767545378223212
33360,0.5581269780505026
33361,0.2778338329993729
33362,0.5171869298565263
33363,0.9180753581199761
33364,0.6541778767680647
33365,0.7123018710999769
33366,0.8378884568997513
33367,0.7506509287980546
33369,0.48571373184613054
33370,0.5035871086712241
33372,0.37107633692761
33373,0.5708010167202643
33374,0.3931854155620723
33375,0.5083770257570362
33376,0.8967218839182681
33377,0.2197259098768598
33378,0.5260290918753359
33379,0.3911618047153501
33380,0.4238923365807596
33381,0.9162756511926531
33382,0.5247751179811856
33383,0.49649816858093565
33384,0.6277779259230573
33385,0.47123803697154004
33386,0.5431306871164858
33387,0.9401123611416108
33388,0.64371898934164
33389,0.42134246129559993
33390,0.633245402888394
33391,0.25084250302750927
33392,0.3924722072558166
33393,0.5204558523670362
33394,0.6795879837146042
33395,0.6044784623308751
33396,0.6396248257394782
33397,0.9250368539362023
33398,0.27252981359341766
33399,0.28174613936058096
33400,0.15725462375968322
33401,0.5392816310091353
33402,0.6896657552976144
33403,0.29323488820821597
33404,0.19818282717212785
33405,0.5734599784792934
33406,0.604158731149291
33407,0.9448642707647535
33408,0.8973982965037955
33409,0.7959816954473891
33411,0.7835605349494885
33412,0.7767768460901452
33413,0.826608441422366
33414,0.7863887923250685
33415,0.8092526999746245
33416,0.5544317747413483
33417,0.2128401057315597
33418,0.1853544923820397
33419,0.2696377422671476
33420,0.6352656817352847
33421,0.5450620245015407
33422,0.8825667145058184
33423,0.5030917941507718
33424,0.6583497258512943
33425,0.7871559175185431
33426,0.6542886971196222
33427,0.3021027547403185
33428,0.2786316543461793
33429,0.28319310061292247
33431,0.5874621399019695
33432,0.35617441907443514
33433,0.8892476199758459
33434,0.9157938572507803
33435,0.8567299482764165
33436,0.622125195846756
33437,0.6699224545252372
33438,0.830171503723446
33439,0.8868828978318236
33440,0.7354479687336111
33441,0.5855172585500747
33442,0.6120936085332764
33443,0.10874428359204065
33444,0.3406190937782665
33445,0.6693642926488912
33446,0.10372224854836552
33447,0.5187035638846018
33448,0.8931083177626236
33449,0.9026746389435605
33450,0.14049388714422498
33451,0.6984437604000456
33452,0.5161648806405107
33453,0.22833279932349357
33454,0.7330894279062717
33456,0.44429407942468874
33457,0.3866618760860226
33458,0.5208327690397172
33459,0.5400179981122382
33460,0.5141503816470561
33461,0.5633579513425195
33462,0.579237490021844
33463,0.7767773385556447
33464,0.8054082775106798
33465,0.4541910423877638
33466,0.6208219411475288
33467,0.23793688120919118
33468,0.27896887121564556
33470,0.841551732647174
33471,0.656074976402969
33472,0.5078179747751002
33473,0.5721605547692327
33474,0.7329396506116943
33475,0.7884223993576503
33476,0.5766365242967953
33477,0.5623496291118197
33478,0.6213628217920982
33479,0.31738286104048014
33480,0.5582325610050634
33481,0.18527769263497582
33482,0.2912068266270807
33483,0.8888301515459908
33484,0.0437814355588187
33485,0.5554101807495286
33486,0.6250997548335346
33487,0.8489980285385402
33488,0.5525526841856403
33489,0.5856328436952318
33490,0.900562824469186
33491,0.231705811633295
33492,0.9061802461852015
33493,0.4977836635505023
33494,0.782798258951915
33496,0.9056795546793877
33498,0.5725796108816152
33499,0.5643023389939505
33500,0.6675547262373697
33501,0.8456290444298197
33502,0.7284226110092316
33503,0.4711615798273875
33504,0.3974786041501464
33505,0.8290342122461529
33506,0.13012672959219118
33507,0.21521868098969496
33508,0.21500532110658693
33509,0.6334079854580756
33510,0.7878387059657366
33511,0.28564365020616334
33512,0.21109202872858662
33513,0.17510946936209748
33514,0.9735316821402932
33515,0.5015375690074998
33516,0.2761320666236787
33517,0.4894113404413541
33518,0.8682240910614283
33519,0.9282318069460835
33520,0.24870532939964496
33521,0.9355153919133555
33522,0.9641125372247613
33523,0.5362398826998254
33524,0.8043892833624416
33525,0.7896753735411128
33526,0.5365282446866663
33527,0.7573840736551232
33528,0.4425950352709381
33529,0.9575779349386111
33530,0.6150266063750692
33531,0.4686469940042726
33532,0.9154847949781384
33533,0.8765839065860492
33534,0.8288404359676025
33535,0.949678949485523
33536,0.16521984544105864
33537,0.2836046102124252
33538,0.5043819266856688
33539,0.7904058218640049
33540,0.9679154565569998
33541,0.9362788546531051
33542,0.7543051282826964
33543,0.7997078908447462
33544,0.95251384822325
33545,0.6514525837575591
33546,0.5617402654623276
33547,0.2811358088522228
33548,0.737560200865506
33549,0.7070114931578214
33550,0.9565451795135075
33551,0.6724980092460116
33552,0.6573321614404201
33553,0.8181649488606901
33554,0.936349963551329
33555,0.7242064931525013
33650,0.0
33700,0.0
33720,0.0
34000,0.0
34001,0.7467257966078382
34002,0.5093055656049849
34003,0.913205172035883
34004,0.353860614128238
34005,0.8214038298193117
34006,0.38888776808993164
34007,0.3596285914190418
34008,0.5416348882761857
34009,0.7140561988112335
34010,0.8588282349431994
34011,0.600127281371561
34012,0.8542908950180097
34013,0.5129720393719566
34014,0.9952877995042138
34015,0.4126809940423002
34016,0.946636848889596
34017,0.6173639611153657
34018,0.6869191641041544
34019,0.33987387571628414
34020,0.43851935203565406
34021,0.32611968061723406
34022,0.9283827239175879
34023,0.8642927454296194
34024,0.9079986162385678
34025,0.8408716752982226
34026,0.42376697437638394
34027,0.8826275054828626
34028,0.7672551886655433
34029,0.5888833639621052
34030,0.38009445940168535
34031,0.7909232562117293
34032,0.9321174609781985
34033,0.7534628544056214
34034,0.21105325072539968
34035,0.9064022906376124
34036,0.7684865088097658
34037,0.8681738773769524
34038,0.6812343708857856
34039,0.8540676437523679
34040,0.7160323666923316
34041,0.61816527268604
34042,0.7025423483285557
34043,0.8596183332026482
34044,0.49843590684486305
34045,0.6419862241295812
34046,0.5621224452994955
34047,0.580305917488534
34048,0.7286159856910975
34049,0.7182306051482317
34050,0.9220445305341286
34051,0.6094777241530968
34052,0.8640735088981394
34053,0.7277461282871486
34054,0.18642940952783374
34055,0.4689771832144139
34056,0.7149169355943767
34057,0.9593036176426913
34058,0.9309780131849886
34059,0.40035961700819733
34060,0.6077607136864601
34061,0.6771038604490266
34062,0.5011346062146189
34063,0.6171338813990312
34064,0.5323810650500841
34065,0.6132314382415146
34066,0.9593912811853922
34067,0.8509518564129919
34068,0.49533795851904794
34069,0.8503594508591522
34070,0.5245327684637865
34071,0.30771310537637725
34072,0.809865177208675
34073,0.8948410890823209
34074,0.5662622098938357
34075,0.40763168197223937
34076,0.5716451887142232
34077,0.9487881153218432
34078,0.7253191406733477
34079,0.6728173618336865
34080,0.5081431543605592
34081,0.8445294466387349
34082,0.9877939821468669
34083,0.5398915559157976
34084,0.8667486425719992
34085,0.7703695639722854
34086,0.6545885432607401
34087,0.8772688550927602
34088,0.8863067830403131
34089,0.7298362800356681
34090,0.9971730102546452
34091,0.29250728556049715
34092,0.46504063770663684
34093,0.7263299583538433
34094,0.8039020203116908
34095,0.9013170182071634
34096,0.7843941050290794
34097,0.4633691385425776
34098,0.19161267287056094
34099,0.6526061636729772
34100,0.2707527864407214
34101,0.778026530051533
34102,0.9609778655239807
34103,0.5235308386322262
34104,0.7211993085218095
34105,0.7791502805448668
34106,0.65675512558071
34107,0.8834092277921372
34108,0.809985332873061
34109,0.668668596506792
34110,0.746005345894909
34111,0.9048972700473311
34112,0.7256429268409265
34113,0.9029424846612741
34114,0.861177556558872
34115,0.6867851159331831
34116,0.9889145435338039
34117,0.4177693791145586
34118,0.9928276103980835
34119,0.542649756301348
34120,0.9477303618154356
34121,0.5948508042155023
34122,0.5750730938909325
34123,0.9898087095791964
34124,0.6395072367592748
34125,0.9087320896848976
34126,0.7796472904750509
34127,0.9042889353239063
34128,0.9066836468729057
34129,0.9614918041466471
34130,0.6455203632558246
34131,0.7613608475395897
34132,0.4563073753472684
34133,0.7494727420779924
34134,0.9959700690240565
34135,0.9075735994183172
34136,0.4687577377684992
34137,0.6979393271491894
34138,0.605486478680997
34139,0.8463359447612187
34140,0.8707643820054889
34141,0.5456176597138579
34142,0.713251108492451
34143,0.838505792364629
34144,0.6723358755708229
34145,0.8522679493916232
34146,0.8859524814622937
34147,0.8101097704816842
34148,0.8626680491734091
34149,0.748936317682568
34150,0.6479885988433689
34151,0.8637042037382169
34152,0.8634091873363141
34153,0.9887498485212122
34154,0.9528147265309999
34155,0.8404392461877526
34156,0.7124694265222673
34157,0.6280322702117423
34158,0.43278030367234754
34159,0.9083429470502196
34160,0.5296032340850234
34161,0.8376810366592399
34162,0.6238635062263039
34163,0.986741294009718
34164,0.9904793687111801
34165,0.8165044071425814
34166,0.8183414586993731
34167,0.8285266015914198
34168,0.6999329647149389
34169,0.9481107271917701
34170,0.5950381489181604
34171,0.7781143600470402
34172,0.9703690789384442
34173,0.595738646552911
34174,0.5666740194431995
34175,0.6766145650400014
34176,0.9210110131487886
34177,0.987475588116903
34178,0.8417617108843575
34179,0.9884520088409284
34180,0.6212229939530007
34181,0.6253328639136224
34182,0.7026951031338154
34183,0.8705128730769158
34184,0.43657657056221266
34185,0.6155433917658494
34186,0.7471409981951463
34187,0.3590985482344308
34188,0.7723666661930949
34189,0.651581185712247
34190,0.4293164519816087
34191,0.8544866793302858
34192,0.944453386354799
34193,0.20570214510920187
34194,0.506618162045536
34195,0.5836995360312806
34196,0.4198385589211172
34197,0.5640185167510361
34198,0.952585899011533
34199,0.6882549182228287
34200,0.7064556565674206
34201,0.3733911986665799
34202,0.9916316137569489
34203,0.6063311729613295
34204,0.5440743270500605
34205,0.5585621474903435
34206,0.8655440722806765
34207,0.683135325852952
34208,0.9165552141510669
34209,0.8500750116211295
34210,0.6337209690148138
34211,0.5975698768188349
34212,0.5133467322377021
34213,0.8422713649245079
34214,0.7573128037398538
34215,0.604311477944361
34216,0.3891855725474518
34217,0.9963348966887197
34218,0.3788126982876283
34219,0.38145941505902187
34220,0.8482638892488471
34221,0.6500689234227371
34222,0.6079847847170577
34223,0.8423892367926672
34224,0.8114797142657175
34225,0.8369031898643235
34226,0.6845183892606966
34227,0.8702177983034726
34228,0.2532067407124724
34229,0.3839447391769494
34230,0.27759729856601184
34231,0.5097791408135188
34232,0.41295983744498505
34233,0.5363395121153851
34234,0.7116359839959547
34235,0.5003083228810403
34236,0.7343852062889255
34237,0.7757758142529633
34238,0.6173463757071009
34239,0.6501046751743412
34240,0.9971250648592409
34241,0.9045830266163681
34242,0.9879987597026313
34243,0.777193638902303
34244,0.9048232146438897
34245,0.4007347745032319
34246,0.8544053631055423
34247,0.9955923577367471
34248,0.9887435957751
34249,0.920670040486035
34250,0.37912021912449645
34251,0.5730256815506357
34252,0.39983403900258635
34253,0.4896462602035107
34254,0.5665078007616723
34255,0.991259273975091
34256,0.910401063795955
34257,0.43443576053154337
34258,0.8331900961802661
34259,0.9879623548503448
34260,0.39554475965547414
34261,0.9108623204198469
34262,0.5905602931678201
34263,0.8556547229485574
34264,0.5889312466884549
34265,0.9130028219313175
34266,0.9911937609031122
34267,0.8961534739866532
34268,0.645092947196
34269,0.21730961814571081
34270,0.997463675800315
34271,0.37826548973947033
34272,0.8726092531829412
34273,0.387251133652219
34274,0.6918498118828381
34276,0.9913721607757714
34277,0.3352306913201669
34278,0.5101354848960802
34279,0.5254511299591786
34280,0.8844954726417656
34281,0.6350732160583904
34282,0.9849169962890559
34283,0.609239691169696
34284,0.3197105766805724
34285,0.5945288392199393
34286,0.6286357379419062
34287,0.5975431637265652
34288,0.7687338307223431
34289,0.7718839176732024
34290,0.9338386281628404
34291,0.412382288625271
34292,0.6950186439465357
34293,0.7733225060869652
34294,0.8095942226944005
34295,0.9959980702798585
34296,0.7549267914768293
34297,0.8599048893781874
34298,0.8696121658108796
34299,0.8609826396031809
34300,0.7907844621762232
34301,0.7523686313111086
34302,0.5594301043095244
34303,0.2498824117369326
34304,0.5317086512173629
34305,0.6513779066086358
34306,0.7678262992925811
34307,0.9200535637117996
34308,0.4136092926277159
34309,0.9958935465740955
34310,0.8779549372784555
34311,0.6967273856039448
34312,0.720883748075418
34313,0.5506248031984204
34314,0.9950000631626881
34315,0.43032080709077614
34316,0.6754334636454424
34317,0.6364693834909793
34318,0.7045455742915886
34319,0.670628502577757
34320,0.9859447223477674
34321,0.9002642090464205
34322,0.9537124490681278
34323,0.6836036641892207
34324,0.860211456484996
34325,0.7675038458813587
34326,0.23914645452559175
34327,0.9968569748778638
34328,0.9087990352178393
34329,0.8422833107855306
34331,0.18417173733275818
34332,0.8317122883543014
34333,0.886028631121095
34334,0.4404405312622041
34335,0.47077875669889274
34336,0.9132058091817066
34337,0.94891008312695
34338,0.6635220457686847
34339,0.3345851941419764
34340,0.8233828134228482
34341,0.7303809988102771
34342,0.9249305485866195
34343,0.8753554859604658
34344,0.9483151483781821
34403,0.0
34725,0.0
34820,0.0
34923,0.0
34926,0.0
34980,0.0
35000,0.0
35001,0.8922213290370715
35002,0.873113481630264
35003,0.7256097998105311
35004,0.8081415539208875
35005,0.26100530347481343
35006,0.33959140377414143
35007,0.7610539986024889
35008,0.30061473077977
35009,0.3715088816965583
35010,0.7408773102146159
35012,0.503598734263432
35013,0.47186729023876445
35014,0.34949233468081203
35015,0.4639788207666969
35016,0.4974753660400974
35017,0.5445384797608241
35018,0.29379705388515165
35019,0.8133551487866232
35021,0.4482370720002392
35022,0.5982721088043158
35023,0.6213262912921034
35024,0.9369214003089961
35025,0.6928866400240359
35026,0.2754482454085682
35027,0.6127748870676649
35028,0.3739542965344504
35029,0.35157708665929727
35030,0.40100307424007336
35031,0.8791558883011223
35032,0.8961849508646307
35033,0.49648669625827724
35034,0.7423484105735062
35035,0.3113073161874636
35037,0.8285081272607587
35038,0.3489680249352807
35039,0.8537131475162781
35040,0.8335174617383984
35041,0.8571834460704955
35042,0.2817581709613159
35044,0.7568849888450041
35045,0.3147888792517529
35046,0.2637620294913058
35047,0.9212366995892518
35049,0.7005523650581078
35050,0.4480930680320721
35051,0.9528924835620451
35052,0.40091108504984113
35054,0.8600594615876551
35055,0.9429331304754107
35056,0.5768678035677604
35057,0.4383357273209234
35058,0.5535826210366586
35059,0.9318646964529933
35060,0.29199382064607327
35061,0.3099877268337129
35062,0.2295526768834509
35063,0.4281760300667967
35064,0.4037514776172087
35065,0.8897541019477996
35066,0.9359111533358399
35067,0.9355278757056416
35068,0.6189913149712075
35069,0.8614394400937098
35070,0.6820041351759628
35071,0.7043859319297188
35072,0.49704308998633845
35075,0.41100674981174595
35076,0.9038915496634251
35077,0.19110850141093574
35078,0.7318034753546587
35079,0.9908660850700456
35080,0.8669266077128854
35081,0.84599700203845
35082,0.3351373425169295
35084,0.24520170452981235
35085,0.38393951125214193
35086,0.7363175668843656
35087,0.29026371418881564
35088,0.9051795848906845
35089,0.43850708103049135
35090,0.717262284368978
35091,0.2092159123391502
35092,0.294851635512084
35093,0.987347374918056
35094,0.3823562217578875
35095,0.6792780780157115
35096,0.6303836733305134
35097,0.29397497742110745
35098,0.2641666717846864
35099,0.9048602974309313
35101,0.6948628302483172
35102,0.2647707239238468
35103,0.2593000291132611
35104,0.7140322348465441
35105,0.32330750078196246
35106,0.4039302739856327
35107,0.9391523718056033
35108,0.3706748943292571
35109,0.4932432052811572
35110,0.685636434874024
35111,0.4651402304563505
35112,0.29277051355707595
35114,0.25696682498297047
35115,0.6039477394121784
35116,0.5618332164225102
35117,0.21387592082614254
35118,0.861092410382202
35119,0.2857725302668541
35120,0.891294933226588
35121,0.8309661774696565
35122,0.6752923629447573
35123,0.8592112224696915
35124,0.23119726591294362
35125,0.3545207549286225
35126,0.8798748900312929
35127,0.5756405741396676
35128,0.7591173747434822
35130,0.5919781709271702
35131,0.9107896728278577
35132,0.5765189504200158
35133,0.37684367164962695
35134,0.5063762231419764
35135,0.4308128257382238
35136,0.6543829031310318
35137,0.3947492427645294
35138,0.38832605609105264
35139,0.8544655018955875
35140,0.4300179504405167
35141,0.4330206130084657
35142,0.3053286666495273
35143,0.25991292953367234
35144,0.83270845037961
35145,0.411528184515402
35146,0.8639082984306158
35148,0.30473571724684384
35149,0.7627050859813242
35150,0.42187247517228577
35151,0.51900097675341
35152,0.936161664577203
35153,0.5626975130872602
35154,0.5404021793474889
35155,0.5673583835548973
35156,0.5400208163895548
35157,0.2715624834728784
35159,0.31413280175136793
35160,0.27859444375852477
35161,0.3262550267961439
35162,0.4093037867086994
35163,0.31755867290499973
35164,0.34766194540156914
35165,0.32228620146032394
35166,0.48040827251070317
35167,0.35106860735822
35168,0.32562655553380376
35169,0.27842295957267343
35170,0.5222991904942126
35171,0.25188105467243393
35172,0.5484018656806418
35173,0.9267734573357531
35174,0.49004665568908923
35175,0.3527801982813025
35176,0.668347440667673
35177,0.9141613940163826
35178,0.4663486166745431
35179,0.6243430643215863
35180,0.45970071273391533
35181,0.799918384735552
35183,0.41041733003906655
35184,0.19291646524358533
35185,0.439514010139496
35186,0.6944123261587155
35187,0.36542067826035407
35188,0.6525573600011887
35189,0.9592043871889362
35190,0.506125976428914
35191,0.32363455820907566
35192,0.3692742671575105
35193,0.9245267950321824
35194,0.3974942733386019
35195,0.9344351695180926
35196,0.8897655626292069
35197,0.9879896061396226
35198,0.31727569383815807
35199,0.25921911113262686
35200,0.2914370418491284
35201,0.20847878582609936
35202,0.2975028287949518
35203,0.4499341402865966
35204,0.9079822966828935
35205,0.33427449298199907
35206,0.934904584906199
35207,0.8631624580768106
35208,0.867522912002612
35210,0.9132209959721767
35211,0.29709719406632157
35212,0.4270273751227264
35214,0.3359153836625166
35215,0.3176273489632167
35216,0.8821962952470183
35217,0.31182515710204534
35218,0.6321218012863878
35219,0.5924540872850326
35220,0.6087544671507067
35221,0.45586854246941744
35222,0.8330786099213437
35223,0.3662614944429742
35224,0.5580928688653458
35225,0.6382629011287774
35226,0.6227584086128923
35227,0.8057980678281798
35228,0.8596569198117251
35229,0.38210131317430174
35230,0.38749036606759524
35231,0.3940848391871793
35232,0.3334195416961754
35233,0.38802442787814745
35234,0.22188798020370365
35235,0.24032449313511392
35236,0.6489080189699697
35237,0.4433616327088944
35238,0.9970249084861174
35239,0.20395069315793268
35240,0.9147590665267651
35241,0.9823948393098186
35242,0.7116029118739775
35243,0.6727903055322646
35244,0.6958164016917161
35245,0.785357505784362
35246,0.5227126013285414
35247,0.8760904582620004
35248,0.7841769920947382
35249,0.2854633084079463
35250,0.9141707326538637
35251,0.9406559891380547
35252,0.35940607203421526
35253,0.5930226770897845
35255,0.6536618654954275
35256,0.9780478478946486
35257,0.4037782188773375
35258,0.5222265643222924
35259,0.7627571848968314
35260,0.47338824047603545
35261,0.45769656148906074
35262,0.41618090513406486
35263,0.9433140279101327
35264,0.4696027102328396
35265,0.616701358995294
35266,0.9132096247854028
35267,0.0
35268,0.4764740925234747
35270,0.9183993108734992
35271,0.5850873646422386
35272,0.32968791034031064
35273,0.6898622828072695
35274,0.9907552346928475
35275,0.8695087882650808
35276,0.6852187760621912
35277,0.7101463819219451
35278,0.9578529268761208
35279,0.6455849760542475
35280,0.41145778570294506
35281,0.9548752923631203
35282,0.39398051608365997
35283,0.43295962466417176
35284,0.9759318084181087
35285,0.3824809941062708
35286,0.2895412124663104
35287,0.9794271795027031
35288,0.9606696731082925
35289,0.45286603620003135
35290,0.2781296826138572
35291,0.7791276332363446
35292,0.41930435127740323
35294,0.5294422407011392
35295,0.6234777478699792
35296,0.9045127267078172
35297,0.22763117480773334
35299,0.7921463277187143
35300,0.33870235740771537
35302,0.20371977603984612
35304,0.5939190277037939
35305,0.2755551933194406
35306,0.720477192138943
35307,0.4382337921825406
35308,0.5924525338158988
35309,0.7613918406829063
35310,0.38920303577570786
35311,0.28355246727328637
35312,0.4775762810223937
35314,0.7700390770978965
35315,0.9449420314380792
35316,0.3030122176012962
35317,0.6335594466057679
35318,0.5638847363210926
35319,0.6280307520953102
35320,0.31699280537053137
35321,0.6150734136420478
35322,0.4229382357055606
35324,0.339570676841866
35325,0.3011167304489848
35326,0.7563271200783731
35327,0.8360447474478239
35328,0.35383548889011823
35329,0.7993574370890546
35330,0.46251171347220177
35331,0.8280911471762318
35332,0.42757034768058794
35333,0.26952081804230704
35334,0.9897114478709437
35335,0.4940802107162464
35336,0.47869725794015633
35337,0.4527677278962702
35338,0.34585372331698666
35339,0.7719020430655887
35340,0.2526126183736825
35342,0.3082786181474349
35343,0.390677009039241
35345,0.6612809435553836
35346,0.5752685815610473
35347,0.48819963197112426
35350,0.3361960822080588
35351,0.7996854048780462
35352,0.9282465040109962
35353,0.9479701858777786
35354,0.8117818617892872
35355,0.6990655533547895
35356,0.8851323487571848
35357,0.4501891672876592
35358,0.6816698538240578
35359,0.3050910356253222
35360,0.4976393564373353
35361,0.49828818907662
35362,0.5328044927470832
35363,0.8750691511095079
35375,0.0
35376,0.0
35508,0.0
35510,0.0
36000,0.0
36001,0.3231451376833748
36002,0.1450717022968393
36003,0.33679001692310423
36004,0.34919811261132033
36005,0.6114624407091647
36006,0.8694245702513461
36007,0.11883846848731314
36008,0.30643385908460335
36009,0.5289464236173228
36010,0.5498304141693108
36011,0.2724869504615072
36012,0.4246820681259647
36013,0.08880608213376572
36014,0.37742786598194283
36015,0.1646030838598561
36016,0.40770035945176886
36017,0.26834445108183375
36018,0.7358295767992276
36019,0.1353252878438993
36020,0.19483602973999814
36021,0.19404421909258376
36022,0.5482131061663518
36023,0.16141070576648672
36024,0.23466485158124237
36025,0.6565267349297033
36026,0.3549317742781317
36027,0.3151302452721851
36028,0.29790270766869154
36029,0.1532708051514918
36030,0.5271298867464337
36031,0.22838118445298636
36032,0.5303916073709133
36033,0.5263124821195978
36034,0.32098448850012434
36035,0.16115466366871753
36036,0.18143523794090363
36037,0.38456777366677425
36038,0.44926027787356027
36040,0.53588915432926
36041,0.13903680591620785
36042,0.5147225023901881
36043,0.5591991294359853
36044,0.967126636585975
36045,0.7015502260033688
36046,0.8966284639984691
36047,0.12839379136961507
36048,0.5525472896328715
36049,0.4773970991521544
36050,0.5389925363062797
36051,0.5549277576278661
36052,0.14253565789485986
36053,0.662826892236395
36054,0.3645286568681508
36055,0.489716373015143
36056,0.6077011518735241
36057,0.5479737649248997
36058,0.475626435218917
36059,0.11454775884196984
36060,0.30747037813803396
36061,0.3703750626823681
36062,0.47291024600135306
36063,0.9453191045971278
36064,0.5110165086805502
36065,0.7942735340885984
36066,0.6296019886453974
36067,0.05975767008751023
36068,0.44752705634491907
36069,0.20052883260238272
36070,0.40491111518688483
36071,0.6025290611465822
36073,0.3831975629950215
36074,0.35981771947427926
36075,0.11569997157971926
36076,0.5686216540231565
36077,0.17679994156064902
36078,0.5190864082207837
36079,0.4891663916460016
36080,0.1111111111111111
36081,0.5090885928568887
36082,0.10972735327574315
36083,0.22086245742001132
36084,0.5541570728748084
36085,0.1351853210948596
36086,0.20684290824462623
36087,0.40877187792379227
36088,0.4051553421186498
36089,0.8912992292223573
36090,0.15356516829211003
36091,0.6955519334506368
36092,0.10972242316369703
36093,0.39339527508360245
36094,0.11867836391814558
36095,0.2796576265790114
36096,0.5288185637858231
36097,0.18510913494701822
36098,0.21133629436406082
36099,0.18461850399082672
36100,0.5988802335876512
36101,0.5541769840160972
36102,0.2688733306448339
36103,0.17247897077713858
36104,0.5296572363548935
36105,0.7401966248484546
36106,0.5655512858807578
36107,0.13996760578571119
36108,0.5213688690111681
36109,0.7829482662277186
36110,0.5349891583182056
36111,0.5279217686687975
36112,0.5011086033183432
36113,0.6775039717353999
36114,0.5590209685986279
36115,0.2905519697290334
36116,0.17841733428410242
36117,0.5988139135542357
36118,0.5764918674688247
36119,0.43679281816557913
36120,0.3329631510284696
36121,0.15445670779079657
36122,0.2552406431684998
36123,0.20575594297309846
36124,0.14805869281966225
36125,0.7472222663725635
36126,0.2556603765062618
36127,0.7605854984533519
36128,0.5502146402473351
36129,0.3226702885713194
36130,0.6033169551243657
36131,0.5055461820979706
36132,0.5372971860063213
36133,0.27951947992134424
36134,0.1304676854396274
36135,0.16838336647231592
36136,0.42502811813016034
36137,0.5509818866805698
36138,0.3804722439264823
36139,0.5179029116200109
36140,0.33400155441556484
36141,0.3166586456343311
36142,0.5198485150431629
36143,0.4632406016790597
36144,0.518619074842162
36145,0.3900947336230037
36146,0.5666930665200834
36147,0.15687586912788498
36148,0.619169324818483
36149,0.40911129810414043
36150,0.33643686380545684
36152,0.20922404193126964
36153,0.44335822094170585
36154,0.5941360272231055
36155,0.18026415025414766
36156,0.2481197784839448
36157,0.5186023347503178
36158,0.5315949139274577
36159,0.9121143338953422
36160,0.5413235944153149
36161,0.529646910756091
36162,0.18530860189717405
36163,0.2972927399194506
36164,0.48536519921351157
36165,0.727534779357425
36166,0.2637191021761918
36167,0.5985189434592719
36168,0.576800575975045
36169,0.12887608884073193
36170,0.1686631587849834
36171,0.8979059803573864
36172,0.5735497969509964
36173,0.40097886165562663
36174,0.43096547179282496
36175,0.1916861992949473
36176,0.40494509261889733
36177,0.5030989150682091
36178,0.5638678955207905
36179,0.21587305681131533
36180,0.23362650843833035
36181,0.11256879633405865
36182,0.3788608946075387
36184,0.330129522468762
36185,0.3852140386857081
36186,0.3148113903716932
36187,0.45246639379045295
36188,0.3974674834050093
36189,0.39710153166016826
36190,0.43966411855733195
36191,0.1450647274755753
36192,0.516710430539544
36193,0.19391119736999635
36194,0.2270194392431679
36195,0.6854067677874848
36196,0.40173578059349435
36197,0.49881429792957815
36198,0.5410861420044872
36199,0.18838243819032105
36200,0.5893435488683852
36202,0.5794404291555431
36203,0.3060226307715734
36204,0.38120355797836647
36205,0.769749497052199
36207,0.45933836782723136
36208,0.39404849029514666
36209,0.2964375950575298
36210,0.5885881208775806
36211,0.548450665516089
36212,0.3079215650561351
36213,0.564643190809398
36214,0.25270667302165156
36215,0.12225005101437542
36216,0.1472306864036169
36217,0.3822170192732102
36218,0.0992170229760932
36219,0.4516588370678721
36220,0.6040416796434325
36221,0.48391971120421706
36222,0.21722339067550295
36223,0.21275059483599484
36224,0.5818700950159917
36225,0.39072404604171856
36226,0.3960896110649012
36227,0.33254801808471735
36228,0.16120253273773322
36229,0.285845719956347
36230,0.15787528574966694
36231,0.5375674514958935
36232,0.15758677847060965
36233,0.29074086702977703
36234,0.4305769387124231
36235,0.14242034318786975
36236,0.4518642710079033
36237,0.12559647646417704
36238,0.2339378892448607
36239,0.4990190229870438
36240,0.19639671087373783
36241,0.5342984774449537
36242,0.5075340567250587
36243,0.26146697620114956
36244,0.13134731970853963
36246,0.46459748957725594
36247,0.5176860215306945
36248,0.4004047197832454
36300,0.0
37001,0.6122333578344784
37002,0.6865502581106332
37003,0.8823401457651631
37004,0.3946687721489207
37005,0.4890305842803798
37006,0.8975165174217286
37007,0.5104988143747583
37008,0.9750622938773367
37009,0.5127149122728355
37010,0.5352385582259828
37011,0.6299851303449714
37012,0.5923874880255655
37013,0.36993499992384066
37014,0.8665941125697799
37015,0.9624202063590019
37016,0.8611797298726978
37018,0.9262405255518644
37019,0.6984035575529581
37020,0.29998526698936917
37021,0.3916070168751059
37022,0.574017142943586
37023,0.11098450333614732
37024,0.3115306792899816
37025,0.8872867298886942
37026,0.23796602520301366
37027,0.8869514406528026
37028,0.3400975009305931
37029,0.21817444723917478
37030,0.3735929356900579
37031,0.42362099524281854
37032,0.1916958560558178
37033,0.1782966565501288
37034,0.2803246029529013
37035,0.48753522708429337
37036,0.2522173969456018
37037,0.14641577492595095
37038,0.5010805438303308
37039,0.2620692460463553
37040,0.14974512313443653
37041,0.13317393890667922
37042,0.5347614230772377
37043,0.34052527567032814
37044,0.07183389668050534
37045,0.22003604121305245
37046,0.07311196467149134
37047,0.6915643648985
37048,0.1454606447459405
37049,0.8578648287995823
37050,0.9922729723455824
37051,0.30457319185276593
37052,0.8877322705989281
37053,0.8597106328611648
37054,0.8513003282695836
37055,0.1254271251567768
37056,0.5752908364625887
37057,0.23800930957015162
37058,0.3741276257006422
37059,0.8910463712586171
37060,0.8270549016017771
37061,0.28592924984848606
37062,0.22562536884325818
37063,0.40573635065871266
37064,0.10595727380062102
37065,0.40769185663172247
37066,0.8367920327448898
37067,0.6311923787378999
37068,0.16681985394609758
37069,0.14109709122374287
37070,0.7547278861349788
37071,0.3143749196718615
37072,0.5652706012096945
37073,0.7315522746403135
37074,0.4598977102391134
37075,0.9374979525513805
37076,0.5269809387896857
37077,0.8068899034150174
37078,0.13286500899189468
37079,0.7881610843144958
37080,0.1636958673437704
37081,0.37574099640436065
37082,0.2644136967449658
37083,0.9500146915787168
37084,0.20725660907610252
37085,0.9341670097727434
37086,0.05937816996547071
37087,0.26990961009557185
37088,0.5604901398878931
37089,0.3631880290326578
37090,0.5453697548528725
37091,0.8758582843637889
37092,0.5668876445939425
37093,0.2330659842056391
37094,0.1887183715898235
37095,0.3043419298070337
37096,0.9394118613494962
37097,0.8541795449101467
37098,0.23587858998013933
37099,0.8916312690702736
37100,0.6369417724147333
37101,0.18998322711779383
37103,0.14777477197326178
37104,0.953667197894873
37105,0.5841236553256091
37106,0.37773051508994815
37107,0.11606469643231195
37108,0.20015596236690966
37109,0.9461924844051155
37110,0.7168482434353327
37111,0.10462783068859755
37112,0.35029278587530677
37113,0.06903987850836997
37114,0.7421271479345665
37115,0.30179992847105225
37116,0.10555835522830677
37117,0.11037884426402865
37118,0.3716641498705697
37119,0.24696175297299375
37121,0.65728964177908
37122,0.966313556525611
37123,0.3566482266620941
37124,0.9613578253586298
37125,0.33409553026035443
37126,0.5335326429716896
37127,0.7103738348028693
37128,0.5785497314291962
37129,0.4431754342954748
37130,0.2596056121291488
37131,0.4689776158695788
37132,0.3325842257823149
37133,0.2349061370350869
37134,0.9020233413312329
37136,0.8968566132189759
37137,0.17481767868670478
37138,0.945079638475203
37139,0.9172707095861419
37140,0.21728706960383698
37141,0.7117180662902222
37142,0.1842397374662461
37143,0.869308305711943
37144,0.5227744581934488
37145,0.25338569612525336
37146,0.2010617264016247
37147,0.21865688926167506
37148,0.4849855043893934
37149,0.2136125487319732
37150,0.5915800163217353
37151,0.9119061331315808
37152,0.9004411823180898
37153,0.7243616286566253
37154,0.947301630292219
37155,0.33236162961275695
37156,0.9625338617121799
37157,0.143320168496367
37158,0.5726989985232461
37159,0.9341109409355434
37160,0.3618988526080168
37161,0.36006294516729176
37162,0.13888622096359393
37163,0.8473458196020265
37165,0.5236007608134224
37166,0.5397858949330258
37167,0.33680595383396145
37168,0.03322563465555341
37169,0.278883855446232
37170,0.10158945160079738
37171,0.9238340306045943
37172,0.8781925194380951
37173,0.1350412591412852
37174,0.19513474557477156
37175,0.6563650718579679
37176,0.18272528823281306
37177,0.07947404611107922
37178,0.6714828168210697
37179,0.8518601596022131
37180,0.17688135114820439
37181,0.034387467026049674
37182,0.83181771166109
37183,0.25533127326313243
37184,0.09304129959390901
37185,0.8334998027269963
37186,0.8705824251774065
37187,0.3709193195993812
37188,0.21899934653678607
37189,0.2108924803801394
37190,0.36589121296206534
37191,0.5445165173874599
37192,0.9162971148905495
37193,0.3023089305601358
37194,0.5488826779822248
37195,0.946667327016628
37196,0.5188986024133363
37197,0.4478105155007833
37198,0.16318698004079013
37199,0.2441010074911097
37200,0.5350546832592024
37201,0.41417358570960927
37202,0.4825924453980682
37203,0.908513697753917
37204,0.5631631607511155
37205,0.864185057368719
37206,0.7440749850501804
37207,0.1632517928420503
37208,0.9602736604627523
37210,0.5408702621897551
37211,0.9361421247636182
37212,0.7197996315166824
37213,0.21065352556402597
37214,0.9275481221614336
37216,0.45613140527737
37217,0.8785192761205776
37218,0.3260271439374891
37219,0.9324044551089462
37220,0.5574348550192372
37221,0.2622514256516939
37222,0.21573190074072338
37223,0.14582383747294375
37224,0.5664856622421911
37225,0.9463721749251924
37226,0.23279325065220519
37228,0.4069723883413552
37229,0.2767170787735425
37230,0.48287884759083277
37231,0.14550146957276078
37232,0.39357067757866754
37233,0.942374302344745
37234,0.777271433184292
37236,0.8624960261981617
37237,0.9188099654578418
37238,0.22445779774873714
37240,0.3422789272589451
37241,0.056483774497246335
37242,0.608290453428558
37243,0.9019543639910566
37244,0.34369295786128345
37245,0.6856888353972999
37246,0.174719967241636
37247,0.19086901983640936
37248,0.5243077476755761
37249,0.3749457400171439
37250,0.9049472301898317
37251,0.14560496242168833
37252,0.8157401717412038
37253,0.8651875542139037
37254,0.9360891973147493
37255,0.3092751026827326
37256,0.21538849852621084
37257,0.8417265865898305
37258,0.5395663891155568
37259,0.5398129418604637
37260,0.2694782703510356
37261,0.9392601400949553
37262,0.19143672377606621
37263,0.9632736798292438
37264,0.8662572203181581
37265,0.15137090160118066
37266,0.956977701704169
37267,0.9646234583340214
37268,0.2848001095334551
37269,0.2458714618432771
37270,0.9197892710163128
37271,0.6606801287056023
37272,0.8882914314068067
37273,0.9419305442006851
37274,0.18024465278611024
37275,0.26650534194399345
37276,0.46960459461600923
37277,0.15980372115922375
37278,0.7891308183676664
37279,0.22401359275712282
37280,0.3068517696141549
37281,0.9200442803647659
37282,0.2945413936300599
37300,0.0
37540,0.0
38001,0.5408950264659937
38002,0.6004982677518118
38003,0.8371783423687958
38004,0.540028289691415
38005,0.6189184925698458
38006,0.796746774694062
38008,0.04856372561583344
38009,0.7999298880519102
38010,0.9155089929965912
38011,0.9410937429270037
38012,0.505398146944476
38013,0.6628167411711714
38015,0.7779906741154373
38017,0.7455661173738923
38018,0.5537611318746021
38019,0.7146949260237455
38020,0.7411133349978302
38021,0.0
38022,0.388257388185711
38023,0.15605256051282018
38026,0.4994228311175942
38027,0.8079783736982165
38029,0.381693021950091
38030,0.5795528623359271
38031,0.03739371309608542
38032,0.36913603728130234
38033,0.3383160305155906
38034,0.8051276175176337
38035,0.7678928980450498
38036,0.399914981658241
38037,0.7568330085011691
38038,0.5752618728871408
38039,0.9030690183439488
38040,0.5095325267255931
38041,0.4125991400305081
38042,0.45162666203870694
38043,0.6108131156261281
38044,0.551937675162706
38045,0.8687848702729987
38046,0.5077562155583021
38047,0.5385442672535057
38048,0.8918426369674037
38049,0.2003521424150683
38050,0.40740845008020726
38051,0.9253937954115892
38052,0.6260153441477108
38053,0.8430024506966145
38054,0.40756561419603354
38055,0.38805314991002887
38056,0.4601430904443513
38057,0.9182395503512844
38058,0.45706545514576397
38059,0.9412475351164643
38060,0.4168832532058075
38061,0.7106129056310296
38062,0.7553507510343977
38063,0.4472341577572249
38064,0.6100296992226651
38065,0.39599628590919217
38066,0.9624859098932822
38067,0.9303956874541052
38068,0.9244611747708819
38069,0.6898092647371487
38070,0.6691149101473699
38071,0.8768294562010402
38072,0.8858888918602028
38073,0.2685989572375283
38074,0.4850613037772329
38075,0.8847869622666289
38076,0.49605970287506235
38077,0.7316551158687451
38078,0.7906550596736178
38080,0.49797299219700825
38081,0.7872537782641909
38082,0.607539755872004
38083,0.44776335727949995
38084,0.5566884001712856
38085,0.9551495640371643
38086,0.3234625236205315
38087,0.9549668794665179
38089,0.46830117774035634
38090,0.17834101210026215
38091,0.6951710981538604
38092,0.45614440532528455
38093,0.26119728469108966
38094,0.7254214137335024
38095,0.4524444876784538
38097,0.932883252740282
38098,0.47198908730689293
38099,0.41045470757264424
38100,0.6936676089420195
38101,0.7245055696977035
38102,0.8190021566218589
38103,0.5768736810700653
38104,0.5072505070800187
38105,0.5922067769840318
38106,0.6316791178029302
38107,0.7712402070980828
38108,0.42981186130201765
38109,0.9040965724228226
38110,0.9040109712469288
38111,0.8802663396850613
38112,0.46381239059026846
38113,0.7700133821738449
38114,0.7948037815620618
38115,0.5239726125236459
38116,0.13452590238608753
38117,0.41008653493302055
38118,0.7051372244626773
38120,0.8319883552644164
38124,0.38420183361386273
38126,0.9874942502386094
38127,0.2168547747862784
38128,0.0474042184265638
38129,0.15196412051081953
38130,0.4765660447553214
38131,0.780763721320069
38132,0.04952770069912938
38133,0.6229798703196695
38134,0.8688108900860949
38135,0.6634326079455728
38136,0.7906938548169565
38137,0.5186458070805319
38138,0.8953144000558636
38139,0.2729066651244934
38140,0.8344743576971865
38141,0.7392705087267175
38144,0.9081689189801516
38146,0.8678985877900912
38147,0.5126290138240356
38148,0.46000277387724975
38149,0.8796898687152915
38150,0.8696345930053345
38151,0.9630072525636806
38152,0.6992116481580847
38153,0.8891598806415162
38154,0.09911006893561024
38155,0.555838797593402
38156,0.7043658126684489
38157,0.761557038308743
38158,0.9503969037883992
38159,0.5198246376922719
38160,0.9242661564546604
38161,0.22022090597654972
38162,0.4104119668433328
38163,0.48929184180401014
38166,0.7492425162541164
38167,0.6376953281128988
38169,0.9492356516148364
38170,0.8813860212264191
38171,0.5327949503812335
38172,0.8761396307176221
38173,0.5462483368246724
38174,0.4307519020380187
38175,0.7695117844179936
38176,0.9057769542669211
38177,0.6481575669148423
38179,0.9013852794884876
38180,0.4166952462195173
38181,0.5396754391650213
38182,0.5242300163503939
38183,0.459227368683646
38184,0.9277901505421167
38185,0.9973064242631045
38186,0.4070238911083071
38187,0.6163592481222118
38188,0.8916073537106008
38189,0.9254055740371784
38190,0.8234808775173511
38191,0.5506259164451831
38192,0.5710417848108131
38193,0.9488364452389118
38194,0.5663411893528632
38195,0.29245732435097666
38197,0.9515225508935812
38198,0.9190786949270879
38199,0.8629535671741108
38200,0.9279375853035253
38203,0.7121134524120778
38204,0.2683931521382809
38205,0.8721266282839547
38206,0.6483260283545452
38207,0.2862626504849323
38208,0.5086913760549344
38209,0.24014136714712378
38210,0.9166129613499857
38211,0.724222272169074
38212,0.9854318963147426
38213,0.4291490055856359
38214,0.6499384233997426
38215,0.9353683201293973
38216,0.5514165425037453
38217,0.16946587401309532
38218,0.31865152957716797
38219,0.2008376453600627
38220,0.0
38221,0.1932087909827104
38222,0.6100228874809974
38223,0.8027435551591479
38224,0.17522827075240072
38225,0.8567647115308967
38226,0.1744252948631724
38228,0.5887515655445958
38229,0.9081706755319333
38230,0.7634253747020052
38231,0.7509109513970942
38232,0.5827699375425114
38235,0.1583606777822727
38236,0.5418076136154928
38237,0.679452146501009
38238,0.8675816992855755
38239,0.6926895627443492
38240,0.7584298550647144
38241,0.037976043964032785
38242,0.3358679972780651
38243,0.6927153341771479
38244,0.8298339512843156
38245,0.6355105364624505
38246,0.4831216829945314
38247,0.679137754491641
38248,0.8274316168074244
38249,0.8729301586846925
38250,0.6562226055689823
38252,0.8971898769688473
38253,0.6670632961039147
38254,0.579423134938861
38255,0.13522033107774112
38256,0.5119534058255767
38257,0.4669915657711049
38258,0.8634633330549747
38259,0.8883407094096123
38260,0.8777806286793337
38261,0.5568263684111434
38263,0.546022762036682
38264,0.7197689561783461
38265,0.1988063066483476
38266,0.21167270967142773
38267,0.5511433522351447
38268,0.8011340423051754
38269,0.19381548697803505
38270,0.5652355552143603
38271,0.8737771637031075
38272,0.35251723233197507
38273,0.15141115837675423
38275,0.4424733655655064
38276,0.7164970432182448
38277,0.6655626657049999
38278,0.4901284661084674
38279,0.8160524496179158
38280,0.5896072365847086
38281,0.8542359983018603
38282,0.7392740863442039
38283,0.16158694600517234
38284,0.3947444397597914
38285,0.5125215472979889
38286,0.7013003647183311
38287,0.5470766819127793
38288,0.932147469521057
38289,0.3952619094563683
38290,0.9291150808224157
38291,0.2507338661694147
38292,0.5279042014290659
38294,0.8992535345721187
38295,0.3962329412362468
38296,0.4430591326481184
38297,0.562150247014641
38298,0.8767344963189343
38299,0.07764418269217048
38300,0.2432858337219391
38301,0.7065874637425154
38303,0.5960358408154262
38304,0.18600862088729148
38307,0.7355137737229577
38308,0.5580662038606548
38309,0.9205107117230621
38310,0.560551387049682
38311,0.2314086781086352
38313,0.13010675829793925
38314,0.7695840647131205
38315,0.58881990539169
38316,0.9551921719821791
38317,0.9886238900551985
38318,0.8157676818173332
38319,0.5234158715311917
38320,0.469093911252931
38321,0.24023085358814264
38322,0.38259868975828526
38323,0.4918706777257641
38324,0.9005699532635615
38325,0.8863537216317147
38326,0.16274016077085388
38328,0.9875806644211319
38329,0.057001094733163934
38330,0.5166929601147751
38331,0.5368835308353158
38332,0.5631181792269923
38333,0.6210106903675853
38334,0.8438328605463997
38335,0.7832593837726115
38336,0.764032319051498
38337,0.6068068596068557
38338,0.7675649549353546
38339,0.8781540892077079
38340,0.8107781934335322
38341,0.5661596566484145
38342,0.4136055504343585
38343,0.6115449096865168
38344,0.8655253300368058
38345,0.6186352831531321
38346,0.7540586968479446
38347,0.44928318583645915
38348,0.6970239636114948
38349,0.9503879094902614
38350,0.7593396953891532
38351,0.7609396278371795
38352,0.904644980593509
38353,0.8282992586336047
38354,0.563677452232443
38355,0.3667646028786505
38356,0.5071270442637293
38357,0.4345805979523996
38358,0.7275763792852344
38359,0.5059689087568374
38360,0.44017323836568234
38361,0.1550113102714856
38362,0.6214259647558034
38363,0.3988616930803766
38364,0.7743364562977099
38365,0.3942322123743173
38366,0.16802049198895685
38368,0.5732369805543687
38369,0.5578340221847304
38370,0.6416478971803332
38372,0.438755129158017
38373,0.5854788716578277
38374,0.7347773579254427
38375,0.25968904289313754
38376,0.8274761798594766
38377,0.44322294006222246
38378,0.808677240642611
38379,0.16250612742835882
38380,0.6000692675746101
38381,0.4459364045352404
38382,0.9010186580130323
38383,0.5847708821162854
38384,0.5617489283199241
38386,0.511907800930064
38387,0.48767496885204337
38388,0.7867362921161153
38389,0.8725453690431434
38390,0.7349136151198469
38391,0.38388700256133673
38392,0.8527117813303114
38393,0.3945076093487515
38394,0.6948539857703921
38395,0.6058805762254958
38396,0.1913609638084879
38397,0.8589062480742266
38398,0.4720707610989643
38399,0.7988241410473979
38400,0.6351496275813018
38401,0.5583092759606024
38402,0.6973059085804489
38403,0.1557719355675205
38404,0.8463132116390637
38405,0.7344765371869605
38406,0.2674899577785441
38407,0.8085059786222953
38408,0.9391131987592606
38409,0.6150045793017281
38410,0.7583004108289519
38412,0.7125159374560902
38413,0.10823372045511791
38414,0.05802803343693175
38415,0.8871859393431996
38416,0.5002657227751833
38417,0.6874202344393631
38418,0.7973842342018658
38419,0.7081532958386286
38420,0.47980179860517386
38421,0.9282039267250569
38422,0.8650647419113124
38423,0.9895449846620974
38424,0.6149094043519896
38425,0.7847385132344207
38426,0.7927180166694039
38427,0.49148131851955856
38428,0.06661800416802542
38429,0.5401267761144272
38430,0.8131509666955425
38431,0.8795705980616841
38432,0.6036026723624124
38433,0.9113158350559766
38434,0.4670670051859774
38436,0.7875693868301173
38437,0.5823836228680922
38438,0.3418805113538487
38439,0.734419856056563
38440,0.40080348124245624
38442,0.7982770723325698
38443,0.33435858912812527
38444,0.10826687088827337
38445,0.7485954808064363
38446,0.8202475601646684
38448,0.7731248222269482
38449,0.9177404928235122
38450,0.8015220446151249
38451,0.9334059199039745
38452,0.7391089029657206
38453,0.4912845299458986
38454,0.35608143549621685
38455,0.7518194345366426
38456,0.1041052706773359
38457,0.4757953570747419
38458,0.5266174513961602
38459,0.9058698648437755
38460,0.5275411862388035
38462,0.5346624613898343
38463,0.3164014639334343
38464,0.6381324576081989
38465,0.42759254183584183
38466,0.7081313899260814
38467,0.7299103526564868
38468,0.9603960142550358
38469,0.055742893879291246
38470,0.10726026928403419
38471,0.8729029635292848
38472,0.9847125539003212
38473,0.46582929811643414
38474,0.8934549361301282
38475,0.9425355305362179
38476,0.7459536104994461
38478,0.9674736847703032
38479,0.6018604779119398
38480,0.9200152215767025
38481,0.6590843908574112
38483,0.7015988055282022
38484,0.9000199438903091
38485,0.9314668407969318
38486,0.9428561153414786
38487,0.8899535500831834
38488,0.8657713731636505
38489,0.09987107076806788
38490,0.5409256580425228
38492,0.13743431465360845
38494,0.7336717182792009
38495,0.4757734906467268
38496,0.7787743149819031
38497,0.17141798321170007
38498,0.6783588210257374
38499,0.24155419288687005
38500,0.29079269872491786
38501,0.5366950108339132
38503,0.511454212337482
38504,0.5151000312129154
38505,0.22644778884628194
38507,0.9462008830135813
38508,0.5500603175070519
38509,0.595540434784579
38510,0.0
38511,0.7364904467702086
38512,0.7109998738444483
38513,0.3713402165693133
38514,0.17298656613039695
38515,0.8386648129579712
38516,0.9942657343171764
38517,0.6132213881976003
38518,0.08293174507048998
38519,0.9372957375625572
38520,0.4978879517026411
38521,0.1732651400386869
38522,0.10477211532684026
38523,0.3154293673601675
38524,0.8154714637829548
38525,0.5786481576632154
38526,0.5033247913478996
38527,0.622907249282607
38528,0.975362422401931
38529,0.9815940385048489
38530,0.9168300207721654
38531,0.485633304279554
38532,0.8563832020967148
38533,0.888651118567676
38535,0.8907322012369485
38536,0.7503887674962011
38537,0.9271813909373374
38538,0.8631247040706063
38539,0.4027275747756161
38540,0.8554711166570829
38542,0.8860708578012076
38543,0.5621260415172161
38544,0.9534920986953681
38545,0.7067152359774838
38546,0.6000231389244556
38547,0.8585761464449454
38548,0.7899422391643678
38549,0.4853897932142361
38550,0.5646656654308446
38551,0.5665462271260484
38552,0.334906907054143
38553,0.9308078000731929
38554,0.8986142502001024
38555,0.7381448524929077
38556,0.777040998732213
38557,0.9328735079375736
38558,0.9246357944826823
38559,0.3957892499651289
38560,0.49475734091038864
38561,0.24304838944973362
38562,0.9597001359529199
38563,0.6143632730244973
38564,0.49991549036547106
38565,0.8591727270674705
38566,0.6062954451055828
38567,0.85866109415375
38590,0.0
38670,0.0
39000,0.0
39001,0.43042887763606175
39002,0.3607791363608128
39003,0.38051213103594755
39004,0.16819903589446503
39006,0.13859445163770714
39007,0.28229328799579684
39008,0.5723902222485903
39009,0.17997694748078208
39010,0.30919163135424577
39011,0.30011900220310467
39013,0.2756251609703695
39014,0.45900962592562006
39015,0.11264160567766522
39016,0.7112946890718341
39017,0.7628748600307207
39018,0.46749067114740395
39019,0.1548807401864292
39020,0.16556614273979514
39021,0.3557514475972217
39022,0.234146830344905
39024,0.7286346913408913
39025,0.27128456859351135
39026,0.4106465979053138
39027,0.3419530433906488
39028,0.7128488554534741
39029,0.35260264360779864
39030,0.4984227332931151
39031,0.38542228143725227
39032,0.4404371065255875
39034,0.2050405278501722
39035,0.34758789954225816
39037,0.3084651382068979
39038,0.5294473799460746
39039,0.31879273800490265
39040,0.30763669692756784
39041,0.5906234082426531
39042,0.5219013544645551
39043,0.27917179409485293
39045,0.42269845302100795
39046,0.5824545622097651
39047,0.25726182206260123
39048,0.43090706879374363
39049,0.3296743814818356
39050,0.28507769142264333
39051,0.3995258722006597
39052,0.16009328801797984
39053,0.443455156546029
39054,0.3460127719410533
39055,0.059119689523702806
39056,0.43963315371795914
39057,0.49627174621327774
39058,0.7287242046249252
39059,0.49595644952472895
39060,0.45624450557289564
39061,0.5226511796826667
39062,0.7839128687647597
39063,0.16966804291866636
39065,0.7557751552084336
39066,0.46137215484466926
39068,0.42836657490645685
39070,0.04697825701760392
39072,0.16708553599040066
39073,0.6786873070536644
39074,0.3839805036674273
39076,0.3890121161208139
39077,0.30635134768599204
39078,0.5334329441744219
39079,0.5939937997252788
39080,0.4678946843686868
39081,0.2718549015631749
39083,0.09389973850594463
39084,0.15429774839823496
39085,0.305665675475841
39086,0.6363804349459409
39088,0.4383381434810699
39090,0.3494961770556661
39091,0.1429652458302787
39092,0.46480680590686985
39093,0.2777481135253753
39094,0.2693596987005119
39095,0.14930543141469618
39096,0.38025086067547054
39097,0.05630576440837802
39099,0.35693486943019936
39100,0.3442191838036862
39101,0.42382469105358356
39102,0.6245519351663438
39103,0.10385192183942006
39104,0.4815269742687372
39105,0.10798150739586816
39106,0.43696301052142256
39107,0.36900533223193
39108,0.04403628649676373
39109,0.7127561645286059
39110,0.3673404432954577
39111,0.32120851058994293
39112,0.3704542673481936
39114,0.515060139870508
39116,0.4854573716141204
39117,0.4442135083671352
39118,0.2840563231655261
39119,0.3642016577861999
39120,0.10337055124111019
39121,0.5664095743375428
39122,0.763386459553532
39124,0.4101384433076194
39126,0.17000909476098697
39127,0.6162243777286449
39128,0.3056729620619713
39129,0.10386776133425075
39130,0.2598390178838085
39131,0.15393203905776065
39132,0.4766512503709035
39133,0.2546736518174621
39134,0.4257637781958817
39136,0.3401063308738594
39137,0.6406724652566418
39138,0.31452068365767805
39139,0.3245962583376359
39140,0.40834579834043283
39141,0.43078947158346304
39142,0.3436083125321536
39143,0.12937837773635288
39145,0.6521977160272461
39146,0.4026811081632272
39147,0.2478963863077339
39149,0.35477109597595347
39150,0.7833854494332992
39151,0.7867981076829885
39153,0.043040585840764096
39154,0.4280765841153806
39155,0.14190687776860977
39156,0.43052032156897324
39157,0.5175333678327482
39159,0.32753021874182814
39160,0.527597212692943
39162,0.32714345387395916
39163,0.6413102995912359
39164,0.5814960540261772
39165,0.04724333343240723
39166,0.29637939153924203
39167,0.44986283578886604
39168,0.39502212771696604
39169,0.48805299009133357
39170,0.3828363517926679
39171,0.31748578530243826
39172,0.45377409722130835
39173,0.3115353160184003
39174,0.5507873809401509
39175,0.6254176189074677
39176,0.13170800170846536
39177,0.8431113426319573
39178,0.11311423788111422
39179,0.45579528452886253
39180,0.360105429253115
39182,0.5959141349368207
39183,0.1360437482909389
39184,0.3647045508979667
39185,0.3008683151595335
39187,0.09140164513383886
39188,0.3674211883125072
39189,0.4525876035148413
39190,0.3736047377035236
39191,0.759821182766859
39192,0.3229463326882781
39193,0.270842406260443
39194,0.5840963371433705
39196,0.3687939382467816
39197,0.34744169181049944
39198,0.5621515043957046
39199,0.557463803764866
39200,0.32418428959875273
39201,0.33426862941506913
39202,0.15864632005734441
39203,0.04728630642330284
39204,0.8196943655025841
39205,0.434289385654058
39206,0.1511422677014508
39207,0.6794089799977789
39208,0.11792948419742207
39209,0.2740877872215608
39210,0.05045760078010711
39211,0.39842606185268514
39214,0.06686170828745704
39216,0.3245623381707478
39217,0.5210976378555893
39218,0.3849352509004228
39219,0.3911905801312646
39220,0.48157189649187837
39221,0.05284210170938162
39222,0.7780438221753372
39223,0.20187242282562115
39225,0.7539792863063207
39227,0.18066321837135163
39228,0.2048914270333713
39229,0.36103103667430964
39230,0.20607873759285686
39232,0.16104915672762377
39233,0.53743141071861
39234,0.3630595717922171
39235,0.43604730791963414
39236,0.42449953858274675
39237,0.09382593466929734
39238,0.4259808251388436
39239,0.2529064656530286
39240,0.12508201817281536
39241,0.3805850967354717
39244,0.8218549951666811
39245,0.31612576506018886
39246,0.3553489586719787
39247,0.313861770432811
39248,0.14086119625053634
39249,0.47983163556008424
39250,0.44408829860411275
39251,0.4215735366350206
39252,0.5301032275646655
39253,0.34663526874854667
39254,0.061424938995604667
39255,0.3238152028557953
39258,0.21814336680165586
39259,0.0994332552089504
39261,0.3388666584210142
39262,0.4441509643732563
39263,0.32538476968497987
39265,0.34740897908177537
39266,0.4227841527604246
39267,0.18155672000343936
39268,0.1071852184843377
39269,0.6432815940304424
39270,0.44312773544463707
39271,0.19635155941090737
39272,0.4333635613277028
39273,0.5178047106421406
39274,0.806893664488709
39275,0.706699709116185
39277,0.13410861328067653
39278,0.3562274109174222
39279,0.372263619804383
39280,0.7170836709061491
39281,0.08211564292746217
39282,0.08616678371029379
39283,0.6418549772851961
39284,0.5247200349314513
39285,0.41059352618178374
39286,0.7280334365557466
39288,0.5763295648806571
39289,0.6313996784747737
39290,0.6468910921003456
39291,0.22632290607032968
39292,0.05104125198532308
39293,0.3286105758866357
39295,0.3290726769758598
39296,0.7561435908309748
39297,0.5862253682722327
39298,0.07474930889834651
39299,0.30944464707652103
39300,0.6794707880146755
39301,0.045503255294393814
39302,0.35833744840897497
39304,0.5732704134527951
39305,0.3974133156095427
39306,0.49993140612934106
39307,0.44543736378304644
39308,0.37912855396753825
39310,0.5613046226279461
39312,0.7732620166355703
39313,0.2770538020004755
39314,0.3128987653049661
39315,0.1405906556089061
39317,0.8109603021519491
39318,0.6448109451469164
39319,0.21721560017087466
39320,0.27250561796917905
39321,0.8378220512157741
39322,0.15767792397620115
39323,0.42734910712108953
39324,0.3455110532542219
39325,0.20521980527437678
39326,0.3468178537395045
39327,0.4519121850687906
39328,0.5122775034390915
39329,0.07247813461575216
39330,0.3790293900355574
39331,0.3786894940912604
39333,0.5088872886134019
39334,0.5099937229592107
39335,0.45575152870642954
39336,0.3628444258652404
39337,0.196804165114028
39338,0.43850791899858854
39339,0.7244535969204633
39342,0.3820050182595775
39343,0.3708616482666413
39344,0.14561300143429537
39345,0.46845573575782706
39346,0.33565509870913834
39348,0.6019079431330351
39349,0.5816104449427985
39350,0.4484625733604273
39351,0.6248703098269217
39352,0.3987905177136285
39353,0.48346631689430136
39354,0.33226108150899586
39355,0.19641349727762322
39356,0.2196681740486105
39359,0.19360556103607426
39360,0.4247197697690412
39361,0.4344712340839722
39362,0.4730809315302613
39363,0.35878592505134155
39364,0.1176890232209835
39365,0.23823047112149737
39366,0.05220587036497418
39367,0.4053287950282982
39368,0.3038461690915092
39370,0.12162050174368993
39372,0.04389745817032243
39373,0.5874296080244581
39375,0.4465098406854411
39376,0.0812274114212115
39377,0.4189536485397739
39378,0.2814812466908501
39379,0.4664878272521661
39380,0.36500308121482283
39381,0.04280240996055917
39385,0.2751928770662744
39386,0.3287624906954192
39387,0.3024429265246075
39388,0.5398719005904264
39389,0.04520171830057832
39390,0.3209742206047689
39391,0.05239679195186278
39392,0.44312508034991266
39393,0.05211908869992122
39394,0.4414317304674324
39396,0.40326906002468704
39397,0.758475109925132
39398,0.3079081024665911
39399,0.44822533292047295
39400,0.39698745792551876
39401,0.38312751911477266
39402,0.4054526233033581
39403,0.11546952471102298
39404,0.6140674520378938
39405,0.44117060214338727
39406,0.11235708490709248
39407,0.7974862190544104
39408,0.7743043117570757
39409,0.43907535256335467
39411,0.6467030258988895
39412,0.347746885232595
39413,0.507310399540732
39415,0.2737567998569587
39418,0.711102749318994
39419,0.08204865446249113
39420,0.3396685348664838
39421,0.584084873995479
39422,0.5671572803888033
39423,0.4107489837588171
39424,0.1310976257087901
39425,0.1939713298845382
39426,0.36838990348825995
39427,0.058506257067498464
39428,0.05593691270275588
39429,0.32176052816755724
39430,0.3076200199922229
39431,0.3030893292671613
39432,0.4253510185177524
39434,0.6608080127489373
39435,0.36060732805096374
39436,0.2338990211922664
39437,0.44576528941198523
39439,0.10598580494440325
39441,0.5534262352946311
39443,0.2978922630052803
39444,0.16725009679597552
39445,0.5623515495134884
39446,0.2012173454352065
39447,0.5620174940407205
39448,0.31061080536057295
39449,0.42701317243453935
39451,0.39089965225481665
39452,0.38030452798867465
39453,0.6015849371645624
39454,0.545589675884615
39455,0.2607022379345456
39456,0.5141868778399985
39457,0.2983522997334547
39458,0.5395819787707806
39460,0.27765323025060157
39461,0.06567227880650645
39462,0.5647557274211821
39463,0.6730314638829
39464,0.37422510234158807
39465,0.5963551682668011
39466,0.3373936855069232
39467,0.2985098584437912
39468,0.4125483034305816
39469,0.3842062856612493
39470,0.4418279390839337
39471,0.48052613107458786
39472,0.38008866747186737
39473,0.12126081930719877
39474,0.4034399495921526
39475,0.36951659226916445
39476,0.3648622098581766
39477,0.28579814087705985
39478,0.7620337739858778
39479,0.19147982365266947
39480,0.44647703949651824
39481,0.07578605019301693
39485,0.2949828291817436
39486,0.834313998049628
39487,0.2660979768313944
39489,0.3640534669798976
39490,0.3284681317517085
39491,0.6654587900889714
39492,0.5054973265468535
39493,0.21736686410621173
39494,0.18832006468216383
39495,0.11933231756897161
39497,0.12478734934381029
39498,0.48873250523379524
39499,0.2897228261958213
39500,0.1400942543947684
39501,0.41463648230857814
39502,0.4485044060700785
39503,0.05567955111363837
39504,0.479460042614234
39505,0.1944137201373002
39507,0.2840227443413303
39508,0.4068294965951778
39510,0.8761499004714278
39511,0.38008134635025853
39512,0.3612487400256805
39513,0.3273061834675581
39514,0.31748173169911753
39517,0.09929817901264666
39518,0.19369990002714543
39519,0.32888543186872665
39520,0.27502931801716113
39522,0.12478085602013042
39523,0.10383245730255053
39525,0.2988289638739481
39526,0.4962534075092119
39527,0.3733259221125162
39528,0.2768479559664774
39529,0.17402018085196222
39530,0.3608425999581242
39531,0.26926969102373577
39532,0.29965697172525074
39533,0.45613304759238815
39534,0.7511803807449681
39535,0.2918051667719907
39537,0.38112353588479175
39538,0.3697265955902941
39539,0.23343581286904377
39540,0.15326115074998853
39543,0.0721439584932619
39545,0.10078032314587375
39546,0.28507698973895274
39547,0.6604338531670462
39548,0.28551223959015776
39550,0.8872968912872442
39551,0.3377106491966822
39552,0.5163467080809764
39553,0.5631024679163589
39554,0.1361867701931884
39555,0.43057607957734056
39556,0.4376941683979417
39557,0.627366864030588
39558,0.604197525186407
39559,0.44198095282916317
39560,0.9145021747917123
39561,0.685562921425714
39565,0.1604048563672627
39567,0.6185328577616406
39568,0.3038861872979016
39569,0.13638858813393626
39570,0.32619347480769495
39571,0.16969748027679077
39572,0.2584120861756891
39573,0.5597309676204721
39574,0.43170211912232614
39575,0.37538898801774906
39576,0.39877474301207255
39577,0.6143613478526911
39579,0.7004330228524266
39581,0.26516156827399046
39582,0.5476118264201435
39583,0.3072468042282984
39584,0.46290996689690334
39585,0.8053712937487417
39586,0.26524983397387236
40000,0.0
40001,0.5242499154385784
40002,0.3409531196590618
40003,0.7286895742694824
40004,0.4886023666910709
40005,0.35625255761874364
40006,0.13629966721207407
40007,0.38279673221347404
40008,0.8409971833087442
40011,0.27609487081027356
40012,0.34507486298585144
40013,0.29919439037298373
40014,0.04365266203091324
40015,0.030218215188839354
40016,0.5665602779425118
40017,0.6101272416258372
40018,0.6114691114052191
40019,0.39123087194812023
40020,0.6027294092058957
40021,0.3990996420285829
40022,0.3490180993475966
40023,0.3110873067023955
40024,0.5512432372393247
40025,0.4147130168840895
40026,0.5428197014897209
40027,0.3834346609565121
40028,0.33883905646048773
40029,0.4897270674391165
40030,0.029112417692269188
40031,0.5757803907899215
40032,0.8283953165752589
40033,0.12002689618224913
40034,0.9309380678789245
40035,0.9653584293218913
40036,0.7602864585501398
40037,0.4833540002427993
40038,0.2773940028027742
40039,0.045022344756604306
40040,0.2607688192355819
40041,0.35205366652903664
40042,0.8137634183077619
40043,0.2184937755650592
40044,0.8521528981728261
40046,0.8169337712916671
40047,0.406237798097681
40049,0.39963531838662875
40050,0.10613642120111867
40051,0.2496402418615812
40052,0.35631223612443375
40053,0.060232234263800255
40054,0.4103999564562206
40055,0.4347363099386348
40056,0.1663247393319485
40057,0.4907193627270334
40058,0.04856473175351003
40059,0.9379023575181611
40060,0.346084689712229
40061,0.5929766236013257
40062,0.4674558944095935
40063,0.8193390127241504
40064,0.16283563891502187
40065,0.7441394569858882
40066,0.4595071644965316
40067,0.383197960809241
40068,0.7510124635521712
40069,0.3959045254974796
40070,0.3062379702446375
40071,0.6070740732735501
40072,0.3916298044117772
40073,0.3818795017901055
40074,0.2869939278371172
40075,0.8677702167686587
40076,0.6498258528880334
40077,0.6567863349610273
40078,0.30877410500815045
40079,0.4260235424478
40080,0.5305780614439597
40081,0.2377498216639703
40082,0.4468588566089196
40083,0.2754696170285369
40084,0.6067122371785352
40085,0.7684480795186275
40086,0.5770518069287828
40087,0.03135874726566958
40088,0.9198505067061852
40089,0.4253783302883459
40090,0.4071709409374014
40091,0.46583810909928897
40092,0.5081206623241947
40093,0.029932505600205942
40094,0.25769902717090576
40095,0.5196268671652383
40096,0.0338792903077631
40097,0.4141481273426303
40098,0.5443493036733764
40099,0.5427278101885331
40100,0.09273067676044713
40101,0.7939948007774983
40102,0.04562086893811649
40103,0.1599638447487906
40104,0.7217572275190502
40105,0.0583603665086944
40106,0.6271621685091457
40108,0.47460065475362834
40109,0.34545706807226334
40110,0.29158740940520067
40111,0.3529245868694839
40112,0.5619163443083778
40113,0.7616736854128587
40114,0.8635808641693011
40115,0.8048496351668019
40116,0.4486849731416699
40117,0.4513787457451884
40118,0.5194550593827254
40119,0.6176921957024968
40120,0.8018444528906641
40121,0.41053375920214646
40122,0.5279690434789616
40123,0.7797365656550368
40124,0.02995737062666001
40125,0.9579789590258841
40126,0.7671949383552353
40127,0.35284239247708565
40128,0.4871215163679129
40129,0.6590445713928326
40130,0.4132510181712227
40131,0.04834641933488826
40132,0.5358028092577246
40133,0.7979181136953588
40134,0.809503393227685
40135,0.035366253321147886
40136,0.27571866992771504
40137,0.12426139985539954
40138,0.3394837308923665
40139,0.34710991973139105
40140,0.032026665168954416
40141,0.37444028472578783
40142,0.885689144193635
40143,0.6638755138131647
40144,0.35610520965476705
40145,0.5104860434115374
40146,0.22555002179273542
40147,0.4499149945139363
40148,0.1618392973999324
40149,0.06069964858281641
40150,0.7645747283842843
40151,0.8848387335559391
40152,0.9204856486499171
40153,0.6239065017865831
40154,0.8485379464479147
40155,0.8365871616231128
40156,0.7976770088093575
40157,0.8639062366198735
40158,0.032400270816034284
40159,0.779992133788644
40160,0.4964950574455303
40161,0.029365183999991634
40162,0.135233691056289
40163,0.7514222896623912
40164,0.04452002123347288
40165,0.10320092178805873
40166,0.5063066759317317
40167,0.03821271875897774
40168,0.4897863337405715
40169,0.07668095693881027
40170,0.12126988194118213
40171,0.8037883542923423
40172,0.5833342499031864
40173,0.38316806293955924
40174,0.22051953651170733
40175,0.30112502195057417
40176,0.037911078762056
40177,0.33296991522017616
40178,0.385228823244347
40179,0.7517568938481617
40180,0.6272881957988592
40181,0.43345845293404844
40182,0.7753208163721979
40183,0.6165633822579347
40184,0.5474536138604753
40185,0.18808657025990336
40186,0.5908556412525806
40187,0.4804440890299008
40188,0.4478249270372439
40189,0.3273280423726524
40190,0.32145546182657464
40191,0.4626462917492579
40192,0.6714354919706814
40193,0.30471061722250375
40194,0.6538606061363783
40195,0.5616546290379406
40196,0.6120363119037856
40197,0.8014884931431736
40198,0.28835615449377716
40199,0.4242097692691059
40200,0.8256276792506889
40201,0.43709343872184664
40202,0.8917967068276371
40203,0.36603404137893114
40204,0.4639185950549969
40205,0.6325965245531638
40206,0.6611973239542166
40207,0.9748540777899009
40208,0.6852642794669342
40209,0.8338778049138603
40210,0.7448556384811605
40211,0.6901099772856361
40212,0.9478821586055107
40213,0.7927796421280432
40214,0.27899983331751405
40215,0.23269150439772046
40216,0.6072080682450434
40217,0.8738934809921808
40218,0.030606920865538952
40219,0.3286058217243818
40220,0.3186490509837525
40221,0.2961716280564289
40222,0.7086851768840424
40223,0.34564099610937005
40224,0.934432194620738
40225,0.10561671454151188
40226,0.22394197908114288
40227,0.847722139974496
40228,0.43876899549126186
40229,0.35254605631944325
40230,0.9204643501244995
40231,0.7151559176578591
40232,0.4029601687819508
40233,0.6778793446819038
40234,0.08343222275970717
40235,0.6125624569937913
40236,0.6425255209654432
40237,0.8056186594195175
40238,0.25092979660073217
40239,0.3027995950777442
40240,0.4764359547672666
40242,0.02895334833530613
40243,0.8398245519621088
40244,0.654866352718293
40245,0.05248686706903898
40246,0.32755887831120456
40247,0.1983767764059777
40248,0.8389651612309529
40249,0.4043132180463897
40250,0.2774676185914792
40251,0.8606587662291395
40252,0.4958913625936188
40253,0.31811077589844866
40254,0.4638033633309398
40255,0.19699871429202423
40256,0.714212287016877
40257,0.3620467050594529
40258,0.146573561841237
40259,0.2609793612266978
40260,0.7226835937799648
40261,0.6492507726643875
40262,0.032232889135548316
40263,0.7543747551119382
40264,0.64271571769547
40265,0.0396470503285442
40266,0.2939391920097656
40267,0.08086848894380909
40268,0.7944413620578046
40269,0.9424067154496638
40270,0.43578457277548954
40271,0.8075157740100509
40272,0.8241509637839737
40273,0.8674401888785735
40274,0.563931065400559
40275,0.5124033340090751
40276,0.7734398031711508
40277,0.9781561910526877
40278,0.36641185372570867
40279,0.8036581943161282
40280,0.5749924737923336
40281,0.6000604049935785
40282,0.7292297325534152
40283,0.7920221433167863
40284,0.5256880060230809
40285,0.25224994133922174
40286,0.35688893138488115
40287,0.7279567233281415
40288,0.06728385597197782
40289,0.5945478368771165
40290,0.19885647557249786
40291,0.3898085749334175
40292,0.7785811899829125
40293,0.6351932249997934
40294,0.7513184479769285
40295,0.9176847015124265
40296,0.44104340105986184
40297,0.03369413702878795
40298,0.4365019589256134
40299,0.4142356177260904
40300,0.9877352326331651
40301,0.7411037444128876
40303,0.21922126337231462
40304,0.526144479006816
40305,0.2605384222578419
40306,0.5066538541514268
40307,0.726863835529525
40308,0.6855611611113236
40309,0.5446723370578598
40310,0.6639047881947147
40311,0.9100529212499648
40312,0.8770942275520609
40313,0.5656786408106471
40314,0.7757881390286973
40315,0.8371013650724887
40316,0.277381550517476
40317,0.4018555431034156
40318,0.5196529887158626
40319,0.8330334095676902
40320,0.3444092782988964
40321,0.4092789107585952
40322,0.8471643189160868
40323,0.04398915975345313
40324,0.7505832827325569
40325,0.5036185646271487
40326,0.8333251841373563
40327,0.03387677537875598
40328,0.3775727083324523
40329,0.4457729127155291
40330,0.17810002568591482
40331,0.19801097271634063
40332,0.8588604244450814
40333,0.1865962705453444
40334,0.9006900744775452
40600,0.0
40800,0.0
40990,0.0
41000,0.0
41001,0.2186932613796837
41002,0.08716839508119115
41003,0.1937515134396353
41004,0.10660840239797292
41006,0.5969796916123062
41007,0.2700799523489954
41008,0.574445961407762
41009,0.7512764806272951
41010,0.19591673275232302
41012,0.14614270254510564
41013,0.4068864078041326
41014,0.215219604457742
41016,0.3120106763431915
41017,0.6450481481917772
41018,0.845470698689272
41019,0.603579476515109
41020,0.16791487972250893
41022,0.13358909239592942
41024,0.20211722745088112
41025,0.696559368414303
41026,0.06154185786247079
41027,0.6197244306815726
41028,0.09631760399906092
41029,0.6665770905209806
41030,0.23928030221184463
41031,0.8047761567743592
41032,0.7834962472727507
41034,0.6807811190889317
41035,0.6655991069530518
41036,0.6819146465295776
41037,0.10226092893850534
41038,0.4734010494910852
41039,0.6519081176734856
41040,0.6261356317793949
41041,0.15578293770544527
41042,0.11556889255844702
41043,0.15122715867708
41044,0.8097747448539159
41045,0.6256397521810548
41046,0.6721066068005954
41047,0.9182243918151545
41048,0.13397880607742024
41049,0.2510435166152679
41050,0.710330703644179
41051,0.697409464163665
41052,0.8230794214119572
41053,0.21387020309465118
41054,0.12008126439710329
41055,0.6208148696802241
41057,0.6648419670151833
41058,0.5833926154140711
41059,0.42744392374661433
41060,0.22350267607985508
41061,0.7756761554296725
41062,0.13058621561300235
41063,0.08691063217661193
41065,0.15345363814843466
41066,0.6634927884354858
41067,0.7444109411716069
41068,0.33355370010391716
41069,0.7306030249798641
41070,0.19027508862552342
41071,0.6206595000232432
41072,0.17017861119233185
41073,0.16855421180449295
41074,0.055413482567164704
41075,0.11681921984700692
41077,0.2609202482294913
41078,0.21691126384032905
41079,0.09294801727784331
41080,0.09987307627090494
41081,0.13258279011742735
41083,0.6394493285145441
41084,0.8045078724266758
41085,0.7547746502542164
41086,0.47193899640874915
41087,0.2217362023248317
41088,0.10547869264562576
41089,0.08788172834145506
41090,0.2356873225999916
41091,0.7867244193668887
41093,0.5114141572831357
41094,0.5481352476878778
41095,0.06862923623873132
41096,0.33883673884230203
41097,0.3429462432660443
41098,0.42549244029164945
41099,0.29558844828211495
41100,0.10524227745302751
41101,0.5468472465734714
41102,0.15789791073493875
41103,0.14276447273594717
41104,0.7119354404911659
41105,0.6352973495164183
41106,0.6566279516843289
41107,0.28666459612742295
41108,0.5581843737294498
41109,0.5342053181243993
41110,0.801289643927314
41112,0.3236868000319453
41113,0.17312943379536005
41114,0.6381537403071923
41115,0.07735858243401546
41116,0.10671397409549074
41118,0.5584102504554168
41119,0.6352822273784569
41120,0.21658130700454234
41121,0.6568667480743534
41122,0.8375584823759328
41123,0.6301086033022362
41124,0.16102092443782903
41125,0.5099497909023344
41126,0.10122242486491459
41127,0.6785749443074403
41128,0.8308840707312355
41129,0.6701501630176916
41130,0.6333932775864017
41131,0.21969925093191223
41132,0.12887820140696638
41134,0.7678718876825953
41135,0.7770507878905696
41136,0.663614539011049
41137,0.39198179096137103
41138,0.18599292104566628
41139,0.13836727637315133
41140,0.5241837998917325
41141,0.07572384283874624
41142,0.5637969636210877
41143,0.2613573956088435
41144,0.3311532775503497
41145,0.6364126756093799
41146,0.10115523052934687
41147,0.7195562913913172
41148,0.6849391752350861
41149,0.2339665474223634
41150,0.7460836602544026
41151,0.15520342398336806
41152,0.03442531686836468
41153,0.20838510120723422
41154,0.09477173320567174
41155,0.6881178935790395
41156,0.686351973318588
41157,0.3074197324311429
41158,0.2768227680485073
41159,0.6697872282744342
41160,0.6559114334743281
41161,0.5696892974048532
41163,0.12816240332977208
41164,0.12234672068288646
41166,0.29545290073665936
41167,0.5937157479821401
41168,0.901395214474272
41171,0.2920717964597457
41172,0.08144559036730029
41173,0.5801077851726246
41174,0.19659425097081645
41175,0.09368950319426111
41176,0.28563491397677077
41177,0.20159215944266512
41178,0.6310071888687383
41179,0.5093438642164911
41180,0.1564303245861041
41181,0.09034479050120225
41182,0.4934199006529536
41184,0.23522730982513057
41185,0.5700081593383701
41186,0.15900475001297112
41187,0.10505203349892853
41188,0.6388915008660129
41189,0.35185378037475806
41190,0.1402408269197691
41191,0.608703463710478
41192,0.2050461242204656
41193,0.17249286786462242
41194,0.5758953455795578
41195,0.32902228532764705
41196,0.10835755759999062
41198,0.13973025034241365
41199,0.23663287150343149
41200,0.1509937023662189
41201,0.1498902323311302
41203,0.6315715414375761
41204,0.7349689469845561
41205,0.2607367391859886
41206,0.8270235571254777
41207,0.6540492587974039
41208,0.3396371540319612
41209,0.1479705250141137
41211,0.6268694735660568
41212,0.8918154184729682
41213,0.23874396457753388
41214,0.08585730217100038
41215,0.19397179954729515
41216,0.06325115147781334
41217,0.08601243241539548
41218,0.46797746337409535
41219,0.6116128424241074
41220,0.6590447593278776
41221,0.38604326336934586
41222,0.8289016046655028
41223,0.5278949481253676
41224,0.25888080590700857
41225,0.15986566475446748
41226,0.22071783613655416
41228,0.19458554158093347
41229,0.10742581205345506
41230,0.7224100239485998
41231,0.5567082614944345
41232,0.757781538172129
41233,0.4470142360641774
41234,0.5049684935306022
41235,0.26628634522115396
41236,0.1438636550106307
41237,0.23432024576515473
41238,0.29464844208391106
41239,0.19771480159248522
41241,0.8192544584991558
41242,0.3030498248963256
41243,0.580666694660784
41245,0.5552681082667554
41246,0.7805707010029526
41247,0.35359418857863256
41248,0.08048440664254045
41249,0.47106933415004876
41250,0.13940190237080594
41251,0.6907260756545548
41252,0.6253620276756789
41253,0.6730787692467941
41254,0.2359463910591131
41255,0.12125297661247915
41256,0.9807220561739961
41258,0.09188924922879389
41259,0.19239854288200062
41260,0.5221053149486006
41261,0.5219425235655231
41262,0.7099478759918468
41265,0.21881758523110564
41266,0.618177003713344
41267,0.30272714280743723
41268,0.3674722049223756
41269,0.3628269915922055
41271,0.32888356156498183
41273,0.04204134622855982
41274,0.18696179131088655
41275,0.10838440841294199
41276,0.9121351035393443
41277,0.0810837384083295
41278,0.2140035169390663
41279,0.19240374451230313
41280,0.6170658184797374
41281,0.5893901501933448
41282,0.6089288938256816
41283,0.5599830748823097
41284,0.5675094411195057
41285,0.7090218247256918
41286,0.244509648703912
41287,0.15023086161325974
41288,0.7959178964790754
41289,0.6489619881076809
41290,0.5226725995098834
41291,0.14805929091438466
41292,0.6734234150603999
41293,0.1587667080206913
41294,0.24333850069590032
41295,0.8602852049387807
41296,0.6621582421630919
41297,0.7315261086913739
41400,0.0
41800,0.0
42001,0.5217846489821326
42002,0.7710996799073602
42003,0.3495846940945083
42005,0.9846409376889185
42006,0.09568454239838235
42007,0.6474776633434437
42008,0.8776953910343951
42009,0.38370982472443754
42010,0.9369571205190744
42011,0.37924305241865935
42012,0.5240542843622512
42013,0.6254477966392872
42014,0.3379284297189617
42015,0.44773380588226475
42016,0.546557877348453
42017,0.9563440649127671
42018,0.9709253828631407
42019,0.7828614010801842
42020,0.5188732682352619
42021,0.5713212145747335
42022,0.9107844728892587
42023,0.9641276877898755
42025,0.5823218758720142
42026,0.8263904691063515
42027,0.7537439676313278
42028,0.27587703613780157
42029,0.44000398333312546
42030,0.6965730246016942
42031,0.9030902020657272
42032,0.9267090421723367
42033,0.6137545451109513
42034,0.862263019672732
42035,0.7394976648413369
42036,0.9240007307950348
42037,0.5082511038146217
42038,0.477777718435464
42039,0.8176877133457856
42040,0.7994898424992939
42041,0.5275475470994637
42042,0.9234600798862638
42043,0.9882283580813087
42044,0.9236191366751273
42045,0.7942669457237154
42046,0.5592665895865698
42047,0.9278320518184378
42048,0.5798353919038043
42049,0.27635152757776604
42050,0.3158133456564278
42051,0.9730271892595221
42052,0.5670828004512877
42053,0.9048529068317366
42054,0.4720503727378775
42055,0.9522081942546138
42056,0.8609213286624687
42058,0.4903418747269196
42059,0.9251339339529409
42060,0.4486503891040727
42061,0.8235520963475809
42062,0.9402469417942168
42063,0.44283275691927887
42064,0.9748546739934557
42065,0.5689570341206903
42066,0.4491046257768558
42067,0.9675189562212002
42068,0.5520829016299538
42069,0.5551815733164049
42070,0.4594504970005251
42071,0.6869017891370709
42072,0.8326533455879631
42073,0.49539253318026244
42074,0.6478605594778893
42075,0.5416476313478714
42076,0.7717760754980505
42077,0.49948769744197763
42078,0.10122361570675036
42079,0.6701920736890037
42081,0.5905315645456162
42083,0.954764801851376
42084,0.7871893264039436
42085,0.958789083676852
42086,0.4586060877726733
42087,0.5805304937790432
42088,0.4413526585114012
42089,0.49509083682538707
42090,0.5812775805982814
42091,0.23007807804265884
42092,0.9625659299571049
42093,0.9231053262816289
42094,0.7513402288993773
42095,0.8968985312946633
42096,0.9519694192904558
42097,0.929906077695884
42098,0.4244712262755936
42099,0.8816663365092484
42100,0.9467041665557016
42101,0.9625077236879732
42102,0.9581612774595497
42103,0.9274772757508193
42104,0.5940827415673264
42105,0.49475159692836906
42106,0.6860280066979553
42107,0.49166083115689935
42108,0.5250183240521773
42109,0.7799796004426083
42110,0.9325328477293646
42112,0.6546656567021742
42113,0.6021077983111081
42115,0.9163281755611465
42116,0.8254233365053789
42117,0.5291142684773001
42118,0.5057714998530513
42119,0.8073414074807599
42120,0.8745270671699092
42121,0.5609829239133544
42122,0.5522852500295029
42123,0.9152099293039947
42124,0.9736287865542214
42125,0.7288036114597457
42126,0.44217604598846666
42127,0.8761593446933916
42128,0.397082072061662
42129,0.9750421319413979
42130,0.537409408719095
42131,0.5988220582063573
42132,0.968297406961592
42133,0.9457305330542898
42134,0.5227704455904485
42135,0.5325984229993529
42136,0.4937990818389769
42137,0.5108117082045971
42138,0.5530233750861372
42139,0.9163815326785353
42140,0.36275243193541357
42141,0.6196009497699206
42142,0.12978743838276458
42143,0.3525381720956178
42145,0.565334542613524
42146,0.31041353074938927
42147,0.740473991794451
42148,0.48903054020345693
42149,0.5762969724693211
42150,0.517703785076628
42151,0.5115030696314543
42152,0.5719815579698629
42153,0.4279390779168839
42154,0.5580917634959836
42155,0.27740867535463143
42156,0.3524383920581951
42157,0.46569299931949265
42158,0.4130914570503708
42159,0.8225116965277924
42160,0.7287933434493367
42161,0.48251137656607557
42162,0.6522621114679586
42163,0.1808631983076692
42164,0.8048002801173955
42165,0.5362981919774914
42166,0.5407063222084851
42167,0.9395098445662539
42168,0.9483571921850596
42169,0.6717569224893932
42170,0.5817428307319104
42171,0.3689993877385329
42172,0.9557418960280714
42173,0.21749705878950323
42174,0.49758049487178685
42175,0.4981964719532878
42176,0.5868364950810195
42177,0.533007081732769
42178,0.53441757003699
42179,0.5329888623749985
42180,0.5519086670420249
42181,0.5151191252938787
42182,0.4889954308788673
42183,0.9584137499317072
42184,0.9176921523715651
42185,0.5596786872111297
42186,0.896184768896365
42187,0.8514452535540195
42188,0.5380797402164403
42189,0.9512063298933544
42190,0.0
42191,0.9970903568873312
42192,0.1805160224409012
42193,0.47532421620182846
42194,0.0887929642234567
42195,0.7988470737488272
42196,0.4434458967802936
42197,0.4372988618407786
42198,0.8560232024866417
42199,0.5453304319880998
42200,0.5299118282508656
42201,0.979698836239748
42202,0.5737820214655209
42203,0.17997284941863137
42204,0.4081459569751011
42205,0.4532756038244893
42206,0.9245126705945901
42207,0.960398299684998
42208,0.9527924518305395
42209,0.39357847602279794
42210,0.9219635594422241
42211,0.8895204605747363
42212,0.444835474723059
42213,0.4777198666068462
42214,0.60540059485866
42215,0.5686453948068283
42216,0.9607127945840793
42217,0.8471830335824092
42218,0.9785593370703669
42219,0.4350242820919373
42220,0.36946239095047406
42221,0.3461367579229842
42222,0.9863991950282688
42223,0.9613282884162839
42224,0.9380876617872689
42225,0.9135463499687628
42226,0.2675499264169674
42227,0.8239005996711964
42228,0.4907941714513236
42229,0.1964539852375
42230,0.6996746100157304
42231,0.42830819295125405
42232,0.4691912956841279
42233,0.4403844440907456
42234,0.9475559055655505
42235,0.1516046320331632
42236,0.5885069255190906
42237,0.9945798269584266
42238,0.8299186910876601
42239,0.7795236394761663
42240,0.3907028639704666
42241,0.3728614452522621
42242,0.9006983459625558
42243,0.7073817733747674
42245,0.8894236910512975
42246,0.9080350245616678
42247,0.8219598460857205
42248,0.8185920789814713
42249,0.4718390545927686
42251,0.6027340190335769
42252,0.809776973806871
42253,0.6735352977531889
42254,0.37401724524042196
42255,0.8650431005151632
42256,0.6805337647748502
42257,0.07494601898241372
42259,0.9021812120325059
42260,0.7779488909855949
42261,0.6163770678293171
42262,0.906815573396483
42264,0.9929102923030287
42265,0.8511271547727287
42266,0.2269021043642282
42267,0.5274111052455602
42268,0.6844017927150227
42269,0.49782685794484044
42270,0.8901844355577826
42271,0.9399403124771502
42272,0.9660613015222116
42273,0.8369509534838196
42274,0.7349472948161433
42275,0.9735145647153362
42276,0.7893843682356135
42277,0.4148791923556683
42278,0.8660870817531288
42279,0.9916454495702214
42280,0.9258338139885806
42281,0.35485223122742754
42282,0.9028114342653477
42283,0.9277097605146772
42284,0.5324436949632492
42285,0.5787636331927597
42286,0.9331875879115564
42287,0.30817431830116054
42288,0.7665337506418644
42289,0.46842088197562226
42290,0.6096144130667337
42292,0.0
42293,0.601430629964942
42294,0.5761827028032486
42295,0.9402372607913362
42296,0.6294704327802306
42297,0.5829788948808635
42298,0.33098193614610494
42299,0.6147415700652794
42300,0.6198472952648368
42301,0.39848420050532474
42302,0.9683169835394515
42303,0.7151670456841933
42304,0.5980331648289
42305,0.9800848110477046
42306,0.9567468110618086
42307,0.9534821264421275
42308,0.9446775303772715
42310,0.952567220385704
42311,0.9719516057791264
42312,0.3828306485871766
42313,0.4882034331947949
42314,0.7987422488934438
42315,0.5183299610376569
42316,0.9037611225084178
42317,0.09431579027366546
42318,0.09662506647376898
42319,0.6307878204176388
42320,0.9355686099899687
42321,0.8253964913150741
42322,0.9585213289980744
42323,0.9850801782833037
42324,0.8726063084013698
42325,0.3848389941735399
42326,0.9649971271659037
42327,0.8443754551601699
42328,0.5112604839139703
42329,0.9529651206473477
42330,0.9705858005759613
42331,0.8014435644722876
42332,0.8727039336495714
42333,0.5976881353120008
42334,0.5586969853664833
42335,0.8863431180358049
42336,0.5733729107785906
42337,0.34372443205140263
42338,0.5697874297759721
42339,0.8615700252849474
42350,0.0
42800,0.0
43001,0.5244716442496208
43002,0.44581649815577784
43003,0.03705051249404123
43004,0.1644456797238436
43005,0.04120110972404635
43006,0.29282701798325517
43007,0.1708972363538581
43008,0.05707309867796955
43009,0.043267354138121904
43010,0.19988143370681818
43011,0.04625409583476961
43012,0.872832787081901
43013,0.03902329709731321
43014,0.5680357921223861
43015,0.6481060047011854
43016,0.5458617782691647
43017,0.532198057184317
43018,0.144592540843892
43019,0.03821992313098112
43020,0.157369632488624
43021,0.2228198717580481
43022,0.6352046969603252
43023,0.037654358619889944
43024,0.19197641691102788
43025,0.16899587773397262
43026,0.06210967556769501
43027,0.1441655386360376
43028,0.26262485527256746
43029,0.6724697695878066
43030,0.19769665296200636
43031,0.1592200986013124
43032,0.20871952342619257
43033,0.5696049828393555
43034,0.06810322732301632
43035,0.03909808734179199
43036,0.12208278321700865
43037,0.04953541607243584
43038,0.6797350448534671
43039,0.10263413613708401
43040,0.6374726718653042
43041,0.4512030139836013
43042,0.0934701054096803
43043,0.0907570604578197
43044,0.09738413068259626
43045,0.22231005808602763
43046,0.4513773913701173
43047,0.174071885649478
43048,0.04288037404966888
43049,0.24324233103681436
43050,0.6547453411378048
43051,0.24954124117124488
43052,0.522101934415839
43053,0.1951742168304118
43054,0.6926796023140279
43055,0.45491572759669224
43056,0.042374747425743826
43057,0.03883220121343771
43058,0.3103512875498148
43059,0.04251936560547559
43060,0.04017110482326532
43061,0.24271990543826305
43062,0.09604641198688911
43063,0.0986306011968279
43064,0.5514239413991535
43065,0.205236249905432
43066,0.09488471805003532
43067,0.03837826303912484
43068,0.03953645955296636
43069,0.19728173238051097
43070,0.11294428376875729
43071,0.03488763769989657
43072,0.27723333071198436
43073,0.1687653183827728
43074,0.5638781393383646
43075,0.12176779027068893
43076,0.03831263013954945
43077,0.107377393947044
43078,0.2334471037008181
43079,0.08264202520204345
43080,0.0632772030313175
43082,0.06961204535814776
43083,0.04241096848965042
43084,0.16303646520956563
43085,0.04035248617255049
43086,0.10859299847710183
43087,0.4332764583295817
43088,0.617873723632981
43089,0.33675395230724336
43090,0.04002058779827462
43091,0.15495233899339605
43092,0.1869497824208657
43093,0.03113089057454391
43094,0.04221557493777573
43095,0.039390760876941176
43096,0.44158631599011167
43097,0.10308772611809948
43098,0.18666464520322126
43099,0.6787322038005028
43100,0.3525272634035939
43101,0.12058402936614922
43102,0.16247853674673
43103,0.5234120803583221
43104,0.6928401570418166
43105,0.39473861514479736
43106,0.037510188213609824
43107,0.04035415169862186
43108,0.035424556896221385
43109,0.05100679652471985
43110,0.5290812146777407
43111,0.04139143255387565
43112,0.049290989278774615
43113,0.27749377768932537
43114,0.18290829928872535
43115,0.1842383274434524
43116,0.18967666547813739
43117,0.3505305220898166
43118,0.12791600567381745
43119,0.23375436557362642
43120,0.6901684183987404
43121,0.7096752098743571
43122,0.08571168445840964
43123,0.7672620541601248
43124,0.07944537381208619
43125,0.49713535720674995
43126,0.20970336199927206
43127,0.20000301501210072
43128,0.048232292450220794
43129,0.14211836890052035
43130,0.18011842790247345
43131,0.046131167982499055
43132,0.043577383279049364
43133,0.5255844932860415
43134,0.23965828468691514
43135,0.1995016170542243
43136,0.04265538492110578
43137,0.1769815590234361
43138,0.033502507716915424
43139,0.1298770964453543
43140,0.373743046011711
43141,0.22295928284183403
43142,0.22861698278657325
43143,0.2313440122727639
43144,0.18562789941565425
43145,0.048927662551830765
43147,0.604639773495689
43148,0.09047344584265372
43149,0.040598652890954094
43150,0.21101860570493172
43151,0.07288526512457047
43152,0.2669164771142863
43153,0.8319761279616176
43154,0.04202948120990462
43155,0.04028542088676309
43156,0.09453847264930658
43157,0.37299128090837486
43158,0.20548986007873135
43159,0.19981835982193052
43160,0.04053842610161134
43162,0.2001288138280229
43163,0.19321332141209976
43164,0.17950393073118082
43165,0.24406374068215203
43166,0.1827603809829551
43167,0.040560556720833384
43168,0.04427352977597505
43169,0.07001020032027737
43170,0.5993397033075013
43171,0.043168383380249795
43172,0.15084777832854857
43173,0.05107560611221073
43174,0.13936003973576838
43175,0.1301250954008377
43177,0.8707270795126677
43178,0.15537848243278887
43180,0.03956057170777349
43181,0.216649021851946
43182,0.6361953702900736
43183,0.03823074697941436
43184,0.8488335719485056
43185,0.6599781198807334
43186,0.21321694047344766
43187,0.13131514366602387
43188,0.048001612468888656
43189,0.04617558060162155
43190,0.22367508996545593
43191,0.8333014076442999
43192,0.04024130220688727
43193,0.5236158932607454
43194,0.2197556500969381
43195,0.3747313982949134
43196,0.04912480533015553
43197,0.084983523573067
43198,0.11569232602272501
43199,0.18088110633789195
43200,0.24348803291253945
43201,0.08178224958255163
43202,0.040080134120650764
43203,0.2433401471985422
43204,0.14395873548672
43205,0.9112948748960188
43206,0.5424541853933521
43207,0.5756554301544464
43208,0.09608539015600166
43210,0.14319588745281187
43211,0.1409709205169729
43212,0.08207258893165502
43213,0.21722372118585437
43214,0.036045044997197004
43215,0.03739672095733425
43216,0.13500868057216817
43217,0.041626617782269046
43218,0.22466797633714902
43219,0.11495679623097693
43220,0.07952851539751923
43221,0.11123986782778456
43222,0.10927526969418727
43223,0.2500999765890348
43224,0.21610320886201617
43225,0.04363088489038208
43226,0.20716103381289877
43227,0.9029728358012186
43228,0.04015728511356097
43229,0.14350545332593959
43230,0.2326142933720627
43231,0.07671966509103118
43232,0.08790272922913916
43233,0.15006064404902067
43234,0.04246833218118579
43236,0.20069480758425384
43237,0.03793101889101019
43238,0.1125132824104685
43239,0.04176108037750364
43240,0.168783608316128
43241,0.12742806780922766
43242,0.04148591596094186
43244,0.28941938329677447
43245,0.042799595067866736
43246,0.1568573690841856
43247,0.6265169170984511
43249,0.1011249474179784
43250,0.13108308675093483
43251,0.2914623951484131
43252,0.03747191879342429
43253,0.06462597869404978
43254,0.0804467459362431
43256,0.039941702151643284
43257,0.09985697570330439
43258,0.6226538292082836
43259,0.08193094549582533
43260,0.09681314766665033
43261,0.6008952838357298
43262,0.385760973217512
43263,0.052415483114664346
43264,0.4150857031854063
43265,0.1609463026821379
43267,0.23679591686353066
43268,0.34581868765203916
43580,0.0
43700,0.0
43750,0.0
44001,0.23101813329918366
44002,0.6173953974987918
44003,0.775632290998918
44005,0.4269475943842005
44006,0.553089733485578
44007,0.39651288830070824
44009,0.9835855083166964
44010,0.9793516055589531
44012,0.613381753742964
44013,0.5707888472613557
44014,0.7587597975174959
44015,0.30526171874785113
44016,0.4835465239515087
44018,0.8635309449406712
44019,0.39045417966896584
44020,0.8852642576507151
44021,0.5545647516126252
44022,0.590318913513407
44023,0.34062929458326324
44024,0.8868904671672861
44025,0.3934406019177483
44026,0.8373636085818177
44027,0.8090239558345921
44028,0.784576496180562
44029,0.7699460947902562
44030,0.5589602593337185
44031,0.4330326093724507
44032,0.6901957478861225
44033,0.49846002169190595
44035,0.8994096891960021
44036,0.7443210264459771
44037,0.74297953629627
44038,0.5370978582307103
44039,0.808034134703551
44041,0.8064744075470773
44043,0.4961853328442773
44044,0.17959493771101534
44045,0.6448716271906828
44046,0.6976011271297191
44047,0.8465243839989304
44048,0.5107973182704609
44049,0.759788291974714
44050,0.62219742590036
44051,0.16347494602167464
44052,0.582452012609614
44053,0.3988601805424962
44054,0.5656688863032238
44055,0.9743289794623136
44056,0.4958189036739793
44057,0.3289449009400932
44058,0.420069809521391
44061,0.5338003978763521
44062,0.1971008979870544
44063,0.31444890963543026
44064,0.5448877144647366
44065,0.28368479987097683
44066,0.7829612579095565
44067,0.47794176610890504
44068,0.3560674924262053
44069,0.9869403883772379
44070,0.836804143882234
44071,0.84558198764809
44072,0.6446117980605167
44073,0.5504141677117614
44074,0.9168532613800419
44075,0.34432143440197804
44076,0.15130321523341497
44077,0.44386547240121027
44078,0.4375098616108105
44079,0.6797586047800043
44080,0.5234360772125806
44081,0.5416221288301519
44082,0.5916620686897103
44083,0.4827207088917899
44084,0.781574750404573
44085,0.45880848196778723
44086,0.1747992238038384
44087,0.6506300945549841
44088,0.7278479455486209
44089,0.3189976352486501
44090,0.38145544541544163
44091,0.1727771748677176
44092,0.345748289977396
44094,0.8620050882015353
44095,0.2994800686195803
44096,0.6120975385380987
44097,0.6315584186658909
44098,0.2952433131366576
44099,0.5590497590850624
44100,0.6542385384944793
44101,0.8996401726398129
44102,0.5959308605762218
44103,0.7311086477015014
44104,0.32098137884744987
44105,0.2123629304300006
44106,0.6082694367946707
44107,0.44196997525969045
44108,0.4402180094720087
44109,0.9363471382152978
44110,0.6324400770539694
44111,0.7244647512283233
44112,0.47830480034738176
44113,0.16663502633917973
44114,0.9244026344117923
44115,0.5453297692196849
44116,0.628666457336852
44117,0.6367334227852446
44118,0.37179670147373717
44119,0.49175555415223016
44120,0.7621029840662423
44121,0.3662553941214045
44122,0.7403173081497367
44123,0.2173307652728979
44124,0.15060444527457448
44125,0.6134569302117562
44126,0.9415143690118855
44127,0.5158317075343865
44128,0.35581535026868844
44129,0.6006574907984593
44130,0.8543209287133995
44131,0.6048805545318545
44132,0.9652970057846907
44133,0.8218166909041206
44134,0.3299238668620162
44135,0.9853834947927815
44136,0.9329608605554764
44137,0.5184737948365598
44138,0.4375767718500356
44139,0.3183323071646665
44140,0.2905682130014146
44141,0.554547961068749
44142,0.4936538110351096
44143,0.9068453957813825
44144,0.28616954975453984
44145,0.7215983166191293
44146,0.40567763220912456
44148,0.40928680910552295
44149,0.18549393250657764
44150,0.8564021739586909
44151,0.9569196571664722
44152,0.41538664807196823
44153,0.36473903364105553
44154,0.9728056074712411
44155,0.622735548414581
44156,0.3907369171772928
44157,0.44368050609675314
44158,0.7773019334822051
44159,0.8225340688020507
44160,0.0
44161,0.3093157864412052
44162,0.9974677731944156
44163,0.343322403073959
44164,0.47364349387051013
44165,0.4535124101444171
44166,0.8818557672810626
44168,0.7053612167478088
44169,0.9797129387586865
44170,0.3844479211246367
44171,0.8761220874428782
44172,0.8833878948727115
44173,0.5816570982905342
44174,0.5699265430990972
44175,0.7666773779173279
44176,0.6957261219706959
44178,0.7332624910422492
44179,0.8120376234012219
44180,0.2821848227598604
44182,0.9427960179811333
44183,0.7793402894640475
44184,0.9732097955382787
44185,0.4929111668335073
44186,0.5272158425773805
44187,0.6976779029659632
44188,0.7627311521270476
44189,0.5103660525697806
44190,0.9067393859981079
44192,0.6260333482210632
44193,0.29954731617266156
44194,0.8711181128344775
44195,0.4319359166744703
44196,0.2944789254838776
44197,0.33087684396580885
44198,0.8388943930070305
44199,0.5935369913465398
44200,0.5097722112022266
44201,0.8460375775013605
44202,0.47648349667765566
44203,0.6928249723445055
44204,0.8594829245082565
44205,0.48853369905355365
44206,0.612170909901691
44207,0.4397987046994305
44208,0.19419226736970782
44209,0.8535388348566046
44210,0.9693835548120032
44211,0.7249944002827512
44212,0.4174438749396857
44213,0.4149906482341327
44214,0.19384652787291776
44215,0.8602079886583353
44216,0.5217409595259281
44217,0.7974879929384524
44218,0.4399383493016965
44220,0.4920814803663021
44221,0.15760248974447083
44222,0.31918322443722424
44223,0.7119950593046164
44224,0.1685888880598234
44260,0.0
44300,0.0
44350,0.0
44400,0.0
44500,0.0
44522,0.0
44720,0.0
44800,0.0
45001,0.23537113879099975
45002,0.26986423768552753
45004,0.6762341143891005
45005,0.4365882433549663
45006,0.7196942653146358
45008,0.9410502877734436
45009,0.9259043325620339
45010,0.39634739547462583
45011,0.5221988518752851
45012,0.4196861536917467
45013,0.7389776209908115
45014,0.4516212100327749
45015,0.899098710613262
45016,0.3130333785398539
45017,0.5626258971399561
45018,0.6125255727390899
45019,0.7007247939157936
45020,0.8461272460240271
45021,0.42260691701694675
45022,0.3185232611783541
45023,0.0623284187824852
45024,0.8759849281809373
45025,0.9349694448951061
45026,0.18055729984761645
45027,0.4927117500207749
45028,0.7594018250646705
45029,0.2369949157000185
45030,0.6185691775342771
45031,0.4295533009356793
45032,0.20048036085691642
45033,0.48984782601879073
45034,0.981058782106718
45035,0.3077011792867324
45036,0.2701157127633696
45037,0.5026411801065377
45038,0.4580394407151525
45039,0.5366797266782033
45040,0.08284294774861234
45041,0.4480394732238318
45042,0.4502428057175213
45043,0.8252677140020704
45044,0.9472591576095667
45045,0.26495512915977965
45046,0.8177602101513854
45047,0.32750749895132336
45049,0.1836619274497238
45050,0.2943192671753546
45051,0.28492451347049524
45052,0.14003426741741168
45053,0.2715101652883437
45054,0.6528176962689315
45055,0.7997762502550091
45056,0.6020630416250092
45058,0.8701359062797505
45059,0.7943116339529812
45060,0.20307636947215638
45061,0.42412182365800877
45062,0.849341372863498
45063,0.4263244323881063
45064,0.24686851018307018
45065,0.33713812966267964
45066,0.6104338422031886
45067,0.7056591479384633
45068,0.6147192561857123
45069,0.2701334949534716
45070,0.09605493106812348
45072,0.8652985039122864
45073,0.3767386443680977
45074,0.7697276317148939
45075,0.7540070112095612
45076,0.4790345073905066
45077,0.5170001255239519
45078,0.4756713177972846
45079,0.25105540714646213
45080,0.8081217551153979
45081,0.6207180247758239
45082,0.4682940551948837
45083,0.41548721828297447
45084,0.37874740050095396
45085,0.33032233051846066
45086,0.9299212668697918
45087,0.16822777497619437
45088,0.949474949650066
45089,0.8798813098865249
45091,0.3645132007361107
45092,0.568599323445765
45093,0.8459836614437255
45094,0.2925845054506187
45095,0.6036147633564491
45096,0.3141256074171359
45097,0.4024208749498608
45098,0.7496705743362804
45099,0.8024870612605793
45100,0.8376078361789929
45101,0.28218162110643236
45102,0.6525466343553364
45103,0.42728626754863885
45104,0.48391828087520516
45105,0.5122368331064817
45107,0.523592244315265
45108,0.41528489594017953
45109,0.7383600705479302
45110,0.22801829353432188
45111,0.3103731756184957
45112,0.43733465465350746
45113,0.27646906565865287
45114,0.5574160349172647
45115,0.3476000745951956
45116,0.7044506967494826
45118,0.9064259728393805
45119,0.5269983311556528
45120,0.13488302947992864
45121,0.2585745847337665
45122,0.47289871075754975
45123,0.801670741175206
45124,0.7448611678752322
45125,0.709123284477764
45126,0.9736797114778755
45127,0.6008209542500658
45129,0.3462072129970072
45130,0.7607261549318768
45131,0.5298657895363745
45132,0.6445773966895424
45133,0.34217971352478804
45134,0.6543289403658067
45135,0.8853234107285163
45136,0.18806028280944648
45137,0.35365796803871646
45138,0.22522057943813864
45139,0.37992695356225387
45141,0.07102881228230318
45142,0.9218737621238664
45143,0.2499150596834877
45144,0.6919992001976812
45145,0.4925120362015316
45146,0.7512733777740467
45147,0.8897313781023106
45148,0.4387153944912621
45149,0.26346424485216124
45150,0.503865851432794
45151,0.5017006994322473
45152,0.8158772509423788
45153,0.4251147108898766
45154,0.7988398791247208
45155,0.44585051766857103
45156,0.4135989898181957
45157,0.36216150983901285
45158,0.4611717785796883
45159,0.5101499334996602
45160,0.5635078230164693
45161,0.4161226687506504
45162,0.3813176357095214
45164,0.35317664294564904
45165,0.5452556364236066
45166,0.815407634181576
45167,0.7261938873405986
45168,0.2849020351158303
45169,0.8041773987908382
45170,0.38078750516139426
45171,0.13371724288809356
45173,0.9686041359676187
45174,0.5723247912025
45175,0.7194449093579204
45176,0.6276810545875365
45177,0.4062848716636896
45178,0.5057132076122842
45179,0.7909598203121437
45180,0.3891445521155585
45181,0.7794611947568665
45182,0.7495963231856133
45183,0.8028557212790653
45184,0.475913412396086
45185,0.5537925813549806
45186,0.4915087762485136
45187,0.3388908085645246
45188,0.9569067807730898
45189,0.340303599625118
45191,0.6179070216034129
45193,0.7691296098028525
45194,0.9828339972148114
45195,0.2365150077054331
45196,0.71486116996979
45197,0.9834733869967754
45198,0.33438193259202215
45199,0.4120086809119287
45200,0.6869804269193173
45201,0.24641760893055986
45202,0.8805302487486325
45203,0.8271495382169346
45204,0.7999121630602124
45205,0.5466143767570018
45206,0.497674455185328
45207,0.48977583959421017
45208,0.725667838255377
45209,0.41828901488649445
45210,0.5137670523050093
45212,0.5504804799581783
45213,0.3897264831329818
45214,0.9203648055356806
45215,0.3707900229768701
45216,0.6275664586791787
45217,0.760906383826575
45218,0.3496913329883798
45219,0.5493941751114831
45220,0.25314062937605086
45222,0.47414315216502734
45223,0.28631916429540816
45224,0.936798117734008
45225,0.38061097312145853
45226,0.23904469438439982
45227,0.48892544372506624
45228,0.2920484494717228
45229,0.5050682355452839
45230,0.567109385859565
45231,0.9562854731476368
45232,0.7770420080648036
45233,0.49673187306736144
45234,0.8685512234456598
45235,0.8226564404283018
45237,0.704781326109203
45238,0.13153620637156851
45239,0.4054862282500792
45240,0.9559630838517054
45241,0.8963088099976324
45242,0.4136382741015824
45243,0.5420444451713416
45244,0.45126290476806913
45245,0.1674936533276369
45246,0.8026067968991236
45247,0.5915343747774819
45248,0.8044687228119366
45249,0.510429179617707
45250,0.2023816037665205
45251,0.07294562582765361
45252,0.5874591023537342
45253,0.4703382129571229
45254,0.4556632315618427
45255,0.42877727355518797
45256,0.5992384678034238
45257,0.47904820360433964
45258,0.71860461545479
45259,0.4465446972003797
45260,0.2873070378999533
45261,0.9727501105793984
45262,0.8058654949502575
45263,0.5774700342401627
45264,0.7833256351452262
45265,0.17442504247009902
45266,0.8605315079142198
45268,0.5073627724625345
45269,0.6876361331360764
45270,0.37998442368649243
45271,0.2744362795331251
45272,0.8009547062536427
45273,0.9463132243158773
45274,0.8130210736061592
45275,0.38576802111142594
45276,0.24000450011040275
45277,0.47856369597030457
45278,0.4392763130172689
45279,0.5143934197061137
45280,0.46308906125738275
45281,0.287125277607331
45282,0.7312249113065198
45283,0.4133034148105923
45284,0.853631344461284
45285,0.8426785334637995
45286,0.8360593435351205
45288,0.5447665503962817
45289,0.9736736879460052
45290,0.1734299394221613
45291,0.34301528637043366
45292,0.20620944611785977
45293,0.5594957847008725
45294,0.33703998529505275
45296,0.8046267725054674
45297,0.5544876059263139
45298,0.7520375934735235
45299,0.8270762815172099
45300,0.771691365337637
45301,0.5368948251727516
45302,0.9059080463818387
45303,0.5003504456122053
45305,0.30124127432642045
45306,0.31753315069485616
45307,0.3023058887968759
45308,0.8759073568129303
45309,0.6824187651465118
45310,0.47211044127512064
45311,0.523548601333301
45312,0.4877387068292186
45313,0.8262978589203501
45314,0.736434960463788
45315,0.4446029496307179
45316,0.30094531203991104
45317,0.7774648792386984
45320,0.4455014214247041
45321,0.5308928025139532
45322,0.30332983606942165
45323,0.059388312896563565
45324,0.2780925437050671
45325,0.7502782380740015
45326,0.7317983344138531
45327,0.9481257981793231
45328,0.4584892683529194
45329,0.41649398672455396
45330,0.976675149182282
45331,0.12217808735893958
45332,0.4383249353134802
45333,0.9796451070110638
45334,0.23906751789129413
45335,0.7826470001735266
45336,0.2544084992514793
45337,0.14416462079136388
45338,0.7097057501450306
45339,0.5459073528903262
45340,0.20316033404677009
45341,0.7915348994101175
45342,0.950174161163672
45343,0.510789476371553
45344,0.7196318200363838
45345,0.5805245618791546
45346,0.2965194016257265
45347,0.29059433250506
45348,0.30564840897445045
45380,0.0
45430,0.0
46001,0.7760016986479457
46002,0.44260245748908755
46003,0.40468365561101816
46004,0.8111038966179633
46005,0.8780875034990073
46006,0.4313875370696476
46007,0.3213212739704103
46008,0.7272336913293302
46009,0.8388431923380619
46010,0.2974574155230352
46011,0.655542587058051
46012,0.8686816537871516
46013,0.2856859029665874
46015,0.47951353882823083
46016,0.3150871452307126
46017,0.813314921397938
46018,0.26785451197147586
46020,0.4134527842172459
46021,0.8007531524179765
46022,0.8301600847303653
46023,0.2987185825565032
46024,0.9300482764075224
46026,0.3119415505201446
46027,0.3331009877670836
46028,0.5890333805360597
46029,0.7674204365505906
46030,0.4403038494318932
46031,0.3735504000008921
46032,0.5962989323925673
46033,0.7046647859406148
46034,0.8258122154747249
46035,0.8042229327191953
46036,0.798785348168238
46037,0.4123662566382648
46038,0.8933195569263754
46039,0.8526135802937562
46040,0.41871499858850225
46041,0.8924104215337226
46042,0.8148862553431399
46043,0.6441131911308043
46044,0.7185486477345986
46045,0.8353022248748587
46046,0.6424814812393205
46047,0.24430152864458193
46049,0.33869100134136554
46050,0.6792426165632136
46051,0.8037208721941171
46052,0.8068690549925317
46053,0.7993801416834083
46054,0.2753421495457617
46055,0.9607262988720616
46056,0.7988692452987536
46057,0.760173786139178
46058,0.47832532933675626
46059,0.2600511335952837
46060,0.7609844234204799
46061,0.8433255602612296
46062,0.857200460938485
46063,0.410619585977954
46064,0.8071392716541071
46065,0.5602614516093777
46066,0.8009365069134552
46068,0.29108039023564314
46069,0.48903158094800275
46070,0.3757841865741346
46072,0.5258319568856614
46073,0.4514460761929426
46074,0.4293409496639404
46075,0.8121622288646951
46076,0.6554275896319085
46078,0.4063054889175798
46079,0.3215923460261362
46080,0.7141127101976358
46081,0.3049455215033159
46082,0.3880025932145328
46083,0.6930598867587345
46084,0.39804185075461435
46085,0.6023756712403583
46086,0.27917609679784644
46087,0.6252272992469814
46088,0.7244618257510459
46089,0.9173169957256648
46090,0.4039637406991975
46091,0.38780374429722925
46092,0.34961990497301537
46093,0.8332807573187642
46094,0.3835967853982467
46095,0.7169950898931831
46096,0.8120629976984436
46097,0.6566581398555867
46098,0.3893277406124745
46100,0.8097800772547343
46101,0.5315900966200376
46102,0.9381733149326235
46103,0.3172155265658497
46104,0.3878933632811714
46105,0.3189380252054679
46106,0.5297206231507349
46107,0.8391041595386234
46108,0.7785735227206085
46109,0.2877322247207078
46111,0.7784969318642083
46112,0.3799600673371102
46113,0.3047117716362778
46114,0.7840092975012559
46115,0.5872425197709464
46116,0.7855464463783357
46117,0.7748141268904455
46118,0.6600485691350063
46119,0.5182074264139583
46120,0.697548113341667
46121,0.26117936187519275
46122,0.507563198392877
46123,0.6977519565401452
46124,0.718017853325032
46125,0.3040496987831265
46126,0.7811365873012006
46127,0.8178471294061908
46128,0.4154490024246522
46129,0.8295723485858916
46130,0.8639188352402755
46131,0.8395581328666702
46132,0.42746540238852854
46133,0.8057335043558899
46134,0.830836693856827
46135,0.1991203637583234
46136,0.7716772329367909
46137,0.5014605185388767
46138,0.5724706358051463
46139,0.793808353149224
46140,0.35503114696342836
46142,0.7588484966065661
46143,0.8478153353668898
46144,0.29900423123182895
46145,0.264904953040682
46146,0.45105158465728873
46147,0.9042815298803928
46148,0.4641411653035071
46149,0.38825159757717637
46151,0.29815844846993744
46152,0.30314958149284377
46153,0.353505385721121
46154,0.931925611721638
46155,0.27550890584164534
46156,0.44096553889297857
46157,0.8504869971185428
46159,0.4372252985714995
46160,0.3647100837841646
46161,0.23828014364433858
46162,0.31443745374788373
46163,0.6006819228928213
46164,0.6202275639218211
46165,0.46448970813682255
46167,0.303778611644249
46168,0.6277230613462245
46169,0.5770250495256138
46170,0.9131826491609464
46171,0.7613269206472946
46172,0.3939155183412853
46173,0.5628530332127366
46174,0.4154161803041098
46175,0.8070546474997778
46176,0.9018930851134707
46177,0.584836443325175
46178,0.2293882613633
46179,0.28916357826522116
46180,0.8735918627484497
46181,0.26433809033898065
46182,0.7379786561629988
46183,0.25097729835662225
46184,0.7937130189829441
46185,0.5897716742117426
46186,0.358315390083159
46187,0.640776390848475
46188,0.49126870624467495
46189,0.7721451707174385
46190,0.41734685495187585
46191,0.8788533295726927
46192,0.3589809696021989
46193,0.4275202834080279
46194,0.4436943166007837
46195,0.7494289959862906
46196,0.38887851631333475
46197,0.410802168766877
46198,0.8710134307042121
46199,0.8156673003068674
46200,0.7430884247881536
46201,0.5522349553890086
46202,0.26117574604041577
46203,0.5019745478020052
46204,0.29131360077780327
46205,0.7549469143726009
46206,0.1894883299371337
46207,0.52391342106607
46208,0.43426930895863997
46209,0.3030889178524763
46210,0.3286761197249888
46211,0.6745028599056805
46212,0.2729637626579234
46213,0.48195694071639084
46214,0.7005184303662337
46215,0.28742976559779715
46216,0.539365143403287
46217,0.37369185528060883
46218,0.9262319300624172
46219,0.5180070468823627
46220,0.3270092495438224
46221,0.8068930116731038
46222,0.8364149340546733
46223,0.7736635439580173
46224,0.7017770724516988
46225,0.9192872118572097
46226,0.4424118148699124
46227,0.9251485139657454
46228,0.7926867621490742
46229,0.5846213024390615
46230,0.9049431096739232
46231,0.9411248787012955
46232,0.46549532055171305
46233,0.28443335732072916
46234,0.6527453100272178
46235,0.3023678404062489
46236,0.24832657042889786
46237,0.8052031691757717
46238,0.42842878987536526
46239,0.3721438703379838
46240,0.46036292023083286
46241,0.3853181204459376
46242,0.7870868299065726
46243,0.8139268557803163
46244,0.4473131216948611
46245,0.3295347478291233
46246,0.5193236259740525
46247,0.22377677571582363
46249,0.7807786894550953
46250,0.7455723842973957
46251,0.9392594583111559
46252,0.2962511031988353
46253,0.38062561810577633
46254,0.7976528155035751
46255,0.4154143802165913
46256,0.36377736536344646
46257,0.49256991338795136
46258,0.4770598307790927
46259,0.5326307389569508
46260,0.7733487345882449
46262,0.2095099029961521
46263,0.6631426237580526
46264,0.6282852968869281
46265,0.49225228387638176
46266,0.56505821829756
46267,0.39012407539806876
46268,0.4354216695469977
46269,0.13561525005180378
46270,0.8910245537609197
46271,0.9280350901816038
46272,0.4891098525569614
46273,0.9042422588269285
46276,0.203633982125191
46277,0.7292072568680793
46279,0.7902610508197189
46280,0.7457531800452223
46281,0.6194319690549603
46282,0.4885885831336251
46283,0.46251919793283164
46284,0.6948669635475838
46286,0.7987705699212391
46288,0.50045831630126
46289,0.8015628485460904
46290,0.292393777458323
46292,0.8423477125306923
46293,0.30604509433474436
46294,0.7982454594663534
46295,0.8527577867810566
46296,0.6706629388885327
46297,0.6945204808739374
46299,0.3099113765417201
46301,0.75650888855917
46302,0.2672390445721778
46303,0.2355974022845072
46304,0.22020880625483283
46305,0.7114547382973054
46306,0.8280181668563971
46307,0.6438772609402637
46308,0.30478196317046563
46309,0.3571738845755533
46310,0.2868332229370193
46311,0.3716249442320351
46312,0.42880011251262273
46313,0.5595858074711726
46314,0.7836905967986189
46315,0.5629114259481802
46316,0.6803785941680055
46317,0.453182846164309
46318,0.40442420867312884
46319,0.8060617575176283
46320,0.25422749879356316
46321,0.7586943599870394
46322,0.6024076362228954
46323,0.3383408130936043
46324,0.5852813798788762
46328,0.27061069037449464
46329,0.26698070894081805
46330,0.5152049471869672
46332,0.516152627698968
46333,0.6066603903067772
46334,0.5084808109450218
46335,0.6246482480998529
46336,0.8694946849846071
46337,0.2972396025003351
46338,0.15538236929509147
46339,0.9082036108280048
46340,0.5220198246733241
47001,0.8533927415530992
47002,0.3847671749573329
47003,0.15907383405248346
47004,0.42063111347169235
47005,0.32044809151644676
47006,0.2565857851433377
47007,0.06580326689728205
47008,0.1079212163494185
47009,0.10214346771319455
47010,0.2601464402607093
47011,0.21931883244577396
47012,0.2305125989052729
47013,0.30087537020674693
47014,0.21653135771673504
47015,0.5448202111976708
47016,0.7285327678687855
47017,0.16748471280989358
47018,0.2895985200005482
47019,0.628131306291419
47020,0.30629766947586373
47021,0.05038775067273395
47022,0.5415933131751343
47023,0.13849670645681897
47024,0.47218727146782236
47025,0.2341045125857709
47026,0.2942516675661652
47027,0.41230727360251673
47028,0.38318824706133015
47029,0.36654398630229706
47030,0.2530245105617043
47031,0.8953524996264344
47032,0.9602827247753577
47033,0.12033446400284348
47034,0.3760157819391367
47035,0.12490119212666534
47036,0.43587606222257713
47037,0.06640268658091397
47038,0.4084544439016232
47039,0.05397898771386589
47040,0.7802565641347636
47041,0.5141328974010927
47042,0.24619970475017666
47043,0.4256873530378413
47044,0.043690355792039205
47045,0.5855491067132524
47046,0.2828330634864227
47047,0.2894206552472939
47048,0.10589650533528358
47049,0.23895723925717272
47050,0.4941830373108138
47051,0.7432642782649844
47052,0.5260989250915221
47053,0.5513254197884268
47054,0.2262215574410114
47055,0.2031148682081025
47056,0.354113629892491
47057,0.05700133252193382
47058,0.19223325686543818
47059,0.2946708600563274
47060,0.5620279934876915
47061,0.5273151608387588
47062,0.5836176367229692
47063,0.04483604157908645
47064,0.2911987403287515
47065,0.31866634546942807
47066,0.5901487575559707
47067,0.5923350690312585
47068,0.21860817464488758
47069,0.6983118121715144
47070,0.29080914315598944
47071,0.201937086496605
47072,0.5445998765025265
47073,0.9180326462924462
47074,0.2716128807947994
47075,0.5734927630762362
47076,0.5297107552470368
47077,0.4066960032081043
47078,0.2705363510345188
47079,0.20188971852564433
47080,0.10945515492069384
47081,0.5099386245030085
47082,0.6359408236352561
47083,0.07823555385209242
47084,0.05575498099796317
47085,0.06927873436989723
47086,0.3216348882244404
47087,0.2926836035762093
47088,0.43874511513330067
47089,0.20409549597464982
47090,0.53759315199749
47091,0.8142585643626541
47092,0.5855801861576839
47093,0.19102973279994453
47094,0.3785819939442243
47095,0.3553490408701176
47096,0.056549911237477275
47097,0.3082300333944809
47098,0.6217692593594506
47099,0.30408531300777086
47100,0.9057777315592964
47101,0.5062459530589238
47102,0.482513665982486
47103,0.3727757061147758
47104,0.603103803062047
47105,0.2281847386403644
47106,0.5266608989704086
47107,0.34596634741242066
47108,0.4139396041932502
47109,0.1328838024807869
47110,0.3636076766531693
47111,0.4127624475031067
47112,0.29873168611524586
47113,0.5933924700540276
47114,0.4070490940673793
47115,0.2716859802459493
47117,0.20997377283086227
47118,0.37666405293340494
47119,0.061180880346742336
47120,0.2588284441419474
47121,0.33741041095062707
47122,0.36171339220491516
47123,0.12271446916390659
47124,0.1925423282051208
47125,0.6295482782287527
47126,0.44063480720255066
47127,0.3695801647788959
47128,0.7406368087887438
47129,0.33154269304451084
47130,0.3371560839664922
47131,0.32183778374815314
47132,0.06265875042294013
47133,0.6821720860825615
47134,0.19505988809404953
47135,0.16956628300856685
47136,0.17963650791244187
47137,0.709741416401206
47138,0.5387519515679343
47139,0.3865573504331586
47140,0.9099130641039708
47141,0.1444172222924557
47142,0.060260607604557224
47143,0.33038630307390987
47144,0.14431233439692254
47145,0.6506734294722596
47146,0.22890172290065164
47147,0.27131835439020696
47148,0.25890526411527137
47150,0.4108464846641864
47151,0.5841181459258136
47152,0.043894992946922125
47154,0.7162362305898987
47155,0.6576077400733239
47156,0.25709468245987044
47157,0.5522021809581777
47158,0.6683477728719768
47159,0.5625218925354959
47160,0.5801286451062939
47161,0.16712495469896713
47162,0.18366607181137087
47163,0.4102017971222522
47164,0.09838668932987368
47165,0.2278493749532462
47167,0.1524587065083569
47168,0.46825435714686003
47169,0.730767640515181
47170,0.11891842499821867
47171,0.4430217995583523
47172,0.7351055199465458
47173,0.23411131912070182
47174,0.15150297730985493
47175,0.17103590832600404
47176,0.327976494880566
47177,0.2585756620915053
47178,0.22181440890305204
47179,0.3183632815820192
47180,0.6526795260769427
47181,0.19585958715968615
47182,0.17476465059181226
47183,0.06197218763962967
47184,0.059147697318995246
47185,0.4729550201517875
47186,0.60576471922343
47187,0.2839859465653459
47188,0.09810400807083945
47189,0.2791023938707448
47190,0.676782837441407
47191,0.31864024075326247
47192,0.06798176924721164
47193,0.12169324705826969
47194,0.3432593254317747
47195,0.34032301128534287
47196,0.2718216132472296
47197,0.6921120533627086
47198,0.21756089505819756
47199,0.2691323114571216
47200,0.09928017208040786
47201,0.8308700019475949
47202,0.16019705999093903
47203,0.18886342057107794
47204,0.30404488079418934
47205,0.15462977247681664
47206,0.18840591737246776
47207,0.07493911513264806
47208,0.09895336942747086
47209,0.9311090015160167
47210,0.3178335553678872
47211,0.14079110431441844
47212,0.34471852648871637
47213,0.7016154321504448
47214,0.22942734796560768
47215,0.2203656269501447
47216,0.39449606978710144
47217,0.6133019713273772
47218,0.37239961339393624
47219,0.10246561386783803
47220,0.25177551479093485
47221,0.03695907247815221
47222,0.27779590967321055
47223,0.1343655736978069
47224,0.24645561885902645
47225,0.8513159488769882
47226,0.3233407057291577
47227,0.28055248547836364
47228,0.3868599059272249
47229,0.6065528755674282
47230,0.2041039415771063
47231,0.4217447313637625
47232,0.3892916620169161
47233,0.3674638338572092
47234,0.7368606211090083
47235,0.06759020026714828
47236,0.20303840536623194
47237,0.3089555975490339
47238,0.8799960251770351
47239,0.25808828792462496
47240,0.1082996475830673
47241,0.12435672707299694
47242,0.5537782894740582
47244,0.35806767590243777
47245,0.24002056358016532
47246,0.717365945004111
47247,0.47397050767986126
47248,0.6622153068476246
47249,0.5136032264654611
47250,0.4223173531620787
47251,0.22100804153482811
47252,0.2526832919759858
47253,0.5300216621001826
47254,0.2847642839099397
47255,0.6596839449044088
47256,0.0900480686155289
47257,0.29921603234104416
47258,0.3261916605728028
47259,0.06017683736906161
47260,0.2381928653410915
47262,0.587266781683025
47263,0.446938287685396
47264,0.29959740776026794
47265,0.16344720563542842
47266,0.05131633881722813
47267,0.2070556759677952
47269,0.685369442175307
47271,0.25301033126956507
47272,0.04823452995884564
47273,0.6239681548458094
47274,0.5990957801550217
47275,0.5781265462089503
47276,0.4419611406285501
47277,0.19602662100884796
47278,0.31479525094900196
47279,0.5285436353708188
47280,0.19528659668353712
47281,0.6105723271489037
47282,0.7159383341010562
47283,0.3097485196902374
47284,0.2650033671493322
47285,0.44303671427610763
47286,0.10603212252954033
47287,0.6516963920137929
47288,0.6741212803622005
47289,0.6543656725850387
47290,0.18164774528510602
47291,0.17766654042191618
47292,0.6567837843794297
47293,0.6754854642040722
47294,0.2579383839056892
47295,0.17806108064591802
47296,0.07519075026514846
47297,0.6152934731659104
47298,0.3831259179606151
47299,0.0667005048513383
47300,0.7979922341449814
47301,0.4198330485232716
47302,0.03134937391471728
47303,0.5198222281011461
47304,0.4362064008170198
47305,0.6027141581672305
47306,0.5405597793017787
47307,0.5373900333591496
47308,0.32324563239917387
47309,0.1444244987577654
47310,0.31094792209079825
47311,0.10720726362676541
47312,0.4766466857721489
47313,0.187889119260762
47314,0.22643519827505942
47315,0.2119769690839647
47316,0.36761446104737744
47317,0.3195436951578969
47318,0.322222946759707
47319,0.12117601602159717
47320,0.21417540071173155
47321,0.5272572946452353
47323,0.26497566287241886
47324,0.15600209488025757
47325,0.2985148324666423
47326,0.4165891460193617
47327,0.08633893325116396
47328,0.3015448322394037
48001,0.6584340418835755
48002,0.859200342631188
48003,0.06634806436001432
48004,0.15441133871888454
48005,0.044028981698271775
48007,0.6513912948216599
48008,0.05384274016483977
48009,0.335114384871281
48010,0.0453521349930883
48012,0.7704064973376555
48013,0.4475992334141239
48014,0.0
48015,0.18418760788482522
48016,0.11111569725996355
48017,0.29089806238898713
48018,0.1233006644903245
48019,0.06860529575245877
48020,0.10827126722368927
48021,0.10505939613065769
48025,0.5183496400523645
48026,0.8268876527690115
48027,0.07300146029238717
48028,0.1192870086587565
48029,0.3451420709615475
48030,0.13501556568582818
48031,0.6591348455338665
48032,0.044027738989486025
48034,0.3235155466674255
48036,0.06829570459191926
48037,0.11642802129693383
48038,0.05342127268085364
48039,0.26120509422268207
48041,0.04191026133252052
48042,0.36439212395052456
48043,0.03330618002067593
48044,0.6677757033620245
48045,0.04294989091598149
48046,0.6825193446010178
48048,0.04904710919478356
48050,0.07126995061917042
48051,0.11307348390614565
48053,0.11665954553785601
48054,0.12393480118961395
48055,0.10102331847775414
48056,0.10207291487543423
48058,0.5746481754132133
48059,0.6130973625938974
48061,0.05697284603410804
48063,0.48145972835486256
48064,0.649067720872603
48065,0.08141619642904964
48067,0.07659025879666945
48068,0.11539623708341108
48069,0.08098888336836338
48070,0.04622898576724901
48071,0.1299944328377163
48072,0.23870748550146434
48073,0.04553534047676027
48074,0.1082041348787003
48075,0.12002508873574072
48077,0.6514178689411277
48079,0.6472377354648187
48080,0.06228700095111025
48081,0.1291191269600755
48082,0.048519266338268176
48083,0.07410138852152941
48085,0.28602530776855767
48086,0.05159475381233733
48087,0.05756445023683049
48088,0.511814433752466
48089,0.6556870539148301
48090,0.6789227692261155
48091,0.04870653405674734
48092,0.09643148726005502
48094,0.5267658688405468
48095,0.6099526348194815
48096,0.0930006834542578
48097,0.10368298069181826
48098,0.06107677592285806
48099,0.043587545593128565
48100,0.04465290215588882
48103,0.2887746508629839
48104,0.10391542011878513
48105,0.04270885963368118
48106,0.6506923578980812
48107,0.20756215965502764
48108,0.029991768644218986
48110,0.6676922481726115
48111,0.07869406841896665
48112,0.03909447579179065
48115,0.07490465729576089
48116,0.17868571462412583
48117,0.1726556661283511
48119,0.4144842956196522
48121,0.6092676897834893
48123,0.11501860420587863
48124,0.09485963720794612
48126,0.10990263000883606
48127,0.35285160931082993
48128,0.4400225760165162
48129,0.042317267775009444
48130,0.06660282253700513
48131,0.5168620560404076
48132,0.5791427241378279
48135,0.1895167819307321
48136,0.05365408842906684
48137,0.1202111960128983
48138,0.055824123553546864
48139,0.04827482641347199
48140,0.6070602715774854
48141,0.0932621146502468
48144,0.08051309625938724
48145,0.07508454463333142
48146,0.13890052347480675
48147,0.10946507523944121
48148,0.13649939964446875
48149,0.07754803728070317
48150,0.04631772845064639
48151,0.04347148107939925
48152,0.08236269524384993
48153,0.13212555100283155
48155,0.07580134692790082
48156,0.2617880816603571
48157,0.12726773982006678
48158,0.07039253951486006
48160,0.0374628455659796
48161,0.6580984519484063
48163,0.1675046027957246
48165,0.03953331941163362
48166,0.060695050779264466
48167,0.6362163879517787
48168,0.07290103981922437
48169,0.7147551939259905
48170,0.25260862751596025
48171,0.06219348592787334
48173,0.08490435174268224
48174,0.03491925756589606
48175,0.34186856379749136
48176,0.5534033691982441
48177,0.6822547161819664
48178,0.056789147533115716
48179,0.6726473181132052
48181,0.3128134897529663
48182,0.034670881041817335
48185,0.18561915198255852
48187,0.05536973418409438
48188,0.06903846519330228
48190,0.6606643330751936
48191,0.4079449574312247
48192,0.05807284308934804
48193,0.07174701335312793
48194,0.11057580036044827
48198,0.23498682609372415
48210,0.0
49000,0.0
49002,0.46640255440957873
49003,0.4527249532008063
49004,0.0
49006,0.0
49007,0.9406982216965694
49008,0.2911500461243168
49009,0.6623978172716213
49010,0.4083785046903653
49011,0.6512569298403771
49012,0.44702220800325454
49014,0.0
49015,0.8893762047565343
49017,0.48957327047375776
49018,0.7065494090525505
49020,0.9433002073577009
49021,0.6132228255291864
49022,0.6147672218487884
49023,0.7808173228787515
49026,0.7030075987905168
49027,0.7919959583426688
49028,0.8261878491450166
49029,0.806395179169035
49030,0.39804066654770376
49035,0.8893128903204797
49036,0.766054352914907
49038,0.8162226042506712
49041,0.47369349747257605
49045,0.4779558218756997
49048,0.8288139738241328
49050,0.7680902296322354
49053,0.6362700167084918
49054,0.37838786360610666
49055,0.8625343473713756
49056,0.4837284551079678
49057,0.33255736147241616
49058,0.5157124061082554
49060,0.5717604158528841
49061,0.2264718410714492
49063,0.6123904982677282
49064,0.4187702455437344
49065,0.0
49067,0.5215955123664902
49068,0.39568293489484224
49069,0.6335735268520303
49070,0.7416290697997044
49072,0.0
49076,0.3833682052343885
49080,0.6583562265623617
49082,0.6279560770819607
49083,0.0
49086,0.37186958635316986
49089,0.27909100741292625
49090,0.8119512303540577
49092,0.4496282544388186
49094,0.0
49099,0.8349322337203725
49100,0.6314467843280123
49102,0.3176766385785825
49103,0.0
49106,0.0
49107,0.9171004524032739
49109,0.6551798438778024
49110,0.6716993726253568
49112,0.612496976261691
49113,0.6319751041297956
49114,0.3789664386531966
49117,0.0
49120,0.787317007606641
49121,0.6175122689866157
49123,0.7718396100823184
49125,0.7725375566464961
49126,0.0
49127,0.6711613859747625
49129,0.8719300814261891
49130,0.8358069281347141
49131,0.5915833215482169
49132,0.6107923706595368
49135,0.8343815703734895
49137,0.0
49138,0.3260261192806159
49140,0.5552400720960408
49145,0.0
49149,0.0
49151,0.0
49153,0.0
49155,0.9673453708448873
49160,0.25159037346831864
49161,0.4432267932178049
49162,0.0
49163,0.8447355358425725
49167,0.8052406970031579
49170,0.6513889311146819
49171,0.39943582215836054
49172,0.0
49174,0.47280209353195585
49176,0.8174115460875157
49177,0.0
49178,0.321321329487844
49179,0.0
49180,0.5067443591056632
49182,0.6500287397127844
49183,0.2619500713304026
49188,0.4378157394568482
49191,0.0
49192,0.7400395652302478
49193,0.8380413454683935
49194,0.8959906832248158
49195,0.7734109854553556
49196,0.0
49200,0.8362982599294075
49201,0.8294263748579294
49205,0.3107096558328885
49206,0.0
49209,0.5502109072880901
49211,0.2801763083983561
49212,0.0
49214,0.8572159115270664
49215,0.6020298506516004
49216,0.6842777612658976
49217,0.5050569007200971
49218,0.5944241143516024
49219,0.5558627996396045
49220,0.42821467362239557
49221,0.3841094908651438
49222,0.7173683099845077
49223,0.8095200406068395
49224,0.5416780500090301
49228,0.3881635324353381
49229,0.0
49230,0.0
49231,0.7905030205081313
49235,0.4947024100806324
49236,0.48846383296844775
49237,0.19020882944726913
49238,0.0
49240,0.730310362351078
49241,0.8416788188728371
49242,0.0
49244,0.3016213126854203
49246,0.8687044440376444
49247,0.7526157013838645
49248,0.34674988609710855
49249,0.0
49250,0.0
49253,0.6736019867437621
49257,0.5791571642076958
49259,0.7215034202543394
49260,0.7677850452390915
49261,0.5659718978794608
49262,0.6704724047689689
49264,0.0
49266,0.6491142630581235
49267,0.8994812181271337
49269,0.7835045214890481
49271,0.8230347436687981
49272,0.5149354832864456
49276,0.0
49278,0.89775520623758
49282,0.0
49283,0.7163040096385361
49284,0.5979183531987059
49287,0.0
49288,0.8649828233232952
49289,0.0
49290,0.0
49291,0.5539655075973144
49292,0.6147892487754534
49294,0.8420912693570961
49295,0.0
49296,0.0
49298,0.8354283203942449
49299,0.8052452936027313
49301,0.5158368794367825
49302,0.6952278469820538
49306,0.8049697315218257
49307,0.7993873960841212
49308,0.7907220815840154
49310,0.22023340120901777
49311,0.43859240057997767
49313,0.0
49320,0.0
49321,0.22116792049946102
49323,0.8898897895902562
49326,0.7573783177530665
49328,0.7660472912087729
49329,0.8487749096467878
49330,0.9680259351833861
49331,0.8019877255999606
49332,0.7688750288168904
49333,0.5588056551011128
49334,0.6954607819142623
49336,0.4666947597862899
49337,0.0
49338,0.7667921742066026
49339,0.8380613586499999
49341,0.5263314001888133
49343,0.939460338895974
49344,0.9316484885209252
49345,0.2909915021543105
49347,0.7085154660197822
49349,0.0
49350,0.0
49352,0.7561907989713258
49353,0.8852846366557758
49355,0.8225644428494903
49358,0.4981406442323174
49359,0.6268538013201707
49360,0.0
49361,0.45640673348033506
49362,0.6633304256060775
49363,0.0
49364,0.7325673645223809
49367,0.924894462372626
49368,0.4579784659665524
49369,0.40070310403723386
49370,0.6033434570723671
49371,0.7044435647989303
49373,0.2874179623198084
49374,0.5399778977792022
49375,0.0
49376,0.0
49377,0.8026064223503028
49378,0.512195378581172
49381,0.7510384449452254
49400,0.0
49540,0.0
49800,0.0
50000,0.0
50002,0.80845015370347
50003,0.6929929110709667
50004,0.4841541627269297
50006,0.47410634923100325
50008,0.9497497956872375
50013,0.16144782940741234
50015,0.8891022061636101
50016,0.1962281477943141
50019,0.820370924207678
50021,0.1858232202771877
50022,0.11722717883167272
50023,0.21915142628236284
50024,0.42536136584420825
50025,0.8195593943239482
50026,0.17469389998889936
50027,0.8433033728324644
50028,0.637490232771732
50029,0.2511493098259243
50030,0.36424400401432
50031,0.500445858669016
50032,0.583189013294532
50033,0.33457152609527874
50034,0.6584492706628289
50036,0.2190780873117745
50038,0.8886247269367689
50039,0.6050048492342591
50040,0.39420578527413846
50041,0.7475322642742407
50042,0.973711841249571
50044,0.5840267617090329
50045,0.6810785751342286
50046,0.5321996119437404
50048,0.6650823196747596
50049,0.21174883760077315
50050,0.3293370887130829
50052,0.20617414147170426
50054,0.35673477385384517
50055,0.15324878085616087
50058,0.821437957294977
50059,0.17910617678502386
50060,0.7367516271313471
50062,0.6444777289876938
50064,0.16256023896528124
50066,0.8916811981019345
50069,0.8704018485753475
50070,0.18222395638914593
50072,0.6919432733012943
50074,0.8982645626998181
50076,0.9182625173875464
50077,0.8730606943745696
50078,0.3276400558887103
50079,0.6013664042588298
50081,0.9339518245794483
50082,0.569720961867104
50083,0.6374602314270962
50084,0.6738099315037438
50085,0.905976208606027
50086,0.6282543145365218
50087,0.5391426805991957
50088,0.3924616015784961
50090,0.16374610202595202
50092,0.6320398722108608
50093,0.5498588749824015
50094,0.602523426988904
50095,0.6059513574483013
50096,0.6029495166009373
50097,0.23989727245091083
50098,0.5415749382490659
50099,0.29852288652465425
50100,0.0
50101,0.8738949950018673
50102,0.9088561495499636
50105,0.2687153572296489
50106,0.49039352555344334
50108,0.8320973248353876
50109,0.9293061887918789
50110,0.5093251644814587
50111,0.5841546853616804
50112,0.8598215801001936
50115,0.9632326365160505
50117,0.9029444005783634
50118,0.9070701854938457
50120,0.9056120846198118
50121,0.6719690663337254
50124,0.8194442500015936
50126,0.9498659589915635
50129,0.8398173025172195
50130,0.7115563141007435
50135,0.6271297103034
50137,0.6907297711888627
50138,0.2913602008610703
50139,0.509702289689088
50142,0.8978794347666306
50143,0.9061304678143892
50144,0.633912852903963
50145,0.6730494804195678
50146,0.8856840396556965
50147,0.8538249019311683
50148,0.5620501031767994
50149,0.6263379992563068
50150,0.12919612052899387
50151,0.7434482730088329
50152,0.7027947442272229
50155,0.8091893661910502
50156,0.1881013741749139
50158,0.6414503593859764
50159,0.5652182138436036
50161,0.4271909172821348
50162,0.8952351278687289
50164,0.4058808657764665
50165,0.9616852688473018
50166,0.29235082593239947
50167,0.8887729368933921
50168,0.9606610667159553
50169,0.09810180780888644
50172,0.15355125902434974
50174,0.8967671341813075
50175,0.07990845952885492
50176,0.47626901734269156
50177,0.18396805729081026
50178,0.864068846570684
50181,0.5729231275865388
50182,0.4794120723456142
50183,0.22954433280126696
50184,0.35526182404720613
50185,0.8241665679346541
50186,0.23610476333256009
50188,0.9138868968004971
50190,0.11403041105540716
50192,0.4608534344358142
50193,0.5824923191211102
50194,0.161867329788153
50195,0.4659455523377046
50196,0.20246235186769732
50197,0.6840043898387305
50198,0.5833912674266216
50199,0.9003004058860354
50200,0.5312760417171828
50205,0.9612954554408253
50207,0.32071372309998153
50208,0.337847211725056
50209,0.8841515222381413
50210,0.24315774897225936
50214,0.5491171410730514
50215,0.7074345000146554
50216,0.4539729239236326
50217,0.8953233077541511
50218,0.8507047660509769
50219,0.7265207276422836
50221,0.6783813971284316
50222,0.6417512520396559
50224,0.0
50225,0.6660071674263439
50227,0.10169552528573528
50228,0.6223365050140448
50229,0.5757919451025171
50230,0.6494055161772139
50231,0.696180522046834
50232,0.5379648244886559
50233,0.13618469833498056
50234,0.646733474681397
50235,0.3243891343334728
50236,0.2998847956980249
50237,0.8959849940262923
50238,0.7042384926163596
50239,0.510045061528619
50240,0.6939345014919922
50241,0.20359226667371066
50243,0.6474472250819905
50246,0.1830607326952472
50247,0.9048526092323702
50251,0.3925565795932866
50252,0.9304857313854513
50253,0.9132767391901542
50256,0.8374835245186575
50258,0.10892428498383448
50259,0.8784485107905206
50260,0.2441154568783234
50261,0.39594266946721457
50262,0.9206920957267448
50263,0.2423845061976008
50265,0.2982469577051718
50266,0.690698798849491
50267,0.49715232633567064
50268,0.11155896439874412
50269,0.1794790599179293
50270,0.44355617704753997
50271,0.6184559373544192
50272,0.889964463054309
50273,0.25498762062660985
50274,0.31388380398310495
50275,0.6811864834140995
50276,0.9627182359515475
50277,0.935053588110272
50278,0.9125949382104844
50279,0.5485221010767494
50281,0.8917190236242681
50282,0.8492816183036708
50283,0.58112179307403
50285,0.31879928988184814
50288,0.807920726414294
50289,0.5625621124130153
50290,0.9608613369985238
50291,0.6238362144631512
50292,0.5030324924119677
50294,0.7010706268545548
50295,0.6386879292542152
50296,0.867271090985919
50297,0.5575262693913083
50298,0.24705577940860007
50299,0.2554807126485025
50300,0.5462265335882112
50302,0.5284918789081023
50304,0.7295811257906416
50305,0.6472739594240249
50310,0.4840324753184783
50311,0.711429086586339
50312,0.6211914468520296
50315,0.8113262846653816
50317,0.8520239785397336
50321,0.6023751326642036
50324,0.3994580534117368
50326,0.9079790515781853
50327,0.9046601782535215
50328,0.4422770787851328
50332,0.6490281714497943
50334,0.6075387843734157
50335,0.517847341849035
50336,0.6666666666666669
50338,0.6154453573435784
50340,0.5945463570868967
50341,0.18704762927639634
50342,0.21445725146180292
50345,0.6270665982663841
50347,0.8305652918762433
50349,0.6794367175708841
50350,0.5855398565227808
50351,0.40959441830104
50352,0.5019316429227859
50353,0.9658815642956862
50356,0.5495532957427082
50357,0.5706847336383406
50359,0.21225330546252746
50360,0.4713267718532882
50361,0.8777186486432492
50362,0.2277637808265467
50363,0.6052104723703826
50364,0.5955801518911885
50365,0.8529833629355528
50368,0.2870356980628286
50369,0.4464459665610258
50370,0.2562040837914436
50371,0.30946764063302173
50372,0.28800616906586857
50373,0.2166062176993787
50374,0.2247778545722056
50376,0.5430228478946497
50378,0.6986657869927699
50379,0.8816242282031559
50382,0.6930841355281175
50384,0.41250180179868695
50387,0.12663224750797217
50388,0.5971268513528959
50389,0.5374240535005169
50390,0.1063581188172023
50391,0.5539401492598692
50393,0.6103848639838154
50394,0.616047207378428
50395,0.15231203709711286
50397,0.5827917533755583
50398,0.34000307683003084
50399,0.8776830461025231
50400,0.1927067395650902
50401,0.3726519572949263
50402,0.541397926265681
50403,0.5555895068446586
50405,0.2653644743448558
50407,0.9573163729767877
50408,0.7938071370300515
50409,0.4395073402976694
50410,0.8627349899031642
50411,0.9466052021652518
50412,0.33044035880644235
50413,0.7904093609767137
50417,0.1674841452799925
50419,0.6377415323822068
50420,0.5665418697131036
50421,0.12201601992746804
50422,0.47934723145339886
50423,0.5865933655422904
50425,0.5872965181716794
50426,0.23669305657910447
50428,0.8279850962020976
50429,0.6729042445414046
50430,0.16020807883066424
50431,0.4954305945028017
50433,0.16136409318041423
50435,0.4892494691042377
50436,0.257996453285202
50437,0.6534192846082373
50442,0.22948927961679405
50443,0.8067136949421003
50444,0.3618642472455572
50445,0.3847756058593279
50446,0.5741403813938905
50447,0.8912869524888192
50448,0.8555322340269694
50450,0.41984260127395995
50451,0.9574373580532954
50452,0.3426505897951062
50453,0.7757383639841816
50454,0.6859021525090241
50455,0.5662348081204411
50456,0.38246587083791495
50457,0.19899592879620978
50461,0.1874923374552249
50462,0.18351911624349732
50463,0.6556491652701831
50464,0.49008329473755513
50467,0.09596314526876502
50468,0.4096743416127207
50469,0.15988364281335793
50470,0.0
50471,0.3242732237866585
50472,0.8609245020291102
50473,0.5511494772103644
50474,0.3567125469089393
50475,0.6285288873112198
50476,0.5175891799185605
50478,0.3928715719289676
50479,0.19501348572095317
50480,0.5126326716385614
50481,0.406054155560064
50482,0.33732038786030194
50483,0.6421572108630479
50484,0.6500626885534694
50485,0.0
50486,0.18569064817160033
50487,0.826357300471994
50488,0.3523437529521157
50489,0.9505700448334002
50490,0.3594907758388646
50491,0.5773762285489327
50492,0.47725394661522963
50493,0.9098817273372365
50495,0.8945769829908525
50496,0.899681821796228
50498,0.47127941781819754
50499,0.6442535328068745
50500,0.867056149359261
50502,0.7500297314200346
50504,0.3583742351265062
50505,0.7873239493628807
50506,0.7669420848074638
50507,0.13211875175070054
50509,0.1942545048780903
50510,0.5883363408487903
50511,0.36103250766016953
50512,0.5595924940603452
50513,0.6771864443223704
50514,0.47349938249098966
50517,0.19038792494791448
50518,0.676756380477465
50519,0.6023148239649032
50521,0.6744530465483715
50522,0.26651051033776696
50523,0.2602939659726833
50525,0.6588235225067407
50528,0.27581632175365944
50529,0.8934595904801933
50531,0.8880078602146969
50532,0.9199626317265621
50533,0.37355770037301056
50535,0.8165446901204517
50536,0.24016662626899773
50537,0.7688242274314528
50538,0.5540473941603228
50539,0.8994394004083067
50540,0.979459618601054
50541,0.9196677272319749
50542,0.6564267841033102
50543,0.9603134222636488
50546,0.550621680445772
50548,0.23537850760617868
50549,0.9080927484686113
50550,0.49207468902513296
50551,0.31803749366003164
50552,0.4611154179765596
50553,0.8428500934349689
50554,0.9593738153846552
50556,0.5979212026078345
50562,0.21776678869327656
50563,0.5286814995257773
50564,0.35989367564575164
50565,0.9722876872270262
50567,0.5431057730457353
50568,0.46977462256870434
50569,0.5965141912866047
50570,0.15433628054837367
50571,0.19619700206595447
50572,0.3477911998923569
50574,0.8576055380674603
50575,0.6688561247466869
50576,0.7241588438506105
50577,0.31721923107727823
50578,0.20303864174508668
50579,0.5252319362534662
50580,0.6721197198625185
50582,0.47731684499454397
50584,0.9549927145426154
50585,0.2659593975192225
50587,0.2301794221128311
50588,0.5197385610710136
50589,0.8681829647285151
50590,0.882821069453832
50591,0.18178676541826258
50592,0.5191677622009367
50593,0.5373519630790912
50594,0.6760148996914825
50596,0.8890582165538656
50597,0.8459064579812671
50598,0.5178370888612326
50599,0.6660057911179125
50601,0.6820082727298192
50603,0.6824022916130917
50604,0.7156594989765042
50606,0.5084776043379344
50607,0.8869384928291294
50609,0.18397533808199637
50610,0.11045912573550655
50612,0.8594369703492215
50613,0.458825176353336
50615,0.5235444632741781
50616,0.8340372092154552
50617,0.24027021786545863
50618,0.9040960550653016
50619,0.5656886804427828
50621,0.17923737266333656
50624,0.6964320287866096
50626,0.7097314634536606
50628,0.8639406815467946
50629,0.2865293418745533
50633,0.436345362070907
50634,0.4626802145789108
50637,0.6258918898839613
50639,0.7800700615475359
50641,0.5670121992376759
50643,0.6608386485224619
50647,0.9787373874657939
50648,0.4648790183455171
50880,0.0
51000,0.0
51001,0.2392281481214208
51002,0.36585712936504583
51003,0.6765791231291864
51004,0.2596263688882801
51005,0.02960095258906911
51006,0.2573471549148201
51007,0.8414518876498764
51008,0.2672643208092829
51009,0.3098889376616806
51010,0.02986167788264328
51012,0.15749942785030213
51013,0.35304517132636615
51014,0.1693969474913914
51015,0.1661021906594667
51016,0.23494676316127638
51017,0.1872887818873544
51018,0.6403545180021702
51019,0.5511253480123269
51020,0.8394972881398481
51022,0.2307587999821344
51023,0.6561502814821195
51025,0.8594392719603203
51027,0.07394755599258905
51028,0.8972031363631304
51029,0.487009116803774
51030,0.889762640248695
51031,0.6469292342643431
51032,0.41695796256564527
51033,0.2971748655324835
51034,0.037080806649474954
51035,0.03420465412940035
51036,0.15755212862817397
51037,0.26065754492939935
51038,0.6870141107350389
51039,0.1870163297880985
51040,0.1980096151648908
51041,0.3755538774773986
51042,0.04075242867953048
51043,0.7725065304240181
51044,0.8793962289806935
51045,0.13318806166977015
51046,0.9081590511159751
51047,0.09698416330100278
51048,0.8656376955294971
51049,0.14579023212406203
51050,0.054753678794876616
51051,0.8373670567897117
51052,0.9174606422399244
51053,0.14996223163854122
51054,0.3836385933678625
51055,0.9946845021994428
51056,0.22856517936705226
51057,0.05483900989978839
51058,0.9581821631362547
51059,0.22971281851405964
51060,0.31610670516756967
51061,0.908461876502155
51062,0.06352059004610093
51063,0.28508182415882116
51065,0.21378232621490972
51066,0.23176039949860222
51068,0.29160372734751405
51069,0.8581221456327041
51070,0.04301534024628589
51071,0.11244848368980588
51072,0.9069191569944899
51073,0.8092515069587364
51074,0.8059218960617156
51075,0.9048996150962554
51076,0.31937651668330885
51077,0.8373265414452711
51078,0.5788971213863036
51079,0.8576104555791199
51080,0.19378002087293741
51081,0.8063496825649178
51082,0.22073026454063138
51083,0.1293148137937115
51084,0.04252778438205553
51085,0.15301302641594985
51086,0.4923712168601581
51087,0.4431137553122339
51088,0.9048061543780118
51089,0.4775276657457546
51090,0.03319531971379141
51091,0.03274631440110999
51092,0.030545084856565537
51093,0.4165490718821816
51094,0.20935587901318264
51095,0.24570462930857676
51097,0.4193321868978296
51098,0.11282152445306935
51099,0.4235480801799024
51100,0.15640651867102454
51101,0.89469467419516
51102,0.843821624696547
51103,0.2750750753651473
51104,0.14265397465781224
51105,0.9421958927624413
51106,0.4888194866960015
51107,0.31044183195286207
51108,0.7605975391165544
51109,0.8925182715758477
51110,0.34193653711277827
51111,0.8333915532118144
51112,0.9265297707049797
51113,0.05278212079255464
51115,0.9741475692314
51116,0.051537618062727976
51117,0.6592057068036383
51118,0.9431747216530804
51119,0.9153527360308605
51120,0.8384320148589445
51121,0.09424802133447614
51122,0.2218970898438055
51124,0.22614371885328632
51125,0.16044880858431498
51126,0.16341799857663028
51127,0.18293753469335736
51128,0.08147248298167609
51129,0.03664357983740085
51130,0.03656574217568704
51132,0.0911103360454052
51133,0.10057905255133273
51134,0.19083495354071667
51135,0.08014008906663873
51136,0.226791977816164
51137,0.03639917663387692
51138,0.09563587228991144
51139,0.17056046053865978
51140,0.8817771306768194
51141,0.26667087097134407
51142,0.5509422850495069
51143,0.09058937603670454
51144,0.3611972400575063
51145,0.8938830430157977
51146,0.5082933421257106
51147,0.5848361838306566
51148,0.48602872067599046
51149,0.44940560455059897
51150,0.7132523173498653
51151,0.1126636064123465
51152,0.9269046970730189
51153,0.5191679818537132
51154,0.2536645665022811
51155,0.5557485649775549
51156,0.16794981351487745
51157,0.03626045811647096
51158,0.03673764941341022
51160,0.6027158552072204
51161,0.6637429108528025
51162,0.5237771680253936
51163,0.08265834777347693
51164,0.2061802455119989
51165,0.031008093538130437
51166,0.09238013457799724
51167,0.2482640883664597
51168,0.548820555268642
51169,0.04718245639905125
51170,0.038063899638725855
51171,0.6489451204292688
51172,0.9950754221571385
51173,0.9126549681540396
51174,0.3232117057452685
51175,0.09467648433458956
51176,0.06962107186927802
51177,0.9231935956724605
51178,0.4980151121477879
51179,0.3483021235974101
51181,0.8328424610174036
51182,0.18013617783066238
51183,0.8977172000374893
51184,0.19609551992938745
51185,0.055558599802921625
51186,0.034891022971551146
51187,0.3979122718468251
51188,0.9246656871533039
51190,0.9173798060874598
51191,0.17447150585010748
51192,0.30237621118223207
51193,0.5288707286126214
51194,0.4104989827404059
51195,0.21623877506662087
51196,0.48457044758466955
51197,0.06376697869736075
51198,0.4733387723927708
51199,0.8499213120978312
51200,0.5622426103281326
51201,0.6282161809981829
51202,0.8845973630631768
51203,0.5435376633005952
51204,0.8577822113141474
51205,0.49462083378986743
51206,0.16920886757787995
51208,0.3500707126757946
51210,0.891124061869127
51211,0.24105891508393745
51212,0.3833487488579935
51213,0.19017824086564994
51214,0.1455113314270177
51215,0.22398940815482488
51216,0.6436423972193126
51217,0.2679066835717174
51218,0.1862038894020645
51219,0.16468912213465248
51220,0.18874759130385071
51222,0.08415660179311137
51223,0.2899324181479001
51224,0.18019529020026206
51225,0.9283427922221945
51226,0.20249047929047567
51227,0.5661908241255876
51228,0.14483531207722553
51229,0.15062388955855685
51230,0.8416734976233043
51231,0.5604170992615627
51232,0.8929660391187288
51233,0.046298328596841465
51234,0.44140110860815424
51235,0.034044425587885625
51236,0.036712132908214574
51237,0.034030651666479846
51238,0.16068832926665624
51239,0.18106935583159955
51240,0.3533085865608301
51241,0.19308261392640047
51242,0.6743576088973877
51243,0.038087368763646594
51244,0.41599557394525777
51245,0.8099945122881839
51246,0.21547560131585702
51247,0.08553651839475003
51248,0.1698715946242669
51249,0.2336218397909721
51250,0.30774933911630115
51251,0.42242194983447856
51252,0.8916928772960584
51253,0.10930026236057025
51254,0.19671981048001033
51255,0.09185011156623364
51256,0.9163905933253317
51258,0.04682215588095197
51259,0.3773585736423589
51260,0.08639031741121733
51262,0.7126535439639612
51263,0.04054776547393684
51264,0.041457018253667675
51265,0.10835974567463344
51266,0.9191455412680215
51267,0.8531924855575462
51268,0.5487395964951222
51269,0.2839718947412186
51270,0.17866830749538057
51272,0.10345327456282348
51273,0.21606260167022587
51274,0.29924211742898843
51275,0.2017871390457554
51276,0.23093105983380088
51277,0.33299709785269055
51278,0.5777577027186682
51279,0.28336555650807105
51280,0.04014815851385623
51281,0.4935817893449101
51282,0.9035806375039247
51283,0.15136369125223245
51284,0.25709667965826855
51285,0.4052471172430105
51286,0.31287743787378286
51287,0.9104016614643604
51288,0.28087461401516717
51289,0.28508349200675853
51290,0.17244876006624657
51291,0.8778070540860433
51292,0.09260489879363343
51293,0.772558606499562
51294,0.6661362291260351
51295,0.2902391092965171
51296,0.3218014370946848
51298,0.22452914517191505
51299,0.7572389460829644
51300,0.1849692205801886
51301,0.7279366968623001
51302,0.6664100430762238
51303,0.688894840808601
51304,0.06897564119608723
51305,0.8864728736696231
51306,0.06837886185806914
51307,0.49955605818099724
51308,0.7939955597031985
51309,0.6886806923126852
51310,0.925740900573597
51311,0.20496189756508099
51312,0.5616712257920581
51313,0.03259979989989114
51314,0.4111173778333635
51315,0.2832523421282774
51316,0.2601133691595193
51317,0.08256679311645006
51318,0.8599613337803083
51319,0.2856684273702671
51320,0.23641535921378767
51321,0.7073678183175974
51322,0.18757729860432995
51323,0.029596130522005434
51324,0.029490561657002614
51325,0.17219446468287522
51326,0.6778281013300044
51327,0.21601281739152223
51328,0.21885692252299407
51329,0.8324833665215569
51333,0.9261252075055912
51334,0.21097200493302942
51336,0.18437144228174351
51337,0.37636277227877685
51338,0.9330583271410111
51339,0.5093086795757202
51340,0.29865197774744534
51341,0.13551849742008729
51342,0.5206119744111358
51343,0.5062617390382905
51344,0.8253389001148872
51345,0.2595520495865971
51346,0.19225317426693483
51348,0.9106781721101725
51349,0.1689089937499821
51350,0.08401165098492555
51351,0.1374199159009595
51352,0.31497484730128356
51353,0.22506343180663302
51354,0.44163007050543646
51355,0.11936497273176361
51356,0.17526885543060974
51357,0.6312786470402301
51358,0.3095313502958021
51359,0.1251043201082217
51360,0.03197968610184402
51361,0.294575472214938
51362,0.918714954724243
51363,0.2675614677082443
51364,0.8705298394277406
51365,0.9358101847868526
51367,0.34292816266847903
51368,0.09966106155907813
51369,0.03233148733372289
51370,0.12299513894032316
51371,0.055940377368850915
51372,0.4901324069413546
51373,0.1768995019553428
51374,0.03361807755909043
51375,0.9635337573613663
51376,0.24853461015240527
51377,0.3528830552999184
51378,0.5660110983016872
51379,0.7030843500562929
51380,0.1355798483191904
51381,0.3099549876563842
51382,0.1654641287062188
51384,0.5058722177646607
51386,0.07067039865098153
51387,0.43803632240635615
51388,0.5658782323384948
51389,0.7353614208386999
51390,0.6297432548550544
51391,0.8726142575971946
51392,0.9039499000175968
51393,0.9160925928914474
51395,0.07949813655352031
51396,0.1963595092200909
51397,0.10608124920712136
51398,0.8469975656693256
51399,0.15069744872957277
51402,0.05293216499193539
51403,0.9323745304609623
51404,0.1569028891566722
51406,0.19387371668988324
51407,0.033630950946988224
51409,0.4767987319422936
51410,0.24574692878780072
51412,0.029322561102667195
51413,0.6652256954822694
51414,0.5945534675023397
51415,0.29967699697835565
51416,0.10670618813730402
51417,0.23373264433306024
51418,0.9382644268723666
51419,0.10670696594643486
51420,0.21161371886315491
51421,0.03426954582449255
51422,0.9246712403998107
51423,0.30601916156724107
51424,0.0814786666226033
51425,0.08133370280120174
51426,0.031046539669447544
51428,0.8964070632984958
51429,0.840809157078724
51430,0.21797084989169893
51431,0.7733517594367785
51432,0.029502444967983984
51433,0.22909909027293646
51434,0.6403530883499209
51435,0.5432283799244182
51436,0.32980280467977074
51437,0.8096441401765594
51438,0.24412827964769762
51439,0.867509334915313
51440,0.724892959181069
51441,0.2048499439846929
51442,0.036586665110237324
51443,0.32257800747207194
51444,0.8930684980685314
51445,0.9158890692576819
51446,0.31763797685752954
51447,0.8225217489984264
51448,0.8308948618951139
51449,0.9183747613528667
51450,0.9441685824141873
51451,0.14424721727904055
51452,0.18325489698412226
51453,0.649535700217898
51454,0.9970920851424887
51455,0.19732114249918004
51456,0.12507122041362798
51457,0.6688173841870212
51458,0.033560580804715606
51459,0.094181223124407
51460,0.1205369983202931
51461,0.9370690724826288
51463,0.19340754905621865
51464,0.4662888590903452
51465,0.9074703156554075
51466,0.6432214702729179
51468,0.8543166905593981
51469,0.48371974813379637
51470,0.07506773323332112
51471,0.9322395025527231
51472,0.1498272941515441
51473,0.09258698093827772
51474,0.9456687542264228
51475,0.18864064281581194
51476,0.5518430748764512
51477,0.8540156446537686
51478,0.3383367622793196
51479,0.8899486183138798
51480,0.0830390131184366
51482,0.3783830483716909
51483,0.6700552415405572
51484,0.18109990180793972
51485,0.5156953153406197
51486,0.5089012538561105
51487,0.6768201053140228
51488,0.9175310814838545
51489,0.0921976426233525
51490,0.3919060619285115
51491,0.08309920277386039
51492,0.5663502865914646
51493,0.9561393850867891
51495,0.029437966743106257
51496,0.1827610523767062
51497,0.3183898148702171
51498,0.1114682374004043
51499,0.4787814062542666
51500,0.12310826444909576
51501,0.04595310370244583
51502,0.28665219377430123
51503,0.6399463092756803
51504,0.658037596670274
51505,0.783816697175784
51506,0.6776741483839268
51507,0.1519357360878313
51508,0.34745848514419764
51509,0.5071936074974454
51510,0.235280205377646
51511,0.22580276763066498
51512,0.4800666492801194
51513,0.15504904806030295
51514,0.03233362028106636
51515,0.248142280594565
51516,0.1975048354241473
51517,0.048375800021034476
51518,0.9061140507018768
51519,0.11242031242756667
51520,0.06775138384408808
51521,0.2929697744132251
51522,0.2856805331501332
51523,0.8286966507995962
51524,0.35698507403874674
51525,0.6450411195960034
51526,0.04087996027151452
51527,0.8000640545206333
51528,0.3072821598028775
51529,0.8220830302380494
51530,0.871762799329183
51531,0.31931964411428826
51532,0.9243196124744463
51533,0.11476700993175429
51534,0.720315459526237
51535,0.03702014883405208
51536,0.9408097544379624
51537,0.10630127875534932
51538,0.5408127451402435
51539,0.17964515577645598
51542,0.03378518794313609
51543,0.11888441509801093
51544,0.05016134293033574
51545,0.7424153668925514
51546,0.05292547592619826
51547,0.07327122034622122
51548,0.2764808211563549
51549,0.07653097396950703
51550,0.3181783479129793
51551,0.18572173890351934
51552,0.3889930479149746
51553,0.02977020878487465
51555,0.4063078672350135
51556,0.49542897337342356
51557,0.16075190144385595
51558,0.24213923170224316
51559,0.08010675722273021
51560,0.1959795786671055
51562,0.9584503201743192
51563,0.034602228992152914
51564,0.8991242458965526
51565,0.16753928716180333
51566,0.44081886886682464
51567,0.21590709146094395
51568,0.8858011814565043
51569,0.9318485726046662
51570,0.041801062150199575
51571,0.867436381537512
51572,0.10170991285693724
51573,0.9637426789530565
51574,0.4815573150618192
51576,0.8479978921538371
51577,0.8103369199333338
51578,0.3334993789091667
51579,0.08176260342008568
51580,0.8427315332923778
51581,0.8237851093643918
51582,0.8688875915713618
51583,0.41235657810315374
51584,0.9741635402765426
51585,0.17357984752356365
51586,0.4670880739576323
51587,0.5367047410484951
51588,0.2675769919195481
51589,0.18520703816417927
51590,0.16988120321919406
51591,0.693657226426207
51592,0.13711877435476943
51594,0.34607137975485364
51595,0.42943564197880396
51596,0.051242424866059164
51597,0.7833341387501005
51598,0.18809810330415072
51599,0.8270419060797977
51600,0.636453901709897
51601,0.19576655922575378
51602,0.19620423651542465
51603,0.5904531354406004
51604,0.597217637899125
51605,0.7212678293048647
51607,0.2519756922934922
51608,0.08864673705107672
51609,0.08562956963675217
51610,0.13032392090982906
51611,0.0651837575421288
51612,0.30537689220761943
51613,0.9085545426771039
51614,0.876377343354299
51616,0.34738958886873184
51617,0.5615543123410579
51618,0.14062077271875
51619,0.09628020027177978
51620,0.12378055924052692
51621,0.09962420265159483
51622,0.9276869608677681
51623,0.9190388098214498
51624,0.816864731731063
51625,0.11897783260154121
51626,0.033576814643308237
51627,0.35389318681224285
51628,0.17719874767620128
51629,0.935958584034737
51630,0.34101356281143863
51631,0.9587514427531232
51632,0.09291937550166784
51633,0.8613495674548445
51634,0.452346691089372
51635,0.07039927651008182
51636,0.8394037196470449
51637,0.6773636758134864
51638,0.3769723949311314
51639,0.08561014234999398
51640,0.1412510940670715
51641,0.03935330732607464
51642,0.38529258603991656
51643,0.554390370772439
51644,0.1708421202420747
51645,0.03615324529486458
51646,0.1371010478302278
51647,0.4456726652339748
51648,0.45979787195943717
51649,0.8778813046125437
51650,0.2334446989994672
51652,0.2558602342925208
51654,0.2940792949154788
51655,0.4440443484092056
51656,0.6178678358504324
51657,0.9291615537085588
51658,0.06654961825609151
51659,0.06858762394583895
51660,0.7737188198625201
51662,0.8936896398946168
51663,0.918240185497866
51700,0.0
52000,0.0
52001,0.7645615556972657
52002,0.6966149032651563
52003,0.20388414246327427
52004,0.09966912987659456
52005,0.7182322916476708
52006,0.35391027330641467
52007,0.057439200836271326
52008,0.15142391291693288
52009,0.8822693712918224
52011,0.5477505521675889
52012,0.09099383032981348
52013,0.6444963384193839
52014,0.7148647753251924
52015,0.654080796728173
52016,0.944891428992745
52017,0.7053350453014697
52019,0.03514397737344243
52021,0.324418462729354
52022,0.686404882229072
52023,0.6835493248075101
52025,0.6652337111720253
52027,0.5772691762375491
52028,0.9525341636398438
52029,0.1350941285294442
52030,0.11287953155733192
52031,0.7531149524953558
52033,0.9319629943579235
52034,0.26533299576043684
52035,0.6819495475201405
52037,0.765359242882052
52038,0.6629328238751063
52039,0.09805091294327589
52040,0.7119795094249712
52042,0.5493802803745913
52043,0.03039362404787034
52044,0.06499141202782885
52045,0.6527891400591999
52047,0.053765272637150786
52050,0.5923374163626345
52051,0.6088860702844578
52053,0.753822770451628
52055,0.07285046334655562
52056,0.8360677070239679
52057,0.059019231355924455
52058,0.09779717668242251
52059,0.9020843750666581
52060,0.7799602121009123
52061,0.2731345668162939
52062,0.7584278555960972
52063,0.031052332796475665
52064,0.16494195294598551
52065,0.030596837280990642
52066,0.07872301534622153
52067,0.03363447817501265
52069,0.7990624313920385
52070,0.8107498334659476
52072,0.5411202195299032
52074,0.5942611013647628
52075,0.114124700389659
52076,0.838466577079647
52079,0.3568339922504415
52082,0.9312025902323254
52083,0.104037902832285
52084,0.10923163454710078
52085,0.7739738458308563
52087,0.9503779662196399
52088,0.04136597821980381
52089,0.8631145158068558
52090,0.7144293179689636
52091,0.044241206369508186
52092,0.44609992759063155
52093,0.5498570587560621
52094,0.5421621655993578
52095,0.06479958284796458
52097,0.04551359396652912
52099,0.44851001092190557
52100,0.0
52101,0.5269868264975398
52102,0.7423519261250915
52103,0.6933374479187118
52104,0.5011350699453407
52105,0.7393191131167358
52106,0.9356728424946129
52107,0.1352951224807833
52108,0.7765445733052578
52109,0.0756403819256108
52110,0.08541153320359957
52113,0.690690878869101
52114,0.8440922492814088
52115,0.7378286603714073
52116,0.7115189583731624
52118,0.15421642164815613
52119,0.6703915769493363
52120,0.8065910041483485
52121,0.7386471145820123
52122,0.41765355797320175
52123,0.31359409590194004
52124,0.7315169822945694
52125,0.702819520314387
52126,0.5193108188263831
52127,0.6604961971292214
52128,0.2104977671355816
52129,0.06658706137681938
52130,0.6262439840880408
52131,0.08967306773689582
52132,0.7104634540925288
52133,0.0525040373474674
52134,0.7071432551396738
52135,0.7970715720883064
52136,0.7859257883969577
52137,0.02712556195295083
52138,0.7097046764407657
52140,0.04255992036308118
52141,0.5884166193606616
52142,0.056296490711391305
52145,0.1583333643180531
52146,0.7245995484624415
52147,0.7951417479791244
52149,0.1069182387451153
52151,0.7169376138290632
52155,0.6966341513439077
52156,0.22030229347541402
52157,0.04357323368913215
52158,0.0904419159442798
52159,0.7864947138393457
52160,0.045647142456158474
52161,0.7455532483496411
52162,0.8410810224150386
52163,0.6619120870612658
52164,0.7943706771612297
52165,0.7155978982838573
52167,0.18773780493242964
52168,0.6183263219127083
52169,0.20207877292394552
52170,0.6826055683042555
52171,0.1027768363557858
52172,0.11420324674183062
52173,0.07618639313863675
52174,0.596554528455536
52175,0.05403871140679226
52177,0.054468646067975156
52178,0.10321654044854445
52179,0.22976570790653475
52181,0.10216906277912383
52182,0.28178596604675393
52183,0.06679879389986342
52184,0.24132130783213881
52185,0.043712355865140606
52187,0.10679967437364468
52189,0.5164884997428981
52190,0.714045035313983
52193,0.7467160501501315
52194,0.36093512477064404
52195,0.029085582777250443
52196,0.5051224442891554
52197,0.028814699894808338
52198,0.1764389105828589
52199,0.09050869760929149
52200,0.8469645524163885
52201,0.06755229670775854
52203,0.3351552975009317
52204,0.16432580452770795
52205,0.8658927927465053
52206,0.29336276510436166
52207,0.825095666460492
52208,0.049662221783367426
52211,0.04385099775864322
52212,0.09031667394997696
52213,0.02769911689599536
52214,0.04200278587165431
52216,0.6984012449650143
52217,0.5122361694337808
52218,0.13048951157038075
52219,0.13099765765623655
52220,0.9558056710862425
52221,0.7249399955865501
52222,0.1077600840463565
52223,0.028940773675492287
52227,0.11068469660495779
52228,0.6340009783707788
52229,0.12701681649591226
52230,0.045071688343697784
52231,0.17752178793008347
52232,0.02818982504477786
52233,0.03154189906694414
52234,0.5268597833378085
52235,0.34400926722504127
52237,0.2325022753884762
52240,0.6507366647166644
52242,0.676092484474908
52243,0.5956991074629333
52244,0.37139002775338026
52245,0.044455995242357466
52246,0.6881218893518598
52247,0.051335178766843646
52248,0.8339818779814476
52249,0.1002880732338211
52250,0.1668033709342108
52251,0.6466509373003443
52253,0.773866481546006
52254,0.7164724815383968
52256,0.17685711112813976
52257,0.030137724422272496
52258,0.4856361483892623
52260,0.0768985585769894
52264,0.7930032506799979
52265,0.29904562869374196
52266,0.22981601348285682
52267,0.330351435711388
52269,0.7380851746157645
52271,0.7560376629906
52272,0.5780938196320015
52273,0.6794362098620613
52274,0.6902277327462893
52275,0.8526994057625898
52276,0.322967154847628
52277,0.833315888175906
52278,0.7274936158167472
52280,0.7070507509470827
52282,0.8896340322623263
52284,0.05977840006956625
52285,0.5700348342818876
52286,0.04220628944706914
52287,0.6409400249365009
52288,0.1392768041615777
52289,0.16388164358292454
52290,0.15170934458494992
52291,0.7580550100238963
52292,0.7582115638519046
52294,0.3302789372003226
52295,0.9339267189721782
52297,0.9035053692045188
52298,0.6567249371380713
52300,0.3089073767923743
52301,0.6597273408538434
52302,0.23809870093163193
52303,0.5665770041430574
52304,0.4901022868147685
52305,0.746668889605626
52306,0.04423577603592736
52307,0.8824271353129305
52308,0.6152154385251093
52310,0.03366853367820392
52311,0.7894817077218318
52312,0.6224195308896039
52313,0.2093029150440768
52315,0.15362309636271504
52316,0.09945909488756598
52318,0.03792547727582555
52319,0.777769024658847
52320,0.6628885555565673
52321,0.08091693333445978
52322,0.6324293346740112
52325,0.7692053815664389
52326,0.04850267200927315
52327,0.42443649719244597
52328,0.7872352920764514
52330,0.6587219860252611
52331,0.18538287175571277
52332,0.922548341314438
52335,0.02847060808582172
52336,0.3851336412996566
52337,0.10510755706360768
52341,0.09813089561381338
52342,0.046959912882760906
52344,0.5153552657234144
52346,0.0677094546513577
52347,0.387596279955754
52348,0.7908425213427351
52349,0.9044419718864941
52350,0.03558787292120775
52352,0.7970723151916804
52353,0.7486726242579423
52354,0.6561595570411819
52355,0.8615770236412565
52356,0.10755255693270936
52357,0.09966922800990279
52358,0.7996843235925342
52359,0.06291107805162717
52360,0.10273018160974104
52362,0.787168859399058
52363,0.7519845071093588
52364,0.786851253836487
52365,0.8783002513766529
52366,0.5781201982289238
52367,0.09201036266975544
52369,0.05639204476531039
52370,0.20021518825459245
52371,0.08043731220973245
52372,0.2069855094572986
52373,0.046299969387041645
52374,0.5892705329265536
52375,0.6036583621824024
52376,0.09741533160826714
52377,0.6862767324805665
52378,0.2535122712516492
52380,0.7691931089361149
52383,0.7602209070874184
52384,0.8998933614247011
52385,0.7436929394921674
52386,0.2826428082239806
52388,0.02908406443389358
52390,0.03135430863519622
52391,0.2883229157701926
52392,0.7882611421018759
52393,0.635896044728099
52394,0.02784867176118793
52395,0.026736897057204247
52396,0.7034181693989698
52397,0.8406307725249165
52398,0.11256561571554997
52399,0.689227594683489
52400,0.7833251995289687
52401,0.7943241592042126
52403,0.6074779275552177
52405,0.5831691611224874
52406,0.029044458993220074
52407,0.14797719808221022
52411,0.04086688871189485
52413,0.2185172465475657
52414,0.2564008175369527
52415,0.869734800868114
52416,0.8455714636795723
52419,0.601367757404722
52420,0.038007936350178934
52421,0.13697623385576013
52422,0.9348617135292757
52423,0.04103627864980446
52424,0.610819743662243
52425,0.4500404607497741
52426,0.04849103890011031
52428,0.110477830906257
52429,0.4818241108165682
52431,0.7222183682420871
52432,0.9399672822784748
52433,0.03153929718779921
52436,0.04816754573385571
52437,0.7119721368454246
52438,0.2266271538309602
52439,0.732263786736014
52440,0.0543629918018082
52442,0.13912049980222183
52443,0.10010906434313323
52444,0.039214248173337525
52445,0.6441955198405918
52446,0.6214567737400492
52447,0.660071687187562
52448,0.6146627251426554
52449,0.6926952929418818
52450,0.928736550781595
52452,0.626114200532045
52453,0.6695317239410263
52455,0.051248676169856004
52456,0.08905866904987655
52457,0.7013103593093691
52459,0.9499603668642987
52461,0.7994619021354387
52463,0.3026947217007703
52464,0.03196850892412568
52465,0.8528999603363351
52467,0.028880234205059644
52468,0.038959151690139165
52469,0.9340701548098073
52470,0.7246995061476289
52472,0.658900196909358
52473,0.035887991841996036
52474,0.573702947887958
52475,0.2787929696028987
52476,0.2035157339659358
52479,0.030005515835415726
52480,0.0690671152212763
52482,0.190784788687076
52483,0.7242003936402913
52484,0.16350929622716281
52486,0.8954013064899508
52487,0.036629168563888925
52488,0.9351328365117476
52489,0.710750247841318
52490,0.13180589774905585
52491,0.10350024750658897
52492,0.7287040229466468
52493,0.02762943589357176
52494,0.22075459059820715
52495,0.08560541207182186
52497,0.3198582298378276
52499,0.5450753192075978
52500,0.4663937646088499
52502,0.3085406771754836
52503,0.029111951103567495
52504,0.7682462529495322
52505,0.1806287330395295
52506,0.7225656380418811
52507,0.6674476149604709
52510,0.3157318111301077
52511,0.07167345822779923
52512,0.16977730401430777
52513,0.03166043108826389
52514,0.7341352068311924
52515,0.747960772352844
52516,0.8028717382014957
52517,0.09409610116918062
52518,0.9168697845401594
52519,0.4599567421003336
52520,0.8153995826071632
52522,0.08059406526700429
52523,0.02886304049610042
52524,0.04435115914231406
52525,0.4687878287886988
52526,0.6670950819492992
52528,0.09599225458153031
52529,0.7413278698094818
52534,0.46426491998828845
52535,0.9054696227723165
52536,0.6513846371236431
52538,0.921646091874862
52539,0.5928323310763164
52540,0.7361220279780664
52541,0.6976365802172823
52542,0.6279414564636548
52543,0.31217936336476454
52544,0.03553929061360736
52545,0.7236580474551623
52546,0.029108232362088222
52547,0.07073489045215862
52548,0.07127087873631743
52549,0.6777496438751791
52550,0.3330692240138623
52800,0.0
53000,0.0
53001,0.6026234974782587
53002,0.4991699498692907
53003,0.19657916653628107
53005,0.5295783412602941
53007,0.5600934488693197
53008,0.12178086190118223
53009,0.5143629575160066
53010,0.2410427133500499
53011,0.6125980119820923
53012,0.19816569049541471
53013,0.0571284199226326
53014,0.0
53015,0.551494750468542
53016,0.184604984950758
53017,0.2813830294248842
53018,0.18059642850117025
53019,0.30131465133991125
53021,0.388634944241284
53022,0.39028333579294244
53023,0.4724288061845175
53025,0.5059787992509867
53026,0.37135176924677255
53027,0.27774552443432854
53028,0.37384179853863403
53029,0.2380837468045088
53030,0.4720070737707521
53031,0.5229155495540029
53033,0.3642805584263057
53034,0.7249440607435006
53035,0.35290458721907186
53036,0.2792046752825542
53037,0.49959684721662545
53038,0.26066519816422323
53039,0.47245816010695
53040,0.2861872917771134
53041,0.13120491360917502
53042,0.11489422392792456
53043,0.4826586001767238
53045,0.41936428068232395
53046,0.31755922686600857
53047,0.10742568773658297
53048,0.3566980157025352
53049,0.5290455295855998
53051,0.07578941966442145
53052,0.26623700323184246
53053,0.09676309060369649
53054,0.6459313446528093
53055,0.13659500282366352
53056,0.6175599518057743
53057,0.08739108566489104
53058,0.23075845497664618
53059,0.4952883458297768
53061,0.09089347762952758
53062,0.36235397492014554
53063,0.18821913789049022
53064,0.0857563299154667
53066,0.1859569901366942
53067,0.23680736793623094
53068,0.3500846844116256
53069,0.09807175136984266
53071,0.12841167361860348
53072,0.31337911580365035
53073,0.18947209442415058
53074,0.32828949620093656
53075,0.4241970485043449
53076,0.37987764573043475
53077,0.32698066943677107
53078,0.1744880952842851
53079,0.16311511688675268
53080,0.10165797828301032
53082,0.5517377514159463
53083,0.07645761117738659
53084,0.3679698759453222
53085,0.05382844112494016
53086,0.35892796226502544
53087,0.2505106390218973
53088,0.27847970212038736
53089,0.18712187657155577
53090,0.21605646176843565
53091,0.10866761205223263
53093,0.2610557351377552
53094,0.44344030082746355
53096,0.2116226211421187
53097,0.3668188121932993
53098,0.23985534114429774
53099,0.5789485034101707
53100,0.1618100319045506
53101,0.14436211791314155
53102,0.25056710990206227
53103,0.5261664318675573
53104,0.1910791417391906
53105,0.5199132002066414
53106,0.2559600031067157
53107,0.14956099296311942
53108,0.4991996651591851
53109,0.116397027480327
53110,0.26892363992941054
53111,0.10899381250856163
53112,0.06258176123199859
53113,0.13167793323471866
53114,0.06448867617138807
53115,0.12871550225921094
53116,0.07389874005213824
53117,0.2855564621535659
53118,0.17894821675801725
53119,0.5663619442047618
53120,0.12719384812238915
53121,0.11124709727040337
53122,0.16689047084865727
53123,0.2888091003493783
53124,0.23162974267306663
53125,0.2965438911748169
53126,0.19045777781623818
53127,0.19647209206204236
53128,0.25162483093417903
53129,0.4138480286083039
53130,0.7607573473219789
53131,0.1246149632755711
53132,0.10841240089477078
53133,0.09496920470063441
53134,0.3438826528695954
53135,0.1282032925227244
53136,0.17638492794675517
53137,0.47186730819082273
53139,0.07210757857768677
53140,0.6509854052926505
53141,0.5318594864664771
53142,0.12127334761686573
53143,0.4515757488885723
53144,0.08069874317586138
53145,0.18574409122585434
53146,0.40811318440825245
53147,0.17282187717676425
53148,0.25899375568027133
53150,0.15908776991841309
53151,0.2581724392838434
53152,0.5002503590402527
53153,0.19353115307223218
53154,0.23610226572592852
53155,0.13420090889322342
53156,0.5418048614028311
53157,0.6323920152959654
53158,0.43401508972688085
53160,0.09112481419333954
53161,0.48431106554370446
53162,0.199647030029862
53163,0.4282553413545471
53164,0.11418282672413772
53165,0.2048372570331258
53168,0.5307061241253063
53169,0.45369522628329545
53170,0.11715195432292731
53172,0.4299596922526528
53173,0.12196100776176548
53174,0.10638065859772014
53175,0.5416030901070331
53176,0.15032344241198953
53177,0.20053838470831586
53178,0.2509957059684102
53179,0.28875498745998246
53180,0.30143367247798003
53181,0.33862889474309243
53182,0.4297963722176823
53184,0.2517582622470183
53185,0.19363722530289917
53186,0.4527575268061895
53187,0.28465658902214924
53188,0.322322179435631
53189,0.18025494220166818
53190,0.06604054913376889
53191,0.12138699131833193
53192,0.14551889934952808
53193,0.16643366097341775
53195,0.4946666622221605
53196,0.08298102936047397
53197,0.13892122788182384
53198,0.0616075629737842
53199,0.1291005629378413
53200,0.12941700819402205
53201,0.6853191126047308
53202,0.21196058681991442
53203,0.42955784391968155
53204,0.09885907036458305
53206,0.22009341174285213
53208,0.07278919438188614
53209,0.42988379993599907
53210,0.5522718099182448
53211,0.15469928099251418
53212,0.4195137163511228
53213,0.24686098810786639
53214,0.31786233254524277
53216,0.09915865703779213
53218,0.18156008469218674
53219,0.11568643675117225
53220,0.5008318901928932
53221,0.2371395040406483
53222,0.5066421984921119
53223,0.04339067099216345
53224,0.5614853266512407
53225,0.5313391022474007
53226,0.3360958590489117
53228,0.33511385651558545
53229,0.6197054726972699
53230,0.14707967965724683
53232,0.2949263040186458
53233,0.366639167736192
53234,0.13595507025442682
53235,0.15583015569163078
53236,0.06557480340508377
53237,0.1336614162571302
53238,0.28156842569838547
53240,0.23417462021503097
53242,0.12435834269466438
53243,0.5435900806719751
53245,0.18760334612267673
53246,0.33725645182547487
53247,0.38991865109417484
53248,0.24683436988615007
53249,0.0889398547256438
53250,0.2666440963408351
53251,0.2812095883353514
53253,0.1905845801131144
53255,0.2527841384966051
53256,0.10015609789113071
53257,0.290050933576241
53258,0.1576010363015587
53259,0.28722207921002124
53260,0.19903642596351986
53261,0.16738705507621293
53262,0.49180222589841016
53263,0.18220168549355314
53264,0.36996029631513677
53265,0.23767429193475617
53266,0.08469705345497996
53267,0.326534567016121
53269,0.10577837926736272
53270,0.1215219058598793
53271,0.10438952992468221
53272,0.051308455530475236
53273,0.36185554490523925
53276,0.245994407048474
53410,0.0
54001,0.6411553789973228
54002,0.5609109217691307
54003,0.18656012755143273
54004,0.44836606606864815
54005,0.2779507069092661
54006,0.895328553179985
54007,0.8446157039421283
54008,0.5492419781115025
54009,0.4425364357225508
54010,0.47045505596084825
54011,0.9386555873248145
54012,0.894057987217722
54013,0.04036911921484668
54014,0.07412523875696284
54015,0.7050514480907213
54016,0.7621794547762012
54017,0.08640391306238854
54018,0.6409060805606742
54019,0.5840391227161544
54020,0.6435602456476164
54021,0.8287436288126883
54022,0.8866956874899065
54023,0.4232402117969293
54024,0.7238774507993678
54025,0.8815109424363264
54026,0.5068376805748762
54027,0.5301379766221284
54028,0.8816395395450339
54029,0.6837481160236067
54030,0.04002348825999988
54031,0.7096393641300457
54032,0.7674655887612739
54033,0.44999739231515096
54034,0.7945309281452579
54035,0.1528706105602616
54036,0.8634919245990288
54037,0.8307230924383014
54038,0.20041061994991297
54039,0.16667451376544903
54040,0.10770807164052872
54041,0.48650624549923127
54042,0.25816524558171416
54043,0.8898695175996082
54044,0.047343228879419705
54045,0.6588819861340953
54046,0.4167592693347514
54047,0.4545560686035256
54048,0.6360195033028908
54049,0.872629277720765
54050,0.4127783021510331
54051,0.8752439117586782
54052,0.12145221251650477
54053,0.43930144121837084
54054,0.4546602343431308
54055,0.8893129400141891
54056,0.8540152551818692
54057,0.1412468654502226
54058,0.45826379565491754
54059,0.7268916411995746
54060,0.7517725868786458
54061,0.2839214328402599
54062,0.6793194489542236
54063,0.39603707872791993
54064,0.32707077091630643
54065,0.44289884532453566
54066,0.7568487293350777
54067,0.9003947010626772
54068,0.213880664072351
54069,0.6840867707572691
54070,0.8335803425786826
54071,0.5479797002719108
54072,0.722307012291712
54073,0.8041309575148274
54074,0.4834141226501623
54075,0.11531079859707956
54076,0.5860520929260559
54077,0.03644686775524156
54078,0.2541507172627012
54079,0.9082586370672936
54080,0.5368665908696552
54081,0.8680731324024179
54082,0.5394257298768093
54083,0.4724752924405529
54084,0.6478345478257408
54085,0.4818888322106153
54086,0.6210374489960664
54087,0.764136168419786
54088,0.7519448270868903
54089,0.8664029143940319
54090,0.8851777888347218
54091,0.7249500912951825
54092,0.2690170559080839
54093,0.46521458628440243
54094,0.2194687591327308
54095,0.805357552094179
54096,0.6227256116989117
54097,0.07698150999657134
54098,0.4872594184333472
54099,0.8980561879434974
54100,0.8695040721343029
54101,0.1924009618863048
54102,0.6612345035394839
54103,0.8561592448507794
54104,0.8409270136989393
54105,0.4879202145894336
54106,0.4526870001869303
54107,0.21803885295375358
54108,0.8085113057981478
54109,0.7603312297994057
54110,0.8681914579901553
54111,0.890598027642777
54112,0.8842189660310451
54113,0.8649872112291525
54114,0.7755333753696415
54115,0.9132158595412534
54116,0.6950634358376486
54117,0.28646847651549195
54118,0.9202037373664449
54119,0.7686011077253855
54120,0.6082755618665222
54121,0.6175480549625226
54122,0.8779706898087769
54123,0.9039194908972111
54124,0.220836906770145
54125,0.2559140436939954
54126,0.7005099308468259
54127,0.8958237256754734
54128,0.672709499066932
54129,0.2350077905265634
54130,0.47121790225366905
54131,0.5867215741220726
54132,0.6359541644600036
54133,0.4645739164679733
54134,0.9327860082077396
54135,0.3594506352298886
54136,0.7274421901764397
54137,0.9408029066816853
54138,0.9686351183258775
54139,0.7753842623911236
54140,0.274276280376456
54141,0.7949032211643163
54142,0.4475360476495613
54143,0.4750896113902929
54144,0.6205580856040457
54145,0.6820174698768595
54146,0.4607301363252988
54147,0.47364589928588074
54148,0.5632038249474046
54149,0.6816486907223912
54150,0.8070138089242148
54151,0.9279813336759319
54152,0.6449872802072163
54153,0.28550245644392164
54154,0.15822389769200643
54155,0.4878424484262851
54156,0.2438598052954054
54157,0.7240563289760303
54158,0.2492776071536825
54159,0.7575522913432841
54160,0.8060779120516331
54161,0.07069566928942161
54162,0.6513233629149453
54163,0.26471565914805945
54164,0.2060513304815359
54165,0.901837286068003
54166,0.8525059341090305
54167,0.9384913116501381
54168,0.8929371721474822
54169,0.4742661181268159
54170,0.665242700444494
54171,0.870165303393657
54172,0.8952139358944157
54173,0.7116986075761359
54174,0.7206455008562588
54175,0.4701011431197002
54176,0.4877577060904425
54177,0.3618839756206883
54178,0.92379512029468
54179,0.776491107338759
54180,0.8630017173309027
54181,0.689393767409372
54182,0.31234932802103627
54183,0.5005168387988986
54184,0.9236382547685776
54185,0.2153429437468647
54186,0.8728853113278822
54187,0.8561424531150741
54188,0.834170826552231
54189,0.11004019229543485
54190,0.21034901098837352
54191,0.1227184704597158
54192,0.77039793864141
54193,0.8319403633721246
54194,0.8920366938176245
54195,0.6708802070249155
54196,0.8065635528967174
54197,0.9221122231733299
54198,0.49535763249018816
54199,0.21840277283653503
54200,0.4175903121081273
54201,0.2371188947565138
54202,0.8456870834586926
54203,0.3455653425156316
54204,0.2451480054007617
54205,0.6819964460871324
54206,0.5189146134642111
54207,0.36346481509352896
54208,0.7712160682742967
54209,0.45204761437202495
54210,0.2334138596915718
54211,0.19379637641077246
54212,0.9337517079165183
54213,0.5391477768320816
54214,0.8464384466988853
54215,0.9015312584382911
54216,0.45970903075828845
54217,0.1945872571253304
54218,0.11041612883611318
54219,0.8163748136586617
54220,0.1367413353298293
54221,0.5866102854955744
54222,0.4525066395728075
54223,0.7977756829504837
54224,0.23849528612841486
54225,0.9640663870677801
54226,0.5685039937136173
54227,0.8421379579834323
54228,0.48808728585469957
54229,0.23737756546606736
54230,0.11480115965925988
54231,0.42321261497402596
54232,0.8581163176872617
54233,0.22214814925758855
54234,0.946338613173258
54235,0.6359561919538035
54236,0.545177758802887
54237,0.2484758471302861
54238,0.2547481550404247
54239,0.7340374241007503
54240,0.640864072355007
54241,0.29288238718042464
54242,0.7108906142400817
54243,0.20811732230467697
54244,0.833104935845147
54245,0.5001202298929729
54246,0.05894736993582643
54247,0.654693225783117
54248,0.5699487849042424
54249,0.7126024780154997
54250,0.8172130768134231
54251,0.13789269478512264
54252,0.5160115526229485
54253,0.7269738545364165
54254,0.8748468521830429
54255,0.4274607124845386
54256,0.669097220322349
54257,0.9955389989716262
54258,0.47204849678499267
54259,0.24103064187872125
54260,0.5884221379115768
54261,0.9398426635579519
54262,0.6001471167542671
54263,0.8935967641479817
54264,0.8204533127989385
54265,0.9535202420270712
54266,0.7527580791558017
54268,0.22227049951985742
54269,0.6656687550095364
54270,0.8731509248468309
54271,0.14309651297551906
54272,0.8113190316022304
54273,0.8073223820541423
54274,0.9920313902246168
54275,0.9700474485559746
54276,0.7666298192899983
54277,0.45896851021237567
54278,0.20811716495878024
54279,0.9065475889031092
54280,0.9108657412658283
54281,0.5970323752645106
54282,0.8856285417767172
54283,0.8851292085777289
54284,0.4953442088479305
54285,0.4208156182034354
54286,0.6176705569209218
54287,0.37900943454474334
54288,0.6092070083612621
54289,0.8905261980526333
54290,0.8619046114353813
54291,0.12638319387533772
54292,0.40632053841930804
54293,0.44114169751650706
54294,0.7156940489041134
54295,0.5791874652702702
54296,0.8929323830506957
54297,0.40593150654104676
54298,0.6640914445577459
54299,0.44285321394454863
54300,0.8845367778684169
54301,0.8373260866721219
54302,0.6576863971537267
54303,0.44334253265170537
54304,0.9459129035042507
54305,0.8757920426121655
54306,0.6868927994391402
54307,0.19715907811260627
54308,0.27489480130204624
54309,0.5580843836122564
54310,0.2767492956421833
54311,0.862219516624702
54312,0.7218561028110095
54313,0.6558253787524451
54314,0.970699055591312
54315,0.8555417092195391
54316,0.8377958738834532
54317,0.8348306392942912
54318,0.8735843362398708
54320,0.737356768279464
54321,0.9597787865004924
54322,0.9375816496555858
54323,0.9723093978650362
54324,0.6532979930710566
54325,0.45672301333585336
54326,0.58170900241372
54327,0.6363106184646102
54328,0.9149753519608745
54329,0.7674317000160725
54330,0.8625458237904925
54331,0.35658842122720835
54332,0.9131952469535443
54333,0.4884435195644705
54334,0.6836249884706186
54335,0.6363999020167072
54336,0.8713285294312416
54337,0.6814343347206998
54338,0.8140904676748496
54339,0.8925308375853463
54340,0.8285879399076189
54343,0.4410374456430909
54344,0.293914314305667
54345,0.8340249311862407
54346,0.7800067723013434
54348,0.7147929381932864
54349,0.32648589214315626
54350,0.5213097242413478
54351,0.8204785735081856
54352,0.8788851025414182
54353,0.8331646198221427
54354,0.8479427390392424
54355,0.9383122490060101
54356,0.5011351205621078
54357,0.9163761891917925
54358,0.8656676154672167
54359,0.48491186292480504
54360,0.5897465950833678
54362,0.869925184559963
54363,0.9022500902953267
54364,0.8631464767036919
54365,0.1590725056161279
54366,0.8916935275739063
54367,0.9209744962779988
54368,0.09659661330758931
54369,0.7593774134571435
54370,0.61703239105815
54371,0.8418332380113303
54372,0.7926428365204752
54373,0.6267239641755954
54374,0.5568947368067094
54375,0.8678582357020783
54376,0.8521593353959982
54377,0.10518561827460143
54378,0.9220557297122172
54379,0.1723124584030623
54380,0.5919474511121684
54381,0.0674975164515413
54382,0.9599018749379856
54383,0.44133084938889805
54385,0.8365743221577573
54386,0.4558136405038512
54387,0.7394080697234828
54388,0.4718922461288171
54389,0.40403684530518236
54390,0.727729659364802
54391,0.8484911310358829
54392,0.629338479272851
54393,0.3437419913574355
54394,0.5764841368072424
54395,0.9266178691806577
54396,0.3876301389875933
54397,0.8908361554098942
54398,0.07938224228179766
54399,0.5675592428451438
54400,0.6572884590959714
54401,0.05875380125316455
54402,0.5082056577052094
54403,0.9659803135727542
54404,0.5549426383022948
54405,0.7816803355405293
54406,0.2333608249801152
54407,0.31710042206480643
54408,0.4471537143086971
54409,0.6454813479852421
54410,0.8962893499609946
54411,0.4894668940643041
54412,0.7447614702633639
54413,0.528236344099584
54414,0.6898742622228435
54415,0.8495546933739044
54416,0.19720546601355354
54417,0.836936728015791
54418,0.509713809989945
54419,0.0661092175497468
54420,0.8876756770417575
54421,0.18797181869167717
54422,0.22065719849296256
54423,0.35259707444718463
54424,0.5259994274863803
54425,0.5262551979618294
54426,0.8400600271889376
54427,0.3603044321763416
54428,0.8858222611517488
54429,0.8197948743109505
54430,0.8479100075565107
54431,0.970285131668067
54432,0.8847645649705117
54433,0.5277998478939735
54434,0.2504292328968908
54435,0.9811517542921007
54436,0.896902518103533
54437,0.7751343136208486
54438,0.29748028322440506
54439,0.9149828190937829
54440,0.45914468238260003
54441,0.8407071553794242
54442,0.6227877226380175
54443,0.06704521314232598
54444,0.7992729676978163
54445,0.4428532803770859
54446,0.43455813985773084
54447,0.22122435050664746
54449,0.5247647159212855
54450,0.11000703014326917
54451,0.952591601724024
54452,0.2735995028089641
54453,0.988160042163423
54455,0.47628945456403315
54456,0.8486993628266992
54457,0.28201426948004343
54458,0.11572701655627561
54459,0.8376962231326266
54460,0.8122472867638137
54461,0.6453869803591165
54462,0.755269265283918
54463,0.8134757201872533
54464,0.5546818413544558
54465,0.30592170771490623
54466,0.5850232947706362
54467,0.4852835952455073
54468,0.6854078480443051
54469,0.8958365458545079
54470,0.26085133117498766
54471,0.516715501333295
54472,0.32644348687042246
54473,0.1993240196058127
54474,0.6922481096436919
54475,0.31151577703194394
54476,0.8465003665863073
54477,0.8850976322996678
54478,0.9110363442620744
54479,0.654023416681386
54480,0.2614826562435428
54481,0.09722021008734452
54482,0.9103995681205989
54483,0.828735313083461
54484,0.10404152741007017
54485,0.9379069718806013
54486,0.5301287692766342
54487,0.4080933968340226
54488,0.09028657716006688
54489,0.8710572381681251
54490,0.8430140593035549
54491,0.6937211581067483
54492,0.5917158424077118
54493,0.9217364980749485
54494,0.08978586072710958
54495,0.9068295481270504
54496,0.44584384433770197
54497,0.2740035250089295
54498,0.9153793558390356
54499,0.1477809222399277
54500,0.3246032264154112
54501,0.46867200219404515
54502,0.5091970637699481
54504,0.6981921990484874
54505,0.8542054616285393
54507,0.5188166829097925
54508,0.7574206458373436
54509,0.7504313018129356
54510,0.7119873678923916
54511,0.6398369627133301
54512,0.2307289736583306
54513,0.5521405945199306
54514,0.9344652336032021
54515,0.858515139991038
54516,0.2742957751862497
54517,0.46238615714252146
54518,0.8376809508176456
54519,0.5046189171075733
54520,0.4041623281587518
54521,0.918512883084197
54522,0.14923338783296713
54523,0.804520364806113
54524,0.44166681628485643
54525,0.893633428185651
54526,0.994441227449586
54527,0.7889428630172112
54528,0.8407564239813544
54529,0.17747716544564116
54530,0.19512968730490798
54531,0.16705763434599888
54532,0.8072520292638498
54533,0.7812967821827709
54534,0.650241009150837
54535,0.8689194329259543
54536,0.7754530761599447
54537,0.9155351163449256
54538,0.5483315027834426
54539,0.15208125697994151
54540,0.24475667619087463
54541,0.4779886733673212
54542,0.7596584438715822
54543,0.4019628743754926
54544,0.9001518120757594
54545,0.19419483540841595
54546,0.813683153710164
54547,0.9330386076463453
54548,0.5170693949718558
54549,0.8090284222470744
54550,0.29401095801750143
54551,0.3882220183407974
54552,0.25998151006488657
54553,0.23502778447082867
54554,0.2111425252191707
54555,0.17396858545591617
54556,0.28601102180442217
54557,0.8588600590895648
54558,0.8705000710621527
54559,0.6950563056910753
54560,0.2032348388368491
54561,0.475304293562827
54562,0.03678742101871949
54563,0.6752945481835002
54564,0.8351659212224017
54565,0.6736702365785467
54566,0.9741286748536496
54567,0.29714514664594044
54568,0.8405079842215766
54569,0.7160251270696169
54570,0.8784336686141464
54571,0.8434922662870391
54572,0.938993876740251
54573,0.7861553903205091
54574,0.9540435802263195
54575,0.8373194858352995
54576,0.8935504867191035
54577,0.8198012722926266
54578,0.9147327747799207
54579,0.9703630178888981
54580,0.7556901316960204
54581,0.7960987852907117
54582,0.9404458780070464
54583,0.8530965739572519
54584,0.834652664186525
54585,0.37786472288905115
54586,0.8474373581071375
54587,0.5906296655199412
54588,0.5769371103524437
54589,0.8010565292836659
54590,0.9250701181087334
54591,0.7134227554815579
54592,0.36916411937417076
54593,0.8900554169120763
54594,0.27575310392387314
54595,0.4768303602440143
54596,0.846485780541009
54597,0.18092268670541328
54598,0.8821586111195694
54599,0.8162097866420588
54600,0.3583801870326441
54601,0.4631335813603402
54602,0.876677105949405
54700,0.0
54840,0.0
55000,0.0
55001,0.0
55002,0.33033815876674305
55004,0.20046901010660018
55005,0.1588149392116964
55007,0.31787541302882627
55008,0.28806550084397703
55009,0.27690141766634246
55010,0.5670212539122397
55011,0.4010990017898831
55012,0.25817307954158125
55013,0.9010754560112766
55014,0.050087543990599906
55015,0.5724609235913637
55017,0.04159711112546629
55018,0.34375176310041616
55021,0.23322385879723018
55022,0.6066485086477459
55023,0.12154569672096356
55024,0.39132512228464156
55025,0.7552069868600151
55026,0.030698781748052878
55027,0.19542199458334486
55028,0.1505069994989207
55029,0.6829690627701889
55031,0.8307177677997061
55032,0.16811428203461024
55033,0.04905335473633036
55034,0.6746732911666702
55035,0.6235961956855268
55036,0.5351542444027612
55037,0.4879491057342289
55038,0.07112813803598138
55039,0.4168073095472506
55040,0.027538415601436037
55041,0.5680929490231866
55042,0.4629448487813783
55043,0.5617346557004151
55044,0.12917260356409643
55045,0.5185469876358486
55046,0.1784376627369475
55047,0.1796667566184069
55048,0.23623059418045272
55049,0.84044221605356
55050,0.3762934597327729
55051,0.213003458781747
55053,0.09287754759942282
55054,0.16531402200413328
55055,0.3692543389312493
55057,0.23416308111155654
55058,0.3508691326325796
55059,0.18399224010359982
55060,0.35103327146218655
55061,0.45793832147133334
55062,0.17822242353305867
55063,0.4171101773723515
55064,0.2761055056187598
55065,0.06058244757568407
55066,0.23382773022833594
55067,0.17494354431581635
55068,0.12212375388128766
55069,0.4463184500156252
55070,0.2637809295156119
55071,0.16904741950726804
55072,0.30997948587708823
55073,0.4443302004501198
55075,0.4343232673633025
55076,0.1460395041328666
55077,0.5610313961006052
55078,0.2900689938683893
55079,0.7925995985415244
55080,0.17701412710032408
55081,0.049934740149295644
55082,0.11013784626008566
55083,0.631436691055723
55084,0.13123577357677965
55085,0.2481987295353927
55087,0.24629400195713957
55088,0.13287225719168788
55089,0.18536639984557401
55093,0.12402078436884195
55094,0.3035033692497322
55095,0.4966719217238304
55096,0.03120068882726866
55097,0.620857642401052
55099,0.365612636780042
55100,0.46669906248912313
55101,0.3934541826914873
55102,0.39608419578086423
55103,0.07379072750494924
55104,0.03656782042485312
55105,0.48691972253055416
55106,0.25047627939144806
55107,0.3036407912357192
55108,0.17923312951519477
55109,0.6556732205778535
55110,0.5646217434080022
55111,0.11889229722418652
55113,0.07214228998818784
55114,0.15885496248531267
55115,0.09870964548839149
55116,0.08178762709164224
55117,0.05071045942344251
55118,0.23681098810082332
55119,0.325556332265602
55120,0.755908693448462
55121,0.29944126332424525
55122,0.390586498572001
55123,0.3001841463021218
55124,0.27110320729176524
55125,0.3751545166165854
55127,0.1538320870632172
55128,0.04302919265183149
55129,0.02699737233852002
55132,0.5027642172064932
55133,0.2741902138050184
55134,0.7613335410566643
55137,0.15682196658814462
55138,0.23880596461521883
55139,0.25425080499953434
55140,0.19046479450056725
55141,0.2559294158861573
55142,0.19516672343830618
55143,0.3698363809271975
55144,0.3793970817136395
55145,0.21394627215139678
55146,0.21379705986806516
55148,0.02937780132279677
55149,0.1914455317347435
55150,0.1757117258069934
55153,0.33761614349455393
55154,0.40421437353084577
55155,0.1294676907242042
55156,0.1249260872046958
55157,0.2489375439602926
55158,0.4056155209203243
55159,0.028594715994207376
55160,0.20083554570239417
55162,0.3940366658943406
55163,0.23292674988196907
55165,0.2466337170806688
55166,0.2999425203990213
55167,0.2858971055820208
55168,0.3267613962733133
55169,0.7232177776373602
55170,0.14584624134937954
55171,0.4073266860036787
55172,0.30467589391285504
55173,0.030884876652026667
55174,0.06727643806238745
55175,0.1901051193353787
55177,0.30194534686090146
55178,0.23975798493741943
55179,0.212963662290987
55180,0.18963129241388194
55181,0.36929912336175885
55182,0.3505192480565931
55183,0.17037822035263964
55184,0.6243783827831644
55185,0.040007701755033494
55186,0.7058311798474516
55188,0.2507130111878175
55189,0.4885486546556525
55191,0.3705141242973163
55192,0.2188705811429537
55193,0.26108070729814875
55194,0.04550721311491061
55195,0.4869437878638142
55196,0.30245773291926614
55197,0.10252675604825946
55198,0.3056186957418745
55199,0.04380241763332969
55200,0.31442911660143597
55201,0.38420693645592346
55202,0.07458967980451382
55204,0.3433551262016898
55206,0.2290827767274636
55207,0.23060499292603237
55208,0.07728015527555071
55210,0.1795040423949134
55211,0.35144495861964076
55212,0.41905404980588834
55214,0.299711936138347
55215,0.03421842644435798
55216,0.1868185033462616
55217,0.20809235008165186
55218,0.36653242289457355
55219,0.35046328462582044
55220,0.12973139623348723
55221,0.25948918768950346
55222,0.24242793004984808
55224,0.5885896829884298
55225,0.5640873758822695
55226,0.2620663522482724
55228,0.17937689057496
55229,0.2025057584357582
55232,0.2269499952879721
55236,0.5448847899636546
55237,0.446796176241896
55239,0.26966743075461524
55241,0.10399228195092834
55242,0.21980205228752422
55243,0.2616776620732701
55244,0.3817064390805409
55245,0.040668720112067396
55246,0.2532929340848355
55247,0.026560383641000607
55248,0.18342826227767522
55250,0.41245279199866147
55251,0.10344171679714612
55252,0.28586783991475
55253,0.07385548880851056
55254,0.026483145099178693
55255,0.211760249239189
55256,0.20067398646460013
55257,0.14148937927556526
55258,0.3750585439973176
55260,0.08962140602654238
55261,0.5154773640988373
55262,0.22767038891850663
55263,0.13396571454303724
55264,0.1204496358982316
55265,0.369679788714835
55266,0.08531040872604118
55267,0.2001195720917259
55268,0.2210824416506655
55269,0.027395088667746446
55270,0.1561890263560598
55271,0.3551690732450949
55272,0.3889513081337487
55274,0.20196010336738748
55275,0.495502133434668
55276,0.23247447846168917
55278,0.26972765893279194
55279,0.4495203322546308
55280,0.3652378005071493
55281,0.3062401506248888
55282,0.25351358204368596
55284,0.8427705071207969
55285,0.04099733389687537
55286,0.23161054586128454
55288,0.2823486387810142
55289,0.26629725784434916
55290,0.2711274066172047
55291,0.41304486206796226
55292,0.35637959508292627
55293,0.24834531069692764
55295,0.3288896806045481
55296,0.8262813934670536
55297,0.1698162072859509
55298,0.22656129275219297
55299,0.09454280515633394
55300,0.27947559396056915
55301,0.18842449160894015
55302,0.4201804737041657
55303,0.1818679417395905
55304,0.34670755488461646
55306,0.21591667386733387
55307,0.414150053471646
55310,0.42793208405426714
55311,0.20086082098648675
55312,0.08995587578888548
55313,0.19756532823329542
55315,0.06702921709466973
55316,0.10592602143242254
55317,0.3914026573306423
55320,0.21108720927848942
55321,0.34742689389872583
55322,0.18666767826957437
55323,0.4851690012504752
55324,0.21273832502952317
55325,0.3389165429810224
55326,0.7716178856711833
55327,0.10605247922075586
55328,0.20467425950539025
55329,0.2287256807585718
55330,0.22790661439518767
55331,0.20305508383537224
55332,0.19327742457922795
55333,0.14939295193624885
55334,0.16989137554022102
55335,0.53154032322675
55336,0.09331342881888595
55338,0.25834676374590004
55339,0.33133234666872957
55340,0.4112968643599222
55341,0.27737912398339076
55343,0.07867102469021339
55344,0.17909346336358895
55345,0.6769822506301235
55346,0.08439592892441468
55347,0.27846957603959244
55348,0.34617840264489536
55349,0.6114698870226414
55350,0.04641231995820797
55351,0.8786630087757524
55352,0.5958592754451266
55353,0.13863570097360148
55355,0.1822330391678343
55356,0.34250302026921586
55357,0.3332099837561953
55358,0.17638771896895225
55359,0.4201745853233868
55360,0.2997931429880338
55361,0.41686353915600766
55362,0.4846116944281378
55363,0.26472769780787814
55364,0.7494196723633201
55365,0.20536528984713823
55366,0.5693952098345986
55367,0.12806581701577097
55368,0.15313078603913663
55369,0.35956704564443837
55370,0.18795745250958673
55371,0.19381999071958228
55372,0.24225204393102384
55373,0.47668198156240815
55374,0.6105436350436121
55375,0.15362108141998812
55376,0.23410474484302377
55377,0.5454735046687196
55378,0.06168682784499933
55379,0.08457497272735402
55380,0.026789256604124283
55381,0.24679550763848573
55382,0.4057064441617054
55383,0.0533905212195925
55384,0.12062831765590754
55385,0.24925209905243148
55386,0.03811659145139164
55387,0.8243446096563557
55388,0.06819307000458326
55389,0.027623736996708545
55391,0.41221718089127896
55394,0.36617913151161335
55395,0.12900940131194344
55396,0.6740001636772778
55397,0.44351581683207175
55398,0.6819343225628838
55399,0.203395408432082
55400,0.2560430719956775
55401,0.09833265641689319
55403,0.16081188654154327
55404,0.027616199155825943
55405,0.36937960171100426
55406,0.2283333134895225
55407,0.27319915826671237
55408,0.3457723130120898
55409,0.03973108698083194
55410,0.699969878710972
55411,0.2361241322517258
55412,0.20099459712510437
55414,0.20205136338480953
55415,0.29062158914357245
55416,0.04335223100719656
55419,0.13900561586067914
55420,0.25384065735776623
55421,0.20388239507012243
55422,0.2598789194141012
55423,0.2944892398246749
55424,0.3346551470292863
55425,0.22734912121446144
55426,0.3922220774966218
55427,0.2928579327212018
55428,0.19999415935415452
55429,0.23399479059646536
55430,0.22717101159385086
55431,0.13552436934028073
55433,0.635302329489073
55434,0.5959787256846837
55435,0.8303737724280168
55436,0.19446434065068177
55437,0.1698402470772008
55438,0.13014992878191203
55439,0.39553550395828346
55442,0.17064497347409407
55443,0.3720840862511538
55444,0.19379633035423868
55445,0.8649042688309948
55446,0.3652559145065223
55447,0.5635974495813619
55448,0.061465412257943795
55449,0.32613224766371507
55450,0.22450894981620842
55452,0.16283092505988198
55453,0.08163393637879163
55454,0.21503728517639928
55456,0.6536403330860657
55457,0.21881263598097517
55458,0.43013805877729117
55459,0.17264068830181212
55460,0.3578559553459342
55461,0.22282169037053637
55462,0.17450468716714213
55463,0.13678118712084336
55464,0.8278779728999854
55465,0.26921515778509786
55466,0.24309313769980231
55467,0.15712093789622375
55468,0.3742077471572176
55469,0.26898368361290487
55470,0.5914148305569598
55471,0.6707744428209325
55472,0.2000835432929071
55473,0.26197597780573967
55474,0.1580548314278503
55475,0.1676549205494445
55476,0.5047018485690278
55477,0.49741927660274154
55479,0.18282409764020216
55481,0.2321059939783404
55482,0.2328468701610162
55484,0.13585083596152375
55485,0.4940063678271015
55487,0.19343495175374828
55488,0.23448475384061834
55489,0.27617209649413044
55490,0.21356539771837402
55492,0.45930728571584045
55493,0.0616027630871856
55494,0.8225981140558135
55495,0.8942111570215938
55496,0.6606724189139556
55497,0.12230956207672307
55498,0.23332857501446205
55500,0.17579145971346224
55501,0.8469493990893634
55502,0.7636949494793529
55503,0.2029035449062794
55504,0.640265698755799
55505,0.4084747441235238
55506,0.02703130051525661
55507,0.17285624065112973
55508,0.5075867956486051
55509,0.5430873018264539
55510,0.6458033398742541
55511,0.614524440962008
55512,0.28747151485960776
55514,0.8058697321757492
55515,0.3475844237521925
55516,0.17111767434725106
55517,0.053581647063833275
55518,0.23947598096153
55519,0.23947755996653586
55520,0.6994951420378318
55521,0.26995616617809387
55522,0.6674304914909127
55523,0.39059873244403354
55525,0.21782935560721003
55526,0.20401837148947946
55527,0.07528916930413355
55528,0.16772320733866322
55530,0.10252303525595616
55531,0.6920930616028698
55532,0.04388306057146671
55533,0.3377206846447485
55534,0.23205050724122972
55535,0.11257689534208905
55536,0.06434471640522818
55537,0.42242248630521434
55540,0.26436370774533074
55541,0.537573456238022
55543,0.30322738491557016
55544,0.8655973543489666
55545,0.43844125561274316
55546,0.6577032964979619
55547,0.6595277677985882
55549,0.04711614304668705
55551,0.031744951772982116
55552,0.7034204196515353
55553,0.5554108165650466
55554,0.34438763016213514
55555,0.11589798940308098
55556,0.3576094865699702
55557,0.359470348090315
55559,0.12928912465637993
55560,0.3949157168949077
55561,0.6131880126449591
55562,0.3264203520354069
55563,0.10616231914620565
55565,0.29293596519350645
55566,0.2867625623896225
55567,0.09462344136137112
55568,0.834676248712149
55569,0.336307034944976
55570,0.12123238536961824
55571,0.20093597831309915
55572,0.1675664821747243
55573,0.4345787081125388
55574,0.17858467838402695
55575,0.19896357638572115
55577,0.04442812437311481
55578,0.306813658543667
55579,0.4084149123338762
55580,0.27948443688410685
55581,0.22692458412936034
55582,0.6933515084921624
55583,0.24891748720703544
55584,0.23823755999626453
55586,0.16722916246414857
55700,0.0
56001,0.304715689956099
56002,0.49232385989820326
56003,0.8063485674016881
56004,0.55699584037382
56005,0.7109296910252542
56006,0.1931103237528781
56007,0.7571532150743095
56008,0.6572116045306683
56009,0.2522667418719789
56010,0.30095407073583524
56011,0.24557042608614568
56012,0.3002982628882684
56013,0.6344583492775597
56014,0.24199891545939423
56015,0.5352015071857276
56017,0.07261063318935063
56018,0.34777128079455444
56019,0.10549029868852182
56020,0.28716231026195566
56021,0.6366141151755395
56022,0.6232029872860729
56023,0.6102628002225321
56024,0.286724233358729
56025,0.13590268634678102
56026,0.14063844076942084
56027,0.05279335402598966
56028,0.2988095866964068
56029,0.6013147629611844
56030,0.44371079722918005
56031,0.39378224907849735
56032,0.20239619244771334
56033,0.23943727598232248
56034,0.5203032376446819
56035,0.23036741090924984
56036,0.7435222879241378
56039,0.15712951930609184
56040,0.6717197282280065
56041,0.13937432259953011
56042,0.5613478223773541
56043,0.28411462940281484
56044,0.32536401845556284
56045,0.18316525785387378
56046,0.611692133934102
56047,0.2991788832709251
56048,0.1532676518782943
56050,0.13691196285832802
56051,0.1400402140785251
56052,0.48166003036347504
56053,0.5227746942807374
56054,0.5617687797407059
56055,0.6664297984731614
56056,0.1839951164634269
56057,0.18329866988537546
56058,0.3453146432009649
56060,0.29904024416773467
56061,0.4387350897468821
56062,0.6471635979343825
56063,0.7041166473250757
56065,0.30272502111659505
56066,0.11972694679056889
56067,0.7116790293513104
56068,0.12944036858016392
56069,0.5519176239249082
56070,0.11704358560070545
56071,0.08272213059572665
56072,0.34006155093908236
56073,0.6463590489993044
56074,0.12288392476431458
56075,0.4293694688903
56076,0.19754793281611951
56077,0.33484606784021337
56078,0.6647715944119651
56079,0.16457403993336234
56080,0.18828440637799287
56081,0.3348548444389357
56082,0.1426048966492295
56083,0.6349851624530214
56084,0.5965576010736884
56085,0.04045458720374706
56086,0.20938301808690143
56087,0.6874905323826029
56088,0.6828184994642631
56089,0.23841357211378642
56090,0.5797690047033146
56091,0.20518776435437186
56092,0.36997891925949944
56093,0.2588923755552683
56094,0.6459805771454236
56096,0.699654616264888
56097,0.5747746796178356
56098,0.8298240041663428
56099,0.14439005460951435
56100,0.14280269853565064
56101,0.39264787436479814
56102,0.11989579477836693
56103,0.06750220624011463
56104,0.5315738832695249
56105,0.3626070320126384
56106,0.6458233642475222
56107,0.6510259727382224
56108,0.26500733355710565
56109,0.5943379578287228
56110,0.15264410517858287
56111,0.30055435631667676
56112,0.1707143005062207
56113,0.3223873075008572
56114,0.16919552217465345
56115,0.6582612814332661
56116,0.6204613023262984
56117,0.13949260736465477
56118,0.6991966575435287
56119,0.6474138770772326
56120,0.6035710960830222
56121,0.7337425562492008
56122,0.17267809507739504
56123,0.3037219827600037
56124,0.19484979076935685
56125,0.2200821141553881
56126,0.37945488514457404
56127,0.22643750384342284
56128,0.12826674396664478
56129,0.11853507314712605
56130,0.6565231193358858
56131,0.40422239936297644
56132,0.6899907967073066
56133,0.17747365854447114
56134,0.1692488642149524
56135,0.1842682095692754
56136,0.2717273048629225
56137,0.6172225774849757
56139,0.16175903868956212
56140,0.11533651165191652
56141,0.1998886976263847
56143,0.3833564158773382
56144,0.13042305052408446
56145,0.2804235341482768
56146,0.28447455518097126
56147,0.27512118239105665
56148,0.6535840851039978
56149,0.3543802284252293
56151,0.40291820642652887
56152,0.5579805615037329
56153,0.28212638700022086
56154,0.31164404332172335
56155,0.39836100710389905
56156,0.14772980554311455
56157,0.5746593941985174
56158,0.7669181802256272
56159,0.17051857057202338
56160,0.07168281778475165
56161,0.5388881647379962
56162,0.6687038579809252
56163,0.16864233411655236
56164,0.7630100742160658
56165,0.40173563660515854
56166,0.6452319035361852
56167,0.6529776739922569
56168,0.5123943323405912
56169,0.6574202873547785
56170,0.1351378403262244
56171,0.20025778413974207
56172,0.23378594288536958
56173,0.16000667436586719
56174,0.09999535967078667
56175,0.6526470981849972
56176,0.6465090451040705
56177,0.6018648831155231
56178,0.4242966585946518
56179,0.6802892102678535
56180,0.29324807500698696
56181,0.6648290205633174
56182,0.15080460843614285
56184,0.41843080789176423
56185,0.8268370186861161
56186,0.7287006067187211
56188,0.14278794751660034
56189,0.05434194847045451
56190,0.10197705050761634
56191,0.22997443692370897
56193,0.6723059084415907
56194,0.3393295914836663
56195,0.3831357906778655
56196,0.2977508182298536
56197,0.15375365829471369
56198,0.3086945410613367
56199,0.08432587660795701
56200,0.24227663787430398
56201,0.09648947543241806
56202,0.14766060527061467
56203,0.10561583942721271
56204,0.054902375204332624
56205,0.6147434135495262
56206,0.6820052980015344
56207,0.14473549342019176
56208,0.19354628030357332
56209,0.12473848439406457
56210,0.1423993002849516
56211,0.19381992415806457
56212,0.27462157248622393
56213,0.29696725993149103
56214,0.6510549555885764
56215,0.3238583271279434
56216,0.3072187466184693
56218,0.2378384839601549
56219,0.17936194572610334
56220,0.6550026219910228
56221,0.2855757385585681
56222,0.4405089370298534
56223,0.4177269129224943
56224,0.20980161598501396
56225,0.1986149450152028
56226,0.31258664393581
56227,0.15788167969312278
56228,0.160519527158168
56229,0.25190171127823263
56230,0.2903754835024985
56231,0.6384308624464304
56232,0.43140607704629824
56233,0.6044597131670516
56234,0.49769411033090105
56236,0.15132839003334597
56237,0.23733305086679124
56238,0.14280931028356195
56239,0.3758876101366281
56240,0.6778325464327247
56241,0.2837046040900776
56242,0.18419039044642266
56243,0.6867780954336291
56244,0.22451703423553682
56245,0.15221845698872774
56246,0.3267247951160567
56247,0.6052792135252478
56248,0.5618087960840636
56249,0.160621576816379
56250,0.27925729844888936
56251,0.6122843149248733
56252,0.5805674047096337
56253,0.22527410791613964
56254,0.34388534068440685
56255,0.6246313119954984
56256,0.23412971441674418
56257,0.13094309270583449
56258,0.5219490835083934
56259,0.5632346171281836
56260,0.8374729637832867
56261,0.4326942650529766
56262,0.6455924346651369
56263,0.6360035874762436
56264,0.1268592951203737
56300,0.0
56730,0.0
56760,0.0
57000,0.0
57001,0.8699911222105965
57002,0.7043365604405267
57003,0.7728733888890805
57004,0.3704071515156091
57006,0.3334559875706701
57007,0.38657020514411466
57008,0.46109341045737695
57009,0.7137690074045427
57010,0.7531281267240393
57011,0.21529645318731794
57012,0.8449029763839371
57013,0.712633594156446
57014,0.6400819859266368
57015,0.7172121253309711
57016,0.35037295462440093
57017,0.915374069643839
57018,0.5129151534599198
57019,0.9185496942025259
57020,0.5006895981138488
57021,0.9373021923194212
57022,0.7839086396859873
57024,0.9115550820304598
57025,0.19363205739805955
57026,0.4277420409060058
57027,0.4129264032358922
57028,0.9362959299508897
57029,0.43051696230054154
57030,0.8420187810528916
57031,0.9065260904883125
57032,0.9438083973583294
57033,0.8637476379509605
57034,0.2865376297350236
57035,0.3127387859132517
57036,0.7020199958234599
57037,0.8416987136010688
57038,0.7385693520978889
57039,0.9414153680231669
57040,0.6944912151360162
57041,0.7072724610727792
57042,0.17494660595843833
57043,0.9387150678603534
57044,0.3503785446320549
57045,0.203353402516828
57046,0.16551311140852867
57047,0.5645454242279213
57048,0.3851600058461908
57049,0.9372690486095916
57050,0.3465384332155082
57051,0.40362823993101604
57052,0.674043719668328
57053,0.20147134977327572
57054,0.20069592983741155
57055,0.5877071741148051
57056,0.5419193098438133
57057,0.3959059060521239
57058,0.7897662127923283
57059,0.3667865018791255
57060,0.24644760156624543
57061,0.7921130402327062
57062,0.7277242428295388
57063,0.6091622891427897
57064,0.4836603959499634
57065,0.45529713067607347
57066,0.5303038780676937
57067,0.8628618328578476
57069,0.8784619683906489
57070,0.2827358944846215
57071,0.8602114797158362
57072,0.8833919239167702
57073,0.8540971078512998
57074,0.480167781510964
57075,0.8747707801573927
57076,0.7087944177146409
57077,0.46106072023539474
57079,0.20290838240024042
57080,0.3905354581438703
57081,0.2476839358280396
57082,0.6906164361213073
57083,0.42669869966940355
57084,0.6878428930779952
57085,0.3901244540606889
57086,0.43461909490538053
57087,0.5512878943965926
57088,0.6765139152463948
57089,0.3676695536610052
57090,0.43342107881898984
57091,0.7514495090303254
57092,0.7888956146655418
57093,0.8219457291925786
57095,0.6061070602842648
57096,0.6476028358537587
57097,0.6653069684233095
57098,0.2909767772063218
57099,0.08259319873451475
57100,0.4709136558748778
57101,0.8048060140456427
57102,0.8930641849057264
57103,0.26057638387152876
57104,0.9401054679676001
57105,0.5063265916870402
57106,0.27796862497015556
57107,0.3324656719314963
57108,0.2861437688428685
57109,0.9291484095381689
57110,0.4308755703236686
57111,0.9226750416296763
57112,0.4103145388547313
57113,0.8496241526577347
57114,0.48880415972283786
57115,0.31937043935921144
57116,0.9810415466432915
57117,0.8599177292179363
57118,0.8538759184087202
57119,0.9240972649450366
57120,0.3862340964563667
57121,0.7791868245380603
57122,0.6836473500911906
57123,0.667164520677087
57124,0.7326925319519163
57125,0.9166243324700633
57126,0.4485511586791372
57127,0.43933460724709017
57128,0.7645440201695698
57129,0.8955732304138385
57130,0.3413036513794762
57131,0.7596059498024631
57132,0.5925241161671821
57133,0.40744104577786666
57134,0.9400127563258527
57136,0.28246176029936104
57137,0.7531228687861465
57138,0.20312282670981022
57139,0.982138511952351
57140,0.990586637031324
57141,0.28302263224198093
57142,0.9252301756363203
57143,0.8948827854745278
57144,0.8896717331238981
57145,0.8967679852967299
57146,0.8885379015549322
57147,0.8675804008556577
57148,0.8477514603090139
57149,0.19984291328180334
57150,0.7113963697443283
57151,0.4652266835777086
57152,0.6737349303043109
57153,0.8991533568645453
57154,0.5255320654277588
57155,0.6886583551063812
57156,0.8648050190088662
57158,0.5745408409743993
57159,0.541152728897141
57160,0.6353023303974928
57161,0.23163695532137243
57162,0.9918116725655235
57163,0.49923967814477355
57165,0.5520710942703964
57166,0.37814528259588653
57167,0.8239376522936082
57168,0.4712195982104264
57169,0.49765117213386123
57171,0.19370227942402538
57172,0.4631055933809413
57173,0.41351857394939817
57174,0.30499949060379206
57175,0.3556743978236006
57176,0.6303519046519241
57177,0.7294854246016479
57178,0.592427122419379
57179,0.843545727434111
57180,0.8889859300293897
57181,0.20038835311174547
57182,0.2394428206455316
57183,0.2468388789896379
57186,0.7911166941010417
57187,0.3606342136388413
57188,0.19871998554828227
57189,0.48703401673943075
57190,0.4586545221599192
57191,0.8539754317711187
57192,0.42953780638038874
57193,0.9407626255565703
57194,0.754264888653887
57195,0.35256265479018817
57196,0.7685490912975579
57197,0.4438486467242337
57198,0.664636894736476
57199,0.7382739873405154
57200,0.6999071271179168
57201,0.3159983327687033
57202,0.8937567343657256
57203,0.8903924785017832
57204,0.8992086242255912
57205,0.6196480359117802
57206,0.8769241592749866
57207,0.8186740451992924
57208,0.6340931913101756
57209,0.5896213200054842
57210,0.4408836001298663
57211,0.9419415395333602
57212,0.8909527484787246
57213,0.23979375628051652
57214,0.7132999764359959
57215,0.12688158151039994
57216,0.4234509284870242
57217,0.5411590247214659
57218,0.9857581396594439
57219,0.8977826708013119
57220,0.32492863240631964
57221,0.9011109071716875
57222,0.8257665861195281
57224,0.7114115363356008
57225,0.34776733986940445
57226,0.7481742889391365
57227,0.8252116717905184
57228,0.702905781268147
57229,0.19074901703517438
57230,0.42278068660712725
57231,0.8636121765947604
57232,0.6511018338993889
57233,0.3191616418557226
57234,0.8407383096465205
57235,0.21508519059810477
57236,0.23555928080991204
57237,0.6618799276213898
57238,0.3784333262578676
57239,0.6523917114158495
57240,0.972258566103629
57241,0.3852053445052624
57242,0.9135590741515811
57244,0.4824489498182086
57245,0.7180615351985988
57246,0.21592647353892824
57247,0.4982933742566894
57248,0.2147012404749936
57249,0.8226041544553568
57250,0.2704106638673131
57251,0.9811460335284725
57252,0.2690906055128704
57253,0.2895653165067633
57254,0.9151204706564802
57255,0.5138811894328102
57256,0.9419975110613185
57257,0.481345167083388
57258,0.5620895692891804
57259,0.13449052476913329
57260,0.8252515251581484
57261,0.39845939360438504
57262,0.6487682520185992
57263,0.4213454060141645
57264,0.5473062245114201
57265,0.5165641068577489
57266,0.358834926499708
57267,0.3141096515240874
57268,0.35792795242534237
57269,0.8743276666925838
57270,0.5508660955203566
57271,0.725337408613168
57272,0.43296720849286746
57273,0.6007194424643024
57274,0.5952494134570259
57275,0.6769847176488718
57276,0.41339868479208375
57277,0.669368473187136
57278,0.25841903850253656
57280,0.8594387750422497
57281,0.38956682019423744
57282,0.885002888745482
57283,0.9454830700439965
57284,0.5084423364258065
57286,0.1633384159314346
57287,0.8412124098641163
57288,0.6895403094564809
57289,0.4395768667053176
57290,0.4399419660859061
57291,0.4434713305408056
57292,0.2425593542206822
57293,0.2897564803299046
57294,0.2851507408433193
57295,0.3954411373518715
57296,0.5452147557662033
57297,0.5452274345967563
57298,0.8558532697202511
57299,0.8316260261800822
57300,0.5027303639809375
57301,0.25740548556574216
57302,0.2631810034633804
57303,0.9750541291662037
57304,0.5338396592053718
57305,0.7307406573652904
57306,0.8606944572920073
57307,0.7355335177309522
57308,0.290306911802027
57309,0.7347508351518252
57310,0.8423846888714941
57311,0.6020547287917616
57312,0.4109024888059993
57313,0.4588646463190454
57314,0.3653524977869844
57315,0.5110550796956507
57316,0.7746594151603093
57317,0.44296810356786276
57318,0.5353829358760774
57319,0.420243967479801
57320,0.2911449808004857
57321,0.8946277465716136
57322,0.7168047736706605
57323,0.7792472789404947
57324,0.8488546026377547
57325,0.5429104321176597
57326,0.5257784860103584
57328,0.19669305389873826
57329,0.29020072267206737
57330,0.43153078785295
57331,0.8804950476150928
57332,0.7303360060090138
57333,0.8594710901455491
57334,0.8589671672448163
57335,0.21336023746756705
57336,0.7179370359957804
57337,0.6075619158115196
57338,0.4433691487494447
57339,0.4637495939004426
57340,0.7295014323051202
57341,0.7382192893234653
57342,0.19566080067812064
57343,0.8806143917839102
57344,0.6916059087149881
57345,0.8629342069323336
57346,0.32090048799700904
57347,0.22829970773465544
57348,0.861493435527552
57349,0.45042614632626615
57350,0.9578650015112002
57351,0.9941705710620484
57352,0.9501404712280641
57353,0.3617914472793885
57354,0.28519331234997436
57355,0.2714518310916337
57356,0.9846381680007522
57357,0.450426461863809
57358,0.8658655550626907
57359,0.7394851805102838
57360,0.8967504376509505
57361,0.7396509717894976
57362,0.41678488759404736
57364,0.43593953494617577
57365,0.4104624084962021
57366,0.3425977932931954
57367,0.8721396609117893
57368,0.8266227710694746
57370,0.7680576735482442
57371,0.7241351556371628
57372,0.8501554379969708
57373,0.6912026257280126
57374,0.352656755998429
57375,0.3515981684010402
57376,0.35715676240357486
57377,0.2795815670372136
57379,0.5271882238015563
57380,0.3820691900450473
57381,0.35034798023709685
57382,0.4339618564676607
57383,0.3538704923578325
57384,0.659619406124168
57385,0.8898720859154005
57386,0.663149005298936
57387,0.33381507833920926
57388,0.16720650100247805
57389,0.6923381140136162
57390,0.3057495765323133
57391,0.35767766778673804
57392,0.8192534355178568
57393,0.31178701252631047
57394,0.4970952259167318
57395,0.22806375677563595
57396,0.9393151140412953
57397,0.26226077372836004
57398,0.6154576870124603
57399,0.2719913308218587
57400,0.0
57401,0.3852763751259257
57402,0.23480065087604868
57403,0.9829123037909582
57404,0.3863078828380923
57405,0.40823414341514613
57406,0.7398171788536564
57407,0.4631116994361883
57408,0.7666817532195547
57409,0.6646817504636401
57410,0.2486029395576831
57411,0.8217933383118302
57412,0.9401217648943743
57413,0.7601075857917968
57414,0.41808156295104704
57415,0.9442452093516902
57416,0.8002523862089318
57417,0.3248360082481844
57418,0.5218292897209439
57419,0.5967029342037474
57421,0.26092114852844117
57422,0.8122754447684659
57423,0.5465555378197957
57424,0.21766171680645433
57425,0.6727778020553191
57426,0.8875978221811545
57427,0.46856193498868376
57428,0.7023765494219137
57430,0.4644616091805061
57431,0.564971983442097
57433,0.9652049294743009
57434,0.23906203812533516
57436,0.7163412541171554
57437,0.7584056106268825
57438,0.9236804231830485
57439,0.21741261096176734
57440,0.7177670159357239
57441,0.866987610763966
57442,0.4784664311627935
57443,0.9325544949783677
57444,0.4127550444620542
57445,0.82017793728354
57446,0.1971538490011776
57447,0.9970146032184055
57448,0.32836829378279364
57449,0.890210207035635
57451,0.30178287103335366
57452,0.941558214522839
57453,0.6717256541785608
57454,0.989878873625066
57455,0.6974986141382404
57456,0.30906333246477913
57457,0.4114964664456515
57459,0.2546248451319893
57460,0.8787233806770705
57461,0.4433319638219223
57462,0.391204595876217
57463,0.9388536060551553
57464,0.8821899539463218
57465,0.8661693830017334
57466,0.582571745213254
57467,0.9903077781523022
57468,0.5753516956775192
57469,0.5106290234441728
57470,0.19727493819542735
57471,0.44411678009675065
57472,0.38731811726895604
57473,0.5171796598628023
57474,0.9195685506559782
57475,0.9062975433283617
57476,0.6145122862855842
57477,0.4169687977442172
57478,0.20480828494460043
57479,0.6403525459868009
57480,0.9496443099580995
57481,0.9170971528425672
57482,0.8887984141202492
57483,0.686394580690352
57484,0.8544437517213463
57485,0.45198648241714845
57486,0.2054338452770602
57487,0.9692464995199431
57488,0.05294441149702122
57489,0.25426679902152166
57490,0.2922433176894371
57491,0.9239145472051697
57492,0.8893472644200965
57493,0.5032054941474443
57494,0.22733595505134663
57495,0.5157640347572172
57496,0.20398912791689963
57497,0.49607328588891136
57498,0.8318912229006015
57499,0.6650632659690776
57500,0.3349082535361206
57501,0.24881598302741356
57502,0.6177856472350889
57504,0.3498019458878155
57505,0.8557609329146328
57506,0.3830383330984894
57507,0.5115509582518396
57508,0.8443274876949417
57509,0.8482998530651208
57510,0.8853774578372294
57511,0.9447856499329692
57512,0.8866415710309314
57513,0.3055074988198112
57514,0.9134474028501096
57515,0.9080365611659652
57516,0.4333842824694437
57517,0.7641393895516292
57518,0.8619871084810377
57519,0.500828387271017
57520,0.40014864700965475
57521,0.8141309420267396
57524,0.4508883781584309
57525,0.35608236593957693
57526,0.34941499993746544
57527,0.9841470111161048
57528,0.3034142988070981
57529,0.7181095431211773
57530,0.4307827180774864
57531,0.7786827556865079
57532,0.9784074386623951
57533,0.7892861868970108
57534,0.9941382859970197
57535,0.5176998178317602
57536,0.5331349832077421
57537,0.8153628350249447
57538,0.6803380771141003
57539,0.4359418596588735
57540,0.539477387292604
57541,0.15923748153155387
57542,0.7732699784341844
57543,0.9291150899484555
57544,0.8474087742288474
57545,0.9407127154217468
57546,0.9467179938320556
57547,0.981893480453772
57548,0.9862549650430655
57549,0.644722902178897
57550,0.730406882223459
57551,0.3425999361795955
57552,0.9889482734484286
57553,0.8858002337310243
57554,0.9818872003789605
57555,0.22413658999514238
57556,0.5595764594843075
57557,0.913203465827532
57558,0.48614864628984844
57559,0.16368106795882129
57560,0.5002032738148765
57561,0.368424516278315
57562,0.8713822433562574
57563,0.4152267299034782
57564,0.2610993692605277
57565,0.9180807013593107
57566,0.8768974460137938
57567,0.3121511327793469
57568,0.6614003465828686
57569,0.17188999292654544
57570,0.8866987992766739
57571,0.5282838510886597
57572,0.503513344104316
57573,0.35012032674402493
57574,0.89737570776353
57575,0.8820370898345088
57576,0.741111383376427
57577,0.4104163564428772
57578,0.9077430595263092
57579,0.3710089267814557
57580,0.4135431576750564
57581,0.4270221419338355
57582,0.8860878377165757
57583,0.1940394687977749
57584,0.41072523774190095
57586,0.7746997708707603
57587,0.38389428405233345
57588,0.9233074890648254
57589,0.591560290404512
57590,0.6543699792621845
57591,0.9244319122031973
57592,0.47065829555258987
57593,0.9063856495611101
57594,0.22970772958222418
57595,0.4318138035617541
57596,0.8638577287898993
57597,0.9051245190373971
57598,0.8674626636392235
57599,0.3931839669414274
57600,0.9169380443017484
57601,0.9381837700115481
57602,0.8942439088915551
57603,0.7331053803384479
57604,0.6656605564385132
57605,0.8850932060929367
57606,0.8214836185882811
57607,0.885402937520379
57609,0.3089476837735532
57610,0.3430438780017631
57611,0.21862177229827218
57612,0.826319829292772
57613,0.4632578109584417
57614,0.47839811096923973
57615,0.5821597273025391
57616,0.9332372185020973
57617,0.8423110667114482
57618,0.5238851982399232
57619,0.3027245082645914
57620,0.9060025364045844
57621,0.44804604445202767
57622,0.9149064355621245
57623,0.7698314720868036
57624,0.9511694259081026
57625,0.359818802514211
57626,0.8954410045201798
57627,0.8266946121282192
57628,0.36341137033606047
57629,0.8673741988820981
57630,0.9550257196994593
57631,0.8859447873681394
57633,0.848547518512742
57634,0.9355636150697585
57635,0.4117560238877141
57636,0.3069263467219363
57637,0.8765247015450325
57638,0.7627170537930318
57639,0.34634214309723665
57640,0.278206600442025
57641,0.6566538558766714
57642,0.9462259786840407
57643,0.9798784641802114
57644,0.7551258548611971
57645,0.9373350375839128
57647,0.8647844064706203
57648,0.4373763829729618
57649,0.8891490329849131
57650,0.7463305561106766
57651,0.4233424665601073
57652,0.8282038879101278
57653,0.9834626921431446
57654,0.7920645823958483
57655,0.9816724200281283
57656,0.8593352882491643
57657,0.38786090762879405
57658,0.30814891692177254
57659,0.8693129729047171
57660,0.8142336605175288
57661,0.1269969789545445
57662,0.47148843412776353
57663,0.9648249407653183
57664,0.2555423303478625
57665,0.833253694615994
57666,0.9532656474958072
57667,0.42952716582253364
57668,0.6934702129444452
57669,0.8728647438569176
57670,0.46530292902319226
57671,0.3120405409985085
57672,0.8852922254627683
57673,0.4734821510761386
57674,0.19385390682535078
57675,0.23020647321243667
57676,0.3528022369418641
57677,0.9059290638306944
57678,0.6983066392741283
57679,0.6131458247774191
57680,0.8334826299592132
57681,0.4312291230337451
57682,0.7405186069923543
57683,0.8750663614631924
57684,0.6694957608307083
57685,0.20121800564141792
57686,0.6302097601379764
57687,0.5315556446532708
57689,0.8452297291895102
57690,0.7382968647224758
57691,0.36798300421570507
57692,0.39360102298478444
57693,0.991055648936126
57694,0.9092676083422642
57695,0.4886310063529376
57696,0.595593070063379
57697,0.8064033839254207
57698,0.18654159659767414
57700,0.3558402464813934
57701,0.9531609192873465
57702,0.4797204578891016
57703,0.38431238486384844
57704,0.859363748578767
57705,0.43379699503205377
57706,0.4364171671795257
57707,0.9193710059965055
57708,0.9816970720091177
57709,0.492991059126882
57711,0.21904559467973977
57712,0.267204571941131
57713,0.8597215960795154
57714,0.5186340411912266
57715,0.9790540234898862
57716,0.8709355142904475
57717,0.4983252987653219
57718,0.4457378816537734
57719,0.28850466261786273
57720,0.7967620850795137
57721,0.4887874113832346
57723,0.36773661271868835
57724,0.8921205178331519
57725,0.29458554527767694
57726,0.42995314167992243
57727,0.24268944608568743
57728,0.4344538138243126
57730,0.5337634234414613
57731,0.9301523960435619
57732,0.36364328253442774
57733,0.8738143496284638
57734,0.8120439548205374
57736,0.7868476530146578
57737,0.8701267782559622
57738,0.2600091708232941
57739,0.19979890932538713
57740,0.19673825194611474
57741,0.23302583622936973
57742,0.8445992571163276
57743,0.48899070683677337
57745,0.35099015312600673
57746,0.281933845154561
57747,0.4007163792610466
57748,0.29244135725389653
57749,0.7401170696589578
57750,0.37580013001577045
57751,0.9401132132837052
57752,0.6571388033153246
57753,0.4522301929027496
57754,0.4523384477256268
57755,0.1845558625932571
57756,0.44873584274037703
57757,0.8715692979013216
57759,0.43632068625156956
57760,0.3462334496991316
57761,0.45906651005969706
57762,0.5247642094788275
57763,0.21806173111748997
57764,0.9001568733292409
57765,0.6619217461868045
57767,0.8569776262406196
57970,0.0
58001,0.3146440187392893
58002,0.3958624576894653
58003,0.23983564157397627
58004,0.6066815634560874
58005,0.15959211832958262
58006,0.3145862778882997
58007,0.20021234325749895
58008,0.23437864553162288
58009,0.1351328377171052
58010,0.774394134091675
58011,0.18152614828981833
58012,0.2414378960531886
58013,0.05140338247921851
58014,0.04432109557246171
58015,0.15370822183197735
58016,0.17006652141696574
58017,0.5887124689206908
58018,0.06894579410135482
58019,0.4774353488186625
58020,0.15986267376928745
58021,0.07649122138170161
58023,0.30145937253419397
58024,0.25263491921347947
58025,0.23049049427007462
58026,0.12173349313297879
58027,0.250522350891755
58028,0.2698805544913287
58029,0.113448395969306
58030,0.4147460530745851
58031,0.2532577724879672
58032,0.12529580975007945
58033,0.36655258682132014
58034,0.6128745912555047
58035,0.16850313965788652
58036,0.08523354945070152
58037,0.08519309607880311
58038,0.1114799268315645
58039,0.15698095725566696
58040,0.7099394110055841
58041,0.1397917562354737
58042,0.3280678556804875
58043,0.10159464574737011
58044,0.24224202629406555
58045,0.12724360763583906
58046,0.47594053842056555
58047,0.3906151417076754
58048,0.03732081325102041
58049,0.5727261795174929
58050,0.18704355480472043
58051,0.35629367348951463
58052,0.11911457713272051
58053,0.037646361352623496
58054,0.09986997494908992
58055,0.43995807346259397
58056,0.33527603262041816
58057,0.06323257844895773
58058,0.08901928674242011
58059,0.44055318474535005
58060,0.18173786122914426
58061,0.11105780890896744
58062,0.9635841287675204
58063,0.9793674899270884
58064,0.11956309219599626
58065,0.7068790642308095
58066,0.6713073415353173
58067,0.2945064836775705
58068,0.4669835682323868
58069,0.35960617146118773
58070,0.043415511887167045
58071,0.12187418621591734
58072,0.3031127920003447
58073,0.22625013163932656
58074,0.5466842038382604
58075,0.41229640666754563
58076,0.7065052909622029
58077,0.412806350581492
58078,0.28000224079263253
58079,0.5365641781076768
58080,0.27666214107669507
58081,0.033488771762735285
58082,0.6542750124263396
58083,0.7878447066164301
58084,0.08182879034788922
58085,0.10889672575811561
58086,0.5591306897442057
58087,0.15205943987375195
58088,0.3948544459866894
58089,0.03498315419576588
58090,0.10254898743613335
58092,0.23738748885119995
58093,0.08954124908438758
58094,0.09599963458603261
58095,0.40132494320132706
58096,0.2555429306235804
58097,0.4009333564173077
58098,0.24824109660520666
58099,0.7208647840069908
58101,0.1221183758772554
58102,0.42837400442591905
58103,0.16222029321324966
58104,0.20133081896665203
58105,0.23244593243836295
58106,0.16834951348059166
58107,0.746708320797533
58108,0.2984344426263244
58109,0.12995159834407027
58110,0.5035466919869156
58111,0.8059687947740152
58112,0.3790980540976761
58113,0.45439329947285234
58114,0.5625342108827004
58115,0.14131003879713117
58116,0.1999283536568233
58117,0.479864697281865
58118,0.27421321491350864
58119,0.3356839178529642
58120,0.23846280191993569
58121,0.40646601446149333
58122,0.37762820263652336
58123,0.2054761215839707
58124,0.3436903185604528
58125,0.4284515265959366
58126,0.3681492036251082
58127,0.060298628849960983
58128,0.6728504849200061
58129,0.19484730062188582
58130,0.13073138112993526
58131,0.3830706946107248
58132,0.15916613843940927
58133,0.16863768459828374
58134,0.3623283429368787
58135,0.1834390854786122
58136,0.2199352583303809
58137,0.18851415251992498
58138,0.11586556904704039
58139,0.329923883467857
58140,0.6319925379426862
58141,0.550472588429602
58142,0.5662173671839134
58143,0.42596411832398157
58144,0.08340353894786942
58145,0.15770760244748552
58146,0.20475605479512127
58147,0.08916603397088162
58148,0.1881993752679713
58149,0.7326777796041243
58150,0.17947285053117268
58151,0.35492527462147155
58152,0.20322389377952726
58153,0.2817764127266746
58154,0.2701736320407569
58155,0.3045344679820381
58156,0.10624058128619157
58157,0.6418644896714281
58158,0.22530341077565338
58159,0.21853832351027394
58160,0.5335129372866971
58161,0.759110489955237
58162,0.07127097205479481
58163,0.0567838610906924
58164,0.33856919295026233
58165,0.17994191358406225
58166,0.38295503313752993
58168,0.6041049621659391
58169,0.17711559446488861
58170,0.2410984745371803
58171,0.29300426607081975
58172,0.19573559289901823
58173,0.31780578623291117
58174,0.06046429456847711
58175,0.4063501393699942
58176,0.34072360230762233
58177,0.5459407916804024
58178,0.3323822305093464
58179,0.6283403845836663
58180,0.30537987264926597
58181,0.15667303602174226
58182,0.6206310702651328
58183,0.36841445453187466
58184,0.1234969057034969
58185,0.35861955179898913
58186,0.1886871176348489
58187,0.3288248455981664
58188,0.14343031292823538
58189,0.14534934239168565
58190,0.15542260227324095
58191,0.12311265123734424
58192,0.11644006349120364
58193,0.20839032640681968
58194,0.5864427095764032
58195,0.27458242961295265
58196,0.33389995311473614
58197,0.3644449873717698
58198,0.15877860442290628
58199,0.6729962277699044
58200,0.11773016947170846
58201,0.06402439801166626
58202,0.6617061924735245
58203,0.07003684932278141
58204,0.3409763688585214
58205,0.2813395594517767
58206,0.11710018881961973
58207,0.2945194824939128
58208,0.27621150032813846
58209,0.423181695595412
58210,0.39643285484994506
58211,0.39932205367048507
58212,0.38457187406631016
58213,0.4288320094020131
58214,0.3278623540839929
58215,0.44087956853081484
58216,0.21392594868080525
58217,0.1299864790827081
58218,0.2687332022627219
58219,0.6736605342110279
58220,0.22150164663810565
58221,0.298730650375431
58222,0.17821795396972243
58223,0.2578336013502548
58224,0.2077759908123348
58225,0.27452821938788013
58226,0.13162115687254003
58227,0.10247075041422361
58228,0.44633148756553115
58229,0.6936537519335463
58230,0.45279143861623655
58231,0.319915390887929
58232,0.5288822169619335
58233,0.1272405222097781
58234,0.040072105858966575
58235,0.17542545001495727
58236,0.32820449488171205
58237,0.19799949897915736
58238,0.3450974502875402
58239,0.40791163648244216
58240,0.12747925313742553
58241,0.13236815552132672
58242,0.12522665476962572
58243,0.3287504457504413
58244,0.8161166178393647
58245,0.20559724112504074
58246,0.5954074062920752
58247,0.3771900722623108
58248,0.46843229569347267
58249,0.8539900129448237
58250,0.5393432020069372
58251,0.3553809627430777
58252,0.035231491042138005
58253,0.16726923125430895
58254,0.3380001000322734
58255,0.2708753978633297
58256,0.4973678610188903
58257,0.34400292037123853
58258,0.39642679346571275
58259,0.1801144848079743
58260,0.2072275949389569
58261,0.45052655767161365
58262,0.8137447560467156
58263,0.08606759520133633
58264,0.08537394602416676
58265,0.4622913497183892
58266,0.14907237923278593
58267,0.44622259796370706
58268,0.2771896795520095
58269,0.3673264677751876
58270,0.35268365135174234
58271,0.22996131191921923
58272,0.3521852198883503
58273,0.32654594822856914
58274,0.39750044578669075
58275,0.2187371943534581
58276,0.45619015546444386
58277,0.7742749515768446
58278,0.34656042125700925
58279,0.28706662897644414
58280,0.2986225083608881
58281,0.44777703447740097
58282,0.1228251376434603
58283,0.12787877339087642
58284,0.14953114578571583
58285,0.6669141414733395
58286,0.16625652938896116
58287,0.5221656732962606
58288,0.18582205596756232
58289,0.35560266694960546
58290,0.19431348576620422
58291,0.3462480920600337
58292,0.35225667374938113
58293,0.226057517423783
58294,0.12049219592714282
58295,0.5469305683533829
58296,0.09659578110484228
58297,0.23366052616351607
58298,0.340587698082439
58299,0.11411373790504525
58300,0.3617519843119615
58301,0.4110057600141846
58302,0.24671371215263171
58303,0.6182670623189367
58304,0.3528132670544846
58305,0.19904174885894577
58306,0.3099350259947486
58307,0.2747935690716151
58308,0.20463265741509143
58309,0.7210777565473583
58310,0.09190073273151314
58311,0.3432257515549739
58312,0.16673355447914395
58313,0.19553234816562753
59001,0.7232713770498804
59002,0.9007644068268025
59003,0.7727567445298986
59004,0.937002757393661
59005,0.988025346778649
59006,0.7656077510294306
59007,0.9279040387445084
59008,0.8854153772890868
59009,0.9850961721271798
59010,0.4865902067518164
59011,0.9867264496015306
59012,0.36757346299741356
59013,0.9718193006167994
59014,0.928067906662819
59015,0.8887358798351045
59016,0.79949919655135
59017,0.941541841737033
59018,0.7912177704658462
59019,0.9812545428112477
59020,0.0
59021,0.7392044393808547
59022,0.9710776696860046
59023,0.8022088220393478
59024,0.8830966750093335
59025,0.9642700165270018
59026,0.8192085595653997
59027,0.931527712121376
59028,0.9943322480592883
59029,0.9568614326370415
59031,0.9004515089134535
59032,0.9049809241847437
59033,0.8184891971887582
59034,0.9786263001401626
59035,0.3205528460117601
59036,0.3838730670558463
59037,0.8391840327235882
59038,0.7886091045467423
59039,0.6602106721134682
59041,0.786306483564709
59042,0.9569001702478281
59043,0.8297208726401711
59044,0.9674080312242328
59045,0.32776053565717395
59046,0.5270974994747175
59047,0.38957421388072383
59048,0.7155583496281622
59049,0.4251587796220434
59050,0.7267576171461849
59051,0.9603056643999069
59052,0.9787275151025219
59053,0.9189208014427338
59054,0.7943627025485357
59055,0.9134326098751715
59056,0.980185800039446
59057,0.9748485899159274
59058,0.8319125649606521
59059,0.8322964182904206
59060,0.9730003211527832
59061,0.2435276063616771
59062,0.8610202454770844
59063,0.7250920241907706
59064,0.9173102541920846
59065,0.9439302079717226
59066,0.7441047721524241
59067,0.962726080950954
59068,0.8028920048055591
59069,0.9773121060231003
59070,0.9640237250398598
59071,0.9647271881862005
59072,0.8215697475045599
59073,0.6803629716465417
59074,0.7393683540250545
59075,0.8251243786231777
59076,0.8056513517304428
59077,0.9671183843018519
59078,0.7632160762976676
59079,0.9148412712778519
59080,0.9176532263884437
59081,0.7041699072990273
59082,0.7228306206976969
59083,0.7151529560379731
59084,0.7863221605406268
59085,0.7037222200344415
59086,0.668522000472899
59087,0.7856406543305382
59088,0.9449548917941173
59089,0.8231875720052819
59090,0.9716602606809869
59091,0.7550952652526646
59092,0.8302880621163071
59093,0.21060950893928865
59094,0.6657036630228221
59096,0.9634840179480281
59097,0.5290525405237128
59098,0.9655596572807659
59099,0.8719584482344032
59100,0.8436879061771291
59101,0.7962999824401712
59102,0.6782794092755838
59103,0.7906150001648594
59104,0.7449413373172675
59105,0.9395003629080904
59106,0.9729747927187193
59107,0.8899340736351904
59108,0.7154678846993575
59109,0.8522293254080727
59110,0.7541223968800701
59111,0.8449068244203721
59112,0.9041480780488423
59113,0.8579039255077915
59114,0.8747210336033858
59115,0.8796782954435868
59116,0.846424757251132
59117,0.908913148193834
59118,0.7246926807023345
59119,0.8573868915418386
59120,0.6964050267391261
59121,0.7107403462954434
59122,0.7494599459725562
59123,0.9620861016392424
59124,0.9649980178715762
59125,0.5112040580649477
59126,0.9188301845003882
59127,0.9751294724436559
59128,0.9940447806531381
59129,0.9599653601194827
59130,0.750360120064913
59131,0.8316820153872522
59132,0.6807048026642248
59133,0.9640210411427055
59134,0.21250631777174206
59135,0.7152618451819723
59136,0.961832984410135
59137,0.8996741960580751
59138,0.6698481047431237
59139,0.8425087376119722
59140,0.7275874157213539
59141,0.6529840012574405
59142,0.7572213982810684
59143,0.9561481556114293
59144,0.8718555521748429
59145,0.967799573167468
59146,0.9669683793284083
59147,0.7116012758164714
59148,0.8387973795671879
59149,0.7305879237798805
59150,0.9532465397237188
59151,0.7620669315129172
59152,0.9781628819121259
59153,0.9671116695237232
59155,0.8408634759524644
59156,0.9360821681443295
59157,0.7776620829185321
59158,0.957958010694229
59159,0.9128585964621391
59160,0.9499703690592793
59161,0.5448751892930658
59162,0.701572171946119
59163,0.9800144947467059
59164,0.8736740590954195
59165,0.9940752658559081
59166,0.9772603342559694
59167,0.6529030358366987
59168,0.9685655251344033
59169,0.8556500944536362
59170,0.9444185561029116
59171,0.6686738376096129
59172,0.8938411535311171
59173,0.9719582561869929
59174,0.8499193219268874
59175,0.8171615934916077
59176,0.4679757871580751
59177,0.4178826822987259
59178,0.9564807569263931
59179,0.8393689248652892
59180,0.7804563266722514
59181,0.742832344992756
59182,0.7822210612900932
59183,0.88546204536789
59184,0.8464875080037354
59185,0.8893783056529665
59186,0.7371793672696639
59187,0.8335446067348773
59188,0.8472844517094502
59189,0.6070879351225789
59190,0.8679378978659865
59191,0.6961054609073193
59192,0.8869090404317737
59193,0.9789629580912755
59194,0.9214498867434829
59195,0.9929045752046348
59196,0.9615613404537285
59197,0.9980132176949376
59198,0.6667039461094278
59199,0.9059562083204588
59200,0.8027919514563723
59201,0.9804401565795542
59202,0.8970147539202863
59203,0.9047095082556871
59204,0.9771261941720841
59205,0.8814929752579417
59206,0.6242774741061463
59207,0.879995401982433
59208,0.9842739917701079
59209,0.6470502136667362
59210,0.7608746196362498
59211,0.9186256403696852
59212,0.8481412101725679
59213,0.6610343084270477
59214,0.8912543180193998
59215,0.8664170784711862
59216,0.696530827908664
59217,0.8392467425714082
59218,0.1574996418884613
59219,0.798871605894721
59220,0.9915239666613286
59221,0.9039681903622618
59222,0.9612215027617796
59223,0.44594388545635844
59224,0.8110429837799827
59225,0.9038042495915363
59226,0.8018128073971976
59227,0.9019106060612031
59228,0.9355018124390883
59229,0.28333704857393577
59230,0.731112941734036
59231,0.7326456878235414
59232,0.862968895766995
59233,0.3906170082348393
59234,0.9920132043680709
59236,0.5301098329263944
59237,0.7102580041258675
59238,0.8593545168122636
59239,0.940869613430322
59240,0.7809364971788032
59241,0.1459667717358782
59242,0.8858503347004867
59243,0.719147569458281
59244,0.5922937685801445
59246,0.8905051882094627
59247,0.9784496486106722
59249,0.5144859162953936
59250,0.9756559019555993
59251,0.864906959443353
59252,0.9672660082931589
59253,0.8450497651932608
59254,0.8397891656889696
59255,0.7628662897159997
59256,0.9982102378478764
59257,0.9731227960150097
59258,0.95087463708508
59259,0.9762378176274888
59260,0.8930487348336446
59261,0.3103134385579048
59262,0.6261207468585639
59263,0.9254062196488816
59264,0.8286438598569414
59265,0.8590138022471291
59266,0.9729761889193703
59267,0.33248486832739915
59268,0.8914854533224518
59269,0.4569019346034693
59270,0.36840321411847965
59271,0.8853332705316677
59272,0.7187497375979763
59273,0.6738771017734817
59274,0.5857302595318928
59275,0.966001904512663
59276,0.9363667511312741
59277,0.9538479472339337
59278,0.9868439513268499
59279,0.9962953821634519
59280,0.8626958039260153
59281,0.9731740663237874
59282,0.6832649097697477
59283,0.7822255401016946
59284,0.8863928605359803
59285,0.8464615291921336
59286,0.9765204082981055
59287,0.6796181662346266
59288,0.9041423604638893
59289,0.860037041265901
59290,0.2853876712975553
59291,0.8432432383592198
59292,0.9101905471812755
59293,0.7564527943404755
59294,0.7037807725850799
59295,0.8594056071713887
59296,0.8996044986933299
59297,0.902910965558672
59299,0.9800155045389987
59300,0.7864213792280249
59301,0.8740314156781103
59302,0.9378776753963893
59303,0.9707696685937366
59304,0.9885411063380678
59305,0.5509299306075393
59306,0.7511263160572961
59307,0.756854984434982
59308,0.7606850684133597
59309,0.9140166574970701
59310,0.8966652610338216
59311,0.6851340734857849
59312,0.46383668342841483
59313,0.7742290219663203
59314,0.9013089509355371
59315,0.9502975832441388
59316,0.9795572312748971
59317,0.9637186739492919
59318,0.4117348010111584
59319,0.9514881693311471
59320,0.963634776685513
59321,0.7897809852729923
59322,0.7725492903144656
59323,0.8638138523504632
59324,0.8315939835446856
59325,0.9753678953856437
59326,0.923472462135098
59327,0.9380893616158092
59328,0.980943416773074
59329,0.9380222056870681
59330,0.937805028818468
59331,0.6935018272715954
59332,0.9824292494369542
59333,0.1395082367699913
59334,0.9920740949576593
59335,0.86359402928212
59336,0.8262685205479683
59337,0.8076129952884263
59338,0.8117951332694162
59339,0.9781527518227331
59340,0.9334235833078165
59341,0.6084692588893086
59342,0.8389755999985894
59343,0.9926828126493776
59344,0.5756533329029895
59345,0.921756332281717
59346,0.997062116333555
59347,0.7241611267692372
59348,0.7854114562623715
59349,0.722346137072004
59350,0.9819202729400459
59351,0.8588516399945862
59352,0.9691688964951185
59353,0.8371354759555805
59354,0.9151773074469556
59355,0.0
59356,0.9789777576544222
59357,0.8799313283907806
59358,0.7757138968044496
59359,0.9328477362290525
59360,0.9807848729033143
59361,0.8614025075646058
59363,0.9731230780549861
59364,0.9674563663096439
59365,0.9090044194643832
59366,0.8312218845347601
59367,0.9806204325849471
59368,0.9840124976145488
59369,0.9891311127162443
59370,0.8104496236511618
59371,0.9777487482405962
59372,0.6264211739819847
59374,0.41900150966035965
59375,0.8890748431448864
59377,0.4560304866073587
59378,0.9781514570686326
59379,0.8467724094918843
59381,0.9751385373072532
59382,0.7392926120212043
59383,0.9056393221598528
59384,0.581621855554903
59385,0.789482755247621
59386,0.9829893863239307
59387,0.8628859827215312
59388,0.9724671423459028
59389,0.4998956757405229
59390,0.9032977312677816
59391,0.8669692413880109
59392,0.7858790906831153
59393,0.8728523276304497
59394,0.711909601320326
59395,0.9240635477264167
59396,0.9066906728163733
59397,0.9676098404152561
59398,0.9783132369816209
59399,0.7339844433155069
59400,0.8837210849515686
59401,0.7052981600704218
59402,0.966897983545199
59403,0.8592557705577089
59405,0.5082950600547593
59406,0.5855846320546299
59407,0.8790884724047462
59408,0.960690790678922
59409,0.8851531740717267
59410,0.9864905729144211
59411,0.9694016683242043
59412,0.9298304849943961
59413,0.7450035201004523
59414,0.9162690268915569
59415,0.8605243087844604
59416,0.8105818988421946
59418,0.8887253056474953
59419,0.9502495772815802
59420,0.6704092209237543
59421,0.9707353751912168
59422,0.7518488344054636
59423,0.8257493225965128
59424,0.8329610455950699
59425,0.969754014408358
59426,0.9676018242699698
59427,0.9630757942444023
59428,0.7550392217485015
59429,0.8245103271590319
59430,0.9385855101124427
59431,0.8815400158814003
59432,0.6756730360739779
59433,0.8189189569195702
59434,0.8856159510447673
59435,0.9513422057186759
59436,0.8664493445471115
59437,0.9845772694108212
59438,0.5470999103152783
59439,0.5653044530740925
59440,0.9717328925861273
59441,0.9310592132045554
59442,0.7213335017191729
59443,0.8081569984165096
59444,0.8825301411481306
59445,0.3340868772381377
59446,0.9311091173404112
59447,0.8733267232402852
59448,0.5175678388008874
59449,0.9675592829333033
59450,0.9016875215475981
59451,0.97610928487793
59452,0.960532918504384
59453,0.5540457422990067
59454,0.7616044691447905
59455,0.7672228052156923
59456,0.8956679726030178
59457,0.9763526833763579
59458,0.9976561945863041
59459,0.9700190443703343
59460,0.0
59461,0.3023576025582154
59462,0.9592662184866747
59463,0.7150546724935032
59464,0.9204779182463841
59465,0.9043076404614852
59466,0.9763234328542436
59467,0.7899780379437253
59468,0.9755895154637017
59469,0.7377755830914855
59470,0.9682627003358041
59471,0.9769910293845772
59472,0.8671565199446746
59473,0.8643603723338015
59474,0.27334896357566296
59475,0.945914150546097
59476,0.6994406885260254
59477,0.9832508930970331
59478,0.7535487000293789
59479,0.8088357968640281
59480,0.8813943565107434
59481,0.9784683697982528
59482,0.9792286657143393
59483,0.7504970650646042
59484,0.9651446708081259
59485,0.8225549394625803
59486,0.9358922886859754
59487,0.9612198438133448
59488,0.6950293253190203
59489,0.946966872277989
59490,0.22785207002991595
59491,0.8962305860823461
59492,0.6160436890925713
59493,0.7366545679031076
59494,0.9544942411882937
59495,0.7473737651071776
59496,0.6450688268388571
59497,0.8512379087257335
59498,0.7249683833736142
59499,0.652544384677523
59500,0.45571509378447866
59501,0.8713194347863605
59502,0.776600888561876
59503,0.8717791594468935
59504,0.8825720339210031
59505,0.8305931832800061
59506,0.9736992636491013
59507,0.9943248145988343
59508,0.9973771609827183
59509,0.9252073412245697
59511,0.8310160270324136
59512,0.9797205286125487
59513,0.9292450105809787
59514,0.7531664174289194
59515,0.9495603262398545
59516,0.7956456787728916
59517,0.4823042616143973
59518,0.9739162823448001
59519,0.8337525501085367
59520,0.6480856404301096
59521,0.6853451112823709
59522,0.9736093668792376
59523,0.9978964323026135
59524,0.977330032180593
59525,0.27734647533383944
59526,0.9445693159740882
59527,0.9835665068798681
59528,0.8431390031864212
59529,0.7831508665424589
59530,0.9374124567304887
59531,0.940565028905035
59532,0.6298018196224651
59533,0.84300720280153
59534,0.3604559526708644
59535,0.6472108434225792
59536,0.7045811846187306
59537,0.8441658241165437
59538,0.7667795175281422
59539,0.7239226431953627
59540,0.0
59541,0.8607448236015954
59542,0.5277102304650464
59543,0.7851425963940348
59544,0.9864760730633697
59545,0.7008751906231289
59546,0.6454038257484886
59547,0.8500428704001766
59548,0.9481553559933856
59549,0.9719496138929385
59550,0.9583349525937014
59551,0.841317927546825
59552,0.7465119159704655
59553,0.984705193557169
59554,0.8477272971971948
59555,0.8110486420673022
59556,0.5809235910910919
59557,0.9788720311975442
59558,0.8596632792726321
59559,0.8393453665375191
59560,0.9857905292639256
59562,0.3069179171540966
59563,0.7293413079102348
59564,0.9609254657265913
59565,0.9764160683315192
59566,0.998341432837225
59567,0.6429542631657682
59568,0.8370099006657904
59569,0.9446478065293564
59570,0.7155151317365912
59571,0.9790337174109656
59572,0.8609882043319975
59573,0.7226877048095185
59574,0.8840341519563351
59575,0.8722911770036076
59576,0.7890649767775768
59577,0.8091016921129919
59578,0.8438354577861351
59579,0.6988211750886515
59580,0.701595423936762
59581,0.7916247536676914
59582,0.7559567450927328
59583,0.4990769167107835
59584,0.8780558547285829
59585,0.9816845371681008
59586,0.9653821901060547
59587,0.5700059152441496
59588,0.9471598027671473
59589,0.8886048735347107
59590,0.8142802957498583
59591,0.955949034246902
59592,0.9632810735079131
59593,0.725764430805259
59594,0.891249912111496
59595,0.7450532565325221
59596,0.8708988107372193
59597,0.6966652426211376
59598,0.9760258268713983
59599,0.9976575425155566
59600,0.9720384491842949
59601,0.3098085523994645
59602,0.9749009091738942
59603,0.9964437006964533
59604,0.7660706141062184
59605,0.9000020262504481
59606,0.9288634141436826
59607,0.9703707142752288
59608,0.8655045425572431
59609,0.9872336654836772
59610,0.8661074066655645
59611,0.9786631150139764
59612,0.9795641297323352
59613,0.815410483766267
59614,0.8186553988882785
59615,0.808055807200278
59616,0.856993718225587
59617,0.7906930203218071
59618,0.8572991137647843
59619,0.9765789350514126
59620,0.8968953378418169
59622,0.8168499503151395
59623,0.3057217165883325
59624,0.7477755162673377
59625,0.4170767923197972
59626,0.9739903007333917
59627,0.8334060004386723
59628,0.974217902182406
59629,0.8908888281173083
59630,0.9585261008157
59631,0.702750541971069
59632,0.9234342260778411
59633,0.31996684217408333
59634,0.8280084589092223
59635,0.6387444668208591
59636,0.9840376287815231
59637,0.8930081687120033
59638,0.9635797485564608
59639,0.8509159584812035
59640,0.8562775222265353
59641,0.927916475005471
59642,0.8827671921915484
59643,0.9674067896392294
59645,0.8211404343634159
59646,0.9796630524220359
59647,0.7940098419480808
59648,0.9868136642717381
59649,0.8316272122882205
59650,0.9977748704709236
59651,0.9226306808558657
59652,0.8397987640199795
59653,0.9835143712615625
59654,0.9402330749592656
59655,0.7477405729146152
59656,0.9693938191611435
59657,0.7250165787260253
59658,0.9715053393271951
59659,0.30234583998836556
59660,0.9703019491136478
59661,0.819280448697197
59662,0.458417198461945
59663,0.7511124428585795
59664,0.812268360676197
59665,0.73338964613651
59666,0.7858815764011513
59667,0.6947063569714982
59668,0.8929927478184291
59669,0.8026578228294015
59670,0.9842922519456869
59700,0.0
59770,0.0
59810,0.0
59811,0.0
59830,0.0
59850,0.0
59960,0.0
60001,0.3601342810490274
60002,0.7023757122858854
60003,0.5067619857134676
60004,0.6532166407325082
60005,0.5370851976341688
60006,0.6939236804723077
60007,0.6042574410605877
60008,0.23604022494734422
60009,0.848076232373413
60010,0.6985318316410047
60011,0.777130046648076
60012,0.6923063629466125
60013,0.7040379549574893
60014,0.5194013198857427
60015,0.7343570884992645
60016,0.6618216321714347
60017,0.4650201776884068
60019,0.8063841476806554
60020,0.17634024105155974
60021,0.5339068551249965
60022,0.8818254994833485
60023,0.5384306774804066
60024,0.45900978775128193
60025,0.18927019132850328
60026,0.5884479593426084
60027,0.36732214228609567
60028,0.8533566295257732
60029,0.646668566838349
60030,0.640588920577653
60031,0.1255494646731339
60032,0.3265846636182471
60033,0.8375864407446763
60034,0.18463617831694615
60035,0.7981095627437654
60036,0.5372716277414228
60037,0.538913566793829
60039,0.3907870364580598
60040,0.46844859410929607
60041,0.6660852498245751
60042,0.5811469119497532
60043,0.5679588680861151
60044,0.8322266135209263
60045,0.6845972421263999
60046,0.14961598453349234
60047,0.6717796217819928
60048,0.6450304344399042
60049,0.13861011432452575
60050,0.6183647655304231
60051,0.4902658027215865
60052,0.5335399117957565
60053,0.7786139132016467
60054,0.644880960826934
60055,0.8566763386114437
60056,0.7627408729058758
60057,0.8555893739625899
60058,0.41055647165700876
60059,0.5604180583068272
60060,0.7588963967514019
60061,0.7046721501438844
60062,0.3784562275301976
60063,0.6792908596188975
60064,0.1918611851900883
60065,0.7029404460664288
60066,0.2996044321034097
60067,0.4822267245527953
60068,0.5504488277106645
60069,0.1625475788015645
60070,0.5330209635296712
60071,0.6830398360827776
60072,0.2960745342360058
60073,0.47047712415645243
60074,0.8460743448263441
60075,0.21082286883544837
60076,0.13079677490136699
60077,0.6654586440491035
60078,0.5660760374790738
60079,0.14716128105879844
60081,0.6808282199352135
60082,0.23957690125506198
60083,0.129605481202118
60084,0.5987656769228797
60085,0.3824830137363122
60086,0.9153424298001015
60087,0.7412506263313218
60088,0.6420415545751925
60089,0.6436563802892175
60090,0.9299274062798601
60091,0.44344483449169536
60092,0.3013263928394551
60093,0.7215655607046066
60094,0.1053686616671304
60095,0.566034536526717
60097,0.46640284381166314
60098,0.21115749579388218
60099,0.6959647386313577
60100,0.5715768510151977
60101,0.5401869570094364
60102,0.722855233351165
60103,0.5913655888862199
60104,0.8149860974093694
60105,0.4759864067130201
60106,0.44577268850893886
60107,0.5159152610838366
60108,0.6457549807501197
60109,0.6032288052617699
60110,0.5513154958470566
60111,0.402727299914898
60112,0.6350072426239874
60113,0.6229010527022096
60114,0.19272073220421654
60115,0.5472652375444258
60116,0.7031942470446821
60117,0.8595504155276775
60118,0.3592223994709707
60119,0.6193160139206902
60120,0.6533457793525285
60121,0.7939123391903964
60122,0.14394419449790338
60123,0.38118348694637105
60124,0.7962492412991395
60125,0.4638675461174037
60126,0.8171569244649479
60127,0.7481034821892902
60128,0.1315477850481029
60129,0.3528249518781234
60130,0.4080085855796321
60131,0.29826717716173423
60132,0.7795040187367488
60133,0.32893666724883647
60134,0.7049023044402377
60135,0.8352074035901953
60136,0.7147961497470122
60137,0.515979764390727
60138,0.7738281607358144
60139,0.8079079201237972
60140,0.629076156544321
60141,0.896070987386243
60142,0.9201823357875959
60143,0.6178716164417329
60144,0.7792257165195631
60145,0.2334555461937271
60146,0.38230069787135634
60147,0.6502340807409133
60148,0.3561994852515392
60149,0.564115054683338
60150,0.6531664901051719
60151,0.4903678069148977
60152,0.572433781088933
60153,0.4698397662738353
60154,0.656174872662264
60155,0.8388970719337566
60156,0.5113810482313846
60157,0.4892621494344775
60158,0.6791458340963119
60159,0.5346487122666459
60160,0.711282159889383
60161,0.5078450181028806
60162,0.6172209432505433
60163,0.2395161954218059
60164,0.2857018606946862
60165,0.6413872443266276
60166,0.5970557667354673
60167,0.20882777071549938
60168,0.7632358662065968
60169,0.5691659628007013
60170,0.8269915206684392
60171,0.2854702706954178
60172,0.9258530636743455
60173,0.9021163038418769
60174,0.7591757304866217
60175,0.9455036338624101
60176,0.3399461884567017
60177,0.533525467879282
60178,0.5908713189700024
60179,0.6827937162739777
60180,0.5733661159466752
60181,0.5435675020525874
60182,0.3420611722807619
60183,0.29752735329057384
60184,0.232229538157745
60185,0.801737777224204
60186,0.37851087790201193
60187,0.2511841731291228
60188,0.18171644988690738
60189,0.4090802419647187
60190,0.1380998294704442
60191,0.7947526360533823
60192,0.8643440373085264
60193,0.5764026768440639
60194,0.672213072148582
60195,0.6114151135565854
60196,0.6117787823453855
60197,0.7055045042161799
60198,0.791330083527143
60199,0.28527529109313127
60200,0.8079123341091955
60201,0.6381455101440477
60203,0.3702811838270522
60204,0.7827983805473375
60205,0.548328031003584
60206,0.7116192465478656
60207,0.08572989706656119
60208,0.4918706812101105
60209,0.6660907349955123
60210,0.561343481698408
60211,0.466072229762286
60212,0.7995392537526489
60213,0.7804347477646825
60214,0.16131405040723767
60215,0.32017749638410326
60216,0.452548223560921
60217,0.17321770505960685
60218,0.61193458946421
60219,0.40137263118945266
60220,0.5161020557766334
60221,0.3863653270856601
60222,0.591342581824313
60223,0.5320735107764503
60224,0.39192976258094836
60225,0.5343327351756718
60226,0.8231806663520569
60227,0.8465377827301501
60228,0.5123616203124288
60229,0.5021447620980121
60230,0.5967024910743246
60231,0.23960076042931006
60232,0.712927257947636
60233,0.6129816106873074
60234,0.4568501136430747
60235,0.3114208022542692
60236,0.7429084039424249
60237,0.23143047172488848
60238,0.7598069664593972
60239,0.4876766646259272
60240,0.23115223996259826
60241,0.7837430796307018
60242,0.35030331498880213
60243,0.5754517658195077
60244,0.14702018218557025
60245,0.2872803568992099
60247,0.49336358326282054
60248,0.4309483697897577
60249,0.8088896845887955
60250,0.7138841692602458
60251,0.6680378651561877
60252,0.24490425827145154
60253,0.4707487694502951
60254,0.5421379132492642
60255,0.7908751333429856
60256,0.6776681145823948
60257,0.6029225473360732
60258,0.7488978901212978
60259,0.7481583361418936
60260,0.23949573111007724
60261,0.4629815761754531
60262,0.7738324689260507
60263,0.8268559664847787
60264,0.7630152699752377
60265,0.5586047097006733
60267,0.3788516163071993
60268,0.3718683961169929
60269,0.34136430580687066
60270,0.8659476327109082
60271,0.24835863762440802
60272,0.316573707564856
60273,0.5954227837563294
60274,0.4633671344529064
60275,0.5283906395696027
60276,0.6256711446896586
60277,0.7159423988619905
60278,0.30077444458889496
60279,0.11059005774571778
60280,0.3348171724196529
60281,0.7561792260179256
60282,0.9291067603720576
60283,0.3227608796545924
60284,0.5456288926976695
60285,0.6087777645990313
60286,0.7344483852489495
60287,0.5790081183042056
60288,0.3450589371310902
60289,0.7284239175091112
60290,0.6676093102292892
60291,0.43358421948685966
60292,0.7382071330422921
60293,0.5557971896371786
60294,0.7244746225552486
60295,0.7057178798256325
60296,0.1792851383876613
60297,0.554155277927559
60298,0.3632229667297039
60299,0.33601531125506895
60301,0.5592398549872722
60302,0.6343773954157802
60303,0.4101945070670508
60304,0.5335618618434829
60305,0.2803993435148013
60306,0.16108526080218927
60307,0.728938385963992
60308,0.5977304989982111
60309,0.6698493904108852
60310,0.6668476284591814
60311,0.4015317837930368
60312,0.13988378482050795
60313,0.637178364162799
60314,0.4692849170025353
60315,0.5023896310051741
60316,0.6465510064597877
60317,0.7065641940808747
60318,0.5581430438806478
60319,0.6193531189522756
60320,0.10926589350332316
60321,0.6175472314184131
60322,0.4484088039250619
60323,0.5277202578389203
60324,0.25079988002451764
60325,0.5609031019017462
60326,0.4918809723504931
60327,0.6713542778072276
60328,0.6494082568068043
60329,0.7021395840802741
60330,0.6969209097706067
60331,0.578511559745182
60332,0.5537738222608142
60333,0.4811095567916443
60334,0.7806387195517925
60335,0.3059278150859317
60336,0.5280891702810369
60337,0.5845552425320273
60338,0.5545834031751966
60339,0.571798035989708
60340,0.8097612791417986
60341,0.8001619958857772
60342,0.774564267061978
60343,0.2854443137072442
60344,0.5511771343209333
60345,0.20903488551034993
60346,0.9331697107158166
60347,0.06885656869265307
60348,0.7629845648013813
60350,0.7696299125109441
60351,0.7477158137244944
60352,0.6032240193747584
60353,0.4074074289727438
60354,0.8456981922075677
60355,0.7377596224602669
60356,0.919670228727085
60357,0.5838417326574252
60358,0.12781990811986677
60359,0.5416244882107986
60360,0.6580320307234626
60361,0.567446217635076
60362,0.7845388055956072
60363,0.9177400495817315
60364,0.4733903482760318
60365,0.5455823010159345
60366,0.5455358649210462
60367,0.5277083702920344
60368,0.5716813044964003
60369,0.537649833483693
60370,0.5901091204012722
60371,0.21579493090341043
60372,0.5852315822858469
60373,0.6230601923744952
60374,0.6697472106651072
60375,0.4699714712202023
60376,0.608749164771659
60377,0.4066644380420938
60378,0.6582845763382147
60379,0.7517804621099627
60380,0.2725154932524512
60381,0.7974942328196823
60382,0.5534435950591715
60383,0.7171464615342008
60385,0.13607936512144184
60386,0.8370047548873343
60387,0.536130383323583
60388,0.3980107904969985
60389,0.5223093454774793
60390,0.514255672573743
60391,0.8839377045373582
60392,0.6029880023642294
60393,0.841145137669203
60394,0.6424253578686019
60395,0.6528698749070523
60396,0.6655159441319678
60397,0.4821886396060216
60398,0.8234972246961576
60399,0.39266601152432684
60400,0.5769460278896205
60401,0.6662754954095566
60402,0.5411770847268242
60403,0.6894405817864241
60404,0.7285810510947794
60405,0.46933805888778596
60406,0.6743879376452144
60407,0.21709296726989766
60408,0.6564720126993515
60409,0.7926487988189118
60410,0.5768869500432564
60411,0.6010298515098351
60412,0.4686274479212568
60413,0.6626921902802092
60414,0.8889130247330872
60415,0.6940614735411579
60416,0.6204860274868121
60418,0.6341218748816775
60420,0.6148356293491477
60421,0.7671697996913535
60422,0.7356281373477063
60423,0.5664289160510312
60424,0.5659224833069015
60425,0.6147682445958192
60426,0.7498285013213084
60427,0.5784979790354131
60428,0.689073654227935
60429,0.783081322704284
60430,0.28633210128487846
60431,0.5568994680286142
60432,0.8986724702615965
60433,0.7170202844761863
60434,0.7519127510693929
60435,0.2448537770818755
60436,0.3892055304117999
60437,0.7588759529273221
60438,0.17833350539457957
60439,0.7603201569839757
60440,0.6275465376196144
60441,0.48872313257417427
60442,0.5568218599970598
60443,0.8273487821452898
60444,0.16130597483845993
60445,0.22502574967489877
60446,0.4088350617922484
60447,0.4460650989992883
60448,0.4286244456366775
60449,0.6860451939611931
60450,0.7537398368660432
60451,0.5530006879770719
60452,0.7191203054039574
60454,0.642300340081677
60456,0.616281439624577
60457,0.5058968943820334
60458,0.7023601014459323
60459,0.7545884383380095
60460,0.6044024659607019
60461,0.724432347970547
60462,0.7280673477713591
60463,0.8783644276230541
60464,0.4005161028580712
60465,0.5302734578474187
60466,0.482383691841444
60468,0.3821914170929723
60469,0.7765797333070029
60470,0.5892013740392038
60471,0.6571885575920001
60472,0.8461633589672465
60473,0.5525076017248053
60474,0.7885633348610411
60476,0.23496334647958703
60477,0.49377036326853857
60478,0.12462915087101169
60479,0.29110606825153645
60480,0.5433617875570645
60481,0.4134176487059436
60482,0.909054289836871
60483,0.7156070081134824
60484,0.7082249352850021
60485,0.4043708138337613
60486,0.37663725321064495
60487,0.43360223040721585
60488,0.71894944693359
60489,0.22453301202836273
60490,0.6148544491576847
60491,0.27677488567823144
60492,0.6378266751820412
60493,0.6760473756654218
60494,0.9134399705513214
60495,0.59757972214326
60496,0.403537764463791
60497,0.5885892838003132
60498,0.5772368112966065
60499,0.7588743969794621
60500,0.732649866702436
60501,0.5224715974715175
60502,0.34498565161154526
60503,0.7854520256129486
60504,0.7008179317708728
60505,0.8533236978618566
60506,0.767604837873791
60507,0.4625528607651941
60508,0.6019131923510896
60509,0.682403879614506
60510,0.602982627874017
60511,0.8875230870750761
60512,0.5981303711540747
60513,0.8851778817459214
60514,0.4328042095504966
60515,0.5619165562431316
60516,0.23335777673229083
60517,0.6947195121345611
60518,0.43661897397250204
60519,0.509510375638132
60520,0.615166736198472
60521,0.30376749288724786
60522,0.3270470471872788
60523,0.6571464601813592
60524,0.6397147271672811
60525,0.5437781219214217
60526,0.5712493231806461
60527,0.567443138638347
60528,0.5913628691136259
60529,0.44232240334241635
60530,0.5434688663440929
60531,0.5204848458951312
60533,0.8705654035167232
60534,0.41910585301453845
60535,0.549281018857065
60536,0.5754081955704652
60537,0.6868940180004546
60538,0.7198348865050923
60539,0.7640058149348216
60540,0.553856242800385
60541,0.5358533950822988
60542,0.7591419296507784
60543,0.47818836095104866
60544,0.36389235729632374
60545,0.4050706199334462
60546,0.40115401142374973
60547,0.5999767219514469
60548,0.6180532586066454
60549,0.6491680325221666
60550,0.4519191911945598
60551,0.7535926580079102
60552,0.2730977102294238
60553,0.6009087718562205
60554,0.5401604040376448
60555,0.3798547059283392
60556,0.6384158027725481
60557,0.3235124046237527
60558,0.7101762070821784
60559,0.5168160115326659
60560,0.5667197781958748
60561,0.11486209592254705
60562,0.5679460432804257
60563,0.6337995308135529
60564,0.6833668757120526
60565,0.3579656715602053
60566,0.2882510455528764
60567,0.5092319745682036
60568,0.3119730554035434
60569,0.21609177622911677
60570,0.5635614138509712
60571,0.25055853391222366
60572,0.19388854260040495
60573,0.40706575648519877
60574,0.6787140451691441
60575,0.8720863865484345
60576,0.5706128651554925
60577,0.2849558240652472
60578,0.4612846002517721
60579,0.31513815841075576
60581,0.3134024863056534
60582,0.5339602135340159
60583,0.6317852699140382
60584,0.937054921237682
60585,0.6512048485196389
60586,0.7590464067632693
60587,0.5891310509639367
60588,0.2731484321800858
60589,0.9563767684212238
60590,0.6753423424072683
60591,0.6166874343158033
60592,0.19750946323089855
60593,0.30558395593594484
60594,0.1457216417747446
60595,0.16371528318015738
60596,0.13125286023041213
60597,0.49736389959094596
60598,0.6475846492262745
60599,0.47141668216854765
60600,0.44879838501173686
60601,0.8258576528487365
60602,0.2706085533814767
60603,0.5644694159580623
60604,0.5420540150955506
60605,0.6176422884476879
60608,0.3074393279999863
60609,0.5719260783353688
60610,0.5077279516175472
60611,0.20388759816163707
60612,0.8564572146570644
60613,0.5832301951399302
60614,0.5031118023811119
60615,0.3875917425103829
60616,0.2893080244562085
60617,0.8008572586588625
60618,0.4019486977685579
60619,0.6558983734491147
60620,0.6683782918128385
60621,0.7990467407546179
60622,0.8638831173988841
60623,0.23872561272814083
60624,0.15632651632460087
60625,0.8672202249441172
60626,0.2474241048270398
60627,0.3993810509057716
60628,0.7881397085630303
60629,0.27556866697496096
60630,0.628799364241048
60631,0.8440749489886563
60632,0.835444652340958
60633,0.6961985246222044
60634,0.49579948219707004
60635,0.9371502388652617
60636,0.5772368897007519
60637,0.16356901004390417
60638,0.6885259213978709
60639,0.7410787155488725
60640,0.5969234430326847
60641,0.264374669408518
60642,0.2953506829565817
60643,0.6150123378787691
60644,0.5947363535963099
60645,0.6033247435888208
60646,0.7278576754222973
60647,0.19798428947612998
60648,0.35004179831445675
60650,0.48438812585414476
60651,0.8155043382907208
60652,0.6328889556688366
60653,0.20242749532647297
60654,0.7288632874038331
60655,0.4942638290327554
60656,0.5187567237596715
60657,0.884411334046341
60658,0.081125186063386
60659,0.6007256301149665
60660,0.57848708127099
60661,0.09002937228513165
60662,0.540765792527324
60663,0.6322004503087253
60664,0.43084088601782256
60665,0.5972470567911253
60666,0.8646088296769642
60667,0.48622065558274674
60668,0.6836711291112098
60669,0.6546486453809225
60670,0.8323173513287719
60671,0.5648703274922567
60672,0.08319224424097967
60673,0.41964539679058654
60674,0.2397851099983743
60675,0.7547085141060077
60676,0.6956982341649298
60677,0.4911279403576982
60678,0.6440313314038525
60679,0.14707736819021905
60680,0.5430766421316644
60681,0.5423713060976585
60682,0.6634301902855473
60683,0.18987306991886516
60684,0.8423839335817416
60685,0.7196995310329644
60686,0.940167355580825
60687,0.18279107280182155
60688,0.6261515056876954
60689,0.6486988341774148
60691,0.1288291483691008
60692,0.2664403909186296
60693,0.5485596319895999
60695,0.878948168011587
60697,0.3727585569498105
60698,0.6450960966210174
60699,0.257531674142731
60700,0.76320260967006
60701,0.3680000242012477
60702,0.7241054000628837
60703,0.6999441664670506
60800,0.0
60870,0.0
61001,0.6651324340677423
61002,0.2824429984595663
61005,0.12548231446196856
61006,0.6473188432676654
61007,0.569135286062305
61008,0.44346284344900316
61010,0.09417801639343305
61011,0.6956257010126737
61012,0.3252018589326054
61013,0.12046710168443348
61014,0.46069816295735966
61015,0.11611567054889967
61017,0.03967617552809784
61018,0.15265956462523259
61020,0.5013309131026246
61021,0.2896280148059615
61023,0.5795217071484009
61024,0.5993457834646365
61026,0.15412562837835417
61028,0.5684760594918284
61029,0.07990322618531642
61030,0.6720806204073826
61032,0.3977949035831637
61034,0.17513301033100567
61035,0.2267733780504151
61036,0.305734775040584
61037,0.0954887010377501
61038,0.11397420693208479
61039,0.462499998693616
61040,0.6299081131282043
61041,0.3254338281440554
61043,0.05458182814727507
61044,0.5965526681202385
61046,0.060231857556857775
61048,0.07009958197685498
61049,0.3717635442218439
61050,0.05854688328433856
61051,0.1103878026100374
61052,0.2604118787688697
61053,0.2178810059509647
61054,0.13648282708583115
61055,0.4505268164216436
61056,0.28582883895633115
61060,0.38239428167820716
61061,0.07583100849634139
61062,0.5218955323201554
61063,0.3987303246736811
61064,0.02884497431663687
61066,0.05595024015161341
61067,0.04699573521497494
61068,0.2555481665100676
61069,0.7342075548635634
61070,0.5615379432335187
61071,0.18197110666908434
61072,0.19868276875111965
61074,0.23482706908887663
61075,0.1674358058944686
61076,0.4750330569487572
61077,0.5538370557330531
61078,0.6053000411710099
61079,0.16857884398802986
61080,0.2325221679722012
61081,0.029857158760857143
61082,0.16213453339061476
61084,0.5443311080524611
61085,0.3158912880442964
61086,0.23545079381902093
61087,0.05636735709181896
61088,0.04110414278361069
61089,0.1486481080693906
61091,0.41910279089593433
61092,0.2827071302879946
61093,0.6373139476818698
61094,0.7676003766877143
61095,0.7157313011077814
61096,0.25941502673754097
61097,0.05205286645918837
61098,0.21696035907185138
61099,0.11286005472059159
61100,0.39462331860656
61101,0.2475211941243532
61102,0.6737900921380227
61103,0.10222852957097259
61104,0.17278156578331977
61105,0.1345965037260767
61107,0.17967552049111285
61108,0.0670339215865634
61111,0.4032041142301574
61113,0.0613994270029051
61114,0.5351787405625708
61116,0.05433795643426037
61117,0.494266552345454
61118,0.056906530846181934
61120,0.3720749149406174
61121,0.07155327319200934
61122,0.04579208925961573
61123,0.6191519044246002
61124,0.4482501162822852
61126,0.055281266254102346
61129,0.05835777974262618
61130,0.11110351152763026
61133,0.07927473811913831
61137,0.3496822554091551
61138,0.04310013720608368
61139,0.28979495975782
61140,0.28315823863070066
61141,0.34218084618805605
61142,0.10878254923393221
61143,0.5243819261232519
61145,0.6753508713082119
61146,0.5315945025718177
61148,0.5590291177219205
61149,0.7448981952586612
61150,0.18073501270009207
61151,0.4256530570571695
61152,0.5428750798705728
61153,0.5146268541173326
61156,0.24467397602912122
61158,0.5732076490881539
61159,0.0877053118121267
61160,0.04605225842840328
61162,0.25452002042002236
61163,0.5066228253273741
61164,0.5490479327329764
61165,0.3572196381764968
61166,0.05523639808947905
61167,0.25505062180313526
61168,0.7665703091021492
61169,0.8537134385355338
61170,0.5669477031910575
61171,0.6425731544480952
61173,0.0
61176,0.46085857023622917
61178,0.08496000414771862
61180,0.13649629192192989
61181,0.06105325134981886
61182,0.22759462294492522
61183,0.03554470147032218
61187,0.2222222222222222
61188,0.03801215891170238
61189,0.5582016552210728
61190,0.16643421208122455
61192,0.027822243476901154
61193,0.2766663216431889
61194,0.5947671951097172
61195,0.2212354323116769
61196,0.10909222572459956
61197,0.609931514034945
61198,0.18756489639062116
61199,0.5136109965945533
61202,0.29906378271379624
61203,0.5595660625199806
61206,0.09479545055690224
61207,0.15419367701710887
61208,0.20995330146788718
61209,0.13072058991937363
61210,0.49557054373779147
61211,0.2465700398226739
61212,0.5738199683793238
61213,0.20858308576814835
61214,0.7368529172410506
61215,0.04554557057385834
61216,0.35290223844277846
61217,0.51144142715661
61218,0.7429210374317717
61219,0.7294668231307576
61221,0.6495991593268898
61222,0.6701966701490032
61224,0.3799650515805512
61225,0.04037266584547168
61227,0.384999580765104
61228,0.30938752017161836
61229,0.07021965242871284
61230,0.047051039657387064
61232,0.5337770762304818
61233,0.29775021266168183
61234,0.4444054953057592
61237,0.5109427688926552
61238,0.6760054728284055
61240,0.23465715780768362
61241,0.09504913367493721
61242,0.042927612677055985
61243,0.2878124929966438
61244,0.21921392527943218
61248,0.1604622222220898
61251,0.14376660691366344
61252,0.07629197816069448
61255,0.06135291023261209
61256,0.27914122558596927
61257,0.1675594288663994
61258,0.1292626971636844
61259,0.33767932864676875
61260,0.41121318740925294
61261,0.23462688243455354
61262,0.5674563326082321
61263,0.30461132422995224
61264,0.03635278008747219
61265,0.6095584310810286
61266,0.25555889239656115
61267,0.5511694450672749
61268,0.06427942710527611
61269,0.7125296027964451
61271,0.4904209864040392
61272,0.04022620419702976
61273,0.5741357198713922
61274,0.07314417187714836
61275,0.03500158885274457
61276,0.5740730612120687
61277,0.05659238841636499
61278,0.7762923160778143
61279,0.4182645061762763
61281,0.5179773251801256
61283,0.5175730940166909
61284,0.05100869238672448
61286,0.10957787845563223
61287,0.5829568304566811
61288,0.3523887281153401
61289,0.3264769614747212
61290,0.5543919922260802
61291,0.6829914814785355
61292,0.5702304640459898
61293,0.1060910198986805
61294,0.28707447231008504
61295,0.15972464854588206
61297,0.2012539929879902
61298,0.5940444704629154
61300,0.05987742649658972
61301,0.2275236355126035
61302,0.5293559861062458
61303,0.4541920069321993
61304,0.2583836157320729
61307,0.08934551864549667
61308,0.5090754052474882
61309,0.04076806857885972
61310,0.14387213678955993
61311,0.0
61314,0.5625742673841807
61316,0.6100058878642689
61317,0.04543510312689073
61319,0.177788467174568
61321,0.33510194377444746
61322,0.09270802689377679
61323,0.09997792985480365
61324,0.13603326668206148
61326,0.38786097114455503
61327,0.07663488666513389
61328,0.3568035699961259
61329,0.08449597463786568
61330,0.07442963367504453
61331,0.05313336591482252
61332,0.37173744604999626
61333,0.1740959183871084
61336,0.3131029558860473
61339,0.5937034466754667
61341,0.3752126374272128
61342,0.5577563656318157
61344,0.5526972806071546
61345,0.05034761261194519
61346,0.3188292478181179
61347,0.06550224002708967
61348,0.07197327291576781
61349,0.49097415119284216
61350,0.26492627422102855
61351,0.13603633706476612
61352,0.4435667392471903
61357,0.3143430506486176
61358,0.565850860339241
61360,0.05683220299505368
61361,0.5138594033039147
61362,0.6434207335464036
61363,0.18661641877619561
61365,0.11373960141147363
61366,0.10596800765408583
61367,0.05944549681829898
61369,0.5475650132024982
61370,0.31139765679774756
61371,0.5194954856587053
61372,0.3943404318261969
61373,0.06229391684961726
61374,0.5551729581862365
61375,0.5237778291411869
61376,0.679511592479198
61379,0.0630137305177576
61381,0.08421975439346509
61382,0.2720702108771055
61384,0.2433697542705613
61385,0.06768410102818576
61386,0.2243398164799358
61387,0.16274373161176195
61388,0.14795454188806295
61389,0.25339334023009374
61390,0.4115982253592765
61391,0.7350002196825726
61392,0.1028423676519873
61393,0.038046924665574945
61394,0.3286884362366436
61395,0.05707226093621027
61396,0.06638601592325101
61397,0.6484516924509449
61398,0.04742944136785338
61399,0.2630266652366471
61400,0.2337062799208562
61401,0.3969188327232261
61402,0.5178057815387921
61404,0.08804472381791587
61405,0.051383887970873295
61406,0.3937274899685587
61407,0.6142580528699976
61408,0.635396865676065
61411,0.08290862842753242
61412,0.1140502431331764
61413,0.5079194405920877
61414,0.12035060243333934
61415,0.2792500987681443
61416,0.028387906442534205
61418,0.05324109701679314
61419,0.28711143465249583
61420,0.4970702065526806
61421,0.220155443977137
61422,0.2545184189693054
61423,0.562565169254971
61424,0.08170577662221526
61425,0.171069593714179
61426,0.11731948831870861
61427,0.3231371476103855
61429,0.12756923382706814
61432,0.5568773953271264
61433,0.3661513246098561
61435,0.5960302216051128
61436,0.47190749700630397
61438,0.060755910248456765
61439,0.1519196258128934
61440,0.5268872942466948
61442,0.1472052073424131
61443,0.6806814188671796
61444,0.6490881719120005
61445,0.5610011318846168
61446,0.2746066065219984
61447,0.5918220986361619
61448,0.056629708865740626
61450,0.06038707693949617
61451,0.5685936858942248
61452,0.2036888715343474
61453,0.2867800339038794
61454,0.04920448067833043
61456,0.649471353501388
61457,0.5565920626896441
61459,0.5960744186935204
61460,0.10658740416117586
61461,0.12804283713286801
61462,0.7387426057419257
61463,0.41213531381648877
61464,0.2358770522566957
61466,0.8472859030166343
61467,0.418457646725611
61472,0.5192997263843355
61473,0.5042084635325156
61474,0.43544544015126635
61475,0.16737886010387765
61476,0.17250061357586793
61479,0.5639357690368245
61480,0.46742104114827365
61481,0.0551802724788488
61482,0.27679487154424287
61483,0.48009695518621714
61484,0.20549922061287346
61485,0.154129659468551
61486,0.6372276582086488
61487,0.2586372095700629
61488,0.16631562836044514
61490,0.48339590720585285
61491,0.1215397040963616
61492,0.1377926732431486
61493,0.08492200934020223
61494,0.6643670997687803
61497,0.5148906210778228
61498,0.10814503294285613
61499,0.25318593990177357
61500,0.11898712619127055
61501,0.053964366842099175
61502,0.12947340570707655
61503,0.4953006347494074
61505,0.46761343768922226
61507,0.06126910981447595
61508,0.36279007843404887
61510,0.29493420589657954
61512,0.49920143653422816
62000,0.0
62001,0.8332856147799331
62002,0.7140323855669288
62003,0.8993630883297519
62004,0.9103591842119028
62005,0.6308600579489391
62006,0.6475154672678989
62007,0.7937784705068558
62008,0.831183333325063
62009,0.6571254465872558
62010,0.8229068927913352
62011,0.7321801246262389
62012,0.8203149335108308
62013,0.8488789426608357
62014,0.7582390023590928
62015,0.45213437214615426
62016,0.4507992289445787
62017,0.20528829549417021
62018,0.48005612914754714
62019,0.9730952577292546
62020,0.6429812481405252
62021,0.4903396384899266
62022,0.6582843984957334
62023,0.635854689379354
62024,0.3978647245985766
62025,0.7160465916314303
62026,0.43508173597165234
62027,0.35884335791570154
62028,0.6536374783804415
62029,0.614302458045742
62030,0.0896239370640209
62031,0.6972023127358179
62032,0.8548568179829582
62033,0.9145316047357265
62034,0.8197470246780318
62035,0.8246334107025988
62036,0.4454005723019163
62037,0.8299268843791848
62038,0.5391899004755615
62039,0.8871434784298297
62040,0.8861149095303966
62041,0.9944245210739155
62042,0.8428500503801983
62043,0.9305402674847636
62044,0.4540701116413758
62045,0.8138260551724336
62046,0.40461210515945306
62047,0.37218048216152705
62048,0.7571706672404958
62049,0.5709804800775131
62050,0.8840762479066688
62051,0.9534272839034745
62052,0.7237564459682748
62053,0.7545199432241504
62054,0.7159109247086574
62055,0.334620363499218
62056,0.7190289675118009
62057,0.659323065461065
62058,0.669158343599342
62059,0.5878340010553846
62060,0.604772242915092
62061,0.541581238446919
62062,0.20958317983927266
62063,0.5471950914304614
62064,0.5590470755029038
62065,0.859518536028044
62066,0.7134602137016213
62067,0.6255209746810542
62068,0.6928874166551148
62069,0.8026379084283662
62070,0.6038591644480379
62071,0.6086144940667871
62072,0.5706813396416566
62073,0.833094637912028
62074,0.5575557451896952
62075,0.8108436100344172
62076,0.4474647504538864
62077,0.676114007691361
62078,0.6415424641148948
62079,0.5409710478194715
62080,0.6997643907178689
62081,0.7335605245575073
62082,0.3528559357740724
62083,0.8064935387565316
62084,0.4847854074737094
62085,0.5530614161461559
62086,0.4548794642402273
62087,0.5304816466260264
62088,0.8209929737118751
62089,0.7432706633409563
62090,0.48035621443150656
62091,0.15678241808132742
62092,0.4176771704407054
62093,0.37198409329445103
62094,0.45905830755980304
62095,0.4515152197897816
62096,0.45919055139229026
62097,0.5825890727600005
62099,0.9856139989311204
62100,0.31212551969670055
62101,0.49420540737750007
62102,0.5203502942006403
62103,0.6103289282043335
62104,0.6472644915275952
62105,0.6535654728067897
62106,0.8715706410191996
62107,0.9349049688216127
62108,0.7226155906151773
62109,0.4387946151913369
62111,0.18847762730272047
62112,0.561287135356144
62113,0.7489732370826346
62114,0.42178108098928857
62115,0.6611267811128202
62116,0.5576541910575873
62117,0.4194710987659363
62118,0.7995288038708279
62119,0.8394445071567246
62120,0.7002843435646705
62121,0.5965854157818756
62122,0.5126368759223465
62123,0.5768359130670275
62124,0.49286991379831446
62125,0.7331210162525695
62126,0.809659186306543
62127,0.6847672489153599
62128,0.8448035749685289
62129,0.5985595969328367
62130,0.5656518205188996
62131,0.6085776737740414
62132,0.9655710629835355
62133,0.9129046186315638
62134,0.2313376856424849
62135,0.6789799331496822
62137,0.3732065003273135
62138,0.4061986303343201
62139,0.8630963459616592
62140,0.14375159917065636
62141,0.5915960998042027
62142,0.4918266087251277
62143,0.2887654003358567
62144,0.6924395691212655
62145,0.8327752428500176
62146,0.7361437440240681
62147,0.7204174833056128
62148,0.8979681669687326
62149,0.5309215090202791
62150,0.4301158885813919
62151,0.7307908938240621
62152,0.7167565026213896
62153,0.631557205977764
62154,0.17395977106156674
62155,0.529405550541857
62156,0.761769295756099
62157,0.3206580095336883
62158,0.32103638786277533
62160,0.9432873939040812
62161,0.7137728415746222
62162,0.6862464503863756
62163,0.2304699428605454
62164,0.557689456037585
62165,0.6029218061002146
62166,0.6822596703982905
62167,0.6933806330257268
62168,0.1610747526817873
62169,0.8197001156079546
62170,0.8037376205421781
62171,0.5161098701408426
62172,0.6441900121632304
62173,0.9210816578696593
62174,0.6090301321171134
62175,0.6489108072096683
62176,0.5194106039978239
62177,0.478548488370224
62178,0.8042963454954588
62179,0.47916360720840445
62180,0.6455746288485462
62181,0.6544561270219478
62182,0.375948168628361
62183,0.3444355340948624
62184,0.7092024586137121
62185,0.6496353817731539
62186,0.9749806961147445
62187,0.3843995316404031
62188,0.6792886933035368
62189,0.3554097973659346
62190,0.6582458678475246
62191,0.7582172931546854
62192,0.7222668157412225
62193,0.8736355914735886
62194,0.7268592044822457
62195,0.820461299951429
62196,0.4196694991737487
62197,0.7030987239034783
62198,0.8223722447473424
62199,0.8180734166469897
62200,0.8483897203050923
62201,0.708889245611238
62202,0.19288047680585554
62203,0.7188058284291209
62204,0.2956383542414671
62205,0.8531527153294192
62206,0.3978475727632358
62207,0.41549894287433337
62208,0.2136899881659132
62209,0.464922879244158
62211,0.8052262690622609
62212,0.4963929812686519
62213,0.8254530428026166
62214,0.7507302901340235
62215,0.9520331999618858
62216,0.48494377843276704
62217,0.7179179670413818
62218,0.814177387663708
62219,0.29341046778694674
62220,0.5060785706281037
62221,0.6623605083140564
62222,0.3771500429528829
62223,0.7341828914265616
62224,0.6995659117907481
62225,0.8652352681833778
62226,0.0
62227,0.4106957118815406
62228,0.6198665171925418
62229,0.6048309475320188
62230,0.6171457556397083
62231,0.23706972322391248
62232,0.6825180991051697
62233,0.3113227874151224
62234,0.3574232946395976
62235,0.7629329738839099
62236,0.3731938391305424
62237,0.7544689261025901
62238,0.5548461333567601
62239,0.9335430800069658
62240,0.9938410172631145
62241,0.6683892958541128
62242,0.12153707475167111
62243,0.15473179251166694
62244,0.7671158271939885
62245,0.4035422955926191
62246,0.734290110547244
62247,0.655686693462445
62248,0.6522793020361073
62249,0.9399392563943297
62250,0.9419210247240974
62251,0.6494238094432543
62252,0.8532968359469543
62253,0.141871286155856
62254,0.6426647467854132
62255,0.6702517750305979
62256,0.44756250802147296
62257,0.6347032340763432
62258,0.47271045505603215
62259,0.6056685484604436
62260,0.5365388988665337
62261,0.8315241703145324
62262,0.8713668412870517
62263,0.7743310163734011
62264,0.7133307853555393
62265,0.6372771076684278
62266,0.22978992017325905
62267,0.6068010557644222
62268,0.6668472609166398
62269,0.7073918938477258
62270,0.7387786868411526
62271,0.6154354110868993
62272,0.6669594358385256
62273,0.703020137610162
62274,0.9306731385835528
62275,0.19419005600717335
62276,0.9468157649499236
62277,0.9180301657718795
62278,0.7773292340606839
62279,0.7570773726908571
62280,0.7672902463731187
62281,0.8028488786748915
62282,0.4644759256730124
62283,0.40089151302539416
62284,0.8286256622319154
62285,0.6229629374531582
62286,0.7004212996186622
62288,0.7657940761246756
62289,0.43545179657458893
62290,0.827389868020114
62291,0.8737793953476982
62292,0.8858555958178086
62293,0.29702292068778074
62295,0.6181608328465835
62296,0.5816253496471381
62297,0.6271860543020751
62298,0.7562066872224953
62299,0.4635199657761769
62300,0.8994325608237637
62301,0.42999404558009435
62302,0.18044244564025108
62303,0.44161928097426484
62304,0.640577495884105
62306,0.6170048486685717
62307,0.684201999586086
62308,0.34446157200028477
62309,0.6398870184861237
62310,0.808316113100624
62311,0.9459052631818347
62312,0.4654590228965799
62313,0.5636249013330619
62314,0.827808957218444
62315,0.5147901176553805
62316,0.18001916799444947
62317,0.7901779974877643
62318,0.6748815401534456
62319,0.785485468093754
62320,0.7561079839981605
62321,0.9420691306842508
62322,0.10263407317214059
62323,0.8168578153448495
62324,0.8633761379062634
62325,0.8317415726704396
62326,0.6158266806027994
62327,0.45618454111621815
62328,0.7024126448851781
62329,0.727128411833437
62330,0.8944938905844646
62331,0.8321374227317853
62332,0.7572778008615205
62333,0.5015515249185182
62334,0.7677756057868526
62335,0.4145626409064296
62336,0.5225821361945376
62337,0.3836327464745104
62338,0.9328724513209465
62339,0.48774439642804557
62340,0.7036190166977336
62341,0.57704554659482
62342,0.4276885695433029
62343,0.6619310395356791
62344,0.49254571086635723
62345,0.3606159418836701
62346,0.26455586089695055
62347,0.5360686777607883
62348,0.488692590851909
62349,0.8329873368332219
62350,0.8487604963165595
62351,0.9068499988574537
62352,0.38737405930499186
62353,0.5029356092690872
62354,0.6250683012930577
62355,0.8477197840680467
62356,0.8117790071251516
62357,0.5808387706343329
62358,0.8857666409727534
62359,0.7547821567101092
62360,0.8442360474636619
62361,0.368005008223993
62362,0.7254386385573715
62363,0.8028100306503727
62364,0.8566195026489479
62365,0.49664389200875825
62366,0.8053895442900811
62367,0.6001667719228199
62368,0.1092745098497048
62369,0.833152072522727
62370,0.2637751201757956
62371,0.855676655300741
62372,0.5325304333951602
62373,0.944266805891975
62374,0.6233893014353789
62375,0.5959344322680757
62376,0.7107046296656331
62377,0.8433485121181781
62378,0.7112693644293052
62379,0.5826479886380516
62380,0.8082396872713575
62381,0.354480177942796
62382,0.23725819735473874
62383,0.9048395509713201
62384,0.5267612948981233
62385,0.22488667537217183
62386,0.9796729210084197
62387,0.45029624467231183
62388,0.7299912293569372
62389,0.11001087531252726
62390,0.5934720033873983
62391,0.6944911238716885
62392,0.8052661591243847
62393,0.6096260358832551
62395,0.3954645956029126
62396,0.43727789149206525
62397,0.7768326396690866
62398,0.6060529193563254
62399,0.7202064401646424
62400,0.8312396866211604
62401,0.9480423778987247
62402,0.6849452909463224
62403,0.6362871130260146
62404,0.09478931707950167
62405,0.8590131071925043
62406,0.6462029268245676
62407,0.7122326539830028
62408,0.7494387736321654
62409,0.6098870175804604
62410,0.4308693884183621
62411,0.41775687523874494
62412,0.7410676027128676
62413,0.9153637857080764
62414,0.7892703115062207
62415,0.7640882790215119
62416,0.4338861677539072
62418,0.5924297869020947
62419,0.17380843402934348
62421,0.5184783944117957
62422,0.39740078590439604
62423,0.7199675731825056
62424,0.7315621655235663
62425,0.699983379896219
62426,0.6923897624719975
62427,0.9590982253913927
62428,0.6693105383645567
62429,0.5541787853140672
62430,0.09010887693364614
62432,0.5192996578494121
62433,0.40799019276110493
62434,0.40746368305732383
62435,0.4799502513017162
62436,0.6538428071814673
62437,0.235518968383927
62438,0.7611979562435002
62439,0.69412683335737
62440,0.4318847092871283
62441,0.7489784508974974
62442,0.5094885290225972
62443,0.8233807287818765
62444,0.6922453054826077
62445,0.8527299083866791
62446,0.7630210940680879
62447,0.8571937506323251
62448,0.7843883299394206
62449,0.31192010219040894
62450,0.5240937969483338
62451,0.41227383332246725
62452,0.8064353903289784
62453,0.42265357862462216
62454,0.8168226869883631
62455,0.4522700332527675
62456,0.7956301671903538
62457,0.7436973841442992
62458,0.6527838235775538
62459,0.23098963841550726
62460,0.691302638486473
62461,0.6508399457928018
62462,0.5678656166974178
62463,0.2312693807326481
62464,0.9373515382127562
62465,0.43043086955210347
62466,0.30652038484013516
62467,0.4051596715049707
62468,0.45893791284274843
62469,0.6054877717800771
62470,0.52686024057205
62471,0.6351020608872423
62472,0.5560527452856528
62473,0.7759701472909206
62474,0.7849659105137589
62475,0.15008924813368618
62476,0.8646708287123208
62477,0.6573949741335833
62478,0.4483467489753719
62479,0.7708218547490193
62480,0.7940940765917619
62481,0.24061118285937935
62483,0.7421704751946956
62484,0.6346553759686974
62485,0.4187753033428847
62486,0.7192370466670057
62487,0.7165283277501047
62488,0.6129506822306193
62489,0.6754860749614893
62490,0.6756280191315911
62491,0.9477991221930098
62492,0.364783935902121
62493,0.5079827567898064
62494,0.34263904707549214
62495,0.15689414784943265
62496,0.5892704393678709
62497,0.9508953525213023
62498,0.8914044283576981
62499,0.3210882955537711
62500,0.667871928313536
62501,0.39127107498876057
62502,0.8638671517958796
62503,0.6841117040775556
62504,0.7019190958299227
62505,0.7466246341927435
62506,0.6843323263035419
62507,0.18831916508312954
62508,0.6308640627219633
62509,0.5610610840721972
62510,0.9196826154116314
62511,0.29488009019358835
62512,0.5362675234859432
62513,0.31694875488094176
62514,0.6027693736361799
62515,0.41884639337110724
62516,0.6962770692370701
62517,0.6221739656625555
62518,0.42838708816323434
62519,0.442484858531617
62520,0.832884316868753
62521,0.8715047573878801
62522,0.2760788708032197
62523,0.8995423966439876
62524,0.7027578861423845
62525,0.8945655179937988
62526,0.47293654294879967
62527,0.5524717809893817
62528,0.8806368415603506
62529,0.9481617470178937
62530,0.42981310314982335
62531,0.605972037583394
62532,0.6766403497504431
62533,0.35393440566339607
62534,0.9188608369914391
62535,0.43335519839483977
62536,0.6629776695199509
62537,0.249871410206524
62538,0.2630836343423016
62539,0.5189742654228333
62540,0.8010359685672059
62541,0.4186814971220581
62542,0.3303603449155097
62543,0.6452248840922306
62544,0.5515582929572214
62545,0.21551899838845234
62546,0.7620784296617638
62547,0.5008635835478006
62548,0.8519631182797327
62549,0.9359066006589616
62550,0.6966009634693736
62551,0.3883865700193719
62552,0.30279210408376356
62553,0.6958379325985026
62554,0.5436684716483823
62555,0.6836203753460467
62556,0.4876928150734512
62557,0.7762807920291158
62558,0.5988842351021487
62559,0.646085521069963
62560,0.7796403640500766
62561,0.585444970256647
62562,0.3727870481691973
62563,0.8431077736660078
62564,0.7054765251201977
62565,0.3716389858917057
62566,0.59976375424129
62567,0.49949135626346214
62568,0.9711642586429513
62569,0.8716826617744549
62570,0.8929655413411387
62571,0.6224548619418945
62572,0.4391244500273941
62573,0.9761790002409942
62574,0.8249969720251835
62576,0.2970829214763666
62577,0.35598504707301293
62578,0.5670034585048187
62579,0.5979919796007622
62580,0.6584659011610068
62581,0.4737785362568291
62582,0.8056323950217352
62583,0.10627743985508445
62584,0.7851178055585815
62585,0.5348410216350316
62586,0.6924784394514301
62587,0.912601249242784
62588,0.44336059738155914
62589,0.7884168592069725
62590,0.3390441118365414
62591,0.5538583322529115
62592,0.5384911924571405
62593,0.4840042725161074
62594,0.6124382181108784
62595,0.6678286230789633
62596,0.3381262217216546
62597,0.6737316036891561
62598,0.5639096757784142
62599,0.48941209559247956
62600,0.554042089788362
62601,0.5316692626695183
62602,0.22306273186847608
62603,0.6867940342368469
62604,0.7234165600886745
62605,0.5086208053129718
62606,0.9488745243608191
62607,0.4229336408319172
62608,0.3774133986594913
62609,0.8328415338691885
62610,0.45581064404767097
62611,0.8057628594524223
62612,0.8618632649669269
62613,0.8045788617211962
62614,0.5825797987359989
62615,0.811620729238503
62616,0.2861954779732639
62617,0.8012742722109827
62618,0.5441177543188006
62619,0.6341210265286726
62620,0.6901492680300643
62621,0.5900490960568608
62622,0.5056959306128247
62623,0.6030368155822986
62624,0.950967631508772
62625,0.5149230259115005
62626,0.8479597164987206
62627,0.8815719700229006
62628,0.8965817459434353
62629,0.69288686840859
62630,0.6239235197564563
62631,0.35495651688360386
62632,0.795317353432839
62633,0.4737121603969604
62634,0.5407134001922587
62635,0.32413593935444857
62636,0.7675959572639924
62637,0.9500918101387672
62638,0.7819594793481065
62639,0.853988798220627
62640,0.0848033312253141
62641,0.6495496149202862
62642,0.6818331877821907
62643,0.9118339615190093
62644,0.6255837662537008
62645,0.6788645422660857
62646,0.8546689529275661
62647,0.9342367438155993
62648,0.7524230024157947
62649,0.09253001507837039
62650,0.8165689100645022
62651,0.5593784931426811
62652,0.6763383205380749
62653,0.8562993858325185
62654,0.7805228760551485
62655,0.46817220606963994
62656,0.6158165220942133
62657,0.751775097201485
62658,0.8037497078894879
62659,0.728989674953578
62660,0.8245024322078617
62661,0.5172908986813453
62662,0.6443890771039515
62663,0.09491198618744155
62664,0.5222709522425717
62665,0.264131807913851
62666,0.9690149539555686
62667,0.9613045606910638
62668,0.4317567932394931
62669,0.6523091792144454
62670,0.4405280665470651
62671,0.5878424785697448
62672,0.43998350976326894
62673,0.6734643944479781
62674,0.6043493180225946
62675,0.8330703128254595
62676,0.614219453174723
62677,0.5201154432980362
62678,0.3572553897627626
62679,0.7612643982371458
62680,0.8948408711803041
62681,0.7795921934145342
62682,0.29906117334763366
62683,0.43870989095446405
62684,0.7904554197302637
62685,0.731179487480539
62686,0.6561064593057692
62688,0.6058472722862824
62689,0.6131062694195116
62690,0.23491297231789335
62691,0.7126576351385515
62692,0.2462280823538544
62693,0.7399743904990019
62694,0.20648074565195676
62695,0.17559382405026244
62696,0.583388113650809
62697,0.7899473950533658
62698,0.5376917158935107
62699,0.6222060073430948
62700,0.35414833343377916
62701,0.6227101334658267
62702,0.6137333580427295
62703,0.8164601749716937
62704,0.6402567933451788
62705,0.7644314839104597
62706,0.9429097054970039
62708,0.4902233988824373
62709,0.7044889236141926
62710,0.28190500855614703
62711,0.7744500159819041
62712,0.6376199478016428
62713,0.7001434661463144
62714,0.8282059317552165
62715,0.45744884914736517
62716,0.650314225430449
62717,0.6532311534272711
62718,0.8072993237579117
62719,0.5183784603513515
62720,0.6670071572533068
62721,0.7277129280872822
62722,0.36019587765466554
62723,0.2768127073025819
62724,0.9172239149624024
62725,0.34242676431882835
62726,0.7459121668552564
62727,0.8109470974207343
62728,0.7836203373115492
62729,0.5787060272007037
62730,0.695766096402878
62731,0.3733265183826068
62732,0.5909180770893371
62733,0.22273951614944162
62734,0.8305640609608258
62735,0.8054246885513379
62736,0.8851953863505833
62737,0.7954874920740473
62738,0.691158270825977
62739,0.5700331010685378
62740,0.5542074662615692
62741,0.32863705822726164
62742,0.4470969099922021
62743,0.8146520828849272
62744,0.9799909973199462
62745,0.2790958281097544
62746,0.9620377855378728
62747,0.7881970278507099
62748,0.6535864495500304
62749,0.6630829723627206
62750,0.6553186946474501
62751,0.6557747744801328
62752,0.5318182729871594
62753,0.8704247804875767
62754,0.6127701555559683
62755,0.9661534323251133
62756,0.6851247044295189
62757,0.8219695725275046
62758,0.8827315220350789
62759,0.5307126472486458
62760,0.9041364702703598
62761,0.6869197226120679
62762,0.2841223450431528
62763,0.6819738954161252
62764,0.9834910963121237
62765,0.8687318146538471
62766,0.6400004325117551
62767,0.7613498247409337
62768,0.26670342758140114
62769,0.7750590193533252
62770,0.7175041316696583
62771,0.8879524518077376
62772,0.8228451111377879
62773,0.749587120071943
62774,0.8152979025865197
62775,0.616219943105662
62776,0.6169184176398441
62777,0.3779849674701067
62778,0.2469907937331413
62779,0.09064972867680174
62780,0.7537335718549961
62781,0.7078601022798591
62782,0.7855274906275573
62783,0.2404880101910612
62784,0.2907890021833038
62785,0.8283260678382052
62786,0.5032169946034248
62787,0.4086331336556348
62788,0.8063209770868964
62789,0.23209570222654952
62790,0.3507978679066342
62791,0.29789722422339693
62792,0.7544577408822226
62793,0.8120412567508773
62794,0.6794221132539345
62795,0.2924101644845656
62796,0.5892763653580038
62797,0.5543042544522447
62798,0.3452895049147947
62799,0.388188373549584
62800,0.15782169809180058
62801,0.8063570570408213
62802,0.13912525759747252
62803,0.3849065344866211
62804,0.15579760029375783
62805,0.5866251392508135
62806,0.761923098890553
62807,0.0
62808,0.4528864345952139
62809,0.41166264052900636
62810,0.8295203027987781
62811,0.6647321068157133
62812,0.7141980746591179
62813,0.669937012571147
62814,0.09587322381077339
62815,0.20902638891459016
62816,0.7594523454752906
62817,0.8843339610660628
62818,0.44000267397523934
62819,0.7706988873232888
62820,0.6876772656571356
62821,0.7126203507160432
62822,0.2417663273041437
62823,0.6804948965095485
62824,0.24723349216308002
62825,0.8508564134526662
62826,0.8276662663497312
62827,0.5284788686156241
62828,0.471552048194012
62829,0.500660860509135
62830,0.5181242581389774
62831,0.6200923348650462
62832,0.5639769856408161
62833,0.29800490050051187
62834,0.5048126885545976
62835,0.6468036032470007
62836,0.8129595542845969
62837,0.8027860061112881
62838,0.35922641746831174
62839,0.5860474495873716
62840,0.4630732700405134
62841,0.8190668310158967
62842,0.9425233485748243
62843,0.42451492476391345
62844,0.5782138037955536
62845,0.6977380360620402
62846,0.8763975844611214
62847,0.7724802417498212
62848,0.7723061000193668
62849,0.4972000283319913
62850,0.62811221714931
62851,0.9030228360994912
62852,0.6573619091409907
62853,0.478286241330442
62854,0.8166582804910469
62855,0.3935804553080204
62856,0.7923685279444139
62857,0.8318773268543248
62858,0.7150053132771493
62859,0.21856695591039466
62860,0.5580546714139875
62861,0.827010804289042
62862,0.4182569781523401
62863,0.9565160245187192
62864,0.8366857917852442
62865,0.8731515173479255
62866,0.4221682174234438
62867,0.7462125481573477
62868,0.5594130737920081
62869,0.7570149031251302
62870,0.37291293465559666
62871,0.8070968352893612
62872,0.8433878795322888
62873,0.8320352316825258
62874,0.6149169883355855
62875,0.8248095204547289
62876,0.38964401715361763
62877,0.11288552573045826
62878,0.6973554741191079
62879,0.1403346400844167
62880,0.6695811819750412
62881,0.246036108766667
62882,0.63545635525054
62883,0.533931697146691
62885,0.4878219108230844
62886,0.20968077152727507
62887,0.6324534388759653
62888,0.7478463852163595
62889,0.7517626501045516
62890,0.5113825841311456
62891,0.2470984507835368
62892,0.8730722682149978
62893,0.7305348198780095
62894,0.7562864421068373
62895,0.9578682187749099
62896,0.6983169973905274
62897,0.8373168879549983
62898,0.7092567478128583
62899,0.7192891261687631
62900,0.610034232673919
62901,0.7497638553489847
62902,0.7615646930102483
62903,0.3287284956019907
62904,0.6299218622864055
62905,0.668004404971368
62906,0.6896506341434995
62907,0.955809254108478
62908,0.8334980121077403
62909,0.3831384976867837
62950,0.0
63000,0.0
63001,0.718203659257402
63002,0.27110543779686125
63003,0.7404383885964935
63004,0.27762256538064245
63005,0.5793440541865372
63006,0.1584424049721467
63007,0.6130139161493969
63008,0.7705727296158444
63009,0.6151031508067242
63010,0.4484106725336966
63011,0.4733019989734458
63012,0.6827223654557879
63013,0.7264878829602567
63014,0.9452621965672814
63015,0.7489374291710035
63016,0.7775068740345895
63017,0.6027810427246985
63019,0.9355648659271688
63020,0.7179507107119178
63021,0.8446831730591581
63022,0.5250061716398359
63023,0.23004197812946353
63024,0.41792433420243963
63025,0.5272590458733729
63026,0.8388304215795533
63027,0.5719317937922664
63028,0.5025952503962882
63029,0.5425531633019977
63030,0.828525933198023
63031,0.49275830252375086
63032,0.9928036396226408
63033,0.4136086133490981
63034,0.7842532023276969
63035,0.7025580235524311
63036,0.5725713430503279
63037,0.3224933481034091
63038,0.23364274890918632
63039,0.5009245743035872
63040,0.8317289538927198
63041,0.07632528116605496
63042,0.9902575658878972
63043,0.5198533640093203
63044,0.4010943584954242
63045,0.3460352774235305
63046,0.513799101001003
63047,0.08798402976137719
63048,0.4247247895649785
63049,0.8237656112977145
63050,0.6042302477559403
63051,0.48800815219681093
63052,0.4211953597179856
63053,0.29437976853902337
63054,0.5515687432555068
63055,0.1237023183634565
63056,0.30933258752633386
63057,0.795535497200006
63058,0.562556175647798
63059,0.8363373735297305
63060,0.13015702956794317
63061,0.7754674613781862
63062,0.6909138065173229
63063,0.9891982658089529
63064,0.061591673454035364
63065,0.04899648673510095
63066,0.6859416509990468
63067,0.13658789116551512
63069,0.8497577092330499
63070,0.9897393275907552
63071,0.7545812715096335
63072,0.7482169813100629
63073,0.60296805754808
63074,0.5153599061378109
63075,0.9929679844364941
63076,0.4741473022278565
63077,0.15859948537890076
63079,0.5963563259112796
63080,0.634198426838161
63081,0.6609761923461547
63082,0.7817804763974235
63083,0.8926705807949904
63084,0.8272793366594743
63085,0.19013736281713498
63086,0.2686523969361233
63087,0.6173620549694752
63088,0.5909225395375798
63089,0.848394079456633
63090,0.6861551103378494
63091,0.5752537914209002
63092,0.736048014340366
63093,0.6714959061516307
63094,0.0647757672392657
63095,0.2527316759083226
63096,0.8257263037675211
63097,0.5159330967550984
63098,0.10774260003457907
63099,0.9029862588566823
63100,0.5197060873948766
63101,0.08030732186273128
63102,0.23030045063087679
63103,0.8598307549341774
63104,0.468632769198405
63105,0.5836484259656538
63106,0.978775325052136
63107,0.8254166860275196
63108,0.7892071375386513
63109,0.5046316082427769
63110,0.037815494572068176
63111,0.49904341062353
63112,0.8812678841494196
63113,0.9966574489261824
63114,0.528627840150083
63115,0.03673345102954533
63116,0.6697044969892901
63117,0.21023276971425797
63118,0.042769834812657795
63119,0.39610632717507643
63120,0.80475594070858
63121,0.6929201213836029
63122,0.501610151953804
63123,0.794341104387794
63124,0.9046971799175236
63125,0.2466459595024596
63126,0.8002247340777219
63128,0.24787678721461542
63129,0.08220572910812451
63130,0.09153492122057327
63131,0.7565092446750109
63132,0.31736340588952255
63134,0.33351929670834174
63135,0.7882342344162926
63136,0.12953678466449584
63137,0.1896092015612564
63138,0.23072055067505162
63139,0.3221876709585261
63140,0.9491911999350614
63141,0.9910142134980237
63142,0.24891007177928576
63143,0.9263016061367472
63144,0.1588649023788643
63145,0.30495545728283446
63146,0.6907309434382064
63147,0.47091979732561046
63148,0.8746480171860714
63149,0.8414214307578175
63150,0.8862728915341485
63151,0.23716442511394048
63152,0.11241964789633196
63153,0.1499283509452596
63154,0.7964015956780426
63155,0.2308579122720981
63156,0.5703475144531766
63157,0.5603351333118131
63158,0.22287708111188267
63159,0.05430731362700237
63160,0.45843695231743
63161,0.49840512383465607
63162,0.43930534813954153
63163,0.03964120457343065
63164,0.8803039348149343
63165,0.5631409186160689
63166,0.5222539166293098
63167,0.7856686527609813
63168,0.7510902864657343
63169,0.12945412813371793
63170,0.039393771982975445
63171,0.1385890112193399
63172,0.516570978079157
63173,0.5313461577943958
63174,0.3884761014473443
63175,0.44227071660271916
63176,0.038485970681771994
63177,0.542339466946426
63178,0.6210652020954736
63179,0.2765333225278383
63180,0.7680819138080238
63181,0.6694280965404662
63182,0.5820202300434547
63183,0.5426995755865425
63184,0.19168292548172125
63185,0.5073315271018326
63186,0.04399364239237063
63187,0.7087277864636287
63188,0.8108853411119998
63189,0.06689273079437215
63190,0.5339002641109931
63191,0.41661127159368716
63192,0.0944851146733138
63193,0.9960646294923308
63194,0.7467217264496545
63195,0.5954078057950718
63196,0.3506570285695263
63197,0.5149411093206548
63198,0.7562735783790073
63199,0.7539270089838311
63200,0.8304151444206108
63201,0.3004657080010208
63202,0.5413741953262673
63203,0.9046811665777726
63204,0.8859314743386263
63205,0.45618361210471114
63206,0.6446668773971271
63207,0.19352548002214456
63208,0.5501843432187322
63209,0.5912173650984984
63210,0.6927028089672967
63211,0.6329426503842673
63212,0.9062142792365684
63213,0.8219357439187596
63214,0.8282987620626988
63215,0.8402929402832496
63216,0.33015005221178917
63218,0.2761150724894734
63219,0.28845083374933844
63220,0.7123610717506534
63221,0.39946467507581523
63222,0.48933082489318763
63223,0.5565558793239226
63224,0.8929193044983935
63225,0.5974654330081813
63226,0.9852648543972775
63227,0.8312507262251289
63228,0.052500542478207526
63229,0.752773144179842
63230,0.5411405544162506
63231,0.7064605370955648
63232,0.41537686189155576
63233,0.42348855018390785
63234,0.6332547236819025
63235,0.7035836851131764
63236,0.20534177540095636
63237,0.06630551542713825
63238,0.14825948220513024
63239,0.830219943788645
63240,0.7194421074963934
63241,0.7686123111837835
63242,0.6248430485082976
63243,0.9306487517321915
63244,0.7772648501284387
63245,0.9047793410145027
63246,0.08289323303470467
63247,0.2564175184836032
63248,0.7924957819844172
63249,0.261126014955691
63250,0.63834312259319
63251,0.5563080193317163
63252,0.29247984023546064
63253,0.2074924606610053
63254,0.9907191177912875
63255,0.4941607681624752
63256,0.314991067552918
63257,0.17545887463145415
63258,0.25882080780306593
63259,0.7746987444848837
63260,0.7937257583178282
63261,0.5180576737057854
63262,0.8291235080542716
63263,0.9129769520548416
63264,0.09710431385880043
63265,0.25809135412648376
63267,0.6890771073240524
63268,0.4963795498227089
63269,0.7377420850330798
63270,0.5369779708244772
63271,0.19821567705691473
63272,0.8982555749174671
63273,0.9814394941516231
63274,0.06467987876418273
63275,0.5078570250205063
63276,0.2767415774492247
63277,0.5644229237539761
63278,0.8787030159262846
63279,0.10913113357375137
63280,0.7619860481984314
63281,0.12677382610619473
63282,0.7588746076364395
63283,0.039254076387787475
63284,0.8841029583805488
63285,0.18110569781159763
63286,0.5719629305289269
63287,0.5659338012129242
63288,0.7887806965360352
63289,0.03534777855625977
63290,0.57974481181032
63291,0.28169660333203855
63292,0.03641641125100756
63293,0.10850774302155072
63294,0.33065542524450786
63295,0.8005910924808464
63296,0.6593028275783076
63297,0.7879125462449029
63298,0.7794815571549447
63299,0.6088534995026583
63300,0.9799907036448408
63301,0.389680278800878
63302,0.8376882071944067
63303,0.1517639968087357
63304,0.11086017171696935
63305,0.11583865216058985
63306,0.8469617481872318
63307,0.8846467451858856
63308,0.9900308242887299
63309,0.3155560342148321
63310,0.7272312605016547
63311,0.7155048653708493
63312,0.04181354314716907
63313,0.13596197956888248
63314,0.4081959600873688
63315,0.7974560287795521
63317,0.730784594703334
63318,0.6685725020364383
63319,0.5772092099209465
63320,0.05258813699720913
63321,0.4677241513925585
63322,0.8726588782838522
63323,0.2430841796342727
63324,0.3859731263111552
63325,0.9848681969865173
63326,0.17013299649191924
63327,0.8473873842807728
63328,0.3563235210061102
63329,0.3547376548822684
63330,0.49589347799479955
63331,0.5449582535765705
63332,0.9574612229264963
63333,0.6812881952612967
63334,0.10594388678616447
63335,0.4956441764679977
63336,0.10880264992825314
63337,0.3294630947331765
63338,0.30560516952704486
63339,0.03546848361409723
63340,0.3065014654815456
63341,0.7640669101788049
63342,0.49794347878284156
63343,0.2128357752476469
63344,0.5247666713771514
63345,0.9847620745935696
63346,0.13713079711328802
63347,0.6703850394527964
63348,0.3934114519636795
63349,0.29809826468569606
63350,0.9807899210082908
63351,0.44369242983776036
63352,0.4613056296797846
63353,0.2339050052724277
63354,0.3343498463750246
63355,0.1806182377303439
63356,0.627352153819303
63357,0.5461407901318845
63358,0.7032756084974603
63359,0.03881814521725943
63360,0.11244378494979913
63362,0.8125271048128502
63363,0.16495969385617978
63364,0.278025813349273
63365,0.4645000379195734
63366,0.3097164130033716
63367,0.575604548012538
63368,0.8361866074197295
63369,0.12835700936621686
63370,0.29949860181186555
63371,0.5912954871283618
63372,0.7971415801221736
63373,0.14495214485446511
63374,0.5888785712289816
63375,0.5214473577793333
63376,0.5416876166734766
63377,0.10469092147016436
63378,0.8036885791543187
63379,0.6718223876133504
63380,0.4174217475556766
63381,0.7527681288857873
63382,0.5712218780216338
63383,0.17833290708264482
63384,0.18244139108970442
63385,0.09717171676614071
63386,0.052760347781710314
63387,0.8540947743319485
63388,0.2502315601247512
63389,0.3062428791713006
63390,0.5328094916898931
63391,0.5394603518861542
63392,0.5538667854434607
63393,0.6340101210328272
63394,0.5894588774595936
63395,0.7658195996823316
63396,0.8019265168276511
63397,0.3916011253306125
63398,0.24359087996344944
63399,0.37288617795099305
63400,0.7971548127566845
63401,0.16514884636941363
63402,0.7041017525762427
63403,0.49521449792543126
63404,0.4780266824316367
63405,0.6899929182779491
63406,0.7597532985704479
63407,0.14999718064551704
63408,0.29458189279588326
63409,0.4902609742348444
63410,0.39243545114088735
63411,0.5813342074559058
63412,0.312482492876802
63413,0.8167858175493848
63414,0.21774184887403744
63415,0.4264000345206684
63416,0.6273473562432885
63417,0.9905700754090121
63418,0.22646682960261208
63419,0.40752131089752097
63420,0.7726058010948306
63421,0.5326164513801139
63422,0.4927035184956321
63423,0.4349615340715411
63424,0.8359790454755052
63425,0.7849661543182118
63426,0.4570703425014073
63427,0.6764909530656892
63428,0.1626585673167578
63429,0.610101528111993
63430,0.29177049286862833
63431,0.5328470566953667
63432,0.7592268795351601
63433,0.28218902845158644
63434,0.22232432727397133
63435,0.49739119845828667
63436,0.055252199292582425
63437,0.5366644697196632
63438,0.1951370385378596
63439,0.43331904552944195
63440,0.1439136011921586
63441,0.3474188956308935
63442,0.5845775832512601
63443,0.8331630215877386
63444,0.4593073294700431
63445,0.8082511112394314
63446,0.6818396186133842
63447,0.09476217587890609
63448,0.3523431658611491
63449,0.4377848476337274
63450,0.4954020344398904
63451,0.18090854912646587
63452,0.4797055179969246
63453,0.8632070226676914
63454,0.2312360515394162
63455,0.7990343833879403
63456,0.5458990447202903
63457,0.7781759620446358
63458,0.5529877703718447
63459,0.8541995384808887
63460,0.053530992795462105
63461,0.23473914276350594
63462,0.12043312916972415
63463,0.7703712364991051
63464,0.4664345774318746
63465,0.37546977670624737
63466,0.5038365226907293
63467,0.03736547400013388
63468,0.7748294509380905
63469,0.746064195095807
63470,0.8782041635799172
63471,0.14842704984149127
63472,0.6234184336154937
63473,0.8320935238370369
63610,0.0
63712,0.0
63780,0.0
63969,0.0
63980,0.0
64000,0.0
64001,0.39320061517421484
64002,0.4456283322728485
64003,0.5487806892260537
64004,0.4589948203521928
64005,0.6481131294325885
64006,0.027565042648176524
64007,0.15844773843568863
64008,0.13259595514215158
64009,0.7729366780863328
64010,0.06640768337277009
64011,0.16074957754457636
64012,0.12228202176057257
64013,0.08951668163183672
64014,0.41070760443203164
64015,0.11671291286439138
64016,0.05750832393362153
64017,0.08887989526020307
64018,0.0747651840611798
64019,0.5018979168713382
64021,0.4674621440488041
64022,0.23022467509122854
64023,0.5066901996390696
64024,0.9093068980948724
64025,0.17767309842296006
64026,0.11866287901499384
64027,0.5364629212279104
64028,0.28265906734191626
64029,0.12247736869877147
64031,0.46588063213566683
64032,0.31087426192926404
64033,0.38595896226337045
64034,0.07483745764142835
64035,0.8121078235896739
64036,0.05780255994506247
64037,0.6193027749676732
64038,0.8341786694590645
64039,0.34835845668267595
64040,0.06727510769561586
64041,0.6873364597785653
64042,0.37270856246590467
64043,0.8179460797144271
64044,0.3927473490205619
64045,0.08581599897625576
64046,0.06627479639058492
64047,0.10948216737992217
64048,0.527670375969271
64049,0.09074836267263624
64050,0.09329623074255039
64051,0.5114902344196073
64052,0.07364310330997874
64053,0.4067634896336647
64054,0.5518338999511113
64056,0.10133137869637585
64057,0.391263960389752
64058,0.1942969137577702
64059,0.48634122940957175
64060,0.6759654967321479
64061,0.7278667302596427
64062,0.21831680033025905
64063,0.5744344685063223
64064,0.0811056925736091
64065,0.44071985393615526
64066,0.15802461967265366
64067,0.5489364026366343
64068,0.19422736272114108
64069,0.05137034068152435
64070,0.5089212350930322
64071,0.47562793397726505
64072,0.9261958885260031
64073,0.8131196089879821
64074,0.2869399806633272
64075,0.4595590463242994
64077,0.7656613898798185
64078,0.4257501151267262
64079,0.0842711434405055
64080,0.5778270443135614
64081,0.13567175208987783
64082,0.4420890458751761
64083,0.18794265215626108
64084,0.09974182208153758
64085,0.02865416798109232
64086,0.7270222223528676
64087,0.2593294187707633
64088,0.42125085267175527
64089,0.2987906329264267
64090,0.03821186129261928
64091,0.5713822354692228
64092,0.08143943310031496
64093,0.1810218720054157
64094,0.7176516425477496
64095,0.513104077379988
64096,0.22336391579931938
64097,0.3997795407998603
64098,0.09106582054704701
64099,0.4636777364770029
64100,0.8952202867134906
64101,0.5228250937157155
64102,0.9589091868711098
64103,0.36001267689142497
64104,0.03997605645526921
64105,0.04169532659776152
64106,0.09008644168766854
64107,0.11304529753553413
64108,0.4183439142867489
64109,0.4004184973472302
64110,0.1860534276562263
64111,0.29499503997232635
64112,0.2590389048670061
64113,0.4614122272196361
64114,0.5293199226710682
64115,0.1534275317488232
64116,0.4983352243318506
64117,0.7337516384118081
64118,0.175991264943778
64119,0.5004881822572914
64120,0.07072325618074328
64121,0.5837738327072284
64122,0.8746295666883928
64123,0.5895667041785803
64124,0.11641473754083011
64125,0.787786707636083
64126,0.3260937276310118
64127,0.06609891457588173
64128,0.08503886059612221
64129,0.7807309870751357
64130,0.6065176382288694
64131,0.5772732967984191
64132,0.7656479259091448
64133,0.5121368731259325
64134,0.6669041103930312
64135,0.35463641339141067
64136,0.027063144547065016
64137,0.431072425937361
64138,0.5243080807812626
64139,0.8590488413953379
64140,0.8967240362609591
64141,0.03456657249311624
64142,0.5540830665820252
64143,0.3980710433213576
64144,0.5317281580630084
64145,0.5317598055648436
64146,0.7999189898543551
64147,0.7786698368606924
64148,0.5481389782813577
64149,0.4578973718166212
64150,0.11059833132875069
64151,0.23161606087964937
64152,0.648832784126987
64153,0.04187232802278441
64154,0.1214670234681102
64155,0.1342580596281017
64156,0.6062371520457126
64157,0.6008080506521778
64158,0.6327738978678346
64159,0.06904238310477445
64160,0.7988821475580229
64161,0.5445726085557514
64162,0.11214310690184677
64165,0.5961460300571424
64166,0.24075563236979733
64167,0.18778578394905251
64168,0.4209010441248389
64170,0.4510729389522606
64171,0.582904281412623
64172,0.42998196710615333
64173,0.47469002494515555
64174,0.2553618631186319
64175,0.10634612133575498
64176,0.42606189596691946
64177,0.4895153562679001
64178,0.43011459661409673
64179,0.4593912316187065
64180,0.2054273837614282
64181,0.4761103093119014
64182,0.08455847462682609
64183,0.8251624499601626
64184,0.5497614089126142
64185,0.027635146611805182
64186,0.12591193392327837
64187,0.08599067002433648
64188,0.24480107979211294
64189,0.5844010088169628
64190,0.04169268923291189
64191,0.3715562197220627
64192,0.05584941211469737
64193,0.10409128198244552
64194,0.2611091954672449
64195,0.04103930282968184
64196,0.14354448430343475
64197,0.6402970524735189
64198,0.5254129592314621
64199,0.2663852880430737
64200,0.5444168592264517
64201,0.4480138382757906
64202,0.08099166533995986
64203,0.8101171828710733
64204,0.037850974972512434
64205,0.45423798857554337
64206,0.061773837455223954
64207,0.3663755648497927
64208,0.5264381275275296
64209,0.3290035263569077
64210,0.07908017122723364
64211,0.40684465960177557
64212,0.4657857142053441
64213,0.8104174918314413
64214,0.10910363090382798
64215,0.23400594936679844
64216,0.3894897447051862
64217,0.15852294480736895
64218,0.12311601861175024
64219,0.541569615696753
64220,0.34683878639443405
64221,0.0782412635730727
64222,0.07795066205222782
64223,0.027497073257580083
64224,0.11564240858632857
64225,0.14628913479765376
64226,0.7650667620836245
64227,0.47726156207331405
64228,0.44356044197354155
64229,0.10485043960709974
64230,0.8233672406607208
64231,0.18678967501199845
64232,0.09981057356415905
64233,0.16470587748059737
64234,0.7135754233756687
64235,0.06748669816080594
64236,0.05285937126113082
64237,0.679679400961563
64238,0.4487368760248665
64239,0.334997923725988
64240,0.030228962922854267
64241,0.28620472337209596
64242,0.2332700008294461
64243,0.44952028651882503
64244,0.323565814560597
64245,0.4428055010022098
64246,0.44156858328085763
64247,0.2555308055084364
64249,0.7683016379384744
64250,0.7737390838452572
64251,0.20868698732832824
64252,0.17132874800608766
64253,0.42516252715822855
64254,0.396988046095954
64255,0.8293476910927728
64256,0.7367506807465234
64257,0.8503503387615056
64258,0.04980099592903364
64259,0.09614131636703074
64260,0.6776521365120565
64261,0.2034465584910128
64262,0.48743178141483334
64263,0.2478131930966647
64264,0.43607364336222404
64265,0.14453971261735327
64266,0.3992844259355579
64267,0.12808660879366202
64268,0.20116636384903505
64269,0.6734874667991009
64270,0.37803416305951376
64271,0.06827899594363429
64272,0.44115069321430067
64273,0.10597050400820283
64274,0.11112241282094405
64275,0.2125887910323553
64276,0.07189374202929175
64277,0.48322873782848474
64279,0.760146660606981
64280,0.2109869120503799
64281,0.4444571505058877
64282,0.8395437036707726
64283,0.11461857541007753
64284,0.7146102465168082
64285,0.09951724817808652
64286,0.5093308538311236
64287,0.23472777390042845
64288,0.6415913028572714
64289,0.7388871589959407
64290,0.6045828305429165
64291,0.47012521898081766
64292,0.3681231993250562
64293,0.19222809244378225
64294,0.46815057672870736
64295,0.40340813123127234
64296,0.39430061091337426
64297,0.11342781635878403
64298,0.10522506520837159
64299,0.6612047656697
64300,0.6085891299694812
64301,0.43944616513157597
64302,0.46123490105493026
64303,0.06681920825213969
64304,0.9111505475835288
64305,0.38306166269091946
64306,0.5803466262460236
64307,0.04712804236543169
64308,0.14826156067525417
64309,0.3862714047024862
64310,0.12217773091384772
64311,0.05326149448747259
64312,0.3180883357461158
64313,0.07010864243783256
64314,0.10835577253453538
64315,0.7410281960079236
64316,0.10651206213910848
64317,0.972117536193017
64318,0.8229764951692728
64319,0.07346984859796248
64320,0.0283871769377632
64321,0.47513157990479254
64322,0.1357574450140587
64323,0.13605612890322383
64324,0.8217051622649656
64325,0.7135627693080238
64326,0.44366081525267687
64327,0.11605860679035271
64328,0.3940219368465824
64329,0.556625111924919
64330,0.028122437099367296
64331,0.10114073498330604
64332,0.21066579386226925
64334,0.4537109373062699
64335,0.6606893200868162
64336,0.027649786590862858
64337,0.06082004949917565
64338,0.4115017714736128
64339,0.2621892747890973
64340,0.08042560366134624
64341,0.0857418852608086
64342,0.06573138671156303
64343,0.39116181831788505
64344,0.3824289024468328
64345,0.08817950874059695
64346,0.42047160453107163
64347,0.7862356029025848
64348,0.7729964836331157
64349,0.48315752038461285
64350,0.20747031021765117
64351,0.05523115387523685
64352,0.38073151051279636
64353,0.11489586856268598
64354,0.15318024336871308
64355,0.6371731495821407
64356,0.07803403882413681
64357,0.1902028575377419
64358,0.4194503993590564
64359,0.6170715815807886
64360,0.07369637733688746
64361,0.30682106105406065
64362,0.05314193662253084
64363,0.64177746277164
64364,0.16847943771554005
64365,0.5871516705786185
64366,0.04081943703853113
64367,0.3997726748539806
64368,0.4876848295137677
64369,0.17447937178501896
64370,0.5379739255260495
64371,0.45412597424912265
64372,0.29990951043725494
64373,0.7279540230906251
64374,0.549985431539724
64375,0.052575931420567004
64376,0.6098113211373773
64377,0.08465332339979874
64378,0.16079958030177052
64379,0.12611512441791337
64380,0.4065160044843976
64381,0.4714093493334782
64382,0.3783163362903133
64383,0.6421492848923658
64385,0.33234342261487176
64386,0.5236659043125419
64387,0.8386581462694471
64388,0.18718191898883663
64389,0.41684693909531306
64390,0.147931521887629
64391,0.17899290547565055
64392,0.23165622361671384
64393,0.6472490144228742
64394,0.16123531043039793
64395,0.14016048855830857
64396,0.3661244800322148
64397,0.6970510570468589
64398,0.464653110249482
64399,0.6391337290480548
64400,0.2825735640087526
64401,0.08106787815377846
64403,0.23465994905445575
64404,0.14719358701975618
64405,0.500711547733591
64406,0.4165398345826017
64407,0.8938266750513956
64408,0.1089133936776454
64409,0.2662829430013491
64410,0.6448679089357011
64411,0.13821631017237215
64412,0.23744033123638936
64413,0.6071542149775767
64414,0.3505460637702164
64415,0.8636170465530929
64416,0.49128151716675544
64417,0.504004012135637
64418,0.7165737041262991
64419,0.48828421009303496
64420,0.43218469343717864
64421,0.36877323086625585
64422,0.14499652504880522
64423,0.4517740421470913
64424,0.1335924291161385
64425,0.5343982874136729
64426,0.28410964697753993
64427,0.23420252550170323
64428,0.23617428233661691
64429,0.07353400626589389
64430,0.6236987610331731
64431,0.6236083839777684
64432,0.11974251023040518
64433,0.044065847544157474
64434,0.3890373434200295
64435,0.2084754451747825
64436,0.11244569380873261
64437,0.0829109315425261
64438,0.4633707830015451
64439,0.5032176492137334
64440,0.37774763874174305
64441,0.09150020970770828
64442,0.6412984903516066
64443,0.8696846051593657
64444,0.5700354777755118
64445,0.7942193944627355
64446,0.0780691069454273
64447,0.751739709474736
64448,0.603507704833972
64449,0.3507502440173714
64450,0.46446402650564
64451,0.43784085760576025
64452,0.42544317915667124
64453,0.432434397028084
64454,0.4127179844236358
64455,0.27424209423346785
64456,0.04123880458846865
64457,0.03950596183322033
64458,0.370607378919169
64459,0.5180241301118496
64460,0.3508347484793716
64461,0.45236856759270905
64462,0.26106721075632894
64463,0.7660877441268233
64464,0.03532134740528446
64465,0.48614656039629206
64466,0.24386172081441246
64467,0.6458249918753514
64468,0.2349218663624937
64469,0.5564656675035
64470,0.591366826778859
64471,0.30515633336919823
64472,0.5881847316139062
64473,0.08775342748642705
64474,0.4515425141421429
64475,0.03211584104741896
64476,0.08113940741251498
64477,0.10197940128137345
64478,0.9323328703605599
64479,0.2748067429863699
64480,0.23019565321545807
64481,0.3061625441246547
64482,0.480563880436273
64483,0.7860812126810166
64484,0.21521825030481917
64485,0.4364608394280985
64486,0.04503973326235045
64487,0.1359962893110171
64488,0.49028920676849286
64489,0.06960870375458855
64490,0.12124009588384133
64491,0.4117587979448987
64492,0.12138701362223771
64493,0.09866705671976372
64494,0.45210135256588274
64495,0.781903889601365
64496,0.994619928453563
64498,0.32536554810417634
64499,0.4878694787660113
64500,0.2845029080913765
64501,0.4532263030321861
64502,0.8502421923868332
64503,0.07970224369450567
64504,0.39439327104640026
64505,0.4459300221908133
64506,0.04776829677221305
64507,0.372554583208076
64508,0.4711627359680548
64509,0.13062175943635887
64510,0.3861788943172708
64511,0.8880436394074
64512,0.4235924998547236
64513,0.2162381547039532
64514,0.7570337185144397
64515,0.3603951889777235
64516,0.4301436594300767
64517,0.1051463701587368
64518,0.47392570277295454
64519,0.6114382847759329
64520,0.4727876252598566
64521,0.6648196203537893
64522,0.6706693302340606
64523,0.3554026844910812
64524,0.08674861542433802
64525,0.5998185862289896
64526,0.44448277216860604
64527,0.8062019231388594
64528,0.08637107692666102
64529,0.3374067586831409
64530,0.4824641936371693
64531,0.2303928364983693
64532,0.045622782839494586
64533,0.17561830454662192
64534,0.03629737593487516
64535,0.6031733562574643
64536,0.3806014061825247
64537,0.09946522610259988
64538,0.16125831937422402
64539,0.06701851169078685
64540,0.8618583892375351
64541,0.5934228547051666
64542,0.026716398014114486
64543,0.07729265347101931
64544,0.4225072540749243
64545,0.40003709157058753
64546,0.7672965186498154
64547,0.8395425709266223
64548,0.4896272403515996
64549,0.8878882187536344
64550,0.6848187993466908
64551,0.3912919428953809
64552,0.05639510207349703
64554,0.5439495926535667
64555,0.4032146140556988
64556,0.44057223826298775
64557,0.5078962777689436
64558,0.9861666093573634
64559,0.17394702846346702
64560,0.8073683104262791
64600,0.0
64646,0.0
65000,0.0
65001,0.5741367980006336
65002,0.44318630434304185
65003,0.5316393191337552
65004,0.6008333989459468
65005,0.5028977209786893
65006,0.2369848538116451
65007,0.44757231859862046
65009,0.2896714165911789
65010,0.43752362894244884
65011,0.8007034440736539
65012,0.41712786506472216
65013,0.07592884636893357
65014,0.2514633231250703
65015,0.16685471471683166
65016,0.5337808865547066
65017,0.3988814784169603
65018,0.2902976164450754
65019,0.5249917416274039
65020,0.8224980103658619
65021,0.5942183995977469
65022,0.5913755222676784
65023,0.1823310960758387
65024,0.46581784743952176
65025,0.680541010937186
65026,0.3040777039487249
65028,0.3583341193494938
65029,0.6018395301396724
65031,0.23399693929987886
65032,0.2736327001280703
65033,0.8093881854344164
65034,0.3052472662484441
65035,0.24171164081582777
65036,0.6039670795578179
65037,0.35626440437994955
65038,0.7838877258375062
65039,0.3160531842675453
65040,0.7556050591241038
65041,0.3226195628884684
65042,0.3568176930057757
65043,0.5592615947236614
65044,0.3999511258644641
65045,0.5993926591754514
65046,0.33845019737465987
65047,0.5806295156228176
65048,0.41954874974846645
65049,0.06690531070794899
65050,0.34404206710604135
65051,0.3396176698828312
65052,0.4770815829531926
65053,0.2771423969483806
65054,0.3144250113256779
65055,0.6006596605697587
65056,0.568232767599883
65057,0.49369479138274514
65058,0.49388320064589875
65059,0.686741732765423
65060,0.32121456658604575
65061,0.06611240739847944
65062,0.5269522386819889
65063,0.4924826123987772
65064,0.24962249469411962
65065,0.49312891493854977
65066,0.23152378294045878
65067,0.48934704021528325
65068,0.11779033689822699
65069,0.39829294525857684
65070,0.48180339191417415
65071,0.30812956413533765
65072,0.49484187635505983
65073,0.2648135206217654
65074,0.3857823583769781
65075,0.35919528900930525
65076,0.2674635829139031
65077,0.6678249809195633
65078,0.7653771161823922
65079,0.3028447206871996
65080,0.5013925380938163
65081,0.3173856378624043
65082,0.594374033791233
65083,0.5215610217301223
65084,0.5211489135768343
65085,0.04276779315386764
65086,0.34638699734685996
65087,0.3725028426003051
65088,0.0908953484165701
65089,0.6606721871779379
65090,0.2560752639936628
65091,0.3843160543080417
65092,0.28808282385630907
65093,0.3202211546073017
65094,0.3173128313539813
65095,0.23919128957653563
65096,0.34106605204647295
65097,0.27380365175116295
65098,0.6132070476500681
65099,0.3098618222235907
65100,0.6133609017705332
65101,0.35381249888832617
65102,0.20611198992547752
65103,0.3644035028807415
65104,0.5158052907916721
65105,0.2983677711156469
65106,0.5477473394660695
65107,0.8231587264772282
65108,0.5104640238482364
65109,0.2500100186311735
65110,0.35468689566214406
65111,0.3113867118670823
65112,0.6136812363657076
65113,0.3080573538548429
65114,0.043849044240369575
65115,0.35355979127313236
65116,0.27000816757021945
65117,0.7412258049380542
65118,0.3111257684203065
65119,0.2761927424255289
65120,0.4371622846928337
65121,0.34145733818528035
65123,0.28646476069003035
65124,0.4913592264074634
65125,0.430757412237945
65126,0.2647254007261123
65127,0.5198477343221627
65128,0.27672354965079915
65129,0.4956239875996235
65130,0.1535970262958412
65131,0.40156269052684873
65132,0.30520659846168136
65133,0.2965064940097887
65134,0.09338729127113209
65135,0.38821562459187714
65136,0.36444732756219195
65137,0.12202246124645018
65138,0.5516323330101786
65139,0.22910992381765244
65140,0.26848941929536035
65141,0.3530455318682302
65142,0.36379588287078124
65143,0.37891444170347066
65144,0.749053120656193
65145,0.5186596705659919
65146,0.40894442623827176
65147,0.4287543297644086
65148,0.384082621760966
65149,0.3719169353126165
65150,0.39909234520909154
65151,0.4029958868733995
65153,0.4167657285580823
65154,0.2662296271610479
65155,0.284577707768604
65156,0.36368480950559096
65157,0.5501739935975106
65158,0.15703032055360436
65159,0.395143813750012
65160,0.39565067208172755
65161,0.24575512250669518
65162,0.31842115873145505
65163,0.298263320567878
65164,0.5110763292024466
65165,0.28423718259583364
65166,0.3128042939374756
65167,0.3096919380694736
65168,0.8856436559752665
65169,0.4385634120553713
65170,0.0340776059301116
65171,0.4123752655785484
65172,0.5752212021495478
65173,0.7809943734226706
65174,0.10920133374861545
65175,0.23596262806975066
65176,0.5873261623556377
65177,0.049181715778527334
65178,0.07114148654392072
65179,0.30900459971422156
65180,0.1885517040729113
65181,0.4434501583328166
65182,0.6098633257946662
65183,0.2698743396567518
65184,0.3592398690706568
65185,0.37680459819717843
65186,0.2671583662168436
65187,0.3494826685645887
65189,0.4987084489880851
65190,0.3466234880775772
65191,0.6237992239723974
65192,0.7022658118632755
65193,0.23949111708255388
65194,0.3478969670896125
65195,0.4540370072741372
65196,0.09500940064596126
65197,0.6529529893407585
65198,0.48007118020881684
65199,0.3713001637472705
65200,0.7032705199734501
65201,0.5965635996347178
65202,0.5847866991729266
65203,0.8208200012210441
65204,0.3969502750007101
65205,0.36521305556658634
65206,0.3873029884264419
65207,0.31038991731043086
65208,0.4394749946001284
65209,0.29239393343064235
65210,0.5927117827312502
65211,0.410399751244953
65212,0.3786701774618253
65213,0.07617916819711815
65214,0.08994143112313703
65215,0.1639759281320007
65216,0.5655103007435682
65217,0.30424666604018336
65218,0.26774363228676157
65219,0.13372555363881797
65220,0.5329346120863561
65221,0.5265491534869619
65222,0.4727328822084514
65223,0.5681297070613626
65224,0.3559988974194675
65225,0.43413956071318116
65226,0.5657733547631898
65228,0.31162330226639806
65229,0.39157979384787245
65230,0.4267620927239071
65231,0.3019472418305818
65232,0.3436606591872689
65233,0.7760391223755007
65234,0.2512448017964514
65235,0.5475778643439734
65236,0.4864735766737782
65237,0.6797344593993585
65238,0.8614278420968948
65239,0.2904625925238385
65240,0.10890835566567751
65241,0.2940650005295092
65242,0.2528443615256162
65243,0.09985786725869274
65244,0.5134793063982547
65245,0.5107064349465604
65247,0.5306599965180018
65248,0.12267530957865502
65249,0.2578010603621571
65250,0.05603450821298404
65251,0.6436759407884882
65252,0.4508383429609875
65253,0.35871917694599303
65254,0.28025423879880007
65255,0.27548532478744087
65256,0.3264899379361125
65257,0.4604394909175609
65258,0.46452865494677403
65259,0.43920123295867464
65260,0.05044552506249835
65261,0.3573168779996279
65262,0.1805422656484387
65263,0.13914566504302853
65264,0.17949022686321847
65265,0.44418072055065416
65266,0.37066088483548537
65267,0.6266482105428516
65268,0.5244732625716445
65269,0.26844341419192286
65270,0.4251435273037669
65271,0.8187594889431762
65272,0.36453341147461893
65273,0.11107092988377536
65274,0.2421093911012816
65275,0.3622852763993088
65276,0.480881121523384
65277,0.335334094758214
65278,0.2962809993606766
65279,0.28708731466583093
65280,0.8182801375376894
65281,0.5532717012712651
65282,0.35309454660751327
65283,0.37639086058499405
65284,0.5451330779565855
65285,0.3659640949114739
65286,0.8054572067871548
65287,0.45821174847503654
65288,0.20845129434098386
65289,0.2670746169656309
65290,0.46245119091064807
65291,0.6840459302585455
65292,0.36642259483884215
65293,0.2438471738871927
65294,0.4020217746761685
65295,0.6616498907715362
65296,0.2656071015435491
65297,0.286968251703547
65298,0.3715952382991087
65299,0.37790515055277235
65300,0.31842621272293126
65301,0.3746615523721388
65302,0.0
65303,0.42396941060474796
65304,0.12112528458301426
65305,0.23801568812813725
65306,0.31460919001840004
65307,0.48782897138927034
65308,0.04836364452907406
65309,0.34474869612992526
65310,0.5219787032920448
65311,0.2029743272437705
65313,0.5395754731643696
65314,0.05454669667874589
65315,0.37723621412794067
65316,0.358345455919399
65317,0.36507350046001374
65318,0.2433559776944395
65319,0.3380183084023759
65320,0.5704711226587384
65321,0.47212425792538293
65322,0.3683183783137642
65323,0.3254527778189314
65324,0.37724717065257635
65325,0.15674562440945178
65326,0.3936576529877123
65327,0.31401214139137457
65328,0.8533496601683125
65329,0.3682208122420442
65330,0.19707853196416686
65331,0.5748681679433102
65332,0.44813770847849155
65333,0.41088189785319645
65334,0.6872506228095531
65335,0.5614204761328011
65336,0.1139185122372536
65337,0.3490743514140697
65338,0.5048453145810873
65339,0.5163342088523716
65340,0.4547965024428959
65341,0.4590929860182465
65342,0.32410701699664984
65343,0.6566176292651185
65344,0.4932712911699545
65345,0.8383053482414733
65346,0.4264388261434875
65347,0.2697524954905157
65348,0.6529136614176677
65349,0.5982774325195016
65350,0.5478064306121405
65351,0.623987289037564
65352,0.570313772836744
65353,0.37423900413978184
65354,0.31047895173533807
65355,0.5030353545276399
65356,0.2851061202958757
65357,0.3578590810053527
65358,0.15929905241417844
65359,0.3818813961747742
65360,0.7367446256127942
65361,0.307813757670287
65362,0.587382194776344
65363,0.31467352627112083
65364,0.49308427586629655
65366,0.8076774037699136
65367,0.38768418989114256
65368,0.27519366325159433
65369,0.4429186886310084
65370,0.6632761887748935
65371,0.6119739610834588
65372,0.3971207453272908
65373,0.10211619541362872
65374,0.0797971747234962
65375,0.17820635280204963
65376,0.36259986040358283
65377,0.33878487360069875
65378,0.3058288710450864
65379,0.2755121739633143
65380,0.4292993116953436
65381,0.2529812963829713
65382,0.34947484285489816
65383,0.06690514912647792
65384,0.6845488693413091
65385,0.349878755502433
65386,0.6833927114669421
65387,0.14794025521963453
65388,0.41626060453707847
65389,0.2940304749759785
65390,0.4328933143981187
65391,0.3644294777921161
65392,0.5280439376211206
65393,0.59793990051877
65394,0.31470748829488143
65395,0.6632726791263124
65396,0.5867963020265092
65397,0.232510441412948
65398,0.18809786897217343
65399,0.6668980513491498
65400,0.5504148735241089
65401,0.5495926249158294
65402,0.3850839922721208
65403,0.44397946337430977
65404,0.12914112359283408
65405,0.3025990105323961
65406,0.400847362768348
65407,0.4424011843848181
65408,0.3202717100636356
65409,0.24094554757317563
65410,0.5617151611159144
65411,0.8769666749682241
65412,0.059723599603478526
65413,0.680850394228279
65414,0.08575415647616098
65415,0.6163265909945209
65416,0.3589785781045935
65417,0.6841014114545587
65418,0.23864401196805546
65419,0.2305345330315152
65420,0.5663765545244462
65421,0.7924731680359524
65422,0.4042901543529521
65423,0.38681150268263775
65424,0.6542047149659481
65425,0.48643377955753797
65426,0.3743878013038179
65427,0.217279989584971
65428,0.6088378755725478
65429,0.11793983123786932
65430,0.3274614884467706
65431,0.1684496380943754
65432,0.15402204886013712
65433,0.6290161440748439
65435,0.5932995692734173
65436,0.44114483720855485
65437,0.350246639305152
65438,0.46176649283610344
65439,0.46725641409308916
65440,0.7036480335501549
65441,0.21401215970481888
65442,0.07127810220313739
65443,0.3918281266453271
65444,0.5274948592603135
65445,0.36128778419279894
65446,0.3101657230580357
65447,0.3793061841951729
65448,0.22172276685302034
65449,0.2561986868243786
65450,0.3982550961406871
65451,0.5490264062986772
65452,0.07589873123398395
65453,0.2401252176182575
65454,0.29895442943681183
65455,0.3022912455738806
65456,0.3417715750670715
65457,0.3062256872647119
65458,0.5863573772235037
65459,0.4871569616944151
65460,0.349720671519057
65461,0.06185102513059961
65462,0.10782422465910017
65463,0.7021145330998229
65464,0.5286344819281655
65465,0.36006005141482095
65466,0.3879679983337842
65467,0.5906142899421535
65468,0.2463895480168017
65469,0.6790933119771501
65470,0.6578185296157526
65471,0.5764232536473459
65472,0.14049940019446772
65473,0.6426287526524227
65474,0.30012729855119097
65475,0.26822061624149796
65476,0.2971884211605825
65477,0.34992289027708356
65478,0.5090402676241081
65479,0.5223881352870684
65481,0.7067978454233845
65482,0.29381706922904977
66000,0.0
66001,0.7720861762066021
66002,0.9602721685422683
66003,0.2434161371069515
66004,0.5098765026495732
66005,0.3506277082079054
66006,0.25602295597244523
66007,0.206869643519267
66008,0.9837431705234828
66009,0.2605276578885761
66010,0.19573518862664993
66011,0.9138173008189571
66012,0.9931337997917284
66013,0.21850568161670936
66014,0.9953918211573396
66015,0.8347889529260112
66016,0.9080403643949647
66017,0.9330840303745954
66018,0.2657590800832257
66019,0.3602516000632633
66020,0.7095490969918385
66021,0.9710668018194681
66022,0.2470855597870428
66023,0.2776714951032331
66024,0.7099809883924847
66025,0.3083030661900868
66026,0.8646636345175785
66027,0.2813928773213795
66028,0.9649861096595133
66029,0.5142173108748394
66030,0.9159251515595054
66032,0.5066693436133994
66033,0.6868726537837916
66034,0.18050589167188477
66035,0.20617283433371877
66036,0.16572160232038644
66037,0.9654842561726092
66038,0.994209025382622
66039,0.26929354594379684
66040,0.3456724060359209
66041,0.9430157701712423
66042,0.3054723027691716
66043,0.12375151932140888
66044,0.7182679600750305
66045,0.306114080743148
66046,0.21541355052522013
66047,0.26672657265972904
66048,0.9058400113496384
66049,0.38144080950250836
66050,0.967149119325527
66051,0.20786173621887985
66052,0.21210779810286493
66053,0.9581272319402531
66054,0.12641220165469633
66055,0.6175243947703112
66056,0.782952569294466
66057,0.12505349532818846
66058,0.8603088754957547
66059,0.9524981158657135
66060,0.21387038776983872
66061,0.16704140238999526
66062,0.24911117838022878
66063,0.39500807009693384
66064,0.5422084178850117
66065,0.9378229681355783
66066,0.1811134941767745
66067,0.24373122145765244
66068,0.07427828287584709
66069,0.9399401577413142
66070,0.20408468903581517
66071,0.9031244299712144
66072,0.3101809905408009
66073,0.19241151749960642
66074,0.21705857613432616
66075,0.25940701745054334
66076,0.2514341032792065
66077,0.21599063214098804
66078,0.14422892527166478
66079,0.1971535947621071
66080,0.17897212414291513
66081,0.37282905673846845
66082,0.39054882132041624
66083,0.17159386597700443
66084,0.8522677213500421
66085,0.09926724130165891
66086,0.2359730792263508
66088,0.4309670016967964
66089,0.21124186369038198
66090,0.1210199801808361
66091,0.09367586189282494
66092,0.26493253406448297
66093,0.9402806621211703
66094,0.946489685295661
66095,0.13375984886306874
66096,0.5145362298348183
66097,0.23996062606406338
66098,0.3857444102245616
66099,0.6740504539968938
66100,0.25930114095294077
66101,0.9072366777051932
66102,0.03783322496333154
66103,0.20287549588455991
66104,0.23620799422045316
66105,0.33821911031467994
66106,0.26861672149107313
66107,0.2570347205032509
66108,0.8204181312705721
66109,0.20133663158012233
66111,0.2663910592009884
66112,0.7510850500084638
66113,0.30982519493543753
66114,0.9388775458776715
66115,0.6975531190495877
66116,0.161754105632724
66117,0.2586637627066617
66118,0.8587370016123458
66119,0.1353230780217001
66120,0.237754559166032
66121,0.702073557441227
66122,0.1344083309935041
66123,0.1631480055248402
66124,0.543403244311128
66125,0.18075302230545542
66126,0.5073158704686731
66127,0.879043925186468
66128,0.19836888953743806
66129,0.8930921291431925
66130,0.21036641211922993
66132,0.1997956104300112
66133,0.9090892639664435
66134,0.7471887256208449
66136,0.9699077413618494
66137,0.7297256545357559
66138,0.9612662436004762
66139,0.2419074669338453
66140,0.8956792549613908
66141,0.9796437489340538
66142,0.2258255785868921
66143,0.2866610334192425
66144,0.9526583355386596
66145,0.9207014005764657
66146,0.046543945094197216
66147,0.1579190129753533
66148,0.9457159040066083
66149,0.37445977730038293
66150,0.06485359196995712
66151,0.2365711359226534
66152,0.08451955830781319
66153,0.40780754926048063
66154,0.3317684647274987
66155,0.0852288871730639
66156,0.15934526163413293
66157,0.26693587323491413
66158,0.24031588282377303
66159,0.30014687192434186
66160,0.38754820834526815
66161,0.16674056702903706
66162,0.2198575600716639
66164,0.9618589971910092
66165,0.2862097886926318
66166,0.08495321829282901
66167,0.2997104390793338
66168,0.8929097387485433
66169,0.2728829168229417
66170,0.8635534378367661
66171,0.9635875105784449
66172,0.9967943923787083
66173,0.8440621689915494
66174,0.8744777576594062
66175,0.8057904025516773
66176,0.9280017728731272
66177,0.850589468863653
66178,0.6023849033587021
66179,0.22103080557833102
66180,0.9379593957256039
66181,0.226976321957441
66182,0.9634050860993875
66183,0.3730308611128301
66184,0.2673190072582908
66185,0.38938691438348483
66186,0.9617644929469755
66187,0.25864768278469247
66188,0.2624435288914912
66189,0.9643365862724615
66190,0.8901861273193561
66191,0.24538153579279998
66192,0.21390815340343222
66193,0.07981351878892443
66194,0.2010035595421629
66195,0.9067825883051901
66196,0.9234963502858217
66197,0.12231489357216557
66198,0.21775785652259608
66199,0.43543700351772974
66201,0.2128116867487952
66202,0.38462993456444855
66203,0.36207944384850466
66204,0.15206133244450534
66205,0.9081847838095347
66206,0.13486042714013918
66207,0.8779723062704546
66208,0.959327503003052
66209,0.15105243109675018
66210,0.9047008593001078
66211,0.7211056017703475
66212,0.9560139895386484
66213,0.9923885906521014
66214,0.7449129611860351
66215,0.22301306472729393
66216,0.23950206011777633
66217,0.8639976145236649
66218,0.2290729786943378
66219,0.11935305412671887
66220,0.20036043382556767
66221,0.23008067252810616
66222,0.130089669319127
66223,0.12177954784279292
66224,0.9652980973602826
66225,0.9416973537329978
66226,0.8439869068408467
66227,0.9585837014147145
66228,0.9231779946092984
66230,0.21244792222454417
66231,0.9081994046000241
66232,0.16939677666468053
66233,0.6350591260080881
66234,0.22946340732868248
66240,0.0
66247,0.0
66253,0.0
66273,0.0
66420,0.0
67000,0.0
67001,0.9234791383453893
67002,0.2856714473567952
67003,0.6565415301092384
67004,0.44084849644040164
67005,0.7196632088637691
67006,0.475801699342935
67008,0.8334129108440301
67009,0.2059879227483091
67010,0.5692924818853727
67011,0.9213321071391241
67012,0.6858948573000576
67013,0.4014000681004526
67016,0.9647855594020145
67017,0.38176645921191243
67018,0.9187225413546932
67019,0.9289345751637502
67020,0.5894262354742
67021,0.5265752217266167
67022,0.5845412493487476
67023,0.9594053299838199
67025,0.8425129621087455
67026,0.28535245710841445
67027,0.37828904963502086
67028,0.9485321377199031
67029,0.2512279079634215
67030,0.9552172160955245
67031,0.6750157462770587
67032,0.5627783891491115
67033,0.8632739607909631
67034,0.9187174744142685
67035,0.9588277977913156
67036,0.3211784931387405
67037,0.9208067677029437
67038,0.8733909926985319
67039,0.8853616228473336
67040,0.8691270221673915
67043,0.9455180377882872
67044,0.38376924543882607
67045,0.7409961056199488
67046,0.8009800345860715
67047,0.25147041281667015
67048,0.5039134624110055
67049,0.8739330510585125
67050,0.12917884496449494
67051,0.6909461510107341
67052,0.5545328327368566
67053,0.9260367455474962
67054,0.7727759726848896
67055,0.841849333216076
67056,0.9414236281893248
67057,0.43858362435663234
67058,0.7546100914471706
67059,0.3913575370062308
67060,0.6969726567928927
67061,0.384027835272158
67062,0.5674948491638133
67063,0.6364154803207446
67065,0.9880177706142783
67066,0.11844274292434498
67067,0.8863395302946154
67068,0.5275145700498112
67069,0.6318654370653746
67070,0.2636983677953396
67071,0.4337915882047714
67072,0.3586905250191694
67073,0.7339804562782675
67074,0.7342256160779508
67075,0.7496232230601231
67076,0.08377386495899752
67077,0.553829962166681
67078,0.6208613161375078
67079,0.5910464818172285
67080,0.8859373298681288
67081,0.8957574127432772
67082,0.5643887702180034
67083,0.16624305090326985
67084,0.5815920286984655
67085,0.9520194726772657
67086,0.915733316244909
67087,0.5698777427406286
67088,0.30520337977026774
67089,0.4480411652405593
67090,0.8860181356836169
67091,0.3662632211053835
67092,0.6146234057216732
67093,0.9208743532821037
67094,0.6954610309049198
67095,0.42968300609891413
67096,0.4315166154407693
67097,0.9233125659608883
67098,0.915424309676663
67099,0.2898847043377929
67100,0.9846692716085051
67101,0.9574308370414321
67102,0.9869903181650374
67103,0.420056572980976
67104,0.719965559934876
67105,0.37620302758591617
67106,0.6704133941586287
67107,0.8117817715476819
67108,0.9040314608229366
67109,0.9873988675192295
67110,0.904643622568389
67111,0.3612210068945368
67112,0.8804397222128337
67113,0.5579113119262017
67115,0.8628669314380383
67116,0.8522642573153895
67117,0.4462701609490663
67118,0.9233925901361714
67119,0.9173349214905503
67120,0.528633899554382
67121,0.8134078346104482
67122,0.43069291684295774
67123,0.5059801428406183
67124,0.9188795337400503
67125,0.4948920118166546
67126,0.36813103717832013
67127,0.8920565781440105
67128,0.9021642060644993
67129,0.5177787991049482
67130,0.970698511057721
67131,0.9356772920628763
67132,0.9090270743870644
67133,0.3930737244605668
67134,0.2862634507054965
67135,0.5617802635655021
67136,0.25493281493271436
67137,0.9945224893748469
67138,0.9874373086493807
67139,0.9148003455868711
67140,0.695435659184598
67141,0.8964753408053352
67142,0.691288341346087
67143,0.52855189851999
67144,0.12879965401949073
67145,0.7326966689197086
67146,0.8154199881320937
67147,0.8873732879628649
67148,0.4117462488881537
67149,0.5324404319613824
67150,0.9865059181898662
67151,0.7981992375370685
67152,0.9118836981550205
67153,0.42371516869720877
67154,0.8793078233074849
67155,0.7256965878611197
67156,0.8881391389102717
67159,0.8349855961550469
67160,0.9247644794974261
67161,0.5279871205119184
67162,0.3783120188506445
67163,0.8721184787119239
67164,0.67943620730469
67165,0.10827756880088671
67166,0.5711227183881066
67167,0.4460901348813279
67168,0.9087788508575806
67169,0.8332928460007346
67172,0.7998780144366052
67173,0.9408415092184917
67174,0.41717642273776495
67176,0.8527647966958376
67177,0.917758391829683
67178,0.295189121593126
67179,0.48750254827461953
67180,0.7846430773532491
67181,0.9848628485674836
67182,0.9168748019544625
67183,0.21565248576023668
67184,0.646731565848094
67185,0.4284122486605132
67186,0.9056621586743733
67187,0.7607712284507572
67188,0.9011088841382169
67189,0.575589943796972
67190,0.4249489087736466
67191,0.30458396176141334
67192,0.9256519622522457
67194,0.7491127101407105
67195,0.7429009106233363
67196,0.8609453111781422
67197,0.8336078320527148
67198,0.41163032793157295
67199,0.25538005572590944
67200,0.9787016978098768
67201,0.3652854236080806
67202,0.8033193372037537
67203,0.8099300428607775
67204,0.9460414258142724
67205,0.9036223481952214
67206,0.7316745844830689
67208,0.8310413068013741
67209,0.8313159742128245
67210,0.7030465720027698
67212,0.943197014553641
67213,0.7660202356447781
67214,0.9837187836604883
67215,0.6912123491908959
67216,0.8757306945247298
67217,0.9868755720713639
67218,0.9663226418459867
67220,0.7282607694273873
67221,0.7735714784442803
67222,0.3057693702663707
67223,0.7952113227299086
67225,0.4577532517159852
67226,0.981876718506913
67227,0.5424774533704404
67228,0.9880485295418383
67229,0.5582952522362018
67230,0.8642555241805798
67231,0.665433427368988
67232,0.7091700491566235
67233,0.7014427742794895
67234,0.4445969576706254
67235,0.6237491609425838
67236,0.9916506924851997
67237,0.8477267114273934
67238,0.5142011394391142
67239,0.813232979124178
67240,0.8969708997617138
67241,0.40886694569921805
67242,0.44528597177940604
67244,0.5809625790877381
67245,0.6851933108991042
67246,0.8337375059558365
67247,0.9047459653563349
67248,0.7667819341491018
67249,0.979258031372147
67250,0.9745655381728
67252,0.8502131922391104
67253,0.9887925488082262
67254,0.6870962109191565
67255,0.5664972627158019
67256,0.9463328215021013
67257,0.7354550361419723
67258,0.7978276841416844
67259,0.9001241070485441
67260,0.9021775564374563
67261,0.7933572760023809
67263,0.9217936715618521
67264,0.6426854690505299
67265,0.21206222433600636
67266,0.8291150919997466
67267,0.9431437005008263
67268,0.8980595309077095
67269,0.6668560617972457
67270,0.5619328395307038
67271,0.7157971843037709
67272,0.4820884861752934
67273,0.39486616242558115
67274,0.34401423264630326
67275,0.4563567729542965
67276,0.32918553642177145
67277,0.9475708729326242
67278,0.29742532106152686
67279,0.7332168912745871
67280,0.5868185099275883
67281,0.8291283839378122
67282,0.9145513752751863
67283,0.4397271123782867
67285,0.7820448959325959
67286,0.7212448321913932
67287,0.4925900318048606
67288,0.7025870730824154
67289,0.38590927577097794
67290,0.6837720085730946
67291,0.8933506963562453
67292,0.5140837879893577
67293,0.7125785531633091
67295,0.5727372963574499
67296,0.9386863233291041
67298,0.9053403573492157
67299,0.904741257630525
67300,0.8063026737309178
67301,0.7743527301580873
67302,0.5883899663987092
67303,0.8568643105950208
67304,0.6673012221156558
67305,0.49167719278453864
67306,0.8544604531741444
67307,0.39960774130184223
67308,0.5453122508013882
67309,0.9562340754440146
67310,0.7250212128746212
67311,0.9002969296465329
67312,0.8057480975215204
67313,0.9520197136257686
67314,0.4693342453647182
67315,0.4780304298549236
67317,0.6498819692920642
67319,0.8399262486444765
67320,0.6194424313806931
67321,0.4396687405008
67322,0.38404295084648243
67324,0.35903718586492345
67325,0.9060876764662928
67326,0.9396009385998547
67327,0.5150650458081364
67328,0.4974883588346
67329,0.6999763988820211
67330,0.5822523100941283
67331,0.9693502473586977
67333,0.37715281768467374
67334,0.9035597887225741
67335,0.9890631963326625
67336,0.9751816690224666
67337,0.5589212115877391
67338,0.9403921334371913
67339,0.6863868578685813
67340,0.28514394933630965
67341,0.9079264741562086
67342,0.4268956200894678
67343,0.9256324867788492
67344,0.8417653476778598
67345,0.762435622939602
67346,0.5629433208502288
67347,0.4875765385219332
67348,0.7235140831542317
67349,0.69463684874952
67350,0.9107764982118903
67351,0.6892065818441734
67352,0.3400870724601131
67353,0.1433901277133008
67354,0.8860117826976339
67355,0.24394414196896735
67356,0.7845008363239069
67358,0.27853962294385487
67359,0.9554840953562429
67360,0.8040615403064321
67361,0.9049628366741848
67362,0.8095446921113979
67363,0.987191281208077
67364,0.9671507653915788
67365,0.9300446005555485
67366,0.5294607107677218
67367,0.5510523128689675
67368,0.48942203273921386
67369,0.38688882916008394
67370,0.3699748141886323
67371,0.36548157538517556
67372,0.5266166130366632
67373,0.446330857823332
67375,0.9402479192964411
67377,0.08010061873386497
67378,0.9024936097968599
67379,0.9340507449037876
67380,0.405995659459099
67381,0.3835387865774146
67382,0.9854645135885852
67383,0.8137050061135037
67384,0.0894607710407505
67385,0.3769152245217576
67386,0.44126387896031954
67387,0.6730055294296148
67388,0.8191083716630007
67389,0.9529503502313605
67391,0.48287685475547315
67392,0.21581287028643384
67394,0.7999496132684224
67395,0.4739237560572693
67396,0.26517656840405407
67397,0.42693029193111004
67398,0.8804174545618881
67400,0.8124157182037343
67401,0.33777525541571035
67403,0.5160177731321746
67404,0.6629095211881079
67405,0.7128313056649752
67406,0.8476201451176267
67407,0.7241973605284566
67408,0.5524615273782209
67409,0.886356399653936
67410,0.9446846029198919
67411,0.9147080368032755
67412,0.8790374238412079
67413,0.3780682358860648
67414,0.16237029993930613
67415,0.2973345253231599
67416,0.8570127088998366
67417,0.9688904846740896
67418,0.5939917643968428
67420,0.677561989313143
67421,0.420979747306981
67422,0.8728866162309235
67423,0.7684608501633821
67424,0.09453966804385663
67425,0.4780669798803297
67426,0.6190920192967859
67427,0.6306550804291846
67428,0.5418252228170128
67429,0.5391017020560641
67430,0.6349489191822165
67432,0.5871330289614408
67433,0.7721308320466297
67434,0.3464951350401614
67435,0.31931772620186594
67436,0.4576250824171269
67437,0.5507817528143015
67438,0.7936649755194646
67440,0.5428279016837928
67441,0.5504831464745343
67442,0.9798272044406551
67443,0.7693617096521275
67444,0.6769889341848666
67445,0.7569007633021977
67446,0.3974767549203748
67447,0.9399430371473984
67448,0.20795458682224613
67449,0.6128541126151069
67450,0.6175298488126056
67451,0.6621164939781349
67452,0.9879793069460837
67453,0.8821026584340858
67454,0.3961909122627779
67455,0.7723407442311567
67456,0.2635154503712303
67458,0.9696389584968358
67459,0.48345277367622436
67460,0.760679822831316
67461,0.9107772588433449
67462,0.7923612011363813
67463,0.5928676462511825
67464,0.8529095153294357
67465,0.5417527819339614
67466,0.6071542998249857
67467,0.4004218307650567
67468,0.38029240633491973
67470,0.15878066345763772
67471,0.9509146168675888
67472,0.5509896627750672
67473,0.9604599333080741
67474,0.8051735185956733
67475,0.38844952212182426
67476,0.6048355489144591
67477,0.5801052392816861
67478,0.509579464974583
67479,0.8395186092915325
67480,0.9131287342737423
67481,0.542315571765142
67482,0.995133577582936
67483,0.39631251034583326
67484,0.6578048242577723
67485,0.9082827065196694
67486,0.8705613508660829
67487,0.7796777695753843
67488,0.2856966401015392
67489,0.43419939584251177
67490,0.628497602291813
67491,0.3649908059859471
67492,0.964847208379317
67493,0.6376186397407343
67494,0.6214827644857881
67495,0.9244109148661217
67497,0.9550871679869808
67498,0.49098293581195396
67499,0.5372530460656525
67500,0.8571173214264743
67501,0.7521685861138152
67502,0.5185372070500329
67503,0.4039056097557039
67504,0.6822211710267881
67505,0.6705185343771934
67506,0.9550947032044577
67507,0.6310481317776753
67508,0.26440370711405936
67509,0.3481811630306673
67510,0.8239971710272582
67511,0.9339468410104457
67513,0.26452459559391156
67514,0.3572843184475644
67515,0.5159580996836777
67516,0.7980769292345814
67517,0.9644749508584085
67519,0.8908243319107703
67520,0.9497694945479207
67521,0.37263703617237576
67522,0.4048745530799436
67523,0.980220873629556
67524,0.3889089888738173
67525,0.9220518020151781
67526,0.7281104047220698
67527,0.6056148013786934
67528,0.3553918865933312
67529,0.8191672891316173
67530,0.5115908981869312
67531,0.37487723087688823
67532,0.8548499408151856
67534,0.46048767803034785
67535,0.28718781255993836
67536,0.895555996685372
67537,0.7534871983612207
67538,0.35121685564909316
67539,0.8465076882641066
67540,0.9570274151983481
67541,0.5185120969968638
67542,0.9871407612699786
67543,0.3532899031698257
67544,0.907928675025398
67545,0.8725878575645271
67546,0.7273192778259249
67547,0.8766068197783057
67548,0.9874943937841767
67550,0.9045889392650257
67551,0.9153686348290253
67552,0.3190375092454146
67553,0.5071330900998341
67554,0.8712945005092241
67555,0.6882653832458067
67556,0.8096940359876982
67557,0.6466546602119454
67558,0.3132812656135733
67559,0.3983502403301059
67750,0.0
68000,0.0
68001,0.8376358717584473
68002,0.6229919968922867
68004,0.7385738480759965
68005,0.9701915407127923
68006,0.7446572631985549
68007,0.8330793802464986
68008,0.7596073827000707
68009,0.8913054583285084
68010,0.774648447500581
68011,0.7370148881993543
68012,0.7032262940544994
68013,0.7069632190191014
68014,0.7195033653404311
68015,0.9136769808156959
68016,0.9784434274566112
68017,0.656230670747675
68018,0.7173598208819802
68019,0.8892673508580052
68020,0.9515676078677746
68021,0.8286128407335627
68022,0.8710653169231778
68023,0.9616191182746412
68024,0.5887583982303678
68025,0.6153047585913551
68026,0.9735302870525316
68027,0.8080762687611588
68028,0.7998934372889408
68029,0.8351566437254223
68030,0.7508822781475549
68032,0.7834386984730501
68033,0.7110337494418776
68034,0.6915713638672857
68035,0.6782443587443985
68036,0.8415318033428522
68037,0.6482379248106167
68038,0.856992046906279
68039,0.40074933168776594
68040,0.4128277194617902
68041,0.9573315146844924
68042,0.8323143000476546
68043,0.8328206255036499
68044,0.48378210250430825
68045,0.5990210711870966
68046,0.4777688080183808
68049,0.7977857328901665
68050,0.6230838037081047
68051,0.4121120971749846
68052,0.5844278886214297
68054,0.841728640680031
68055,0.9148457490198199
68056,0.9250248173927424
68057,0.6395892083223687
68058,0.6130555400196261
68059,0.8096507547302544
68060,0.746819181146352
68061,0.7166743409536107
68062,0.6417530564178762
68063,0.7647652930768025
68064,0.932896793565318
68065,0.630937232498276
68066,0.9769276062923116
68067,0.8117244615499176
68068,0.6558989195515169
68069,0.7483414222144245
68071,0.6062846923216769
68072,0.8690381531187825
68073,0.5364383108219319
68074,0.5013408136114996
68075,0.8061777774532551
68076,0.8769405610500801
68077,0.7114405356125684
68078,0.7991573214130517
68079,0.631341341462656
68080,0.9752743186811537
68081,0.7432561132637112
68082,0.8423613960090487
68083,0.6677133462450451
68084,0.9053688988135367
68085,0.6047449168882668
68086,0.6500958304835366
68087,0.4565105242893272
68088,0.8482513209155766
68089,0.15881919611086454
68090,0.8804151302429504
68091,0.9782916265810406
68092,0.729329698099744
68093,0.9111181445270219
68094,0.6869200511509368
68095,0.8550978987319766
68096,0.8481754435026875
68097,0.7395776443670558
68098,0.527044741274766
68099,0.7867226551167822
68100,0.6328703204000088
68101,0.7451340359521036
68102,0.29505025741204893
68103,0.8743640029596653
68104,0.8790080435763843
68105,0.6971274499840803
68106,0.44626654677020944
68107,0.6325591193595937
68109,0.8353383059078492
68110,0.8250875078251696
68111,0.7688889965702593
68112,0.7888858338089834
68113,0.7719811583593009
68114,0.5832557936066111
68115,0.6432467874517415
68116,0.7984742102336154
68117,0.8588946580835018
68118,0.8860585882640903
68119,0.6787356102267212
68120,0.6996470587085004
68121,0.6855996037804055
68122,0.7766361484731128
68123,0.7725491615879913
68124,0.9705979627816178
68125,0.6335344644310584
68126,0.7672907035916958
68127,0.7667699892178458
68128,0.542526918163736
68129,0.7351484394010286
68130,0.7242166057280098
68131,0.9790124682341758
68132,0.8534538188919393
68134,0.7651180104471973
68135,0.7788423681039328
68136,0.7531361356161935
68137,0.5952740087932665
68138,0.6838224681673843
68139,0.602435936470442
68140,0.8037768091713555
68141,0.9713057378760604
68142,0.8405562782854283
68143,0.9647615177968212
68144,0.961900594020302
68145,0.8569110302912818
68146,0.9884143447415625
68147,0.9626379003013071
68148,0.8661982886402835
68149,0.9721142597243084
68150,0.8011090540678327
68151,0.22930477335103727
68152,0.7981496815173912
68153,0.787991281156139
68154,0.9487268073477528
68155,0.9825873617426826
68156,0.8660747437332854
68157,0.9655561138292719
68158,0.8431668631628547
68159,0.7649074997179449
68160,0.8512930201811353
68161,0.9711127858182339
68162,0.8637640996141055
68163,0.8332323594783906
68165,0.4387986489460634
68166,0.9461074635924283
68167,0.566447987530317
68168,0.7246853510726673
68169,0.5700616591866967
68170,0.8773695864573291
68171,0.1612693264690544
68172,0.8426618700757172
68173,0.8162964951462782
68174,0.9028628368008881
68175,0.7404643290851199
68176,0.41308808270306707
68177,0.5759744498644719
68178,0.2743085759791202
68179,0.5904391826045919
68180,0.5611149432735426
68181,0.7670058251544667
68182,0.6710783299371905
68183,0.6992595160262306
68184,0.8672259238485801
68185,0.6295374844848205
68186,0.6531622167128036
68187,0.7032480299342946
68188,0.26018999295554246
68189,0.7541835677964402
68190,0.8638447301923967
68191,0.9736807337343448
68192,0.6368898508541966
68193,0.5417659888334327
68194,0.5864731910738962
68195,0.9756381488754817
68196,0.6671532970124443
68197,0.8631068677456997
68198,0.867652596007026
68199,0.29870015013235035
68200,0.6149520823221195
68201,0.6011984570550852
68202,0.5952388251902951
68203,0.828516223319849
68204,0.18533621032594705
68205,0.7424175854571966
68207,0.7657770863348133
68208,0.698070917529681
68209,0.9668889128913802
68210,0.1830577139135615
68211,0.28540908111714525
68212,0.5035032096712296
68213,0.2029400217176049
68214,0.754059102700906
68215,0.6609600258535479
68216,0.44020932529347684
68217,0.26983246578562936
68218,0.9753082318886481
68219,0.5779776868158768
68221,0.7308358874942564
68222,0.7019508737659932
68223,0.3371597904429994
68224,0.9363256048276526
68225,0.8334392065888451
68226,0.7888881847085232
68227,0.8614811902791549
68228,0.7472186041358825
68229,0.48699651280183237
68230,0.9095027252242952
68231,0.8641311385979226
68232,0.8758997940553638
68234,0.7299545530254556
68235,0.7172990657846552
68236,0.0
68237,0.9675986736805937
68238,0.8458720156991797
68239,0.4304859017183862
68240,0.9460966680123549
68241,0.7312248278504045
68242,0.6725634392845685
68243,0.8578990770700365
68244,0.7759686405135381
68245,0.9772324373430774
68246,0.7741048946391581
68247,0.18063749930596337
68248,0.7113003672556045
68249,0.7396961394448411
68250,0.7325475068788254
68251,0.7644275796413627
68252,0.9568565594019965
68253,0.9532008027398489
68254,0.9580192811545007
68255,0.7381275483588484
68256,0.9234836241074889
68257,0.7661232368192954
68258,0.9083979953941793
68259,0.6562520898239503
68260,0.8703413576849703
68261,0.4944527198152659
68262,0.2113334093474944
68263,0.7592575628300885
68264,0.764841599318521
68265,0.8938053286223864
68266,0.7660459957680371
68267,0.7576368585152996
68268,0.6332785280268926
68269,0.7976818450802589
68270,0.97987615817824
68271,0.9377692982238824
68273,0.5918364705749682
68274,0.5387001205459563
68275,0.21992826397013673
68276,0.6040967281914115
68277,0.8391700264112568
68278,0.9208811267704857
68279,0.6186258426418598
68280,0.7591283579775029
68281,0.8324738832923755
68282,0.6382685589091162
68283,0.5069572120566543
68284,0.7961845569108263
68285,0.8017550213392061
68286,0.8006431599870536
68287,0.756805401781664
68288,0.5500278233035139
68289,0.904249675540038
68290,0.7928154578328438
68291,0.9476399027432091
68292,0.2754289456612081
68293,0.6089872317112573
68294,0.5613102720717038
68295,0.7481239899758528
68296,0.8094903080160858
68297,0.9080896954726898
68298,0.6310461185361129
68299,0.6272653346611053
68300,0.9563745850958142
68301,0.8555058220028205
68302,0.7729629465367116
68303,0.9668109763343832
68304,0.5692906383884951
68305,0.4139553398477706
68306,0.39439580652966627
68307,0.41803209850911155
68308,0.5416914873033635
68309,0.839083280449337
68311,0.25198458771187815
68312,0.6906906167357323
68313,0.5929640521600082
68315,0.7462668847282843
68316,0.8113743009491596
68317,0.46357759163272244
68318,0.7284409699439591
68320,0.7482072276437403
68321,0.8247812706386173
68322,0.6775659847489794
68323,0.9104815192397882
68324,0.9153699743438986
68325,0.7783329760765156
68326,0.5829787158450369
68327,0.8492063460691884
68328,0.1415137611542529
68329,0.29932676286607507
68330,0.6403999543287535
68331,0.7771447547714926
68332,0.7955764747626435
68333,0.9764930986424738
68334,0.5238023124957395
68335,0.7489898829231909
68336,0.6096823266714442
68337,0.5960687627724041
68338,0.9676990496272507
68340,0.3889651364858873
68341,0.8524125625077501
68342,0.7097167580571127
68343,0.8791571328146626
68344,0.11450731660049174
68345,0.8644275834741256
68347,0.8745442002923427
68348,0.7060934578260891
68349,0.8168127948890433
68350,0.7886724855803595
68351,0.7780086498012946
68352,0.8407034454258582
68353,0.9044015950884949
68354,0.84906909928185
68355,0.7815037891950369
68356,0.8050093109384151
68357,0.8657323748630745
68358,0.5808598992001096
68359,0.7318264149484032
68360,0.7899835430185655
68361,0.45147315912596075
68362,0.6882637271061086
68363,0.7550750371586205
68364,0.7505074889737845
68365,0.835941254580072
68366,0.8670266309014758
68367,0.8149553752215972
68368,0.847926890930339
68370,0.18433817652595155
68371,0.8359089470665446
68372,0.3962601170352907
68373,0.5011357181616646
68374,0.8404658738492193
68375,0.7990895000059219
68376,0.9539181287682875
68377,0.7528193336368808
68378,0.6263077311562357
68379,0.7919633643661873
68380,0.7065454222176476
68381,0.7593795502335202
68382,0.8757996745851717
68383,0.9583418800925698
68384,0.9733025746311599
68385,0.8443567590444623
68386,0.9140348799074236
68390,0.0
68500,0.0
68590,0.0
68790,0.0
69001,0.5239831036374477
69002,0.07146345519867604
69003,0.9347140885207246
69004,0.9465541751057382
69005,0.8752624224850517
69006,0.6053072920516926
69007,0.8097362491168179
69008,0.5582819916050166
69009,0.8639338441279324
69010,0.9645851051504576
69012,0.5552215485983164
69013,0.8119725725731077
69014,0.6317690344589104
69016,0.17510437698792278
69017,0.8468022432055617
69018,0.824841353181044
69019,0.8277353476765053
69020,0.9365604537229859
69021,0.7778188716253949
69022,0.767879555794022
69023,0.7828253328408118
69024,0.8419090329369384
69026,0.8083059774130913
69027,0.9944496514839103
69028,0.9962953851339057
69029,0.9868876053330314
69030,0.5306297049030929
69031,0.5876921588204946
69032,0.7810597859400739
69033,0.9229249953548654
69034,0.9640183810258761
69035,0.8999392342465918
69036,0.8358779011925752
69037,0.8295495149600397
69038,0.5183185689817675
69039,0.8023548713421096
69040,0.9602661810164419
69042,0.5253247664926706
69043,0.9962756281537964
69044,0.9971915671184658
69045,0.7080328958461022
69046,0.9793712446548026
69047,0.9404051530610754
69049,0.9083795708006126
69050,0.919500525851274
69051,0.9698862821519293
69052,0.9082448092752515
69053,0.907741659911762
69054,0.38755520825475814
69055,0.9069691652044491
69056,0.8320760353840215
69057,0.9735497488974103
69058,0.8362511949445864
69059,0.9045251407741469
69060,0.6468785986356069
69061,0.7834768841359173
69062,0.9506583933387979
69063,0.9587474884630369
69064,0.830644431453943
69065,0.8492598906097846
69066,0.38782667325358644
69067,0.9740049496316521
69068,0.951429297786775
69069,0.9552287086130189
69070,0.5572993946306944
69071,0.928759281954422
69072,0.9974247971419703
69074,0.7992106040514884
69075,0.6000330082306545
69076,0.9331513844259446
69077,0.8568328388420936
69078,0.5916408663629212
69080,0.9610950173404518
69081,0.9523042602191805
69082,0.9086625157364115
69083,0.9681314904800383
69084,0.8493448488939017
69085,0.9384908256185268
69086,0.9756349323930292
69087,0.9497891942194808
69088,0.956571679419389
69089,0.9592486419387731
69090,0.8674368168591835
69091,0.9939945660146988
69092,0.8668990126727731
69093,0.6180461409835494
69094,0.9467767771900956
69095,0.8293662562155796
69096,0.9148615971390206
69097,0.9643149062256423
69098,0.6585640443640041
69099,0.6294540765095079
69100,0.9831265500416523
69102,0.4627634910889867
69103,0.915941890692039
69104,0.925126611923772
69105,0.8022839143232993
69106,0.8678290204268647
69107,0.8479303220473688
69108,0.8474043804079073
69109,0.8242203452489446
69110,0.9391177743875707
69111,0.8883801158670527
69112,0.9829873614341068
69113,0.7742214382956671
69115,0.898961458426191
69116,0.9718846643216882
69117,0.9156530858522363
69118,0.8343701140680991
69119,0.9528175350752883
69120,0.5355373373222354
69121,0.891293892730822
69122,0.8745933487570067
69123,0.9672817017592962
69124,0.7083254819386694
69125,0.8873316601381931
69126,0.8768813599316085
69127,0.9466053139850831
69130,0.6056904582421695
69131,0.9949428183959621
69132,0.8605642312397841
69133,0.9177738927682915
69134,0.8467503257494532
69135,0.8064445788830097
69136,0.9924138586102973
69137,0.8073924517815342
69138,0.6017381307680256
69139,0.5083605203692263
69140,0.8829065013151344
69141,0.9726823881854232
69142,0.951983535579421
69143,0.9113703507399913
69145,0.8149070063761301
69148,0.9930019334189669
69149,0.9503681618577865
69151,0.7714371656744806
69152,0.9973119392851625
69153,0.9431559245324218
69154,0.986374089493647
69155,0.6629790803348038
69156,0.8546456789861934
69157,0.6168452646827679
69159,0.8419940466841555
69160,0.34712803114181956
69161,0.25581277672926367
69162,0.7377278189261194
69163,0.8556560264435331
69164,0.5185252160013775
69165,0.8431727220991316
69166,0.7505437661462585
69167,0.8423472197340983
69168,0.9613831866690401
69169,0.5770307435394278
69170,0.9721825310984579
69171,0.9645037755384552
69172,0.7809722643685191
69173,0.7871255187641355
69174,0.4929692299136479
69175,0.759977542733858
69176,0.9942997546250836
69177,0.9768142930382447
69178,0.6955056738690606
69179,0.9699717191117523
69180,0.798067292895936
69181,0.5593652951241158
69182,0.06687917280035371
69183,0.44687500478633335
69184,0.7497361819806537
69186,0.14478157515973292
69187,0.5557383726110031
69188,0.6356305593791751
69189,0.7512992990277212
69190,0.9377896618994958
69191,0.9607389391015702
69192,0.8209701742423862
69193,0.7464327657956805
69194,0.9619503523769661
69196,0.5588033800087823
69197,0.7658400146622614
69198,0.785080834729435
69199,0.9644593026412095
69200,0.5407109844117988
69201,0.8108255440600897
69202,0.9543437348549768
69203,0.6626657505021342
69204,0.9827695874803452
69205,0.9619038517586184
69206,0.7056762016377721
69207,0.8946443865029702
69208,0.8174748847080999
69209,0.10588956780333604
69210,0.0
69212,0.895523216561911
69214,0.6582649323328795
69215,0.7859908105971092
69216,0.706324421686719
69217,0.5973072468489015
69218,0.8258083451795588
69219,0.9826107958454681
69220,0.6309694793345428
69225,0.6700639530120052
69227,0.6803843532342945
69228,0.7878400911693584
69229,0.5031665701569392
69230,0.8110217336626634
69231,0.9769850219562105
69233,0.963327686228157
69234,0.7073216098915208
69235,0.7997337639873577
69236,0.9553243176251932
69238,0.7977687873223369
69239,0.7032209691678417
69240,0.44330436481492225
69241,0.9900966449122183
69242,0.8604072180051782
69243,0.665080716684399
69244,0.9538080385442842
69245,0.7397168181655118
69246,0.8757331571811836
69248,0.4961635677582243
69249,0.9891326782311075
69250,0.9394242927691429
69252,0.9526116185055339
69253,0.8200226476860114
69254,0.5786612334204487
69255,0.9878626623865432
69256,0.9583797807044304
69257,0.7988075755203546
69258,0.8896140231701197
69259,0.9979449804045432
69260,0.9391665743725459
69261,0.6126967187136609
69263,0.5120470504148825
69264,0.9421649033087638
69265,0.8177269030959503
69266,0.9973891083721057
69267,0.8336175453328836
69268,0.9943241371970459
69269,0.9820022361765853
69270,0.9391717434331219
69271,0.9731942763762702
69272,0.9122374789594748
69273,0.9540875124938868
69275,0.9586927357345775
69276,0.9540212087267248
69277,0.9658229913407234
69278,0.8628608529594519
69279,0.945400628939361
69280,0.9214027446579148
69281,0.932736931107627
69282,0.9563587571225534
69283,0.9493575208619484
69284,0.9182374104294151
69285,0.9640467176398058
69286,0.9425515602887431
69287,0.9605936759869449
69288,0.9620059324379262
69289,0.9442469437674855
69290,0.9779943184963537
69291,0.941188693746506
69292,0.958817649663392
69293,0.9401259160429176
69294,0.9342160872641625
69295,0.9153467234172431
69296,0.9289252980690234
69297,0.9155091881536933
69298,0.9511376786635182
69299,0.9732078229671646
69380,0.0
69400,0.0
69440,0.0
69460,0.0
69480,0.0
69490,0.0
69510,0.0
69530,0.0
69550,0.0
69560,0.0
69570,0.0
69590,0.0
69610,0.0
69620,0.0
69640,0.0
69790,0.0
69800,0.0
69840,0.0
69850,0.0
69860,0.0
69870,0.0
69930,0.0
70000,0.0
70001,0.15242629948354888
70002,0.17258250919985968
70003,0.17172670245711977
70004,0.24287520564695775
70005,0.21426061828381013
70006,0.07226637527809288
70007,0.14195204703537043
70008,0.10564313840196415
70009,0.046162266270228916
70010,0.11395655258169053
70011,0.17643775599520994
70012,0.2253569403931879
70013,0.1387535652366355
70014,0.23609691931974608
70015,0.25433531599636644
70016,0.1475448063011981
70017,0.06416137757437426
70018,0.5394394546712583
70019,0.43955724081080216
70020,0.39062619166803736
70021,0.1846540454868412
70022,0.1944524013891762
70023,0.11612793752584358
70024,0.29111987442531917
70025,0.160097800358043
70026,0.7307440581249659
70027,0.027682113045153677
70028,0.36621761395643593
70029,0.22692917445590988
70030,0.20587045168628773
70031,0.18061820489445732
70032,0.41096283337471373
70035,0.03402195084795811
70036,0.48942408732519893
70037,0.1792768484673666
70038,0.28538219455958375
70039,0.6088223982350216
70040,0.2797405109607241
70041,0.2952730875901075
70042,0.24689977641667146
70043,0.40643849745661476
70044,0.4192011734696247
70045,0.5944214451289873
70046,0.17422987518507607
70047,0.4177047542716529
70048,0.27158273651775044
70049,0.037013381697490105
70050,0.4326965756938197
70051,0.11766018848155128
70052,0.11419722110120811
70053,0.036932333404755664
70054,0.4235069520905108
70055,0.14056788824279504
70056,0.20738553700004314
70057,0.4688948192796585
70058,0.3003015662840626
70059,0.21700564345305964
70060,0.6247395240807515
70061,0.14999093011466477
70062,0.17279500259353545
70063,0.19632451788909752
70064,0.5826100757063298
70065,0.16929622077129672
70066,0.041919415867749804
70067,0.23921946503928193
70069,0.12693635216453447
70070,0.03314613855874992
70071,0.08611500334877839
70072,0.17993657105472446
70074,0.04084433303282478
70075,0.21668364484978325
70076,0.607896181090467
70077,0.31294993135057475
70078,0.03239499826547511
70079,0.3327335860419763
70080,0.5635803038439999
70081,0.19974017221079954
70082,0.28453697403394085
70083,0.10621671220956
70084,0.6136455451771509
70085,0.5454919735241615
70086,0.059389343759791845
70087,0.18411278203434314
70088,0.1805593590062797
70089,0.02893602277485467
70090,0.39965973557105705
70091,0.12229319492442825
70092,0.26545632173264544
70093,0.16404617643103056
70094,0.14918468083123348
70095,0.3450268210665906
70096,0.9534992460984183
70097,0.08646554187246513
70098,0.18852445096010229
70099,0.03428849061123238
70100,0.3225157554100811
70101,0.17531220983976348
70102,0.6013118244939673
70103,0.1566011743632753
70104,0.37551267912103886
70105,0.2971327009741575
70106,0.03396810599372722
70107,0.6008209068984967
70109,0.5315610606524722
70111,0.36561237980603684
70112,0.03539202827503031
70113,0.24263928017417466
70114,0.0390158173155323
70115,0.3320399936064945
70116,0.7083878627053238
70117,0.9478435749682973
70118,0.43311966708273564
70119,0.637292939976541
70120,0.5290373713327068
70121,0.6758421950660628
70122,0.02918929730018318
70124,0.19248901963400442
70125,0.33038041363202664
70126,0.201664119229629
70127,0.2595670903836072
70128,0.15222760595968507
70129,0.1738035556094859
70130,0.44426594907633743
70132,0.5533328392052889
70133,0.21222965558174414
70134,0.47048275002737333
70135,0.02891190201610437
70136,0.4092352076919266
70137,0.36035080130310415
70138,0.27709725765374776
70140,0.27860671279826665
70141,0.2764305524991028
70142,0.28548879948236333
70143,0.029772969206783996
70144,0.029566736234491107
70145,0.5804093249565977
70146,0.2522565331027037
70147,0.6807319641588907
70148,0.3426068374411154
70149,0.6787048408287909
70150,0.5391900656878597
70151,0.14812162559150405
70152,0.17538371332323513
70153,0.028821807331074936
70154,0.39848713578447054
70155,0.15515924256381283
70156,0.16963116683203616
70157,0.3194092662976194
70158,0.4042734263371859
70159,0.34039664023869204
70160,0.7257868080673772
70162,0.43311758929599714
70163,0.7170507337582067
70164,0.33811828765833857
70165,0.16626819551837063
70166,0.48902349011534846
70167,0.2530410729035351
70168,0.17636668810549502
70169,0.18228750166121646
70170,0.03630895133553266
70171,0.07524343368738855
70172,0.1724842552279331
70174,0.41949230820817557
70175,0.032879466460266564
70176,0.09002705563825918
70177,0.3274283337320583
70178,0.20042823307781207
70179,0.5655646611058996
70180,0.579213624984867
70181,0.6228913836456139
70182,0.5541061620265709
70183,0.12145362188108653
70184,0.7106665350736754
70185,0.2745241504782864
70186,0.2610909305219545
70187,0.6654924804446261
70188,0.31572009331233153
70189,0.5652774676958688
70190,0.17137285780427133
70192,0.22767074884510372
70193,0.5315140871095134
70194,0.11639712605447897
70195,0.229924734856419
70196,0.11530874276779508
70197,0.36905327871598137
70198,0.15316972672637702
70199,0.7612577283566008
70200,0.1203261504154664
70201,0.1444396855241594
70202,0.10845267286390226
70203,0.7812928460046492
70204,0.2073338629733719
70205,0.7159032440384874
70206,0.9433384401042486
70207,0.8032360474619733
70208,0.2516279280275617
70210,0.18894299817599058
70211,0.2312223018783852
70213,0.250342247576314
70214,0.7272695790064558
70215,0.6509498579750721
70216,0.14879703724339122
70217,0.11474885041021811
70218,0.4163475155541403
70219,0.3568549198701293
70220,0.27680746958287894
70221,0.6191919424350725
70222,0.05378293199301892
70224,0.6345315832894206
70225,0.2696637942991382
70226,0.13657928196228855
70227,0.1939391016454166
70228,0.26946015748386615
70229,0.5489982765448367
70230,0.1714313042697953
70231,0.03360785423424521
70232,0.28529868370582806
70233,0.18716588888379648
70234,0.28373952721985435
70235,0.7546052815478576
70236,0.2749672268682101
70237,0.029942990842075246
70238,0.08456637951650423
70239,0.19452416116619578
70240,0.09271620714512398
70242,0.10798601557612679
70243,0.41989704420632523
70244,0.04694998857312857
70245,0.07594930977652262
70247,0.0295056676971673
70248,0.7487946005586184
70249,0.10886857560281588
70250,0.17359582252626393
70251,0.02966675539204709
70252,0.18270415635091852
70253,0.05153116371960697
70254,0.31458553603201383
70255,0.03545866072683533
70256,0.19443207949769595
70257,0.04064167794316563
70258,0.1433000692126619
70259,0.2900988949644731
70260,0.21718235707089117
70261,0.5325654363248534
70262,0.28419802654970816
70263,0.2554791878076952
70264,0.19942887936174525
70265,0.23420996645523426
70267,0.03287726347892153
70268,0.6276879373763722
70269,0.13490997648057607
70271,0.18131299139056253
70272,0.033766158913607236
70273,0.17920198848572494
70274,0.0325322019051138
70275,0.28688507382429773
70276,0.2574362357859395
70277,0.5830585030789652
70278,0.33270448316517937
70279,0.5989480944400319
70280,0.6986549969565427
70282,0.4407090166474874
70283,0.05955750148331878
70284,0.11145467773134174
70285,0.7783987021196969
70286,0.19962339521416309
70287,0.06615669802452134
70288,0.24023895517887292
70289,0.24802211524152856
70290,0.12347890222211659
70291,0.05366127528878226
70292,0.03714170359638274
70293,0.03288805634213155
70294,0.1678633619940699
70295,0.1726963794602246
70296,0.19137076982840517
70297,0.03280986764812076
70298,0.029798566982055588
70299,0.030114679176168623
70301,0.3107624120513792
70302,0.19319341531533235
70303,0.2597620643516014
70304,0.16869503352041476
70305,0.402442333320635
70306,0.24668542180401218
70307,0.1788576493461429
70308,0.15139895704474016
70309,0.22017572298350363
70310,0.38453611487518796
70311,0.22654836272737527
70312,0.709644675248729
70313,0.17782785782726887
70314,0.16196271604596915
70315,0.08693161355637549
70316,0.2564304830200888
70317,0.1721333371690807
70318,0.21946037646667316
70319,0.2821251073539169
70320,0.03996692927395245
70321,0.2522693941504245
70322,0.2892691570755187
70323,0.07651758389885106
70324,0.2800660386050928
70325,0.24501943614644522
70326,0.17160849953232907
70327,0.2786067125793048
70328,0.1889022621565374
70329,0.02888072301280894
70330,0.9446405914661204
70331,0.41621028107784297
70332,0.329171253340481
70334,0.565383076609584
70335,0.1714241833302646
70336,0.14430043905088624
70337,0.029853722508629485
70338,0.09853536517259431
70339,0.17968093298903792
70340,0.10312729845563127
70341,0.14912457575169785
70342,0.1930445660511061
70343,0.34019079992661544
70344,0.30308683122812574
70347,0.16345935560610958
70348,0.16572578959262976
70349,0.22933413484664023
70350,0.028871861198413378
70351,0.2963101909876508
70352,0.14206687136912635
70353,0.31078974380903146
70355,0.39694445790684546
70356,0.6367791632553264
70357,0.21594647450060994
70358,0.7279183398842133
70359,0.0958947133224866
70360,0.09565115528686934
70361,0.18915397737126238
70362,0.03163656763824937
70363,0.4199406532362982
70364,0.2818482951912919
70366,0.29584804922043734
70367,0.4428022287447954
70368,0.2350562397740732
70369,0.03035828252665682
70371,0.42778189050703985
70372,0.03427137770007526
70373,0.029268077460057662
70374,0.3151244620157477
70376,0.5145538713561872
70378,0.8435238289526199
70380,0.7063645301450338
70381,0.39095939692033344
70383,0.3620292471388116
70384,0.3584981290756801
70385,0.21671424925476937
70386,0.18352317129405113
70387,0.33918032867241826
70388,0.864068337860187
70389,0.2552386280023596
70390,0.37277920685024535
70392,0.031131438259904238
70393,0.3991365160816962
70394,0.20097548308957236
70395,0.31789747248387634
70396,0.3126645070150117
70397,0.2675014385358834
70398,0.11242783469949513
70399,0.04904901028240293
70400,0.03089798614828019
70401,0.2647937642096066
70402,0.31970416713032207
70403,0.1806541785417963
70404,0.19308646160838475
70405,0.2361677320331435
70406,0.1009892055148638
70407,0.5419162563174799
70408,0.2910002945487352
70409,0.02795366558547839
70410,0.6181464777907116
70411,0.11295559136213344
70412,0.10851975246130902
70413,0.6290064398983819
70414,0.45710896905665127
70415,0.03808150557890077
70416,0.24136400449807036
70417,0.3741713423354395
70418,0.03611937821081093
70419,0.1399960301324727
70420,0.14410322337132506
70421,0.26813774765612447
70422,0.3426256868033217
70423,0.028842923708754506
70425,0.16735758767354283
70426,0.3188714710737276
70427,0.21330820940685966
70428,0.5479571153436313
70429,0.5240516863235165
70430,0.028925553575627108
70431,0.21615609809911412
70432,0.18218904796199156
70433,0.41906206770600274
70435,0.10480077638305998
70436,0.03935472355771967
70437,0.09959482915855468
70438,0.03122192018480098
70439,0.39942937963364533
70440,0.03831815283416097
70441,0.14775258605095637
70442,0.029915227097688225
70443,0.15901852643677725
70444,0.2801626967383902
70445,0.17280914604326744
70446,0.5839843700151429
70447,0.2450885166993184
70448,0.029592661239534065
70449,0.3757820679733693
70450,0.028742251646282007
70451,0.24669684164747233
70452,0.37321188919457465
70453,0.11804781297449754
70454,0.033355729893838955
70455,0.32832903922045725
70456,0.24310109753843445
70457,0.22759549915256447
70459,0.17612744375732448
70460,0.12292215384569864
70461,0.340700741706555
70462,0.17818123046339585
70463,0.1567747303259557
70464,0.1934947594827677
70466,0.21737151623282375
70467,0.10310385342583414
70468,0.03296128847143262
70469,0.2009001201585405
70470,0.10876822028928441
70471,0.19535933937195585
70472,0.05395749128090487
70473,0.15651394131507343
70474,0.1885490389972061
70476,0.03824328782913396
70477,0.6461669337599326
70478,0.310253463252292
70479,0.23930760669217005
70480,0.2924269689939552
70481,0.15200235271397514
70482,0.19481792824006805
70483,0.34029734843536397
70484,0.621598875118074
70485,0.1463531421611895
70486,0.03623429855188855
70487,0.17478942858211535
70488,0.03555098994828865
70489,0.05269641983918662
70490,0.2505427838807149
70491,0.15400760085398305
70492,0.17464895308182188
70493,0.36943481966180003
70494,0.27568490193919026
70496,0.03647251970393238
70498,0.15407639488069505
70499,0.031005784781779303
70500,0.4005180981973281
70501,0.2184841382090151
70502,0.030411603209604163
70503,0.3127524125524247
70504,0.29842581316210953
70505,0.24869322104244287
70506,0.7559318123748512
70507,0.25401227140921323
70509,0.2235079570739177
70510,0.18085301529590886
70511,0.11516915879761529
70512,0.06066833355947503
70513,0.5567605322060131
70514,0.15137109015466435
70515,0.1850601472820547
70516,0.3546696540330059
70517,0.33551574032975084
70518,0.7294329063423194
70519,0.48550932117523543
70520,0.031950720978875406
70521,0.1589582166966692
70522,0.7055786111917038
70523,0.274741535476892
70524,0.3157319356418078
70525,0.031584451384268145
70526,0.10014603789041042
70527,0.045479346728150113
70528,0.260011079775578
70529,0.5390821944173176
70530,0.28776623853938355
70531,0.3337681087602249
70532,0.27064293178290527
70533,0.16092855524006267
70534,0.6950179716760533
70535,0.31740175450259467
70536,0.43348390543263826
70537,0.26413060021604945
70538,0.17447023913317125
70539,0.10109741065818849
70540,0.17753946007050636
70541,0.29000472620342466
70542,0.15718137394675513
70544,0.18917939088749508
70545,0.03615518677051392
70546,0.3019713132570854
70547,0.7392816138948242
70548,0.0333904286036994
70549,0.041193897410436185
70550,0.738866859905438
70552,0.17962870268543923
70553,0.16470711936128343
70554,0.04496005629814571
70555,0.7108065847810339
70557,0.19193671856506272
70558,0.6876417209098088
70559,0.5132891588485424
70560,0.30150773880890597
70561,0.20869257156144244
70562,0.2038252784117837
70563,0.38655681027901523
70564,0.2549861172079302
70565,0.320454361362484
70566,0.2761784412683007
70567,0.6948582317260309
70568,0.029496235461078227
70569,0.6903880082529549
70571,0.25008624852612554
70572,0.030293118940308353
70573,0.1961526078486385
70574,0.02995847766078729
70575,0.5538702336146526
70576,0.1055757137808267
70577,0.22041557258544137
70578,0.635679945564815
70579,0.8225436758118843
70580,0.33053535667642503
70581,0.20594684420707318
70582,0.21051493404239088
70583,0.2908085638891537
71000,0.0
71001,0.7817227082307536
71002,0.9953800639755923
71003,0.9324479104368945
71004,0.9947022548516915
71005,0.9531982656970581
71006,0.4058520540362544
71007,0.5802186533096013
71008,0.1737718001884516
71009,0.516546692421399
71010,0.6007915200721773
71011,0.5066129245876839
71012,0.26382994571014345
71013,0.2201311416368829
71014,0.6949714118031849
71015,0.6188403545755521
71016,0.8805527348417378
71017,0.152475487801086
71018,0.6705719115871729
71019,0.9743410111060742
71020,0.16155043564234609
71021,0.36823972806655275
71022,0.2717061501289076
71023,0.8664209731206725
71024,0.539156567374104
71025,0.09785461876199314
71026,0.8192481645081554
71027,0.2777463734914893
71028,0.4341642330031656
71029,0.4693231692381179
71030,0.03194024346626816
71031,0.8155226849699213
71032,0.8432618967240131
71033,0.9949076558268245
71034,0.9317389214106723
71035,0.8484660912725797
71036,0.689970258927399
71037,0.6898794728520306
71038,0.18971574599252838
71039,0.8692085774608912
71040,0.24985907321536066
71041,0.15404114866858243
71042,0.04553946988324496
71043,0.884974036813244
71044,0.45342961303184126
71045,0.46414485758549895
71046,0.3295497175344296
71047,0.5029986368042185
71048,0.37554463123980303
71050,0.8040702123931055
71051,0.8680613756803978
71052,0.8427421812486625
71054,0.7857454863019375
71056,0.20936783153848168
71057,0.6367261557480127
71058,0.5923730246149596
71059,0.5193854588746758
71060,0.4644667786847968
71061,0.6932207336872171
71062,0.33839760668659735
71063,0.25603862908988273
71064,0.2807242647308782
71065,0.06600980594673521
71066,0.8426846622567792
71067,0.7640014256547358
71068,0.39620480473389963
71069,0.8655593574914425
71070,0.92990009302496
71071,0.15883390472441716
71072,0.9451108392721513
71073,0.8482657845758209
71074,0.9645750860657568
71075,0.28603521936676574
71076,0.9975541870520229
71077,0.3836413172199485
71078,0.9583404099238794
71079,0.41757367240171067
71080,0.6372590134340523
71081,0.9354380674835648
71082,0.42651877594147214
71084,0.9446409430768707
71085,0.941694427715371
71086,0.3258334306744186
71087,0.7004438516182157
71088,0.4551211872045572
71089,0.7695269606823172
71090,0.915117599616407
71091,0.05004788223189319
71092,0.3260968992851865
71093,0.2601669657599583
71094,0.7049556177894822
71095,0.2608910999632956
71096,0.2569840975131391
71097,0.6834457002251642
71098,0.23506750099590581
71099,0.9238239096853152
71100,0.7868376607170028
71101,0.2948015348841737
71102,0.9506163386291795
71103,0.1937381458128031
71104,0.5394307775876566
71105,0.9321538613733659
71106,0.37567827882383203
71107,0.9809833189142565
71108,0.919285384827874
71109,0.8533837975993798
71110,0.27154086340794864
71111,0.5612179424187986
71112,0.03323263539562926
71113,0.3527072306719099
71115,0.9594575867886996
71116,0.14899461088206975
71117,0.9964982078316558
71118,0.9273210717759562
71119,0.852930236580658
71120,0.37907907389648765
71121,0.49550839885482406
71122,0.9787765736888127
71123,0.17515418410337216
71124,0.9438230270773312
71125,0.0367839332231516
71126,0.9251807177304032
71127,0.16367765806585238
71128,0.07319586145071703
71129,0.24955975021217597
71130,0.6761168821721225
71131,0.910963131383652
71132,0.24005480039550078
71133,0.2746306925438653
71134,0.03648926087078718
71135,0.9168890862040141
71136,0.5903193121166451
71137,0.7293915203006689
71139,0.17166690998990228
71140,0.5697864520664577
71141,0.15153702061651445
71142,0.3772457708265851
71143,0.33138670337325643
71144,0.2375047112719545
71145,0.6415616466464628
71146,0.8134810985042179
71147,0.037643409946303934
71148,0.38381744289105774
71149,0.5183095014909783
71150,0.9710167511842147
71151,0.8865250994353912
71152,0.3847354074678735
71153,0.3902174908860001
71154,0.9960202180293455
71155,0.14659071051073397
71156,0.8324044303537125
71157,0.40656098919988193
71158,0.7307305878096342
71159,0.7411062452126049
71160,0.18292147513320384
71161,0.5746731739941319
71162,0.6876126438435103
71163,0.056416113335160535
71164,0.42155705685170536
71165,0.5000783720173321
71166,0.5327957548930423
71167,0.9952078253787724
71168,0.20374309356602704
71169,0.904007071429417
71170,0.85957377711917
71171,0.9803282497114537
71172,0.248162332594964
71173,0.28439721100616844
71174,0.8410225492736448
71175,0.9910848410473666
71176,0.5786992072001297
71177,0.553744928812204
71178,0.062454748259619795
71179,0.1825064774576727
71181,0.8348974469080561
71182,0.9603897114263139
71183,0.5572321210727307
71184,0.7533455117150962
71185,0.3369319277033858
71186,0.5728374101362819
71187,0.5336769740047814
71188,0.9454131420019364
71189,0.947450773829894
71190,0.43022457023730004
71191,0.48410718149187926
71192,0.3220328705237205
71193,0.6700545973160766
71194,0.8888485366219968
71195,0.7812529097099512
71196,0.3827049031486499
71198,0.21226941776062397
71199,0.32147081804829775
71200,0.8398696175701523
71201,0.759359349675263
71202,0.8557113155577079
71203,0.3225375510691693
71204,0.8970826696978218
71205,0.4056838230366425
71206,0.6561592123588736
71207,0.29894852681087414
71208,0.3254023965937029
71209,0.27931079299707057
71210,0.925819177414482
71212,0.36007085055581967
71213,0.5889294630194191
71214,0.4488117004682163
71215,0.8890843349126956
71216,0.6586819586214885
71217,0.7528651197302842
71218,0.13536150665594374
71219,0.8360881592610709
71220,0.1565270813034331
71221,0.9351201556604657
71222,0.17044219586916612
71223,0.5492196149247689
71224,0.40040178345138167
71225,0.9255358479867668
71226,0.8169451592955373
71227,0.37779851965916006
71228,0.9953034791599309
71229,0.44888876209586426
71230,0.7236472518140576
71231,0.15530788289290576
71232,0.4754258820980927
71233,0.4478449992319523
71234,0.6721073078599996
71235,0.9361649778246722
71236,0.8893786445317647
71237,0.1824512442196175
71238,0.5652578106738011
71239,0.4758944373627173
71240,0.6674178556923608
71241,0.9754476821872113
71242,0.19323790548614372
71243,0.42968716679483865
71244,0.6154847855493298
71245,0.7852855278720112
71246,0.19917193913136724
71247,0.9404897273370788
71248,0.8258502525146721
71249,0.8002795273706804
71250,0.9234165969486218
71251,0.25508462119445924
71252,0.8250785305837612
71253,0.9954258558350952
71254,0.25937254436062784
71255,0.2134301435705142
71256,0.907338142747928
71257,0.8432091562555651
71258,0.9279336893072162
71259,0.23013581735654878
71261,0.6875909158750001
71262,0.24829279544892915
71263,0.40630461344388163
71264,0.35583671211380263
71266,0.19240818132125445
71267,0.827973396256608
71268,0.4065150045091323
71269,0.952105600678666
71270,0.9412466505178422
71271,0.5190076980243032
71272,0.6336920209973241
71273,0.2522102972625743
71274,0.7576178399304629
71275,0.7989551006985656
71276,0.3103685362852213
71277,0.6101328564457847
71278,0.16647280601504347
71279,0.21357248069359747
71280,0.5364359402174036
71281,0.49409479917607535
71282,0.2933420636784147
71283,0.8728249368067225
71284,0.6929155533295408
71285,0.2890185696498411
71286,0.17506257197624026
71287,0.41537323052665703
71289,0.09857347283054727
71290,0.590179662806498
71291,0.486474818358338
71292,0.956408034576102
71293,0.6448099912660598
71294,0.9574625876680789
71295,0.27818849281788766
71296,0.8414175281457493
71297,0.21688569677053995
71299,0.8388621767323218
71300,0.2789578455524343
71301,0.26444950095511766
71302,0.9675121033316825
71303,0.2543165951764676
71305,0.7818583912989598
71306,0.3723259389926235
71307,0.46747744468047586
71308,0.7923985303607191
71309,0.2548248116839491
71310,0.22177905840319914
71311,0.35070940306205667
71312,0.9947637827423506
71313,0.422521969648685
71314,0.47374080818124326
71315,0.3384481593182623
71316,0.09997272739982242
71317,0.3530290644626095
71318,0.3159683983144014
71319,0.24709070582112125
71320,0.1730959405988968
71321,0.8375612403160287
71322,0.5847964468996006
71323,0.10485188795164635
71324,0.9704105803459698
71325,0.46415385530221853
71326,0.4482150186280892
71327,0.24871734855593455
71328,0.7941536670288513
71329,0.3285533148375712
71330,0.43245458549513494
71331,0.4524464780493272
71332,0.8018746043914875
71333,0.9952091196972254
71334,0.41950331110846106
71335,0.2785163528278884
71336,0.9025672405055245
71337,0.4233488882335047
71338,0.6965965481030856
71339,0.1385215300167995
71340,0.39749823014637353
71341,0.7319422664809796
71342,0.6433389455446161
71343,0.9728801391361815
71344,0.03835436530562224
71345,0.88079084291705
71346,0.25650352434156914
71347,0.4847671997423892
71348,0.23467525979068984
71349,0.5003509809276316
71350,0.8547266696089258
71351,0.3392358950483204
71352,0.4514158903750891
71353,0.7106308855152225
71354,0.482363729718211
71355,0.3181863880786395
71356,0.1600688620591085
71357,0.2787382082958982
71358,0.08661844835585941
71359,0.712160574344648
71360,0.8934794247902043
71361,0.39208426353625797
71362,0.9221431607459517
71363,0.4635164303072468
71364,0.2792249545660122
71365,0.6137180713811845
71366,0.66021066427278
71367,0.23266063713311616
71368,0.25262227387711866
71369,0.8727430682912409
71370,0.5294788393431479
71371,0.8993435417725807
71372,0.8969725310371157
71373,0.7166296044656771
71374,0.9274827735494933
71376,0.6696678633611912
71377,0.7164987054658782
71378,0.8383879518904986
71379,0.22422280645439172
71380,0.36720035579372096
71381,0.038065989473214976
71382,0.3585419655202985
71383,0.9760010214956361
71384,0.8644013999477769
71385,0.9276051622036288
71386,0.6696975355190193
71387,0.09024705937772294
71388,0.49248501563362135
71389,0.1206139866499766
71390,0.19529466182192462
71391,0.9552781950826975
71392,0.9255237812535811
71393,0.5317565571849011
71394,0.10071384404244736
71395,0.4332025290687638
71396,0.3450972133872168
71397,0.760895695741371
71398,0.9945897565587543
71399,0.2298973244714505
71400,0.4611368431288608
71401,0.28711750996956975
71402,0.8407892713089135
71403,0.9380454624475706
71404,0.9300671370378735
71405,0.411155362439117
71406,0.49414786128496446
71407,0.3216454080551288
71408,0.4682051733413941
71409,0.5291638931821508
71410,0.86982408819457
71411,0.25469600566672557
71412,0.1580665828182855
71413,0.5255436116890717
71414,0.4815006395960254
71415,0.20045826729534627
71416,0.8710007219306322
71417,0.9220574550760445
71419,0.3253943809888111
71420,0.8815830758342137
71421,0.37560021238026997
71422,0.9460909280710572
71423,0.8315398211141702
71424,0.5724526158874952
71425,0.9867185870379517
71426,0.94376241008703
71427,0.3703039861770787
71428,0.5511305051523255
71430,0.9413676869773453
71431,0.8813412520297544
71433,0.37512933818035743
71434,0.6080939751481786
71435,0.5119684886012328
71436,0.5243796801993968
71437,0.26867462805523135
71438,0.1805658991217799
71439,0.6817356199791552
71440,0.5615922179452408
71441,0.6238214724440284
71442,0.9709995048896748
71443,0.8695178761656202
71444,0.9223996499601053
71445,0.9974912782607923
71446,0.1483705949042505
71447,0.9783104203425482
71448,0.9967185202645232
71449,0.499685741338969
71450,0.5650799283380111
71451,0.3773506131274524
71452,0.10009973430263135
71453,0.37208171921966876
71454,0.2441330873846246
71455,0.6754344306563425
71456,0.9954979091771369
71457,0.7833110940884025
71458,0.18356068488801078
71459,0.9488240548821186
71460,0.9086207925958621
71461,0.7306164265849127
71462,0.9954707333519766
71463,0.28718509155761934
71464,0.9101890583678781
71465,0.1704330663829529
71466,0.2620005742020834
71468,0.4770517024243534
71469,0.06840266303772306
71470,0.8063930422829658
71471,0.4377429597070599
71472,0.63668082304926
71473,0.12684686688845803
71474,0.3443217181440149
71475,0.9670402838636687
71477,0.1629370997970799
71478,0.21369686613957226
71479,0.6406552055706471
71480,0.9522120788206891
71481,0.8957309709699967
71482,0.26189655179708743
71483,0.1637079168535318
71484,0.1798478276768488
71485,0.9677219581010433
71486,0.18061284427630453
71487,0.9344063210855782
71488,0.08399525752856839
71489,0.8517001668331371
71490,0.5316517241933075
71491,0.5144472992730846
71492,0.0536764160617733
71493,0.8099354043046324
71494,0.946795751315024
71495,0.040912705811071266
71496,0.9736041206317557
71497,0.9980006136515409
71498,0.8249975360751942
71499,0.21179540259308102
71500,0.5172414652553685
71501,0.9497647162215629
71502,0.9945097791537237
71503,0.9773296348760594
71504,0.5964353641540692
71505,0.6541460899341335
71506,0.31874330996739697
71507,0.9225507993112646
71508,0.6618809756570759
71509,0.5574696212520098
71510,0.27941455595010384
71512,0.8113380289057198
71513,0.9964040520079079
71514,0.41929008971146325
71515,0.9309401599565268
71516,0.2647775377537184
71517,0.3885766118060047
71518,0.8792772182026625
71519,0.2550193620647727
71520,0.9886826691977975
71521,0.04117019567698319
71522,0.7993194489859063
71523,0.20856748810603598
71524,0.06886964789405908
71525,0.7971484936370253
71526,0.9068481680497357
71527,0.2649846306065164
71528,0.3679433340028042
71529,0.0765231331430913
71530,0.5433209276977812
71531,0.29816608996589816
71532,0.5562016043720057
71533,0.3560795244495325
71534,0.43263215488403983
71535,0.42935505135296265
71537,0.28990422314873004
71538,0.2818383345415688
71539,0.5601195778521776
71540,0.2625036808658898
71541,0.4820915797487296
71542,0.35291278307451646
71543,0.9079606756683573
71544,0.3567842255337531
71545,0.8389506235515473
71546,0.03633264560283531
71547,0.05964717297912648
71548,0.9021211409307428
71549,0.6556417711645194
71550,0.7633367730324945
71551,0.24934389996452985
71552,0.4056618798507698
71553,0.21557812960869313
71554,0.47674631849267607
71555,0.89214559299749
71556,0.9641067032934454
71557,0.5264274570806057
71558,0.3451368377378447
71559,0.21266132956292638
71561,0.19505015181986302
71562,0.3443293674164701
71563,0.36930951962284975
71564,0.2271384734143407
71565,0.6280833304898689
71566,0.9149043612267543
71567,0.8904313371397924
71568,0.24018907600575692
71570,0.8932810836568141
71571,0.06755615622560246
71572,0.7686835919136147
71573,0.5042444355013638
71574,0.8881729815219289
71576,0.6995119452050758
71577,0.9085220728138035
71578,0.2971046067453258
71579,0.795774037517219
71580,0.3408995445870265
71581,0.4566423046790773
71582,0.037186300942996395
71583,0.9577354639566803
71584,0.8799814127266027
71585,0.8815612262580083
71586,0.2678500056643748
71588,0.6295209805691835
71589,0.1664537663018239
71590,0.5391742568160498
71591,0.8734716496320504
72001,0.9527007257993949
72002,0.38822268812115307
72003,0.9238801004138235
72004,0.790981901750941
72005,0.4186285888690261
72006,0.7718725597246078
72007,0.6502631628155754
72008,0.9306435866113374
72009,0.7156467812480618
72010,0.5994312597713191
72011,0.4191665959772989
72012,0.8528459534358419
72013,0.1926200564094643
72015,0.3516918147824716
72016,0.5066946828394648
72017,0.805831034084362
72018,0.11745362381228927
72019,0.3978711681842828
72020,0.24652219090715508
72021,0.5723813958613956
72022,0.6706614664425099
72023,0.9034970096025418
72024,0.9372578347589366
72025,0.6766853958192492
72026,0.8786511518748569
72027,0.16827909703305965
72028,0.10694043274852308
72029,0.7795592972955436
72031,0.2888004015928358
72032,0.2916343631744686
72034,0.5551813719978665
72035,0.20894754733704396
72036,0.46330412223984024
72037,0.3280695011112294
72038,0.39836092736878415
72039,0.23149741079785785
72040,0.33703009140255186
72041,0.4788229171634652
72042,0.2203499401628484
72043,0.3512357765749076
72044,0.7728907092889171
72045,0.8036836453876026
72046,0.34261769155308835
72047,0.8187390710765458
72048,0.42834480053510293
72049,0.15343693658961957
72050,0.41074018053281414
72051,0.739465402674856
72052,0.14308160110434737
72053,0.5086336129394013
72054,0.9838150732838241
72056,0.5304282185738244
72057,0.2613026668533456
72058,0.8931108834876311
72059,0.5901213106986559
72060,0.24694368987005982
72061,0.49531753723599065
72062,0.353847835680279
72064,0.2185804344994767
72065,0.9794034850482843
72066,0.9316121015929881
72067,0.2967700809677351
72068,0.17458111287759884
72070,0.39826427849250795
72071,0.16201564907967758
72072,0.36934295956780394
72073,0.9077304188313596
72074,0.3634822114995126
72075,0.8718521218374035
72076,0.4601763369689438
72077,0.1630452228050314
72078,0.2247785451519655
72079,0.3478876788803552
72080,0.40547924478372926
72083,0.5102240084715389
72084,0.8505429149277998
72085,0.12017669061087183
72086,0.19864936216935014
72087,0.3065210325505683
72088,0.8668525848306772
72089,0.8775329804067662
72090,0.3211482246930717
72091,0.28538539728095585
72093,0.24842955318166213
72094,0.2821227661139711
72095,0.9650045897869106
72096,0.8899421573727263
72097,0.0
72098,0.5509093745876102
72099,0.8986436785607699
72100,0.6701208145726048
72101,0.8784677888359047
72102,0.07928755749640783
72103,0.1615634853156703
72104,0.267889025326932
72105,0.18711768697265196
72106,0.41444440859853904
72107,0.8290576073573951
72109,0.029751639529955222
72110,0.6544567535600793
72111,0.9022304856370637
72112,0.053140225399913525
72113,0.9374679559940322
72114,0.3573721711223294
72115,0.2718193585125209
72118,0.2931500781123752
72119,0.9369222054506339
72120,0.15589541994411837
72121,0.3712367840835664
72122,0.2432603261389084
72123,0.6718626667801278
72124,0.29793793657173995
72125,0.0669806020330946
72126,0.37694344959643644
72127,0.8863566320354977
72128,0.05334917537839509
72129,0.8751527199260221
72130,0.8933538960945658
72131,0.5760261700660423
72132,0.44555578589682554
72133,0.89574930955426
72134,0.15290875143927027
72135,0.7176018264128495
72136,0.5759940656354942
72137,0.3418772379640537
72138,0.2866051249869655
72139,0.3186206844765648
72141,0.47495552058589996
72142,0.28810995709497284
72143,0.15016271292307526
72144,0.16248229309723378
72145,0.06096260785775757
72146,0.9056829243996101
72147,0.9236584390701552
72148,0.3227625283260478
72149,0.4013274323580095
72150,0.924145683104931
72151,0.568941137950254
72152,0.16197294217029695
72153,0.12442880300450128
72154,0.9511767513374016
72155,0.5180854058245032
72156,0.31331274614032
72157,0.9378660742104814
72158,0.40434254833439065
72160,0.12011515215710121
72161,0.15420853791536127
72163,0.7398322379302278
72164,0.43344976350142955
72165,0.8518372235344722
72166,0.8041491840868894
72167,0.611698998126307
72168,0.4942902845008544
72169,0.8888300039151408
72170,0.3874816620264467
72171,0.3238598383877563
72172,0.425807343718861
72173,0.1549532730672194
72174,0.8346508033719665
72175,0.8061226287220796
72176,0.8982956178325336
72177,0.5934594331748373
72178,0.049917879910950445
72179,0.632306626816115
72180,0.4166278551681511
72181,0.9490832634321824
72182,0.6798302705161738
72183,0.15816344332553628
72184,0.5451767403962011
72185,0.849561487121393
72186,0.8247209456889422
72187,0.14553301389648024
72188,0.2720952756572366
72189,0.07936301787399289
72190,0.2204679123653231
72191,0.11936481727803362
72192,0.33650067150534235
72193,0.21174851038526035
72194,0.042509200418149554
72195,0.613245621025003
72196,0.9009638776809651
72197,0.9083041639015749
72198,0.9717155869582229
72199,0.2267392333403982
72200,0.9189184513329928
72201,0.11951529142368976
72202,0.11203884418121533
72204,0.33856928689233656
72205,0.8721357043620694
72208,0.2140689039822572
72209,0.04004165716909285
72210,0.07542846279639226
72211,0.04839244083401142
72212,0.43519277859687694
72213,0.903633868862055
72214,0.09862986130876998
72215,0.411235275219638
72216,0.8911431642029966
72217,0.954890837421522
72218,0.21828488057807033
72219,0.8373277340522651
72220,0.2866193600962338
72221,0.15647630550168848
72222,0.043517846827601396
72223,0.5411863100539039
72224,0.3266163674129402
72225,0.4001017669939739
72226,0.747512221529164
72227,0.45485417463743216
72228,0.689852924246133
72229,0.22203420034144822
72230,0.6076631396283118
72231,0.6567647943168883
72232,0.3963851680120363
72233,0.09847403142091463
72234,0.030714752443277274
72235,0.20067272573258244
72236,0.44048554812594926
72237,0.9085977943152466
72238,0.19953182772138037
72239,0.4913215898001904
72241,0.8823048194578547
72243,0.17026761880933242
72244,0.3841923428921066
72245,0.32823668735455436
72246,0.32597012578375933
72247,0.9059441489467805
72248,0.13029672363785455
72249,0.9239884104816751
72250,0.13851132290913645
72251,0.20139140088670443
72252,0.6255968964543889
72253,0.8895251578605694
72254,0.3149606172280104
72255,0.23221365343451994
72256,0.14039118867488146
72257,0.9379105625446974
72259,0.26383125061271323
72260,0.9137356302965002
72261,0.3263880029005084
72262,0.20260529299560603
72264,0.5409589543251694
72265,0.33264615252271346
72266,0.2943183855909105
72267,0.41116962912839966
72268,0.3339885128085343
72269,0.194270853171727
72270,0.3403037542218416
72271,0.3545171126420595
72272,0.11093451616959335
72273,0.21314079383291037
72274,0.5510153785322318
72275,0.8765842573667875
72276,0.29526873053734487
72277,0.24921349980878302
72278,0.35906060827434366
72279,0.0737809306106081
72280,0.8955432933669688
72281,0.2782480821117395
72282,0.3741905335411788
72283,0.20129371583027503
72286,0.17076169152508433
72287,0.5900175527644835
72289,0.8701516858541952
72290,0.8720073632078249
72291,0.7187944508029638
72292,0.2335930541680914
72293,0.5558460825996119
72294,0.3923979959902379
72295,0.5338461484119466
72296,0.5946230392825399
72297,0.8624747453255468
72298,0.1299696463628035
72299,0.2667387738186214
72300,0.8903668589172282
72302,0.5735611493236566
72303,0.2366966482974135
72305,0.3203921143000477
72306,0.39851132579288495
72307,0.5573183188685248
72308,0.5560011535183881
72309,0.3368386329946836
72310,0.9798006925849484
72311,0.21395339724481152
72312,0.5849938809626386
72313,0.14498255157340453
72314,0.1580519238933912
72315,0.029625903565570145
72316,0.22207849364325397
72317,0.4394446360636921
72319,0.9063593764753755
72320,0.9951738807946713
72321,0.36011891998179424
72322,0.1448997497812132
72323,0.36644471676542284
72324,0.16830564585308097
72325,0.1581394360444132
72326,0.4087261314244104
72327,0.15815351452727874
72328,0.939416335057186
72329,0.8988369570466338
72330,0.8671378874224158
72331,0.45913489428943116
72332,0.03163156261809497
72333,0.3485948549780278
72334,0.040677030718768624
72335,0.8788011938553237
72336,0.5447631494633204
72337,0.43212452748472907
72338,0.9058245771993694
72339,0.8842561658239967
72340,0.9198607330160751
72341,0.5306746501810058
72342,0.3025715166219617
72343,0.42025694302557054
72344,0.9171998219087073
72345,0.365906459771179
72346,0.5792260001640251
72347,0.5477224056038228
72348,0.4251831087929928
72349,0.8628675433320955
72350,0.8195162158730023
72351,0.7867814705525065
72352,0.38994425626415075
72353,0.15586080237119565
72354,0.23703280720596273
72355,0.31418737437711175
72356,0.14988175909171703
72357,0.8701758656535754
72358,0.2070752318304427
72359,0.8744455854242495
72360,0.9466557150230567
72361,0.04771498521018826
72362,0.8846347195609784
72363,0.2365492827433659
72364,0.16227979315822436
72366,0.2811818404611842
72367,0.5534775999794257
72368,0.13100038959751456
72369,0.11769137886813842
72370,0.9000572387647989
72372,0.4488529521464477
72373,0.28958829151281074
72374,0.3985782857332255
72375,0.7613295053969468
72376,0.06970944717438236
72377,0.7742253875893615
72378,0.50102808896207
72379,0.36437776093715657
72380,0.1436586648471805
72381,0.8901738781404593
72382,0.38743780266203603
72383,0.29509581615757646
72385,0.46710014775778463
72386,0.9893870929527817
72400,0.0
72530,0.0
72700,0.0
73001,0.8468617470541259
73003,0.6368253234520792
73004,0.8853104960939218
73005,0.8988886312485961
73006,0.6423508414112346
73007,0.6347425422063624
73008,0.8247931959043772
73010,0.6221909497967422
73011,0.8699567456624889
73012,0.5083415124125722
73013,0.4008360523524141
73014,0.7644157894203278
73015,0.3733839062642982
73017,0.9278058755251815
73018,0.8883239668630638
73019,0.6841751861124904
73020,0.7640541634011901
73021,0.7849175753534664
73022,0.7879829646172399
73023,0.3662031365694506
73024,0.5710401817421871
73025,0.5922221641445297
73026,0.2830898686903718
73027,0.7490763662755241
73028,0.7090827555712652
73029,0.994555856547091
73030,0.922490364867631
73031,0.9926749270817561
73032,0.7286105932667668
73033,0.7945411601589861
73034,0.7792483834402315
73036,0.7546847943177061
73039,0.5940712826783139
73040,0.6822537488182887
73041,0.7460393301241992
73042,0.7630801076771747
73043,0.648634696752709
73047,0.8853039903776746
73048,0.7244458045442487
73049,0.6792834315309622
73050,0.978660914965764
73051,0.9825754503019268
73052,0.737671821324221
73053,0.6145736023462847
73054,0.8845117275726032
73055,0.5349140549268131
73057,0.47247194944353477
73058,0.7590797966267792
73059,0.6976889292343414
73061,0.7672333701778002
73063,0.7138297052508197
73064,0.9418987919805453
73065,0.9192961576308657
73067,0.2651221055801792
73068,0.7566609827740205
73069,0.7560020490019758
73070,0.6255324018698214
73071,0.608367926200622
73072,0.7184082699830785
73073,0.5885683092715669
73074,0.44885501656866245
73075,0.8112221446463286
73076,0.7474310859527924
73077,0.8714151984923308
73078,0.7389127358979488
73079,0.7846158218409088
73081,0.7835879096657663
73082,0.886529285693996
73083,0.26801305194337904
73084,0.9409093211966502
73085,0.5851099171085458
73086,0.7405357936564255
73087,0.9166622101756889
73088,0.7440634966723696
73089,0.7979994378000286
73090,0.771606362934069
73091,0.5698222958787573
73092,0.8745318692100074
73094,0.7810596278762968
73095,0.7945685285657058
73096,0.8484095014202566
73097,0.9248881424714351
73098,0.888212649425788
73099,0.8142985843064197
73100,0.6100179101176212
73101,0.7463883699948378
73103,0.868528160361443
73104,0.7456843937279024
73105,0.7598744662336471
73106,0.7021787585067949
73107,0.888675463304687
73109,0.40425575665075203
73110,0.78148746776422
73113,0.5218011905060889
73114,0.6117701836863045
73116,0.4237418679132728
73117,0.6355181936208014
73119,0.7327878517488653
73120,0.7739470633089817
73121,0.7654342572912659
73122,0.6864255580388781
73123,0.6508331323999581
73124,0.9177064571193633
73128,0.7194712815661355
73129,0.6521151181762062
73130,0.8901536028383428
73131,0.5171289840384479
73132,0.47073302661979494
73133,0.7808852252064274
73135,0.27595594272801477
73137,0.9917605820869706
73138,0.40654893286928323
73139,0.711700205521118
73140,0.750081048824985
73141,0.8316850740505635
73142,0.8617271900309756
73145,0.8113379125194224
73146,0.7067024318754631
73147,0.7202393406020005
73149,0.699742785482581
73150,0.6038196888011133
73151,0.9136516626830031
73152,0.8247659521305029
73153,0.7239496590733724
73154,0.8213678218927198
73155,0.8860988708087923
73156,0.8069696838427258
73157,0.5637811296970379
73159,0.838046642053521
73160,0.9930669622499012
73161,0.49024898848141
73162,0.6579539998619959
73164,0.7158175784258787
73166,0.6172713276035862
73168,0.6644318866759807
73170,0.8312535508213689
73171,0.9182092058736543
73173,0.4758473169323661
73175,0.7397755966919514
73176,0.9149855678134903
73177,0.27909130697079276
73178,0.7771499119157219
73179,0.8935370446228679
73180,0.6791342394246498
73181,0.7487430170050614
73182,0.8281084990803871
73183,0.9802246997778558
73184,0.8311362057684242
73186,0.6374755688210891
73187,0.6729797854299686
73188,0.7886518294440455
73189,0.24226167285196834
73190,0.5445761734786966
73191,0.7846991880958899
73192,0.8873613988472587
73193,0.720293758916325
73194,0.7658508244980485
73196,0.8067746467161448
73197,0.8701076409422572
73200,0.8367349187706521
73201,0.5296547842489278
73202,0.7743046507982544
73204,0.6386255275035557
73205,0.4528453114163922
73206,0.5662874592181146
73207,0.7745134925257023
73208,0.8047969259210813
73210,0.9149395193495509
73211,0.7451059237891514
73212,0.6822546627046543
73213,0.9302863827374297
73214,0.6360206788796472
73215,0.792982651051444
73216,0.7030144497447557
73217,0.7836693369974803
73218,0.6151051602850275
73219,0.7718896162862373
73220,0.4708995527193456
73221,0.31888118439697044
73222,0.9909906315855697
73223,0.6998543281445165
73224,0.27221500586807645
73225,0.9479969687813321
73226,0.7676033435738657
73227,0.503137223695108
73228,0.9133645434854306
73229,0.812716916903381
73230,0.35329110675228215
73231,0.2859814249854375
73232,0.8779994679488046
73233,0.773906046453456
73234,0.8676336295668525
73235,0.328020181544271
73236,0.6300671013051942
73237,0.6831420911896173
73240,0.8658877724839854
73241,0.7281930281143371
73242,0.4448766249652204
73243,0.9069742300402074
73245,0.9592870088576065
73246,0.8483463752864083
73247,0.8446276139215342
73248,0.5918075751642852
73249,0.9670645271794981
73250,0.3930456061133267
73252,0.4951221062004683
73253,0.4955632017054462
73254,0.6540419358911183
73255,0.3332339099186983
73256,0.6041420140451874
73257,0.4002317541966334
73258,0.4077122371503214
73259,0.23177965832244993
73260,0.0
73261,0.4779889288469413
73262,0.6456152447432811
73263,0.7418574662657957
73265,0.6746320322206755
73267,0.4368514911483509
73268,0.7319251885696926
73269,0.7704333341355657
73270,0.8035045634976324
73271,0.70682542783579
73272,0.4835342959308509
73273,0.6879775979293218
73274,0.8652405873103581
73275,0.7925404058635069
73276,0.8095872173528673
73277,0.8510919461963709
73278,0.40531756055616164
73280,0.4335161915367549
73281,0.8585786548934604
73282,0.870900847774955
73283,0.7469401518628327
73284,0.5258141401406796
73285,0.9081063303507448
73286,0.669091373040686
73288,0.8954574346544321
73289,0.7684927006573576
73290,0.35508878743410105
73292,0.7481744001667683
73293,0.9083751070476669
73294,0.911300016443841
73296,0.9441774574816656
73297,0.7961224139334702
73298,0.7588432372381912
73299,0.7427228986588923
73300,0.8642505243837285
73301,0.7591328399028187
73302,0.7801222403250784
73303,0.7178201770997054
73304,0.9061865377566608
73306,0.457258349186272
73307,0.8044908515143403
73308,0.8018595530975666
73309,0.7517807615462506
73310,0.8950578531185863
73311,0.7756698954638239
73312,0.7665888171235906
73313,0.8395486232140845
73314,0.7812773209436767
73315,0.7729298508088691
73316,0.7801881286995646
73317,0.7416589438096907
73318,0.42330831103162564
73320,0.5966025830905732
73322,0.4400137041412325
73323,0.8956772719622956
73324,0.8264764795999933
73326,0.8709780522619291
73327,0.5016170237531973
73328,0.8986080183434921
73329,0.9917440454636426
73330,0.7845066279190668
73570,0.0
73700,0.0
74001,0.2839611757208503
74002,0.6659340030409884
74003,0.7544122470774842
74004,0.6719607825910282
74005,0.8689297276919572
74006,0.7740802495115776
74007,0.7443151831573573
74008,0.9015516070028702
74009,0.9533605732423397
74010,0.8555892185069097
74011,0.0
74012,0.9413584603537684
74013,0.9327896087746065
74014,0.6527784335435854
74015,0.7897086519400812
74016,0.8420858641335538
74018,0.7297306454958671
74019,0.7419165954940178
74020,0.9022252934685763
74021,0.8029937511335612
74024,0.7692474433941109
74025,0.8180302608810947
74026,0.7924484992459027
74027,0.7392768266741058
74029,0.3448497242709041
74030,0.6424587351890009
74031,0.9718837958452237
74032,0.6804544360088111
74033,0.7375923253736241
74034,0.5979077651587059
74035,0.6789298857187501
74036,0.7689844151159734
74037,0.782947874381836
74038,0.8055409439502188
74040,0.8607053043654134
74041,0.6433696017844627
74042,0.7750538971478282
74043,0.8094134439816494
74044,0.789278715996407
74045,0.7148856805045944
74046,0.722071059881903
74048,0.7998745590615307
74049,0.6558355064807707
74050,0.7982544523729073
74051,0.7734610876258845
74052,0.9539882013276126
74053,0.8216657324585309
74054,0.6463535186672481
74055,0.19468888827301767
74056,0.5987290394319054
74057,0.8972371216533878
74058,0.4985942720481238
74059,0.752688842346248
74060,0.7135310188883542
74061,0.6936170530560748
74062,0.7306547138352906
74063,0.2975165025510983
74064,0.6513328738255151
74065,0.6215950506537372
74066,0.7451964817971847
74067,0.8033001353081574
74068,0.3368263102881272
74069,0.6526997057741674
74070,0.823138395550704
74071,0.5987561471995589
74072,0.8117944489349208
74073,0.752198336228157
74074,0.6035140053987219
74075,0.7671145486246606
74076,0.7945973203429505
74077,0.5544820678331422
74078,0.7301392915669465
74079,0.7234944466789961
74080,0.7228432093328894
74081,0.6771577507707198
74082,0.8188601174638658
74083,0.6587550903133582
74085,0.5716721485286723
74086,0.7487283259232544
74087,0.7169727147385364
74088,0.7712895519908952
74089,0.687026341794575
74090,0.6989796049438284
74091,0.5355456159791944
74093,0.0
74094,0.8579720158572474
74095,0.7690715306144285
74096,0.752666906232123
74097,0.6756892530726635
74098,0.7468443373464311
74099,0.8169786237204043
74100,0.5215880059539846
74101,0.6521547259518206
74102,0.7211396936077041
74103,0.648495700378514
74104,0.8893949463555809
74105,0.8430902647221781
74106,0.7894308769705157
74107,0.7010024928626594
74108,0.7721083766851624
74109,0.3475456263173622
74111,0.8081468490499457
74112,0.7996998567970035
74114,0.5155152040604503
74116,0.7450526372292717
74117,0.7616929728201492
74118,0.8703549764662407
74119,0.9382048837441995
74121,0.8117483076871906
74122,0.6994579248319996
74123,0.7393327035567342
74124,0.9760733608439643
74126,0.8038451018561147
74127,0.840264721349915
74128,0.7561685738365654
74129,0.7328980315773963
74130,0.17559897653129825
74131,0.7089445622615438
74133,0.8644614416652338
74134,0.5663706077269122
74135,0.7999920363670311
74136,0.7004467388725303
74137,0.7357068515621638
74138,0.6668235470091917
74139,0.8411375886460961
74140,0.8068871370417662
74141,0.7611161763612271
74142,0.657282993134043
74143,0.8209281263943544
74144,0.6458685826959631
74145,0.8708725960181507
74146,0.8797358515223392
74147,0.834196920817175
74148,0.6953745434299167
74150,0.8208714749809257
74151,0.71282509686528
74152,0.7780337319632085
74153,0.8318142288529151
74154,0.8307291310517795
74155,0.7191795405188434
74156,0.8288239529533169
74157,0.8470815080887865
74158,0.8091129743193698
74159,0.6360717938909943
74160,0.4873888534525289
74161,0.7506788203531634
74162,0.7117695267238404
74163,0.8884145387134198
74164,0.6910240737364076
74165,0.6676662136814054
74166,0.9341757917971959
74167,0.7183155608871776
74168,0.7614041308591536
74169,0.7557981399418423
74170,0.7002001687364732
74171,0.824410611425543
74172,0.875438010879072
74173,0.6476663124348089
74174,0.7532383437869882
74175,0.7099467477323986
74176,0.7919987727648371
74177,0.7667150810525268
74178,0.7729128769998536
74179,0.8394713231091596
74180,0.8483221038592846
74181,0.0
74182,0.0
74183,0.608416162362207
74184,0.6689488931894588
74185,0.8574026091830117
74186,0.765340006646772
74188,0.1887475596264115
74189,0.6679210721190261
74190,0.6261036668249309
74191,0.4515103760711108
74192,0.7137506801716866
74193,0.7971607329220424
74194,0.6523947527781052
74195,0.7554216067841277
74196,0.6844835107062834
74197,0.7818125552544682
74198,0.7435945982741349
74199,0.8337173393577635
74200,0.9113175396652821
74201,0.8738826066241376
74202,0.7766291402342952
74203,0.5736273513600328
74205,0.7327119717793331
74206,0.8169553768645857
74208,0.5775977822314532
74209,0.7283319802743052
74210,0.8390738713208024
74211,0.7657978869344991
74212,0.6056337290272024
74213,0.8036724620957392
74215,0.6031497773607806
74216,0.9591694124509
74217,0.0
74218,0.9389079453385146
74219,0.7443680761143958
74220,0.7799911070132481
74221,0.7019843881681488
74222,0.7866301264031276
74223,0.6394571971553917
74224,0.7430257375681427
74225,0.8533288188946992
74226,0.7648899107173891
74228,0.9566313897192332
74229,0.834838740440144
74231,0.7661276491352281
74232,0.7280969271656723
74233,0.6549269477591437
74234,0.7984526009821216
74235,0.1766922745153824
74236,0.491497381330964
74237,0.565567927177792
74238,0.2892970448459269
74239,0.6793262685206385
74240,0.7258141416338897
74241,0.7340780820402097
74242,0.7630552909663472
74243,0.8900674642865078
74244,0.7084924133091746
74249,0.8332754015130783
74250,0.767069065787906
74252,0.6582571335353409
74253,0.7244234858986497
74254,0.6867049546978135
74255,0.7555679010332655
74256,0.7874331051497842
74257,0.7846760518259044
74258,0.6267900983759216
74259,0.8094022055253063
74260,0.6158091509453536
74261,0.7852272832844465
74262,0.7125627901716048
74263,0.8503827363506555
74264,0.7079810813862286
74265,0.7559977547495839
74266,0.8309369081525508
74267,0.8037098188891116
74268,0.0
74269,0.5249303286604299
74271,0.5904310782606587
74272,0.7741133034476512
74273,0.8617357737441101
74275,0.7643945048886917
74276,0.6076999207693486
74278,0.7370483201976717
74279,0.6868913570619392
74280,0.7789522074754355
74281,0.9472708373590671
74282,0.6733121904136196
74283,0.764041810378332
74284,0.7467484151935909
74285,0.31991492530300775
74286,0.6304808870787675
74287,0.7033681904899509
74288,0.6313898264839523
74289,0.7347670758764432
74290,0.45169060361054597
74291,0.4514752899600134
74292,0.7646679139351875
74293,0.8838701900042963
74294,0.5884392317877459
74295,0.7215200020999486
74296,0.7414326196899867
74297,0.7526092018462269
74298,0.9008059430886826
74299,0.7960104470012717
74300,0.0
74301,0.8308678637092892
74302,0.6011974476073443
74303,0.7191196154562302
74304,0.7556363920929275
74305,0.9503563174834434
74306,0.7980745044163138
74307,0.7832182002626699
74308,0.8015635437135206
74309,0.7809961564959077
74310,0.6865780729145472
74311,0.7572743857281624
74312,0.7004325580233696
74313,0.8197760309485302
74314,0.6186090053754267
74315,0.8323134794010841
74800,0.0
75000,0.0
75001,0.0
75012,0.0
75014,0.0
75015,0.0
75018,0.0
75020,0.0
75056,0.9972133062823408
76000,0.0
76001,0.23759180701406152
76002,0.27327362906734626
76004,0.44733989876217656
76005,0.9186656531115712
76006,0.18515013008337466
76007,0.770921386355166
76008,0.5765743323263695
76009,0.17091041414540195
76010,0.41999448367503955
76011,0.2763475984104448
76012,0.30021875767503414
76013,0.26903507005751487
76014,0.6645703880352503
76015,0.04261538483830024
76016,0.09803370350372871
76017,0.6726087627357463
76018,0.3766996731228553
76019,0.3490270012747205
76020,0.8655791550420453
76021,0.33334987673501576
76022,0.3280900805911501
76023,0.14395468920205104
76024,0.6173702902796131
76025,0.4056295507522692
76026,0.5759139525948543
76028,0.21396564389456613
76029,0.16036491316816603
76030,0.4158929197377777
76032,0.2003280171530096
76033,0.33257775303681886
76034,0.5288416250931032
76035,0.3226456022034764
76036,0.3231742904651616
76038,0.6720866071301396
76039,0.8881987054754701
76040,0.07207571820121172
76041,0.18576016933412862
76042,0.5411934021265361
76043,0.4086716380351987
76045,0.4805865250624562
76046,0.6771533468109643
76047,0.23281694411990475
76048,0.13763950123546398
76049,0.20704701530558914
76050,0.4564537136971544
76051,0.3480618764435253
76052,0.44303143665238676
76053,0.4565280064913678
76054,0.46713047575661143
76055,0.34703202243847403
76056,0.8916684977510146
76057,0.870270870726317
76058,0.3085096188874948
76059,0.2165347571072405
76060,0.5476412347050353
76062,0.6235367662773781
76063,0.2807125678719531
76064,0.9301670375265501
76065,0.5810228849116646
76066,0.6885160042263778
76067,0.07182055863329743
76068,0.3292589515532759
76069,0.9113282078215699
76070,0.6371250638311436
76071,0.5723918807608732
76072,0.4088546917250119
76074,0.26673732448140114
76075,0.29136816357836176
76076,0.2679659468500774
76077,0.20011945778791965
76079,0.3221184559767033
76082,0.2889165224096179
76083,0.20012536276437887
76084,0.20978056288519253
76085,0.3160457843368779
76086,0.4877762886417624
76087,0.19475699963902104
76088,0.8857031994988995
76090,0.40714025014632443
76091,0.2639086223653616
76092,0.2773144441922062
76093,0.11633023400641591
76094,0.6365166050405281
76095,0.8915168868180106
76096,0.19855565011014462
76097,0.41336857863638193
76099,0.5349850163226687
76100,0.606603288964657
76101,0.3891625164783137
76103,0.8934478666428558
76104,0.043567425571512386
76105,0.6316621086474389
76106,0.7586241327146771
76107,0.4384410444693749
76108,0.8988526225421657
76109,0.5396385879511397
76110,0.2486176021544748
76111,0.7082391436651896
76112,0.42121141265465406
76113,0.49526203979373756
76114,0.3997436938357672
76115,0.3049877525473873
76116,0.8828638807086847
76117,0.3862038273796523
76118,0.43951871149613997
76119,0.5643829451831555
76120,0.6193751878964094
76121,0.5537460824211909
76122,0.13855601984367683
76123,0.967356181825003
76124,0.10648739478523427
76125,0.6103922086991973
76126,0.8824078973981585
76128,0.13673132169335608
76129,0.23019765431065783
76130,0.8136052659936549
76131,0.8068801110860282
76132,0.3611599082372936
76133,0.5220088410245021
76134,0.03956021188035169
76135,0.6565754846766766
76136,0.38486817317620936
76138,0.4904617595838553
76139,0.7209405854282764
76140,0.215432644163757
76141,0.36931647220841474
76142,0.09213011535355711
76143,0.2910058435922419
76144,0.23700220651878126
76146,0.5841156692612236
76147,0.640933601237408
76148,0.5513992713102434
76149,0.644920929170878
76150,0.0
76151,0.03308004137052204
76152,0.6674473722426372
76153,0.34717120799319023
76154,0.18276997346263632
76155,0.3900171226435078
76156,0.17997344057432352
76157,0.9214436022582545
76158,0.09670959117293525
76159,0.16441331279678242
76160,0.5506691840911588
76161,0.12994481675507427
76162,0.6029659986062602
76163,0.5659730972057788
76164,0.629677614513846
76165,0.8818631459157418
76166,0.20936210005546582
76167,0.9315010304219293
76168,0.566633157887868
76169,0.5707708775276759
76170,0.38985178853246943
76171,0.35589526613224864
76172,0.46392417980754524
76173,0.396138057493811
76174,0.48474529811095474
76175,0.3600865777308846
76176,0.15584197799103208
76177,0.6843906579459533
76178,0.8758791311775721
76179,0.7604842684755974
76180,0.16680151739808752
76181,0.2737249501418941
76182,0.18852287043480553
76183,0.399665554694002
76184,0.383581024242377
76185,0.6570493839383436
76186,0.12075623409879498
76187,0.4103729384083992
76188,0.5939314876352377
76189,0.0414326967921269
76190,0.3695430038331293
76192,0.7813392077451551
76193,0.5850148991959956
76194,0.47769992395017796
76195,0.22948146912095768
76196,0.6406818241584961
76197,0.2994507378875322
76198,0.35352660937771346
76199,0.11818078838180592
76200,0.5675379031907215
76201,0.15417357669208512
76202,0.5097587213175544
76203,0.4684922626652316
76204,0.5679788768357532
76205,0.3342777818023235
76206,0.5730724825456279
76207,0.2648670306517608
76208,0.139831595503981
76209,0.11090070044919015
76210,0.5000401508462688
76211,0.16361302169600103
76212,0.8504151471600481
76213,0.27848402491797575
76214,0.32589450728154296
76216,0.8964399230891665
76217,0.9536016590388096
76218,0.1098553893225593
76219,0.09114315109834144
76220,0.4864197930988355
76221,0.040521208315992055
76222,0.862508846850596
76223,0.41341891796638164
76224,0.5066905226833032
76225,0.1992600314441915
76226,0.2631469061994035
76227,0.3795374599642717
76228,0.33007271238017866
76229,0.1116880532100877
76230,0.1966113848003371
76231,0.8600171881708419
76232,0.3192670915582657
76233,0.3079332366356783
76234,0.542118658882996
76235,0.5853796387974657
76236,0.18083736391146105
76237,0.7589992752836286
76238,0.955448406913729
76239,0.6194932585487016
76240,0.42216979927850623
76241,0.03315447167780634
76242,0.1855580154910608
76243,0.5285932963887698
76244,0.622678691951733
76245,0.7794545920769919
76247,0.6583104402661383
76249,0.5762349150502548
76250,0.636335957668315
76251,0.1914038803488158
76252,0.47246739538558313
76253,0.2025927762045922
76254,0.543211488381616
76255,0.5417088178480066
76257,0.14440163097778247
76258,0.44068556580694473
76259,0.814997574908539
76260,0.17917682013739758
76261,0.49938925355871605
76262,0.33210535412326486
76263,0.0857384707840613
76264,0.38657522552502155
76265,0.5081671790521921
76266,0.44079150645158205
76268,0.47845132943008806
76269,0.6150361691220497
76270,0.9669635225234404
76271,0.7746117094750202
76272,0.271834267603964
76273,0.9735615948287762
76274,0.3619224375962461
76275,0.9528390473799069
76276,0.7228340349687956
76278,0.14518183910680607
76279,0.27208669069056557
76280,0.4603361572475005
76281,0.7581926054477568
76282,0.8691897162957902
76283,0.5953479577151479
76284,0.6494276799151452
76285,0.7369636411601431
76286,0.20890242913641335
76287,0.8352140695981553
76288,0.6891117501518281
76289,0.5291298169855468
76290,0.6392323084235487
76291,0.41227083465254555
76292,0.06621581482119923
76293,0.09437410101895465
76294,0.44424606283711
76295,0.1575765964460715
76296,0.750582323315443
76297,0.12027259409989778
76298,0.5301546028970268
76299,0.21067284021798513
76300,0.34933993441218897
76302,0.4511772242394085
76303,0.5945259159633876
76304,0.302171418165888
76305,0.8237501861044365
76306,0.24523400960031655
76307,0.9354723943067179
76308,0.2874048657469505
76309,0.09245653595156443
76311,0.7703902799886543
76312,0.31060692146196495
76313,0.8921077792109383
76314,0.6278325921222488
76315,0.19430180624503435
76316,0.6246585878086772
76317,0.28228317494615346
76318,0.2992711612864068
76319,0.9781787030316657
76320,0.1891596861126234
76321,0.67842795371385
76322,0.9547335246459848
76323,0.7625565954436986
76324,0.8916859237828584
76325,0.31509615629462073
76327,0.4162690283784889
76328,0.5296265298460071
76329,0.42861060220679975
76330,0.4574262166470032
76331,0.6964821359210215
76332,0.12851892952627517
76333,0.2124118361435075
76334,0.42776776894651714
76335,0.5674725238827014
76336,0.03361754488144177
76338,0.21541274950656164
76339,0.15661004780470578
76340,0.12277433238260757
76341,0.9207752968492823
76342,0.2618720126260259
76343,0.24832059752779057
76344,0.12370124408790831
76345,0.10393219243497179
76346,0.10007873843397881
76347,0.1656375955392962
76348,0.1381987808119091
76349,0.6162012783976645
76350,0.8665809759203116
76351,0.987912488691809
76352,0.06964909064784758
76353,0.08516130696910228
76354,0.8761354556247603
76355,0.12595149342287953
76356,0.41053321458082
76357,0.6374352180028358
76358,0.13672851542275105
76359,0.47619928100835124
76360,0.47032242082046616
76361,0.927950722302171
76362,0.8241935076317739
76363,0.34505031269452485
76364,0.07891755597840236
76365,0.040911852235596846
76366,0.8801761213236612
76367,0.9830996825868797
76368,0.3891908952128623
76369,0.6617597110316795
76370,0.6021135236576541
76371,0.22076750241360021
76372,0.11303499421767389
76373,0.2899196917721197
76374,0.2764131912209146
76375,0.03357075489322467
76377,0.9734835325623088
76378,0.8255513836695468
76379,0.3472011616224251
76380,0.40573405959518766
76381,0.213583624597849
76382,0.28483392543639113
76383,0.3201288485311165
76384,0.7796399976465744
76385,0.5707853927669321
76386,0.24622934110143602
76387,0.2856144704242373
76388,0.29022092938801597
76389,0.2823939141981288
76390,0.3237328304685523
76391,0.7832402738820188
76392,0.46637251704479926
76393,0.2387187605724806
76394,0.23796261975231145
76395,0.49519756176558555
76396,0.596458080925722
76397,0.3480346215959734
76398,0.4084028870425376
76399,0.4521397166957839
76400,0.4442274476835844
76401,0.6217292903188456
76402,0.8595800507152582
76403,0.16522726187375045
76404,0.7104539724185012
76405,0.28572885994106934
76406,0.3655046335405595
76407,0.03407433506269592
76408,0.48191841906290195
76409,0.9288078074662872
76410,0.8844249332511668
76411,0.18819899706582263
76412,0.6638687651699171
76413,0.4783608882001917
76414,0.9111342729003327
76415,0.6537594503869009
76416,0.6396574144687254
76417,0.88207146246375
76418,0.4230599174359155
76419,0.8532195705737043
76420,0.6085608251834738
76421,0.5867321007164674
76422,0.2318305479554586
76423,0.10018225157991875
76424,0.7797987560610478
76425,0.3491955651718879
76426,0.07620365674096086
76427,0.5208476195151107
76428,0.03352976899562513
76429,0.8976823033878177
76430,0.5763316119809562
76431,0.06098856418594786
76432,0.8443481986677488
76433,0.4777252327226831
76434,0.8115471745021888
76435,0.26972140475450634
76436,0.8357733832122219
76437,0.6169547763436527
76438,0.24414258725457996
76439,0.341069856828527
76440,0.1410274512761641
76441,0.24402050652717838
76442,0.2857905032015591
76443,0.7902138181399626
76445,0.6269730750014221
76446,0.8859206203138046
76447,0.8221238304165449
76448,0.8262602666717433
76449,0.5014001114165855
76450,0.13968927786348367
76451,0.9233942453795477
76452,0.8197538359330069
76453,0.7027156215476947
76454,0.7435942339990389
76455,0.06816711132537646
76456,0.43795243282959445
76457,0.8061268857025539
76458,0.6751694295767898
76459,0.8034447206000578
76460,0.35464419333630065
76461,0.7162976360884358
76462,0.5396274376682776
76463,0.17928946814475857
76464,0.8841103792937396
76465,0.5141673038637681
76467,0.032572757354591926
76468,0.3384657566076224
76469,0.056969702079631715
76470,0.2714063251800353
76471,0.4769918511737517
76472,0.6791419448543419
76473,0.6703325571901626
76474,0.8868869659109357
76475,0.8789831528961162
76476,0.6940463526533176
76477,0.929770271922786
76478,0.5400701683663941
76479,0.20093584838349143
76480,0.040527498523629094
76481,0.9621720646268055
76482,0.49055608418657737
76483,0.1288360547529333
76484,0.891746977565081
76485,0.28992447030003
76486,0.9778501273901393
76487,0.6015202615447336
76488,0.21805020710293063
76489,0.7033057116646237
76490,0.24418988620412596
76491,0.38073659634079626
76492,0.478452382501654
76493,0.07032882214998029
76494,0.3776888049649021
76495,0.7574266785288853
76497,0.9285214564540172
76498,0.9956763289224947
76499,0.7373173562199709
76500,0.23111327465223222
76501,0.5990955738978372
76502,0.658371720494908
76503,0.868252993121691
76504,0.03328830828031768
76505,0.2582491813341928
76506,0.6146305727613752
76507,0.4327416566758655
76508,0.904117367153673
76509,0.7917261268228989
76510,0.20595594746340906
76511,0.17143258885151774
76512,0.1810602501022144
76513,0.9129977343612811
76514,0.9112653639727155
76515,0.5145654888268321
76516,0.6031657043376644
76517,0.7995460842075073
76518,0.2983237814231808
76519,0.47208325095559617
76520,0.1651635654673818
76521,0.39350702789012404
76522,0.5897057719767194
76523,0.15640170213402985
76524,0.22187372529428492
76526,0.6502769976154582
76527,0.25949829526909457
76528,0.23484103226443573
76529,0.25167696501509307
76530,0.12700819721107207
76531,0.13490271782233668
76532,0.5713005316651163
76533,0.7285781030508325
76534,0.9511650617646601
76535,0.5821299160656902
76536,0.8325687652459233
76537,0.10611303616774674
76538,0.6562642957553108
76540,0.9252216540080594
76541,0.8506338213737913
76542,0.13338028756738915
76543,0.2780040796602756
76544,0.5207755109777064
76545,0.7292149184711926
76546,0.4262408240469316
76547,0.6098632497181016
76548,0.3875487845006522
76549,0.26278218964156674
76550,0.8447520951063879
76551,0.6500737323048679
76552,0.9815194184476984
76553,0.5468195900189564
76554,0.442552884077045
76555,0.7080418806437505
76556,0.8297275306189378
76557,0.2892818646353527
76558,0.9084551379758442
76559,0.2984460948958689
76560,0.8288561099175364
76561,0.8653914490891195
76562,0.5325370245181889
76563,0.6286423327666762
76564,0.5403590677468153
76565,0.5833101592772925
76566,0.6452545461919961
76567,0.7231985247302439
76568,0.533994599012411
76569,0.04011256615481944
76570,0.5096648026334991
76571,0.5406989679538865
76572,0.47803751346489376
76573,0.31632927476376244
76574,0.43667560112955744
76575,0.9957574451749593
76576,0.4812053456613577
76577,0.5658626503831323
76578,0.626959638629888
76580,0.803547935415294
76581,0.6013951841667001
76582,0.4503004561462805
76583,0.6998404448868817
76584,0.7198951528495959
76585,0.2822736290315916
76586,0.5186811582078527
76587,0.367260138701497
76588,0.6174618182617262
76589,0.6084329862225261
76590,0.6579741473830889
76591,0.7798023361317145
76592,0.8251445671289612
76593,0.414680217408505
76594,0.8469928589914459
76595,0.9306954861907462
76596,0.7121975805655059
76597,0.23518829337971928
76598,0.15601607775313486
76599,0.8609640332027583
76600,0.5165012937620627
76601,0.05464586567267512
76602,0.5767629719262187
76603,0.28099979022498656
76604,0.32076425004850734
76605,0.5103558122420376
76606,0.276190990932623
76608,0.762853207891257
76609,0.6939850247077695
76610,0.44584503940917625
76611,0.4366601428681677
76612,0.25389415457445347
76613,0.21215283326085013
76614,0.8989123505336571
76615,0.7020774325353283
76616,0.793185015604777
76617,0.8642844972050288
76618,0.8890532131966529
76619,0.24316220647523595
76620,0.5445536409208769
76621,0.6629043459478128
76622,0.41391294877625256
76623,0.11036980941456064
76624,0.556626524192827
76626,0.29460274225755
76627,0.8501263877808981
76628,0.6233765514212871
76629,0.3939497624874671
76630,0.5642826799953382
76631,0.8193783890236158
76632,0.23053396542640564
76634,0.872014728388127
76635,0.1511538672792976
76636,0.8637177593419745
76637,0.2440399902022336
76638,0.3505891429294361
76640,0.8698779013940791
76641,0.4970969875504968
76642,0.3371664512442736
76644,0.38992162057858687
76645,0.15082472316424114
76646,0.042302749448071976
76647,0.6752381917635311
76648,0.6925176212641422
76649,0.5216638079486784
76650,0.5935392459586838
76651,0.0344831710978238
76652,0.6697788115598168
76653,0.10003379334874288
76654,0.423425028988469
76655,0.03330507555451345
76656,0.5847718924363634
76657,0.6776822467997643
76658,0.6852190797446082
76660,0.6930105258816049
76662,0.2920870639515237
76663,0.2129472360658441
76664,0.08497127751268935
76665,0.8702904268470507
76666,0.10585507645910097
76667,0.35794097078805426
76668,0.4370833638836582
76669,0.3556558790707561
76670,0.5410030502835022
76671,0.25337701301135546
76672,0.8732886824819411
76673,0.6708717409278913
76675,0.6636323649887189
76676,0.41099391020588794
76677,0.15351250704567435
76678,0.6049004089079938
76679,0.13757046655048139
76680,0.24874528547688746
76681,0.9370737833494153
76682,0.8722099919869374
76683,0.450605623052615
76684,0.8269739261827143
76685,0.24223858534665077
76686,0.21860601838285915
76688,0.280250908380335
76689,0.2402091363167877
76690,0.38365455176288754
76691,0.6549632178318211
76692,0.2619891757409666
76693,0.602640686924822
76694,0.43004737364591034
76695,0.2484786988504304
76697,0.6556577450859958
76698,0.6220635146912082
76699,0.229705129285903
76700,0.39412730938173995
76702,0.47469688613281263
76703,0.9143718516909463
76705,0.9167772968314659
76706,0.42738503372890185
76707,0.4329264805097745
76708,0.41527369409264897
76709,0.8356875219471218
76710,0.26197261374181974
76711,0.559579750657717
76712,0.3289339765578982
76714,0.5332347684123824
76715,0.2824768239796997
76716,0.6630556951932585
76717,0.9083501547422634
76718,0.21384068215907873
76719,0.23756598616221195
76720,0.5261217112272858
76721,0.6686316532651503
76723,0.5256074798362903
76724,0.3500908207493006
76725,0.2992852800766781
76726,0.33042440021539254
76727,0.515397924137976
76728,0.8596635633449875
76730,0.13092261618694764
76731,0.4493749731189557
76732,0.19216409997238987
76733,0.6792781109305436
76734,0.6161314091240996
76735,0.043683083873647825
76736,0.17170056085954682
76737,0.36804715659551773
76738,0.5240165493170525
76739,0.38306761023962477
76740,0.7118114221511531
76741,0.6296891999421395
76743,0.8479510014346018
76744,0.15462685233192305
76745,0.2224962928210808
76746,0.19919923313484753
76747,0.4690886472156369
76748,0.08117847284041387
76749,0.16683243604264153
76750,0.8419173426580653
76751,0.293245711190507
76752,0.41100209343168426
76753,0.880258398174969
76754,0.398285148116864
76755,0.2630499087912024
76756,0.5457875160333554
76757,0.17576151722343888
76758,0.5182419913476701
76759,0.8483320954140228
76800,0.0
77000,0.0
77001,0.7949521811457346
77002,0.32284741884419443
77003,0.6556609832635263
77004,0.834182934668925
77005,0.9818971162328425
77006,0.6886188299115933
77007,0.48124650809070446
77008,0.7227639861541453
77009,0.5945868976166094
77010,0.5344104337532144
77011,0.6353876410840895
77012,0.1568446014322311
77013,0.706813472247498
77014,0.8283105117435648
77015,0.3803779270134486
77016,0.5794989651112092
77018,0.9861502283789503
77019,0.3480152238102778
77020,0.27041194292281723
77021,0.36536038618899896
77022,0.9824548682497496
77023,0.9172551151580031
77024,0.5442542609429647
77025,0.42847927421683935
77026,0.19170186311412368
77027,0.49573787378976775
77029,0.5672614353822059
77030,0.4321814622522164
77031,0.3877590984009781
77032,0.23321826779944874
77033,0.23828943629843927
77034,0.7735375971649617
77035,0.4033591641306977
77036,0.2698696571872475
77037,0.8956739439696847
77038,0.9961180547827355
77039,0.9968513029662254
77040,0.9943701561322748
77041,0.62964709405563
77042,0.664346100551205
77043,0.6417613427011305
77044,0.7619816958140878
77045,0.6193712808540448
77046,0.6843456115157227
77047,0.9545125115290708
77048,0.6901170027580219
77049,0.9550265596721921
77050,0.32379594358925406
77051,0.6753094471677377
77052,0.6157089584551024
77053,0.9716319893885246
77054,0.4565000457427754
77055,0.9807700505905638
77056,0.6605461491932145
77057,0.5821211342221243
77058,0.984690490211663
77059,0.9813103190845621
77060,0.6446577171737952
77061,0.38883087170743
77062,0.9864551001806486
77063,0.964346624851329
77065,0.8045469158193153
77066,0.15817234770675306
77067,0.9656268012310886
77068,0.5224583433816734
77069,0.9890249708877157
77070,0.5650612996090045
77071,0.3706819709836937
77072,0.28544856543626246
77073,0.6287361899494174
77075,0.9971878928737453
77076,0.552532296825689
77077,0.9363066223814841
77078,0.5527827663425289
77079,0.7207377306556125
77080,0.1909796568067433
77081,0.8884667993530065
77082,0.8049121894921157
77083,0.9824179913156483
77084,0.9184915128546048
77085,0.9887528915899795
77086,0.6535840110039532
77087,0.33396921331885293
77088,0.7533836995789114
77089,0.5063345815921065
77090,0.518092546236577
77091,0.9477895420100485
77093,0.17392542783229464
77094,0.9726926758499927
77095,0.9676114637761439
77096,0.8823373139838157
77097,0.2772662134677585
77098,0.3968258839838427
77099,0.5760074609896285
77100,0.7940759091626679
77101,0.4397431620103073
77102,0.6437236870700166
77103,0.7763222857828569
77104,0.9287006766292003
77106,0.6002612737779585
77107,0.8014086326561081
77108,0.9855585812995907
77109,0.34537162509179736
77110,0.5584526617231796
77111,0.9971908915167996
77112,0.5938396816554355
77113,0.27929285829107775
77114,0.969964040576786
77115,0.4844318930348768
77116,0.3598183307007937
77117,0.4949026533147915
77118,0.976367937127718
77119,0.4175068940157679
77120,0.4786818250461281
77121,0.9816689254495963
77122,0.9677275412152995
77123,0.9976576389607644
77124,0.9873516715708847
77125,0.9874435032042698
77126,0.7098326404314246
77127,0.9425539986598148
77128,0.9716613901963599
77129,0.3603067235583668
77130,0.9519810473866631
77131,0.8351684469017072
77132,0.9980358640437886
77133,0.4064896699469883
77134,0.21148498431570056
77135,0.35240758535224537
77136,0.9430096661504945
77137,0.19475043595569133
77138,0.49221484564778295
77139,0.9984324034377349
77140,0.5024951627046559
77141,0.9770775868730208
77142,0.9545762442043254
77143,0.9432416099342267
77144,0.9436623172261792
77145,0.8710884981219476
77146,0.97613997840786
77147,0.401539778060691
77148,0.4561643717823471
77150,0.9459972380234923
77151,0.2483821641401567
77152,0.9958784695856654
77153,0.8942392932643575
77154,0.9640897727565483
77155,0.9952597015034683
77156,0.6893607701559907
77157,0.3028585412960495
77158,0.440888824452598
77159,0.52164512034517
77161,0.6186971821275578
77162,0.5568507036085685
77163,0.609616825665342
77164,0.4871327525980785
77165,0.4945778536046496
77167,0.43478742809822385
77168,0.2881116094791683
77169,0.9859130176969326
77171,0.9951469099863062
77172,0.4080209676455355
77173,0.6847551559881453
77174,0.5002049876249276
77175,0.9521552387622458
77176,0.9446005980491945
77177,0.9692518173705597
77178,0.6032903372088079
77179,0.715687526881326
77180,0.9769527626613151
77181,0.9800497001515331
77182,0.4936769780127942
77183,0.6286176933622485
77184,0.5909085290184288
77185,0.9719210004250263
77186,0.761336934951703
77187,0.46020215478904847
77188,0.8333696369910443
77190,0.5420070461864949
77191,0.5034689681103549
77192,0.7767659379548272
77193,0.8979761465993059
77194,0.5165053272820183
77195,0.8451663277715137
77196,0.9767148477952874
77197,0.2612116149535873
77198,0.6630397772826975
77199,0.9436958596993601
77200,0.6355205473354353
77201,0.35483936039106106
77202,0.637746739253351
77203,0.9319588599610251
77204,0.32218956310726704
77205,0.8970391008496954
77206,0.9385661143303894
77207,0.5222001112438743
77208,0.544863976848588
77209,0.9986176780483293
77210,0.5787456927230626
77211,0.5213387386770134
77212,0.3062650936292394
77214,0.9760757655382205
77215,0.96026395022792
77216,0.6481277055534245
77217,0.9634357726223509
77218,0.4449269749456718
77219,0.956686924672011
77220,0.6144858766539582
77221,0.9856126021422036
77222,0.8196209774334224
77223,0.5042111369362444
77224,0.9407472454366342
77225,0.9248837084303847
77226,0.7177036477405884
77227,0.60352943010586
77228,0.5380491786177675
77229,0.9461639587313988
77230,0.6975129340473307
77231,0.6936557002309843
77232,0.9814102688412113
77233,0.9607931764775319
77234,0.9883756752715563
77235,0.6089107974257896
77236,0.454544888358572
77237,0.985632763099022
77238,0.6369933959826403
77239,0.3049410445140304
77240,0.3954059869427817
77241,0.9520819758815402
77242,0.5293320516583836
77243,0.9988908700239364
77244,0.6425883228959303
77245,0.46294413480974606
77246,0.2993126205423715
77247,0.2099095170854277
77248,0.9906028351279701
77249,0.9781762863137863
77250,0.2384724882483442
77251,0.9738326534248455
77252,0.9462575116148052
77253,0.9167594073950932
77254,0.9080480756785234
77255,0.9879597946567155
77256,0.5493020388333586
77257,0.671657716924006
77258,0.9795822358871454
77259,0.9136568399893507
77260,0.615087915104087
77261,0.43642842826898764
77262,0.13880599130058863
77263,0.47744404743018043
77264,0.680356599734985
77265,0.44714576887866847
77266,0.5548109963966978
77267,0.561248198569632
77268,0.9954535152967587
77269,0.991166516589308
77270,0.9403749205542454
77271,0.6462940295913123
77272,0.6058685184801658
77273,0.9267945682327965
77274,0.9101020754214486
77275,0.17170344972821375
77276,0.9664688379237106
77277,0.9411603688495654
77278,0.4677076463633945
77279,0.4387049552506532
77280,0.6418310043963699
77281,0.6823618034379069
77282,0.9971010257197572
77283,0.5992778408349255
77284,0.9686631099805814
77285,0.9958955373004679
77286,0.5433524218467197
77287,0.16349773606505036
77288,0.9952849115918802
77289,0.478107864765635
77290,0.4589957847980934
77291,0.9610725866650185
77292,0.9736346620582802
77293,0.3137332587687497
77294,0.9730423801374264
77295,0.8604700686742331
77296,0.9601542978069861
77297,0.5386913666317446
77298,0.526009787788449
77300,0.9178977027749726
77301,0.1054942059631595
77302,0.620680822618056
77303,0.2826098111518569
77304,0.14536963477128426
77305,0.48531312957966416
77306,0.9265930385684661
77307,0.9939340087817542
77308,0.9581087937627887
77309,0.9183411815794832
77310,0.40462331827828785
77311,0.5263636673704706
77312,0.6522969095164974
77313,0.3869024995674871
77314,0.18169278166288344
77315,0.9941485078175353
77316,0.7666535036562484
77317,0.6249705829662334
77318,0.9524272011132858
77319,0.4033806193529634
77320,0.9483057908128711
77321,0.45251096357950615
77322,0.9598538745528346
77323,0.949927997812461
77325,0.5228915113295057
77326,0.9627604857055041
77327,0.8095787937372033
77328,0.6114550229540975
77329,0.5580985497433227
77330,0.9667993132940519
77331,0.4585565193320241
77332,0.9658671488426324
77333,0.7421185470740511
77335,0.9562169821047695
77336,0.9687944252904163
77337,0.9811824197675749
77338,0.532484946241285
77339,0.622072581188343
77340,0.604984116134327
77341,0.5169777356720211
77342,0.6356999809613433
77343,0.5565866564610484
77344,0.751949837378475
77345,0.6113944396428925
77347,0.5017872557945573
77348,0.6383663438951072
77349,0.9102264385304516
77350,0.9733825570279614
77352,0.8903201829517714
77353,0.4288510860071548
77354,0.4901670908565265
77355,0.49509194373053167
77356,0.4227261238380458
77357,0.36617706095866354
77358,0.9294733701823829
77359,0.9802801456563814
77360,0.6776728964538883
77361,0.9263752308171153
77363,0.9781971856607458
77364,0.9658984321882462
77365,0.4433134176629462
77366,0.9449691005577542
77367,0.6790077457644547
77368,0.6419673702357995
77369,0.9594451326599699
77370,0.5277847165449213
77371,0.9531906699885734
77372,0.9827752055289122
77373,0.9803465454549568
77374,0.9749677764528014
77376,0.9797533616901508
77377,0.9618201907895884
77378,0.915774473189125
77379,0.6245502776883024
77380,0.6358519144065944
77381,0.39331811697811336
77382,0.9694006890063809
77383,0.5685911771048229
77384,0.9650042110361636
77385,0.6860882953638661
77386,0.6794476026559628
77387,0.39053945942591717
77388,0.564047486004318
77389,0.9920058199197711
77390,0.9768148921645003
77391,0.36932827172263194
77392,0.8408393251474938
77393,0.3818977437542044
77394,0.9249219027447612
77395,0.6370610968806099
77396,0.21037659760708524
77397,0.5309126502763118
77398,0.6169481400953539
77400,0.8149571491455158
77401,0.36897733788530757
77402,0.24709911586968175
77403,0.47328716798407633
77404,0.6431689114609006
77405,0.5537506814255048
77406,0.6226316305010255
77407,0.9278655014233198
77408,0.9298861043136939
77409,0.4037961605758532
77410,0.9881631157617122
77411,0.6037600889175054
77412,0.9749041002428446
77413,0.985945831802124
77414,0.25717192735108807
77415,0.9092326207328548
77416,0.3285670489316672
77417,0.4982988587507749
77418,0.5645833860959083
77419,0.7283206798741071
77420,0.9407402745979861
77421,0.21971827883319842
77423,0.3299759888720601
77424,0.0951379843599416
77425,0.7796844906639964
77426,0.7704514172139942
77427,0.974566676117455
77428,0.558942494162019
77429,0.585298431178703
77430,0.7100656959172498
77431,0.6686587832739302
77432,0.45596660573858394
77433,0.4707795286858675
77434,0.47776321195267224
77435,0.8862743631686808
77436,0.4948849402115169
77437,0.8996595152807826
77438,0.998539658256811
77439,0.43860455876779525
77440,0.6668322956023718
77441,0.8675264059141975
77442,0.8127756399954646
77443,0.9410400852235973
77444,0.13343959494117075
77445,0.9687862883157393
77446,0.5317642050110528
77447,0.9971302248433672
77448,0.7005395597678342
77449,0.9946731512268517
77450,0.9872859269779422
77451,0.6732144889766576
77452,0.49680563622290835
77453,0.8017212676820196
77454,0.5463336434828565
77455,0.9307697716100733
77456,0.615227491504772
77457,0.9259643130460209
77458,0.5943146807779132
77459,0.5176716630901577
77460,0.5278063753316515
77461,0.5294087783878835
77462,0.9634354696014092
77463,0.771409845096066
77464,0.990058478080523
77465,0.549786483354677
77466,0.9707596849106859
77467,0.332539694254447
77468,0.9983169551916351
77469,0.42817902731554197
77470,0.9520560046429611
77471,0.5879974653504888
77472,0.5992946882202849
77473,0.5773760127976099
77474,0.9672363441758187
77475,0.9307760103327264
77476,0.7133630798170068
77477,0.7865666610985265
77478,0.6655114483207282
77479,0.9984917478425479
77480,0.5032829166603112
77481,0.5135371124841932
77482,0.5331057819393249
77483,0.9377275051024357
77484,0.9311776254920284
77485,0.6592692095808987
77486,0.3879692781815472
77487,0.9049986841779251
77488,0.0
77489,0.3859956585142415
77490,0.4610349557121757
77492,0.513966813729903
77493,0.7932101058930571
77494,0.6038559684412991
77495,0.9971762568361405
77496,0.3983003366592665
77498,0.9792557616385228
77500,0.39761833332862184
77501,0.67517085985356
77504,0.516936053080555
77505,0.9110344007383442
77506,0.6390784143656112
77507,0.3846786589261813
77508,0.9714567220130169
77509,0.5004985938154314
77510,0.9798278560967087
77511,0.9445775925272581
77512,0.5832733462829531
77513,0.9653835521841451
77514,0.9977882687712923
77515,0.9660534507770384
77516,0.6082585892817288
77517,0.981562350501422
77518,0.9945619874989186
77519,0.20704870498432837
77520,0.6039774824021661
77521,0.9717162854560477
77522,0.5440244199444202
77523,0.37952462009425214
77524,0.46827095669171215
77525,0.9714173271422141
77526,0.6581217576845606
77527,0.35705722155805053
77528,0.9952678502201675
77529,0.9656695457359518
77530,0.25613007556124395
77531,0.549989843090714
77532,0.4966840061073914
77533,0.8037316111184651
77534,0.8641414533841337
77700,0.0
78003,0.5072225141872281
78005,0.9598814047264761
78006,0.5510789795227503
78007,0.9582346759418959
78009,0.43840888895258606
78010,0.9227223573122524
78013,0.8777059167950888
78015,0.9531512118380993
78020,0.780776410515742
78029,0.8949708482829225
78030,0.8400133624789407
78031,0.7949875442107843
78033,0.8724481626746228
78034,0.8814764932932079
78036,0.8484340447663259
78043,0.974907717440522
78048,0.5057478378004778
78049,0.9022331425487031
78050,0.8211951534767258
78053,0.7567896608694868
78057,0.763046638559641
78062,0.9074519102621202
78068,0.7850254653781271
78070,0.785610200710694
78071,0.853363291237006
78072,0.7351440559648419
78073,0.9594027619028394
78076,0.6254799517523918
78077,0.5583606115926165
78082,0.7593264376451606
78084,0.8287291784936411
78087,0.8453175059244497
78089,0.7736570797895558
78090,0.8930979513476386
78092,0.9873449055329616
78096,0.5216413330057073
78104,0.7975391350914752
78107,0.7947942089273647
78108,0.7836930478481902
78113,0.8274686596650271
78117,0.9865665202569351
78118,0.8756200010772547
78120,0.8228784858082558
78123,0.9562216855582447
78124,0.9864468580259347
78125,0.8475227830087477
78126,0.9845429819133356
78128,0.893146713774516
78133,0.9649062300559922
78138,0.9590404013364646
78140,0.9080320717528083
78143,0.9720702903551894
78146,0.9876642873316731
78147,0.7356533005901028
78152,0.952443015377598
78158,0.9899614203033814
78160,0.9410402385185683
78162,0.9291796574094787
78163,0.6637618140135003
78164,0.7535241159363996
78165,0.9497125616313221
78168,0.9141541423173947
78171,0.5630547865018507
78172,0.9630415107119515
78179,0.0
78180,0.0
78185,0.7378291467427711
78188,0.7236019552457317
78189,0.928177509213873
78190,0.9886691914016712
78192,0.74514257190986
78193,0.8982743153647786
78194,0.4905221682645131
78196,0.9373615085467712
78200,0.0
78202,0.7672576085232089
78206,0.9167862221631559
78208,0.9302231706752061
78209,0.6796856068761736
78217,0.848649489015784
78220,0.8520696475163249
78224,0.9724934164865006
78227,0.8980289215656095
78230,0.8601928317408208
78231,0.7418265945233483
78233,0.9434618658384293
78234,0.7388513218356236
78236,0.8020211349996254
78237,0.7193299174674286
78238,0.9123437667595778
78239,0.7689582415154853
78242,0.9616696895580038
78245,0.7965068929033753
78246,0.7893798223253012
78255,0.7534368173214292
78261,0.8653634416330814
78262,0.7870223749909544
78263,0.5017527444607344
78264,0.6787902607145614
78265,0.748749972205818
78267,0.8499117217684058
78269,0.6810786321225505
78276,0.7556372281798183
78278,0.8640634756448508
78281,0.8031647453613843
78283,0.5462290176835541
78285,0.5186132020081531
78289,0.6700246253472552
78290,0.7917039835414269
78291,0.7870596900036542
78296,0.8085520709227888
78297,0.9711523444761838
78299,0.8663252188065768
78300,0.8066896313494955
78302,0.5367479645323456
78305,0.9191971903988995
78307,0.647578393450097
78310,0.49079326175567844
78311,0.988276049093878
78314,0.8347867561783552
78317,0.8448554831168468
78320,0.7280446094189521
78321,0.9081576118617964
78322,0.9873656437545056
78324,0.8269926535378184
78325,0.8329179989195207
78327,0.8488537288588045
78329,0.7916219524597379
78334,0.8948647023464881
78335,0.8496239316923173
78337,0.7411637838365956
78343,0.9863952451887753
78344,0.7138024891194688
78346,0.7666055854757134
78349,0.7567684828759323
78350,0.9838307395105763
78354,0.8154892442594792
78356,0.9537073709966014
78358,0.9870418977045684
78361,0.8225732772681159
78362,0.8525576359153804
78364,0.8956386278982928
78366,0.8471715838085558
78367,0.9796488403140652
78368,0.9182785111276723
78372,0.9823271670879077
78380,0.8851642322154138
78381,0.517119614125692
78382,0.9574898874490168
78383,0.9186147439334287
78384,0.9380909516454563
78385,0.7724867867851011
78389,0.8381212143093696
78391,0.7596680530954896
78396,0.9820124527261301
78397,0.9147124223578039
78398,0.8269682885395037
78401,0.8856234411415213
78402,0.8204896720990438
78403,0.8636851104618518
78404,0.6648735574160823
78406,0.9444589242853927
78407,0.561631386174065
78410,0.7796370970351298
78413,0.7659985586723261
78414,0.0
78415,0.9103328274904495
78416,0.8299669138887302
78417,0.771172630634729
78418,0.9877956593015664
78419,0.0
78420,0.802513961351253
78423,0.9578869019033371
78431,0.9367226379379608
78437,0.7763297632113301
78439,0.7307407963994588
78440,0.8881335568335912
78442,0.9176598243407699
78443,0.8647805983941466
78444,0.8085305851718538
78451,0.8715083769920764
78455,0.9719355836269383
78460,0.8472334240408401
78464,0.6444816128590904
78465,0.7045194359727114
78466,0.9349460607714066
78470,0.6082869130598842
78472,0.8604959812155506
78474,0.6468748613791282
78475,0.7841380222550376
78478,0.7999893760558859
78481,0.9848406580018605
78484,0.7778548042701251
78486,0.779210462186119
78490,0.9296541057599332
78497,0.6830644866241534
78498,0.9548669751588263
78499,0.664665414986033
78500,0.0
78501,0.8040155196366949
78502,0.9982920444332419
78505,0.6813667100700882
78506,0.4807948504654604
78513,0.7040796627554281
78516,0.6334930677665775
78517,0.7062440220805719
78518,0.9609421010308689
78520,0.5535203726721142
78522,0.759325634332243
78528,0.7514161884084957
78530,0.756168432246888
78531,0.76375268614377
78536,0.7834347453723697
78537,0.7512471143260318
78545,0.9713745053746199
78548,0.9264866027728024
78550,0.9116460297048281
78551,0.9682980034269637
78557,0.6371482351847385
78558,0.7509072288111529
78559,0.767333966282369
78561,0.930133427309828
78562,0.7268678089201275
78564,0.5260643787136599
78565,0.807965517243817
78567,0.775640556574992
78569,0.6861087094809781
78570,0.0
78571,0.9501204949423063
78575,0.9633368977769041
78576,0.859843849033708
78586,0.9876672961656713
78588,0.8836942445763925
78590,0.9028771011202715
78591,0.7820253328523317
78597,0.7572501854285649
78601,0.658244235412489
78605,0.5827511375290082
78606,0.5738719885115883
78607,0.0
78608,0.7689702079597844
78609,0.8818397818050353
78615,0.929271042462658
78616,0.8869411225715231
78618,0.6771981703412028
78620,0.9810965577090978
78621,0.9385205028200192
78623,0.8636597062433478
78624,0.9526116392308985
78638,0.92270698291925
78640,0.9908749988299212
78642,0.9179654109025945
78643,0.9305788018660353
78644,0.9105850403940698
78646,0.9839143037613289
78647,0.7674796262371679
78650,0.9985743692042336
78653,0.8582552045737464
78655,0.794925480527657
78668,0.7006274927418553
78672,0.9414878680623859
78674,0.9582665570961959
78677,0.7690736484258319
78681,0.816886839051116
78683,0.8880390091251681
78686,0.9891572883494076
78688,0.9552073711509994
78767,0.0
78780,0.0
79000,0.0
79001,0.3358309066282975
79002,0.1691585348083715
79003,0.737097272331018
79005,0.37607810632592875
79007,0.47064888203641825
79008,0.17511594775713202
79009,0.6769916381277881
79010,0.5476514015873712
79012,0.6377540636371765
79013,0.2650895444440918
79014,0.6090091022295453
79015,0.21715507794323258
79016,0.205074154942609
79018,0.3796854874348925
79019,0.11974099626025667
79020,0.6266191454254166
79022,0.3678158555943145
79023,0.5757057633571804
79024,0.7033471714525693
79025,0.1766133437080473
79029,0.14816777073201665
79030,0.49861006750940273
79031,0.5665280110871707
79032,0.632571879040377
79034,0.9710725521882175
79038,0.2680593782014649
79040,0.5066555902471641
79042,0.5431237848364562
79045,0.0
79046,0.4950153965148968
79047,0.2557829342963096
79048,0.6305088088177815
79049,0.3174454338818518
79050,0.2531215035796209
79055,0.3917039063691266
79056,0.7224395726996539
79057,0.4422101048043863
79058,0.621490969256294
79059,0.5293646118679004
79060,0.279065283098592
79061,0.583101282439186
79062,0.33813469138867486
79063,0.46802405695009236
79064,0.29580199242572536
79066,0.6107098508204979
79069,0.25848379026033186
79070,0.6049689269673534
79071,0.1251101046649144
79074,0.40471140266311784
79076,0.2840582012375827
79077,0.46061953238243464
79078,0.32019663508043344
79079,0.5828414495722963
79080,0.13715150351664168
79081,0.8169907567522833
79083,0.4258880130451487
79084,0.5501968382143314
79085,0.2593072114118317
79086,0.6306553111974182
79087,0.5353713361095717
79088,0.22099772228801434
79089,0.1668497083330718
79090,0.1865072044311988
79091,0.2591741180241347
79092,0.5211376015514748
79094,0.2169079242746142
79095,0.2619860018848921
79096,0.22173387832170088
79100,0.6988454536160502
79101,0.6252629561249687
79102,0.3600173370645617
79103,0.327850426919472
79104,0.5879481949249892
79105,0.5735164562300027
79106,0.1547842770832837
79108,0.12162465053023909
79109,0.7593575985683456
79111,0.18961295174144369
79112,0.634139330147877
79114,0.4959312975532407
79115,0.5244983670813906
79116,0.25192619506018754
79117,0.8042266067807381
79118,0.19995981507124247
79119,0.4462022990251249
79120,0.09669322768485306
79121,0.58161165989049
79122,0.3477533793571577
79123,0.42104605418014635
79124,0.5821044513134868
79125,0.6245913366009883
79126,0.5867323366668679
79127,0.5267673959984237
79128,0.6556533941880286
79129,0.660593838289001
79130,0.9093246395441441
79131,0.28557956634903847
79132,0.2988645823819708
79133,0.7107368792731263
79134,0.3062576835306042
79135,0.13874519009685393
79136,0.2950700626196678
79137,0.5655575368008684
79139,0.4966508664726133
79140,0.5900560760496574
79141,0.4408839429174049
79142,0.22128724962397012
79144,0.5958069892276705
79145,0.1677767261634053
79147,0.3326131420199417
79148,0.2930454863001286
79149,0.10874547924507107
79150,0.36366384778628624
79152,0.4801110026163984
79153,0.34971702282081324
79154,0.49245257673929854
79156,0.19815658706909597
79157,0.7403706609049195
79158,0.28386512332291564
79159,0.3552517807257919
79160,0.27584560821243775
79161,0.5000272865918759
79162,0.8558024002979916
79163,0.35862931931688985
79164,0.3077493889728769
79165,0.18612743824983247
79166,0.5677106970081721
79167,0.4368063988637351
79170,0.4012545817675173
79171,0.0
79172,0.4886443135205753
79174,0.6195266383877603
79175,0.4267436309624698
79176,0.6190170088264099
79177,0.17264418302873114
79179,0.38603275518608116
79180,0.38777835973712144
79183,0.21583846986871674
79184,0.49530288062667466
79185,0.6303874494049229
79189,0.5062979570145341
79190,0.2673882309349829
79191,0.8984385601822242
79195,0.28435969869472477
79196,0.6521712685451335
79197,0.09850678036666213
79198,0.24577825761593686
79200,0.4607561544093058
79201,0.614150849321448
79202,0.15905119753387773
79203,0.7734400291539172
79204,0.47262052321039133
79205,0.21978512876638168
79207,0.19449138198533014
79208,0.12586094841167955
79209,0.2788807903155837
79210,0.19590280054750997
79212,0.2933688294321961
79213,0.14784216224627378
79215,0.22690513740400267
79216,0.7078391348880372
79217,0.5736774439414111
79218,0.1302307109303017
79220,0.4451524772334339
79223,0.46118824803470426
79225,0.5291222928203227
79226,0.4633550952362849
79229,0.6398579982120729
79230,0.4485964038196234
79231,0.6067244425865024
79235,0.4142558136251817
79236,0.3347242624751164
79238,0.235806378448445
79239,0.19084978216139445
79241,0.6389286211320586
79242,0.22190947992681387
79243,0.2453612081094182
79244,0.6905047002500561
79246,0.5076301838516805
79249,0.7118914065672352
79250,0.3530446566425678
79251,0.2809041030327642
79252,0.4358443065427057
79253,0.523608209239656
79254,0.561895137900897
79255,0.2001403170376228
79256,0.7518945984338788
79257,0.5479216673653777
79258,0.710914358142601
79259,0.6788912147440367
79260,0.0
79263,0.49756659962916555
79264,0.0
79265,0.7741161891413496
79266,0.0
79267,0.521520218512705
79268,0.18781769076405863
79269,0.46769310442207873
79270,0.5876176806326497
79271,0.49220925955518047
79273,0.6328178337442956
79274,0.7153683538060829
79276,0.5215776140505176
79277,0.6750463255734027
79278,0.3876222780777231
79279,0.0
79280,0.15968836908247128
79281,0.7179109180105878
79283,0.6162131538459305
79284,0.7088745449279169
79285,0.173748465087823
79286,0.3280122009616927
79289,0.6919084729888885
79290,0.5409537179053819
79292,0.0
79293,0.748085935866287
79294,0.6022652385654127
79295,0.5325180149445083
79297,0.24120583073673915
79298,0.9485463442468763
79299,0.4090818487554143
79300,0.6857927262962463
79301,0.29692736736334935
79302,0.5852091911085966
79303,0.5471849692799639
79304,0.7746446787438176
79306,0.10122705191606124
79307,0.49464552258652134
79308,0.7742905223851294
79309,0.5077358553940373
79310,0.4260446497033186
79311,0.2888709714779957
79312,0.4391565413799451
79313,0.5085699977896361
79316,0.5817777660789134
79319,0.5288888550592172
79320,0.6408957538653928
79322,0.16558602570910996
79326,0.1320761586371495
79329,0.626868641449676
79331,0.6618860949015073
79332,0.28390036942317926
79334,0.5195254291968625
79335,0.6846703822478825
79336,0.5695495542440098
79337,0.7082034564341093
79338,0.19557995117699864
79339,0.49705730741757365
79340,0.5312932942586148
79341,0.5855549342549693
79342,0.26335240614089483
79343,0.45560595927587155
79345,0.5255910681970088
79346,0.2222637011893889
79347,0.15506364895182334
79348,0.18909000072690096
79349,0.20083531523088252
79350,0.4163876358008072
79351,0.7489356629763688
79352,0.1784027764798802
79354,0.1782084658458494
79355,0.789761877234177
79357,0.5824258348407071
79378,0.0
79425,0.0
79543,0.0
80000,0.0
80001,0.7095940700262828
80002,0.7480030821771662
80003,0.19990520838048664
80004,0.5432355350410839
80005,0.4744734755751136
80006,0.565950817687714
80008,0.4852675782854772
80009,0.407730862217066
80010,0.6978270246245768
80011,0.7121943327372384
80013,0.5047857508754919
80014,0.605579730540357
80015,0.6646923421539175
80016,0.7807313067884795
80017,0.6581123676404971
80018,0.28266718061358415
80019,0.574190407080035
80020,0.782957184991845
80021,0.8718454652059109
80022,0.5429675556559842
80023,0.842442868917493
80024,0.7069452783440491
80025,0.3314282734900066
80026,0.5016565295352265
80027,0.8160815903532238
80028,0.19382521208261572
80029,0.6382351217493755
80030,0.2654242478528509
80031,0.8139953262914013
80032,0.7912005100990218
80033,0.8869144696382467
80034,0.6239439040728614
80035,0.7298063561652
80036,0.694896917178327
80037,0.505934389474159
80038,0.38311345526747953
80039,0.43232200522796854
80040,0.35512296841012736
80041,0.5496175962585134
80042,0.10810991736787025
80043,0.14769549311066668
80044,0.09868460026605393
80045,0.5089275727889239
80046,0.5384591355695469
80047,0.5010083789442609
80048,0.5090402291561639
80049,0.8277781076006437
80050,0.6825992762926196
80051,0.6131731696716766
80052,0.6891124076826123
80053,0.8370418331705297
80054,0.738925403865779
80055,0.13897172505230204
80056,0.758108532633111
80057,0.1315477317751162
80058,0.544926186620586
80059,0.5925994124875679
80060,0.14465868205356744
80061,0.41372431792354414
80062,0.4767543455373354
80063,0.2849450873962508
80064,0.7333348109622401
80065,0.42047747724370593
80066,0.7345286179329921
80067,0.7772587887857902
80068,0.43496501245986535
80069,0.4265773749981403
80070,0.2788587215139762
80071,0.1194243752234338
80073,0.75685615585079
80074,0.791862411492759
80076,0.46523300664091355
80077,0.7470069666276348
80078,0.7021309056166833
80079,0.40402236807770503
80080,0.8638070304795842
80081,0.5547319801693262
80082,0.47748388947376785
80083,0.825523079361403
80084,0.3573182829173024
80085,0.45749940588619253
80086,0.11166114153363729
80087,0.34217193386868655
80088,0.7001976188328223
80089,0.16775107096134323
80090,0.8246236663844874
80092,0.6903521555988122
80093,0.33059085242767045
80094,0.6662837844577965
80095,0.1562388864984103
80096,0.3649459230383913
80097,0.7367828343578058
80098,0.47459960486715924
80099,0.34377275594925194
80100,0.34369443991608817
80101,0.735289982585218
80102,0.7144937343224864
80103,0.8183598049118042
80104,0.2985656282155762
80105,0.8302367982547066
80106,0.8736756628972548
80107,0.7430230024310833
80108,0.11128703829072897
80109,0.44046469219487555
80110,0.6094462649805464
80112,0.7240784808565476
80113,0.32812388803668907
80114,0.5203589246409005
80115,0.581858159245688
80116,0.8648588470732008
80117,0.3286516858445812
80118,0.21501609791941406
80119,0.8829728916385186
80120,0.27439640412488003
80121,0.7954884480442237
80122,0.14272980396928514
80123,0.5652269457107293
80124,0.4606187357887475
80125,0.8284105764703169
80126,0.3326929100267417
80127,0.3599639333556551
80128,0.676484033544556
80129,0.45209332382413453
80130,0.9407861740486132
80131,0.9580863558405811
80132,0.7514282766094715
80133,0.5899820831021129
80134,0.8055215510853739
80135,0.649137760427124
80136,0.7055726943116714
80137,0.6963863044367781
80138,0.6577128639405749
80139,0.8007572876517438
80140,0.12988885773413542
80141,0.6502867460165636
80142,0.8923264156011099
80143,0.46785970728961884
80144,0.6558888590695472
80145,0.35923253292754703
80146,0.5310023699412302
80147,0.5554121100949913
80148,0.23172754861645697
80149,0.8881047459260499
80150,0.7070293265630727
80151,0.550099748540553
80152,0.7536447924075869
80153,0.15375744611909947
80154,0.7157297689274806
80155,0.44685413616579794
80156,0.9603609522292089
80157,0.9170552286732231
80158,0.7284232422280356
80159,0.6762578333512842
80160,0.7880141554338869
80161,0.6139143028043536
80162,0.711159111161522
80163,0.5753635806924907
80164,0.830456442595664
80165,0.6220683421428505
80166,0.4402543234228982
80167,0.5468646137138884
80168,0.1830971221288435
80169,0.40859773919715076
80170,0.27572530884200797
80171,0.6664021699880532
80172,0.6856302053012892
80173,0.755149147740486
80174,0.3308400794196754
80176,0.8868904276387121
80177,0.6780087553893426
80179,0.5539250204074497
80180,0.909254016737211
80181,0.7550540214786116
80182,0.5545527800792657
80183,0.3790706034341361
80184,0.5846081988125822
80185,0.8248906848777883
80186,0.7352225566334547
80187,0.5889265788226996
80188,0.5727774123046067
80189,0.8228370809621479
80190,0.5282467449660134
80191,0.7436289576990535
80192,0.5656948685958816
80193,0.6400736407431467
80194,0.7010645766428232
80195,0.6775381815077575
80196,0.4438701388095416
80197,0.6873354769881043
80198,0.6917538875442887
80199,0.6049340296293207
80200,0.40701442260897275
80201,0.12504872708364395
80202,0.7006594864352891
80203,0.26152573825024444
80204,0.48923906451113097
80205,0.37945507425683245
80206,0.6311276339231174
80207,0.7120645624352092
80208,0.44622283418626923
80210,0.865903283480489
80211,0.5835678944755841
80212,0.7146840969279643
80213,0.724193007341377
80214,0.35035800439270115
80215,0.4946374294549772
80216,0.4160638546432504
80217,0.16909595467476551
80218,0.8696917125298275
80219,0.8102991238211701
80220,0.8386219241165577
80221,0.4129237184425434
80222,0.5297081174906153
80223,0.8192887474799574
80224,0.8152588552679295
80225,0.9388067929786336
80226,0.5472804361862016
80227,0.9585986295235662
80228,0.4493078540568009
80229,0.5905860098161007
80230,0.7646115898198299
80231,0.5980663519446595
80232,0.8937759646055351
80233,0.7900399966848694
80234,0.7412491390355941
80235,0.289801303677669
80236,0.8177135581035603
80237,0.6640110288057052
80238,0.6455063827901857
80239,0.5909771502350222
80240,0.7379786313631614
80241,0.38022436451180175
80242,0.6745561909823877
80243,0.29139696215633987
80244,0.35378006108183047
80245,0.44759569952267353
80246,0.9423710935991412
80247,0.7521276823574442
80248,0.42495753058796354
80249,0.3875281902903801
80250,0.5505121304364906
80251,0.4269995415014229
80252,0.6110807481470085
80253,0.3080510111269044
80256,0.7027726296782075
80258,0.6806673625695983
80259,0.49989531994981595
80260,0.5819657008196626
80261,0.8633999332782902
80262,0.7017683782176414
80263,0.8468280230403273
80264,0.6343159459637402
80265,0.25218624938655226
80266,0.363715235008327
80267,0.7159728837956196
80268,0.7567323928645371
80269,0.5253841220950164
80270,0.07854971138083537
80271,0.49342800182901775
80272,0.6955897947523445
80273,0.7453502935695627
80274,0.41602482988271255
80275,0.3482099343030903
80276,0.6242591655437706
80278,0.8094117720177287
80279,0.7992165234612318
80280,0.4345212918901251
80281,0.35926246445170446
80282,0.6321299553479768
80283,0.45606399989513496
80284,0.7130803443270387
80285,0.5380333060391175
80287,0.6353880793996678
80288,0.8459602813217107
80290,0.588997819734848
80291,0.7122446837242635
80292,0.7663588767847073
80293,0.8144834247853213
80294,0.6961287865085709
80295,0.6039094178180289
80296,0.38779990103370204
80297,0.535986557074568
80298,0.5342755880802201
80299,0.5452348015803393
80300,0.7156403064027878
80301,0.8240908521414252
80302,0.801416743092457
80303,0.4261531172210668
80304,0.8339498817792085
80305,0.7027623376084763
80306,0.7715059545194014
80307,0.6281660765629028
80308,0.5319384626588479
80310,0.18551871721336582
80311,0.7792303342772373
80312,0.38376538435998697
80313,0.7069275088536708
80314,0.5255915923967716
80315,0.4553003062016843
80316,0.6527938290254468
80317,0.8781121573119235
80318,0.46946594004065745
80319,0.8700460455092637
80320,0.821866275895706
80321,0.29990991984512894
80322,0.7293811417462001
80324,0.5256750563589562
80325,0.7292064858903458
80326,0.28702227164213817
80327,0.5756372363185512
80328,0.3847307186542159
80329,0.21077481661363046
80330,0.4241857571697178
80331,0.5455801240322947
80332,0.4590232555928276
80333,0.49845774847517105
80334,0.668488804399203
80335,0.7942834998566891
80336,0.23132601398099797
80337,0.9458264398840186
80338,0.7108732080518436
80339,0.796740752555813
80340,0.417895473889569
80341,0.9248906472876461
80342,0.7546506458331206
80343,0.2125173176720573
80344,0.4937418702523742
80345,0.6238297137462259
80346,0.40103034038577473
80347,0.7684659561445183
80348,0.42375266472669115
80349,0.3586510345446177
80350,0.7341592618339329
80351,0.7728126424151848
80352,0.8435685026519231
80353,0.7702385181911302
80354,0.374124336216065
80355,0.5001828552554287
80356,0.5539125408374949
80357,0.8517437513575581
80358,0.7664031080363903
80359,0.8729511680580128
80360,0.4073521092397286
80361,0.5175735129636925
80362,0.3330194489595468
80364,0.3372372444404271
80365,0.9484697719161362
80366,0.7246807442741107
80367,0.6444000148184833
80368,0.46770354878565323
80369,0.12484778503989861
80371,0.5686037456200178
80372,0.5085512042933679
80373,0.25602828956503865
80374,0.5713781821860902
80375,0.42441941192758464
80376,0.6672135036353497
80377,0.10207820361366363
80378,0.5209124848908553
80379,0.9780971967236394
80380,0.3746086132522177
80381,0.1804360578769594
80383,0.954295177048943
80384,0.3843975872964757
80385,0.6031937468207789
80386,0.836990874971161
80387,0.7082411413937069
80388,0.42223142737314767
80390,0.35307241679214474
80391,0.7823645790197767
80392,0.10227050969676774
80393,0.8783809706509432
80395,0.7966321433083902
80396,0.5957689964539322
80397,0.5075713293845091
80399,0.6986964002473107
80400,0.7015453097492637
80401,0.5313957375906223
80402,0.8436612989814372
80403,0.7083462135578393
80404,0.5339331730127214
80405,0.6960085965849695
80406,0.5181786019303766
80407,0.4605845410680571
80408,0.3993802644553564
80409,0.7166304442726139
80410,0.5788758279792813
80411,0.7249177786830675
80412,0.726081503679903
80413,0.6845266222551948
80414,0.6945421084089488
80415,0.767361594102337
80416,0.5289554713408664
80417,0.6372196747419029
80418,0.5530184734123907
80420,0.5720305483738565
80421,0.7457379770115417
80422,0.8901567506508034
80423,0.5629128968355639
80424,0.7004197555226366
80425,0.2404194661702095
80426,0.6850673267582754
80427,0.10584502339501407
80428,0.6034606775878538
80429,0.5101772711869549
80430,0.6900313300357462
80431,0.5992725362992014
80432,0.7890318141361419
80433,0.7831021082451198
80434,0.637094694502691
80435,0.5897988587692197
80436,0.4781985053642089
80437,0.7147311858937141
80438,0.4217157274414357
80439,0.13834856742324844
80440,0.49748929491651195
80442,0.7577151293455462
80443,0.5410582806853029
80444,0.5499244368436911
80445,0.13096197065829487
80446,0.41436125284816033
80449,0.7303427166740344
80450,0.5244722038339906
80451,0.554131735745776
80452,0.6946144869947457
80453,0.7903369057039861
80455,0.6993520019994909
80456,0.4536373779307738
80458,0.7281281838217987
80459,0.5208465714746484
80460,0.5950409530107865
80461,0.9656587539385693
80462,0.8821929997491487
80463,0.6596649236943
80464,0.5351612192160332
80465,0.7930773880155353
80466,0.3187837879331084
80467,0.8096506868501898
80468,0.5269860783716293
80469,0.44925556685771095
80470,0.2059929815929643
80472,0.4960890953956715
80473,0.7805592517173372
80474,0.6849775215705529
80475,0.5673939469106248
80476,0.5577725363398109
80477,0.3747724002941377
80478,0.8036835597753563
80479,0.4337283717843677
80480,0.34373357493717016
80481,0.7692669668558464
80482,0.5189042340421813
80484,0.48572351900076116
80485,0.6345699629109475
80486,0.3137065924989208
80487,0.7091780059829056
80488,0.3284406992153245
80489,0.9786242379621702
80490,0.5559315058883334
80491,0.09592635068710177
80493,0.1598669888457936
80494,0.9234214418365935
80495,0.11614838572216878
80496,0.5138497820531528
80497,0.31982157471594636
80498,0.28788863020760236
80499,0.6384264241571036
80500,0.2936947819387236
80501,0.49123747649047755
80502,0.4658246481983417
80503,0.21551899029403723
80504,0.7395471077826495
80505,0.6290929567773238
80507,0.7095339083635537
80508,0.8270704514502136
80509,0.735804527534043
80511,0.8040572808228756
80512,0.6527210227065308
80513,0.6078149201166996
80514,0.14706091376251423
80515,0.4266837591332256
80516,0.7175623716639375
80517,0.8103653104027446
80518,0.40726966015188787
80519,0.7148473682880496
80520,0.7566067286551348
80521,0.518512478577811
80522,0.511528817134547
80523,0.7009968502181582
80524,0.7739885103036259
80525,0.502506089257037
80526,0.12094622129921834
80527,0.36970435742249036
80528,0.5850797612300777
80529,0.4979400389065547
80530,0.6447898713729195
80531,0.5666672407033553
80533,0.672575163450199
80535,0.9080274955216677
80536,0.679748125107982
80537,0.4070842125042068
80538,0.48416501706334475
80540,0.4626861404035573
80541,0.844873591616554
80542,0.7535031674344363
80543,0.7424586804507254
80544,0.11179228887613481
80545,0.7662530328754538
80546,0.596337231300746
80547,0.4152374953396341
80548,0.6017810479010339
80549,0.4227870105257042
80550,0.6945992377613188
80552,0.5794264920177706
80553,0.6939557298529369
80554,0.8630005710968759
80555,0.6034796347944648
80556,0.610888584236578
80557,0.6345429672833715
80558,0.46375052572748365
80559,0.7537583800261727
80560,0.5868356369241797
80561,0.830742341503751
80562,0.7496485710924535
80563,0.14629758329241654
80565,0.6152851528616778
80566,0.28049393881377643
80568,0.713826461677507
80569,0.49284070604286484
80570,0.6379924751750408
80571,0.6652567159245178
80572,0.6099717663650827
80573,0.4074368757158337
80574,0.4074035880984041
80575,0.20318858447112975
80576,0.8204666583220976
80577,0.873747368607348
80578,0.5251591801234099
80579,0.4827271095361261
80580,0.2698359861245748
80582,0.9039974636496431
80583,0.624532903792622
80584,0.39969058050171735
80585,0.778494111352699
80586,0.2902177644664178
80587,0.41131104524102635
80588,0.6673760737810587
80589,0.5151828980640659
80590,0.5574972427804785
80591,0.4039012093614196
80592,0.4554081541831044
80593,0.6743207674790427
80595,0.7614715984884584
80596,0.138020669088155
80597,0.5497328647900083
80598,0.49894508636153256
80599,0.5736174317693535
80600,0.595438593077315
80601,0.5688266706040765
80602,0.10761731968319815
80603,0.6172784028439355
80604,0.4068536472163967
80605,0.747678747115834
80606,0.4097327911581246
80607,0.9007205975237353
80609,0.5207020133457667
80611,0.6095886198972892
80613,0.4234212861860792
80614,0.10701047519458778
80615,0.7376228647824831
80616,0.7149880823139985
80617,0.8581831977071734
80618,0.5241569732324204
80619,0.3236937474473509
80620,0.7726334641384031
80621,0.7734537642423194
80622,0.6709794960371949
80623,0.7680278807689349
80624,0.6566341323771725
80625,0.7922384654731001
80626,0.9206923170491315
80627,0.6568114875531839
80628,0.7924995327173039
80629,0.6644476062342565
80630,0.6949691239676165
80631,0.3622445080790453
80632,0.7310796998748823
80633,0.5228074458037747
80634,0.744771225194841
80635,0.5925182355458277
80637,0.7192001927977146
80638,0.7250207485398847
80639,0.7711256458315807
80640,0.658557299791301
80642,0.3682002835846355
80643,0.6798589978982083
80644,0.601244800076316
80645,0.434199719835249
80646,0.7102664666186871
80647,0.7253634563532321
80648,0.40137381077306944
80649,0.2875166911388241
80650,0.7792969841570143
80651,0.5001542180776792
80652,0.7757828156938613
80654,0.6085718534214918
80655,0.484101678797539
80656,0.8363706294088354
80657,0.32863963610480085
80658,0.5736931685462066
80659,0.4046545633967075
80661,0.6996361398825471
80662,0.3321495500928
80663,0.2301568603780462
80664,0.5430260584804519
80665,0.27558900169675227
80666,0.15139597071826535
80667,0.7603497777233247
80668,0.9406951534075677
80669,0.8093919198471382
80670,0.89112872636355
80671,0.3956340173030184
80672,0.6603507744245442
80673,0.8978972386857067
80674,0.8951233480183991
80675,0.4089305562091681
80676,0.8317610307570431
80677,0.7290573683446436
80678,0.7486291678045909
80679,0.5078665606410372
80680,0.7447747092562822
80681,0.7054378855052851
80682,0.8198762688624228
80683,0.749372927532353
80684,0.7691373592681016
80685,0.9185028478907352
80686,0.6062981060524197
80687,0.7979691461536946
80688,0.42933505583755466
80690,0.7095750517376324
80691,0.6154795035323647
80692,0.6366462854516203
80693,0.6164412690883397
80694,0.6703018839110934
80695,0.49918172630661767
80696,0.7427410488206778
80697,0.16063113350427552
80698,0.8651728299588088
80699,0.52223464837259
80700,0.4879806816409114
80701,0.7094786506899207
80702,0.8026839534966487
80703,0.3871164973800734
80704,0.7599331119055535
80705,0.13497159424057906
80706,0.31205833888264867
80707,0.5005425006860889
80708,0.8981619155620373
80709,0.5179707526722841
80710,0.4236373899587989
80711,0.28978251364892993
80713,0.4486129337333655
80714,0.4382621757920666
80716,0.585003971967694
80717,0.5976056154837789
80718,0.6862878675410824
80719,0.5698501401787726
80721,0.645350060021162
80722,0.6423372143475358
80723,0.9297867941137844
80724,0.715056361290888
80725,0.79456243637031
80726,0.6042048381173842
80728,0.6411828876151054
80729,0.4965006471154654
80730,0.7120965258547199
80732,0.23543166860843195
80733,0.41793535605065385
80734,0.8216934997609737
80735,0.9081068772077582
80736,0.432743343791159
80737,0.3431514097410408
80738,0.6102450647184514
80740,0.6438139773740283
80741,0.7940784545336692
80742,0.4221060096662371
80743,0.6408257923476279
80744,0.5118694651867375
80746,0.44610290788593915
80747,0.647934975843185
80748,0.5592115531756693
80749,0.14245710962814695
80750,0.6090250570876682
80751,0.6575867474670705
80752,0.6869119185008807
80753,0.49913038495196593
80754,0.8161924074654244
80755,0.5965847083643323
80756,0.14492505515572893
80757,0.8307328332949927
80758,0.6302875793893252
80759,0.7420386079106677
80760,0.21263861086051367
80762,0.7104796636379339
80763,0.5577354673732127
80764,0.4918351410739647
80765,0.45984780837913436
80766,0.5040311553820374
80767,0.19669436295901
80769,0.6826980497068846
80770,0.5040584317969761
80771,0.593222811065062
80773,0.7088108055212622
80774,0.7153170253088891
80775,0.564040510116718
80776,0.335728857120647
80777,0.16289183559893913
80778,0.36400547510163117
80779,0.8240143828765089
80780,0.47313250625052855
80781,0.7267505496529385
80782,0.6794246216291195
80783,0.3933241441465173
80784,0.6833952279452179
80785,0.7264322177089665
80786,0.8645878522028926
80787,0.25886702578258164
80788,0.7191065469860215
80789,0.7747671795252816
80790,0.8154439861398485
80791,0.7057465153284775
80792,0.3006316114522671
80793,0.482995440919687
80794,0.7023458965867726
80795,0.38744348788290595
80796,0.20054560665284035
80797,0.7659175745668708
80798,0.5875099132405174
80799,0.7942324483055472
80800,0.48160863835894985
80801,0.7694022600257056
80802,0.5306846505257249
80803,0.8973055353537768
80804,0.33285207907774417
80805,0.3492694469430709
80806,0.28496876302784396
80807,0.6506312194160597
80808,0.31370121090175723
80809,0.3731560353924814
80810,0.21377347896295826
80811,0.7205848722769971
80812,0.6573530866051321
80813,0.6089715207952834
80814,0.7650268518121055
80815,0.2601983013021518
80819,0.5601888188905538
80820,0.6374530013293404
80821,0.5651519314393363
80822,0.7907126515367789
80823,0.8072568414506147
80824,0.7392053691205065
80825,0.5677589136951886
80826,0.5233780494504632
80827,0.44080104153143085
80828,0.5331197736198791
80829,0.6764853456474516
80830,0.4746792682313222
80832,0.5310664498335083
80833,0.5339154132738436
80834,0.31073262797931495
80835,0.5061213077078575
80836,0.5397755584130277
80860,0.0
81000,0.0
81001,0.16977355643451789
81002,0.3162501306653377
81003,0.6704781890261962
81004,0.8109023516377745
81005,0.542211246936645
81006,0.23944451171170145
81007,0.3114172155184616
81008,0.47760740601848706
81009,0.7343952558414271
81010,0.6719401613787095
81011,0.4483315620493016
81012,0.7019375346968996
81013,0.5419084368975847
81014,0.5558322620748422
81015,0.2329383283359614
81016,0.4577225481110433
81017,0.4012879714463789
81018,0.6633318818565463
81019,0.35396083307285214
81020,0.8536408585951253
81021,0.33136979328651606
81022,0.5987494433830464
81023,0.4066448025869365
81024,0.7306459827142279
81025,0.690932163729952
81026,0.66766423962811
81027,0.39023103079167
81028,0.5662899717194966
81029,0.8598693350979958
81030,0.2923097057478797
81031,0.7103669596345508
81032,0.29827512937403866
81033,0.604714584786802
81034,0.6926571389871619
81035,0.6711796409049496
81036,0.6135871199064209
81037,0.6485827949584912
81038,0.8317581304957086
81039,0.5192918928995277
81040,0.6052154011462642
81041,0.36045123651054556
81042,0.5259976115810013
81043,0.5562993494340891
81044,0.5914686539144367
81045,0.7253919199889425
81046,0.8287744640193426
81047,0.410450003607057
81048,0.6947974467754091
81049,0.44645711004046096
81050,0.38798325070855266
81051,0.8237541026698465
81052,0.6787262918559673
81053,0.6672229041496037
81054,0.4973323342599004
81055,0.6721630766755776
81056,0.29065407403576543
81058,0.47881860123015013
81059,0.6695313843274808
81060,0.6296288836025724
81061,0.8751770952687153
81062,0.5113652932851009
81063,0.6742956312856039
81064,0.2952149872295292
81065,0.618095901943813
81066,0.4061240952562187
81067,0.8820956414789272
81068,0.6045488713781919
81069,0.8081455661169445
81070,0.33285499405343294
81071,0.5928846310131853
81072,0.41248382772001796
81073,0.6583021456959066
81074,0.6909079193126687
81075,0.5119543303829424
81076,0.19487254749343833
81077,0.5230278688831582
81078,0.4657431010028
81079,0.5957269544540906
81080,0.8374815020051173
81081,0.4578295076625118
81082,0.28062543741167273
81083,0.6123705881945514
81084,0.4293222294891564
81085,0.7783205818047485
81086,0.5428433961229906
81087,0.8542881327948961
81088,0.6149497474732096
81089,0.23828475268598912
81090,0.8594808606433542
81092,0.571418309794956
81093,0.8605120053094781
81094,0.4226484808517906
81095,0.8188269222631825
81096,0.5971333679126505
81097,0.634596328215112
81098,0.4994527018040302
81099,0.4282227217920123
81100,0.3230762978435766
81101,0.5747011225903921
81102,0.5441719350262185
81103,0.6855130104415805
81104,0.3718109710301887
81105,0.9074723107980274
81106,0.3392527961958901
81108,0.28594851711481206
81109,0.5062518592279003
81110,0.2981220168085461
81111,0.5848589213719121
81112,0.8633275505989276
81114,0.6123330518996883
81115,0.7645233654046583
81116,0.830309807726422
81117,0.8588330863073519
81118,0.46060561217235557
81119,0.6297268307034829
81120,0.39170938186667253
81121,0.6101249769814504
81122,0.20163971785238277
81123,0.7930078469351977
81124,0.8469392320602663
81125,0.6508188084395412
81126,0.6352096640562199
81127,0.16351213231705075
81128,0.5247923932378211
81129,0.4027793444019555
81130,0.5448158120394518
81131,0.8032405829580025
81132,0.5019580787716008
81133,0.6091097446982395
81134,0.5427030509236263
81135,0.33039924492257444
81136,0.4003875885731736
81137,0.570848954921001
81138,0.8691200165282245
81139,0.6081636995585898
81140,0.831618917386647
81141,0.18764902015464535
81142,0.36486191400794327
81143,0.3892779584145859
81144,0.7587523669471125
81145,0.3082786107869617
81146,0.8808661126131441
81147,0.6087607630850211
81148,0.6523775167179826
81149,0.3017404773518648
81150,0.40015251940244567
81151,0.26490369281953074
81152,0.6702517967159498
81154,0.5660652288227114
81156,0.8589591878103492
81157,0.6864922010698769
81158,0.8157829305504981
81159,0.7453446993573958
81160,0.4949381566770993
81161,0.5536771851545625
81162,0.4113480682338118
81163,0.49836366856501624
81164,0.44089297842907965
81165,0.6791906143280905
81166,0.8821416155665408
81167,0.6197449382603737
81168,0.2676449439096506
81169,0.6095804300834547
81170,0.6023384152073427
81171,0.2945697454487189
81172,0.2583459289755396
81173,0.816569432019507
81174,0.6284431131377158
81175,0.772968573976284
81176,0.3528849998345976
81177,0.4548365247230881
81178,0.34202570787082187
81179,0.22958627459313252
81180,0.2800541977474714
81181,0.4763716954300927
81182,0.5153533967704894
81183,0.4398596239323952
81184,0.5959147916793002
81185,0.6481898276141622
81186,0.31437636385449785
81187,0.5675628143200713
81188,0.48492606424330914
81189,0.16677952264624643
81190,0.6248522858180434
81191,0.6769462761573296
81192,0.4417056659062493
81193,0.8643177257389304
81195,0.5657518342150195
81196,0.4784879338512333
81197,0.8730247916742923
81198,0.6350712424992232
81199,0.4147749057112524
81200,0.2918624154073399
81201,0.2703328424754896
81202,0.34172717766370647
81203,0.5188072854320324
81204,0.37988257518141155
81205,0.18190883778206493
81206,0.31805322764741956
81207,0.5094438611636413
81208,0.3307477673227531
81209,0.6554700011654965
81210,0.2494088716179897
81211,0.6216596735090495
81212,0.31311735784898687
81213,0.29659326419321924
81214,0.4082937980476671
81215,0.43701357726331624
81216,0.5428526722469673
81217,0.3171254186114217
81218,0.6321165250307541
81219,0.30438010491275846
81220,0.3290624032655824
81221,0.43135380656292244
81222,0.6472261668590035
81223,0.592798803524514
81224,0.5833892108263745
81225,0.819702878233011
81227,0.49018332853370117
81228,0.3839235031609333
81229,0.5203907016547752
81230,0.4777256722149605
81231,0.5186184500756719
81232,0.6379810511493329
81233,0.6098025447799833
81234,0.20819672193058184
81235,0.540312686663368
81236,0.4355215286362434
81237,0.4427888041747181
81238,0.4622534091823271
81239,0.4945156385149656
81240,0.41830126806304485
81242,0.41125017888409116
81243,0.289154731026617
81244,0.6168700821309744
81245,0.3210794412083834
81246,0.2868469260864283
81247,0.6028821342579478
81248,0.47196473273912193
81249,0.45013222274516745
81250,0.649398782624606
81251,0.39016452109550437
81252,0.4571330864289339
81253,0.6627714516346738
81254,0.4729474435782284
81255,0.38292917123199643
81256,0.4630408388922512
81257,0.6967831899410607
81258,0.8260712685116698
81259,0.5518571682140516
81261,0.3576163623702998
81262,0.8263042811613678
81263,0.6813278565605732
81264,0.29117495534069804
81265,0.19626587827426328
81266,0.38234283613590303
81267,0.6572243779937165
81268,0.8084328929207895
81269,0.47583186360530083
81270,0.25804067535275277
81271,0.4756453616976167
81272,0.38010154575734073
81273,0.5959954256891372
81274,0.6572230609343194
81275,0.6216916925567039
81276,0.4326621375282373
81277,0.6032565589235017
81278,0.5874479079940166
81279,0.23326757277519028
81280,0.4918303245302598
81281,0.4983635349589097
81282,0.784315665895048
81283,0.8390744224625456
81284,0.7361761181245092
81285,0.6474832572046322
81286,0.5249874295225972
81287,0.6449463216283065
81288,0.6015369092753694
81289,0.4488491078146133
81290,0.8565806200578526
81291,0.6192748678867249
81292,0.16546372204048976
81293,0.3292571389346684
81294,0.41243162562427615
81295,0.6301544996594604
81297,0.700180774707023
81298,0.9438619208562052
81299,0.3301204721549566
81300,0.25726227351826225
81302,0.17519534309137272
81303,0.44099859885680237
81304,0.4845732814281862
81305,0.3854735405422469
81306,0.5345754197728887
81307,0.49416048450926015
81308,0.5106259475770631
81309,0.19510373894658364
81310,0.5228336074642603
81311,0.5295463802201384
81312,0.49762148876821316
81313,0.2992457482474488
81314,0.7687758907412818
81315,0.49318152515643876
81316,0.35995468116806356
81317,0.6622943737780798
81318,0.41767847216241677
81319,0.8775928412674663
81320,0.6607211842223877
81321,0.5616795979873788
81322,0.6353718053382006
81323,0.4426805389450638
81324,0.5496134589354641
81325,0.5761516463651295
81326,0.6852619033714274
81400,0.0
82001,0.8460758071706901
82002,0.7457117438310346
82003,0.5702887139139309
82004,0.5142369688748589
82005,0.7808230852924525
82006,0.0797911535132376
82007,0.510908970233847
82008,0.3634632353941434
82009,0.3718668152940289
82010,0.3836849434934033
82011,0.8025474474478184
82012,0.7764526596287211
82013,0.43480428980839625
82014,0.7217483848365521
82015,0.5345949554808933
82016,0.1977322216485339
82017,0.8213861886926191
82018,0.6827289884944909
82019,0.49920370542164605
82020,0.25195478170681945
82021,0.2340924646342555
82022,0.18668485825563977
82023,0.7276109426088344
82024,0.2098690740158442
82025,0.9389777531944461
82026,0.30624736805112274
82027,0.8099726698776561
82028,0.7999950219826663
82029,0.7827061115433475
82030,0.7216944621892138
82031,0.6463606937543808
82032,0.4506448164530961
82033,0.738800571366605
82034,0.46904932296163004
82035,0.6756783907115786
82036,0.05078140234472388
82037,0.6215486448444701
82038,0.2746776689385385
82039,0.6749448819709011
82040,0.28739591538199505
82041,0.3053598518535451
82042,0.19523117369298854
82043,0.2297839291436449
82044,0.9034079409534136
82045,0.7060495706060383
82046,0.46308784894296745
82047,0.06720039317746598
82048,0.8005154393166574
82049,0.49932677383312574
82050,0.5238202285768379
82051,0.4928870846086067
82052,0.7374054922458885
82053,0.08341732643432022
82054,0.4610209787850314
82055,0.3942257239300256
82056,0.1067364524358952
82057,0.8330869978962593
82058,0.5130024252814438
82059,0.07115853887004989
82060,0.18948465842587106
82061,0.24051305860368302
82062,0.855832331161186
82063,0.5416742709472777
82064,0.05765353894290658
82065,0.48243853579245954
82066,0.8454097335814508
82067,0.4449992989303655
82068,0.06900854304828526
82069,0.8997474042199674
82070,0.39524264781956064
82071,0.05984199887335336
82072,0.5642500882912502
82073,0.49785103536243674
82074,0.07508149064568147
82075,0.8153182786814345
82076,0.8101477917381057
82077,0.6099657803396612
82078,0.2997262632284959
82079,0.9796467186160684
82080,0.7711095725984976
82081,0.7031161200825392
82082,0.20290842781077376
82083,0.3213938842448873
82084,0.08716469146292449
82085,0.8917722482400811
82086,0.6883681287669788
82087,0.7631578603368308
82088,0.5985298652647046
82089,0.5618217086761963
82090,0.817245282132481
82091,0.3994685565701321
82092,0.30311470947933905
82093,0.6337322070174491
82094,0.26579581486414666
82095,0.3053366310957167
82096,0.7621836366493678
82097,0.4456791727824572
82098,0.8577430026501396
82099,0.7571946083949069
82100,0.25891662692114353
82101,0.48783303270200445
82102,0.30111051469077
82103,0.21785468069510544
82104,0.3564270518586091
82105,0.8018481047738741
82106,0.04723575002062204
82107,0.3871592032966547
82108,0.7969808527325579
82109,0.5303371856780469
82110,0.7004086626463275
82111,0.2569316966816514
82112,0.5662650915875076
82113,0.5466119961377729
82114,0.8310795233032234
82115,0.8010179439631371
82116,0.1812015194756962
82117,0.2730831178024883
82118,0.6847935420930286
82119,0.2948089300118487
82120,0.8467044537890264
82121,0.9335045216397768
82122,0.2610153433022755
82123,0.8428261224033652
82124,0.8594332677140901
82125,0.8645080348381817
82126,0.36660380305406237
82127,0.48926775559252317
82128,0.3239932284516438
82129,0.36149145753500916
82130,0.4347573111302287
82131,0.2907831015391498
82132,0.3415165331462358
82133,0.3300225823044089
82134,0.778815024974339
82135,0.8794365937471856
82136,0.8699000122971562
82137,0.6476049359064585
82138,0.5855072824654793
82139,0.632336409000633
82140,0.83651373818307
82141,0.4882605929839039
82142,0.8779926820639289
82143,0.3434520289856362
82144,0.7827754271368155
82145,0.567674910127177
82146,0.412429549868353
82147,0.6431368679864966
82148,0.3006254863756332
82149,0.6786159259208946
82150,0.8871034652864411
82151,0.18048602845378942
82152,0.6209538679838154
82153,0.17322868904172353
82154,0.23951573736046897
82155,0.3274638029939883
82156,0.5227640104114969
82157,0.1929127924806653
82158,0.3013094642762734
82159,0.3380883437985476
82160,0.4626030221689678
82161,0.8342920167366347
82162,0.29168258222319765
82163,0.38035223778349253
82164,0.21391246024956692
82165,0.3678411526326284
82166,0.51041159042299
82167,0.8779996371075924
82168,0.4642379407617502
82169,0.6338173082047879
82170,0.45366314024974563
82171,0.7171701905439317
82172,0.3120854252022526
82173,0.6925020761067711
82174,0.6452005350548771
82175,0.45745308439967397
82176,0.8389434933896377
82177,0.12626097782395299
82178,0.759134315420863
82179,0.30248067470304707
82180,0.4867823175409862
82181,0.4845695239965979
82182,0.1460057859090612
82183,0.16528900305606142
82184,0.7831376648828032
82185,0.19968070824334858
82186,0.5470946112374194
82187,0.5761139291188443
82188,0.8884311862024663
82189,0.5792206735371764
82190,0.786185683005392
82191,0.5575469556913722
82192,0.8888888888888888
82193,0.5113564648947149
82194,0.886548652940458
82195,0.8564526775131616
82200,0.0
83000,0.0
83001,0.846087071170501
83002,0.0988613468977907
83003,0.26840864421228355
83004,0.8556522860094204
83005,0.18634889108210673
83006,0.40831957418404624
83007,0.3346087214446004
83008,0.7743584208490921
83009,0.7098427785193083
83010,0.10332343449304139
83011,0.3253339092299965
83012,0.2938499430584149
83013,0.11630189162458669
83014,0.34332387491301786
83015,0.1855096062371245
83016,0.7859445716343291
83017,0.7989789335091827
83018,0.49441891886008077
83019,0.42022286268307296
83020,0.07673876656835407
83021,0.3091263565532504
83022,0.08105507595160684
83023,0.42792968534250203
83025,0.24029518813916428
83026,0.3634019255848062
83027,0.6834933114806246
83028,0.6720327996401609
83029,0.7854254766392434
83030,0.38431588672852485
83031,0.5745374799212308
83032,0.2942672269567977
83033,0.47504868417825274
83034,0.9237824852674882
83035,0.686826876411899
83036,0.8265268146636674
83037,0.43660183123145974
83038,0.4239122153212563
83039,0.2940314825728843
83040,0.07127677659868181
83041,0.622594627930661
83042,0.8578255000548739
83043,0.49527212988135083
83044,0.18807947098159702
83045,0.2896875730845967
83046,0.2615094540916368
83047,0.9302624277322884
83048,0.8698140120845588
83049,0.7303910952078143
83050,0.7124553168872348
83051,0.2766322619081893
83052,0.04803144753216401
83053,0.8133262922227406
83054,0.9157394469725215
83055,0.6315946277366379
83056,0.6091418727132003
83057,0.40832968681848014
83058,0.9041540639950697
83059,0.44602875745554155
83060,0.0908177911988434
83061,0.8402463745562709
83062,0.9224847594587804
83063,0.6950566802933266
83064,0.45243857374422186
83065,0.9183221346878881
83066,0.2937347537985055
83067,0.365379096429501
83068,0.8553107870633964
83069,0.9242429404238895
83070,0.6562026779456285
83071,0.7567157591869849
83072,0.8875314975060475
83073,0.5534509735526557
83074,0.07771187589724375
83075,0.5881480549605148
83076,0.35358216182591845
83077,0.8000913303285508
83078,0.1465562805895659
83079,0.7492700837049169
83080,0.3767122089512777
83081,0.8216021422966816
83082,0.36633929323756653
83083,0.26457996410041634
83084,0.21822442100274678
83085,0.7165130525765073
83086,0.7000685513235086
83087,0.6280380949221355
83088,0.7075803589262837
83089,0.4008243052337408
83090,0.870734461603871
83091,0.6575177748878571
83092,0.36979029147503756
83093,0.9520838206834185
83094,0.7994647831682185
83095,0.28896302722685835
83096,0.4821702651284533
83097,0.570770213726902
83098,0.978323631565232
83099,0.7721634894324424
83100,0.5892276074713246
83101,0.8669474387862063
83102,0.1588824337948061
83103,0.8326745330552312
83104,0.43985856264935946
83105,0.6599036128125804
83106,0.6544198474097631
83107,0.7626771483523344
83108,0.4175428945025645
83109,0.1586138208748924
83110,0.4474670158150804
83111,0.5217499574853032
83112,0.7370622463390996
83113,0.40269946020381653
83114,0.16685243778039685
83115,0.7859506463450217
83116,0.405406250390078
83117,0.6869344692546617
83118,0.8188405071607727
83119,0.8860075789414826
83120,0.9449763918712611
83121,0.17922469743924674
83122,0.13861887855338004
83123,0.7829331366941195
83124,0.4081890792137295
83125,0.402326220523222
83126,0.8377062894184863
83127,0.7564922131291524
83128,0.14909239427105553
83129,0.8251340528520589
83130,0.8277615511553257
83131,0.827870961510195
83132,0.8704061104893823
83133,0.8496443489486252
83134,0.6113719177366329
83135,0.239782269520817
83136,0.4409685659662011
83137,0.8547584923644067
83138,0.7351146361045802
83139,0.27886130497305134
83140,0.3343095048279711
83141,0.7332017021177879
83142,0.07660085625594773
83143,0.387047657831675
83144,0.8927196002895111
83145,0.21356487831556212
83146,0.07771935568722832
83147,0.15410303799216668
83148,0.7774709493400934
83149,0.3376591229521084
83150,0.31711990778477234
83151,0.27190695767815204
83152,0.8291939104951269
83153,0.8072685318166865
83154,0.4947970635120426
83250,0.0
83270,0.0
83310,0.0
83350,0.0
83440,0.0
83470,0.0
83480,0.0
83500,0.0
83502,0.0
83570,0.0
83600,0.0
83630,0.0
83700,0.0
83790,0.0
83820,0.0
84000,0.0
84001,0.9380967522341
84002,0.44288605578993456
84003,0.39895162113416943
84004,0.917194474537712
84005,0.27621903788461516
84006,0.21486847213305288
84007,0.9970125150238044
84008,0.6364920196093161
84009,0.43463269881013855
84010,0.3577152539121821
84011,0.7218400570631409
84012,0.9085434253020241
84013,0.6183659363213421
84014,0.30670855473397246
84015,0.2710096516647201
84016,0.9121497137099368
84017,0.5185103617125318
84018,0.41220236251434683
84019,0.6931099865232718
84020,0.19785768210106774
84021,0.3491118489016313
84022,0.626290391947349
84023,0.2690372466912046
84024,0.42790101779275486
84025,0.6445367805909324
84026,0.508321703990804
84027,0.8815193771079236
84028,0.9859403756912554
84029,0.9922738411002962
84030,0.7287184499356786
84031,0.9413289990302078
84032,0.13593347280449228
84033,0.2036029032355871
84034,0.8287127574562619
84035,0.795140064528485
84036,0.8628165114885488
84037,0.9294811668961934
84038,0.7429077185624775
84039,0.9320511324443694
84040,0.8514817987794729
84041,0.6884880260486262
84042,0.45811162933953864
84043,0.9367803222983074
84044,0.33472507543406277
84045,0.8306068324427169
84046,0.4904010224598408
84047,0.24369901284893136
84048,0.10025125446164358
84049,0.8722945893851893
84050,0.3715454889749973
84051,0.6416159758964193
84052,0.461555239886194
84053,0.8197350521272974
84054,0.8501754327065771
84055,0.8959591895882663
84056,0.9948358183639978
84057,0.2122152209071823
84058,0.6584397239594634
84059,0.8764591184410044
84060,0.1507535009515714
84061,0.8658788368576685
84062,0.704251850338263
84063,0.6730622760264968
84064,0.6210793351468149
84065,0.6827768081904138
84066,0.1083397077892592
84067,0.9211624822947877
84068,0.5312635243277777
84069,0.46398508570183694
84070,0.6702307101683049
84071,0.646782507008281
84072,0.7694418862163969
84073,0.6908877816150367
84074,0.7904811721630978
84075,0.4089066135845153
84076,0.3762390123126135
84077,0.6889339331477657
84078,0.8337934406892986
84079,0.15329299603794333
84080,0.9562866155197338
84081,0.8820507254655431
84082,0.7015338310697965
84083,0.918574927434258
84084,0.4404450020347661
84085,0.3402034803700012
84086,0.6646033590161079
84087,0.9227283591725034
84088,0.921216697048193
84089,0.6292691787559536
84090,0.517826993954797
84091,0.8596919028880714
84092,0.9655446896543823
84093,0.7289426389258902
84094,0.8384806126434399
84095,0.5535727144440693
84096,0.9761629147882859
84097,0.4886470705908312
84098,0.6268919656199704
84099,0.6617149993132925
84100,0.8816091421104719
84101,0.8596381806224279
84102,0.20143549773500866
84103,0.14204809163886653
84104,0.9851012662991466
84105,0.17277348506319412
84106,0.8743608198260869
84107,0.18716215906998182
84108,0.8782201578564545
84109,0.8868441463449115
84110,0.2656386145659783
84111,0.8064308685537646
84112,0.1816877539635083
84113,0.41215395493257256
84114,0.6206482057645377
84115,0.7019061160035373
84116,0.8016802654364955
84117,0.9878237001644407
84118,0.16144972843904676
84119,0.910710979529385
84120,0.31949389857979504
84121,0.4299877353463059
84122,0.9058970019484355
84123,0.4259704167051489
84124,0.8076306902365847
84125,0.2647406399694599
84126,0.9826273573544639
84127,0.8744933075593158
84128,0.2280398866131452
84129,0.9467817604376227
84130,0.8670984152719547
84131,0.6631452841846117
84132,0.854302629735343
84133,0.3728569354227702
84134,0.9873105915139508
84135,0.8678537098167484
84136,0.8998578901382208
84137,0.7994030186965606
84138,0.44695969593049095
84139,0.6170618546295012
84140,0.49178873384743793
84141,0.9501274729490974
84142,0.880705340130682
84143,0.6436180011154161
84144,0.12335994465507084
84145,0.15149990661979928
84146,0.7106269384897725
84147,0.5420667665338352
84148,0.44144296508039893
84149,0.9885834998725428
84150,0.44703265511139906
84151,0.42630720532937605
84260,0.0
85001,0.8958187788985561
85002,0.944726707739909
85003,0.8727206144697968
85004,0.8733100674672413
85005,0.4037371904476361
85006,0.8421542842724716
85008,0.713309342193758
85009,0.11363948235068377
85010,0.5645306803188249
85011,0.9022616476819257
85012,0.9699748623696368
85013,0.7243411550405292
85014,0.4939799299086326
85015,0.8429669002203652
85016,0.8366545188510599
85017,0.7765076976520479
85018,0.9614972121114178
85019,0.7783140319151357
85020,0.5850800363389558
85021,0.5648088741268813
85022,0.44199044374735935
85023,0.4178104544115779
85024,0.5927246258512093
85025,0.7633351517013597
85026,0.6377006427966236
85027,0.0
85028,0.4081041624592801
85029,0.7502834576478076
85031,0.6647374828031218
85033,0.16461339001545883
85034,0.3800571943586305
85035,0.9671791959898325
85036,0.46224901609103386
85037,0.3991236946706435
85038,0.7561151878633393
85039,0.7889904937474824
85040,0.38431713516618626
85041,0.21725898951650277
85042,0.23950756654939745
85045,0.9502356172027849
85046,0.6047735954028496
85047,0.8399511397377883
85049,0.4272034206619595
85050,0.5097202774448549
85051,0.5398317046991246
85053,0.2984442754393345
85054,0.8389436160124866
85055,0.8278353300162126
85056,0.3199880819920158
85058,0.47553622254097744
85059,0.6932876506458432
85060,0.0
85061,0.5939519111595503
85062,0.7202357162001475
85064,0.763510043357337
85065,0.777011928924186
85066,0.40051900004680857
85067,0.3940314088404482
85070,0.8408585110537583
85071,0.7898938990964655
85072,0.7470155869226606
85073,0.4139208067254592
85074,0.46406664082877136
85076,0.33942666776825037
85077,0.5061246848057713
85078,0.22720413178817253
85080,0.1607442596558285
85081,0.7179213422547138
85082,0.6384661382574932
85083,0.9413661001719923
85084,0.6220800297962061
85086,0.6712418470396222
85087,0.47635084137858585
85088,0.9685675121692354
85089,0.643894629978257
85090,0.6149678596723926
85092,0.3579325818105062
85093,0.5505266601906602
85094,0.40742886802844325
85095,0.5631946303707688
85096,0.6857852371592257
85097,0.7567942150208871
85098,0.7964621885905445
85099,0.8575276584117134
85100,0.9611595731168788
85101,0.4020850666091495
85102,0.606708291615991
85103,0.818907859999557
85104,0.8407825320290695
85105,0.1430772751814362
85106,0.9517307316925444
85108,0.6054569754721932
85109,0.8217367411076761
85110,0.26722578742566955
85111,0.21407993217707205
85112,0.966682854081901
85113,0.9085742416228215
85114,0.9030890932717156
85115,0.43953528355570853
85116,0.5073413069099946
85117,0.48751909373143626
85118,0.7928519669988151
85119,0.7636062575163054
85120,0.931828251647578
85121,0.23532184623448288
85123,0.41739612482575994
85125,0.31125538670803327
85126,0.1376222209125507
85127,0.6396366608015
85128,0.6169522812288922
85129,0.7603511576277098
85130,0.7653913645278899
85131,0.48652564359152656
85132,0.15963437321669527
85133,0.21220630885638886
85134,0.7062132748275687
85135,0.4492569174331376
85136,0.4969105630070422
85137,0.2338761250390095
85138,0.901958981807262
85139,0.5029069182546277
85140,0.5536572354808729
85141,0.3081991204907424
85142,0.7038608049767784
85143,0.18849335656659713
85144,0.6639802055936833
85145,0.5427358987806051
85146,0.5780316716301434
85147,0.33089051284871335
85148,0.12271285239996987
85149,0.43500314265897005
85150,0.0
85151,0.729999164328293
85152,0.8983598456838642
85153,0.671615922693249
85154,0.3743742056574417
85155,0.8535482333678094
85156,0.45943992125855204
85157,0.4478508598921777
85158,0.21927832984009088
85159,0.30740523655917323
85160,0.6201140016690314
85161,0.7375370095498488
85162,0.4111436028656051
85163,0.9005248724086062
85164,0.976216225631554
85165,0.0
85166,0.0
85167,0.19413446190112407
85169,0.7927258643526786
85171,0.4267232994596934
85172,0.889508011659536
85174,0.24118696568125067
85175,0.4254877856736179
85176,0.1793344329511025
85177,0.15196169402708118
85178,0.7792267169170695
85179,0.7317000466763477
85181,0.20404418357763127
85182,0.6554294154270744
85184,0.2300531591978455
85185,0.2807628783238253
85186,0.8079457323210086
85187,0.49149751098145456
85188,0.39694266735248185
85189,0.8414106097146755
85190,0.6496430111204514
85191,0.7831795150025268
85192,0.6505859228595487
85193,0.512555022754778
85194,0.9972535340231585
85196,0.6723004739872869
85197,0.5979792622700477
85198,0.7118479762446907
85199,0.4018518937052236
85200,0.47436844404991046
85201,0.5070870904607768
85202,0.48856449708064686
85204,0.7610619575641199
85205,0.2981579970293456
85206,0.5109091027516701
85207,0.38239536415728403
85208,0.7526272555673639
85209,0.27521518278135126
85210,0.5538415480824558
85211,0.8418874423429022
85212,0.0
85213,0.5755041685518051
85214,0.9401142356402438
85215,0.6889762322866163
85216,0.5600051522542218
85217,0.0
85218,0.8822303217575517
85220,0.6246398831102794
85221,0.8020597120248409
85222,0.993603981173935
85223,0.4540000485036293
85224,0.0
85226,0.896891870620863
85227,0.40920941108498227
85229,0.2849492204953968
85230,0.0
85231,0.7019742972028427
85232,0.2635543999642902
85233,0.41920208460219666
85234,0.9973420949386221
85235,0.39936337031945246
85236,0.8850852635780723
85237,0.316528038598952
85238,0.6485323523862462
85239,0.9256353571195841
85240,0.6469182974716364
85242,0.6336045264525149
85243,0.9586294591876954
85244,0.2600629729927238
85245,0.29134555652940886
85246,0.5609049246268919
85247,0.6961212793594844
85248,0.3728543250655315
85250,0.9263741733792101
85251,0.2852577126577327
85252,0.3842693558416883
85254,0.24919012721432557
85255,0.6699042381240827
85256,0.3218576886159987
85259,0.66694788678024
85260,0.7141673480409729
85261,0.5722924823035218
85262,0.45199781661307614
85264,0.3906969764653698
85265,0.2310640273207872
85266,0.6787790712376824
85267,0.23480832018573894
85268,0.9265890665613805
85269,0.4753311678266777
85271,0.3030882069398585
85273,0.8596999612023382
85274,0.26805280100221396
85276,0.5466661882032767
85277,0.39364302672892
85278,0.8615542361831101
85280,0.8573671568678713
85281,0.15361083040141316
85282,0.587065196342992
85284,0.8566146236699537
85285,0.6206258764016208
85286,0.21197298049988725
85287,0.37069098837900927
85288,0.90335319040936
85289,0.5186607904351274
85290,0.3297670699094429
85291,0.6535356196146296
85292,0.393442870868678
85293,0.7550238773124516
85294,0.8949742452538662
85295,0.7177781990871499
85296,0.6850937364528289
85297,0.4779707483116984
85298,0.932591526738889
85300,0.7970924546988328
85301,0.6535034319218364
85302,0.6684839671936976
85303,0.13844232452687738
85304,0.21737442190472853
85305,0.20896994267508992
85306,0.29840752841745005
85307,0.0
85400,0.0
85540,0.0
85740,0.0
86000,0.0
86001,0.11738079901495616
86002,0.43032899975073136
86003,0.28824284331139655
86004,0.602635693327982
86005,0.8084434668107342
86006,0.3061695715206847
86007,0.7338588556788828
86008,0.7415480100766675
86009,0.6128515384908274
86010,0.8531596266177768
86011,0.12214130160964573
86012,0.493106240644949
86013,0.5997301566232017
86014,0.7732633768497785
86015,0.31546391883477837
86016,0.8802305291593735
86017,0.07772300225876703
86018,0.7012464399618084
86019,0.7628768709548899
86020,0.7693313223355265
86021,0.0
86022,0.6456080844053976
86023,0.4965397858049349
86024,0.9162320747165732
86025,0.36186832286510173
86026,0.5506110726991266
86027,0.9234937168456591
86028,0.8716439738562611
86029,0.31213722483035045
86031,0.7054075550029477
86032,0.8147522351771227
86034,0.12124244826623294
86035,0.1451252700971495
86036,0.6216798939312672
86037,0.13578796225483167
86038,0.22030655205096217
86039,0.15315908877404802
86040,0.31790074829313136
86041,0.9076117125170028
86042,0.522316712977166
86044,0.4603142991697378
86045,0.7509739525551318
86046,0.7916481349101665
86047,0.7264740543157936
86048,0.8536672093678044
86049,0.8485950023879153
86050,0.09618974032919136
86051,0.24202759224578718
86052,0.3222527786541323
86053,0.5684752848049075
86054,0.3444673409846535
86055,0.32885254625578586
86058,0.8076546209466136
86059,0.16410596195436936
86061,0.35530476277017126
86062,0.9515881824959496
86063,0.4036158779643936
86064,0.24335918095676218
86065,0.8017934189597349
86066,0.8795364053859883
86068,0.28001916713776703
86069,0.5197837437975167
86070,0.21724479751063275
86072,0.7240288263365048
86073,0.0868551017564914
86074,0.7509798162932653
86075,0.36090323537503927
86076,0.8440496737224147
86077,0.1798418779981786
86078,0.5481527636698329
86079,0.7115313382453792
86080,0.7776596253539485
86081,0.7307612242463426
86082,0.27779723726138744
86083,0.811170705304165
86084,0.05845033868000117
86085,0.3435990471968969
86086,0.7989808019991748
86087,0.12761845784115997
86088,0.998544553053956
86089,0.14492923318212433
86090,0.7010117441208663
86091,0.673909526636005
86092,0.6336338495999277
86093,0.5383456601747462
86094,0.19312526451036457
86095,0.8590092578658777
86096,0.4298624066289238
86097,0.3604389029878962
86098,0.2084051193419233
86099,0.6379604046180383
86100,0.9308183944598889
86102,0.713256899723526
86103,0.43393243936707876
86104,0.5238186516200346
86105,0.7896941102157344
86106,0.7271828418258469
86107,0.13169959443359028
86108,0.18868594416693016
86109,0.5983641631004266
86110,0.28472577765172924
86111,0.756721501851531
86112,0.22271330708975356
86113,0.8803650166455576
86114,0.6744380587124441
86115,0.8390686535182591
86116,0.7769692624281641
86117,0.26641851352213375
86118,0.2650339323277023
86119,0.3019981766845724
86120,0.11259201842515917
86121,0.7069704871643803
86122,0.2132458364826794
86123,0.7743996366748769
86124,0.8627771597117557
86125,0.7516038943306269
86126,0.18127386126563308
86127,0.6862901157882421
86128,0.7329134186445372
86129,0.7315237121536833
86130,0.7213102692139733
86131,0.10378011333625704
86132,0.3627347332571802
86133,0.942953642308453
86134,0.25934199588952195
86135,0.8924904888740176
86136,0.46687251143075015
86137,0.923945232747937
86138,0.10288500703795145
86139,0.7763954819030204
86140,0.23209319130404055
86141,0.4032808550657191
86142,0.24388059576847326
86143,0.7757734696191048
86144,0.09681301005102616
86145,0.8569361956106557
86147,0.8016442421566022
86148,0.811582344066818
86149,0.6399961869090005
86150,0.10774777575251179
86151,0.6343014989398116
86152,0.4067665920251904
86153,0.11965161051028328
86154,0.18893767840892203
86156,0.6518013130205091
86157,0.8559017588915699
86158,0.8936368737250473
86159,0.19474389039598236
86160,0.6062235859709832
86161,0.5483586729285856
86162,0.6552914465453323
86163,0.8850376302612831
86164,0.7114727105178682
86165,0.35134877313949087
86167,0.574142433133469
86169,0.6284660675881505
86170,0.2338372961221811
86171,0.1450413090659661
86172,0.10515494095052628
86173,0.7997616961071364
86174,0.7950439574303194
86175,0.4060850596638218
86176,0.1490953697006439
86177,0.856121685898485
86178,0.7547069599312822
86180,0.8332602042212086
86181,0.40279259978356297
86182,0.7201257372234166
86183,0.5305325008509965
86184,0.7535398408892978
86186,0.7612994859726235
86187,0.25252614680258945
86189,0.3284926669533162
86190,0.18435911902299001
86191,0.23745805005532214
86192,0.142682243925616
86193,0.786382810482128
86194,0.93588057820861
86195,0.4266759521484557
86196,0.6722024677968848
86197,0.4463514473952269
86198,0.41450915501958346
86200,0.6456456799264081
86201,0.3928073466075544
86202,0.24446230220322768
86203,0.12910398752858412
86204,0.8683525392310188
86205,0.7279901340990567
86206,0.599967912873478
86207,0.4173753359309345
86208,0.0
86209,0.8868891308884513
86210,0.6041955312765591
86211,0.3167424450521721
86213,0.7029407617416782
86214,0.9415657258195723
86217,0.7080977607333498
86218,0.48912323456137285
86220,0.4609479857341891
86221,0.7358171428685774
86222,0.8876246620107072
86223,0.4705727476955457
86224,0.7082498303072906
86225,0.3583891772509917
86226,0.8216936454136737
86227,0.7742322869664148
86228,0.11712081725565508
86229,0.6023014191800217
86230,0.21665722660460948
86231,0.3825497269625196
86233,0.14393770625660843
86234,0.20377543730022693
86235,0.2773097051332307
86236,0.3913116365544438
86237,0.4251733694575596
86239,0.22391851922171474
86240,0.0
86241,0.6256449267979021
86242,0.28660061067840464
86244,0.6401539021970456
86245,0.7764022084031211
86246,0.4340509974166953
86247,0.37140179036746207
86248,0.14267044057859748
86249,0.3673244130912311
86250,0.5788853210261977
86252,0.652548675423464
86253,0.6728317816492388
86254,0.16516700430409628
86255,0.5362809379146372
86256,0.7816300446939002
86257,0.7119720404579831
86258,0.7506406352264591
86259,0.0
86260,0.6385238174461897
86261,0.8539058162367333
86262,0.19989181706381404
86263,0.9169032415923816
86264,0.3907542076325041
86265,0.7292702189877301
86266,0.539778442959597
86268,0.4179281596996458
86269,0.6555762987489514
86270,0.1360076312367093
86271,0.7256455191673069
86272,0.752083468249028
86273,0.25612828563403384
86274,0.6341194221007553
86275,0.7195309413610352
86276,0.12804298546375792
86279,0.7004283577861916
86280,0.6151336547982349
86281,0.7483000566951853
86284,0.6980142362512518
86285,0.127110180595133
86286,0.4306475890791905
86287,0.5528926345098436
86288,0.3752537130160004
86289,0.18084782752676248
86290,0.8498616209119024
86291,0.3675688045185043
86292,0.7693803014452432
86293,0.7920313785482697
86294,0.7997498612375318
86295,0.41000869136931944
86296,0.2937160547720835
86297,0.9330899149927953
86298,0.7741595084607553
86299,0.11766978599510539
86300,0.8087638654189384
86310,0.0
86320,0.0
86330,0.0
86340,0.0
86350,0.0
86360,0.0
86370,0.0
86400,0.0
86410,0.0
86440,0.0
86460,0.0
86470,0.0
86480,0.0
86500,0.0
86550,0.0
86600,0.0
86700,0.0
87001,0.6287435513469961
87002,0.6311455214797015
87003,0.1828862835923316
87004,0.07187884242842736
87005,0.7369317528515515
87006,0.13092543391381867
87007,0.05962767364859466
87008,0.05949603797694061
87009,0.11130689546063653
87011,0.11030676916453602
87012,0.07043228211525415
87013,0.06003723914261304
87014,0.07637546699619355
87015,0.6466211791845566
87016,0.09412846641146706
87017,0.09725026316351877
87018,0.19605589269416931
87019,0.6852013257719809
87020,0.6409133753631696
87021,0.6761859427483394
87022,0.05675851819700307
87023,0.3930100720990778
87024,0.05488227436485568
87025,0.6457261786174879
87027,0.04536603374757775
87028,0.07310567363207172
87029,0.05324299752855654
87030,0.3034383140123028
87031,0.07756788679021301
87032,0.06992546119753278
87033,0.3593810811989996
87034,0.05347642079050624
87035,0.13068987052271766
87036,0.04516447865156349
87037,0.06662969112645906
87038,0.7515526269161644
87039,0.166517397108178
87040,0.1431809166896729
87041,0.05825509930460163
87042,0.6870299164429862
87043,0.10823746606540909
87044,0.03914286209436367
87045,0.25426376233285747
87046,0.343560932693033
87047,0.5164354266045181
87048,0.7881357311437711
87049,0.23729873717657024
87050,0.7755999733664066
87051,0.18793068538926896
87052,0.07317362317039931
87053,0.19470046286553366
87054,0.06907353745626049
87056,0.06053080199982373
87057,0.11412722819271945
87058,0.03586520806537433
87059,0.06686122910047998
87060,0.041444914972573084
87061,0.07511292068350993
87062,0.7242895833098455
87063,0.6876731908017503
87064,0.059489559227915
87065,0.7825791391544671
87066,0.27427113916043794
87067,0.06854024325101331
87068,0.11256530459623972
87069,0.12492570711732305
87070,0.7018685366000826
87071,0.14445326598855232
87072,0.18297451171982484
87073,0.17902237420983683
87074,0.19564257357765194
87075,0.7002105468665445
87076,0.0495500129477186
87077,0.4081110061533538
87078,0.32032906868972294
87079,0.12282542149451187
87080,0.19102706808155567
87081,0.677188149506261
87082,0.08330580899159166
87083,0.08252072380849855
87084,0.4729519086282358
87085,0.8788028147173162
87086,0.22640564990489725
87087,0.1773450940511457
87088,0.1566269122220212
87089,0.0465034596888998
87090,0.20990818392157334
87091,0.05806820272467306
87092,0.11823612674130965
87093,0.08440805463924196
87094,0.647116054884181
87095,0.19721611033050424
87096,0.11066039042146704
87097,0.1205586323368555
87099,0.1505166392752414
87100,0.2869538941403597
87101,0.21531256395765674
87103,0.3851693257888864
87104,0.15453913043110382
87105,0.04418910593349009
87106,0.5424919542359772
87107,0.639374984779017
87108,0.22521261540647475
87109,0.08243459685118512
87110,0.28313261862822087
87111,0.27502029079790546
87112,0.041835937554390946
87113,0.7991259469965961
87114,0.8237309521590641
87115,0.07869644795497152
87116,0.100419640106956
87117,0.2195057834166607
87118,0.5941693156641148
87119,0.3656132458761764
87120,0.2148681939299357
87121,0.06613717721967581
87122,0.26950554828369166
87123,0.061026751463194584
87124,0.07654841288635078
87125,0.7195041267042468
87126,0.25016044798871784
87127,0.08033175474359336
87128,0.14232204100992138
87129,0.7743723373691614
87130,0.15828077590789796
87131,0.264819822136916
87132,0.0832623057410955
87133,0.10470741519517843
87134,0.03725222329239311
87135,0.30190687780188985
87137,0.07338046228546853
87138,0.30971542350477377
87139,0.050486298163110566
87140,0.5171938245491366
87141,0.3167437777767749
87142,0.39763876301076523
87143,0.6625196500149606
87144,0.4052228145817778
87145,0.1925565383977983
87146,0.1626981451077303
87147,0.2145070618859263
87148,0.5663834431367082
87149,0.16830661071369576
87150,0.2270653144700032
87151,0.510323805655685
87152,0.586708740502153
87153,0.1495195266785588
87154,0.4167999339647164
87155,0.07801302672550287
87156,0.7764888229316811
87157,0.5303408625546271
87158,0.2472976312969256
87159,0.10526403176904997
87160,0.131177585331526
87161,0.7804269742922555
87162,0.5756473858596901
87163,0.05750782560629938
87164,0.44406556790775503
87165,0.1799369495092552
87166,0.5630506927687687
87167,0.7201540291487759
87168,0.07598342319672677
87169,0.6644902728383983
87170,0.11930736317479054
87172,0.07908929080867899
87174,0.6490320998844505
87176,0.21001468798566267
87177,0.6316803096236573
87178,0.7369418933774714
87179,0.06317526255291599
87180,0.15198119784393743
87181,0.053796621688061146
87182,0.36377544480909746
87183,0.4301325094430885
87185,0.45273417671032795
87186,0.16429747627234717
87187,0.38009175682947477
87188,0.6320765303856404
87189,0.036536935927238834
87190,0.12125975108257303
87191,0.5691447616004932
87192,0.7281343652743277
87193,0.21112567966262877
87194,0.13607560869634788
87195,0.0579469363550034
87197,0.5595802426847817
87198,0.16359223386965874
87199,0.2328513538107573
87200,0.040582477883126675
87201,0.6447000373799613
87202,0.6188030950350972
87203,0.18916588965039982
87204,0.10577405487384807
87205,0.6765779572563956
87206,0.042457093876852835
88000,0.0
88001,0.5835300718824865
88002,0.5074896053310537
88003,0.1973669668878242
88004,0.05751855918565767
88005,0.12737526774504895
88006,0.3008750839486199
88007,0.09457140736193387
88008,0.259223142864452
88009,0.5335249466935624
88010,0.1584929855520585
88011,0.6068450521170078
88012,0.643590764005533
88013,0.14835597028000108
88014,0.5647765224761954
88015,0.16939603305336232
88016,0.27804643622117714
88017,0.31501578563044996
88019,0.21756478675537233
88020,0.24354874138830424
88021,0.5928709226267255
88022,0.3103790040509452
88023,0.4523808255263292
88024,0.3567550109994734
88025,0.2951358380197706
88026,0.6767019335122036
88027,0.6402948430991633
88028,0.6599488787508508
88029,0.1799117929351173
88030,0.29775968202791564
88031,0.22283549928484347
88032,0.7215654745407472
88033,0.817824390523199
88035,0.6086882656900658
88036,0.25438162176141943
88037,0.24851375681465046
88038,0.25483173794162933
88039,0.44400280887911486
88040,0.633829754828155
88041,0.7069538957616845
88042,0.1603317496640815
88043,0.5410902015628078
88044,0.2998884813398077
88045,0.2600760442574984
88046,0.8828074266434169
88047,0.5718959180836636
88048,0.1967317221860267
88049,0.2859436387506918
88050,0.5667639784133742
88051,0.3580910099098911
88052,0.32868008680813493
88053,0.7444653304400815
88054,0.6946293721067257
88055,0.7036854283620196
88056,0.33925037493985294
88057,0.7037798722996854
88058,0.27253611077077466
88059,0.5370212539655604
88060,0.3335985964918059
88061,0.22594354763670688
88062,0.4135494757241878
88063,0.6675076911212738
88064,0.5443595961904301
88065,0.399368886486335
88066,0.28568496222825424
88068,0.5092461011660435
88069,0.6704934295891235
88070,0.47559985236846486
88071,0.726534032554677
88073,0.6345174621573535
88074,0.23238266619192596
88075,0.2901274489504212
88076,0.6434802482377604
88077,0.45847822457758186
88078,0.7584441347290344
88079,0.32832258228290967
88080,0.6763767782846558
88081,0.0950993120522167
88082,0.41135556709585214
88083,0.3776944351327692
88084,0.3611983562379681
88085,0.7486923592080393
88086,0.9427042260002718
88087,0.6732197637599169
88088,0.20308991574895666
88089,0.5623307705913069
88090,0.554280773314642
88091,0.6801452902609942
88092,0.5627402225126756
88093,0.7581746033284192
88094,0.649651159020056
88095,0.35810828020537033
88096,0.05134309426178646
88097,0.36074129108461933
88098,0.6271859532031844
88099,0.7610473305727339
88100,0.23627436978372524
88101,0.8987981794390617
88102,0.2763595353166314
88103,0.6879588875233829
88104,0.3402699140176243
88105,0.1602025650373566
88106,0.4653214747653409
88107,0.14172152373355373
88108,0.08403105214392197
88109,0.26945075766405413
88110,0.4483594360331223
88111,0.38548786782396544
88113,0.6849542760638925
88114,0.5530298800253342
88115,0.5324505716608471
88116,0.21844910975990942
88117,0.27494712825358064
88118,0.27054650118143586
88119,0.2676555247843622
88120,0.39600694711967077
88121,0.4955948576637892
88122,0.693300694792628
88123,0.5348365744438106
88124,0.3326770686396779
88125,0.35431538431792264
88126,0.6559612118435507
88127,0.3912828162261287
88128,0.5095269914475944
88129,0.7087566116103877
88130,0.6822675553562527
88131,0.9201054066592832
88132,0.7090653527266682
88133,0.662557097285103
88134,0.6209721237464875
88135,0.8907907598576049
88136,0.7315610740001116
88137,0.2544001372605632
88138,0.2983942510837688
88139,0.29419052426033004
88140,0.4571267881804317
88141,0.4278565060852954
88142,0.6763648322675428
88143,0.622123317609159
88144,0.44505989166632554
88145,0.5619954496406132
88146,0.33557270174819315
88147,0.6308627490268436
88148,0.2486651708760641
88149,0.28852001716999237
88150,0.21733711296006777
88151,0.6886427218287998
88152,0.6558549290608006
88153,0.28019930057375847
88154,0.19891257317723202
88155,0.5013115727843436
88156,0.22543212809014138
88157,0.5659228788097447
88158,0.8461144602454721
88159,0.4171245245292731
88160,0.6908681306597884
88161,0.15944726198462358
88162,0.38200001629281755
88163,0.5745556825093903
88164,0.38610309002261173
88165,0.4444444444444444
88166,0.7080374358534155
88167,0.8865197906778728
88168,0.5267020130974311
88169,0.9250927955630663
88170,0.11051163881093198
88171,0.09188190432818587
88172,0.8954932119239112
88173,0.5368247390568465
88174,0.6576456573084826
88175,0.6752360620587311
88176,0.10464030013068704
88177,0.2903289153515728
88178,0.6560379510660501
88179,0.0714025519924447
88180,0.18628773375315916
88181,0.45435224531433327
88182,0.7262716948287898
88183,0.45922502192339115
88184,0.7284965575312343
88185,0.41193160658150185
88186,0.38949875187430083
88187,0.2908583996376467
88188,0.11305159919940715
88189,0.36722016877788805
88190,0.6577867037065528
88192,0.5896739246382126
88193,0.4095573328180999
88194,0.3116455411899798
88195,0.22088995433386283
88196,0.49856251807087676
88197,0.2798808421254418
88198,0.5164890806332963
88199,0.3058292659318295
88200,0.660560153045461
88201,0.6097543222139871
88202,0.36787906241398727
88203,0.6726316030035079
88205,0.17135303672574453
88206,0.30805470529916407
88208,0.09892748762051026
88209,0.760286278595594
88210,0.6619316348457485
88212,0.2601334103095589
88213,0.7093849756351462
88214,0.14115492657672032
88215,0.7337377411814807
88216,0.7189854259231906
88218,0.4952686030865907
88219,0.22258880418302723
88220,0.08282372286410015
88221,0.14231773555334185
88222,0.6865013361185545
88223,0.6982091602586551
88224,0.6252505882168123
88225,0.5604558936348348
88226,0.4688987638191949
88227,0.30885460140870563
88228,0.4543738502586388
88229,0.19703941996535798
88230,0.3503867377442848
88231,0.36719647122867227
88232,0.0950634572586466
88233,0.6630310989285585
88236,0.1256256005348792
88237,0.6749318190306086
88238,0.2372327779954231
88239,0.28433998203377325
88240,0.8438420440039882
88241,0.35406984300895633
88242,0.19644630032295093
88243,0.5695042706881734
88244,0.5226459476235878
88245,0.4370916279247888
88246,0.4238459544030023
88247,0.6570826041193789
88248,0.13316375889014337
88249,0.257255243360775
88250,0.8812008806068895
88251,0.5434151351146842
88252,0.328350986136133
88253,0.8273479401688276
88254,0.5509801538189684
88255,0.16978519852714555
88256,0.7313574633346788
88257,0.40208531325588426
88258,0.11725335278346978
88259,0.30939505746883966
88260,0.6499294475583481
88261,0.9238560091724927
88262,0.6116091759329287
88263,0.864337838089938
88264,0.26474218751456896
88265,0.268844147642347
88266,0.9225106560776709
88267,0.27372243365523546
88268,0.39634899560729026
88269,0.45486885902636454
88270,0.37436348740378445
88271,0.3546928380267172
88272,0.0840127763806013
88273,0.6896429784539545
88274,0.4083277105403907
88275,0.5036086761706873
88276,0.3417439042669291
88277,0.3642469678480602
88278,0.21595473366889645
88279,0.5345526402649206
88280,0.7094233632841614
88281,0.712154007740946
88283,0.23031809320156785
88284,0.41352371253358844
88285,0.3223535267922437
88286,0.23316416246630203
88287,0.2949383959930675
88288,0.4518640223816719
88289,0.20321526159622827
88290,0.13631380848927457
88291,0.15983228395649823
88292,0.5203889956456706
88293,0.2066758055775419
88294,0.6585957899858049
88295,0.4279334072839274
88296,0.19495649786515779
88297,0.6836033020668764
88298,0.16266491282354556
88299,0.29006601492978257
88300,0.4488068628179512
88301,0.21070851599068574
88302,0.15860637805085087
88303,0.2798696209489234
88304,0.5476304761331902
88305,0.24913460567593082
88306,0.7851382536640169
88307,0.11752824828828627
88308,0.44169973110004745
88309,0.3653989714471208
88310,0.22388046886582186
88311,0.11307155615944163
88312,0.26116774892239114
88313,0.6433704209049764
88314,0.16633771594705204
88315,0.5262707042836069
88316,0.29915772362281207
88317,0.7069012231544499
88318,0.665641207615012
88319,0.4004888673082168
88320,0.5112046974538426
88321,0.7015246382462016
88322,0.8964463724860428
88324,0.42257343507785566
88325,0.3588703906965913
88326,0.42103523922512814
88327,0.6662093743189772
88328,0.46084298571314
88330,0.24401040450987532
88331,0.6909099531533814
88332,0.36244632552497685
88333,0.1843672783120617
88334,0.309623136745473
88335,0.35192268352161354
88336,0.33874477090112726
88338,0.576047271846232
88340,0.6449885658269215
88341,0.47659059065893805
88342,0.6233602913324746
88343,0.3240187216966128
88344,0.27862590774370727
88345,0.7411863234635908
88346,0.42029753716930096
88347,0.4181556238395887
88348,0.7147561648020166
88349,0.43547679936119493
88350,0.18754459018746633
88351,0.10870403316837325
88352,0.27757012446849605
88353,0.3115881295692
88354,0.27453557764431674
88355,0.7074723213365424
88356,0.5690156980931278
88357,0.4580281859280241
88358,0.8684685410505109
88359,0.9164763762772546
88360,0.32368246316050375
88361,0.3861371226047712
88362,0.763525507820765
88363,0.12289983914210897
88364,0.45545660426167256
88365,0.5775732311673556
88366,0.17818592491804014
88367,0.7156577593811249
88368,0.5204145989218807
88369,0.12225254606842755
88370,0.42466574881885943
88371,0.484610264560119
88372,0.7279016086926446
88373,0.10257961979650611
88374,0.557234030269259
88375,0.3555417950090368
88376,0.42726507629665955
88377,0.11783336204002018
88378,0.6920042921244485
88379,0.6277746440979075
88380,0.7082887093708381
88381,0.27967320706747034
88382,0.47074134847139837
88383,0.5874935577654886
88385,0.3863031074652167
88386,0.43417515059430223
88387,0.1574923052015755
88388,0.6016522315494433
88389,0.2354185840814265
88390,0.12047433414854304
88391,0.30340940157912216
88393,0.38223917969396465
88394,0.5931589175506174
88395,0.6011815422524259
88398,0.5211852977364816
88399,0.9269860887230057
88400,0.31844942237205087
88401,0.3338144441386595
88402,0.27600044676271707
88403,0.4176371759210158
88404,0.09652853885504006
88406,0.5444525786218372
88407,0.14995147756030555
88408,0.1421304567029339
88409,0.2737865346692355
88410,0.4015329690311069
88411,0.337826136987783
88412,0.5236526836368517
88413,0.8945133151109917
88415,0.6790068718860348
88416,0.6411986118892928
88417,0.6173951387829757
88418,0.6707956775426227
88419,0.5409831399724777
88421,0.17181571307608862
88423,0.5308074037073959
88424,0.686860255430218
88425,0.2372743894015322
88426,0.09341231390962462
88427,0.3165526725982166
88428,0.5041668602774906
88429,0.7462307520660276
88430,0.16908461534308059
88431,0.2276905361680901
88432,0.3146779372370486
88433,0.23995243139435404
88434,0.32996775700963793
88435,0.4787169712542969
88436,0.7207213429029146
88437,0.6773192805918785
88438,0.48988839427955244
88439,0.6262556237372044
88440,0.44418021670564256
88441,0.29695322624781
88442,0.33277700083330636
88443,0.2352203399993925
88444,0.7562200913250697
88445,0.5597046414676627
88446,0.27243921655591025
88447,0.1818061929999352
88448,0.15056987498892685
88449,0.40765456074902584
88450,0.049272207915419565
88451,0.40342225784503083
88452,0.28479994875275605
88453,0.24229563456638176
88454,0.6381339728518971
88455,0.1566225592213577
88456,0.28913108303972007
88457,0.317317869563506
88458,0.359527324023692
88459,0.1667525202395661
88460,0.2871262497820716
88461,0.37266154104154464
88462,0.29312327923597026
88463,0.5517861763535326
88464,0.8390162354234122
88465,0.7091724290924868
88466,0.3424633461713536
88467,0.19959459741320998
88468,0.18475120923845784
88469,0.4894142927564472
88470,0.33038720522818604
88471,0.07878762827032203
88472,0.3602464662986929
88473,0.1868733517143053
88474,0.3333819453390711
88475,0.5004504758581233
88476,0.2611226147654277
88477,0.2915911442192924
88478,0.15013609499500555
88479,0.12068088472921586
88480,0.6248336899123128
88481,0.5660147512209293
88482,0.16510128520317813
88483,0.6669137132308007
88484,0.5833163062116302
88485,0.19132642768257124
88486,0.3707645306989853
88487,0.1283119517618126
88488,0.4037556631450512
88489,0.42991076836561565
88490,0.36760624475143766
88491,0.2998578355643848
88492,0.22821459946741204
88493,0.6530750915348401
88494,0.6047798878170206
88495,0.6680672842954416
88496,0.29430852088086584
88497,0.6349939776753517
88498,0.19259155019293203
88499,0.497366540353036
88500,0.145533509034738
88501,0.7348950982558687
88502,0.6664968482524152
88503,0.3503196760049954
88504,0.19327064967287066
88505,0.5374011640304366
88506,0.4429555721942221
88507,0.4534870673102316
88508,0.6916903136508756
88509,0.6285306251017048
88510,0.16216087512640012
88511,0.26718312687878765
88512,0.6962434613607045
88513,0.7293937747863346
88514,0.2582699011174456
88515,0.14752520247526033
88516,0.40501265865701747
88517,0.31800178176742894
88518,0.34851083187661847
88519,0.42754703603282784
88520,0.22700571201068653
88521,0.6902835595002228
88522,0.29510504414036076
88523,0.26931150649016616
88524,0.15259246354201952
88525,0.4536259088317959
88526,0.37129594498136237
88527,0.25739337803450235
88528,0.8711864742922019
88529,0.292274241547434
88530,0.47588024014948155
88531,0.3223223352462489
88532,0.6231497841136363
88600,0.0
88800,0.0
89002,0.4367113947188091
89003,0.633891988589278
89004,0.06077459109599004
89005,0.42647405588161513
89006,0.4888527451384851
89007,0.1187090987382967
89008,0.6711675532782598
89009,0.5799552560942919
89010,0.260349950766075
89011,0.684798622651699
89012,0.5820453714316303
89013,0.9231145056637065
89014,0.4897542888942252
89015,0.46207577888068846
89016,0.5411361203689636
89017,0.34684214556759957
89018,0.5364083917427849
89019,0.07570413439716911
89020,0.1577629195395506
89021,0.6304427074425685
89022,0.7537411847153223
89023,0.9693166290028206
89024,0.9778255362630283
89025,0.7952597940149123
89027,0.6168108590450235
89028,0.6303918419843761
89029,0.8267135719529082
89030,0.5590522329270439
89031,0.853186785876568
89032,0.5996483442372441
89033,0.7780252484229921
89034,0.7999343748505028
89035,0.3292797195893429
89036,0.4049977391927321
89037,0.2906774252543474
89038,0.4666996876352608
89039,0.521767766759758
89040,0.40016412831890397
89041,0.13986265420629634
89042,0.5447966504197402
89043,0.6079991565100763
89044,0.5685296476851398
89045,0.8122854112993343
89046,0.18687125218830405
89048,0.45549784471448657
89049,0.2969738539170572
89050,0.8330546859931821
89051,0.638739071734337
89053,0.8273712256014121
89054,0.46917794741256763
89055,0.7963123069736043
89056,0.7722499956483863
89057,0.30976984563070437
89058,0.5972860714309419
89059,0.2892337982442898
89060,0.4594425897060605
89061,0.23143126364321906
89062,0.5184320646481833
89063,0.3619715484837263
89064,0.22963111626782473
89065,0.42659354215636236
89066,0.5773512630564204
89067,0.3926050786160902
89068,0.7583204390777674
89069,0.41265584887220164
89071,0.25094147495236224
89072,0.14481928436484007
89073,0.5500918407561202
89074,0.44256900661397636
89075,0.7261070057149174
89076,0.2188831901971001
89077,0.8885314370149071
89079,0.6705832695084487
89080,0.4712042177592761
89081,0.8373928153831809
89083,0.8509999010175183
89084,0.3702882173601411
89085,0.7875497130703716
89086,0.37334480564893147
89087,0.3760186247291875
89088,0.7181636987915886
89089,0.6978325767239569
89091,0.16056813973273132
89092,0.5478461295151797
89093,0.44767352279035866
89094,0.49830831160753836
89095,0.44068143138972665
89096,0.8791132717750192
89098,0.5555267646488038
89099,0.8109491746316738
89100,0.34133824649189926
89101,0.21468539166042716
89102,0.8418586889400744
89104,0.46729630921349014
89105,0.8437533142092145
89108,0.8046007004724922
89111,0.4621295006148578
89112,0.5537931898730089
89113,0.5454721084710357
89115,0.32506308484561003
89116,0.49811961766979335
89117,0.7234206076171492
89118,0.7678068758970393
89119,0.09617967340933378
89120,0.43510710018416254
89122,0.5923323244639153
89123,0.7628550036357354
89124,0.3483363735701502
89125,0.11477211946103599
89126,0.4077634046489342
89127,0.459043580127633
89128,0.44474674751610604
89129,0.11543101710764367
89130,0.4199463905365738
89131,0.49255479474297054
89132,0.048985493040063104
89133,0.5048650803520088
89134,0.7015227738728764
89136,0.38333769378169297
89137,0.6655936582910208
89139,0.8227706609677643
89141,0.5338530318629652
89142,0.4723950100866646
89143,0.5138190442461773
89144,0.343228662407689
89145,0.6926086284612003
89146,0.6672163095796315
89147,0.40389522063558236
89148,0.1557483808561569
89149,0.5981363023625959
89150,0.7599839651905674
89151,0.4656505645799737
89152,0.773188932681498
89153,0.801505756214571
89154,0.7734376897845081
89155,0.8854383834466845
89156,0.7938459014493551
89158,0.15075325577791324
89159,0.6770941054604809
89160,0.631355115998205
89161,0.06483220218583464
89162,0.383461299464646
89163,0.2831705181216438
89164,0.08282682824563566
89165,0.5469386110415491
89167,0.8130542057807518
89168,0.5119468631916557
89169,0.31115329257499946
89170,0.6361683402646301
89171,0.6417377483481338
89172,0.5100794564319768
89173,0.4382756311112455
89175,0.6389469037963671
89176,0.4295498619787831
89177,0.4184895994574082
89179,0.456111222383707
89180,0.5336905995767895
89181,0.43527483988264026
89182,0.10501096205255285
89183,0.3641595507458118
89184,0.3150319052001811
89186,0.16070597361973876
89187,0.04374878693147055
89188,0.5993509557013895
89189,0.39231541087244776
89190,0.6491072096476469
89191,0.4703284222134392
89194,0.4755049170467216
89195,0.5986721740951506
89196,0.7593395237522733
89197,0.6474020739048073
89198,0.9124743590140962
89199,0.7173601122479041
89200,0.8342126935504411
89201,0.8307942101562279
89202,0.7510366597466399
89203,0.6958539587936512
89204,0.6097831164168636
89205,0.23644853482782413
89206,0.6942926141969329
89207,0.5046839370491636
89208,0.4826981449149518
89209,0.2380429214059025
89210,0.04573658109986383
89211,0.6983512521641337
89212,0.7803819854305181
89214,0.6480839384886378
89215,0.26459361894311556
89216,0.19600352169678134
89217,0.5172873893168326
89218,0.7739718529447457
89219,0.11824289064422
89220,0.08581625257239084
89221,0.38995878822046653
89222,0.39896466178094353
89223,0.5273926611823794
89224,0.37622919183632264
89225,0.13535362843684096
89226,0.8015053400154337
89227,0.7246265408534127
89228,0.8315968015551403
89229,0.4947751143822395
89230,0.7529694396766773
89232,0.5434810504435271
89233,0.36587988926997933
89234,0.11749431820521038
89235,0.7905441828340526
89236,0.7221571132043751
89237,0.21945404951236408
89238,0.13063823989733295
89239,0.6826316954322244
89240,0.6132765785361134
89242,0.8268788074930052
89244,0.5711190014077857
89245,0.5629414373273367
89246,0.5045515969263284
89247,0.508910782377611
89248,0.68587999419181
89249,0.28284742478029107
89250,0.5267577906666902
89251,0.75614263305958
89252,0.18740852948629155
89253,0.15608634894056747
89254,0.3723218069829672
89255,0.32384832626440846
89256,0.6660912927541589
89257,0.8099536699139572
89259,0.274460168232888
89261,0.7262245601629037
89262,0.6201973737990145
89263,0.9037942931702038
89264,0.34703002307752473
89265,0.7777791146505857
89266,0.37468178153294857
89267,0.6394127714845443
89268,0.8272952785603445
89270,0.3639028302188961
89271,0.2845940382814542
89272,0.6136462846491882
89273,0.45942078138531794
89274,0.4417607874627645
89276,0.14423998914124717
89277,0.4843968304607595
89278,0.5928451173621949
89279,0.25474781591949713
89280,0.060517783726515326
89281,0.30260831435643926
89282,0.8335644749478865
89283,0.23947843149982803
89284,0.4144518742326254
89285,0.5284516379738088
89286,0.7966403057267789
89287,0.5559000421476065
89288,0.8000628649120715
89289,0.6833642359408802
89290,0.24737806474414678
89291,0.6303141788620786
89292,0.2578441006902801
89295,0.994067561617075
89296,0.053437808610107065
89297,0.6287467152039303
89298,0.4092900460447016
89299,0.5350224487468328
89300,0.5861307649737029
89302,0.35968528931107663
89303,0.4694689404824503
89304,0.7486017537914753
89306,0.7198537658441133
89307,0.7629837452162975
89308,0.5081803175819474
89309,0.41300884517647624
89310,0.4667740275072106
89311,0.8354802919387718
89312,0.5426642392695942
89313,0.5414723538879737
89314,0.42017905396851074
89315,0.4211266703228039
89316,0.6820564994402418
89318,0.6014629355239894
89319,0.8392374373081769
89320,0.44782431674728224
89321,0.043708545238856006
89323,0.4886296982655304
89324,0.24528008767455145
89325,0.3971318691175557
89326,0.6375060544890416
89327,0.5987760805889647
89328,0.7680760141331897
89329,0.5550512952258247
89331,0.0836777852325524
89332,0.46132381559037566
89333,0.6907525425567107
89334,0.7117297540275456
89335,0.39947488203331644
89336,0.665101671850436
89337,0.7739043908585356
89338,0.6016832055472785
89339,0.5377499818234228
89341,0.35919805945828
89342,0.5145224015202041
89344,0.354324687052096
89345,0.38595705186944385
89346,0.9860650540160958
89347,0.7024974828759719
89348,0.5103325221186833
89349,0.5867019921087409
89350,0.35387755942021815
89351,0.5957280145372464
89352,0.14592232325295018
89353,0.3796785200475046
89354,0.5425035576423906
89355,0.6716625484597272
89359,0.4628290234477873
89360,0.7445133963152212
89361,0.7449300474120264
89362,0.5035470639555403
89363,0.4446686424954481
89364,0.6248385936053082
89365,0.13641348633883527
89367,0.440852659521842
89368,0.44373273349475884
89369,0.45711262817709875
89370,0.5038161234433725
89371,0.47170085978910287
89373,0.6202116092888625
89374,0.4138923435137082
89375,0.572187303341906
89376,0.5539368033597758
89377,0.6132985200540593
89378,0.8277450289293155
89379,0.6417594744458184
89380,0.29727608286756324
89382,0.8534734913609995
89383,0.27000678476505074
89384,0.6718890241163076
89385,0.04801710597052965
89386,0.04175566770715646
89387,0.7236635330096542
89388,0.3838149902704157
89390,0.3144311271659871
89391,0.3038328209788753
89392,0.6176498752433504
89393,0.6150983839555495
89394,0.3893664149903834
89395,0.5709704949032955
89397,0.32140218580763896
89398,0.11692727435239916
89399,0.5321567446034302
89400,0.2646318257088445
89402,0.1444261956394017
89403,0.04924675368202407
89404,0.5596108698257187
89405,0.19520853909832117
89406,0.5838538232272926
89407,0.6153289702778261
89408,0.30570325804230064
89409,0.6783820073245626
89410,0.6233319276429206
89411,0.518248740174082
89412,0.5908359865411821
89413,0.5568457272840464
89414,0.508531792013067
89415,0.5099274141401404
89416,0.30414217684735917
89417,0.6140843028842996
89418,0.8389253034472292
89419,0.7930780846210812
89420,0.2369030897864187
89422,0.48495256499983364
89423,0.5026228602071555
89424,0.5172865634899192
89425,0.15592878464068086
89426,0.5570439964047793
89427,0.8298279757310612
89428,0.4759201773736426
89430,0.7499886062753237
89431,0.5352083770560139
89432,0.4973067622182399
89433,0.6710017585337792
89434,0.5481528542151631
89436,0.21089506267622254
89437,0.759243458712652
89438,0.8283071296840255
89439,0.7025800294108313
89440,0.4505488129357216
89441,0.2950636350763691
89442,0.3792219508480967
89443,0.6303899772862487
89445,0.6625872359204734
89446,0.3525456996261611
89447,0.6233210455836256
89449,0.5196851584671457
89450,0.4664792423656953
89451,0.5827690287041528
89452,0.4304610270042663
89453,0.9821822405272977
89456,0.4311823087436531
89458,0.42956489959255845
89459,0.5099071033376777
89460,0.5672302912503744
89461,0.8393673312159353
89462,0.38114956071351147
89463,0.8331090936206906
89464,0.6079182609908078
89465,0.43280244049680855
89466,0.5546565152368083
89467,0.4731975258546272
89468,0.4757885630400398
89469,0.48087771779534705
89470,0.27140962290408516
89471,0.5372973810920034
89472,0.2884112695883465
89474,0.27212199543668836
89475,0.5110747720733682
89477,0.8084356697767211
89478,0.96576621775129
89479,0.9651907802623911
89480,0.3117908591462585
89481,0.48188925258117277
89482,0.5815647714921621
89483,0.4449564737386732
89485,0.6096354671171842
89486,0.43082826122223483
89500,0.0
90001,0.817669363094645
90002,0.5706847899407502
90003,0.638515907279803
90004,0.7689120753240639
90005,0.5835822114655834
90006,0.6170245527201048
90007,0.7509312779862442
90008,0.7989004121751567
90009,0.7877742990167206
90010,0.7786087229989741
90011,0.7729111485754526
90012,0.844871140195072
90013,0.5979233432908363
90014,0.743413655345749
90015,0.7823678123475711
90016,0.6042918740251882
90017,0.7349979022291302
90018,0.7448057299499944
90019,0.7756256056972983
90020,0.7418077334022614
90021,0.7338157853880791
90022,0.7838697532344595
90023,0.592514107569027
90024,0.9347199575185388
90025,0.7113268264494841
90026,0.8535222910150658
90027,0.9315889463029882
90028,0.8868204490467774
90029,0.7558944464914041
90030,0.9204527248010492
90031,0.7431045628290378
90032,0.8296637369436973
90033,0.9427000569054447
90034,0.8471586910042967
90035,0.7700980771690048
90036,0.6975915566898346
90037,0.6510094428154568
90039,0.7746071400783522
90041,0.6232929221041359
90042,0.7593320890875254
90043,0.9393831575217128
90044,0.5670512050876618
90045,0.7122663283892176
90046,0.9462168480781215
90047,0.6152810577218389
90048,0.808249130890646
90049,0.6569852604753358
90050,0.6659218079470344
90051,0.7081344016028992
90052,0.5817753439565356
90053,0.6964074901216911
90054,0.6067836447910626
90055,0.7453529739783751
90056,0.9404800328916284
90057,0.6040853464901209
90058,0.585524155019602
90059,0.6777697593975762
90060,0.580888596376775
90061,0.6107249493228218
90062,0.585565080564822
90063,0.9267414128959128
90064,0.8985615691791471
90065,0.49800712735953456
90066,0.573172670835933
90067,0.6546735219854586
90068,0.7615204372239335
90069,0.7596181203648128
90070,0.7914458166140161
90071,0.7620251057128197
90072,0.7110464226000738
90074,0.7937798759070093
90075,0.7772299407558557
90076,0.8625880246724781
90077,0.7744339029896355
90078,0.5828747052355799
90079,0.6197681236604282
90080,0.7628030754480628
90081,0.6699998554691762
90082,0.7655462283886945
90083,0.7306100696478046
90084,0.6153490318264524
90085,0.599351508243088
90086,0.5744753857121528
90087,0.7068869231135964
90088,0.5873701341427284
90089,0.5822069291567599
90090,0.9333231645013664
90091,0.5845985880236007
90093,0.6274091663362633
90094,0.7832111189196969
90095,0.9227593231527071
90096,0.701264404448367
90097,0.7447804165115695
90098,0.7443712646729946
90099,0.7427022430972899
90100,0.5987031249191354
90101,0.7627640629347033
90102,0.5810703974815759
90103,0.7789133924586206
90104,0.8171784144090752
90105,0.8917891156332438
90160,0.0
91001,0.5849772241912325
91016,0.5105544410982583
91017,0.7826685036526161
91021,0.9575552858270431
91022,0.44265618670590334
91027,0.9995854934400203
91035,0.4276024431223438
91037,0.9005254756284075
91038,0.8523637759872598
91041,0.9407010152353799
91044,0.9876776996585325
91045,0.9250838122906448
91047,0.9108532211806468
91064,0.9937369155587229
91067,0.5434459447909582
91069,0.604049258020294
91075,0.4561037015055876
91079,0.4093701594197703
91080,0.8750654808587869
91081,0.7029235018905985
91085,0.9314292653743953
91086,0.9981346048030344
91090,0.0
91093,0.93103487390426
91095,0.9153785001257317
91097,0.9834371525930508
91098,0.6652969896706897
91099,0.7840703697808411
91100,0.6215989901523128
91103,0.9716204718070841
91105,0.8926719830953842
91106,0.8694380834348299
91109,0.7385238247466122
91111,0.9372842933216177
91112,0.5410664951666687
91114,0.9843064613759617
91115,0.9433220414722192
91121,0.5665521464045163
91122,0.9979262284801944
91129,0.8969819186009588
91130,0.5431167315446932
91131,0.46467312400798844
91132,0.917142363609056
91135,0.9079680703006892
91136,0.9885329976387335
91137,0.5866567602593044
91145,0.4486833589272881
91148,0.849515897031883
91156,0.9347204401972363
91159,0.9203233186026354
91160,0.0
91161,0.9894904678110426
91174,0.9780262369940428
91175,0.5411991498569184
91179,0.943337698758059
91180,0.7784365439287579
91184,0.7088028710199669
91186,0.892830596768104
91191,0.9882566362918271
91195,0.8579270020826024
91198,0.8727912804390658
91200,0.6881914086097776
91201,0.9892469850495879
91204,0.9632529985486712
91207,0.9442450831648027
91210,0.0
91215,0.9810728191033001
91216,0.9817628251682416
91220,0.0
91223,0.6193357097180511
91225,0.9744449244897108
91226,0.8565852709018574
91228,0.9791005523840047
91232,0.8811272722176525
91235,0.9840431165451461
91240,0.371569342396746
91243,0.9245659520332382
91244,0.9385507602763946
91247,0.6677788886623269
91248,0.4744161068328478
91249,0.8710025883056332
91272,0.9979168407184242
91273,0.5953466912464317
91274,0.9491726784992419
91275,0.9670051731726798
91284,0.6628874029335748
91286,0.9800475595339491
91290,0.0
91292,0.9436603268403975
91293,0.9888003752596594
91294,0.5186281807369683
91300,0.0
91310,0.0
91312,0.9945967172845914
91315,0.9218763645025141
91318,0.9055621242637603
91319,0.9578864441446276
91326,0.9990764850652847
91330,0.9245670241875269
91332,0.9615051090277231
91333,0.9665468300594301
91338,0.9151503640940278
91339,0.9724737470170618
91340,0.9748984056196208
91345,0.9863999758319019
91347,0.9772715517836281
91359,0.5904134074318063
91363,0.9684615636743699
91374,0.48112815603851405
91376,0.9578888372287282
91377,0.9904042091895803
91378,0.9100683539033239
91386,0.9428875764478343
91390,0.5256707866709821
91393,0.52224093068568
91399,0.43704619918763904
91400,0.0
91405,0.5903800729057455
91408,0.7651719967941683
91411,0.9352366171822571
91412,0.9174930685759932
91414,0.5002504891249289
91420,0.0
91421,0.9829622709399723
91425,0.9759832647934417
91432,0.9909822103519981
91433,0.6730419549372499
91434,0.9814485080782364
91435,0.9615464033754997
91441,0.8798535513883883
91457,0.954724603301065
91458,0.9790290950901085
91461,0.9601081669197481
91463,0.5979114557258833
91468,0.9566588941854284
91469,0.5033703589799733
91471,0.9977643233096216
91473,0.8319146333232129
91477,0.9895628679820192
91479,1.0
91480,0.0
91482,0.8874878451271185
91494,0.9771539010221855
91495,0.49467697648878217
91507,0.6011807119369984
91508,0.5322855277388824
91511,0.4624300897519305
91514,0.9782715206540921
91519,0.5166393514450083
91521,0.9980391473390963
91525,0.7029365190965747
91526,0.5596555797572965
91533,0.44290825947878004
91534,0.9882396347015575
91538,0.9980959126412824
91540,0.8374222490291517
91544,0.4638088757356844
91546,0.7370549033505092
91547,0.47886243245384713
91549,0.9844284537181032
91552,0.9637360032848888
91553,0.9728497830197014
91556,0.5958471504571912
91560,0.9742918564133851
91568,0.8633054999976703
91570,0.9813530870767477
91573,0.9708603135213193
91577,0.9975412744553059
91578,0.8701939020342809
91579,0.9398003815456935
91581,0.9325593702438036
91587,0.9884929157875647
91589,0.9855087030219448
91593,0.7467256581439742
91599,0.9838908852809147
91600,0.9828891819801604
91602,0.8397889267316958
91613,0.5003659627059618
91617,0.9748205648047547
91619,0.9283583990790532
91620,0.0
91629,0.4402407533741497
91630,0.7631040395484334
91631,0.9820846279215093
91634,0.8675185561969588
91635,0.9904684554673726
91639,0.754710456562859
91645,0.9915047416431659
91648,0.9729517400677459
91649,0.955804189940943
91654,0.9906796141770902
91657,0.9901794909807704
91659,0.9806257396030189
91661,0.9982581332357432
91662,0.7585269255001214
91665,0.985033370153126
91666,0.9757300938801818
91667,0.979131844161237
91671,0.8300985713316095
91679,0.9813689884330818
91685,0.9861425414274078
91687,0.985189082245412
91689,0.9948097036900335
91691,0.9876810831443683
91692,0.9980758225449826
91700,0.0
91800,0.0
91940,0.0
92000,0.0
92002,0.99446898783298
92004,1.0
92007,0.9969665192231896
92009,0.995619765315897
92012,0.9959731659400589
92014,0.9962869323752123
92019,0.9928928484507007
92020,0.9970187889117933
92022,0.9994115971576891
92023,0.9957047483946652
92024,1.0
92025,0.9900051257383264
92026,0.997049983573499
92032,0.9961807836696388
92033,0.9898090280917347
92035,0.9997347525490171
92036,0.9923193515170639
92040,0.9967309507491802
92044,1.0
92046,0.9972604985897906
92047,0.9893489650628069
92048,0.999597491853749
92049,0.9973871786089371
92050,0.9928735580613681
92051,1.0
92060,0.9945944620308679
92062,1.0
92063,0.9906147991789407
92064,0.9939440216058099
92071,0.9951251367286105
92072,0.999415031426507
92073,0.9961185126506271
92075,0.9971543564495567
92076,0.9890730402803635
92077,0.9910047118212921
92078,0.9944087092332633
92100,0.0
92120,0.0
92210,0.0
92220,0.0
92230,0.0
92250,0.0
92290,0.0
92320,0.0
92390,0.0
92500,0.0
93000,0.0
93001,0.9955642291822533
93005,0.9878483544074385
93006,0.9937436487562475
93007,0.9884257137932394
93008,0.9900110149573296
93010,0.9879900945669071
93013,0.9890009586361272
93014,0.9993281429110051
93015,0.9990910878230219
93027,0.9924751120154369
93029,0.9906192745595306
93030,0.9909032008610384
93031,0.9895457631035337
93032,0.9904690144528046
93033,0.9874526394164217
93039,0.9943220780141393
93045,0.9941926240584289
93046,0.999312085950684
93047,0.9894737940596352
93048,0.9930062808349096
93049,0.9940425265666621
93050,0.9905426290556946
93051,0.987810325664862
93053,0.9900753737904318
93055,0.9953050003748122
93057,0.9991142238146133
93059,0.9906565138693578
93061,0.9952736809017434
93062,0.9993168165720218
93063,0.9926392096841142
93064,0.9991467457703771
93066,0.994218720751957
93070,0.9970052619630606
93071,0.9988304902449394
93072,0.9908189824268494
93073,0.9760142589360186
93074,0.9860368766343031
93077,0.9989997774965166
93078,0.9807999763297981
93079,0.9911913469803387
93100,0.0
93110,0.0
93140,0.0
93190,0.0
93270,0.0
93300,0.0
93380,0.0
93420,0.0
93600,0.0
94000,0.0
94001,0.9949290824236818
94002,0.9946819869269959
94003,0.9970268043324588
94004,0.9983159906580754
94011,0.9995519813524685
94015,0.9877086425216024
94016,0.9958957279052565
94017,0.987791144333293
94018,0.9965699622436741
94019,0.9894313534000468
94021,0.996920165828177
94022,0.9949201424053188
94028,0.9961656437625549
94033,0.9944544948951535
94034,0.9955018604400794
94037,0.9971017660302722
94038,0.9954495751529889
94041,1.0
94042,0.9894263971523635
94043,0.9968808537162547
94044,0.9990247524705412
94046,0.9936815619532895
94047,0.9853505823425361
94048,0.9828717711409355
94052,0.9991314057464016
94053,0.9897198836635038
94054,0.9965471996978033
94055,0.987813464203502
94056,0.9852783173514584
94058,0.9990997953346872
94059,0.9864279792139409
94060,0.9860027725532973
94065,0.9971407838876227
94067,0.9969976284463423
94068,0.9907618343042952
94069,0.9949759672767509
94070,0.9816532405970951
94071,0.9986000847936823
94073,0.9970159940179893
94074,0.999323506472571
94075,0.9841230406484053
94076,0.9962625910946391
94077,0.996627834588008
94078,0.9913357654388185
94079,0.9887553050898575
94080,0.9947271860564152
94081,0.9953443412484895
94150,0.0
94200,0.0
94370,0.0
94400,0.0
94435,0.0
94500,0.0
94600,0.0
95000,0.0
95002,0.983567026018447
95008,0.7597990174984598
95011,0.6332600698334541
95012,0.7418356676339991
95014,0.9868733448752453
95018,0.9874060702190695
95019,0.9887862579838963
95023,0.829324060860885
95024,0.7388607701674037
95026,0.9271624682213913
95028,0.9571459133080846
95039,0.8988126564292971
95040,0.8399774977973821
95042,0.9585804192491764
95046,0.7450160272105621
95051,0.9746745565351062
95052,0.9166545420867469
95054,0.6796749045442123
95055,0.9590160394235488
95056,0.9433983593266891
95058,0.855445842338437
95059,0.7107569300006281
95060,0.957273618610878
95061,0.9453244715929592
95063,0.9912240885929959
95074,0.9948599991734467
95078,0.9870180275175109
95088,0.9905385530141736
95091,0.9735365033880581
95094,0.9849994160592807
95101,0.7605983984001685
95102,0.9719906143174287
95110,0.9672349002666495
95116,0.9070799640697532
95119,0.3961492418150836
95120,0.9032898873789647
95127,0.994782597120162
95134,0.8843567402440837
95139,0.4150232994331036
95141,0.7581887115488852
95142,0.9501165502501769
95144,0.9617947657948475
95149,0.9518779726122057
95150,0.6620663843827328
95151,0.9565178877820082
95154,0.9554624640628101
95157,0.766842194328339
95166,0.7308089406927383
95169,0.8157574265316379
95170,0.8892447972411114
95176,0.9853345030778766
95177,0.9800826541697593
95181,0.9881505192861221
95183,0.9932705770227995
95190,0.0
95197,0.9894773655677195
95199,0.9810654178341907
95203,0.9851833328091841
95205,0.9839943925522475
95210,0.9875911959453678
95211,0.9334756117863816
95212,0.961336380850669
95213,0.981475626271547
95214,0.9529946410709315
95218,0.9465783564019197
95219,0.9830374158535624
95220,0.0
95229,0.9777650289787004
95241,0.9601681193220343
95250,0.9475976008300661
95252,0.9829965131681263
95253,0.848770829669544
95254,0.9747909347038369
95256,0.9298436437118542
95257,0.9811104150201493
95258,0.8350390251719976
95268,0.9909851403234994
95270,0.7183184576327369
95271,0.9869276623690241
95277,0.9864039162181958
95280,0.9828901110174563
95282,0.9808039362000038
95287,0.9786825141571068
95288,0.9904407869863446
95295,0.7679191177261843
95298,0.81222675001046
95301,0.7773224645982229
95303,0.9688371603398026
95304,0.8249260231484666
95306,0.9708558740253647
95308,0.8908752682933699
95309,0.6793868357722325
95313,0.9039092705234623
95316,0.958298329193927
95323,0.9965439936917573
95328,0.8855589915482736
95330,0.0
95331,0.9546811669068035
95341,0.9064715064593724
95348,0.876847329818562
95351,0.9972652562066192
95352,0.95354448946917
95353,0.9359692149129664
95355,0.6229732572814826
95365,0.9634557053750743
95369,0.9867138568999486
95370,0.9733755627993259
95371,0.9591141444128061
95379,0.7306477575619307
95387,0.8652411394966284
95388,0.9944756475137915
95392,0.9013723009995096
95394,0.9190555403573374
95395,0.9628597228981781
95400,0.0
95409,0.9778240442627366
95410,0.0
95422,0.9829337649330593
95424,0.9790113991988783
95426,0.9823661933746712
95427,0.9907259114476757
95428,0.9877165664177064
95429,0.5421051685803897
95430,0.9511523028323011
95436,0.9117447386927818
95438,0.9744991020634987
95445,0.9278134056494083
95446,0.8968688264589205
95447,0.9401773861277227
95450,0.9535416978966177
95452,0.9172146479300646
95456,0.9194292742264291
95459,0.6564943502012532
95462,0.6522721870347319
95476,0.929156078390734
95480,0.9012754616981867
95483,0.9799085954965691
95487,0.8780153125864673
95488,0.9654289161219618
95489,0.989438889949408
95491,0.9756359433276993
95492,0.9805213416192539
95493,0.9563866425052165
95500,0.9422076409810727
95504,0.9281207651670206
95509,0.968484760885776
95510,0.9901696891765133
95523,0.7564004498137716
95527,0.9866779500801846
95529,0.7916659537783298
95535,0.990295240411112
95539,0.9950013227843273
95541,0.44659751633495326
95543,0.7304878724958297
95554,0.5320187057117355
95555,0.9865329333442459
95563,0.9746490363302512
95566,0.9447281303707421
95572,0.9378136638614893
95574,0.9775965404858517
95580,0.9721633316835478
95582,0.9843713693266326
95584,0.9692596272346041
95585,0.9908268314286509
95592,0.8591525473943156
95594,0.9417866754116521
95598,0.9870916303479873
95604,0.9365443610074347
95607,0.9719156798911497
95610,0.8590545032041857
95611,0.9776589627976734
95612,0.984619520512796
95625,0.9795791679029903
95627,0.8730168388024535
95628,0.8981953940104132
95633,0.9851443448816598
95637,0.9951192724766923
95641,0.9585941228831311
95651,0.7234352517788959
95652,0.9408412709785984
95656,0.7216223816080624
95658,0.9860636695653227
95660,0.9460235114399396
95675,0.957823076203957
95676,0.7111761737246854
95678,0.9118428035673447
95680,0.9912545822679056
95682,0.9493476699166149
95690,0.7792671390194486
95870,0.0
95871,0.0
95956,0.0
97101,0.0
97102,0.0
97103,0.0
97104,0.0
97105,0.0
97106,0.0
97107,0.0
97108,0.0
97109,0.0
97110,0.0
97111,0.0
97112,0.0
97113,0.0
97114,0.0
97115,0.0
97116,0.0
97117,0.0
97118,0.0
97119,0.0
97120,0.0
97121,0.0
97122,0.0
97124,0.0
97125,0.0
97126,0.0
97127,0.0
97128,0.0
97129,0.0
97130,0.0
97131,0.0
97132,0.0
97133,0.0
97134,0.0
97141,0.0
97160,0.0
97201,0.0
97202,0.0
97203,0.0
97204,0.0
97205,0.0
97206,0.0
97207,0.0
97208,0.0
97209,0.0
97210,0.0
97211,0.0
97212,0.0
97213,0.0
97214,0.0
97215,0.0
97216,0.0
97217,0.0
97218,0.0
97219,0.0
97220,0.0
97221,0.0
97222,0.0
97223,0.0
97224,0.0
97225,0.0
97226,0.0
97227,0.0
97228,0.0
97229,0.0
97230,0.0
97231,0.0
97232,0.0
97233,0.0
97234,0.0
97301,0.0
97302,0.0
97303,0.0
97304,0.0
97305,0.0
97306,0.0
97307,0.0
97308,0.0
97309,0.0
97310,0.0
97311,0.0
97312,0.0
97313,0.0
97314,0.0
97352,0.0
97353,0.0
97356,0.0
97357,0.0
97358,0.0
97360,0.0
97361,0.0
97362,0.0
97400,0.0
97401,0.0
97402,0.0
97403,0.0
97404,0.0
97405,0.0
97406,0.0
97407,0.0
97408,0.0
97409,0.0
97410,0.0
97411,0.0
97412,0.0
97413,0.0
97414,0.0
97415,0.0
97416,0.0
97417,0.0
97418,0.0
97419,0.0
97420,0.0
97421,0.0
97422,0.0
97423,0.0
97424,0.0
97601,0.0
97602,0.0
97603,0.0
97604,0.0
97605,0.0
97606,0.0
97607,0.0
97608,0.0
97609,0.0
97610,0.0
97611,0.0
97612,0.0
97613,0.0
97614,0.0
97615,0.0
97616,0.0
97617,0.0
99999,0.0
14616,
46331,
50160,
